,CAGR01 Calcite,F1CC06B Magnesite,HS433 Halite,LAZE03 Prehnite,bkr1jb329c Siliceous-sinter,GDS26 Epidote,GDS1 Analcime,NBPP22 Clinopyroxene,LAPP47B Orthopyroxene,LAPO05 Fayalite,LASC02 Forsterite,GDS27 Hematite,NCLS04 Plagioclase,LACL14 Chlorite,LAKA04 Kaolinite,LAIL02 Illite,GDS106 Margarite,c1cy29 Vermiculite,LALZ01 Serpentine,LAMO02 Montmorillonite,NCJB26 Nontronite,LASA58 Saponite,GDS23 Talc,F1CC08B Alunite,GDS145 Bassanite,LASF41A Gypsum,LASF21A Jarosite,F1CC15 Kieserite,799F366 Mg-sulphate
Filepath,../data/spectral_library/MICA_new_dirtree/carbonates/calcites/calcite/CAGR01.csv,../data/spectral_library/MICA_new_dirtree/carbonates/calcites/magnesite/F1CC06B.csv,../data/spectral_library/MICA_new_dirtree/halides/chlorides/halite/HS433.csv,../data/spectral_library/MICA_new_dirtree/inosilicates/prehnites/prehnite/LAZE03.csv,../data/spectral_library/MICA_new_dirtree/mineraloids/hydrated-silicas/siliceous-sinter/bkr1jb329c.csv,../data/spectral_library/MICA_new_dirtree/sorosilicates/epidotes/epidote/GDS26.csv,../data/spectral_library/MICA_new_dirtree/tectosilicates/zeolites/analcime/GDS1.csv,../data/spectral_library/MICA_new_dirtree/inosilicates/pyroxenes/clinopyroxene/NBPP22.csv,../data/spectral_library/MICA_new_dirtree/inosilicates/pyroxenes/orthopyroxene/LAPP47B.csv,../data/spectral_library/MICA_new_dirtree/nesosilicates/olivines/fayalite/LAPO05.csv,../data/spectral_library/MICA_new_dirtree/nesosilicates/olivines/forsterite/LASC02.csv,../data/spectral_library/MICA_new_dirtree/oxides/hematites/hematite/GDS27.csv,../data/spectral_library/MICA_new_dirtree/tectosilicates/feldspars/plagioclase/NCLS04.csv,../data/spectral_library/MICA_new_dirtree/phyllosilicates/chlorites/chlorite/LACL14.csv,../data/spectral_library/MICA_new_dirtree/phyllosilicates/kaolinites/kaolinite/LAKA04.csv,../data/spectral_library/MICA_new_dirtree/phyllosilicates/micas/illite/LAIL02.csv,../data/spectral_library/MICA_new_dirtree/phyllosilicates/micas/margarite/GDS106.csv,../data/spectral_library/MICA_new_dirtree/phyllosilicates/micas/vermiculite/c1cy29.csv,../data/spectral_library/MICA_new_dirtree/phyllosilicates/serpentines/serpentine/LALZ01.csv,../data/spectral_library/MICA_new_dirtree/phyllosilicates/smectites/montmorillonite/LAMO02.csv,../data/spectral_library/MICA_new_dirtree/phyllosilicates/smectites/nontronite/NCJB26.csv,../data/spectral_library/MICA_new_dirtree/phyllosilicates/smectites/saponite/LASA58.csv,../data/spectral_library/MICA_new_dirtree/phyllosilicates/talcs/talc/GDS23.csv,../data/spectral_library/MICA_new_dirtree/sulphates/hydrous_sulphates/alunite/F1CC08B.csv,../data/spectral_library/MICA_new_dirtree/sulphates/hydrous_sulphates/bassanite/GDS145.csv,../data/spectral_library/MICA_new_dirtree/sulphates/hydrous_sulphates/gypsum/LASF41A.csv,../data/spectral_library/MICA_new_dirtree/sulphates/hydrous_sulphates/jarosite/LASF21A.csv,../data/spectral_library/MICA_new_dirtree/sulphates/hydrous_sulphates/kieserite/F1CC15.csv,../data/spectral_library/MICA_new_dirtree/sulphates/hydrous_sulphates/mg-sulphate/799F366.csv
Category,carbonates,carbonates,hydrated silicates & halides,hydrated silicates & halides,hydrated silicates & halides,hydrated silicates & halides,hydrated silicates & halides,iron oxides & primary silicates,iron oxides & primary silicates,iron oxides & primary silicates,iron oxides & primary silicates,iron oxides & primary silicates,iron oxides & primary silicates,phyllosilicates,phyllosilicates,phyllosilicates,phyllosilicates,phyllosilicates,phyllosilicates,phyllosilicates,phyllosilicates,phyllosilicates,phyllosilicates,sulfates,sulfates,sulfates,sulfates,sulfates,sulfates
Sample ID,CAGR01,F1CC06B,HS433,LAZE03,bkr1jb329c,GDS26,GDS1,NBPP22,LAPP47B,LAPO05,LASC02,GDS27,NCLS04,LACL14,LAKA04,LAIL02,GDS106,CY-PLH-029,LALZ01,LAMO02,NCJB26,LASA58,GDS23,F1CC08B,GDS145,LASF41A,LASF21A,F1CC15,799F366
Species,calcite,magnesite,halite,prehnite,siliceous-sinter,epidote,analcime,clinopyroxene,orthopyroxene,fayalite,forsterite,hematite,plagioclase,chlorite,kaolinite,illite,margarite,vermiculite,serpentine,montmorillonite,nontronite,saponite,talc,alunite,bassanite,gypsum,jarosite,kieserite,mg-sulphate
Subgroup,calcites,calcites,chlorides,prehnites,hydrated-silicas,epidotes,zeolites,pyroxenes,pyroxenes,olivines,olivines,hematites,feldspars,chlorites,kaolinites,micas,micas,micas,serpentines,smectites,smectites,smectites,talcs,hydrous_sulphates,hydrous_sulphates,hydrous_sulphates,hydrous_sulphates,hydrous_sulphates,hydrous_sulphates
Group,carbonates,carbonates,halides,inosilicates,mineraloids,sorosilicates,tectosilicates,inosilicates,inosilicates,nesosilicates,nesosilicates,oxides,tectosilicates,phyllosilicates,phyllosilicates,phyllosilicates,phyllosilicates,phyllosilicates,phyllosilicates,phyllosilicates,phyllosilicates,phyllosilicates,phyllosilicates,sulphates,sulphates,sulphates,sulphates,sulphates,sulphates
Library,MICA_new_dirtree,MICA_new_dirtree,MICA_new_dirtree,MICA_new_dirtree,MICA_new_dirtree,MICA_new_dirtree,MICA_new_dirtree,MICA_new_dirtree,MICA_new_dirtree,MICA_new_dirtree,MICA_new_dirtree,MICA_new_dirtree,MICA_new_dirtree,MICA_new_dirtree,MICA_new_dirtree,MICA_new_dirtree,MICA_new_dirtree,MICA_new_dirtree,MICA_new_dirtree,MICA_new_dirtree,MICA_new_dirtree,MICA_new_dirtree,MICA_new_dirtree,MICA_new_dirtree,MICA_new_dirtree,MICA_new_dirtree,MICA_new_dirtree,MICA_new_dirtree,MICA_new_dirtree
Sample Description,,,,,,,,,,,,,,,,,,"LLANO,TX",,,,,,,,,,,
Date Added,,,,,,,,,,,,,,,,,,19-Jul-90,,,,,,,,,,,
Viewing Geometry,,,,,,,,,,,,,,,,,,"i=30, e=0",,,,,,,,,,,
Other Information,,,,,,,,,,,,,,,,,,,,,,,,,,,,,
Composition,,,,,,,,,,,,,,,,,,,,,,,,,,,,,
Resolution,,,,,,,,,,,,,,,,,,,,,,,,,,,,,
Grain Size,,,,,,,,,,,,,,,,,,0 - 500 µm,,,,,,,,,,,
Locality,,,,,,,,,,,,,,,,,,,,,,,,,,,,,
Database of Origin,MICA Files (USGS/RELAB),MICA Files (USGS/RELAB),MICA Files (USGS/RELAB),MICA Files (USGS/RELAB),MICA Files (USGS/RELAB),MICA Files (USGS/RELAB),MICA Files (USGS/RELAB),MICA Files (USGS/RELAB),MICA Files (USGS/RELAB),MICA Files (USGS/RELAB),MICA Files (USGS/RELAB),MICA Files (USGS/RELAB),MICA Files (USGS/RELAB),MICA Files (USGS/RELAB),MICA Files (USGS/RELAB),MICA Files (USGS/RELAB),MICA Files (USGS/RELAB),RELAB,MICA Files (USGS/RELAB),MICA Files (USGS/RELAB),MICA Files (USGS/RELAB),MICA Files (USGS/RELAB),MICA Files (USGS/RELAB),MICA Files (USGS/RELAB),MICA Files (USGS/RELAB),MICA Files (USGS/RELAB),MICA Files (USGS/RELAB),MICA Files (USGS/RELAB),MICA Files (USGS/RELAB)
Reflectance,---,---,---,---,---,---,---,---,---,---,---,---,---,---,---,---,---,---,---,---,---,---,---,---,---,---,---,---,---
800.0,0.8839190006256104,0.904941976070404,0.8894910216331482,0.7336829900741577,0.5642799735069275,0.2432876080274582,0.9078783988952637,0.2284809947013855,0.29243698716163635,0.25968998670578003,0.420704,0.26329880952835083,0.33002999424934387,0.2825550138950348,0.935575008392334,0.43122199177742004,0.42338457703590393,0.73747,0.40890800952911377,0.5797669887542725,0.41737401485443115,0.913178027,0.5582350492477417,0.8674319982528687,0.9262538552284241,0.9498800039291382,0.5171679854393005,0.8515840172767639,0.9560890197753906
801.0,0.8837594032287598,0.9052013754844666,0.8896930098533631,0.7336747884750366,0.5643859744071961,0.24368677735328675,0.9075573325157166,0.22900919616222382,0.2883659899234772,0.2592301905155182,0.41907540000000004,0.26237055063247683,0.33018019795417786,0.28273881077766416,0.9348104119300842,0.43150859475135805,0.42328635454177854,0.73768,0.40884820818901063,0.5794831871986389,0.41715081334114074,0.913631821,0.5579913973808288,0.8676542043685913,0.9262665748596192,0.949122405052185,0.5154561877250672,0.851922619342804,0.9557340145111084
802.0,0.8835998058319092,0.905460774898529,0.8898949980735779,0.7336665868759156,0.5644919753074646,0.2440859466791153,0.9072362661361695,0.22953739762306213,0.284294992685318,0.25877039432525634,0.4174468,0.26144229173660277,0.33033040165901184,0.2829226076602936,0.9340458154678345,0.431795197725296,0.4231881320476532,0.7378899999999999,0.4087884068489075,0.5791993856430053,0.4169276118278503,0.914085615,0.557747745513916,0.867876410484314,0.9262792944908143,0.9483648061752319,0.5137443900108337,0.852261221408844,0.9553790092468262
803.0,0.8834402084350585,0.9057201743125916,0.8900969862937927,0.7336583852767944,0.5645979762077331,0.24448511600494385,0.9069151997566223,0.23006559908390045,0.2802239954471588,0.2583105981349945,0.4158182,0.26051403284072877,0.3304806053638458,0.28310640454292296,0.9332812190055847,0.432081800699234,0.4230899095535278,0.7381,0.4087286055088043,0.5789155840873719,0.41670441031455996,0.914539409,0.5575040936470032,0.8680986166000366,0.9262920141220092,0.9476072072982789,0.5120325922966004,0.852599823474884,0.955024003982544
804.0,0.883280611038208,0.905979573726654,0.8902989745140075,0.7336501836776733,0.5647039771080017,0.2448842853307724,0.9065941333770752,0.23059380054473877,0.27615299820899963,0.25785080194473264,0.4141896,0.2595857739448547,0.3306308090686798,0.2832902014255524,0.932516622543335,0.432368403673172,0.4229916870594025,0.7383099999999999,0.40866880416870116,0.5786317825317383,0.41648120880126954,0.914993203,0.5572604417800904,0.8683208227157593,0.9263047337532043,0.9468496084213257,0.5103207945823669,0.852938425540924,0.9546689987182617
805.0,0.8831210136413574,0.9062389731407166,0.8905009627342224,0.7336419820785522,0.5648099780082703,0.24528345465660095,0.9062730669975281,0.2311220020055771,0.27208200097084045,0.2573910057544708,0.412561,0.2586575150489807,0.3307810127735138,0.28347399830818176,0.9317520260810852,0.43265500664711,0.4228934645652771,0.73852,0.408609002828598,0.5783479809761047,0.4162580072879791,0.915446997,0.5570167899131775,0.8685430288314819,0.9263174533843994,0.9460920095443726,0.5086089968681335,0.8532770276069641,0.9543139934539795
806.0,0.8832870125770569,0.9060531735420227,0.8912668824195862,0.7336301803588867,0.5650759816169739,0.24575498104095458,0.9056916117668152,0.23154400289058685,0.2687336027622223,0.25712340474128725,0.4111334,0.2577128052711487,0.33081480860710144,0.28356760144233706,0.9320982217788696,0.4329292058944702,0.4228878617286682,0.738922,0.4087026000022888,0.5781989812850952,0.4156602084636688,0.9149217966,0.5569735884666442,0.8687280178070068,0.9262725234031677,0.946397602558136,0.5064495980739594,0.8528618216514587,0.9543733954429626
807.0,0.8834530115127563,0.9058673739433288,0.89203280210495,0.7336183786392212,0.5653419852256775,0.24622650742530822,0.9051101565361023,0.23196600377559662,0.26538520455360415,0.2568558037281036,0.4097058,0.25676809549331664,0.3308486044406891,0.2836612045764923,0.9324444174766541,0.4332034051418304,0.4228822588920593,0.739324,0.4087961971759796,0.5780499815940857,0.41506240963935853,0.9143965962,0.5569303870201111,0.8689130067825317,0.9262275934219361,0.9467031955718994,0.5042901992797851,0.8524466156959534,0.9544327974319458
808.0,0.8836190104484558,0.905681574344635,0.8927987217903137,0.7336065769195557,0.5656079888343811,0.24669803380966188,0.9045287013053894,0.23238800466060638,0.26203680634498594,0.25658820271492006,0.4082782,0.25582338571548463,0.33088240027427673,0.2837548077106476,0.9327906131744385,0.4334776043891907,0.42287665605545044,0.739726,0.40888979434967043,0.5779009819030761,0.4144646108150482,0.9138713958,0.5568871855735779,0.8690979957580567,0.9261826634407043,0.9470087885856628,0.502130800485611,0.852031409740448,0.954492199420929
809.0,0.8837850093841553,0.9054957747459411,0.8935646414756775,0.7335947751998901,0.5658739924430847,0.2471695601940155,0.9039472460746765,0.23281000554561615,0.2586884081363678,0.25632060170173643,0.4068506,0.25487867593765257,0.3309161961078644,0.28384841084480283,0.933136808872223,0.4337518036365509,0.42287105321884155,0.740128,0.4089833915233612,0.5777519822120667,0.41386681199073794,0.9133461954000001,0.5568439841270447,0.8692829847335816,0.9261377334594727,0.9473143815994263,0.4999714016914368,0.8516162037849426,0.9545516014099121
810.0,0.8839510083198547,0.9053099751472473,0.8943305611610413,0.7335829734802246,0.5661399960517883,0.24764108657836914,0.9033657908439636,0.23323200643062592,0.25534000992774963,0.25605300068855286,0.405423,0.25393396615982056,0.330949991941452,0.28394201397895813,0.9334830045700073,0.43402600288391113,0.42286545038223267,0.74053,0.409076988697052,0.5776029825210571,0.4132690131664276,0.912820995,0.5568007826805115,0.8694679737091064,0.926092803478241,0.9476199746131897,0.4978120028972626,0.8512009978294373,0.9546110033988953
811.0,0.8839270114898682,0.9055703759193421,0.8944425106048584,0.7335919737815857,0.5660820006414307,0.24806441068649293,0.9048209309577941,0.23362960517406464,0.25212840735912323,0.2557200014591217,0.4042398,0.2531565189361572,0.33091419339179995,0.2839312136173248,0.9331701993942261,0.433965003490448,0.42266014218330383,0.74048,0.40891399383544924,0.5775747895240784,0.4131050109863281,0.913017595,0.5567070007324219,0.8699509739875794,0.9260938286781311,0.9476103782653809,0.4963756024837494,0.851500403881073,0.9545433998107911
812.0,0.8839030146598816,0.9058307766914367,0.8945544600486756,0.7336009740829468,0.566024005231073,0.2484877347946167,0.9062760710716248,0.23402720391750337,0.24891680479049683,0.2553870022296906,0.4030566,0.2523790717124939,0.3308783948421478,0.2839204132556915,0.9328573942184448,0.4339040040969849,0.422454833984375,0.74043,0.4087509989738464,0.5775465965270996,0.41294100880622864,0.913214195,0.5566132187843322,0.8704339742660523,0.9260948538780213,0.947600781917572,0.49493920207023623,0.8517998099327088,0.9544757962226867
813.0,0.883879017829895,0.9060911774635315,0.8946664094924927,0.7336099743843079,0.5659660098207153,0.24891105890274048,0.9077312111854553,0.23442480266094207,0.24570520222187042,0.2550540030002594,0.4018734,0.25160162448883056,0.33084259629249574,0.28390961289405825,0.9325445890426636,0.4338430047035217,0.42224952578544617,0.74038,0.40858800411224366,0.5775184035301208,0.41277700662612915,0.913410795,0.5565194368362427,0.8709169745445251,0.9260958790779114,0.9475911855697632,0.493502801656723,0.8520992159843445,0.9544081926345825
814.0,0.8838550209999084,0.9063515782356262,0.8947783589363099,0.733618974685669,0.5659080144103577,0.24933438301086425,0.9091863512992859,0.2348224014043808,0.24249359965324402,0.25472100377082824,0.4006902,0.25082417726516726,0.3308067977428436,0.28389881253242494,0.9322317838668823,0.4337820053100586,0.42204421758651733,0.74033,0.40842500925064085,0.5774902105331421,0.41261300444602966,0.913607395,0.5564256548881531,0.871399974822998,0.9260969042778016,0.9475815892219543,0.49206640124320983,0.8523986220359803,0.9543405890464782
815.0,0.8838310241699219,0.906611979007721,0.894890308380127,0.73362797498703,0.565850019,0.24975770711898804,0.9106414914131165,0.23522000014781952,0.23928199708461761,0.2543880045413971,0.399507,0.2500467300415039,0.33077099919319153,0.2838880121707916,0.9319189786911011,0.43372100591659546,0.4218389093875885,0.74028,0.4082620143890381,0.5774620175361633,0.4124490022659302,0.913803995,0.5563318729400635,0.871882975101471,0.9260979294776917,0.9475719928741455,0.49063000082969666,0.852698028087616,0.954272985458374
816.0,0.8838852167129516,0.9064863801002503,0.8948414921760559,0.7335291743278504,0.5659240122970154,0.25014381408691405,0.9101139187812806,0.23562619984149932,0.23637579679489135,0.25409120321273804,0.3983294,0.24920424222946166,0.33082919716835024,0.2840902090072632,0.9322967886924743,0.4342926025390625,0.4218150913715363,0.740592,0.4083370089530945,0.5778032183647156,0.41214160323143006,0.9139675978,0.5560825943946839,0.8716497778892517,0.926460576057434,0.9476763963699341,0.48882260322570803,0.8527872204780579,0.954315185546875
817.0,0.8839394092559815,0.9063607811927795,0.8947926759719849,0.7334303736686707,0.5659980055940308,0.25052992105484007,0.9095863461494446,0.23603239953517913,0.2334695965051651,0.253794401884079,0.3971518,0.24836175441741942,0.3308873951435089,0.2842924058437347,0.9326745986938476,0.4348641991615295,0.421791273355484,0.740904,0.4084120035171509,0.5781444191932679,0.41183420419692995,0.9141312006,0.5558333158493042,0.8714165806770324,0.9268232226371765,0.9477807998657226,0.48701520562171935,0.8528764128684998,0.954357385635376
818.0,0.8839936017990112,0.9062351822853089,0.8947438597679138,0.7333315730094909,0.5660719988910461,0.25091602802276614,0.9090587735176087,0.23643859922885896,0.23056339621543884,0.2534976005554199,0.3959742,0.2475192666053772,0.3309455931186676,0.2844946026802063,0.933052408695221,0.4354357957839966,0.4217674553394318,0.7412160000000001,0.40848699808120725,0.57848562002182,0.4115268051624298,0.9142948034,0.5555840373039246,0.8711833834648133,0.9271858692169189,0.9478852033615113,0.4852078080177307,0.8529656052589416,0.954399585723877
819.0,0.8840477943420411,0.9061095833778381,0.8946950435638428,0.7332327723503113,0.5661459921880615,0.25130213499069215,0.9085312008857727,0.23684479892253876,0.2276571959257126,0.25320079922676086,0.3947966,0.24667677879333497,0.33100379109382627,0.28469679951667787,0.9334302186965943,0.43600739240646363,0.4217436373233795,0.7415280000000001,0.40856199264526366,0.5788268208503723,0.4112194061279297,0.9144584062,0.5553347587585449,0.870950186252594,0.9275485157966614,0.9479896068572998,0.48340041041374204,0.8530547976493835,0.9544417858123779
820.0,0.8841019868850708,0.9059839844703674,0.8946462273597717,0.7331339716911316,0.5662199854850769,0.25168824195861816,0.9080036282539368,0.23725099861621857,0.22475099563598633,0.2529039978981018,0.393619,0.24583429098129272,0.331061989068985,0.2848989963531494,0.9338080286979675,0.43657898902893066,0.42171981930732727,0.74184,0.40863698720932007,0.5791680216789246,0.41091200709342957,0.914622009,0.5550854802131653,0.8707169890403748,0.9279111623764038,0.9480940103530884,0.4815930128097534,0.8531439900398254,0.9544839859008789
821.0,0.884211790561676,0.906011986732483,0.8947811961174011,0.7335091829299927,0.5663619875907898,0.2519725799560547,0.9079811692237854,0.23759979903697967,0.22188479602336883,0.2527209997177124,0.3926474,0.24499193727970123,0.3310779929161072,0.2847763955593109,0.9334584236145019,0.4368463933467865,0.42154169678688047,0.742108,0.4086453914642334,0.5788110136985779,0.4105124056339264,0.9145658018,0.5549719095230102,0.8710375905036927,0.9279228568077087,0.9481944084167481,0.47983481287956237,0.853271996974945,0.954439389705658
822.0,0.8843215942382813,0.9060399889945984,0.8949161648750306,0.7338843941688538,0.5665039896965027,0.2522569179534912,0.907958710193634,0.23794859945774077,0.21901859641075133,0.252538001537323,0.3916758,0.24414958357810973,0.33109399676322937,0.2846537947654724,0.9331088185310363,0.4371137976646423,0.4213635742664337,0.742376,0.40865379571914673,0.5784540057182312,0.4101128041744232,0.9145095946,0.5548583388328552,0.8713581919670105,0.9279345512390137,0.9482948064804078,0.4780766129493713,0.8534000039100647,0.954394793510437
823.0,0.8844313979148865,0.9060679912567139,0.8950511336326599,0.7342596054077148,0.5666459918022155,0.25254125595092775,0.9079362511634826,0.2382973998785019,0.21615239679813386,0.2523550033569336,0.3907042,0.24330722987651826,0.33111000061035156,0.2845311939716339,0.9327592134475708,0.4373812019824982,0.4211854517459869,0.742644,0.40866219997406006,0.5780969977378845,0.40971320271492007,0.9144533873999999,0.5547447681427002,0.8716787934303284,0.9279462456703186,0.9483952045440673,0.4763184130191803,0.8535280108451844,0.9543501973152161
824.0,0.8845412015914917,0.9060959935188293,0.8951861023902893,0.7346348166465759,0.5667879939079284,0.25282559394836424,0.9079137921333313,0.238646200299263,0.21328619718551636,0.2521720051765442,0.38973260000000004,0.24246487617492676,0.33112600445747375,0.28440859317779543,0.9324096083641052,0.437648606300354,0.4210073292255402,0.742912,0.4086706042289734,0.5777399897575378,0.4093136012554169,0.9143971801999999,0.5546311974525452,0.8719993948936462,0.9279579401016236,0.948495602607727,0.47456021308898927,0.853656017780304,0.9543056011199951
825.0,0.8846510052680969,0.9061239957809448,0.8953210711479187,0.735010027885437,0.5669299960136414,0.2531099319458008,0.9078913331031799,0.2389950007200241,0.21041999757289886,0.2519890069961548,0.388761,0.24162252247333527,0.33114200830459595,0.2842859923839569,0.9320600032806396,0.43791601061820984,0.4208292067050934,0.74318,0.4086790084838867,0.5773829817771912,0.4089139997959137,0.914340973,0.5545176267623901,0.8723199963569641,0.9279696345329285,0.9485960006713867,0.4728020131587982,0.8537840247154236,0.9542610049247742
826.0,0.8844336032867431,0.9063687920570374,0.8952530741691589,0.7350504279136658,0.5669340014457702,0.2533193528652191,0.9083391785621643,0.2391968011856079,0.20784779787063598,0.25165300369262694,0.3877128,0.24089645147323607,0.331193608045578,0.28423879146575926,0.9321869969367981,0.4384674072265625,0.42069721817970274,0.7428779999999999,0.408553409576416,0.5775423884391785,0.40840219855308535,0.9137883783999999,0.5545176267623901,0.8718595981597901,0.9277493834495545,0.9482066035270691,0.471366810798645,0.8537872195243835,0.9541490077972412
827.0,0.8842162013053894,0.9066135883331299,0.8951850771903992,0.7350908279418945,0.5669380068778992,0.25352877378463745,0.9087870240211486,0.2393986016511917,0.2052755981683731,0.2513170003890991,0.3866646,0.2401703804731369,0.3312452077865601,0.28419159054756166,0.9323139905929565,0.43901880383491515,0.42056522965431214,0.742576,0.4084278106689453,0.5777017951011658,0.40789039731025695,0.9132357837999999,0.5545176267623901,0.871399199962616,0.9275291323661804,0.9478172063827515,0.4699316084384918,0.8537904143333435,0.9540370106697083
828.0,0.8839987993240357,0.9068583846092224,0.8951170802116394,0.7351312279701233,0.566942012310028,0.2537381947040558,0.9092348694801331,0.23960040211677552,0.20270339846611024,0.2509809970855713,0.3856164,0.23944430947303771,0.3312968075275421,0.284144389629364,0.932440984249115,0.43957020044326783,0.4204332411289215,0.742274,0.40830221176147463,0.577861201763153,0.4073785960674286,0.9126831892,0.5545176267623901,0.8709388017654419,0.9273088812828064,0.9474278092384338,0.46849640607833865,0.8537936091423035,0.9539250135421753
829.0,0.8837813973426819,0.9071031808853149,0.8950490832328797,0.735171627998352,0.566946017742157,0.2539476156234741,0.9096827149391175,0.23980220258235932,0.20013119876384736,0.25064499378204347,0.3845682,0.23871823847293855,0.33134840726852416,0.2840971887111664,0.9325679779052735,0.44012159705162046,0.4203012526035309,0.7419720000000001,0.4081766128540039,0.5780206084251404,0.4068667948246002,0.9121305946,0.5545176267623901,0.8704784035682678,0.9270886301994323,0.9470384120941162,0.46706120371818544,0.8537968039512634,0.9538130164146423
830.0,0.8835639953613281,0.9073479771614075,0.8949810862541199,0.7352120280265808,0.5669500231742859,0.25415703654289246,0.9101305603981018,0.24000400304794312,0.19755899906158447,0.2503089904785156,0.38352,0.23799216747283936,0.3314000070095062,0.28404998779296875,0.9326949715614319,0.44067299365997314,0.42016926407814026,0.74167,0.4080510139465332,0.5781800150871277,0.40635499358177185,0.911578,0.5545176267623901,0.8700180053710938,0.9268683791160583,0.9466490149497986,0.4656260013580322,0.8537999987602234,0.9537010192871094
831.0,0.8840487957000732,0.9070933818817138,0.8944801688194275,0.7351500272750855,0.5670420169830322,0.2543561100959778,0.909574544429779,0.24045880138874054,0.19535939991474152,0.24995659291744232,0.382573,0.23737629354000092,0.331356406211853,0.2838399887084961,0.9321233749389648,0.4404987931251526,0.4203843116760254,0.742148,0.4079154133796692,0.5784480094909668,0.4060367941856384,0.9117601994,0.5545176267623901,0.870370602607727,0.9267910838127136,0.9470970153808593,0.4641216039657593,0.8537176012992859,0.95347101688385
832.0,0.8845335960388183,0.9068387866020202,0.8939792513847351,0.7350880265235901,0.5671340107917786,0.2545551836490631,0.9090185284614563,0.24091359972953796,0.19315980076789857,0.24960419535636902,0.381626,0.2367604196071625,0.33131280541419983,0.2836299896240234,0.9315517783164978,0.440324592590332,0.4205993592739105,0.742626,0.4077798128128052,0.5787160038948059,0.405718594789505,0.9119423987999999,0.5545176267623901,0.8707231998443603,0.9267137885093689,0.9475450158119202,0.4626172065734863,0.8536352038383483,0.9532410144805908
833.0,0.8850183963775635,0.9065841913223267,0.8934783339500427,0.7350260257720947,0.5672260046005249,0.25475425720214845,0.9084625124931336,0.2413683980703354,0.1909602016210556,0.24925179779529572,0.380679,0.23614454567432402,0.33126920461654663,0.2834199905395508,0.9309801816940307,0.4401503920555115,0.42081440687179567,0.7431040000000001,0.40764421224594116,0.578983998298645,0.4054003953933716,0.9121245982,0.5545176267623901,0.8710757970809937,0.9266364932060241,0.9479930162429809,0.4611128091812134,0.8535528063774109,0.9530110120773315
834.0,0.8855031967163086,0.9063295960426331,0.8929774165153503,0.7349640250205993,0.5673179984092712,0.25495333075523374,0.9079064965248108,0.2418231964111328,0.18876060247421264,0.2488994002342224,0.379732,0.2355286717414856,0.33122560381889343,0.28320999145507814,0.9304085850715638,0.4399761915206909,0.42102945446968076,0.7435820000000001,0.40750861167907715,0.5792519927024842,0.40508219599723816,0.9123067976,0.5545176267623901,0.871428394317627,0.9265591979026795,0.9484410166740418,0.4596084117889404,0.8534704089164734,0.9527810096740723
835.0,0.8859879970550537,0.9060750007629395,0.892476499080658,0.734902024269104,0.5674099922180176,0.2551524043083191,0.907350480556488,0.24227799475193024,0.1865610033273697,0.2485470026731491,0.378785,0.23491279780864716,0.33118200302124023,0.28299999237060547,0.9298369884490967,0.43980199098587036,0.4212445020675659,0.74406,0.40737301111221313,0.5795199871063232,0.40476399660110474,0.912488997,0.5545176267623901,0.8717809915542603,0.9264819025993347,0.9488890171051025,0.4581040143966675,0.8533880114555359,0.952551007270813
836.0,0.8854846000671387,0.9061409950256347,0.8925658345222474,0.7346756219863891,0.567385995388031,0.2552618503570557,0.9065150618553162,0.24251819550991058,0.18451040387153625,0.24830580353736878,0.3781362,0.23441532254219055,0.33125960230827334,0.2827117919921875,0.9310191869735718,0.44001439213752747,0.4208993136882782,0.7440840000000001,0.407273006439209,0.5790329933166504,0.4042423963546753,0.913031602,0.5545176267623901,0.871703588962555,0.9263437032699585,0.9487398147583008,0.45695561170578003,0.8532706141471863,0.9526124000549316
837.0,0.8849812030792237,0.9062069892883301,0.8926551699638366,0.7344492197036743,0.5673619985580445,0.25537129640579226,0.9056796431541443,0.24275839626789092,0.1824598044157028,0.24806460440158845,0.3774874,0.23391784727573395,0.3313372015953064,0.2824235916137695,0.9322013854980469,0.44022679328918457,0.4205541253089905,0.744108,0.40717300176620486,0.5785459995269775,0.40372079610824585,0.913574207,0.5545176267623901,0.8716261863708497,0.9262055039405823,0.948590612411499,0.4558072090148926,0.8531532168388367,0.9526737928390503
838.0,0.8844778060913085,0.9062729835510254,0.892744505405426,0.7342228174209595,0.5673380017280578,0.2554807424545288,0.9048442244529724,0.2429985970258713,0.1804092049598694,0.2478234052658081,0.3768386,0.23342037200927734,0.3314148008823395,0.2821353912353516,0.933383584022522,0.4404391944408417,0.42020893692970274,0.744132,0.40707299709320066,0.5780590057373047,0.4031991958618164,0.914116812,0.5545176267623901,0.8715487837791442,0.926067304611206,0.9484414100646973,0.4546588063240051,0.853035819530487,0.952735185623169
839.0,0.8839744091033935,0.9063389778137207,0.8928338408470153,0.7339964151382447,0.5673140048980713,0.25559018850326537,0.9040088057518005,0.24323879778385163,0.17835860550403596,0.24758220613002777,0.3761898,0.23292289674282074,0.33149240016937254,0.2818471908569336,0.9345657825469971,0.4406515955924988,0.41986374855041503,0.7441559999999999,0.4069729924201965,0.5775720119476319,0.40267759561538696,0.914659417,0.5545176267623901,0.8714713811874389,0.9259291052818298,0.9482922077178955,0.4535104036331177,0.8529184222221374,0.9527965784072876
840.0,0.8834710121154785,0.906404972076416,0.8929231762886047,0.7337700128555298,0.5672900080680847,0.25569963455200195,0.9031733870506287,0.24347899854183197,0.17630800604820251,0.24734100699424744,0.375541,0.23242542147636414,0.33156999945640564,0.2815589904785156,0.9357479810714722,0.4408639967441559,0.4195185601711273,0.74418,0.4068729877471924,0.577085018157959,0.4021559953689575,0.915202022,0.5545176267623901,0.8713939785957336,0.9257909059524536,0.9481430053710938,0.4523620009422302,0.8528010249137878,0.9528579711914062
841.0,0.8837284088134766,0.9063791751861572,0.8932748794555664,0.734017813205719,0.5672400116920471,0.2558884859085083,0.9032603621482849,0.24361039996147155,0.17452020347118377,0.2469926059246063,0.3746178,0.23227984309196473,0.33143479824066163,0.2813711941242218,0.9352313876152039,0.4409677982330322,0.41903992295265197,0.744178,0.4066541910171509,0.5772000193595886,0.4017991960048676,0.9151448134,0.5545176267623901,0.8714363813400269,0.9257056236267089,0.9482652068138122,0.45069699883461,0.8527470231056213,0.9525191783905029
842.0,0.8839858055114747,0.9063533782958985,0.893626582622528,0.7342656135559082,0.5671900153160095,0.25607733726501464,0.9033473372459412,0.24374180138111115,0.17273240089416503,0.24664420485496522,0.3736946,0.23213426470756532,0.3312995970249176,0.28118339776992796,0.9347147941589355,0.44107159972190857,0.4185612857341766,0.744176,0.4064353942871094,0.5773150205612183,0.4014423966407776,0.9150876048,0.5545176267623901,0.8714787840843201,0.9256203413009644,0.9483874082565308,0.44903199672698973,0.8526930212974548,0.9521803855895996
843.0,0.8842432022094726,0.9063275814056396,0.8939782857894898,0.7345134139060974,0.5671400189399719,0.256266188621521,0.9034343123435974,0.24387320280075073,0.1709445983171463,0.2462958037853241,0.37277140000000003,0.23198868632316588,0.33116439580917356,0.2809956014156342,0.9341982007026672,0.4411754012107849,0.4180826485157013,0.744174,0.40621659755706785,0.5774300217628479,0.40108559727668763,0.9150303962,0.5545176267623901,0.8715211868286132,0.9255350589752197,0.9485096096992492,0.4473669946193695,0.8526390194892883,0.9518415927886963
844.0,0.8845005989074707,0.9063017845153809,0.8943299889564514,0.7347612142562866,0.5670900225639344,0.2564550399780273,0.9035212874412537,0.24400460422039033,0.16915679574012757,0.245947402715683,0.3718482,0.23184310793876647,0.33102919459342955,0.28080780506134034,0.9336816072463989,0.44127920269966125,0.41760401129722596,0.744172,0.40599780082702636,0.5775450229644775,0.40072879791259763,0.9149731876,0.5545176267623901,0.8715635895729065,0.9254497766494751,0.9486318111419678,0.44570199251174925,0.8525850176811218,0.951502799987793
845.0,0.8847579956054688,0.9062759876251221,0.8946816921234131,0.7350090146064758,0.5670400261878967,0.2566438913345337,0.9036082625389099,0.2441360056400299,0.16736899316310883,0.24559900164604187,0.370925,0.23169752955436707,0.33089399337768555,0.2806200087070465,0.9331650137901306,0.4413830041885376,0.4171253740787506,0.74417,0.40577900409698486,0.5776600241661072,0.4003719985485077,0.914915979,0.5545176267623901,0.8716059923171997,0.9253644943237305,0.9487540125846863,0.44403699040412903,0.8525310158729553,0.9511640071868896
846.0,0.8845541954040528,0.9060721874237061,0.8954269051551819,0.7348828077316284,0.5671080231666565,0.2569518268108368,0.9050788521766663,0.24413160383701324,0.16577199399471282,0.24518119990825654,0.3701416,0.23207979202270507,0.33095299601554873,0.28036420941352846,0.9338512063026428,0.4416972041130066,0.41644657254219053,0.744398,0.4057360053062439,0.5773052215576172,0.3998863995075226,0.9145923854,0.5545176267623901,0.8715797901153565,0.9253585815429688,0.9484076142311096,0.4429107904434204,0.8526654124259949,0.9511280059814453
847.0,0.8843503952026367,0.90586838722229,0.8961721181869506,0.734756600856781,0.5671760201454162,0.25725976228713987,0.9065494418144227,0.24412720203399657,0.16417499482631684,0.24476339817047119,0.3693582,0.2324620544910431,0.33101199865341185,0.28010841012001036,0.9345373988151551,0.4420114040374756,0.4157677710056305,0.744626,0.40569300651550294,0.5769504189491272,0.3994008004665375,0.9142687918,0.5545176267623901,0.8715535879135132,0.925352668762207,0.948061215877533,0.4417845904827118,0.8527998089790344,0.951092004776001
848.0,0.8841465950012207,0.905664587020874,0.8969173312187195,0.7346303939819336,0.567244017124176,0.257567697763443,0.9080200314521789,0.24412280023097993,0.16257799565792083,0.24434559643268586,0.3685748,0.2328443169593811,0.33107100129127504,0.2798526108264923,0.9352235913276672,0.4423256039619446,0.4150889694690704,0.744854,0.40565000772476195,0.5765956163406372,0.39891520142555237,0.9139451982,0.5545176267623901,0.8715273857116699,0.9253467559814453,0.9477148175239563,0.4406583905220032,0.852934205532074,0.9510560035705566
849.0,0.8839427947998046,0.905460786819458,0.8976625442504883,0.7345041871070862,0.5673120141029357,0.2578756332397461,0.9094906210899353,0.24411839842796326,0.16098099648952485,0.2439277946949005,0.3677914,0.23322657942771913,0.33113000392913816,0.2795968115329742,0.9359097838401794,0.44263980388641355,0.4144101679325104,0.745082,0.405607008934021,0.5762408137321472,0.39842960238456726,0.9136216046,0.5545176267623901,0.8715011835098266,0.9253408432006835,0.9473684191703796,0.43953219056129456,0.8530686020851135,0.9510200023651123
850.0,0.8837389945983887,0.905256986618042,0.8984077572822571,0.7343779802322388,0.5673800110816956,0.2581835687160492,0.9109612107276917,0.2441139966249466,0.15938399732112885,0.24350999295711517,0.367008,0.23360884189605713,0.33118900656700134,0.2793410122394562,0.9365959763526917,0.44295400381088257,0.4137313663959503,0.74531,0.40556401014328003,0.5758860111236572,0.39794400334358215,0.913298011,0.5545176267623901,0.8714749813079834,0.9253349304199219,0.947022020816803,0.43840599060058594,0.8532029986381531,0.950984001159668
851.0,0.8840021967887879,0.9047919869422912,0.8990332365036011,0.7342205882072449,0.5674520134925842,0.2585292935371399,0.910989785194397,0.2441355973482132,0.15793679654598236,0.24283159375190735,0.3664176,0.23350999355316163,0.3311142027378082,0.2791986107826233,0.9363669753074646,0.44239080548286436,0.4130660116672516,0.745866,0.405292409658432,0.5761360049247741,0.3977304041385651,0.913378811,0.5546494126319885,0.8716981887817383,0.9252349138259888,0.946148419380188,0.43717198967933657,0.85344979763031,0.9512779951095581
852.0,0.884265398979187,0.9043269872665405,0.899658715724945,0.734063196182251,0.5675240159034729,0.25887501835823057,0.9110183596611023,0.2441571980714798,0.15648959577083588,0.24215319454669954,0.3658272,0.23341114521026612,0.3310393989086151,0.2790562093257904,0.9361379742622375,0.4418276071548462,0.4124006569385529,0.746422,0.40502080917358396,0.5763859987258911,0.39751680493354796,0.913459611,0.5547811985015869,0.8719213962554931,0.9251348972320557,0.945274817943573,0.43593798875808715,0.853696596622467,0.9515719890594483
853.0,0.8845286011695862,0.9038619875907898,0.9002841949462891,0.733905804157257,0.5675960183143616,0.2592207431793213,0.9110469341278076,0.2441787987947464,0.1550423949956894,0.2414747953414917,0.3652368,0.2333122968673706,0.330964595079422,0.27891380786895753,0.9359089732170105,0.441264408826828,0.4117353022098541,0.746978,0.404749208688736,0.576635992527008,0.3973032057285309,0.913540411,0.5549129843711853,0.8721446037292481,0.9250348806381226,0.944401216506958,0.4347039878368378,0.8539433956146241,0.9518659830093383
854.0,0.8847918033599853,0.9033969879150391,0.900909674167633,0.7337484121322632,0.5676680207252502,0.259566468000412,0.9110755085945129,0.244200399518013,0.1535951942205429,0.24079639613628387,0.3646464,0.2332134485244751,0.3308897912502289,0.2787714064121246,0.9356799721717834,0.44070121049880984,0.4110699474811554,0.747534,0.40447760820388795,0.576885986328125,0.39708960652351377,0.913621211,0.5550447702407837,0.8723678112030029,0.9249348640441895,0.943527615070343,0.43346998691558836,0.854190194606781,0.9521599769592285
855.0,0.8850550055503845,0.9029319882392883,0.901535153388977,0.7335910201072693,0.5677400231361389,0.2599121928215027,0.9111040830612183,0.2442220002412796,0.15214799344539642,0.24011799693107605,0.364056,0.2331146001815796,0.33081498742103577,0.27862900495529175,0.9354509711265564,0.4401380121707916,0.41040459275245667,0.74809,0.4042060077190399,0.5771359801292419,0.3968760073184967,0.913702011,0.5551765561103821,0.8725910186767578,0.9248348474502563,0.942654013633728,0.432235985994339,0.854436993598938,0.9524539709091187
856.0,0.8848482012748718,0.9035139918327332,0.9019972920417786,0.7337898135185241,0.567710018157959,0.26014935970306396,0.9108582973480225,0.24397299885749818,0.15090199410915375,0.23969639837741852,0.3634072,0.23291153013706206,0.3309227883815765,0.278437602519989,0.9350393772125244,0.44000900983810426,0.40988656878471375,0.747866,0.403903603553772,0.577198588848114,0.39640960693359373,0.9139584064,0.5553442358970642,0.8723854184150696,0.9247328877449036,0.9429770112037659,0.4317835867404938,0.8543684005737304,0.9522889733314515
857.0,0.8846413969993592,0.904095995426178,0.9024594306945801,0.7339886069297791,0.567680013179779,0.26038652658462524,0.9106125116348267,0.24372399747371673,0.14965599477291108,0.239274799823761,0.3627584,0.23270846009254456,0.3310305893421173,0.27824620008468626,0.9346277832984924,0.4398800075054169,0.4093685448169708,0.747642,0.40360119938850403,0.5772611975669861,0.3959432065486908,0.9142148018,0.5555119156837464,0.8721798181533813,0.9246309280395508,0.9433000087738037,0.43133118748664856,0.854299807548523,0.9521239757537842
858.0,0.8844345927238464,0.9046779990196228,0.9029215693473815,0.7341874003410339,0.5676500082015992,0.2606236934661865,0.9103667259216308,0.2434749960899353,0.14840999543666838,0.23885320127010345,0.36210960000000003,0.23250539004802703,0.33113839030265807,0.27805479764938357,0.9342161893844605,0.43975100517272947,0.4088505208492279,0.747418,0.4032987952232361,0.5773238062858581,0.39547680616378783,0.9144711972,0.5556795954704284,0.8719742178916932,0.924528968334198,0.9436230063438416,0.43087878823280334,0.8542312145233154,0.951958978176117
859.0,0.8842277884483337,0.9052600026130676,0.9033837080001831,0.7343861937522889,0.5676200032234192,0.2608608603477478,0.910120940208435,0.24322599470615386,0.14716399610042571,0.23843160271644592,0.3614608,0.23230232000350953,0.3312461912631989,0.2778633952140808,0.9338045954704285,0.4396220028400421,0.408332496881485,0.747194,0.40299639105796814,0.5773864150047302,0.3950104057788849,0.9147275926,0.5558472752571106,0.8717686176300049,0.9244270086288452,0.9439460039138794,0.43042638897895813,0.854162621498108,0.9517939805984497
860.0,0.884020984172821,0.9058420062065125,0.9038458466529846,0.7345849871635437,0.5675899982452393,0.2610980272293091,0.9098751544952393,0.24297699332237244,0.14591799676418304,0.2380100041627884,0.360812,0.232099249958992,0.3313539922237396,0.2776719927787781,0.9333930015563965,0.43949300050735474,0.40781447291374207,0.74697,0.4026939868927002,0.5774490237236023,0.39454400539398193,0.914983988,0.5560149550437927,0.8715630173683167,0.9243250489234924,0.9442690014839172,0.4299739897251129,0.8540940284729004,0.9516289830207825
861.0,0.883953583240509,0.9053124070167542,0.9037743806838989,0.734414792060852,0.5678599953651429,0.2608631432056427,0.9099739074707032,0.24270339608192443,0.1446711987257004,0.23766940236091613,0.360207,0.23196039199829102,0.33136579394340515,0.2774965941905975,0.933758807182312,0.43966240286827085,0.40787234902381897,0.7470060000000001,0.4025835871696472,0.5771224141120911,0.3939406037330627,0.9137193920000001,0.5561944246292114,0.8712988138198853,0.9243093490600586,0.9441594004631042,0.4288801908493042,0.8546336174011231,0.9515539884567261
862.0,0.883886182308197,0.9047828078269958,0.9037029147148132,0.7342445969581604,0.5681299924850464,0.2606282591819763,0.910072660446167,0.24242979884147645,0.1434244006872177,0.23732880055904387,0.35960200000000003,0.23182153403759004,0.3313775956630707,0.27732119560241697,0.9341246128082276,0.439831805229187,0.4079302251338959,0.747042,0.4024731874465942,0.5767958045005799,0.39333720207214357,0.912454796,0.5563738942146301,0.8710346102714539,0.9242936491966247,0.9440497994422913,0.4277863919734955,0.8551732063293457,0.9514789938926697
863.0,0.883818781375885,0.9042532086372376,0.9036314487457275,0.7340744018554688,0.56839998960495,0.26039337515830996,0.9101714134216309,0.24215620160102844,0.14217760264873505,0.23698819875717164,0.358997,0.23168267607688903,0.3313893973827362,0.2771457970142365,0.934490418434143,0.44000120759010314,0.4079881012439728,0.747078,0.4023627877235413,0.5764691948890686,0.39273380041122435,0.9111902000000001,0.5565533638000488,0.8707704067230224,0.924277949333191,0.9439401984214782,0.42669259309768676,0.8557127952575684,0.9514039993286133
864.0,0.883751380443573,0.9037236094474792,0.9035599827766418,0.7339042067527771,0.5686699867248535,0.26015849113464357,0.9102701663970947,0.24188260436058046,0.14093080461025237,0.23664759695529938,0.35839200000000004,0.23154381811618804,0.33140119910240173,0.2769703984260559,0.9348562240600586,0.4401706099510193,0.4080459773540497,0.747114,0.4022523880004883,0.5761425852775574,0.3921303987503052,0.909925604,0.5567328333854675,0.870506203174591,0.9242622494697571,0.9438305974006653,0.4255987942218781,0.856252384185791,0.9513290047645568
865.0,0.883683979511261,0.903194010257721,0.9034885168075562,0.7337340116500854,0.5689399838447571,0.2599236071109772,0.9103689193725586,0.24160900712013245,0.13968400657176971,0.23630699515342712,0.357787,0.23140496015548706,0.33141300082206726,0.27679499983787537,0.9352220296859741,0.4403400123119354,0.4081038534641266,0.74715,0.4021419882774353,0.5758159756660461,0.391526997089386,0.908661008,0.5569123029708862,0.8702419996261597,0.9242465496063232,0.9437209963798523,0.42450499534606934,0.8567919731140137,0.9512540102005005
866.0,0.88399418592453,0.9034176111221314,0.9034170508384705,0.7339964151382447,0.5689319849014283,0.2596887230873108,0.9104676604270935,0.24120820462703704,0.1389560043811798,0.23603699505329132,0.357125,0.23126609921455382,0.3314718008041382,0.27663180232048035,0.9351826190948487,0.4402530074119568,0.4081617295742035,0.747074,0.40199679136276245,0.5758797764778137,0.3912303984165192,0.9088362098,0.5570917844772338,0.8702095985412598,0.9242308497428894,0.9437619924545289,0.42343159914016726,0.8563101768493653,0.9509724140167236
867.0,0.8843043923377991,0.9036412119865418,0.9033455848693848,0.7342588186264039,0.5689239859580993,0.2594538390636444,0.9105664014816284,0.24080740213394164,0.1382280021905899,0.2357669949531555,0.35646300000000003,0.2311272382736206,0.3315306007862091,0.2764686048030853,0.9351432085037231,0.4401660025119781,0.4082196056842804,0.746998,0.4018515944480896,0.5759435772895813,0.39093379974365233,0.9090114116,0.5572712659835816,0.8701771974563599,0.9242151498794555,0.9438029885292053,0.4223582029342651,0.8558283805847168,0.9506908178329467
868.0,0.8846145987510681,0.9038648128509521,0.9032741189002991,0.7345212221145629,0.5689159870147705,0.25921895503997805,0.9106651425361634,0.24040659964084626,0.1375,0.23549699485301973,0.355801,0.23098837733268737,0.33158940076828003,0.2763054072856903,0.9351037979125977,0.44007899761199953,0.4082774817943573,0.746922,0.40170639753341675,0.5760073781013488,0.39063720107078553,0.9091866134000001,0.5574507474899292,0.8701447963714599,0.9241994500160218,0.9438439846038819,0.42128480672836305,0.8553465843200684,0.95040922164917
869.0,0.8849248051643371,0.9040884137153625,0.9032026529312134,0.7347836256027221,0.5689079880714416,0.25898407101631166,0.9107638835906983,0.24000579714775086,0.1367719978094101,0.23522699475288392,0.355139,0.23084951639175416,0.33164820075035095,0.2761422097682953,0.9350643873214721,0.4399919927120209,0.4083353579044342,0.746846,0.4015612006187439,0.5760711789131164,0.3903406023979187,0.9093618152,0.5576302289962769,0.87011239528656,0.9241837501525879,0.9438849806785583,0.4202114105224609,0.8548647880554199,0.9501276254653931
870.0,0.8852350115776062,0.904312014579773,0.9031311869621277,0.7350460290908813,0.5688999891281128,0.25874918699264526,0.9108626246452332,0.23960499465465546,0.1360439956188202,0.2349569946527481,0.354477,0.23071065545082092,0.3317070007324219,0.27597901225090027,0.9350249767303467,0.43990498781204224,0.4083932340145111,0.74677,0.40141600370407104,0.576134979724884,0.3900440037250519,0.909537017,0.5578097105026245,0.8700799942016602,0.924168050289154,0.9439259767532349,0.41913801431655884,0.8543829917907715,0.9498460292816162
871.0,0.8852542042732239,0.9043742060661316,0.9028536200523376,0.734835422039032,0.5688999891281128,0.25884200930595397,0.9108127236366272,0.23900679647922515,0.13501439690589906,0.2344485968351364,0.353825,0.23093971312046052,0.33157939910888673,0.27589440941810606,0.934870183467865,0.4396413922309875,0.4082464039325714,0.746476,0.4013004004955292,0.5759933829307556,0.389833402633667,0.909927213,0.5578309416770935,0.8703187942504883,0.9241766691207886,0.9437179803848267,0.41878660917282107,0.8547509908676147,0.950044822692871
872.0,0.8852733969688416,0.9044363975524903,0.9025760531425476,0.7346248149871826,0.5688999891281128,0.2589348316192627,0.9107628226280212,0.23840859830379485,0.1339847981929779,0.23394019901752472,0.353173,0.2311687707901001,0.3314517974853516,0.2758098065853119,0.9347153902053833,0.4393777966499329,0.4080995738506317,0.746182,0.4011847972869873,0.5758517861366272,0.3896228015422821,0.910317409,0.5578521728515625,0.8705575942993165,0.924185287952423,0.9435099840164185,0.41843520402908324,0.855118989944458,0.950243616104126
873.0,0.8852925896644592,0.9044985890388488,0.9022984862327575,0.7344142079353333,0.5688999891281128,0.25902765393257143,0.9107129216194153,0.23781040012836457,0.13295519948005677,0.23343180119991302,0.352521,0.2313978284597397,0.3313241958618164,0.2757252037525177,0.9345605969429016,0.43911420106887816,0.407952743768692,0.745888,0.40106919407844543,0.5757101893424987,0.3894122004508972,0.910707605,0.5578734040260315,0.8707963943481445,0.9241939067840577,0.9433019876480102,0.41808379888534547,0.8554869890213013,0.9504424095153808
874.0,0.8853117823600769,0.9045607805252075,0.9020209193229676,0.7342036008834839,0.5688999891281128,0.25912047624588014,0.9106630206108093,0.23721220195293427,0.1319256007671356,0.23292340338230133,0.351869,0.23162688612937926,0.33119659423828124,0.27564060091972353,0.9344058036804199,0.4388506054878235,0.40780591368675234,0.745594,0.40095359086990356,0.5755685925483703,0.3892015993595123,0.911097801,0.5578946352005005,0.8710351943969726,0.9242025256156922,0.943093991279602,0.41773239374160764,0.8558549880981445,0.9506412029266358
875.0,0.8853309750556946,0.9046229720115662,0.9017433524131775,0.7339929938316345,0.5688999891281128,0.25921329855918884,0.9106131196022034,0.23661400377750397,0.13089600205421448,0.23241500556468964,0.351217,0.23185594379901886,0.3310689926147461,0.2755559980869293,0.9342510104179382,0.4385870099067688,0.4076590836048126,0.7453,0.4008379876613617,0.5754269957542419,0.38899099826812744,0.911487997,0.5579158663749695,0.8712739944458008,0.9242111444473267,0.9428859949111938,0.4173809885978699,0.8562229871749878,0.9508399963378906
876.0,0.8850373744964599,0.9043217778205872,0.9014142632484436,0.73402259349823,0.5689819931983948,0.2593880474567413,0.9105260491371154,0.23605360388755797,0.12995860278606414,0.2320324033498764,0.3505604,0.2321769744157791,0.3311337947845459,0.2753066003322601,0.9348460078239441,0.439013808965683,0.4074610710144043,0.7450019999999999,0.4006885886192322,0.5757259964942932,0.3887313961982727,0.9116635922,0.5578975439071655,0.8712365984916687,0.9242258310317993,0.943192994594574,0.4164219915866852,0.8563345909118653,0.9510419964790344
877.0,0.8847437739372254,0.9040205836296081,0.9010851740837097,0.7340521931648254,0.5690639972686767,0.2595627963542938,0.9104389786720276,0.235493203997612,0.12902120351791382,0.23164980113506317,0.3499038,0.23249800503253937,0.3311985969543457,0.2750572025775909,0.93544100522995,0.43944060802459717,0.40726305842399596,0.7447039999999999,0.40053918957710266,0.5760249972343445,0.388471794128418,0.9118391874,0.5578792214393615,0.8711992025375366,0.924240517616272,0.9434999942779541,0.4154629945755005,0.8564461946487427,0.9512439966201782
878.0,0.8844501733779907,0.9037193894386292,0.9007560849189759,0.7340817928314209,0.5691460013389588,0.25973754525184634,0.9103519082069397,0.234932804107666,0.12808380424976348,0.23126719892024994,0.34924720000000004,0.23281903564929962,0.3312633991241455,0.2748078048229218,0.9360360026359558,0.43986740708351135,0.40706504583358766,0.744406,0.40038979053497314,0.5763239979743957,0.3882121920585632,0.9120147826,0.5578608989715577,0.8711618065834046,0.9242552042007446,0.9438069939613343,0.4145039975643158,0.8565577983856201,0.951445996761322
879.0,0.8841565728187561,0.9034181952476501,0.9004269957542419,0.7341113924980164,0.5692280054092407,0.2599122941493988,0.9102648377418519,0.23437240421772004,0.12714640498161317,0.2308845967054367,0.34859060000000003,0.23314006626605988,0.3313282012939453,0.2745584070682526,0.9366310000419616,0.44029420614242554,0.4068670332431793,0.744108,0.40024039149284363,0.576622998714447,0.3879525899887085,0.9121903778,0.5578425765037537,0.8711244106292725,0.9242698907852173,0.9441139936447144,0.4135450005531311,0.8566694021224975,0.9516479969024658
880.0,0.8838629722595215,0.9031170010566711,0.9000979065895081,0.7341409921646118,0.5693100094795227,0.2600870430469513,0.9101777672767639,0.23381200432777405,0.12620900571346283,0.23050199449062347,0.347934,0.23346109688282013,0.3313930034637451,0.2743090093135834,0.9372259974479675,0.4407210052013397,0.406669020652771,0.74381,0.4000909924507141,0.5769219994544983,0.38769298791885376,0.912365973,0.5578242540359497,0.8710870146751404,0.9242845773696899,0.9444209933280945,0.4125860035419464,0.856781005859375,0.9518499970436096
881.0,0.8840345740318298,0.902987802028656,0.9000158429145813,0.7341679930686951,0.5694080114364624,0.2601671278476715,0.9100083827972412,0.23293240368366241,0.12551620453596116,0.23011099696159362,0.3474204,0.23374141454696656,0.33127360343933104,0.2743276059627533,0.9359455943107605,0.44022340178489683,0.40668938159942625,0.743204,0.39998339414596557,0.5771603941917419,0.38758679032325744,0.911329782,0.5577595114707947,0.870780611038208,0.9243254780769348,0.9447199940681458,0.4119290053844452,0.8566956043243408,0.9516077995300293
882.0,0.8842061758041382,0.9028586030006409,0.8999337792396546,0.7341949939727783,0.5695060133934021,0.26024721264839173,0.9098389983177185,0.23205280303955078,0.12482340335845947,0.22971999943256377,0.3469068,0.23402173221111297,0.33115420341491697,0.2743462026119232,0.9346651911735535,0.439725798368454,0.40670974254608155,0.742598,0.399875795841217,0.5773987889289856,0.3874805927276611,0.910293591,0.5576947689056396,0.8704742074012757,0.9243663787841797,0.9450189948081971,0.41127200722694396,0.8566102027893067,0.9513656020164489
883.0,0.8843777775764465,0.9027294039726257,0.8998517155647278,0.7342219948768616,0.5696040153503418,0.2603272974491119,0.9096696138381958,0.23117320239543915,0.1241306021809578,0.22932900190353395,0.3463932,0.2343020498752594,0.33103480339050295,0.27436479926109314,0.9333847880363464,0.4392281949520111,0.4067301034927368,0.741992,0.39976819753646853,0.5776371836662293,0.38737439513206484,0.9092574,0.5576300263404846,0.8701678037643432,0.9244072794914245,0.9453179955482482,0.41061500906944276,0.8565248012542724,0.9511234045028687
884.0,0.8845493793487549,0.9026002049446106,0.8997696518898011,0.7342489957809448,0.5697020173072815,0.2604073822498322,0.9095002293586731,0.23029360175132751,0.12343780100345611,0.2289380043745041,0.3458796,0.2345823675394058,0.3309154033660889,0.27438339591026306,0.9321043848991394,0.43873059153556826,0.4067504644393921,0.741386,0.39966059923172,0.5778755784034729,0.3872681975364685,0.9082212089999999,0.5575652837753295,0.8698614001274109,0.9244481801986695,0.9456169962882995,0.4099580109119415,0.8564393997192383,0.9508812069892884
885.0,0.8847209811210632,0.9024710059165955,0.8996875882148743,0.7342759966850281,0.5698000192642212,0.26048746705055237,0.9093308448791504,0.22941400110721588,0.12274499982595444,0.22854700684547424,0.345366,0.23486268520355225,0.3307960033416748,0.274401992559433,0.9308239817619324,0.43823298811912537,0.40677082538604736,0.74078,0.39955300092697144,0.5781139731407166,0.3871619999408722,0.907185018,0.5575005412101746,0.8695549964904785,0.9244890809059143,0.9459159970283508,0.4093010127544403,0.8563539981842041,0.950639009475708
886.0,0.8846649885177612,0.9025130033493042,0.8999760866165161,0.7344075918197632,0.5697360157966613,0.2604255497455597,0.909037983417511,0.22874300181865692,0.12244919985532761,0.2283226042985916,0.3446208,0.2350819319486618,0.3307386040687561,0.2744607925415039,0.9309873819351197,0.4382669925689697,0.40711873173713686,0.74079,0.3995184004306793,0.5782043814659119,0.38687959909439085,0.9083456158,0.5573661684989929,0.8697625994682312,0.9245692729949951,0.9459551930427551,0.4092728078365326,0.8560917973518372,0.950652801990509
887.0,0.8846089959144592,0.9025550007820129,0.900264585018158,0.7345391869544983,0.5696720123291016,0.26036363244056704,0.9087451219558715,0.22807200253009796,0.12215339988470078,0.22809820175170897,0.3438756,0.23530117869377137,0.3306812047958374,0.27451959252357483,0.9311507821083069,0.4383009970188141,0.4074666380882263,0.7408,0.3994837999343872,0.5782947897911072,0.38659719824790956,0.9095062136,0.5572317957878112,0.8699702024459839,0.924649465084076,0.9459943890571594,0.40924460291862486,0.8558295965194702,0.9506665945053101
888.0,0.8845530033111573,0.9025969982147217,0.9005530834197998,0.7346707820892334,0.5696080088615417,0.2603017151355743,0.9084522604942322,0.227401003241539,0.12185759991407394,0.22787379920482637,0.3431304,0.2355204254388809,0.3306238055229187,0.27457839250564575,0.9313141822814941,0.43833500146865845,0.4078145444393158,0.74081,0.3994491994380951,0.5783851981163025,0.3863147974014282,0.9106668114,0.5570974230766297,0.8701778054237366,0.9247296571731567,0.9460335850715638,0.4092163980007172,0.8555673956871033,0.950680387020111
889.0,0.8844970107078552,0.9026389956474304,0.9008415818214417,0.7348023772239685,0.569544005393982,0.26023979783058165,0.9081593990325928,0.22673000395298004,0.12156179994344711,0.22764939665794373,0.3423852,0.23573967218399047,0.33056640625,0.2746371924877167,0.9314775824546814,0.4383690059185028,0.40816245079040525,0.74082,0.399414598941803,0.5784756064414978,0.3860323965549469,0.9118274092,0.556963050365448,0.8703854084014893,0.9248098492622375,0.946072781085968,0.40918819308280946,0.8553051948547363,0.9506941795349121
890.0,0.8844410181045532,0.9026809930801392,0.9011300802230835,0.7349339723587036,0.5694800019264221,0.260177880525589,0.9078665375709534,0.22605900466442108,0.12126599997282028,0.2274249941110611,0.34164,0.23595891892910004,0.3305090069770813,0.2746959924697876,0.9316409826278687,0.43840301036834717,0.40851035714149475,0.74083,0.39937999844551086,0.5785660147666931,0.3857499957084656,0.912988007,0.5568286776542664,0.8705930113792419,0.9248900413513184,0.9461119771003723,0.40915998816490173,0.8550429940223694,0.9507079720497131
891.0,0.8845286130905151,0.9027031898498535,0.901338791847229,0.7348527789115906,0.5696099996566772,0.2600496709346771,0.9077248811721802,0.2253098040819168,0.12073780000209808,0.2269061952829361,0.3408178,0.23622577488422394,0.33044480681419375,0.2746925950050354,0.9316817879676819,0.4381854057312012,0.4087738454341888,0.74071,0.3993918001651764,0.5783730149269104,0.38541359901428224,0.9131862044000001,0.5568264603614808,0.8704898118972778,0.9249057650566102,0.9459495782852173,0.4095355927944183,0.85521559715271,0.9507415771484375
892.0,0.884616208076477,0.9027253866195679,0.9015475034713745,0.7347715854644775,0.5697399973869324,0.25992146134376526,0.907583224773407,0.22456060349941254,0.12020960003137589,0.2263873964548111,0.3399956,0.23649263083934785,0.33038060665130614,0.2746891975402832,0.9317225933074951,0.4379678010940552,0.40903733372688295,0.74059,0.3994036018848419,0.5781800150871277,0.3850772023200989,0.9133844018,0.556824243068695,0.8703866124153137,0.9249214887619018,0.9457871794700623,0.40991119742393495,0.8553882002830505,0.9507751822471618
893.0,0.884703803062439,0.9027475833892822,0.9017562150955201,0.7346903920173645,0.5698699951171875,0.2597932517528534,0.9074415683746337,0.22381140291690826,0.11968140006065368,0.2258685976266861,0.3391734,0.23675948679447173,0.3303164064884186,0.274685800075531,0.9317633986473084,0.43775019645690916,0.409300822019577,0.7404700000000001,0.39941540360450745,0.577987015247345,0.3847408056259155,0.9135825992000001,0.5568220257759094,0.8702834129333497,0.9249372124671936,0.9456247806549072,0.4102868020534515,0.8555608034133911,0.9508087873458863
894.0,0.8847913980484009,0.9027697801589966,0.9019649267196655,0.7346091985702514,0.5699999928474426,0.25966504216194153,0.9072999119758606,0.223062202334404,0.1191532000899315,0.2253497987985611,0.3383512,0.23702634274959564,0.330252206325531,0.2746824026107788,0.9318042039871216,0.4375325918197632,0.40956431031227114,0.7403500000000001,0.399427205324173,0.5777940154075623,0.38440440893173217,0.9137807966,0.5568198084831237,0.8701802134513855,0.9249529361724853,0.9454623818397522,0.41066240668296816,0.8557334065437316,0.9508423924446106
895.0,0.8848789930343628,0.9027919769287109,0.902173638343811,0.7345280051231384,0.5701299905776978,0.25953683257102966,0.9071582555770874,0.22231300175189972,0.11862500011920929,0.2248309999704361,0.337529,0.23729319870471954,0.33018800616264343,0.2746790051460266,0.9318450093269348,0.4373149871826172,0.4098277986049652,0.74023,0.3994390070438385,0.5776010155677795,0.38406801223754883,0.913978994,0.5568175911903381,0.8700770139694214,0.9249686598777771,0.9452999830245972,0.41103801131248474,0.8559060096740723,0.950875997543335
896.0,0.8848771929740906,0.9025583863258362,0.9020632266998291,0.7345862030982971,0.5701499938964844,0.25914347767829893,0.9076213717460633,0.2213256001472473,0.1183446004986763,0.22452499866485595,0.336691,0.23775050938129424,0.33015880584716795,0.27465200424194336,0.9321554064750671,0.4375079870223999,0.4097535967826843,0.74058,0.39966640472412107,0.578066611289978,0.38380740880966185,0.9139135958000001,0.5573439836502075,0.8700090169906616,0.9247265338897706,0.9451503992080689,0.41001721024513244,0.8557210087776184,0.9506799936294555
897.0,0.8848753929138183,0.9023247957229614,0.9019528150558471,0.7346444010734559,0.570169997215271,0.25875012278556825,0.908084487915039,0.2203381985425949,0.11806420087814332,0.2242189973592758,0.335853,0.23820782005786895,0.3301296055316925,0.2746250033378601,0.9324658036231994,0.4377009868621826,0.40967939496040345,0.74093,0.3998938024044037,0.5785322070121766,0.3835468053817749,0.9138481976,0.557870376110077,0.8699410200119019,0.9244844079017639,0.9450008153915406,0.40899640917778013,0.8555360078811646,0.9504839897155761
898.0,0.8848735928535462,0.9020912051200867,0.9018424034118653,0.7347025990486145,0.5701900005340577,0.2583567678928375,0.9085476040840149,0.21935079693794252,0.11778380125761032,0.2239129960536957,0.335015,0.23866513073444368,0.33010040521621703,0.27459800243377686,0.9327762007713318,0.43789398670196533,0.40960519313812255,0.74128,0.40012120008468627,0.578997802734375,0.38328620195388796,0.9137827994000001,0.5583967685699462,0.8698730230331421,0.9242422819137573,0.9448512315750122,0.4079756081104279,0.8553510069847107,0.9502879858016968
899.0,0.8848717927932739,0.9018576145172119,0.9017319917678833,0.7347607970237732,0.5702100038528443,0.25796341300010683,0.9090107202529907,0.2183633953332901,0.11750340163707733,0.22360699474811555,0.334177,0.23912244141101838,0.3300712049007416,0.2745710015296936,0.9330865979194641,0.43808698654174805,0.4095309913158417,0.74163,0.4003485977649689,0.5794633984565735,0.383025598526001,0.9137174012,0.5589231610298157,0.8698050260543824,0.9240001559257507,0.9447016477584839,0.4069548070430756,0.8551660060882569,0.9500919818878174
900.0,0.8848699927330017,0.9016240239143372,0.9016215801239014,0.7348189949989319,0.5702300071716309,0.2575700581073761,0.9094738364219666,0.2173759937286377,0.11722300201654434,0.2233009934425354,0.333339,0.23957975208759308,0.3300420045852661,0.27454400062561035,0.9333969950675964,0.43827998638153076,0.4094567894935608,0.74198,0.40057599544525146,0.579928994178772,0.382764995098114,0.913652003,0.5594495534896851,0.8697370290756226,0.9237580299377441,0.9445520639419556,0.40593400597572327,0.854981005191803,0.949895977973938
901.0,0.8845823884010315,0.9018424153327942,0.9014867424964905,0.7346741914749145,0.5702400088310242,0.2572209894657135,0.9097369551658631,0.2165199935436249,0.1167124018073082,0.22291179597377778,0.3324854,0.240090411901474,0.3300654053688049,0.27470099925994873,0.9333487987518311,0.4381549894809723,0.4093572199344635,0.741854,0.40067999362945556,0.5799293994903565,0.3825913965702057,0.9132663966000001,0.5599123001098633,0.8697184205055237,0.9235360026359558,0.944467055797577,0.4057174026966095,0.8550894021987915,0.9500795841217041
902.0,0.8842947840690613,0.9020608067512512,0.9013519048690796,0.7345293879508972,0.5702500104904175,0.2568719208240509,0.9100000739097596,0.21566399335861205,0.11620180159807206,0.22252259850502015,0.3316318,0.24060107171535491,0.33008880615234376,0.2748579978942871,0.9333006024360657,0.4380299925804138,0.4092576503753662,0.7417279999999999,0.40078399181365965,0.5799298048019409,0.38241779804229736,0.9128807902,0.5603750467300415,0.8696998119354248,0.9233139753341675,0.9443820476531982,0.4055007994174957,0.85519779920578,0.9502631902694703
903.0,0.8840071797370911,0.9022791981697083,0.9012170672416687,0.7343845844268799,0.5702600121498108,0.2565228521823883,0.910263192653656,0.21480799317359925,0.1156912013888359,0.2221334010362625,0.3307782,0.24111173152923585,0.33011220693588256,0.2750149965286255,0.9332524061203002,0.43790499567985536,0.4091580808162689,0.741602,0.4008879899978638,0.5799302101135254,0.38224419951438904,0.9124951838,0.5608377933502198,0.869681203365326,0.9230919480323792,0.9442970395088196,0.40528419613838196,0.8553061962127686,0.9504467964172363
904.0,0.8837195754051208,0.9024975895881653,0.9010822296142578,0.7342397809028626,0.5702700138092041,0.25617378354072573,0.9105263113975525,0.21395199298858641,0.11518060117959976,0.22174420356750488,0.3299246,0.24162239134311675,0.3301356077194214,0.27517199516296387,0.9332042098045349,0.43777999877929685,0.40905851125717163,0.7414759999999999,0.4009919881820679,0.5799306154251098,0.3820706009864807,0.9121095774,0.561300539970398,0.869662594795227,0.9228699207305908,0.9442120313644409,0.4050675928592682,0.8554145932197571,0.9506304025650024
905.0,0.8834319710731506,0.9027159810066223,0.9009473919868469,0.7340949773788452,0.5702800154685974,0.2558247148990631,0.910789430141449,0.2130959928035736,0.11467000097036362,0.22135500609874725,0.329071,0.24213305115699768,0.3301590085029602,0.27532899379730225,0.9331560134887695,0.4376550018787384,0.40895894169807434,0.74135,0.401095986366272,0.5799310207366943,0.3818970024585724,0.911723971,0.5617632865905762,0.8696439862251282,0.9226478934288025,0.9441270232200623,0.4048509895801544,0.8555229902267456,0.9508140087127686
906.0,0.8835649728775025,0.9021645903587341,0.9007148742675781,0.7341731786727905,0.570278012752533,0.25565280914306643,0.910252571105957,0.21215639412403106,0.1148364007472992,0.22115400433540344,0.328369,0.24285711944103242,0.33006560802459717,0.2755415976047516,0.9332396149635315,0.4378737986087799,0.4087579011917114,0.74183,0.4010391891002655,0.579667615890503,0.3817990005016327,0.9110051748,0.5619714856147766,0.8695887923240662,0.9225062966346741,0.9440378069877624,0.4045859932899475,0.8555627942085267,0.9503508090972901
907.0,0.8836979746818543,0.901613199710846,0.9004823565483093,0.7342513799667358,0.5702760100364686,0.2554809033870697,0.9097157120704651,0.21121679544448851,0.11500280052423477,0.22095300257205963,0.327667,0.24358118772506715,0.32997220754623413,0.2757542014122009,0.9333232164382934,0.4380925953388214,0.4085568606853485,0.74231,0.40098239183425904,0.5794042110443115,0.38170099854469297,0.9102863786000001,0.562179684638977,0.8695335984230042,0.9223646998405457,0.9439485907554627,0.4043209969997406,0.8556025981903076,0.9498876094818115
908.0,0.883830976486206,0.9010618090629577,0.9002498388290405,0.7343295812606812,0.570274007320404,0.255308997631073,0.9091788530349731,0.210277196764946,0.11516920030117035,0.22075200080871582,0.326965,0.24430525600910186,0.3298788070678711,0.2759668052196503,0.9334068179130555,0.43831139206886294,0.4083558201789856,0.74279,0.40092559456825255,0.5791408061981201,0.3816029965877533,0.9095675824,0.5623878836631775,0.8694784045219421,0.9222231030464172,0.9438593745231628,0.4040560007095337,0.8556424021720886,0.949424409866333
909.0,0.8839639782905578,0.9005104184150696,0.9000173211097717,0.7344077825546265,0.5702720046043396,0.25513709187507627,0.9086419939994812,0.20933759808540345,0.11533560007810592,0.220550999045372,0.32626299999999997,0.2450293242931366,0.32978540658950806,0.2761794090270996,0.9334904193878174,0.43853018879890443,0.4081547796726227,0.74327,0.4008687973022461,0.5788774013519287,0.3815049946308136,0.9088487862000001,0.5625960826873779,0.8694232106208801,0.9220815062522888,0.9437701582908631,0.4037910044193268,0.8556822061538696,0.9489612102508544
910.0,0.8840969800949097,0.8999590277671814,0.8997848033905029,0.7344859838485718,0.5702700018882751,0.2549651861190796,0.9081051349639893,0.2083979994058609,0.1155019998550415,0.2203499972820282,0.325561,0.24575339257717133,0.329692006111145,0.27639201283454895,0.9335740208625793,0.4387489855289459,0.40795373916625977,0.74375,0.4008120000362396,0.5786139965057373,0.3814069926738739,0.90812999,0.5628042817115784,0.8693680167198181,0.9219399094581604,0.9436809420585632,0.4035260081291199,0.8557220101356506,0.948498010635376
911.0,0.8840417861938477,0.9002612233161926,0.8996405363082886,0.7346319913864136,0.5702600002288818,0.2547217428684235,0.9076239347457886,0.20744960010051727,0.11530620008707046,0.22006539702415467,0.3244238,0.2464580327272415,0.3296846032142639,0.2766480088233948,0.9335368156433106,0.4387837886810303,0.4078499019145966,0.743834,0.40107920169830324,0.5787455916404725,0.3811613917350769,0.9090075968000001,0.562991452217102,0.8694494128227234,0.9217514991760254,0.9435010313987732,0.40370980501174925,0.8557804107666016,0.9486324071884156
912.0,0.8839865922927856,0.9005634188652039,0.8994962692260742,0.7347779989242553,0.5702499985694885,0.25447829961776736,0.9071427345275879,0.20650120079517365,0.11511040031909943,0.21978079676628112,0.3232866,0.2471626728773117,0.3296772003173828,0.2769040048122406,0.9334996104240417,0.4388185918331146,0.40774606466293334,0.743918,0.4013464033603668,0.5788771867752075,0.3809157907962799,0.9098852036,0.5631786227226258,0.8695308089256286,0.9215630888938904,0.9433211207389831,0.4038936018943787,0.8558388113975525,0.9487668037414551
913.0,0.8839313983917236,0.9008656144142151,0.8993520021438599,0.7349240064620972,0.5702399969100952,0.2542348563671112,0.9066615343093872,0.20555280148983002,0.11491460055112838,0.2194961965084076,0.32214940000000003,0.2478673130273819,0.32966979742050173,0.27716000080108644,0.933462405204773,0.438853394985199,0.40764222741127015,0.744002,0.40161360502243043,0.5790087819099426,0.3806701898574829,0.9107628104000001,0.5633657932281494,0.869612205028534,0.9213746786117554,0.9431412100791932,0.40407739877700805,0.8558972120285034,0.9489012002944947
914.0,0.8838762044906616,0.9011678099632263,0.8992077350616455,0.735070013999939,0.570229995250702,0.25399141311645507,0.9061803340911865,0.2046044021844864,0.11471880078315735,0.21921159625053405,0.3210122,0.2485719531774521,0.3296623945236206,0.27741599678993223,0.9334251999855041,0.4388881981372833,0.4075383901596069,0.744086,0.401880806684494,0.5791403770446777,0.3804245889186859,0.9116404172,0.5635529637336731,0.8696936011314392,0.9211862683296204,0.9429612994194031,0.4042611956596375,0.8559556126594543,0.9490355968475341
915.0,0.8838210105895996,0.9014700055122375,0.8990634679794312,0.7352160215377808,0.5702199935913086,0.25374796986579895,0.9056991338729858,0.20365600287914276,0.11452300101518631,0.21892699599266052,0.319875,0.24927659332752228,0.3296549916267395,0.2776719927787781,0.9333879947662354,0.4389230012893677,0.4074345529079437,0.74417,0.4021480083465576,0.5792719721794128,0.3801789879798889,0.912518024,0.5637401342391968,0.8697749972343445,0.9209978580474854,0.942781388759613,0.40444499254226685,0.8560140132904053,0.9491699934005737
916.0,0.8837112069129944,0.9012582063674927,0.8992721557617187,0.7351450204849244,0.5703499913215637,0.25321837067604064,0.9054405927658081,0.20247440338134765,0.11479660123586655,0.21854359805583953,0.3186684,0.24990355968475342,0.3296993911266327,0.2778267920017242,0.9330958008766175,0.43875679969787595,0.40771946907043455,0.744448,0.4022432088851929,0.579195773601532,0.38026819229125974,0.912009823,0.5638431787490845,0.8703115940093994,0.9206222534179688,0.9430375933647156,0.40433539152145387,0.8560484051704407,0.9490251898765564
917.0,0.8836014032363891,0.9010464072227478,0.8994808435440064,0.7350740194320678,0.5704799890518188,0.2526887714862823,0.9051820516586304,0.20129280388355256,0.11507020145654678,0.21816020011901854,0.3174618,0.25053052604198456,0.32974379062652587,0.2779815912246704,0.9328036069869995,0.4385905981063843,0.4080043852329254,0.744726,0.40233840942382815,0.5791195750236511,0.3803573966026306,0.9115016220000001,0.5639462232589721,0.8708481907844543,0.9202466487884522,0.9432937979698182,0.4042257905006409,0.8560827970504761,0.948880386352539
918.0,0.883491599559784,0.900834608078003,0.8996895313262939,0.7350030183792114,0.570609986782074,0.25215917229652407,0.9049235105514526,0.20011120438575744,0.11534380167722702,0.21777680218219758,0.3162552,0.2511574923992157,0.3297881901264191,0.27813639044761657,0.9325114130973816,0.43842439651489257,0.40828930139541625,0.745004,0.40243360996246336,0.5790433764457703,0.38044660091400145,0.910993421,0.5640492677688599,0.8713847875595093,0.9198710441589355,0.9435500025749206,0.40411618947982786,0.8561171889305115,0.9487355828285218
919.0,0.8833817958831787,0.9006228089332581,0.8998982191085816,0.7349320173263549,0.5707399845123291,0.25162957310676576,0.9046649694442749,0.19892960488796235,0.11561740189790726,0.2173934042453766,0.3150486,0.25178445875644684,0.32983258962631223,0.27829118967056277,0.9322192192077636,0.4382581949234009,0.4085742175579071,0.745282,0.4025288105010986,0.5789671778678894,0.38053580522537234,0.9104852200000001,0.5641523122787475,0.8719213843345642,0.9194954395294189,0.9438062071800232,0.4040065884590149,0.8561515808105469,0.9485907793045044
920.0,0.8832719922065735,0.9004110097885132,0.9001069068908691,0.7348610162734985,0.5708699822425842,0.25109997391700745,0.9044064283370972,0.19774800539016724,0.1158910021185875,0.2170100063085556,0.313842,0.252411425113678,0.32987698912620544,0.2784459888935089,0.9319270253181458,0.4380919933319092,0.40885913372039795,0.74556,0.4026240110397339,0.5788909792900085,0.38062500953674316,0.909977019,0.5642553567886353,0.8724579811096191,0.9191198348999023,0.9440624117851257,0.4038969874382019,0.8561859726905823,0.9484459757804871
921.0,0.883821988105774,0.9003578066825867,0.9003305673599243,0.7349430084228515,0.5707539916038513,0.2505984425544739,0.9040599703788758,0.19681160449981688,0.11605540215969086,0.21667100489139557,0.3129846,0.2532202959060669,0.32980579137802124,0.2785089910030365,0.9326338171958923,0.43829779624938964,0.4090936124324799,0.745534,0.4028594076633453,0.5790615797042846,0.3805590093135834,0.9096692206,0.5644023537635803,0.8724905848503113,0.9189279556274415,0.9437177777290344,0.4041911900043488,0.8561281800270081,0.9484217762947083
922.0,0.8843719840049744,0.9003046035766602,0.9005542278289795,0.7350250005722045,0.5706380009651184,0.25009691119194033,0.9037135124206543,0.19587520360946656,0.11621980220079423,0.21633200347423553,0.3121272,0.2540291666984558,0.32973459362983704,0.2785719931125641,0.9333406090736389,0.4385035991668701,0.40932809114456176,0.7455080000000001,0.40309480428695676,0.5792321801185608,0.3804930090904236,0.9093614222,0.5645493507385254,0.8725231885910034,0.9187360763549804,0.9433731436729431,0.4044853925704956,0.8560703873634339,0.9483975768089294
923.0,0.8849219799041748,0.9002514004707336,0.9007778882980346,0.7351069927215577,0.5705220103263855,0.24959537982940674,0.9033670544624328,0.1949388027191162,0.11638420224189758,0.2159930020570755,0.31126980000000004,0.2548380374908447,0.32966339588165283,0.2786349952220917,0.9340474009513855,0.4387094020843506,0.4095625698566437,0.745482,0.40333020091056826,0.5794027805328369,0.38042700886726377,0.9090536238,0.5646963477134704,0.8725557923316956,0.9185441970825196,0.9430285096168518,0.40477959513664247,0.8560125946998596,0.9483733773231506
924.0,0.8854719758033752,0.9001981973648071,0.9010015487670898,0.7351889848709107,0.5704060196876526,0.24909384846687316,0.9030205965042114,0.19400240182876588,0.11654860228300094,0.21565400063991547,0.31041240000000003,0.25564690828323366,0.32959219813346863,0.27869799733161926,0.9347541928291321,0.43891520500183107,0.40979704856872556,0.745456,0.4035655975341797,0.5795733809471131,0.380361008644104,0.9087458254,0.5648433446884156,0.8725883960723877,0.9183523178100585,0.9426838755607605,0.4050737977027893,0.8559548020362854,0.9483491778373718
925.0,0.8860219717025757,0.9001449942588806,0.901225209236145,0.7352709770202637,0.5702900290489197,0.2485923171043396,0.90267413854599,0.19306600093841553,0.11671300232410431,0.21531499922275543,0.309555,0.25645577907562256,0.3295210003852844,0.27876099944114685,0.9354609847068787,0.4391210079193115,0.4100315272808075,0.74543,0.40380099415779114,0.5797439813613892,0.3802950084209442,0.908438027,0.5649903416633606,0.8726209998130798,0.9181604385375977,0.9423392415046692,0.40536800026893616,0.8558970093727112,0.948324978351593
926.0,0.8856851816177368,0.9002137899398803,0.9015088319778443,0.7354773759841919,0.5699040174484253,0.2482030302286148,0.9019759893417358,0.19185340106487275,0.11705580204725266,0.21505559980869293,0.3082192,0.2579923033714294,0.3293201982975006,0.2794597983360291,0.9348763823509216,0.4389378070831299,0.4100642502307892,0.74529,0.4033249974250793,0.5800909876823426,0.3802962064743042,0.9083686234,0.565313196182251,0.8726794004440308,0.9187035322189331,0.9422104477882385,0.40562360286712645,0.8560328125953675,0.9481133818626404
927.0,0.8853483915328979,0.9002825856208801,0.9017924547195435,0.7356837749481201,0.5695180058479309,0.24781374335289003,0.9012778401374817,0.19064080119132995,0.117398601770401,0.21479620039463043,0.30688340000000003,0.25952882766723634,0.3291193962097168,0.28015859723091124,0.9342917799949646,0.43875460624694823,0.4100969731807709,0.74515,0.40284900069236756,0.5804379940032959,0.3802974045276642,0.9082992198,0.5656360507011413,0.8727378010749817,0.9192466259002685,0.9420816540718079,0.40587920546531675,0.8561686158180237,0.9479017853736877
928.0,0.8850116014480591,0.9003513813018799,0.9020760774612426,0.7358901739120484,0.5691319942474365,0.2474244564771652,0.9005796909332275,0.18942820131778718,0.11774140149354935,0.21453680098056793,0.3055476,0.2610653519630432,0.328918594121933,0.28085739612579347,0.9337071776390076,0.4385714054107666,0.41012969613075256,0.7450100000000001,0.40237300395965575,0.5807850003242493,0.38029860258102416,0.9082298162,0.5659589052200318,0.8727962017059326,0.919789719581604,0.9419528603553772,0.4061348080635071,0.8563044190406799,0.9476901888847351
929.0,0.8846748113632202,0.9004201769828797,0.9023597002029419,0.7360965728759765,0.5687459826469421,0.24703516960144042,0.8998815417289734,0.18821560144424437,0.11808420121669769,0.21427740156650543,0.3042118,0.2626018762588501,0.3287177920341492,0.28155619502067564,0.9331225752830505,0.43838820457458494,0.41016241908073425,0.74487,0.401897007226944,0.5811320066452026,0.3802998006343842,0.9081604125999999,0.5662817597389221,0.8728546023368835,0.9203328132629395,0.9418240666389466,0.4063904106616974,0.8564402222633362,0.9474785923957825
930.0,0.8843380212783813,0.9004889726638794,0.9026433229446411,0.7363029718399048,0.5683599710464478,0.24664588272571564,0.8991833925247192,0.1870030015707016,0.11842700093984604,0.21401800215244293,0.302876,0.264138400554657,0.32851698994636536,0.28225499391555786,0.9325379729270935,0.4382050037384033,0.41019514203071594,0.74473,0.4014210104942322,0.581479012966156,0.38030099868774414,0.908091009,0.5666046142578125,0.8729130029678345,0.9208759069442749,0.9416952729225159,0.4066460132598877,0.8565760254859924,0.9472669959068298
931.0,0.8845100164413452,0.9002757787704467,0.9026662945747376,0.7360211730003356,0.5684739708900451,0.24633838832378388,0.8984744787216187,0.18610800206661224,0.11858500093221665,0.21380880177021028,0.3015868,0.26550779342651365,0.3285685896873474,0.28245999217033385,0.9326575756072998,0.4384970009326935,0.4102997422218323,0.74485,0.402032607793808,0.5822712063789368,0.3804975986480713,0.9077490093999999,0.5666332006454468,0.8731611967086792,0.9208579540252686,0.9418582439422607,0.40664801001548767,0.856505024433136,0.9471315979957581
932.0,0.884682011604309,0.9000625848770142,0.902689266204834,0.7357393741607666,0.5685879707336425,0.24603089392185212,0.8977655649185181,0.18521300256252288,0.11874300092458726,0.2135996013879776,0.3002976,0.2668771862983704,0.3286201894283295,0.28266499042510984,0.9327771782875061,0.43878899812698363,0.4104043424129486,0.74497,0.4026442050933838,0.5830633997917175,0.3806941986083984,0.9074070098,0.566661787033081,0.8734093904495239,0.9208400011062622,0.9420212149620056,0.40665000677108765,0.8564340233802795,0.9469962000846863
933.0,0.884854006767273,0.8998493909835815,0.9027122378349304,0.7354575753211975,0.56870197057724,0.24572339951992034,0.8970566511154174,0.18431800305843354,0.11890100091695785,0.21339040100574494,0.2990084,0.26824657917022704,0.3286717891693115,0.2828699886798859,0.9328967809677124,0.4390809953212738,0.41050894260406495,0.74509,0.4032558023929596,0.5838555932044983,0.3808907985687256,0.9070650102,0.5666903734207154,0.8736575841903687,0.9208220481872559,0.9421841859817505,0.4066520035266876,0.8563630223274231,0.9468608021736145
934.0,0.8850260019302368,0.899636197090149,0.9027352094650268,0.7351757764816285,0.5688159704208374,0.24541590511798858,0.8963477373123169,0.18342300355434418,0.11905900090932846,0.21318120062351226,0.2977192,0.26961597204208376,0.32872338891029357,0.2830749869346619,0.9330163836479187,0.43937299251556394,0.41061354279518125,0.74521,0.4038673996925354,0.584647786617279,0.3810873985290527,0.9067230106,0.5667189598083496,0.8739057779312134,0.9208040952682495,0.9423471570014954,0.4066540002822876,0.8562920212745666,0.9467254042625427
935.0,0.8851979970932007,0.8994230031967163,0.9027581810951233,0.7348939776420593,0.5689299702644348,0.24510841071605682,0.8956388235092163,0.18252800405025482,0.11921700090169907,0.2129720002412796,0.29643,0.27098536491394043,0.32877498865127563,0.28327998518943787,0.933135986328125,0.4396649897098541,0.4107181429862976,0.74533,0.4044789969921112,0.5854399800300598,0.3812839984893799,0.906381011,0.5667475461959839,0.8741539716720581,0.9207861423492432,0.9425101280212402,0.4066559970378876,0.8562210202217102,0.946590006351471
936.0,0.8850497961044311,0.8997444033622741,0.90239018201828,0.7349701762199402,0.5684839725494385,0.24492360949516295,0.8949137687683105,0.18157540261745453,0.11998440027236938,0.21272099912166595,0.2951124,0.27210407257080077,0.3286211907863617,0.28364518880844114,0.9329585909843445,0.43962839245796204,0.4109305560588837,0.7445740000000001,0.4047655999660492,0.5846561789512634,0.38120599985122683,0.9067634106,0.5663347244262695,0.8743581771850586,0.9199266076087952,0.9427999496459961,0.4074678003787994,0.8560774207115174,0.9461640000343323
937.0,0.8849015951156616,0.900065803527832,0.9020221829414368,0.7350463747978211,0.5680379748344422,0.2447388082742691,0.8941887140274047,0.18062280118465424,0.1207517996430397,0.2124699980020523,0.2937948,0.2732227802276611,0.3284673929214478,0.28401039242744447,0.9327811956405639,0.43959179520606995,0.41114296913146975,0.7438180000000001,0.40505220293998717,0.583872377872467,0.3811280012130737,0.9071458102,0.5659219026565552,0.8745623826980591,0.9190670728683472,0.943089771270752,0.4082796037197113,0.8559338212013244,0.9457379937171936
938.0,0.8847533941268921,0.9003872036933899,0.9016541838645935,0.7351225733757019,0.5675919771194458,0.24455400705337524,0.8934636592864991,0.17967019975185394,0.12151919901371003,0.21221899688243867,0.2924772,0.2743414878845215,0.3283135950565338,0.28437559604644774,0.9326038002967835,0.43955519795417786,0.41135538220405576,0.743062,0.4053388059139252,0.5830885767936707,0.38105000257492067,0.9075282098,0.5655090808868408,0.8747665882110596,0.9182075381278991,0.9433795928955078,0.4090914070606232,0.8557902216911316,0.945311987400055
939.0,0.8846051931381226,0.9007086038589478,0.9012861847877502,0.7351987719535827,0.5671459794044494,0.2443692058324814,0.8927386045455933,0.17871759831905365,0.12228659838438034,0.21196799576282502,0.2911596,0.27546019554138185,0.32815979719161986,0.28474079966545107,0.9324264049530029,0.43951860070228577,0.41156779527664183,0.742306,0.40562540888786314,0.5823047757148743,0.38097200393676756,0.9079106094,0.5650962591171265,0.8749707937240601,0.9173480033874511,0.9436694145202636,0.40990321040153505,0.8556466221809387,0.9448859810829162
940.0,0.884456992149353,0.9010300040245056,0.900918185710907,0.7352749705314636,0.5666999816894531,0.24418440461158752,0.8920135498046875,0.17776499688625336,0.12305399775505066,0.21171699464321136,0.289842,0.2765789031982422,0.32800599932670593,0.28510600328445435,0.9322490096092224,0.4394820034503937,0.4117802083492279,0.74155,0.40591201186180115,0.5815209746360779,0.3808940052986145,0.908293009,0.5646834373474121,0.8751749992370605,0.9164884686470032,0.9439592361450195,0.4107150137424469,0.8555030226707458,0.9444599747657776
941.0,0.8845741987228394,0.9007773995399475,0.9003799080848693,0.7353187799453735,0.5664019823074341,0.24375299215316773,0.89163259267807,0.17684359848499298,0.12369179725646973,0.21152819693088531,0.288512,0.2776104688644409,0.3278697967529297,0.2854360044002533,0.9322558045387268,0.4396236002445221,0.411738258600235,0.7405120000000001,0.4059338092803955,0.5816999793052673,0.3809798061847687,0.9056384088,0.5620636820793152,0.8747341990470886,0.9158788084983825,0.9434628367424012,0.41085941195487974,0.8551442146301269,0.9443075776100158
942.0,0.8846914052963257,0.9005247950553894,0.8998416304588318,0.7353625893592834,0.5661039829254151,0.24332157969474794,0.8912516355514526,0.1759222000837326,0.1243295967578888,0.21133939921855927,0.287182,0.2786420345306396,0.32773359417915343,0.28576600551605225,0.9322625994682312,0.4397651970386505,0.4116963088512421,0.7394740000000001,0.4059556066989899,0.5818789839744568,0.38106560707092285,0.9029838086,0.5594439268112182,0.8742933988571167,0.9152691483497619,0.9429664373397827,0.41100381016731263,0.8547854065895081,0.9441551804542542
943.0,0.884808611869812,0.9002721905708313,0.8993033528327942,0.7354063987731934,0.565805983543396,0.24289016723632811,0.8908706784248352,0.17500080168247223,0.12496739625930786,0.21115060150623322,0.285852,0.2796736001968384,0.3275973916053772,0.2860960066318512,0.9322693943977356,0.4399067938327789,0.4116543591022491,0.738436,0.4059774041175842,0.5820579886436462,0.381151407957077,0.9003292084,0.5568241715431214,0.8738525986671448,0.9146594882011414,0.9424700379371643,0.4111482083797455,0.8544265985488891,0.9440027832984924
944.0,0.8849258184432983,0.9000195860862732,0.8987650752067566,0.7354502081871033,0.5655079841613769,0.24245875477790832,0.8904897212982178,0.17407940328121185,0.12560519576072693,0.21096180379390717,0.284522,0.2807051658630371,0.32746118903160093,0.28642600774765015,0.93227618932724,0.44004839062690737,0.4116124093532562,0.737398,0.4059992015361786,0.5822369933128357,0.3812372088432312,0.8976746082,0.5542044162750244,0.8734117984771729,0.9140498280525208,0.9419736385345459,0.41129260659217837,0.8540677905082703,0.9438503861427308
945.0,0.8850430250167847,0.8997669816017151,0.898226797580719,0.7354940176010132,0.5652099847793579,0.24202734231948853,0.8901087641716003,0.17315800487995148,0.126242995262146,0.21077300608158112,0.283192,0.28173673152923584,0.3273249864578247,0.2867560088634491,0.9322829842567444,0.44018998742103577,0.4115704596042633,0.73636,0.40602099895477295,0.5824159979820251,0.3813230097293854,0.895020008,0.5515846610069275,0.8729709982872009,0.9134401679039001,0.9414772391319275,0.4114370048046112,0.8537089824676514,0.943697988986969
946.0,0.8849756240844726,0.8998843908309937,0.8979363083839417,0.7354842185974121,0.5653859853744507,0.24162648022174835,0.8897193551063538,0.17215900421142577,0.12707759737968444,0.2104604035615921,0.2819748,0.2828931748867035,0.3270595908164978,0.2869080066680908,0.9322491884231567,0.4402747929096222,0.41157543659210205,0.736318,0.4061985969543457,0.5827064037322998,0.3816006064414978,0.8937188028,0.5497225880622864,0.8730055928230286,0.9129944801330566,0.941252076625824,0.41191200613975526,0.8533597826957703,0.9436513900756835
947.0,0.8849082231521607,0.9000018000602722,0.8976458191871644,0.735474419593811,0.5655619859695434,0.24122561812400817,0.8893299460411072,0.1711600035429001,0.1279121994972229,0.21014780104160308,0.2807576,0.28404961824417113,0.3267941951751709,0.28706000447273256,0.9322153925895691,0.4403595983982086,0.4115804135799408,0.736276,0.40637619495391847,0.5829968094825745,0.3818782031536102,0.8924175976000001,0.5478605151176452,0.8730401873588562,0.9125487923622131,0.9410269141197205,0.4123870074748993,0.8530105829238892,0.9436047911643982
948.0,0.8848408222198486,0.9001192092895508,0.8973553299903869,0.73546462059021,0.5657379865646363,0.24082475602626802,0.8889405369758606,0.17016100287437438,0.12874680161476135,0.20983519852161409,0.2795404,0.2852060616016388,0.326528799533844,0.28721200227737426,0.9321815967559814,0.44044440388679507,0.41158539056777954,0.7362339999999999,0.4065537929534912,0.5832872152328491,0.3821557998657227,0.8911163924,0.5459984421730042,0.8730747818946838,0.9121031045913697,0.9408017516136169,0.4128620088100433,0.852661383152008,0.9435581922531128
949.0,0.8847734212875367,0.9002366185188293,0.8970648407936096,0.7354548215866089,0.565913987159729,0.24042389392852784,0.888551127910614,0.1691620022058487,0.12958140373229982,0.20952259600162507,0.2783232,0.2863625049591064,0.32626340389251707,0.287364000082016,0.9321478009223938,0.4405292093753815,0.4115903675556183,0.736192,0.406731390953064,0.5835776209831238,0.3824333965778351,0.8898151872,0.5441363692283631,0.8731093764305115,0.9116574168205261,0.9405765891075134,0.41333701014518737,0.8523121833801269,0.9435115933418274
950.0,0.8847060203552246,0.9003540277481079,0.8967743515968323,0.7354450225830078,0.5660899877548218,0.24002303183078766,0.8881617188453674,0.168163001537323,0.13041600584983826,0.20920999348163605,0.277106,0.2875189483165741,0.3259980082511902,0.2875159978866577,0.9321140050888062,0.4406140148639679,0.41159534454345703,0.73615,0.4069089889526367,0.5838680267333984,0.3827109932899475,0.888513982,0.5422742962837219,0.8731439709663391,0.9112117290496826,0.9403514266014099,0.4138120114803314,0.8519629836082458,0.943464994430542
951.0,0.884686815738678,0.9004250168800354,0.8976452827453614,0.7355318188667297,0.5660719871520996,0.2399909555912018,0.8873944282531738,0.1673862010240555,0.13132580518722534,0.20891359448432922,0.27585160000000003,0.28926202058792116,0.3259438037872314,0.28781099915504454,0.9311764001846313,0.4405362129211426,0.4120423972606659,0.737366,0.40728679299354553,0.5838164210319519,0.38275139331817626,0.8909215805999999,0.5456499099731446,0.8732441782951355,0.9111719965934754,0.94051513671875,0.4140308082103729,0.8516275882720947,0.9429067969322205
952.0,0.8846676111221313,0.9004960060119629,0.8985162138938904,0.7356186151504517,0.5660539865493774,0.23995887935161592,0.8866271376609802,0.16660940051078796,0.13223560452461242,0.2086171954870224,0.27459720000000004,0.2910050928592682,0.3258895993232727,0.2881060004234314,0.9302387952804565,0.4404584109783173,0.41248944997787473,0.738582,0.40766459703445435,0.5837648153305054,0.382791793346405,0.8933291792,0.5490255236625672,0.8733443856239319,0.9111322641372681,0.94067884683609,0.4142496049404144,0.8512921929359436,0.9423485994338989
953.0,0.8846484065055847,0.9005669951438904,0.8993871450424195,0.7357054114341736,0.5660359859466553,0.23992680311203002,0.8858598470687866,0.16583259999752045,0.13314540386199952,0.20832079648971558,0.2733428,0.29274816513061525,0.32583539485931395,0.28840100169181826,0.9293011903762818,0.4403806090354919,0.41293650269508364,0.739798,0.40804240107536316,0.5837132096290588,0.3828321933746338,0.8957367777999999,0.5524011373519897,0.8734445929527282,0.9110925316810607,0.9408425569534302,0.41446840167045595,0.8509567975997925,0.9417904019355774
954.0,0.884629201889038,0.9006379842758179,0.9002580761909484,0.7357922077178956,0.5660179853439331,0.23989472687244415,0.885092556476593,0.16505579948425292,0.1340552031993866,0.20802439749240875,0.2720884,0.29449123740196226,0.32578119039535525,0.2886960029602051,0.928363585472107,0.4403028070926666,0.4133835554122925,0.741014,0.408420205116272,0.5836616039276123,0.38287259340286256,0.8981443764,0.5557767510414123,0.8735448002815247,0.9110527992248535,0.9410062670707703,0.41468719840049745,0.8506214022636414,0.9412322044372559
955.0,0.8846099972724915,0.9007089734077454,0.9011290073394775,0.7358790040016174,0.5659999847412109,0.23986265063285828,0.8843252658843994,0.1642789989709854,0.13496500253677368,0.20772799849510193,0.270834,0.2962343096733093,0.3257269859313965,0.2889910042285919,0.9274259805679321,0.4402250051498413,0.41383060812950134,0.74223,0.4087980091571808,0.5836099982261658,0.3829129934310913,0.900551975,0.559152364730835,0.873645007610321,0.9110130667686462,0.9411699771881104,0.41490599513053894,0.8502860069274902,0.9406740069389343
956.0,0.8845986008644104,0.9006297826766968,0.9013813138008118,0.7358857989311218,0.5657639861106872,0.23954680562019348,0.8824442028999329,0.16347939968109132,0.13607420325279235,0.20756319761276246,0.26946600000000004,0.29825553894042967,0.325534588098526,0.2894608020782471,0.9277721881866455,0.44027420282363894,0.4137376964092255,0.7424879999999999,0.40920060873031616,0.5834905982017518,0.38311739563941954,0.8996891858,0.5608984708786011,0.8736120104789734,0.9108945846557617,0.9402691721916199,0.415518593788147,0.8500864028930664,0.9397248029708862
957.0,0.8845872044563293,0.9005505919456482,0.901633620262146,0.7358925938606262,0.5655279874801635,0.2392309606075287,0.8805631399154663,0.1626798003911972,0.13718340396881104,0.20739839673042298,0.268098,0.30027676820755006,0.32534219026565553,0.2899305999279022,0.9281183958053589,0.4403234004974365,0.4136447846889496,0.7427459999999999,0.40960320830345154,0.5833711981773376,0.3833217978477478,0.8988263966,0.5626445770263672,0.8735790133476258,0.9107761025428772,0.9393683671951294,0.416131192445755,0.8498867988586426,0.9387755990028381
958.0,0.8845758080482483,0.9004714012145996,0.9018859267234802,0.7358993887901306,0.5652919888496399,0.2389151155948639,0.8786820769309998,0.1618802011013031,0.1382926046848297,0.20723359584808348,0.26673,0.3022979974746704,0.325149792432785,0.2904003977775574,0.9284646034240722,0.44037259817123414,0.4135518729686737,0.743004,0.4100058078765869,0.5832517981529236,0.38352620005607607,0.8979636074,0.5643906831741333,0.873546016216278,0.9106576204299927,0.9384675621986389,0.416743791103363,0.8496871948242187,0.93782639503479
959.0,0.8845644116401672,0.900392210483551,0.9021382331848145,0.735906183719635,0.5650559902191162,0.2385992705821991,0.8768010139465332,0.16108060181140899,0.1394018054008484,0.207068794965744,0.265362,0.3043192267417908,0.3249573945999146,0.2908701956272125,0.9288108110427856,0.4404217958450317,0.4134589612483978,0.743262,0.4104084074497223,0.5831323981285095,0.3837306022644043,0.8971008182,0.5661367893218994,0.8735130190849304,0.9105391383171082,0.9375667572021484,0.41735638976097106,0.849487590789795,0.9368771910667419
960.0,0.8845530152320862,0.9003130197525024,0.9023905396461487,0.7359129786491394,0.5648199915885925,0.2382834255695343,0.8749199509620667,0.1602810025215149,0.14051100611686707,0.20690399408340454,0.263994,0.30634045600891113,0.32476499676704407,0.2913399934768677,0.929157018661499,0.44047099351882935,0.41336604952812195,0.74352,0.41081100702285767,0.5830129981040955,0.38393500447273254,0.896238029,0.5678828954696655,0.8734800219535828,0.9104206562042236,0.936665952205658,0.4179689884185791,0.8492879867553711,0.9359279870986938
961.0,0.8847714066505432,0.9003400206565857,0.9022969722747802,0.7360049843788147,0.5647119879722595,0.23782315850257874,0.8721081376075744,0.1596190005540848,0.14187880456447602,0.2066947966814041,0.2627442,0.3084465503692627,0.32467779517173767,0.2917265951633453,0.928626811504364,0.4406579971313477,0.4130867660045624,0.74379,0.41122100353240965,0.5831689953804016,0.38413000106811523,0.8957936286,0.5684677600860596,0.8731788158416748,0.9101165294647217,0.9367800116539001,0.41845259070396423,0.848826789855957,0.9351717948913574
962.0,0.8849897980690002,0.900367021560669,0.9022034049034119,0.73609699010849,0.5646039843559265,0.23736289143562317,0.8692963242530822,0.15895699858665466,0.14324660301208497,0.2064855992794037,0.2614944,0.31055264472961425,0.3245905935764313,0.292113196849823,0.928096604347229,0.44084500074386596,0.4128074824810028,0.7440599999999999,0.4116310000419617,0.5833249926567078,0.3843249976634979,0.8953492282000001,0.5690526247024537,0.8728776097297668,0.9098124027252197,0.9368940711021423,0.41893619298934937,0.848365592956543,0.934415602684021
963.0,0.8852081894874573,0.9003940224647522,0.9021098375320434,0.7361889958381653,0.5644959807395935,0.2369026243686676,0.8664845108985901,0.15829499661922455,0.1446144014596939,0.20627640187740326,0.2602446,0.31265873908996583,0.3245033919811249,0.29249979853630065,0.927566397190094,0.4410320043563843,0.41252819895744325,0.74433,0.41204099655151366,0.5834809899330139,0.3845199942588806,0.8949048278,0.5696374893188476,0.8725764036178589,0.9095082759857178,0.9370081305503846,0.4194197952747345,0.8479043960571289,0.9336594104766845
964.0,0.8854265809059143,0.9004210233688354,0.9020162701606751,0.7362810015678406,0.5643879771232605,0.23644235730171204,0.8636726975440979,0.15763299465179442,0.14598219990730285,0.20606720447540283,0.2589948,0.31476483345031736,0.3244161903858185,0.29288640022277834,0.927036190032959,0.44121900796890257,0.41224891543388364,0.7446,0.4124509930610657,0.5836369872093201,0.3847149908542633,0.8944604274000001,0.5702223539352417,0.872275197505951,0.9092041492462158,0.9371221899986267,0.41990339756011963,0.8474431991577148,0.9329032182693482
965.0,0.8856449723243713,0.9004480242729187,0.9019227027893066,0.7363730072975159,0.5642799735069275,0.23598209023475647,0.8608608841896057,0.15697099268436432,0.1473499983549118,0.2058580070734024,0.257745,0.31687092781066895,0.3243289887905121,0.293273001909256,0.926505982875824,0.4414060115814209,0.4119696319103241,0.74487,0.4128609895706177,0.5837929844856262,0.384909987449646,0.894016027,0.5708072185516357,0.871973991394043,0.9089000225067139,0.9372362494468689,0.42038699984550476,0.8469820022583008,0.9321470260620117
966.0,0.8852741837501525,0.9005316138267517,0.9020953416824341,0.7362684011459351,0.5642439723014832,0.23570087254047395,0.8572962045669555,0.15627559423446655,0.14893959760665892,0.205838406085968,0.2563234,0.31857472062110903,0.32408758997917175,0.2934336006641388,0.9270259857177734,0.4416762113571167,0.41238478422164915,0.745054,0.41332499384880067,0.5836281895637512,0.38509578704833985,0.8945968266000001,0.571092689037323,0.871632194519043,0.9080633401870728,0.9365670919418335,0.42090700268745423,0.8466706037521362,0.9314740180969239
967.0,0.8849033951759339,0.9006152033805848,0.9022679805755616,0.7361637949943542,0.5642079710960388,0.2354196548461914,0.8537315249443054,0.15558019578456878,0.15052919685840607,0.20581880509853362,0.2549018,0.32027851343154906,0.3238461911678314,0.2935941994190216,0.9275459885597229,0.4419464111328125,0.41279993653297425,0.745238,0.41378899812698366,0.5834633946418762,0.3852815866470337,0.8951776262000001,0.5713781595230103,0.8712903976440429,0.9072266578674316,0.9358979344367981,0.4214270055294037,0.8463592052459716,0.9308010101318359
968.0,0.8845326066017151,0.9006987929344177,0.9024406194686889,0.7360591888427734,0.5641719698905945,0.23513843715190888,0.8501668453216553,0.15488479733467103,0.1521187961101532,0.20579920411109925,0.2534802,0.32198230624198915,0.3236047923564911,0.29375479817390443,0.9280659914016723,0.4422166109085083,0.4132150888442993,0.745422,0.4142530024051666,0.5832985997200012,0.3854673862457275,0.8957584258,0.5716636300086975,0.870948600769043,0.9063899755477905,0.9352287769317627,0.4219470083713531,0.8460478067398072,0.9301280021667481
969.0,0.8841618180274964,0.9007823824882507,0.9026132583618164,0.7359545826911926,0.5641359686851501,0.23485721945762633,0.8466021656990051,0.15418939888477326,0.15370839536190034,0.20577960312366486,0.2520586,0.3236860990524292,0.32336339354515076,0.2939153969287872,0.9285859942436219,0.4424868106842041,0.4136302411556244,0.745606,0.4147170066833496,0.5831338047981263,0.3856531858444214,0.8963392254,0.5719491004943847,0.870606803894043,0.9055532932281494,0.9345596194267273,0.4224670112133026,0.8457364082336426,0.9294549942016601
970.0,0.8837910294532776,0.9008659720420837,0.9027858972549438,0.7358499765396118,0.5640999674797058,0.2345760017633438,0.843037486076355,0.1534940004348755,0.15529799461364746,0.20576000213623047,0.250637,0.32538989186286926,0.3231219947338104,0.29407599568367004,0.9291059970855713,0.4427570104598999,0.41404539346694946,0.74579,0.4151810109615326,0.5829690098762512,0.38583898544311523,0.896920025,0.572234570980072,0.870265007019043,0.9047166109085083,0.9338904619216919,0.4229870140552521,0.845425009727478,0.9287819862365723
971.0,0.8841256260871887,0.9009069800376892,0.9029474377632141,0.7358421802520752,0.5641819715499878,0.23401258289813995,0.8443948030471802,0.15297140181064606,0.15694499611854554,0.20522500276565553,0.2493936,0.3273482084274292,0.32288759350776675,0.29430139660835264,0.9302701950073242,0.4428930103778839,0.41435934901237487,0.746068,0.4155452072620392,0.5829634070396423,0.3862559854984283,0.8976016162,0.5720564723014832,0.8698278069496155,0.9045184969902038,0.9337043404579163,0.4241598129272461,0.8451046109199524,0.9279639840126037
972.0,0.8844602227210998,0.9009479880332947,0.9031089782714844,0.7358343839645386,0.5642639756202698,0.23344916403293609,0.8457521200180054,0.15244880318641663,0.15859199762344361,0.20469000339508056,0.2481502,0.32930652499198915,0.322653192281723,0.2945267975330353,0.9314343929290771,0.44302901029586794,0.41467330455780027,0.746346,0.4159094035625458,0.5829578042030334,0.38667298555374147,0.8982832074,0.5718783736228943,0.869390606880188,0.9043203830718994,0.9335182189941407,0.4253326117992401,0.8447842121124267,0.9271459817886353
973.0,0.884794819355011,0.9009889960289001,0.9032705187797546,0.7358265876770019,0.5643459796905518,0.23288574516773225,0.8471094369888306,0.1519262045621872,0.16023899912834166,0.20415500402450562,0.2469068,0.33126484155654906,0.32241879105567933,0.2947521984577179,0.9325985908508301,0.4431650102138519,0.41498726010322573,0.746624,0.41627359986305235,0.5829522013664246,0.38708998560905455,0.8989647986,0.5717002749443054,0.8689534068107605,0.904122269153595,0.933332097530365,0.42650541067123415,0.8444638133049012,0.9263279795646667
974.0,0.8851294159889221,0.9010300040245056,0.903432059288025,0.7358187913894654,0.5644279837608337,0.2323223263025284,0.8484667539596558,0.15140360593795776,0.16188600063323974,0.20362000465393065,0.2456634,0.33322315812110903,0.3221843898296356,0.29497759938240053,0.933762788772583,0.4433010101318359,0.41530121564865113,0.746902,0.41663779616355895,0.5829465985298157,0.3875069856643677,0.8996463898,0.5715221762657166,0.868516206741333,0.9039241552352906,0.9331459760665893,0.42767820954322816,0.8441434144973755,0.9255099773406983
975.0,0.8854640126228333,0.9010710120201111,0.9035935997962952,0.7358109951019287,0.5645099878311157,0.23175890743732452,0.849824070930481,0.15088100731372833,0.16353300213813782,0.2030850052833557,0.24442,0.33518147468566895,0.3219499886035919,0.29520300030708313,0.9349269866943359,0.44343701004981995,0.41561517119407654,0.74718,0.41700199246406555,0.5829409956932068,0.3879239857196808,0.900327981,0.5713440775871277,0.8680790066719055,0.9037260413169861,0.9329598546028137,0.42885100841522217,0.8438230156898499,0.9246919751167297
976.0,0.8854668140411377,0.9008324146270752,0.9027502655982971,0.7359362006187439,0.5645199894905091,0.2317898005247116,0.8509965419769288,0.1503296047449112,0.16565100252628326,0.20294860303401946,0.243427,0.3371430277824402,0.3216783881187439,0.2954833984375,0.9351363897323608,0.4435134053230286,0.4158824265003204,0.747298,0.41727439165115354,0.5836959958076477,0.3881471872329712,0.9002551798,0.5712125062942505,0.8674846053123474,0.9039036750793457,0.9326789855957032,0.4297786056995392,0.8436146140098572,0.9239743828773499
977.0,0.8854696154594421,0.9005938172340393,0.9019069314002991,0.736061406135559,0.5645299911499023,0.2318206936120987,0.8521690130233764,0.14977820217609406,0.1677690029144287,0.20281220078468323,0.242434,0.3391045808792114,0.32140678763389585,0.29576379656791685,0.9353457927703858,0.4435898005962372,0.4161496818065643,0.747416,0.4175467908382416,0.5844509959220886,0.3883703887462616,0.9001823786,0.5710809350013732,0.8668902039527893,0.9040813088417053,0.9323981165885925,0.4307062029838562,0.8434062123298645,0.92325679063797
978.0,0.8854724168777466,0.9003552198410034,0.901063597202301,0.7361866116523743,0.5645399928092957,0.23185158669948577,0.8533414840698242,0.14922679960727692,0.16988700330257417,0.20267579853534698,0.241441,0.3410661339759827,0.3211351871490479,0.29604419469833376,0.9355551958084106,0.4436661958694458,0.41641693711280825,0.747534,0.4178191900253296,0.5852059960365296,0.388593590259552,0.9001095774,0.5709493637084961,0.8662958025932312,0.9042589426040649,0.932117247581482,0.4316338002681732,0.8431978106498719,0.9225391983985901
979.0,0.885475218296051,0.9001166224479675,0.900220263004303,0.7363118171691895,0.5645499944686889,0.23188247978687287,0.8545139551162719,0.14867539703845978,0.1720050036907196,0.20253939628601075,0.240448,0.3430276870727539,0.32086358666419984,0.2963245928287506,0.9357645988464356,0.4437425911426544,0.41668419241905214,0.747652,0.4180915892124176,0.5859609961509704,0.3888167917728424,0.9000367762,0.5708177924156189,0.8657014012336731,0.9044365763664246,0.9318363785743713,0.43256139755249023,0.8429894089698792,0.9218216061592102
980.0,0.8854780197143555,0.8998780250549316,0.8993769288063049,0.7364370226860046,0.5645599961280823,0.23191337287425995,0.8556864261627197,0.14812399446964264,0.17412300407886505,0.2024029940366745,0.239455,0.34498924016952515,0.3205919861793518,0.2966049909591675,0.9359740018844604,0.44381898641586304,0.416951447725296,0.74777,0.4183639883995056,0.5867159962654114,0.3890399932861328,0.899963975,0.5706862211227417,0.865106999874115,0.9046142101287842,0.9315555095672607,0.43348899483680725,0.8427810072898865,0.9211040139198303
981.0,0.8853102207183838,0.9000884175300599,0.8993547797203064,0.7365108132362366,0.5647300004959106,0.2316882848739624,0.8572702050209046,0.1476657956838608,0.1762528032064438,0.20209519565105438,0.2380992,0.34691462516784666,0.32056238651275637,0.2967999935150146,0.9363178014755249,0.4439353883266449,0.4171030104160309,0.747932,0.41853119134902955,0.5869393944740295,0.38926839232444765,0.9001633764,0.570932126045227,0.8642120003700257,0.9050371050834656,0.9307867288589478,0.4339049935340881,0.8427942037582398,0.921340811252594
982.0,0.8851424217224121,0.900298810005188,0.8993326306343079,0.7365846037864685,0.564900004863739,0.23146319687366484,0.8588539838790894,0.1472075968980789,0.17838260233402253,0.20178739726543427,0.2367434,0.3488400101661682,0.3205327868461609,0.2969949960708618,0.9366616010665894,0.44405179023742675,0.4172545731067657,0.748094,0.4186983942985535,0.5871627926826477,0.38949679136276244,0.9003627778,0.5711780309677124,0.8633170008659363,0.905460000038147,0.9300179481506348,0.434320992231369,0.8428074002265931,0.9215776085853576
983.0,0.8849746227264405,0.9005092024803162,0.8993104815483093,0.7366583943367004,0.5650700092315674,0.23123810887336732,0.8604377627372741,0.14674939811229706,0.18051240146160125,0.20147959887981415,0.2353876,0.35076539516448973,0.32050318717956544,0.297189998626709,0.9370054006576538,0.44416819214820863,0.41740613579750063,0.748256,0.41886559724807737,0.5873861908912659,0.3897251904010773,0.9005621792,0.5714239358901978,0.8624220013618469,0.9058828949928284,0.9292491674423218,0.4347369909286499,0.8428205966949462,0.9218144059181214
984.0,0.8848068237304687,0.9007195949554443,0.8992883324623108,0.7367321848869324,0.5652400135993958,0.23101302087306977,0.862021541595459,0.1462911993265152,0.18264220058918,0.20117180049419403,0.23403179999999998,0.3526907801628113,0.32047358751296995,0.2973850011825562,0.9373492002487183,0.44428459405899046,0.4175576984882355,0.748418,0.4190328001976013,0.587609589099884,0.38995358943939207,0.9007615806,0.5716698408126831,0.8615270018577575,0.9063057899475098,0.9284803867340088,0.4351529896259308,0.8428337931632995,0.922051203250885
985.0,0.8846390247344971,0.9009299874305725,0.8992661833763123,0.7368059754371643,0.5654100179672241,0.23078793287277222,0.8636053204536438,0.14583300054073334,0.18477199971675873,0.2008640021085739,0.232676,0.3546161651611328,0.3204439878463745,0.2975800037384033,0.9376929998397827,0.44440099596977234,0.41770926117897034,0.74858,0.41920000314712524,0.5878329873085022,0.3901819884777069,0.900960982,0.5719157457351685,0.8606320023536682,0.9067286849021912,0.9277116060256958,0.43556898832321167,0.8428469896316528,0.9222880005836487
986.0,0.8847448229789734,0.9006793856620788,0.8999179363250732,0.7367223858833313,0.5653250098228455,0.23055020570755005,0.8655485510826111,0.14539619982242585,0.18715240061283112,0.20072480142116547,0.2316116,0.35665648579597475,0.32022058963775635,0.2978096008300781,0.9372975945472717,0.4444689989089966,0.4178640604019165,0.748768,0.4193622052669525,0.5878525853157044,0.3907207906246185,0.9007871867999999,0.5721810698509217,0.8597499966621399,0.9071567535400391,0.9275545835494995,0.43669559359550475,0.8425765872001648,0.9223814010620117
987.0,0.8848506212234497,0.9004287838935852,0.9005696892738342,0.7366387963294982,0.5652400016784668,0.2303124785423279,0.8674917817115784,0.14495939910411834,0.1895328015089035,0.20058560073375703,0.2305472,0.35869680643081664,0.3199971914291382,0.29803919792175293,0.9369021892547608,0.4445370018482208,0.4180188596248627,0.748956,0.41952440738677976,0.5878721833229065,0.39125959277153016,0.9006133916,0.5724463939666748,0.8588679909706116,0.9075848221778869,0.9273975610733032,0.43782219886779783,0.8423061847686768,0.9224748015403748
988.0,0.884956419467926,0.9001781821250916,0.9012214422225953,0.7365552067756653,0.5651549935340882,0.2300747513771057,0.8694350123405457,0.14452259838581086,0.1919132024049759,0.20044640004634856,0.2294828,0.3607371270656586,0.31977379322052,0.29826879501342773,0.9365067839622497,0.4446050047874451,0.4181736588478088,0.749144,0.4196866095066071,0.5878917813301087,0.39179839491844176,0.9004395963999999,0.5727117180824279,0.8579859852790832,0.9080128908157349,0.927240538597107,0.43894880414009096,0.8420357823371887,0.9225682020187378
989.0,0.8850622177124023,0.8999275803565979,0.9018731951713562,0.7364716172218323,0.5650699853897094,0.22983702421188354,0.8713782429695129,0.14408579766750335,0.19429360330104828,0.20030719935894012,0.2284184,0.36277744770050047,0.31955039501190186,0.29849839210510254,0.9361113786697388,0.4446730077266693,0.418328458070755,0.749332,0.41984881162643434,0.5879113793373107,0.3923371970653534,0.9002658012,0.5729770421981811,0.8571039795875549,0.9084409594535827,0.9270835161209107,0.44007540941238404,0.8417653799057007,0.9226616024971008
990.0,0.8851680159568787,0.8996769785881042,0.9025249481201172,0.7363880276679993,0.5649849772453308,0.22959929704666138,0.8733214735984802,0.14364899694919586,0.19667400419712067,0.20016799867153168,0.227354,0.3648177683353424,0.3193269968032837,0.29872798919677734,0.9357159733772278,0.44474101066589355,0.41848325729370117,0.74952,0.4200110137462616,0.5879309773445129,0.392875999212265,0.900092006,0.5732423663139343,0.8562219738960266,0.9088690280914307,0.9269264936447144,0.4412020146846771,0.8414949774742126,0.9227550029754639
991.0,0.8851562142372131,0.8997515797615051,0.9027777671813965,0.7363470196723938,0.5648739814758301,0.2296644777059555,0.8750745177268981,0.14328839778900146,0.1991062045097351,0.19984299838542938,0.2262112,0.36705378293991087,0.31896439790725706,0.29883679151535036,0.9356897830963135,0.44474340677261354,0.418645042181015,0.7495919999999999,0.4201146125793457,0.5873209834098816,0.39331899881362914,0.9005336048,0.5731910347938538,0.8555359840393066,0.9091963052749634,0.9262937664985657,0.44204941391944885,0.8412219762802124,0.9231086015701294
992.0,0.8851444125175476,0.899826180934906,0.9030305862426757,0.7363060116767883,0.5647629857063293,0.22972965836524964,0.8768275618553162,0.14292779862880706,0.20153840482234955,0.19951799809932708,0.2250684,0.3692897975444794,0.3186017990112305,0.29894559383392333,0.9356635928153991,0.4447458028793335,0.41880682706832884,0.749664,0.4202182114124298,0.5867109894752502,0.39376199841499326,0.9009752035999999,0.5731397032737732,0.8548499941825867,0.9095235824584961,0.925661039352417,0.4428968131542206,0.8409489750862121,0.923462200164795
993.0,0.8851326107978821,0.8999007821083069,0.9032834053039551,0.7362650036811829,0.5646519899368286,0.22979483902454376,0.8785806059837341,0.14256719946861268,0.20397060513496398,0.1991929978132248,0.2239256,0.37152581214904784,0.31823920011520385,0.29905439615249635,0.9356374025344849,0.44474819898605344,0.4189686119556427,0.749736,0.4203218102455139,0.5861009955406189,0.39420499801635744,0.9014168024,0.5730883717536926,0.8541640043258667,0.9098508596420288,0.9250283122062684,0.4437442123889923,0.8406759738922119,0.9238157987594604
994.0,0.8851208090782166,0.8999753832817078,0.9035362243652344,0.7362239956855774,0.5645409941673278,0.2298600196838379,0.8803336501121521,0.14220660030841828,0.20640280544757844,0.1988679975271225,0.2227828,0.37376182675361636,0.31787660121917727,0.2991631984710693,0.9356112122535706,0.4447505950927734,0.41913039684295655,0.749808,0.42042540907859804,0.5854910016059875,0.39464799761772157,0.9018584011999999,0.573037040233612,0.8534780144691467,0.9101781368255615,0.9243955850601197,0.44459161162376404,0.8404029726982116,0.924169397354126
995.0,0.885109007358551,0.9000499844551086,0.9037890434265137,0.7361829876899719,0.5644299983978271,0.22992520034313202,0.8820866942405701,0.14184600114822388,0.20883500576019287,0.1985429972410202,0.22164,0.3759978413581848,0.31751400232315063,0.29927200078964233,0.9355850219726562,0.4447529911994934,0.4192921817302704,0.74988,0.42052900791168213,0.5848810076713562,0.3950909972190857,0.9023,0.5729857087135315,0.8527920246124268,0.9105054140090942,0.923762857913971,0.44543901085853577,0.8401299715042114,0.9245229959487915
996.0,0.8852524042129517,0.8999213933944702,0.902692174911499,0.736042594909668,0.5645139932632446,0.22965970039367675,0.8827524542808532,0.1415910005569458,0.21189480423927307,0.1982855975627899,0.2207338,0.3781791150569916,0.31719860434532166,0.2993682026863098,0.9364698171615601,0.44485679268836975,0.4190464675426483,0.7499399999999999,0.42079480886459353,0.5856020092964173,0.39537799954414365,0.9022557972,0.5730145096778869,0.8524762153625488,0.9110036730766297,0.9239529132843017,0.44632241129875183,0.8399133801460266,0.9244845986366272
997.0,0.8853958010673523,0.8997928023338317,0.9015953063964843,0.735902202129364,0.5645979881286621,0.22939420044422149,0.8834182143211364,0.14133599996566773,0.21495460271835326,0.19802819788455964,0.2198276,0.38036038875579836,0.3168832063674927,0.2994644045829773,0.9373546123504639,0.4449605941772461,0.41880075335502626,0.75,0.42106060981750487,0.5863230109214783,0.39566500186920167,0.9022115944,0.5730433106422425,0.8521604061126709,0.9115019321441651,0.9241429686546325,0.4472058117389679,0.8396967887878418,0.9244462013244629
998.0,0.885539197921753,0.8996642112731934,0.9004984378814698,0.7357618093490601,0.5646819829940796,0.22912870049476625,0.8840839743614197,0.14108099937438964,0.21801440119743348,0.19777079820632934,0.2189214,0.3825416624546051,0.3165678083896637,0.2995606064796448,0.9382394075393676,0.44506439566612244,0.41855503916740416,0.75006,0.42132641077041627,0.5870440125465393,0.39595200419425963,0.9021673916,0.5730721116065979,0.851844596862793,0.9120001912117004,0.9243330240249634,0.44808921217918396,0.839480197429657,0.9244078040122986
999.0,0.8856825947761535,0.899535620212555,0.8994015693664551,0.7356214165687561,0.5647659778594971,0.22886320054531098,0.8847497344017029,0.14082599878311158,0.22107419967651368,0.19751339852809907,0.2180152,0.38472293615341185,0.3162524104118347,0.29965680837631226,0.9391242027282715,0.4451681971549988,0.4183093249797821,0.75012,0.4215922117233276,0.5877650141716003,0.39623900651931765,0.9021231888,0.5731009125709534,0.8515287876129151,0.9124984502792358,0.9245230793952942,0.4489726126194,0.8392636060714722,0.9243694067001342
1000.0,0.8858259916305542,0.8994070291519165,0.8983047008514404,0.7354810237884521,0.5648499727249146,0.2285977005958557,0.8854154944419861,0.1405709981918335,0.22413399815559387,0.19725599884986877,0.217109,0.38690420985221863,0.31593701243400574,0.29975301027297974,0.9400089979171753,0.4452719986438751,0.41806361079216003,0.75018,0.421858012676239,0.5884860157966614,0.3965260088443756,0.902078986,0.5731297135353088,0.8512129783630371,0.9129967093467712,0.924713134765625,0.4498560130596161,0.8390470147132874,0.92433100938797
1001.0,0.8855431914329529,0.8997728228569031,0.8986249685287475,0.7354690194129944,0.5649839758872985,0.2283808022737503,0.8869162440299988,0.14038879871368407,0.22714179754257208,0.1970126003026962,0.21623659999999997,0.3891465246677399,0.3158380091190338,0.29986960887908937,0.9394168019294739,0.4453552007675171,0.4180134117603302,0.75024,0.4218954086303711,0.5888940095901489,0.39701040983200075,0.9024141906,0.5734296679496765,0.8516199827194214,0.9134657263755799,0.9249901056289673,0.45087860822677617,0.8394118070602417,0.9244762063026428
1002.0,0.8852603912353515,0.9001386165618896,0.8989452362060547,0.7354570150375366,0.5651179790496826,0.22816390395164488,0.8884169936180115,0.14020659923553466,0.2301495969295503,0.19676920175552368,0.21536419999999995,0.3913888394832612,0.3157390058040619,0.299986207485199,0.9388246059417724,0.44543840289115905,0.41796321272850034,0.7503,0.42193280458450316,0.5893020033836365,0.3974948108196259,0.9027493952000001,0.5737296223640442,0.8520269870758057,0.9139347434043884,0.9252670764923095,0.4519012033939362,0.8397765994071961,0.9246214032173157
1003.0,0.8849775910377502,0.9005044102668762,0.8992655038833618,0.7354450106620789,0.5652519822120666,0.22794700562953948,0.8899177432060242,0.14002439975738523,0.23315739631652851,0.1965258032083511,0.21449179999999993,0.3936311542987825,0.31564000248908997,0.3001028060913086,0.938232409954071,0.44552160501480104,0.41791301369667055,0.75036,0.42197020053863527,0.589709997177124,0.397979211807251,0.9030845998,0.5740295767784119,0.85243399143219,0.914403760433197,0.9255440473556519,0.45292379856109627,0.8401413917541504,0.9247666001319885
1004.0,0.8846947908401489,0.9008702039718628,0.899585771560669,0.7354330062866211,0.5653859853744507,0.22773010730743407,0.891418492794037,0.13984220027923583,0.23616519570350675,0.19628240466117858,0.2136193999999999,0.39587346911430377,0.31554099917411804,0.3002194046974182,0.9376402139663695,0.445604807138443,0.4178628146648407,0.75042,0.4220075964927673,0.5901179909706116,0.39846361279487613,0.9034198044,0.5743295311927795,0.8528409957885743,0.9148727774620057,0.9258210182189942,0.4539463937282563,0.8405061841011048,0.9249117970466614
1005.0,0.8844119906425476,0.9012359976768494,0.8999060392379761,0.7354210019111633,0.5655199885368347,0.22751320898532865,0.8929192423820496,0.13966000080108643,0.239172995090485,0.19603900611400601,0.21274699999999988,0.39811578392982505,0.31544199585914606,0.30033600330352783,0.9370480179786682,0.44568800926208496,0.41781261563301086,0.75048,0.4220449924468994,0.590525984764099,0.3989480137825013,0.903755009,0.5746294856071472,0.8532480001449585,0.9153417944908142,0.9260979890823365,0.45496898889541637,0.8408709764480591,0.9250569939613342
1006.0,0.8839545965194702,0.9013507962226868,0.9000351905822754,0.73544260263443,0.5654059886932373,0.22715869247913356,0.8933162569999695,0.13961520195007324,0.24269739389419587,0.19574260413646696,0.2118909999999999,0.4002274394035341,0.3151497960090637,0.30037060379981995,0.936990213394165,0.44576960802078247,0.4178671181201935,0.7501840000000001,0.4222073912620545,0.5898087859153747,0.39951680898666386,0.9038356064,0.5749679803848267,0.8536759972572328,0.9155221462249756,0.9268521904945374,0.4561343908309938,0.8408623814582825,0.9254693984985352
1007.0,0.8834972023963928,0.9014655947685242,0.9001643419265747,0.7354642033576966,0.5652919888496399,0.2268041759729385,0.8937132716178894,0.13957040309906005,0.24622179269790673,0.19544620215892788,0.21103499999999994,0.4023390948772432,0.3148575961589813,0.30040520429611206,0.9369324088096619,0.44585120677948,0.4179216206073761,0.749888,0.4223697900772095,0.5890915870666503,0.40008560419082645,0.9039162038,0.5753064751625061,0.8541039943695069,0.9157024979591369,0.9276063919067383,0.4572997927665711,0.8408537864685058,0.9258818030357361
1008.0,0.8830398082733154,0.9015803933143616,0.900293493270874,0.7354858040809631,0.5651779890060424,0.22644965946674345,0.8941102862358093,0.13952560424804689,0.2497461915016176,0.19514980018138883,0.21017899999999998,0.40445075035095224,0.3145653963088989,0.3004398047924042,0.9368746042251587,0.4459328055381775,0.4179761230945587,0.749592,0.4225321888923645,0.588374388217926,0.40065439939498904,0.9039968012,0.5756449699401855,0.854531991481781,0.9158828496932984,0.9283605933189393,0.45846519470214847,0.8408451914787293,0.926294207572937
1009.0,0.8825824141502381,0.901695191860199,0.9004226446151733,0.7355074048042297,0.565063989162445,0.2260951429605484,0.8945073008537292,0.1394808053970337,0.25327059030532845,0.19485339820384978,0.20932299999999998,0.4065624058246613,0.3142731964588165,0.3004744052886963,0.9368167996406556,0.446014404296875,0.4180306255817413,0.749296,0.42269458770751955,0.5876571893692016,0.4012231945991516,0.9040773986,0.575983464717865,0.8549599885940552,0.9160632014274597,0.9291147947311401,0.4596305966377259,0.8408365964889526,0.9267066121101379
1010.0,0.8821250200271606,0.9018099904060364,0.9005517959594727,0.7355290055274963,0.5649499893188477,0.22574062645435333,0.8949043154716492,0.1394360065460205,0.2567949891090393,0.19455699622631073,0.208467,0.40867406129837036,0.31398099660873413,0.3005090057849884,0.9367589950561523,0.4460960030555725,0.41808512806892395,0.749,0.42285698652267456,0.5869399905204773,0.4017919898033142,0.904157996,0.5763219594955444,0.8553879857063293,0.9162435531616211,0.9298689961433411,0.4607959985733032,0.840828001499176,0.9271190166473389
1011.0,0.8822800159454346,0.9019605875015259,0.9008580684661865,0.7355526089668274,0.5647719860076904,0.2258053719997406,0.8953835964202881,0.13933240473270417,0.2601335883140565,0.19445519745349885,0.207893,0.4106280386447907,0.31374419927597047,0.3006564021110535,0.9366387963294983,0.44629420042037965,0.41793442964553834,0.748988,0.4228559911251068,0.5873361945152282,0.4021661937236786,0.904638791,0.5762502789497376,0.8565817832946777,0.916400957107544,0.9304065942764282,0.4619023978710175,0.8406579971313477,0.9276982188224793
1012.0,0.8824350118637085,0.9021111845970153,0.9011643409729004,0.7355762124061584,0.5645939826965332,0.22587011754512787,0.895862877368927,0.1392288029193878,0.26347218751907364,0.19435339868068693,0.20731899999999998,0.412582015991211,0.31350740194320675,0.3008037984371185,0.9365185976028443,0.4464923977851868,0.4177837312221527,0.748976,0.42285499572753904,0.5877323985099793,0.402540397644043,0.905119586,0.5761785984039307,0.8577755808830262,0.9165583610534668,0.9309441924095154,0.4630087971687317,0.8404879927635193,0.9282774209976197
1013.0,0.8825900077819824,0.9022617816925049,0.9014706134796143,0.7355998158454895,0.5644159793853759,0.22593486309051514,0.8963421583175659,0.13912520110607146,0.2668107867240908,0.19425159990787505,0.20674499999999996,0.41453599333763136,0.3132706046104431,0.3009511947631836,0.9363983988761901,0.44669059514999393,0.41763303279876707,0.7489640000000001,0.42285400032997134,0.5881286025047302,0.4029146015644074,0.9056003810000001,0.5761069178581237,0.8589693784713746,0.9167157649993897,0.9314817905426026,0.464115196466446,0.8403179883956909,0.9288566231727601
1014.0,0.8827450037002563,0.9024123787879944,0.9017768859863281,0.7356234192848206,0.5642379760742188,0.2259996086359024,0.8968214392662048,0.13902159929275512,0.270149385929108,0.19414980113506317,0.20617099999999997,0.4164899706840517,0.31303380727767943,0.3010985910892487,0.9362782001495361,0.44688879251480107,0.41748233437538146,0.7489520000000001,0.4228530049324036,0.5885248064994812,0.40328880548477175,0.906081176,0.5760352373123169,0.860163176059723,0.9168731689453126,0.9320193886756898,0.4652215957641603,0.8401479840278625,0.9294358253479005
1015.0,0.8828999996185303,0.9025629758834839,0.902083158493042,0.7356470227241516,0.5640599727630615,0.2260643541812897,0.8973007202148438,0.13891799747943878,0.2734879851341252,0.19404800236225125,0.20559699999999992,0.418443948030472,0.31279700994491577,0.3012459874153137,0.9361580014228822,0.44708698987960815,0.41733163595199585,0.74894,0.42285200953483587,0.5889210104942322,0.40366300940513616,0.906561971,0.57596355676651,0.8613569736480714,0.9170305728912354,0.9325569868087769,0.4663279950618745,0.8399779796600342,0.9300150275230408
1016.0,0.8829432010650635,0.9025957822799683,0.9022234201431275,0.7355552196502686,0.5642359733581543,0.22629668414592746,0.8977511405944825,0.1389523983001709,0.27737458944320714,0.193858402967453,0.20493479999999994,0.4204236805438997,0.31266580820083617,0.3012463927268982,0.9368489980697633,0.4470387935638428,0.4173067808151245,0.749132,0.423142009973526,0.5884554028511046,0.40413640737533574,0.9067981722,0.5758708953857422,0.8622005820274353,0.9172081351280212,0.9326083898544312,0.4674737989902497,0.8398677825927734,0.9303138256072998
1017.0,0.8829864025115967,0.9026285886764527,0.9023636817932129,0.7354634165763855,0.564411973953247,0.2265290141105652,0.8982015609741211,0.138986799120903,0.2812611937522891,0.1936688035726547,0.20427259999999994,0.4224034130573274,0.31253460645675657,0.30124679803848264,0.9375399947166443,0.4469905972480774,0.4172819256782532,0.749324,0.42343201041221623,0.5879897952079772,0.4046098053455353,0.9070343734,0.5757782340049744,0.8630441904067994,0.9173856973648071,0.9326597929000855,0.468619602918625,0.8397575855255127,0.9306126236915588
1018.0,0.8830296039581299,0.902661395072937,0.9025039434432983,0.7353716135025025,0.5645879745483399,0.22676134407520296,0.8986519813537598,0.13902119994163514,0.285147798061371,0.19347920417785644,0.20361039999999997,0.42438314557075507,0.31240340471267697,0.30124720335006716,0.9382309913635254,0.446942400932312,0.41725707054138184,0.7495160000000001,0.4237220108509064,0.5875241875648498,0.4050832033157349,0.9072705745999999,0.5756855726242065,0.8638877987861634,0.917563259601593,0.9327111959457397,0.4697654068470002,0.8396473884582519,0.9309114217758179
1019.0,0.883072805404663,0.9026942014694214,0.9026442050933838,0.7352798104286193,0.5647639751434326,0.2269936740398407,0.8991024017333984,0.13905560076236725,0.28903440237045297,0.19328960478305815,0.20294819999999997,0.4263628780841828,0.3122722029685974,0.3012476086616516,0.9389219880104065,0.4468942046165466,0.4172322154045105,0.749708,0.4240120112895966,0.5870585799217224,0.40555660128593446,0.9075067757999999,0.5755929112434387,0.8647314071655273,0.9177408218383789,0.932762598991394,0.4709112107753754,0.8395371913909913,0.9312102198600769
1020.0,0.8831160068511963,0.9027270078659058,0.9027844667434692,0.7351880073547363,0.5649399757385254,0.22722600400447845,0.8995528221130371,0.13909000158309937,0.2929210066795349,0.1931000053882599,0.202286,0.4283426105976105,0.3121410012245178,0.3012480139732361,0.9396129846572876,0.44684600830078125,0.41720736026763916,0.7499,0.42430201172828674,0.586592972278595,0.40602999925613403,0.907742977,0.5755002498626709,0.8655750155448914,0.9179183840751648,0.9328140020370483,0.4720570147037506,0.8394269943237305,0.9315090179443359
1021.0,0.883378005027771,0.9025602102279663,0.90234934091568,0.7354302048683167,0.5648819804191589,0.22715721130371094,0.8997747659683227,0.13916880190372466,0.2966372072696686,0.1929106056690216,0.20157339999999999,0.43027623295783995,0.31188220381736753,0.30133981108665464,0.9392879843711853,0.446821004152298,0.4175291061401367,0.749732,0.42453761100769044,0.5872023820877075,0.4066532015800476,0.907459986,0.575763487815857,0.8674222111701966,0.9180775046348572,0.9329328060150146,0.47321861386299136,0.8395349979400635,0.9320080161094666
1022.0,0.8836400032043457,0.9023934125900268,0.9019142150878906,0.735672402381897,0.5648239850997925,0.22708841860294343,0.8999967098236084,0.13924760222434998,0.30035340785980225,0.19272120594978331,0.2008608,0.43220985531806944,0.3116234064102173,0.30143160820007325,0.938962984085083,0.4467960000038147,0.4178508520126343,0.749564,0.42477321028709414,0.5878117918968201,0.4072764039039612,0.9071769949999999,0.576026725769043,0.8692694067955017,0.9182366251945495,0.933051609992981,0.47438021302223204,0.8396430015563965,0.9325070142745971
1023.0,0.8839020013809205,0.9022266149520874,0.9014790892601013,0.7359145998954773,0.564765989780426,0.2270196259021759,0.9002186536788941,0.13932640254497528,0.3040696084499359,0.19253180623054506,0.2001482,0.434143477678299,0.311364609003067,0.3015234053134918,0.9386379837989807,0.4467709958553314,0.41817259788513184,0.749396,0.4250088095664978,0.5884212017059326,0.40789960622787474,0.906894004,0.576289963722229,0.8711166024208069,0.918395745754242,0.9331704139709472,0.4755418121814728,0.8397510051727295,0.9330060124397278
1024.0,0.8841639995574951,0.902059817314148,0.901043963432312,0.7361567974090576,0.5647079944610596,0.22695083320140838,0.9004405975341797,0.1394052028656006,0.3077858090400696,0.19234240651130677,0.19943560000000002,0.43607710003852845,0.31110581159591677,0.3016152024269104,0.9383129835128784,0.44674599170684814,0.4184943437576294,0.749228,0.4252444088459015,0.5890306115150452,0.40852280855178835,0.9066110129999999,0.576553201675415,0.872963798046112,0.9185548663139343,0.9332892179489136,0.4767034113407135,0.8398590087890625,0.9335050106048584
1025.0,0.8844259977340698,0.9018930196762085,0.9006088376045227,0.7363989949226379,0.5646499991416931,0.22688204050064087,0.9006625413894653,0.1394840031862259,0.31150200963020325,0.19215300679206848,0.198723,0.43801072239875793,0.3108470141887665,0.301706999540329,0.9379879832267761,0.44672098755836487,0.41881608963012695,0.74906,0.4254800081253052,0.5896400213241577,0.4091460108757019,0.906328022,0.5768164396286011,0.8748109936714172,0.9187139868736267,0.9334080219268799,0.4778650104999542,0.8399670124053955,0.934004008769989
1026.0,0.8844215989112854,0.9020836114883423,0.9001757025718689,0.7364982008934021,0.5644700050354003,0.2268061012029648,0.9008746027946473,0.1395636022090912,0.31533360481262207,0.19212500452995301,0.1982604,0.43970179557800293,0.3106304109096527,0.30163940191268923,0.9384591817855835,0.44660779237747195,0.41885005235671996,0.7492599999999999,0.42567420601844785,0.5893904209136963,0.40965681076049804,0.9065848228,0.5769893407821656,0.8756457924842834,0.9188334107398987,0.9342878222465515,0.4792224109172821,0.8401682138442993,0.9344832062721252
1027.0,0.884417200088501,0.902274203300476,0.8997425675392151,0.7365974068641663,0.5642900109291077,0.2267301619052887,0.9010866641998291,0.13964320123195648,0.3191651999950409,0.19209700226783752,0.1977978,0.4413928687572479,0.31041380763053894,0.3015718042850494,0.9389303803443909,0.44649459719657897,0.41888401508331297,0.7494599999999999,0.4258684039115906,0.5891408205032349,0.41016761064529417,0.9068416236,0.57716224193573,0.8764805912971496,0.9189528346061706,0.9351676225662231,0.48057981133461,0.8403694152832031,0.9349624037742614
1028.0,0.8844128012657165,0.9024647951126099,0.8993094325065613,0.7366966128349304,0.5641100168228149,0.22665422260761262,0.901298725605011,0.13972280025482178,0.3229967951774597,0.19206900000572205,0.19733520000000002,0.4430839419364929,0.31019720435142517,0.3015042066574097,0.9394015789031982,0.44638140201568605,0.41891797780990603,0.74966,0.42606260180473327,0.5888912200927734,0.41067841053009035,0.9070984244,0.5773351430892945,0.8773153901100159,0.9190722584724427,0.9360474228858948,0.4819372117519379,0.840570616722107,0.9354416012763977
1029.0,0.8844084024429322,0.9026553869247437,0.8988762974739075,0.7367958188056946,0.5639300227165223,0.2265782833099365,0.9015107870101928,0.13980239927768706,0.32682839035987854,0.19204099774360656,0.1968726,0.4447750151157379,0.3099806010723114,0.3014366090297699,0.9398727774620056,0.44626820683479307,0.41895194053649903,0.74986,0.426256799697876,0.588641619682312,0.4111892104148865,0.9073552252,0.5775080442428588,0.8781501889228821,0.9191916823387146,0.9369272232055664,0.4832946121692657,0.8407718181610108,0.935920798778534
1030.0,0.8844040036201477,0.9028459787368774,0.8984431624412537,0.7368950247764587,0.5637500286102295,0.22650234401226044,0.9017228484153748,0.13988199830055237,0.33065998554229736,0.1920129954814911,0.19641,0.4464660882949829,0.30976399779319763,0.3013690114021301,0.940343976020813,0.44615501165390015,0.41898590326309204,0.75006,0.4264509975910187,0.5883920192718506,0.4117000102996826,0.907612026,0.5776809453964233,0.8789849877357483,0.9193111062049866,0.937807023525238,0.48465201258659363,0.8409730195999146,0.9363999962806702
1031.0,0.8843446016311646,0.9027651786804199,0.8985305190086365,0.7369264245033265,0.5637206912040711,0.226754629611969,0.9011627197265625,0.1401197999715805,0.33458659052848816,0.19159259498119355,0.196054,0.4483820259571075,0.3096661984920502,0.30141640901565553,0.9403169751167297,0.44650040864944457,0.4188084900379181,0.750114,0.4261235952377319,0.5890594124794006,0.4121850073337555,0.9080576184,0.5779105067253113,0.8794351935386657,0.9194101214408874,0.9379338145256042,0.48605101108551024,0.8410648107528687,0.9367679953575134
1032.0,0.8842851996421814,0.9026843786239624,0.8986178755760192,0.7369578242301941,0.5636913537979126,0.22700691521167754,0.9006025910377502,0.14035760164260863,0.33851319551467896,0.191172194480896,0.195698,0.4502979636192322,0.30956839919090273,0.30146380662918093,0.9402899742126465,0.446845805644989,0.41863107681274414,0.750168,0.4257961928844452,0.5897268056869507,0.41267000436782836,0.9085032108,0.5781400680541993,0.8798853993415833,0.9195091366767884,0.9380606055259705,0.48745000958442686,0.8411566019058228,0.9371359944343567
1033.0,0.8842257976531982,0.9026035785675048,0.8987052321434021,0.7369892239570618,0.5636620163917542,0.22725920081138612,0.900042462348938,0.1405954033136368,0.34243980050086975,0.19075179398059844,0.195342,0.4522139012813568,0.3094705998897552,0.3015112042427063,0.9402629733085632,0.44719120264053347,0.4184536635875702,0.750222,0.42546879053115844,0.5903941988945007,0.41315500140190126,0.9089488032,0.5783696293830871,0.8803356051445007,0.9196081519126892,0.9381873965263366,0.48884900808334353,0.8412483930587769,0.9375039935112
1034.0,0.8841663956642151,0.9025227785110473,0.8987925887107849,0.7370206236839294,0.5636326789855957,0.22751148641109467,0.8994823336601258,0.14083320498466492,0.34636640548706055,0.1903313934803009,0.194986,0.45412983894348147,0.3093728005886078,0.3015586018562317,0.94023597240448,0.4475365996360779,0.41827625036239624,0.750276,0.4251413881778717,0.5910615921020508,0.4136399984359741,0.9093943956,0.5785991907119751,0.8807858109474183,0.9197071671485901,0.9383141875267029,0.49024800658226014,0.841340184211731,0.9378719925880432
1035.0,0.8841069936752319,0.9024419784545898,0.8988799452781677,0.7370520234107971,0.5636033415794373,0.22776377201080322,0.8989222049713135,0.14107100665569305,0.35029301047325134,0.18991099298000336,0.19463,0.4560457766056061,0.3092750012874603,0.3016059994697571,0.9402089715003967,0.4478819966316223,0.4180988371372223,0.75033,0.42481398582458496,0.5917289853096008,0.414124995470047,0.909839988,0.578828752040863,0.8812360167503357,0.919806182384491,0.9384409785270691,0.49164700508117676,0.8414319753646851,0.9382399916648865
1036.0,0.8842819929122925,0.9024817824363709,0.8991366982460022,0.7369612216949463,0.563793671131134,0.22771476805210114,0.8989660739898682,0.14131940603256227,0.3545310080051422,0.18983159363269805,0.1945096,0.4573586642742157,0.30901960134506223,0.3016003966331482,0.9402751803398133,0.4478064000606537,0.4180562496185303,0.750592,0.4250615894794464,0.5915355920791626,0.4148325979709625,0.9096301916,0.5792856335639953,0.8815336108207703,0.919975745677948,0.9387551784515381,0.4930016040802002,0.8416141748428345,0.9386963963508606
1037.0,0.884456992149353,0.9025215864181518,0.8993934512138366,0.7368704199790954,0.5639840006828308,0.22766576409339906,0.8990099430084229,0.14156780540943145,0.35876900553703306,0.18975219428539275,0.1943892,0.45867155194282533,0.3087642014026642,0.3015947937965393,0.9403413891792297,0.4477308034896851,0.41801366209983826,0.750854,0.4253091931343079,0.5913421988487244,0.41554020047187806,0.9094203952,0.5797425150871277,0.8818312048912048,0.920145308971405,0.9390693783760071,0.4943562030792236,0.8417963743209839,0.9391528010368347
1038.0,0.8846319913864136,0.9025613903999329,0.8996502041816712,0.7367796182632447,0.5641743302345276,0.22761676013469695,0.8990538120269775,0.14181620478630066,0.363007003068924,0.18967279493808747,0.1942688,0.4599844396114349,0.3085088014602661,0.3015891909599304,0.9404075980186463,0.4476552069187164,0.41797107458114624,0.751116,0.4255567967891693,0.5911488056182861,0.41624780297279357,0.9092105988,0.58019939661026,0.8821287989616394,0.9203148722648621,0.939383578300476,0.4957108020782471,0.8419785737991333,0.9396092057228088
1039.0,0.8848069906234741,0.9026011943817138,0.8999069571495056,0.7366888165473938,0.5643646597862244,0.22756775617599487,0.8990976810455322,0.14206460416316985,0.36724500060081483,0.18959339559078217,0.1941484,0.4612973272800446,0.30825340151786806,0.30158358812332153,0.9404738068580627,0.4475796103477478,0.4179284870624542,0.751378,0.4258044004440308,0.5909554123878479,0.41695540547370913,0.9090008023999999,0.5806562781333924,0.8824263930320739,0.920484435558319,0.939697778224945,0.4970654010772705,0.8421607732772827,0.940065610408783
1040.0,0.8849819898605347,0.9026409983634949,0.9001637101173401,0.736598014831543,0.5645549893379211,0.22751875221729279,0.8991415500640869,0.14231300354003906,0.3714829981327057,0.18951399624347687,0.194028,0.4626102149486542,0.30799800157546997,0.30157798528671265,0.9405400156974792,0.4475040137767792,0.4178858995437622,0.75164,0.4260520040988922,0.5907620191574097,0.41766300797462463,0.908791006,0.5811131596565247,0.8827239871025085,0.9206539988517761,0.9400119781494141,0.49842000007629395,0.8423429727554321,0.9405220150947571
1041.0,0.8845133900642395,0.9028046011924744,0.900601065158844,0.7367454171180725,0.5643779873847962,0.22768522799015045,0.8995685935020447,0.14263680279254914,0.37533980011940005,0.18947539627552032,0.1936926,0.46432689428329466,0.30777919888496397,0.3015781879425049,0.9407310128211975,0.4474708139896393,0.41791664361953734,0.751738,0.4261106014251709,0.5911604166030884,0.4181472063064575,0.9089708092,0.5815585136413575,0.8830371856689453,0.9206886172294617,0.940537977218628,0.49980599880218507,0.8424919724464417,0.9409472107887268
1042.0,0.8840447902679444,0.9029682040214538,0.9010384202003479,0.736892819404602,0.5642009854316712,0.22785170376300812,0.8999956369400024,0.1429606020450592,0.37919660210609435,0.18943679630756377,0.1933572,0.4660435736179352,0.307560396194458,0.3015783905982971,0.9409220099449158,0.4474376142024994,0.4179473876953125,0.751836,0.4261691987514496,0.5915588140487671,0.4186314046382904,0.9091506124,0.5820038676261902,0.883350384235382,0.9207232356071472,0.9410639762878418,0.5011919975280762,0.8426409721374511,0.9413724064826965
1043.0,0.8835761904716491,0.9031318068504334,0.9014757752418519,0.7370402216911316,0.5640239834785461,0.22801817953586578,0.9004226803779602,0.14328440129756928,0.3830534040927887,0.18939819633960725,0.1930218,0.4677602529525757,0.307341593503952,0.30157859325408937,0.941113007068634,0.4474044144153595,0.41797813177108767,0.751934,0.42622779607772826,0.5919572114944458,0.4191156029701233,0.9093304156,0.582449221611023,0.8836635828018189,0.9207578539848328,0.9415899753570557,0.5025779962539673,0.8427899718284607,0.9417976021766663
1044.0,0.883107590675354,0.9032954096794128,0.9019131302833557,0.7371876239776611,0.5638469815254211,0.22818465530872345,0.900849723815918,0.14360820055007933,0.386910206079483,0.1893595963716507,0.1926864,0.4694769322872162,0.30712279081344607,0.30157879590988157,0.9413040041923523,0.4473712146282196,0.4180088758468628,0.7520319999999999,0.426286393404007,0.5923556089401245,0.4195998013019562,0.9095102188,0.5828945755958557,0.8839767813682556,0.9207924723625183,0.9421159744262695,0.5039639949798584,0.8429389715194702,0.942222797870636
1045.0,0.8826389908790588,0.9034590125083923,0.9023504853248596,0.7373350262641907,0.5636699795722961,0.22835113108158112,0.9012767672538757,0.14393199980258942,0.39076700806617737,0.18932099640369415,0.192351,0.4711936116218567,0.30690398812294006,0.30157899856567383,0.9414950013160706,0.4473380148410797,0.41803961992263794,0.75213,0.42634499073028564,0.5927540063858032,0.42008399963378906,0.909690022,0.5833399295806885,0.8842899799346924,0.9208270907402039,0.9426419734954834,0.5053499937057495,0.8430879712104797,0.9426479935646057
1046.0,0.8828397870063782,0.9033668041229248,0.9019294142723083,0.7372984170913697,0.5636579871177674,0.2284215807914734,0.9014241218566894,0.14425939917564393,0.39493300914764407,0.18912939727306366,0.1922282,0.4725163519382477,0.3066731929779053,0.3017493963241577,0.9415012001991272,0.44742101430892944,0.4181751489639282,0.752308,0.42632179260253905,0.5920600056648254,0.4207548022270203,0.9098792192,0.5834189891815186,0.8844281792640686,0.9209441304206848,0.9424489736557007,0.5069851994514465,0.8433675765991211,0.9429517984390259
1047.0,0.8830405831336975,0.9032745957374573,0.901508343219757,0.7372618079185486,0.5636459946632385,0.22849203050136566,0.9015714764595032,0.14458679854869844,0.3990990102291107,0.18893779814243317,0.19210539999999998,0.47383909225463866,0.3064423978328705,0.3019197940826416,0.9415073990821838,0.4475040137767792,0.4183106780052185,0.752486,0.42629859447479246,0.5913660049438476,0.4214256048202515,0.9100684164,0.5834980487823487,0.8845663785934448,0.9210611701011657,0.942255973815918,0.5086204051971436,0.8436471819877625,0.943255603313446
1048.0,0.8832413792610169,0.9031823873519897,0.9010872721672059,0.7372251987457276,0.5636340022087097,0.22856248021125794,0.9017188310623169,0.14491419792175292,0.4032650113105774,0.18874619901180267,0.1919826,0.4751618325710297,0.3062116026878357,0.3020901918411255,0.9415135979652405,0.4475870132446289,0.4184462070465088,0.752664,0.4262753963470459,0.5906720042228699,0.42209640741348264,0.9102576136,0.5835771083831787,0.8847045779228211,0.9211782097816468,0.9420629739761353,0.5102556109428406,0.8439267873764038,0.9435594081878662
1049.0,0.8834421753883361,0.9030901789665222,0.9006662011146546,0.7371885895729064,0.5636220097541809,0.2286329299211502,0.9018661856651307,0.14524159729480743,0.40743101239204405,0.18855459988117218,0.1918598,0.47648457288742063,0.3059808075428009,0.3022605895996094,0.9415197968482971,0.44767001271247864,0.4185817360877991,0.752842,0.4262521982192993,0.5899780035018921,0.42276721000671386,0.9104468108,0.5836561679840088,0.8848427772521973,0.9212952494621277,0.9418699741363525,0.5118908166885376,0.8442063927650452,0.9438632130622864
1050.0,0.8836429715156555,0.9029979705810547,0.9002451300621033,0.7371519804000854,0.5636100172996521,0.22870337963104248,0.9020135402679443,0.14556899666786194,0.41159701347351074,0.1883630007505417,0.191737,0.47780731320381165,0.3057500123977661,0.30243098735809326,0.9415259957313538,0.44775301218032837,0.41871726512908936,0.75302,0.42622900009155273,0.5892840027809143,0.42343801259994507,0.910636008,0.5837352275848389,0.8849809765815735,0.9214122891426086,0.9416769742965698,0.5135260224342346,0.8444859981536865,0.9441670179367065
1051.0,0.8837751746177673,0.9029557824134826,0.9001851677894592,0.7371127843856812,0.5636100053787232,0.22908255755901336,0.9015376687049865,0.14601439833641053,0.4153200089931488,0.1882300019264221,0.19178219999999999,0.4789820075035095,0.30563040971755984,0.3024013876914978,0.9416701912879943,0.44749860763549804,0.4186647653579712,0.753212,0.42581260204315186,0.589490807056427,0.4240346074104309,0.9106014016,0.5835458278656006,0.8851211786270141,0.921183979511261,0.9418961763381958,0.5145402193069458,0.844811201095581,0.9444046139717102
1052.0,0.8839073777198792,0.9029135942459107,0.9001252055168152,0.7370735883712769,0.5636099934577942,0.22946173548698426,0.9010617971420288,0.14645980000495912,0.41904300451278687,0.18809700310230254,0.19182739999999998,0.4801567018032074,0.3055108070373535,0.30237178802490233,0.941814386844635,0.4472442030906677,0.41861226558685305,0.753404,0.425396203994751,0.5896976113319397,0.42463120222091677,0.9105667952000001,0.5833564281463623,0.8852613806724549,0.9209556698799133,0.9421153783798217,0.515554416179657,0.8451364040374756,0.9446422100067139
1053.0,0.884039580821991,0.9028714060783386,0.9000652432441711,0.7370343923568725,0.5636099815368653,0.22984091341495513,0.900585925579071,0.14690520167350768,0.4227660000324249,0.187964004278183,0.1918726,0.48133139610290526,0.30539120435714723,0.3023421883583069,0.9419585824012756,0.4469897985458374,0.41855976581573484,0.753596,0.4249798059463501,0.5899044156074524,0.42522779703140257,0.9105321888,0.583167028427124,0.8854015827178955,0.9207273602485657,0.9423345804214478,0.5165686130523681,0.8454616069793701,0.9448798060417175
1054.0,0.8841717839241028,0.9028292179107666,0.9000052809715271,0.7369951963424682,0.5636099696159362,0.23022009134292604,0.9001100540161133,0.14735060334205627,0.426488995552063,0.18783100545406342,0.1919178,0.48250609040260317,0.3052716016769409,0.3023125886917114,0.9421027779579163,0.4467353940010071,0.4185072660446167,0.753788,0.4245634078979492,0.5901112198829651,0.4258243918418884,0.9104975824,0.5829776287078857,0.8855417847633362,0.920499050617218,0.9425537824630738,0.5175828099250793,0.8457868099212646,0.9451174020767212
1055.0,0.8843039870262146,0.9027870297431946,0.8999453186988831,0.736956000328064,0.5636099576950073,0.2305992692708969,0.8996341824531555,0.14779600501060486,0.43021199107170105,0.18769800662994385,0.191963,0.483680784702301,0.3051519989967346,0.30228298902511597,0.9422469735145569,0.44648098945617676,0.41845476627349854,0.75398,0.42414700984954834,0.5903180241584778,0.42642098665237427,0.910462976,0.5827882289886475,0.8856819868087769,0.9202707409858704,0.9427729845046997,0.5185970067977905,0.8461120128631592,0.9453549981117249
1056.0,0.8837485909461975,0.902829623222351,0.9001699328422547,0.737102997303009,0.5633979558944702,0.23067246079444886,0.8996347427368164,0.14831400513648987,0.434047794342041,0.1875964045524597,0.1917736,0.48529902696609495,0.30500479936599734,0.30204939246177676,0.9423381805419921,0.44652259349823,0.41849730014801023,0.7542679999999999,0.42486260533332826,0.590186619758606,0.42705739140510557,0.9107731824,0.5832310199737549,0.8856147885322571,0.9202761292457581,0.9426063895225525,0.5202190041542053,0.8463988065719604,0.94548020362854
1057.0,0.8831931948661804,0.9028722167015075,0.9003945469856263,0.7372499942779541,0.5631859540939331,0.2307456523180008,0.8996353030204773,0.1488320052623749,0.437883597612381,0.18749480247497557,0.19158419999999998,0.4869172692298889,0.30485759973526,0.3018157958984375,0.9424293875694275,0.4465641975402832,0.418539834022522,0.754556,0.4255782008171082,0.5900552153587342,0.4276937961578369,0.9110833888000001,0.5836738109588623,0.8855475902557373,0.9202815175056458,0.9424397945404053,0.5218410015106201,0.8466856002807617,0.9456054091453552
1058.0,0.8826377987861633,0.9029148101806641,0.9006191611289978,0.7373969912528991,0.562973952293396,0.23081884384155274,0.8996358633041381,0.14935000538825988,0.44171940088272094,0.18739320039749147,0.1913948,0.48853551149368285,0.3047104001045227,0.3015821993350983,0.9425205945968628,0.4466058015823364,0.4185823678970337,0.754844,0.42629379630088804,0.5899238109588623,0.4283302009105682,0.9113935952,0.5841166019439697,0.8854803919792176,0.9202869057655334,0.9422731995582581,0.523462998867035,0.846972393989563,0.9457306146621705
1059.0,0.8820824027061462,0.9029574036598206,0.9008437752723694,0.7375439882278443,0.5627619504928589,0.23089203536510466,0.899636423587799,0.1498680055141449,0.44555520415306094,0.18729159832000733,0.1912054,0.49015375375747683,0.3045632004737854,0.301348602771759,0.9426118016242981,0.44664740562438965,0.41862490177154543,0.755132,0.42700939178466796,0.5897924065589905,0.4289666056632996,0.9117038016,0.5845593929290771,0.8854131937026978,0.9202922940254211,0.9421066045761108,0.5250849962234497,0.8472591876983643,0.9458558201789856
1060.0,0.8815270066261292,0.902999997138977,0.901068389415741,0.7376909852027893,0.5625499486923218,0.23096522688865662,0.89963698387146,0.1503860056400299,0.4493910074234009,0.1871899962425232,0.191016,0.49177199602127075,0.3044160008430481,0.3011150062084198,0.9427030086517334,0.44668900966644287,0.41866743564605713,0.75542,0.4277249872684479,0.5896610021591187,0.4296030104160309,0.912014008,0.5850021839141846,0.885345995426178,0.9202976822853088,0.9419400095939636,0.5267069935798645,0.8475459814071655,0.9459810256958008
1061.0,0.8821871995925903,0.9032145977020264,0.9015502214431763,0.7376301884651184,0.5625149250030518,0.23134564757347106,0.8996677875518799,0.15099480450153352,0.4528832077980042,0.18720779716968536,0.1913996,0.49321476817131044,0.3042594015598297,0.30120840668678284,0.9426798105239869,0.4466770052909851,0.418658185005188,0.755742,0.4271837890148163,0.5903046011924744,0.4301084101200104,0.9117264036,0.5851800084114075,0.8856230020523072,0.9204577922821044,0.9421894073486328,0.5282297968864441,0.8479785799980164,0.946191418170929
1062.0,0.8828473925590515,0.9034291982650757,0.9020320534706116,0.7375693917274475,0.5624799013137818,0.2317260682582855,0.8996985912322998,0.1516036033630371,0.4563754081726074,0.18722559809684752,0.1917832,0.4946575403213501,0.30410280227661135,0.3013018071651459,0.9426566123962402,0.44666500091552735,0.4186489343643188,0.756064,0.4266425907611847,0.5909482002258301,0.4306138098239899,0.9114387992,0.5853578329086304,0.8859000086784363,0.9206179022789002,0.942438805103302,0.5297526001930237,0.8484111785888672,0.9464018106460571
1063.0,0.8835075855255127,0.903643798828125,0.9025138854980469,0.7375085949897766,0.5624448776245117,0.2321064889431,0.8997293949127197,0.15221240222454072,0.4598676085472107,0.18724339902400972,0.1921668,0.49610031247138975,0.3039462029933929,0.3013952076435089,0.9426334142684937,0.44665299654006957,0.41863968372344973,0.756386,0.4261013925075531,0.5915917992591858,0.43111920952796934,0.9111511948,0.5855356574058532,0.8861770153045654,0.9207780122756958,0.9426882028579712,0.5312754034996032,0.848843777179718,0.9466122031211853
1064.0,0.8841677784919739,0.9038583993911743,0.9029957175254821,0.7374477982521057,0.5624098539352417,0.23248690962791443,0.8997601985931396,0.1528212010860443,0.46335980892181394,0.18726119995117188,0.19255039999999998,0.49754308462142943,0.30378960371017455,0.30148860812187195,0.942610216140747,0.44664099216461184,0.4186304330825806,0.7567079999999999,0.4255601942539215,0.5922353982925415,0.43162460923194884,0.9108635904,0.5857134819030761,0.8864540219306946,0.9209381222724915,0.9429376006126404,0.5327982068061828,0.8492763757705688,0.9468225955963134
1065.0,0.8848279714584351,0.9040729999542236,0.9034775495529175,0.7373870015144348,0.5623748302459717,0.23286733031272888,0.8997910022735596,0.1534299999475479,0.46685200929641724,0.18727900087833405,0.192934,0.4989858567714691,0.3036330044269562,0.301582008600235,0.9425870180130005,0.44662898778915405,0.4186211824417114,0.75703,0.4250189960002899,0.5928789973258972,0.43213000893592834,0.910575986,0.5858913064002991,0.8867310285568237,0.9210982322692871,0.9431869983673096,0.5343210101127625,0.8497089743614197,0.9470329880714417
1066.0,0.8842005729675293,0.9042052030563354,0.9037673473358154,0.7374256014823913,0.5624138593673706,0.23319970667362214,0.8995442152023315,0.15404340028762817,0.4702678084373474,0.18719020187854768,0.1931536,0.5003904581069947,0.3034146010875702,0.30176480412483214,0.9426938176155091,0.44669598937034605,0.4183770716190338,0.757146,0.42539379596710203,0.5931064009666442,0.4329506099224091,0.9109541894000001,0.5862454771995544,0.8868434190750122,0.9211561203002929,0.9431651949882507,0.5357456088066102,0.8499191761016845,0.946968388557434
1067.0,0.8835731744766235,0.9043374061584473,0.9040571451187134,0.7374642014503479,0.5624528884887695,0.2335320830345154,0.8992974281311035,0.15465680062770842,0.4736836075782776,0.18710140287876129,0.1933732,0.5017950594425201,0.3031961977481842,0.3019475996494293,0.9428006172180176,0.4467629909515381,0.4181329607963562,0.757262,0.4257685959339142,0.5933338046073914,0.43377121090888976,0.9113323928,0.5865996479988098,0.8869558095932006,0.9212140083312989,0.9431433916091919,0.5371702075004577,0.8501293778419494,0.9469037890434265
1068.0,0.8829457759857178,0.9044696092605591,0.9043469429016113,0.7375028014183045,0.5624919176101685,0.23386445939540862,0.8990506410598755,0.1552702009677887,0.47709940671920775,0.18701260387897492,0.1935928,0.5031996607780457,0.30297779440879824,0.3021303951740265,0.9429074168205261,0.4468299925327301,0.4178888499736786,0.757378,0.4261433959007263,0.5935612082481384,0.4345918118953705,0.9117105962000001,0.5869538187980652,0.8870682001113892,0.9212718963623047,0.943121588230133,0.5385948061943054,0.8503395795822144,0.9468391895294189
1069.0,0.882318377494812,0.9046018123626709,0.9046367406845093,0.737541401386261,0.5625309467315673,0.23419683575630187,0.8988038539886475,0.15588360130786896,0.48051520586013796,0.18692380487918853,0.1938124,0.5046042621135711,0.30275939106941224,0.30231319069862367,0.9430142164230346,0.44689699411392214,0.417644739151001,0.757494,0.4265181958675385,0.5937886118888855,0.4354124128818512,0.9120887996,0.5873079895973206,0.8871805906295777,0.9213297843933106,0.9430997848510743,0.540019404888153,0.8505497813224793,0.9467745900154114
1070.0,0.8816909790039062,0.9047340154647827,0.9049265384674072,0.7375800013542175,0.5625699758529663,0.23452921211719513,0.8985570669174194,0.15649700164794922,0.4839310050010681,0.18683500587940216,0.194032,0.5060088634490967,0.30254098773002625,0.3024959862232208,0.9431210160255432,0.44696399569511414,0.41740062832832336,0.75761,0.4268929958343506,0.5940160155296326,0.4362330138683319,0.912467003,0.5876621603965759,0.8872929811477661,0.9213876724243164,0.9430779814720154,0.5414440035820007,0.8507599830627441,0.9467099905014038
1071.0,0.8820565819740296,0.9046162128448486,0.9043415427207947,0.7376631975173951,0.5624319911003113,0.23503550589084626,0.8985641241073609,0.157149600982666,0.4869104027748108,0.18683120608329773,0.1941256,0.5073722124099731,0.30233958959579466,0.3024435877799988,0.9426706075668335,0.4473557949066162,0.4174144625663757,0.757822,0.4268325984477997,0.5940336108207702,0.4368612110614777,0.9123965980000001,0.5880791783332825,0.887407386302948,0.9214206457138061,0.9433659911155701,0.5425927996635437,0.8510059833526611,0.9469015955924988
1072.0,0.8824221849441528,0.9044984102249145,0.9037565469741822,0.7377463936805725,0.5622940063476562,0.23554179966449737,0.8985711812973023,0.15780220031738282,0.48988980054855347,0.1868274062871933,0.1942192,0.5087355613708496,0.3021381914615631,0.3023911893367767,0.9422201991081238,0.44774759411811826,0.4174282968044281,0.758034,0.4267722010612488,0.594051206111908,0.4374894082546234,0.9123261930000001,0.5884961962699891,0.8875217914581299,0.9214536190032959,0.9436540007591248,0.5437415957450866,0.8512519836425781,0.9470932006835937
1073.0,0.8827877879142761,0.9043806076049805,0.9031715512275695,0.73782958984375,0.5621560215950012,0.2360480934381485,0.8985782384872436,0.1584547996520996,0.49286919832229614,0.18682360649108887,0.1943128,0.510098910331726,0.30193679332733153,0.3023387908935547,0.941769790649414,0.4481393933296204,0.41744213104248046,0.758246,0.42671180367469785,0.5940688014030456,0.4381176054477692,0.912255788,0.5889132142066955,0.8876361966133117,0.9214865922927856,0.9439420104026794,0.5448903918266297,0.8514979839324951,0.9472848057746888
1074.0,0.8831533908843994,0.9042628049850464,0.902586555480957,0.7379127860069274,0.5620180368423462,0.2365543872117996,0.898585295677185,0.15910739898681642,0.4958485960960388,0.18681980669498444,0.1944064,0.5114622592926026,0.3017353951931,0.3022863924503326,0.9413193821907043,0.44853119254112245,0.41745596528053286,0.758458,0.42665140628814696,0.5940863966941834,0.4387458026409149,0.912185383,0.5893302321434021,0.8877506017684936,0.9215195655822754,0.9442300200462341,0.5460391879081726,0.8517439842224122,0.9474764108657837
1075.0,0.8835189938545227,0.9041450023651123,0.9020015597343445,0.737995982170105,0.5618800520896912,0.23706068098545074,0.8985923528671265,0.1597599983215332,0.4988279938697815,0.18681600689888,0.1945,0.512825608253479,0.3015339970588684,0.3022339940071106,0.9408689737319946,0.4489229917526245,0.4174697995185852,0.75867,0.42659100890159607,0.594103991985321,0.43937399983406067,0.912114978,0.5897472500801086,0.8878650069236755,0.9215525388717651,0.9445180296897888,0.5471879839897156,0.8519899845123291,0.9476680159568787
1076.0,0.883976399898529,0.9040564060211181,0.9018565058708191,0.7380461812019348,0.561866044998169,0.23745256066322326,0.8985754966735839,0.1605117976665497,0.5017993927001954,0.1868284046649933,0.1949556,0.5143377780914307,0.30142879486083984,0.30221699476242064,0.9408857822418213,0.4485947906970978,0.41736058592796327,0.758826,0.4265978097915649,0.5948821902275085,0.43989760279655454,0.9123583794,0.5899838328361511,0.8879432082176208,0.9213711023330688,0.9441948294639587,0.548911190032959,0.8523277878761292,0.9475198149681091
1077.0,0.8844338059425354,0.903967809677124,0.9017114520072937,0.7380963802337647,0.5618520379066467,0.23784444034099578,0.8985586404800415,0.16126359701156617,0.5047707915306091,0.18684080243110657,0.1954112,0.5158499479293823,0.3013235926628113,0.3021999955177307,0.940902590751648,0.44826658964157107,0.41725137233734133,0.7589819999999999,0.4266046106815338,0.595660388469696,0.4404212057590485,0.9126017808,0.5902204155921936,0.8880214095115662,0.9211896657943726,0.9438716292381286,0.5506343960762023,0.8526655912399292,0.9473716139793396
1078.0,0.8848912119865417,0.9038792133331299,0.9015663981437683,0.7381465792655945,0.5618380308151245,0.23823632001876832,0.898541784286499,0.16201539635658263,0.507742190361023,0.18685320019721985,0.1958668,0.517362117767334,0.3012183904647827,0.3021829962730408,0.9409193992614746,0.4479383885860443,0.41714215874671934,0.759138,0.4266114115715027,0.5964385867118835,0.44094480872154235,0.9128451822,0.5904569983482361,0.8880996108055115,0.9210082292556763,0.9435484290122986,0.5523576021194458,0.8530033946037292,0.9472234129905701
1079.0,0.8853486180305481,0.9037906169891358,0.9014213442802429,0.7381967782974244,0.5618240237236023,0.23862819969654084,0.8985249280929566,0.16276719570159912,0.5107135891914367,0.18686559796333313,0.1963224,0.5188742876052856,0.30111318826675415,0.30216599702835084,0.9409362077713013,0.44761018753051757,0.4170329451560974,0.7592939999999999,0.4266182124614716,0.597216784954071,0.4414684116840363,0.9130885836,0.5906935811042786,0.8881778120994568,0.92082679271698,0.9432252287864685,0.5540808081626892,0.8533411979675293,0.9470752120018006
1080.0,0.8858060240745544,0.9037020206451416,0.9012762904167175,0.7382469773292542,0.5618100166320801,0.23902007937431335,0.8985080718994141,0.1635189950466156,0.5136849880218506,0.1868779957294464,0.196778,0.5203864574432373,0.3010079860687256,0.3021489977836609,0.9409530162811279,0.44728198647499084,0.41692373156547546,0.75945,0.42662501335144043,0.5979949831962585,0.44199201464653015,0.913331985,0.590930163860321,0.8882560133934021,0.9206453561782837,0.9429020285606384,0.5558040142059326,0.8536790013313293,0.946927011013031
1081.0,0.8856200218200684,0.9038572192192078,0.9006404995918273,0.7381845831871032,0.5618160128593445,0.23919223845005036,0.8984178304672241,0.16435299515724183,0.5160197854042053,0.1870801955461502,0.1972622,0.5220111846923828,0.300807785987854,0.3021933972835541,0.940852415561676,0.4474017918109894,0.41690828204154967,0.7596299999999999,0.42656801342964173,0.5970977902412414,0.44270161390304563,0.9132177826,0.5909827470779419,0.8882854104042053,0.9208422303199768,0.9431844234466553,0.5573248147964478,0.853762400150299,0.9469022035598755
1082.0,0.8854340195655823,0.9040124177932739,0.9000047087669373,0.7381221890449524,0.5618220090866088,0.23936439752578736,0.8983275890350342,0.16518699526786804,0.5183545827865601,0.18728239536285402,0.1977464,0.5236359119415284,0.30060758590698244,0.30223779678344725,0.9407518148422241,0.4475215971469879,0.4168928325176239,0.75981,0.42651101350784304,0.5962005972862243,0.44341121315956117,0.9131035802,0.5910353302955628,0.8883148074150086,0.9210391044616699,0.9434668183326721,0.5588456153869629,0.8538457989692688,0.94687739610672
1083.0,0.8852480173110961,0.9041676163673401,0.8993689179420471,0.7380597949028015,0.5618280053138733,0.23953655660152434,0.8982373476028442,0.16602099537849427,0.5206893801689148,0.1874845951795578,0.1982306,0.5252606391906738,0.3004073858261108,0.30228219628334047,0.9406512141227722,0.44764140248298645,0.41687738299369814,0.7599899999999999,0.4264540135860443,0.5953034043312073,0.44412081241607665,0.9129893778,0.5910879135131836,0.8883442044258117,0.921235978603363,0.943749213218689,0.560366415977478,0.8539291977882385,0.9468525886535645
1084.0,0.8850620150566101,0.9043228149414062,0.898733127117157,0.7379974007606507,0.5618340015411377,0.23970871567726135,0.8981471061706543,0.16685499548912047,0.5230241775512695,0.1876867949962616,0.1987148,0.5268853664398193,0.30020718574523925,0.3023265957832336,0.9405506134033204,0.447761207818985,0.41686193346977235,0.76017,0.4263970136642456,0.5944062113761902,0.4448304116725922,0.9128751754000001,0.5911404967308045,0.888373601436615,0.9214328527450562,0.9440316081047058,0.5618872165679931,0.8540125966072083,0.9468277812004089
1085.0,0.884876012802124,0.9044780135154724,0.8980973362922668,0.7379350066184998,0.5618399977684021,0.23988087475299835,0.8980568647384644,0.1676889955997467,0.5253589749336243,0.1878889948129654,0.199199,0.5285100936889648,0.3000069856643677,0.30237099528312683,0.9404500126838684,0.4478810131549835,0.41684648394584656,0.76035,0.4263400137424469,0.5935090184211731,0.44554001092910767,0.912760973,0.5911930799484253,0.8884029984474182,0.9216297268867493,0.9443140029907227,0.5634080171585083,0.854095995426178,0.9468029737472534
1086.0,0.8850702047348022,0.9045536160469055,0.8988228917121888,0.737988805770874,0.5617339968681335,0.24066032767295836,0.8978806376457215,0.1684851974248886,0.5279517769813538,0.18776979446411132,0.1997308,0.5299836277961731,0.29983999133110045,0.30230939388275146,0.9414326071739196,0.44811341166496277,0.4171168088912964,0.760528,0.426361608505249,0.5941864132881165,0.4462526082992554,0.9126297832,0.5914847612380981,0.8882643938064575,0.9215722799301147,0.9438899993896485,0.5645000100135803,0.8542868018150329,0.946811580657959
1087.0,0.8852643966674805,0.9046292185783387,0.8995484471321106,0.7380426049232482,0.561627995967865,0.2414397805929184,0.8977044105529786,0.16928139925003052,0.5305445790290833,0.18765059411525725,0.20026259999999999,0.5314571619033813,0.29967299699783323,0.3022477924823761,0.942415201663971,0.448345810174942,0.4173871338367462,0.760706,0.4263832032680511,0.5948638081550598,0.44696520566940307,0.9124985934000001,0.591776442527771,0.8881257891654968,0.9215148329734802,0.9434659957885743,0.5655920028686523,0.854477608203888,0.9468201875686646
1088.0,0.8854585886001587,0.9047048211097717,0.9002740025520325,0.7380964040756226,0.5615219950675965,0.2422192335128784,0.8975281834602356,0.17007760107517242,0.5331373810768127,0.1875313937664032,0.2007944,0.5329306960105896,0.29950600266456606,0.30218619108200073,0.9433977961540222,0.44857820868492126,0.41765745878219607,0.760884,0.4264047980308533,0.5955412030220032,0.4476778030395508,0.9123674036,0.5920681238174439,0.8879871845245362,0.9214573860168457,0.9430419921875,0.5666839957237244,0.8546684145927429,0.9468287944793701
1089.0,0.8856527805328369,0.9047804236412048,0.9009995579719543,0.7381502032279968,0.5614159941673279,0.24299868643283845,0.8973519563674927,0.17087380290031434,0.5357301831245422,0.18741219341754914,0.2013262,0.5344042301177978,0.29933900833129884,0.30212458968162537,0.9443803906440735,0.4488106071949005,0.4179277837276459,0.761062,0.4264263927936554,0.5962185978889465,0.44839040040969846,0.9122362138000001,0.5923598051071167,0.8878485798835755,0.9213999390602112,0.9426179885864258,0.5677759885787964,0.854859220981598,0.9468374013900757
1090.0,0.8858469724655151,0.9048560261726379,0.9017251133918762,0.7382040023803711,0.5613099932670593,0.24377813935279846,0.8971757292747498,0.17167000472545624,0.5383229851722717,0.18729299306869507,0.201858,0.5358777642250061,0.2991720139980316,0.30206298828125,0.9453629851341248,0.44904300570487976,0.4181981086730957,0.76124,0.4264479875564575,0.5968959927558899,0.4491029977798462,0.912105024,0.5926514863967896,0.8877099752426147,0.9213424921035767,0.9421939849853516,0.5688679814338684,0.8550500273704529,0.9468460083007812
1091.0,0.8856261730194092,0.9046884179115295,0.9023314833641052,0.7381312012672424,0.5612026572227478,0.24428978562355042,0.8970786333084106,0.17258140444755554,0.5406323909759522,0.1873703956604004,0.20250680000000001,0.5373685956001282,0.2991546094417572,0.30226778984069824,0.945212185382843,0.4489478051662445,0.4182413101196289,0.761208,0.42667179107666015,0.5970569968223571,0.44957599639892576,0.912459624,0.5932492852210999,0.8877819776535034,0.9208956837654114,0.941824984550476,0.5705005884170532,0.8551884174346924,0.9466884016990662
1092.0,0.8854053735733032,0.9045208096504211,0.9029378533363343,0.7380584001541137,0.5610953211784363,0.24480143189430237,0.8969815373420715,0.17349280416965485,0.5429417967796326,0.18744779825210572,0.20315560000000002,0.5388594269752502,0.2991372048854828,0.3024725914001465,0.9450613856315613,0.44885260462760923,0.4182845115661621,0.761176,0.42689559459686277,0.5972180008888245,0.4500489950180054,0.912814224,0.5938470840454102,0.8878539800643921,0.9204488754272461,0.9414559841156006,0.572133195400238,0.8553268074989319,0.946530795097351
1093.0,0.8851845741271973,0.9043532013893127,0.9035442233085632,0.7379855990409852,0.5609879851341247,0.24531307816505432,0.8968844413757324,0.17440420389175415,0.5452512025833129,0.18752520084381102,0.2038044,0.5403502583503723,0.2991198003292084,0.3026773929595947,0.9449105858802795,0.448757404088974,0.41832771301269533,0.761144,0.42711939811706545,0.5973790049552917,0.45052199363708495,0.913168824,0.5944448828697204,0.8879259824752808,0.9200020670890808,0.9410869836807251,0.5737658023834229,0.8554651975631714,0.946373188495636
1094.0,0.8849637746810913,0.9041855931282043,0.9041505932807923,0.7379127979278565,0.5608806490898133,0.24582472443580627,0.8967873454093933,0.17531560361385345,0.5475606083869934,0.18760260343551635,0.2044532,0.5418410897254944,0.29910239577293396,0.30288219451904297,0.9447597861289978,0.44866220355033876,0.4183709144592285,0.761112,0.4273432016372681,0.5975400090217591,0.4509949922561646,0.913523424,0.5950426816940307,0.8879979848861694,0.9195552587509155,0.9407179832458497,0.5753984093666077,0.8556035876274108,0.9462155818939209
1095.0,0.8847429752349854,0.904017984867096,0.9047569632530212,0.7378399968147278,0.5607733130455017,0.24633637070655823,0.8966902494430542,0.17622700333595276,0.5498700141906738,0.18768000602722168,0.205102,0.5433319211006165,0.29908499121665955,0.3030869960784912,0.9446089863777161,0.4485670030117035,0.4184141159057617,0.76108,0.4275670051574707,0.5977010130882263,0.45146799087524414,0.913878024,0.5956404805183411,0.8880699872970581,0.9191084504127502,0.9403489828109741,0.5770310163497925,0.8557419776916504,0.9460579752922058
1096.0,0.8847379803657531,0.904069983959198,0.9042997241020203,0.7379719972610473,0.5607059836387634,0.24707619547843934,0.8959779739379883,0.17720460295677185,0.5517820119857788,0.18786120414733887,0.2057434,0.544857406616211,0.2989453911781311,0.30321439504623415,0.9444769859313965,0.4487158000469208,0.41862393021583555,0.761276,0.42760000228881834,0.5974560141563415,0.4520599901676178,0.9135274174,0.5957863688468933,0.8881991863250732,0.918815529346466,0.9404205918312073,0.5780780076980591,0.8558511853218078,0.9458811759948731
1097.0,0.884732985496521,0.9041219830513001,0.9038424849510193,0.7381039977073669,0.5606386542320252,0.24781602025032043,0.8952656984329224,0.17818220257759093,0.5536940097808838,0.18804240226745605,0.2063848,0.5463828921318055,0.29880579113960265,0.30334179401397704,0.944344985485077,0.44886459708213805,0.41883374452590943,0.7614719999999999,0.427632999420166,0.5972110152244567,0.45265198945999147,0.9131768108,0.5959322571754455,0.8883283853530883,0.9185226082801818,0.9404922008514405,0.5791249990463256,0.8559603929519654,0.9457043766975403
1098.0,0.8847279906272888,0.904173982143402,0.9033852458000183,0.7382359981536866,0.5605713248252868,0.24855584502220154,0.8945534229278564,0.17915980219841005,0.5556060075759888,0.18822360038757324,0.2070262,0.5479083776473999,0.29866619110107423,0.30346919298172,0.9442129850387573,0.44901339411735536,0.41904355883598327,0.761668,0.42766599655151366,0.5969660162925721,0.4532439887523651,0.9128262041999999,0.5960781455039978,0.8884575843811036,0.9182296872138977,0.9405638098716735,0.5801719903945923,0.8560696005821228,0.9455275774002075
1099.0,0.8847229957580567,0.9042259812355041,0.9029280066490173,0.7383679986000061,0.5605039954185486,0.24929566979408263,0.8938411474227905,0.18013740181922913,0.5575180053710938,0.18840479850769043,0.2076676,0.5494338631629944,0.29852659106254575,0.30359659194946287,0.9440809845924377,0.4491621911525726,0.41925337314605715,0.761864,0.42769899368286135,0.5967210173606873,0.4538359880447388,0.9124755976,0.5962240338325501,0.8885867834091187,0.9179367661476135,0.9406354188919067,0.5812189817428589,0.8561788082122803,0.9453507781028747
1100.0,0.8847180008888245,0.9042779803276062,0.9024707674980164,0.7384999990463257,0.5604366660118103,0.25003549456596375,0.8931288719177246,0.18111500144004822,0.5594300031661987,0.18858599662780762,0.208309,0.5509593486785889,0.29838699102401733,0.3037239909172058,0.9439489841461182,0.4493109881877899,0.419463187456131,0.76206,0.427731990814209,0.5964760184288025,0.4544279873371124,0.912124991,0.5963699221611023,0.8887159824371338,0.9176438450813293,0.9407070279121399,0.5822659730911255,0.8562880158424377,0.945173978805542
1101.0,0.8844768047332764,0.9043219804763794,0.9027258515357971,0.7384933948516845,0.5603343367576599,0.250879693031311,0.8926649570465088,0.18204199969768525,0.5610974073410034,0.18875239789485931,0.209035,0.5527157425880432,0.2982475936412811,0.30366939306259155,0.9440977931022644,0.4495097935199738,0.41959003210067747,0.7620779999999999,0.427867990732193,0.5967264175415039,0.45507459044456483,0.9125847932,0.5968105435371399,0.8885665893554687,0.9173838496208191,0.9407526254653931,0.5839971780776978,0.8563730120658875,0.9449957847595215
1102.0,0.8842356085777283,0.9043659806251526,0.9029809355735778,0.7384867906570435,0.5602320075035095,0.2517238914966583,0.892201042175293,0.18296899795532226,0.5627648115158081,0.188918799161911,0.209761,0.5544721364974976,0.2981081962585449,0.3036147952079773,0.9442466020584106,0.4497085988521576,0.419716876745224,0.762096,0.428003990650177,0.5969768166542053,0.45572119355201723,0.9130445953999999,0.5972511649131775,0.8884171962738037,0.9171238541603088,0.9407982230186462,0.58572838306427,0.8564580082893372,0.944817590713501
1103.0,0.8839944124221801,0.9044099807739258,0.9032360196113587,0.7384801864624023,0.5601296782493591,0.25256808996200564,0.8917371273040772,0.1838959962129593,0.5644322156906127,0.1890852004289627,0.21048699999999998,0.5562285304069519,0.29796879887580874,0.30356019735336304,0.9443954110145569,0.44990740418434144,0.4198437213897705,0.762114,0.428139990568161,0.5972272157669067,0.4563677966594696,0.9135043976,0.597691786289215,0.8882678031921387,0.9168638586997986,0.9408438205718994,0.5874595880508423,0.8565430045127869,0.9446393966674804
1104.0,0.8837532162666321,0.904453980922699,0.9034911036491394,0.7384735822677613,0.5600273489952088,0.2534122884273529,0.8912732124328613,0.1848229944705963,0.5660996198654175,0.1892516016960144,0.21121299999999998,0.5579849243164062,0.2978294014930725,0.3035055994987488,0.9445442199707031,0.45010620951652525,0.41997056603431704,0.762132,0.428275990486145,0.5974776148796082,0.457014399766922,0.9139641998,0.5981324076652527,0.8881184101104737,0.9166038632392883,0.9408894181251526,0.5891907930374145,0.8566280007362366,0.9444612026214599
1105.0,0.883512020111084,0.9044979810714722,0.9037461876869202,0.7384669780731201,0.5599250197410583,0.2542564868927002,0.8908092975616455,0.18574999272823334,0.5677670240402222,0.1894180029630661,0.211939,0.5597413182258606,0.2976900041103363,0.3034510016441345,0.9446930289268494,0.4503050148487091,0.4200974106788635,0.76215,0.42841199040412903,0.5977280139923096,0.4576610028743744,0.914424002,0.5985730290412903,0.8879690170288086,0.9163438677787781,0.9409350156784058,0.5909219980239868,0.8567129969596863,0.9442830085754395
1106.0,0.8840368151664734,0.9047065854072571,0.9036579132080078,0.7384517788887024,0.5598013520240783,0.25512334108352663,0.8900372982025146,0.18676199316978453,0.5696396231651306,0.1895096033811569,0.2125214,0.5615119814872742,0.29760620594024656,0.3035284042358398,0.9445282220840454,0.4503200113773346,0.42036747336387636,0.76246,0.4284031927585602,0.5976834058761596,0.4580794036388397,0.9142320036,0.5988751888275147,0.8881322145462036,0.9162123322486877,0.9408812165260315,0.5921885967254639,0.8566761970520019,0.944170606136322
1107.0,0.8845616102218627,0.904915189743042,0.9035696387290955,0.7384365797042847,0.5596776843070984,0.255990195274353,0.8892652988433838,0.18777399361133576,0.5715122222900391,0.18960120379924775,0.21310379999999998,0.5632826447486877,0.29752240777015687,0.3036058068275452,0.9443634152412415,0.4503350079059601,0.42063753604888915,0.7627700000000001,0.4283943951129913,0.5976387977600097,0.45849780440330506,0.9140400052,0.5991773486137391,0.8882954120635986,0.9160807967185974,0.9408274173736573,0.5934551954269409,0.8566393971443176,0.9440582036972046
1108.0,0.8850864052772522,0.9051237940788269,0.9034813642501831,0.7384213805198669,0.5595540165901184,0.25685704946517945,0.8884932994842529,0.18878599405288696,0.5733848214149475,0.18969280421733856,0.2136862,0.5650533080101013,0.2974386096000671,0.3036832094192505,0.9441986083984375,0.45035000443458556,0.420907598733902,0.76308,0.4283855974674225,0.5975941896438599,0.4589162051677704,0.9138480068,0.5994795083999633,0.8884586095809937,0.9159492611885071,0.9407736182212829,0.594721794128418,0.8566025972366333,0.9439458012580871
1109.0,0.8856112003326416,0.9053323984146118,0.9033930897712708,0.7384061813354492,0.5594303488731385,0.25772390365600584,0.8877213001251221,0.18979799449443818,0.575257420539856,0.1897844046354294,0.21426859999999998,0.5668239712715148,0.29735481142997744,0.30376061201095583,0.9440338015556335,0.4503650009632111,0.4211776614189148,0.76339,0.4283767998218536,0.59754958152771,0.45933460593223574,0.9136560083999999,0.5997816681861877,0.8886218070983887,0.9158177256584168,0.9407198190689087,0.595988392829895,0.856565797328949,0.9438333988189698
1110.0,0.886135995388031,0.9055410027503967,0.9033048152923584,0.7383909821510315,0.5593066811561584,0.2585907578468323,0.8869493007659912,0.19080999493598938,0.5771300196647644,0.1898760050535202,0.214851,0.5685946345329285,0.2972710132598877,0.30383801460266113,0.9438689947128296,0.45037999749183655,0.4214477241039276,0.7637,0.4283680021762848,0.5975049734115601,0.45975300669670105,0.91346401,0.6000838279724121,0.8887850046157837,0.9156861901283264,0.9406660199165344,0.5972549915313721,0.8565289974212646,0.9437209963798523
1111.0,0.8855723977088928,0.9054960012435913,0.9033899426460266,0.7384241819381714,0.5592806816101075,0.2594016373157501,0.886795723438263,0.19178139567375183,0.578449821472168,0.19015040397644042,0.2155232,0.5702901363372803,0.2971636116504669,0.3038822114467621,0.9444683909416198,0.45078699588775634,0.421386182308197,0.763982,0.42890180349349977,0.5975701808929443,0.460534006357193,0.9131826046,0.6005089044570923,0.8887104034423828,0.915169620513916,0.9403102159500122,0.5985683917999267,0.8566255927085876,0.9434893965721131
1112.0,0.8850088000297547,0.9054509997367859,0.9034750699996948,0.7384573817253113,0.5592546820640564,0.26021251678466795,0.8866421461105347,0.19275279641151427,0.5797696232795715,0.19042480289936065,0.21619539999999998,0.5719856381416321,0.29705621004104615,0.30392640829086304,0.9450677871704102,0.4511939942836761,0.42132464051246643,0.764264,0.42943560481071474,0.5976353883743286,0.46131500601768494,0.9129011992,0.6009339809417724,0.888635802268982,0.9146530508995057,0.93995441198349,0.5998817920684815,0.8567221879959106,0.9432577967643738
1113.0,0.8844452023506164,0.9054059982299805,0.903560197353363,0.7384905815124512,0.5592286825180054,0.26102339625358584,0.8864885687828064,0.19372419714927674,0.5810894250869751,0.1906992018222809,0.2168676,0.5736811399459839,0.29694880843162536,0.303970605134964,0.9456671833992004,0.45160099267959597,0.42126309871673584,0.764546,0.42996940612792967,0.5977005958557129,0.4620960056781769,0.9126197938,0.6013590574264527,0.888561201095581,0.9141364812850952,0.9395986080169678,0.6011951923370361,0.8568187832832337,0.9430261969566345
1114.0,0.8838816046714782,0.905360996723175,0.9036453247070313,0.7385237812995911,0.5592026829719543,0.2618342757225037,0.8863349914550781,0.1946955978870392,0.5824092268943787,0.19097360074520112,0.21753979999999998,0.5753766417503356,0.2968414068222046,0.30401480197906494,0.9462665796279908,0.45200799107551576,0.42120155692100525,0.764828,0.43050320744514464,0.5977658033370972,0.4628770053386688,0.9123383884,0.6017841339111328,0.8884865999221802,0.9136199116706848,0.9392428040504456,0.6025085926055909,0.8569153785705567,0.9427945971488952
1115.0,0.8833180069923401,0.9053159952163696,0.9037304520606995,0.738556981086731,0.5591766834259033,0.2626451551914215,0.8861814141273499,0.19566699862480164,0.5837290287017822,0.19124799966812134,0.218212,0.5770721435546875,0.2967340052127838,0.3040589988231659,0.946865975856781,0.45241498947143555,0.42114001512527466,0.76511,0.4310370087623596,0.5978310108184814,0.46365800499916077,0.912056983,0.602209210395813,0.8884119987487793,0.9131033420562744,0.9388870000839233,0.6038219928741455,0.8570119738578796,0.942562997341156
1116.0,0.8834619998931885,0.9051764011383057,0.9040584921836853,0.7386039853096008,0.5590643525123596,0.2634528696537018,0.8859959363937377,0.196696999669075,0.58475261926651,0.19132039844989776,0.2190096,0.5786810040473938,0.2965932071208954,0.3043694019317627,0.9463395833969116,0.45261499285697937,0.42107908725738524,0.76559,0.43082600831985474,0.5975306034088135,0.46434720158576964,0.9120187882,0.6024341821670532,0.8886703968048095,0.9131912112236023,0.9389119982719422,0.6049709916114807,0.8569611787796021,0.9424343943595886
1117.0,0.8836059927940368,0.9050368070602417,0.9043865323066711,0.7386509895324707,0.558952021598816,0.2642605841159821,0.8858104586601258,0.1977270007133484,0.5857762098312378,0.19139279723167418,0.2198072,0.5802898645401001,0.29645240902900694,0.3046798050403595,0.9458131909370422,0.4528149962425232,0.4210181593894958,0.76607,0.43061500787734985,0.5972301959991455,0.4650363981723785,0.9119805934,0.6026591539382935,0.8889287948608399,0.9132790803909302,0.938936996459961,0.6061199903488159,0.8569103837013244,0.9423057913780213
1118.0,0.8837499856948853,0.9048972129821777,0.904714572429657,0.7386979937553406,0.5588396906852722,0.2650682985782623,0.8856249809265136,0.19875700175762176,0.5867998003959656,0.19146519601345063,0.2206048,0.5818987250328064,0.29631161093711855,0.3049902081489563,0.9452867984771729,0.453014999628067,0.42095723152160647,0.76655,0.43040400743484497,0.5969297885894775,0.46572559475898745,0.9119423986,0.6028841257095336,0.8891871929168701,0.913366949558258,0.9389619946479797,0.6072689890861511,0.8568595886230469,0.9421771883964538
1119.0,0.8838939785957336,0.9047576189041138,0.9050426125526428,0.7387449979782105,0.5587273597717285,0.2658760130405426,0.8854395031929017,0.19978700280189515,0.5878233909606934,0.19153759479522706,0.2214024,0.5835075855255127,0.2961708128452301,0.3053006112575531,0.9447604060173035,0.45321500301361084,0.42089630365371705,0.76703,0.4301930069923401,0.5966293811798096,0.4664147913455963,0.9119042038,0.6031090974807739,0.8894455909729004,0.913454818725586,0.9389869928359985,0.6084179878234863,0.8568087935447692,0.9420485854148865
1120.0,0.884037971496582,0.9046180248260498,0.9053706526756287,0.7387920022010803,0.5586150288581848,0.2666837275028229,0.8852540254592896,0.20081700384616852,0.5888469815254211,0.19160999357700348,0.2222,0.585116446018219,0.2960300147533417,0.3056110143661499,0.9442340135574341,0.45341500639915466,0.42083537578582764,0.76751,0.4299820065498352,0.5963289737701416,0.4671039879322052,0.911866009,0.6033340692520142,0.8897039890289307,0.9135426878929138,0.9390119910240173,0.6095669865608215,0.8567579984664917,0.9419199824333191
1121.0,0.88430837392807,0.9047842144966125,0.9046664834022522,0.7386906027793885,0.5584440231323242,0.26744844317436217,0.8848933815956116,0.20188660323619842,0.5900187849998474,0.19180559515953063,0.2230068,0.5868181586265564,0.2959392130374908,0.3057282090187073,0.9451430082321167,0.4537124037742615,0.42123478651046753,0.7675460000000001,0.43016200661659243,0.596415376663208,0.46736798882484437,0.9118534086000001,0.6036665678024292,0.8898933887481689,0.9140666007995606,0.9389133930206299,0.6110911846160889,0.8568617939949036,0.9414859890937806
1122.0,0.8845787763595581,0.9049504041671753,0.9039623141288757,0.7385892033576965,0.5582730174064636,0.26821315884590147,0.8845327377319336,0.20295620262622832,0.5911905884742736,0.1920011967420578,0.2238136,0.5885198712348938,0.29584841132164,0.30584540367126467,0.9460520029067994,0.4540098011493683,0.4216341972351074,0.767582,0.4303420066833496,0.5965017795562744,0.46763198971748354,0.9118408082,0.6039990663528443,0.8900827884674072,0.9145905137062073,0.9388147950172424,0.6126153826713562,0.8569655895233155,0.9410519957542419
1123.0,0.8848491787910462,0.905116593837738,0.9032581448554993,0.7384878039360047,0.558102011680603,0.2689778745174408,0.8841720938682556,0.20402580201625825,0.5923623919487,0.19219679832458497,0.2246204,0.5902215838432312,0.2957576096057892,0.305962598323822,0.9469609975814819,0.4543071985244751,0.4220336079597473,0.767618,0.4305220067501068,0.5965881824493409,0.46789599061012266,0.9118282078000001,0.6043315649032592,0.8902721881866456,0.915114426612854,0.938716197013855,0.6141395807266236,0.8570693850517273,0.9406180024147034
1124.0,0.8851195812225342,0.9052827835083008,0.9025539755821228,0.7383864045143127,0.5579310059547424,0.2697425901889801,0.8838114500045776,0.20509540140628815,0.5935341954231262,0.19239239990711213,0.2254272,0.5919232964515686,0.2956668078899384,0.3060797929763794,0.9478699922561645,0.4546045958995819,0.4224330186843872,0.767654,0.430702006816864,0.5966745853424072,0.46815999150276183,0.9118156074,0.6046640634536743,0.8904615879058838,0.9156383395195007,0.9386175990104675,0.6156637787818908,0.8571731805801391,0.9401840090751648
1125.0,0.8853899836540222,0.9054489731788635,0.9018498063087463,0.7382850050926208,0.5577600002288818,0.2705073058605194,0.8834508061408997,0.20616500079631805,0.5947059988975525,0.19258800148963928,0.226234,0.593625009059906,0.2955760061740875,0.30619698762893677,0.9487789869308472,0.4549019932746887,0.4228324294090271,0.76769,0.4308820068836212,0.5967609882354736,0.468423992395401,0.911803007,0.6049965620040894,0.8906509876251221,0.9161622524261475,0.9385190010070801,0.6171879768371582,0.857276976108551,0.9397500157356262
1126.0,0.8852373838424683,0.9053885817527771,0.9021762728691101,0.7382171988487244,0.5575899957831054,0.27135891914367677,0.8830692768096924,0.20718460083007811,0.5957780003547668,0.19276440143585205,0.2268754,0.5954812049865723,0.2955106019973755,0.3064933896064758,0.9483405947685242,0.45472139716148374,0.4229679346084595,0.767356,0.4310084044933319,0.5972909927368164,0.46891539096832274,0.9117010116,0.6053946018218994,0.8909317851066589,0.9155692458152771,0.9382328033447266,0.6186163783073425,0.8570187807083129,0.9394012093544006
1127.0,0.8850847840309143,0.9053281903266907,0.9025027394294739,0.7381493926048279,0.5574199913373291,0.27221053242683413,0.8826877474784851,0.2082042008638382,0.5968500018119812,0.19294080138206482,0.2275168,0.5973374009132385,0.2954451978206635,0.30678979158401487,0.9479022026062012,0.4545408010482788,0.42310343980789183,0.767022,0.4311348021030426,0.5978209972381592,0.4694067895412445,0.9115990162000001,0.6057926416397095,0.8912125825881958,0.9149762392044067,0.9379466056823731,0.6200447797775268,0.856760585308075,0.939052402973175
1128.0,0.8849321842193604,0.9052677989006043,0.9028292059898376,0.7380815863609314,0.5572499868915527,0.27306214570999143,0.8823062181472778,0.20922380089759826,0.5979220032691955,0.1931172013282776,0.2281582,0.5991935968399048,0.2953797936439514,0.307086193561554,0.9474638104438782,0.45436020493507384,0.42323894500732423,0.766688,0.4312611997127533,0.598351001739502,0.4698981881141663,0.9114970208,0.6061906814575195,0.8914933800697327,0.9143832325935364,0.9376604080200195,0.6214731812477112,0.8565023899078369,0.9387035965919495
1129.0,0.8847795844078064,0.9052074074745178,0.9031556725502015,0.7380137801170349,0.5570799824457764,0.2739137589931488,0.8819246888160706,0.21024340093135835,0.59899400472641,0.19329360127449036,0.2287996,0.601049792766571,0.29531438946723937,0.30738259553909303,0.9470254182815552,0.4541796088218689,0.42337445020675657,0.766354,0.431387597322464,0.5988810062408447,0.470389586687088,0.9113950254,0.6065887212753296,0.8917741775512695,0.913790225982666,0.937374210357666,0.6229015827178955,0.8562441945075989,0.9383547902107239
1130.0,0.8846269845962524,0.9051470160484314,0.9034821391105652,0.7379459738731384,0.556909978,0.27476537227630615,0.8815431594848633,0.2112630009651184,0.6000660061836243,0.19347000122070312,0.229441,0.6029059886932373,0.29524898529052734,0.3076789975166321,0.9465870261192322,0.45399901270866394,0.42350995540618896,0.76602,0.4315139949321747,0.5994110107421875,0.47088098526000977,0.91129303,0.6069867610931396,0.8920549750328064,0.9131972193717957,0.9370880126953125,0.6243299841880798,0.8559859991073608,0.9380059838294983
1131.0,0.8848047852516174,0.905059814453125,0.9033807873725891,0.7380215764045716,0.5566879865389465,0.27562326192855835,0.8808462619781494,0.21223219931125642,0.6004858016967773,0.19367820024490356,0.2299228,0.6050972104072571,0.29507178664207456,0.3076442003250122,0.9463146209716797,0.45426321029663086,0.42362654209136963,0.7658440000000001,0.4316797971725464,0.599620807170868,0.4714849889278412,0.910195625,0.607351016998291,0.8922981858253479,0.912601363658905,0.9368726134300231,0.6253867864608764,0.8557965993881226,0.9378987908363342
1132.0,0.8849825859069824,0.9049726128578186,0.903279435634613,0.7380971789360047,0.5564659950778931,0.27648115158081055,0.8801493644714355,0.2132013976573944,0.6009055972099304,0.193886399269104,0.23040460000000001,0.6072884321212768,0.29489458799362184,0.30760940313339236,0.9460422158241272,0.4545274078845978,0.4237431287765503,0.765668,0.4318455994129181,0.5998306035995483,0.4720889925956726,0.90909822,0.6077152729034424,0.8925413966178894,0.9120055079460144,0.9366572141647339,0.6264435887336731,0.8556071996688843,0.9377915978431701
1133.0,0.8851603865623474,0.9048854112625122,0.903178083896637,0.7381727814674377,0.5562440036168396,0.27733904123306274,0.8794524669647217,0.21417059600353242,0.6013253927230835,0.19409459829330444,0.2308864,0.6094796538352967,0.29471738934516906,0.30757460594177244,0.9457698106765747,0.4547916054725647,0.42385971546173096,0.7654920000000001,0.4320114016532898,0.6000404000282288,0.47269299626350403,0.908000815,0.6080795288085937,0.8927846074104309,0.9114096522331238,0.9364418148994446,0.6275003910064697,0.855417799949646,0.9376844048500061
1134.0,0.8853381872177124,0.9047982096672058,0.9030767321586609,0.7382483839988708,0.5560220121557862,0.27819693088531494,0.8787555694580078,0.2151397943496704,0.6017451882362366,0.19430279731750488,0.2313682,0.6116708755493164,0.29454019069671633,0.3075398087501526,0.9454974055290222,0.4550558030605316,0.4239763021469116,0.765316,0.4321772038936615,0.6002501964569091,0.47329699993133545,0.90690341,0.6084437847137452,0.8930278182029724,0.9108137965202332,0.9362264156341553,0.6285571932792664,0.8552284002304077,0.9375772118568421
1135.0,0.8855159878730774,0.9047110080718994,0.9029753804206848,0.738323986530304,0.5558000206947327,0.27905482053756714,0.878058671951294,0.2161089926958084,0.6021649837493896,0.19451099634170532,0.23185,0.6138620972633362,0.29436299204826355,0.3075050115585327,0.9452250003814697,0.45532000064849854,0.4240928888320923,0.76514,0.4323430061340332,0.6004599928855896,0.47390100359916687,0.905806005,0.6088080406188965,0.8932710289955139,0.9102179408073425,0.936011016368866,0.629613995552063,0.8550390005111694,0.937470018863678
1136.0,0.8853127956390381,0.904612410068512,0.9027665019035339,0.738374388217926,0.5554760217666626,0.2798214375972748,0.8772014379501343,0.21705839335918425,0.6030239820480346,0.19470799565315247,0.2326436,0.6160139441490173,0.29431339502334597,0.30767700672149656,0.94582439661026,0.45561500191688536,0.4242032110691071,0.7650720000000001,0.43272900581359863,0.6000425934791564,0.4741870045661926,0.9052638054,0.6089706897735596,0.8933026194572449,0.9093035817146301,0.9357672095298767,0.6307325959205627,0.854545795917511,0.936707615852356
1137.0,0.8851096034049988,0.9045138120651245,0.902557623386383,0.738424789905548,0.5551520228385926,0.28058805465698244,0.8763442039489746,0.21800779402256013,0.6038829803466796,0.19490499496459962,0.2334372,0.6181657910346985,0.29426379799842833,0.30784900188446046,0.9464237928390503,0.4559100031852722,0.4243135333061218,0.765004,0.43311500549316406,0.5996251940727234,0.47447300553321836,0.9047216057999999,0.6091333389282226,0.8933342099189758,0.9083892226219177,0.9355234026908874,0.6318511962890625,0.8540525913238526,0.9359452128410339
1138.0,0.8849064111709595,0.9044152140617371,0.9023487448692322,0.7384751915931702,0.5548280239105224,0.28135467171669004,0.8754869699478149,0.21895719468593597,0.6047419786453248,0.19510199427604674,0.2342308,0.6203176379203796,0.29421420097351075,0.3080209970474243,0.9470231890678406,0.4562050044536591,0.4244238555431366,0.7649360000000001,0.4335010051727295,0.5992077946662903,0.47475900650024416,0.9041794062,0.6092959880828858,0.8933658003807068,0.9074748635292054,0.9352795958518982,0.6329697966575623,0.853559386730194,0.9351828098297119
1139.0,0.8847032189369202,0.9043166160583496,0.9021398663520813,0.7385255932807923,0.5545040249824524,0.2821212887763977,0.8746297359466553,0.21990659534931184,0.6056009769439697,0.1952989935874939,0.2350244,0.6224694848060608,0.2941646039485931,0.3081929922103882,0.9476225852966309,0.4565000057220459,0.42453417778015134,0.764868,0.4338870048522949,0.5987903952598572,0.4750450074672699,0.9036372066,0.6094586372375488,0.8933973908424377,0.9065605044364929,0.935035789012909,0.634088397026062,0.8530661821365356,0.9344204068183899
1140.0,0.8845000267028809,0.9042180180549622,0.9019309878349304,0.7385759949684143,0.5541800260543823,0.28288790583610535,0.8737725019454956,0.22085599601268768,0.6064599752426147,0.19549599289894104,0.235818,0.6246213316917419,0.29411500692367554,0.30836498737335205,0.9482219815254211,0.45679500699043274,0.42464450001716614,0.7648,0.43427300453186035,0.5983729958534241,0.47533100843429565,0.903095007,0.6096212863922119,0.8934289813041687,0.9056461453437805,0.9347919821739197,0.6352069973945618,0.8525729775428772,0.9336580038070679
1141.0,0.8849228262901306,0.9043466091156006,0.9016976833343506,0.7386431932449341,0.5536510229110718,0.28385664224624635,0.8721075534820557,0.2219143956899643,0.6070221781730651,0.19594079554080962,0.2364648,0.6263355135917663,0.2939948081970215,0.3086367905139923,0.9479749798774719,0.45685200691223143,0.4248679161071777,0.764582,0.43403980135917664,0.5985423922538757,0.4756544053554535,0.9013464094,0.6098845839500427,0.8934915900230408,0.9049145817756653,0.9344437837600708,0.6364035964012146,0.851981782913208,0.933076798915863
1142.0,0.8853456258773804,0.9044752001762391,0.9014643788337707,0.7387103915214539,0.5531220197677612,0.28482537865638735,0.8704426050186157,0.2229727953672409,0.6075843811035156,0.19638559818267823,0.2371116,0.6280496954917908,0.2938746094703674,0.3089085936546326,0.9477279782295227,0.45690900683403013,0.4250913321971893,0.764364,0.4338065981864929,0.5987117886543274,0.47597780227661135,0.8995978118,0.6101478815078736,0.8935541987419129,0.9041830182075501,0.934095585346222,0.6376001954078674,0.8513905882835389,0.9324955940246582
1143.0,0.8857684254646301,0.9046037912368774,0.9012310743331909,0.7387775897979736,0.5525930166244507,0.2857941150665283,0.8687776565551758,0.22403119504451752,0.608146584033966,0.1968304008245468,0.23775839999999998,0.6297638773918152,0.2937544107437134,0.3091803967952728,0.9474809765815735,0.4569660067558289,0.42531474828720095,0.764146,0.4335733950138092,0.598881185054779,0.47630119919776914,0.8978492142000001,0.6104111790657043,0.8936168074607849,0.9034514546394348,0.933747386932373,0.6387967944145203,0.8507993936538696,0.9319143891334534
1144.0,0.8861912250518799,0.9047323822975158,0.900997769832611,0.7388447880744934,0.5520640134811401,0.2867628514766693,0.8671127080917358,0.22508959472179413,0.6087087869644165,0.19727520346641542,0.23840519999999998,0.6314780592918396,0.2936342120170593,0.3094521999359131,0.9472339749336243,0.4570230066776276,0.42553816437721254,0.763928,0.4333401918411255,0.5990505814552307,0.476624596118927,0.8961006166000001,0.6106744766235351,0.893679416179657,0.9027198910713196,0.9333991885185242,0.6399933934211731,0.8502081990242004,0.9313331842422485
1145.0,0.8866140246391296,0.9048609733581543,0.9007644653320312,0.7389119863510132,0.5515350103378296,0.2877315878868103,0.8654477596282959,0.22614799439907074,0.6092709898948669,0.197720006108284,0.239052,0.633192241191864,0.2935140132904053,0.30972400307655334,0.946986973285675,0.45708000659942627,0.4257615804672241,0.76371,0.4331069886684418,0.5992199778556824,0.47694799304008484,0.894352019,0.610937774181366,0.893742024898529,0.9019883275032043,0.9330509901046753,0.6411899924278259,0.8496170043945312,0.9307519793510437
1146.0,0.8865202188491821,0.9046057820320129,0.9011904001235962,0.7387727856636047,0.5510026693344117,0.28859657049179077,0.8608352184295655,0.22705959677696227,0.609784197807312,0.19810960590839385,0.2395996,0.6349372863769531,0.293393212556839,0.3099956035614014,0.9468087792396546,0.4575000047683716,0.4261185348033905,0.763468,0.4335761904716492,0.5984803795814514,0.4772229969501495,0.8926160098,0.6112926602363586,0.893582820892334,0.901018249988556,0.9324501872062683,0.6425695896148682,0.8487734079360962,0.9293519854545593
1147.0,0.8864264130592346,0.9043505907058715,0.9016163349151611,0.7386335849761962,0.5504703283309936,0.28946155309677124,0.856222677230835,0.2279711991548538,0.6102974057197571,0.1984992057085037,0.2401472,0.6366823315620422,0.2932724118232727,0.3102672040462494,0.9466305851936341,0.4579200029373169,0.4264754891395569,0.763226,0.43404539227485656,0.5977407813072204,0.4774980008602142,0.8908800006,0.6116475462913513,0.8934236168861389,0.9000481724739074,0.9318493843078614,0.6439491868019104,0.8479298114776611,0.927951991558075
1148.0,0.8863326072692871,0.9040953993797303,0.9020422697067261,0.7384943842887879,0.5499379873275757,0.2903265357017517,0.8516101360321044,0.22888280153274537,0.6108106136322021,0.1988888055086136,0.2406948,0.6384273767471313,0.29315161108970644,0.3105388045310974,0.9464523911476135,0.4583400011062622,0.42683244347572324,0.762984,0.434514594078064,0.5970011830329895,0.47777300477027895,0.8891439914,0.612002432346344,0.8932644128799438,0.899078094959259,0.9312485814094543,0.6453287839889527,0.8470862150192261,0.9265519976615906
1149.0,0.8862388014793396,0.9038402080535889,0.902468204498291,0.7383551836013794,0.5494056463241577,0.2911915183067322,0.846997594833374,0.2297944039106369,0.6113238215446473,0.19927840530872346,0.2412424,0.6401724219322205,0.29303081035614015,0.3108104050159454,0.946274197101593,0.4587599992752075,0.42718939781188964,0.7627419999999999,0.43498379588127134,0.5962615847587586,0.47804800868034364,0.8874079822000001,0.6123573184013367,0.8931052088737488,0.8981080174446106,0.9306477785110474,0.6467083811759948,0.846242618560791,0.9251520037651062
1150.0,0.8861449956893921,0.9035850167274475,0.902894139289856,0.738215982913971,0.5488733053207397,0.29205650091171265,0.8423850536346436,0.23070600628852844,0.6118370294570923,0.1996680051088333,0.24179,0.6419174671173096,0.29291000962257385,0.31108200550079346,0.9460960030555725,0.45917999744415283,0.42754635214805603,0.7625,0.43545299768447876,0.5955219864845276,0.4783230125904083,0.885671973,0.6127122044563293,0.8929460048675537,0.8971379399299622,0.9300469756126404,0.6480879783630371,0.845399022102356,0.9237520098686218
1151.0,0.8861159920692444,0.9035836100578308,0.9027409434318543,0.7382771849632264,0.5487773060798645,0.29324392080307005,0.8349302887916565,0.23161400556564332,0.6124884247779846,0.19998060464859008,0.2424572,0.6440927028656006,0.2928730070590973,0.3113282024860382,0.9462687969207764,0.45935419797897337,0.42774189710617067,0.762392,0.43509419560432433,0.5964707851409912,0.4785020112991333,0.8849587796,0.6130367398262024,0.892779004573822,0.8948240518569947,0.9286765813827514,0.6491885781288147,0.8444238185882569,0.9223132133483887
1152.0,0.8860869884490967,0.9035822033882142,0.9025877475738525,0.7383383870124817,0.5486813068389893,0.2944313406944275,0.8274755239486694,0.23252200484275817,0.6131398200988769,0.20029320418834687,0.24312440000000002,0.6462679386138916,0.29283600449562075,0.31157439947128296,0.9464415907859802,0.45952839851379396,0.4279374420642853,0.762284,0.4347353935241699,0.5974195837974549,0.4786810100078583,0.8842455862,0.6133612751960754,0.8926120042800904,0.8925101637840271,0.9273061871528625,0.6502891778945923,0.8434486150741577,0.9208744168281555
1153.0,0.8860579848289489,0.9035807967185974,0.9024345517158509,0.7383995890617371,0.548585307598114,0.2956187605857849,0.8200207591056824,0.23343000411987305,0.6137912154197693,0.20060580372810363,0.2437916,0.6484431743621826,0.29279900193214414,0.3118205964565277,0.9466143846511841,0.4597025990486145,0.4281329870223999,0.762176,0.4343765914440155,0.5983683824539184,0.47886000871658324,0.8835323928,0.6136858105659485,0.8924450039863586,0.8901962757110595,0.9259357929229737,0.6513897776603699,0.8424734115600586,0.9194356203079224
1154.0,0.8860289812088012,0.9035793900489807,0.9022813558578491,0.7384607911109924,0.5484893083572387,0.29680618047714236,0.8125659942626953,0.2343380033969879,0.6144426107406616,0.20091840326786042,0.2444588,0.6506184101104736,0.2927619993686676,0.31206679344177246,0.9467871785163879,0.4598767995834351,0.4283285319805145,0.762068,0.4340177893638611,0.5993171811103821,0.47903900742530825,0.8828191994,0.6140103459358215,0.892278003692627,0.887882387638092,0.9245653986930847,0.6524903774261475,0.8414982080459594,0.9179968237876892
1155.0,0.8859999775886536,0.903577983379364,0.9021281599998474,0.7385219931602478,0.5483933091163635,0.29799360036849976,0.8051112294197083,0.23524600267410278,0.615094006061554,0.2012310028076172,0.245126,0.6527936458587646,0.29272499680519104,0.3123129904270172,0.9469599723815918,0.4600510001182556,0.42852407693862915,0.76196,0.43365898728370667,0.6002659797668457,0.4792180061340332,0.882106006,0.6143348813056946,0.8921110033988953,0.8855684995651245,0.9231950044631958,0.653590977191925,0.8405230045318604,0.916558027267456
1156.0,0.8853955864906311,0.9036223888397217,0.9022992134094239,0.738511598110199,0.5484666466712952,0.2988597691059113,0.7983713746070862,0.23616940081119536,0.6153882026672364,0.20131800174713135,0.24578440000000001,0.6548284649848938,0.2925593972206116,0.31255699396133424,0.9470027804374694,0.4604059994220734,0.42876917719841,0.76185,0.43406379222869873,0.6003563880920411,0.47964300513267516,0.8824884056,0.6144601464271545,0.8921858072280884,0.8825912952423096,0.9225610017776489,0.6545809864997864,0.8395879983901977,0.9149070262908936
1157.0,0.8847911953926086,0.9036667943000793,0.9024702668190002,0.7385012030601501,0.5485399842262269,0.29972593784332274,0.7916315197944641,0.23709279894828797,0.6156823992729187,0.20140500068664552,0.24644280000000002,0.6568632841110229,0.2923937976360321,0.31280099749565127,0.9470455884933472,0.4607609987258911,0.42901427745819093,0.76174,0.4344685971736908,0.6004467964172363,0.4800680041313171,0.8828708051999999,0.6145854115486145,0.8922606110572815,0.8796140909194946,0.9219269990921021,0.6555709958076477,0.8386529922485352,0.913256025314331
1158.0,0.8841868042945862,0.903711199760437,0.9026413202285767,0.7384908080101014,0.5486133217811584,0.30059210658073426,0.784891664981842,0.23801619708538055,0.6159765958786011,0.20149199962615966,0.2471012,0.6588981032371521,0.2922281980514526,0.31304500102996824,0.9470883965492248,0.4611159980297089,0.4292593777179718,0.76163,0.43487340211868286,0.6005372047424317,0.48049300312995913,0.8832532048,0.6147106766700745,0.8923354148864746,0.8766368865966797,0.9212929964065552,0.6565610051155091,0.8377179861068725,0.9116050243377686
1159.0,0.8835824131965637,0.9037556052207947,0.902812373638153,0.7384804129600525,0.5486866593360901,0.30145827531814573,0.77815181016922,0.23893959522247316,0.6162707924842834,0.20157899856567382,0.2477596,0.6609329223632813,0.29206259846687316,0.31328900456428527,0.9471312046051026,0.4614709973335266,0.4295044779777527,0.76152,0.4352782070636749,0.6006276130676269,0.4809180021286011,0.8836356044,0.6148359417915344,0.8924102187156677,0.8736596822738647,0.9206589937210083,0.6575510144233704,0.83678297996521,0.909954023361206
1160.0,0.8829780220985413,0.9038000106811523,0.9029834270477295,0.7384700179100037,0.5487599968910217,0.30232444405555725,0.7714119553565979,0.23986299335956573,0.6165649890899658,0.201665997505188,0.248418,0.6629677414894104,0.2918969988822937,0.3135330080986023,0.9471740126609802,0.46182599663734436,0.42974957823753357,0.76141,0.435683012008667,0.6007180213928223,0.48134300112724304,0.884018004,0.6149612069129944,0.8924850225448608,0.8706824779510498,0.9200249910354614,0.6585410237312317,0.8358479738235474,0.9083030223846436
1161.0,0.8834144234657287,0.9037190079689026,0.9036264538764953,0.7384518146514892,0.5488873362541199,0.3031071901321411,0.7735659599304199,0.2406913936138153,0.6170865893363953,0.20194259881973267,0.2489062,0.6648034572601318,0.2918074011802673,0.3138344049453735,0.9474700093269348,0.46203299760818484,0.42994251251220705,0.761368,0.4360690116882324,0.6014572143554687,0.48198400139808656,0.8851794004,0.615393877029419,0.8923094153404236,0.8684032797813416,0.9182623982429504,0.6593248248100281,0.8350741744041443,0.9069698214530945
1162.0,0.8838508248329162,0.9036380052566528,0.9042694807052613,0.7384336113929748,0.5490146756172181,0.30388993620872495,0.775719964504242,0.24151979386806488,0.6176081895828247,0.20221920013427735,0.2493944,0.6666391730308533,0.29171780347824094,0.3141358017921448,0.9477660059928894,0.46223999857902526,0.4301354467868805,0.7613260000000001,0.43645501136779785,0.6021964073181152,0.4826250016689301,0.8863407968,0.6158265471458435,0.8921338081359863,0.8661240816116333,0.9164998054504394,0.6601086258888245,0.8343003749847412,0.9056366205215454
1163.0,0.8842872262001038,0.9035570025444031,0.9049125075340271,0.7384154081344605,0.5491420149803161,0.30467268228530886,0.7778739690780639,0.24234819412231445,0.6181297898292542,0.202495801448822,0.2498826,0.6684748888015747,0.2916282057762146,0.314437198638916,0.948062002658844,0.46244699954986573,0.43032838106155397,0.761284,0.4368410110473633,0.6029356002807618,0.48326600193977354,0.8875021932,0.6162592172622681,0.8919582009315491,0.863844883441925,0.9147372126579285,0.6608924269676208,0.8335265755653382,0.9043034195899964
1164.0,0.8847236275672913,0.9034759998321533,0.905555534362793,0.7383972048759461,0.5492693543434143,0.3054554283618927,0.780027973651886,0.24317659437656403,0.6186513900756836,0.2027724027633667,0.2503708,0.6703106045722962,0.29153860807418824,0.3147385954856873,0.9483579993247986,0.46265400052070615,0.4305213153362274,0.761242,0.4372270107269287,0.6036747932434082,0.48390700221061705,0.8886635896,0.6166918873786926,0.8917825937271118,0.8615656852722168,0.9129746198654175,0.6616762280464172,0.832752776145935,0.9029702186584473
1165.0,0.8851600289344788,0.9033949971199036,0.9061985611915588,0.7383790016174316,0.5493966937065125,0.30623817443847656,0.782181978225708,0.2440049946308136,0.619172990322113,0.20304900407791138,0.250859,0.6721463203430176,0.29144901037216187,0.3150399923324585,0.9486539959907532,0.46286100149154663,0.4307142496109009,0.7612,0.43761301040649414,0.6044139862060547,0.48454800248146057,0.889824986,0.6171245574951172,0.8916069865226746,0.8592864871025085,0.9112120270729065,0.6624600291252136,0.831978976726532,0.9016370177268982
1166.0,0.8853352189064025,0.903332793712616,0.9059946894645691,0.738438606262207,0.549422025680542,0.3072287440299988,0.7884230613708496,0.24498719573020936,0.6193005919456482,0.20335240364074708,0.2511884,0.6739632964134217,0.2912332057952881,0.3153295934200287,0.9487193942070007,0.46329100131988527,0.43098867535591123,0.761306,0.4378112077713013,0.6036383867263794,0.4849380016326904,0.8905351874,0.6174488186836242,0.8916413903236389,0.8593649744987488,0.9095996260643006,0.6638952255249023,0.831412386894226,0.9000446200370789
1167.0,0.8855104088783264,0.9032705903053284,0.9057908177375793,0.7384982109069824,0.5494473576545715,0.308219313621521,0.7946641445159912,0.2459693968296051,0.6194281935691833,0.20365580320358276,0.2515178,0.6757802724838257,0.2910174012184143,0.3156191945075989,0.9487847924232483,0.4637210011482239,0.43126310110092164,0.761412,0.4380094051361084,0.6028627872467041,0.4853280007839203,0.8912453888,0.6177730798721314,0.8916757941246033,0.859443461894989,0.9079872250556946,0.665330421924591,0.8308457970619202,0.8984522223472595
1168.0,0.8856855988502502,0.9032083868980407,0.9055869460105896,0.7385578155517578,0.5494726896286011,0.3092098832130432,0.8009052276611328,0.24695159792900084,0.6195557951927185,0.20395920276641846,0.2518472,0.6775972485542298,0.29080159664154054,0.31590879559516905,0.9488501906394958,0.4641510009765625,0.431537526845932,0.761518,0.4382076025009155,0.6020871877670289,0.48571799993515014,0.8919555902,0.6180973410606384,0.8917101979255676,0.8595219492912293,0.9063748240470886,0.6667656183242798,0.8302792072296142,0.8968598246574402
1169.0,0.8858607888221741,0.9031461834907532,0.9053830742835999,0.7386174201965332,0.5494980216026306,0.31020045280456543,0.8071463108062744,0.2479337990283966,0.6196833968162536,0.20426260232925414,0.25217660000000003,0.6794142246246337,0.2905857920646667,0.31619839668273925,0.9489155888557435,0.4645810008049011,0.4318119525909424,0.761624,0.43840579986572265,0.6013115882873535,0.48610799908638,0.8926657916,0.6184216022491456,0.891744601726532,0.8596004366874694,0.9047624230384826,0.6682008147239685,0.8297126173973084,0.8952674269676208
1170.0,0.8860359787940979,0.9030839800834656,0.9051792025566101,0.7386770248413086,0.5495233535766602,0.31119102239608765,0.813387393951416,0.24891600012779236,0.6198109984397888,0.20456600189208984,0.252506,0.6812312006950378,0.29036998748779297,0.31648799777030945,0.948980987071991,0.46501100063323975,0.43208637833595276,0.76173,0.4386039972305298,0.6005359888076782,0.48649799823760986,0.893375993,0.6187458634376526,0.8917790055274963,0.8596789240837097,0.9031500220298767,0.6696360111236572,0.8291460275650024,0.8936750292778015
1171.0,0.8864669799804688,0.9031933784484864,0.9052343249320984,0.7386622190475464,0.5495566844940185,0.31232539415359495,0.8178427815437317,0.24967600107192994,0.6203379988670349,0.2049318015575409,0.25304740000000003,0.6833624362945556,0.29029878973960876,0.3167841970920563,0.9485769867897034,0.46519799828529357,0.4320867359638214,0.7618280000000001,0.43875519633293153,0.6006873965263366,0.4867959976196289,0.8938147904,0.6188908457756043,0.8916206002235413,0.8616540431976318,0.9016238212585449,0.6702816128730774,0.8286080241203309,0.8927578210830689
1172.0,0.8868979811668396,0.9033027768135071,0.9052894473075866,0.7386474132537841,0.549590015411377,0.3134597659111023,0.8222981691360474,0.2504360020160675,0.620864999294281,0.20529760122299195,0.2535888,0.6854936718940735,0.29022759199142456,0.3170803964138031,0.9481729865074158,0.4653849959373474,0.43208709359169006,0.761926,0.4389063954353333,0.6008388042449951,0.48709399700164796,0.8942535878,0.619035828113556,0.8914621949195862,0.863629162311554,0.9000976204872131,0.6709272146224976,0.8280700206756592,0.8918406128883362
1173.0,0.8873289823532104,0.9034121751785278,0.905344569683075,0.738632607460022,0.5496233463287353,0.3145941376686096,0.826753556728363,0.25119600296020506,0.6213919997215271,0.20566340088844298,0.25413020000000003,0.6876249074935913,0.29015639424324036,0.31737659573554994,0.9477689862251282,0.46557199358940127,0.4320874512195587,0.762024,0.43905759453773496,0.6009902119636535,0.487391996383667,0.8946923852,0.6191808104515075,0.8913037896156311,0.8656042814254761,0.8985714197158814,0.6715728163719177,0.8275320172309876,0.8909234046936035
1174.0,0.8877599835395813,0.9035215735435486,0.9053996920585632,0.7386178016662598,0.5496566772460938,0.31572850942611697,0.8312089443206787,0.25195600390434264,0.6219190001487732,0.20602920055389404,0.2546716,0.6897561430931092,0.29008519649505615,0.31767279505729673,0.9473649859428406,0.4657589912414551,0.43208780884742737,0.762122,0.4392087936401367,0.6011416196823121,0.48768999576568606,0.8951311826,0.6193257927894592,0.891145384311676,0.8675794005393982,0.8970452189445496,0.6722184181213379,0.8269940137863159,0.8900061964988708
1175.0,0.8881909847259521,0.9036309719085693,0.9054548144340515,0.7386029958724976,0.5496900081634521,0.31686288118362427,0.8356643319129944,0.2527160048484802,0.6224460005760193,0.2063950002193451,0.255213,0.691887378692627,0.29001399874687195,0.3179689943790436,0.946960985660553,0.4659459888935089,0.432088166475296,0.76222,0.43935999274253845,0.6012930274009705,0.4879879951477051,0.89556998,0.6194707751274109,0.890986979007721,0.8695545196533203,0.8955190181732178,0.6728640198707581,0.8264560103416443,0.8890889883041382
1176.0,0.8877149820327759,0.9035859823226928,0.9056048035621643,0.7386923909187317,0.549750006198883,0.3180184602737427,0.8388996958732605,0.2535032033920288,0.62256760597229,0.20633099973201752,0.2555328,0.693923044204712,0.2900038003921509,0.318191397190094,0.9471683859825134,0.4660313904285431,0.4324810266494751,0.762454,0.43970599174499514,0.6016592264175415,0.48839459419250486,0.8964625834,0.6198065996170044,0.89093998670578,0.8715673804283142,0.8954764127731323,0.6739940166473388,0.8257978081703186,0.8888751864433289
1177.0,0.8872389793395996,0.9035409927368164,0.9057547926902771,0.7387817859649658,0.5498100042343139,0.3191740393638611,0.8421350598335267,0.2542904019355774,0.6226892113685608,0.20626699924468994,0.2558526,0.6959587097167969,0.2899936020374298,0.3184138000011444,0.9473757863044738,0.46611679196357725,0.4328738868236542,0.762688,0.44005199074745177,0.6020254254341125,0.4888011932373047,0.8973551867999999,0.6201424241065979,0.8908929944038391,0.8735802412033081,0.8954338073730469,0.6751240134239197,0.8251396059989929,0.8886613845825195
1178.0,0.8867629766464233,0.9034960031509399,0.9059047818183898,0.7388711810112,0.5498700022697449,0.3203296184539795,0.8453704237937927,0.255077600479126,0.6228108167648315,0.20620299875736237,0.2561724,0.6979943752288819,0.28998340368270875,0.31863620281219485,0.9475831866264344,0.4662021934986115,0.43326674699783324,0.762922,0.44039798974990846,0.6023916244506836,0.4892077922821045,0.8982477902,0.6204782485961914,0.8908460021018982,0.875593101978302,0.8953912019729614,0.6762540102005005,0.8244814038276672,0.8884475827217102
1179.0,0.8862869739532471,0.9034510135650635,0.9060547709465027,0.738960576057434,0.5499300003051758,0.3214851975440979,0.8486057877540588,0.25586479902267456,0.6229324221611023,0.2061389982700348,0.2564922,0.7000300407409668,0.28997320532798765,0.31885860562324525,0.9477905869483948,0.46628759503364564,0.43365960717201235,0.7631560000000001,0.4407439887523651,0.6027578234672546,0.4896143913269043,0.8991403936,0.620814073085785,0.8907990097999573,0.8776059627532959,0.895348596572876,0.6773840069770813,0.8238232016563416,0.8882337808609009
1180.0,0.8858109712600708,0.903406023979187,0.9062047600746155,0.7390499711036682,0.5499899983406067,0.3226407766342163,0.851841151714325,0.25665199756622314,0.623054027557373,0.20607499778270721,0.256812,0.7020657062530518,0.2899630069732666,0.31908100843429565,0.9479979872703552,0.4663729965686798,0.4340524673461914,0.76339,0.4410899877548218,0.6031240224838257,0.4900209903717041,0.900032997,0.6211498975753784,0.8907520174980164,0.8796188235282898,0.8953059911727905,0.6785140037536621,0.8231649994850159,0.8880199790000916
1181.0,0.8856299757957459,0.9032796144485473,0.9054523825645446,0.7390591740608216,0.5499306678771972,0.3239410758018494,0.8528612852096558,0.25744959712028503,0.623439621925354,0.2064089983701706,0.2574048,0.7042503118515014,0.289872407913208,0.31946380734443663,0.9482269883155823,0.4670953989028931,0.43460277915000917,0.763508,0.44120398759841917,0.602902615070343,0.49042139053344724,0.8999383926,0.6218528270721435,0.8907544136047363,0.8808733701705933,0.8946013927459717,0.6795428037643433,0.8226142048835754,0.8879603862762451
1182.0,0.8854489803314209,0.9031532049179077,0.9047000050544739,0.7390683770179749,0.5498713374137878,0.3252413749694824,0.8538814187049866,0.2582471966743469,0.623825216293335,0.20674299895763398,0.2579976,0.7064349174499511,0.2897818088531494,0.3198466062545776,0.9484559893608093,0.4678178012371063,0.4351530909538269,0.763626,0.4413179874420166,0.6026812076568604,0.49082179069519044,0.8998437882,0.6225557565689087,0.8907568097114563,0.8821279168128967,0.8938967943191528,0.6805716037750245,0.822063410282135,0.8879007935523987
1183.0,0.8852679848670959,0.903026795387268,0.903947627544403,0.7390775799751281,0.5498120069503785,0.3265416741371155,0.8549015522003174,0.2590447962284088,0.6242108106613159,0.20707699954509734,0.2585904,0.7086195230484009,0.2896912097930908,0.32022940516471865,0.9486849904060364,0.4685402035713196,0.43570340275764463,0.763744,0.441431987285614,0.6024598002433776,0.4912221908569336,0.8997491837999999,0.6232586860656738,0.8907592058181762,0.8833824634552002,0.893192195892334,0.6816004037857055,0.8215126156806946,0.8878412008285522
1184.0,0.885086989402771,0.9029003858566285,0.9031952500343323,0.7390867829322815,0.549752676486969,0.3278419733047485,0.8559216856956482,0.2598423957824707,0.6245964050292969,0.20741100013256072,0.2591832,0.7108041286468506,0.2896006107330322,0.32061220407485963,0.9489139914512634,0.4692626059055328,0.4362537145614624,0.763862,0.44154598712921145,0.602238392829895,0.4916225910186768,0.8996545793999999,0.623961615562439,0.8907616019248963,0.8846370100975036,0.8924875974655151,0.6826292037963867,0.8209618210792542,0.8877816081047059
1185.0,0.884905993938446,0.9027739763259888,0.9024428725242615,0.7390959858894348,0.5496933460235596,0.3291422724723816,0.856941819190979,0.2606399953365326,0.6249819993972778,0.2077450007200241,0.259776,0.7129887342453003,0.28951001167297363,0.3209950029850006,0.9491429924964905,0.4699850082397461,0.43680402636528015,0.76398,0.44165998697280884,0.6020169854164124,0.4920229911804199,0.899559975,0.6246645450592041,0.8907639980316162,0.8858915567398071,0.8917829990386963,0.6836580038070679,0.8204110264778137,0.8877220153808594
1186.0,0.8852549910545349,0.9027979850769043,0.9027348756790161,0.7391093850135804,0.549592661857605,0.3303495168685913,0.8576111435890198,0.2613611936569214,0.625220799446106,0.20801939964294433,0.259971,0.7148478031158447,0.2893670082092285,0.32121700048446655,0.949374794960022,0.47050660848617554,0.4372944414615631,0.764182,0.442076587677002,0.6026513934135437,0.49218419194221497,0.8999615792,0.624893045425415,0.8905997991561889,0.886445426940918,0.8916576027870178,0.6845424056053162,0.8198294162750244,0.8875414133071899
1187.0,0.8856039881706238,0.9028219938278198,0.9030268788337708,0.7391227841377258,0.5494919776916504,0.33155676126480105,0.8582804679870606,0.2620823919773102,0.6254595994949341,0.20829379856586455,0.260166,0.7167068719863892,0.2892240047454834,0.3214389979839325,0.9496065974235535,0.471028208732605,0.43778485655784605,0.764384,0.44249318838119506,0.603285801410675,0.49234539270401,0.9003631834,0.6251215457916259,0.8904356002807617,0.8869992971420289,0.8915322065353394,0.6854268074035644,0.8192478060722351,0.8873608112335205
1188.0,0.8859529852867126,0.9028460025787354,0.9033188819885254,0.7391361832618714,0.5493912935256958,0.3327640056610107,0.8589497923851013,0.26280359029769895,0.6256983995437622,0.2085681974887848,0.260361,0.7185659408569336,0.2890810012817383,0.32166099548339844,0.949838399887085,0.4715498089790344,0.43827527165412905,0.764586,0.4429097890853882,0.6039202094078064,0.49250659346580505,0.9007647876,0.625350046157837,0.8902714014053345,0.8875531673431396,0.8914068102836609,0.6863112092018128,0.8186661958694458,0.8871802091598511
1189.0,0.8863019824028016,0.9028700113296508,0.90361088514328,0.7391495823860168,0.5492906093597412,0.33397125005722045,0.8596191167831421,0.26352478861808776,0.6259371995925903,0.20884259641170502,0.260556,0.720425009727478,0.2889379978179932,0.3218829929828644,0.9500702023506165,0.47207140922546387,0.438765686750412,0.7647879999999999,0.4433263897895813,0.6045546174049378,0.4926677942276001,0.9011663918,0.6255785465240479,0.8901072025299073,0.8881070375442505,0.8912814140319825,0.687195611000061,0.8180845856666565,0.8869996070861816
1190.0,0.8866509795188904,0.9028940200805664,0.9039028882980347,0.7391629815101624,0.5491899251937866,0.3351784944534302,0.8602884411811829,0.26424598693847656,0.6261759996414185,0.20911699533462524,0.260751,0.7222840785980225,0.28879499435424805,0.3221049904823303,0.950302004814148,0.4725930094718933,0.43925610184669495,0.76499,0.4437429904937744,0.6051890254020691,0.49282899498939514,0.901567996,0.6258070468902588,0.88994300365448,0.8886609077453613,0.891156017780304,0.6880800127983093,0.8175029754638672,0.8868190050125122
1191.0,0.886709988117218,0.9027940154075622,0.903132152557373,0.739233386516571,0.5491419434547424,0.33653500080108645,0.8595296263694763,0.2649367868900299,0.6263260006904602,0.2092803955078125,0.2611542,0.7235101819038391,0.2886553943157196,0.3224243938922882,0.949916398525238,0.4727506101131439,0.4394906938076019,0.7650899999999999,0.44401559233665466,0.6053052186965943,0.4932353973388672,0.9015113954,0.6259987592697144,0.8895986080169678,0.8888371348381042,0.8911236166954041,0.6893246054649353,0.8169849753379822,0.886530601978302
1192.0,0.8867689967155457,0.9026940107345581,0.9023614168167114,0.7393037915229798,0.5490939617156982,0.33789150714874266,0.8587708115577698,0.2656275868415833,0.6264760017395019,0.20944379568099974,0.2615574,0.7247362852096557,0.28851579427719115,0.3227437973022461,0.9495307922363281,0.47290821075439454,0.4397252857685089,0.7651899999999999,0.4442881941795349,0.6054214119911194,0.4936417996883392,0.9014547948,0.62619047164917,0.8892542123794556,0.8890133619308471,0.8910912156105042,0.6905691981315613,0.8164669752120972,0.8862421989440918
1193.0,0.8868280053138733,0.9025940060615539,0.9015906810760498,0.7393741965293884,0.549045979976654,0.33924801349639894,0.8580119967460632,0.2663183867931366,0.6266260027885437,0.20960719585418702,0.2619606,0.7259623885154725,0.28837619423866273,0.32306320071220396,0.9491451859474183,0.47306581139564513,0.4399598777294159,0.76529,0.44456079602241516,0.6055376052856445,0.4940482020378113,0.9013981942,0.6263821840286254,0.8889098167419434,0.8891895890235901,0.8910588145256042,0.6918137907981873,0.8159489750862121,0.8859537959098815
1194.0,0.8868870139122009,0.9024940013885498,0.9008199453353882,0.7394446015357972,0.5489979982376099,0.34060451984405515,0.8572531819343567,0.26700918674468993,0.6267760038375855,0.20977059602737427,0.2623638,0.7271884918212891,0.28823659420013426,0.32338260412216185,0.9487595796585083,0.4732234120368958,0.4401944696903229,0.76539,0.4448333978652954,0.6056537985801697,0.49445460438728334,0.9013415936,0.626573896408081,0.8885654211044312,0.889365816116333,0.8910264134407043,0.6930583834648132,0.8154309749603271,0.8856653928756714
1195.0,0.8869460225105286,0.9023939967155457,0.9000492095947266,0.7395150065422058,0.5489500164985657,0.3419610261917114,0.8564943671226501,0.2676999866962433,0.6269260048866272,0.20993399620056152,0.262767,0.7284145951271057,0.28809699416160583,0.32370200753211975,0.9483739733695984,0.47338101267814636,0.44042906165122986,0.76549,0.44510599970817566,0.6057699918746948,0.49486100673675537,0.901284993,0.6267656087875366,0.888221025466919,0.8895420432090759,0.8909940123558044,0.6943029761314392,0.8149129748344421,0.8853769898414612
1196.0,0.8869224190711975,0.9022176027297973,0.9005106091499329,0.7394802093505859,0.5489920139312744,0.34280920028686523,0.8575398087501526,0.2685257911682129,0.6271398067474365,0.21000759601593016,0.2631822,0.7300618410110473,0.2879571974277496,0.32406100630760193,0.9486401796340942,0.47370761036872866,0.440444153547287,0.766342,0.4449863970279694,0.6062719941139221,0.4952672064304352,0.9017453912,0.6267777800559997,0.8882180213928222,0.8897836565971374,0.8909992098808288,0.6952905774116516,0.813659381866455,0.8853091955184936
1197.0,0.8868988156318665,0.902041208744049,0.9009720087051392,0.7394454121589661,0.5490340113639831,0.34365737438201904,0.858585250377655,0.2693515956401825,0.6273536086082458,0.21008119583129883,0.2635974,0.731709086894989,0.28781740069389344,0.3244200050830841,0.9489063858985901,0.4740342080593109,0.44045924544334414,0.767194,0.44486679434776305,0.6067739963531494,0.495673406124115,0.9022057894,0.6267899513244629,0.8882150173187255,0.8900252699851989,0.8910044074058533,0.696278178691864,0.812405788898468,0.8852414011955261
1198.0,0.8868752121925354,0.9018648147583008,0.9014334082603455,0.7394106149673462,0.5490760087966919,0.34450554847717285,0.8596306920051575,0.2701774001121521,0.6275674104690552,0.21015479564666747,0.2640126,0.7333563327789306,0.2876776039600372,0.3247790038585663,0.9491725921630859,0.4743608057498932,0.4404743373394012,0.768046,0.4447471916675568,0.6072759985923767,0.4960796058177948,0.9026661876000001,0.626802122592926,0.888212013244629,0.8902668833732605,0.8910096049308777,0.6972657799720764,0.8111521959304809,0.8851736068725586
1199.0,0.8868516087532043,0.9016884207725525,0.9018948078155518,0.7393758177757264,0.5491180062294007,0.34535372257232666,0.8606761336326599,0.2710032045841217,0.6277812123298645,0.21022839546203614,0.2644278,0.7350035786628724,0.28753780722618105,0.32513800263404846,0.9494387984275818,0.47468740344047544,0.44048942923545836,0.7688980000000001,0.44462758898735044,0.607778000831604,0.4964858055114746,0.9031265858,0.6268142938613892,0.8882090091705322,0.890508496761322,0.8910148024559021,0.6982533812522889,0.8098986029624939,0.8851058125495911
1200.0,0.8868280053138733,0.9015120267868042,0.9023562073707581,0.7393410205841064,0.5491600036621094,0.34620189666748047,0.8617215752601624,0.2718290090560913,0.6279950141906738,0.21030199527740479,0.264843,0.736650824546814,0.28739801049232483,0.32549700140953064,0.9497050046920776,0.47501400113105774,0.4405045211315155,0.76975,0.44450798630714417,0.6082800030708313,0.4968920052051544,0.903586984,0.6268264651298523,0.8882060050964355,0.8907501101493835,0.8910199999809265,0.6992409825325012,0.8086450099945068,0.8850380182266235
1201.0,0.8873350024223328,0.9016252160072327,0.9030638456344604,0.7393062114715576,0.5491039991378784,0.34710880517959597,0.8634137511253357,0.27250260710716245,0.6281512141227722,0.21044499576091766,0.2652728,0.7379728078842163,0.28740760684013367,0.32587820291519165,0.949387001991272,0.4753834009170532,0.440952855348587,0.7698940000000001,0.44504278898239136,0.6089022040367127,0.49711900353431704,0.9036933902000001,0.6268926978111267,0.8876327991485595,0.8904076337814331,0.8907765984535218,0.7003273844718934,0.808186411857605,0.8849666118621826
1202.0,0.8878419995307922,0.9017384052276611,0.9037714838981629,0.7392714023590088,0.5490479946136475,0.3480157136917114,0.865105926990509,0.27317620515823365,0.6283074140548706,0.21058799624443053,0.2657026,0.7392947912216187,0.2874172031879425,0.32625940442085266,0.9490689992904663,0.4757528007030487,0.44140118956565855,0.770038,0.44557759165763855,0.609524405002594,0.4973460018634796,0.9037997964000001,0.6269589304924011,0.8870595932006836,0.8900651574134827,0.890533196926117,0.7014137864112854,0.8077278137207031,0.8848952054977417
1203.0,0.8883489966392517,0.9018515944480896,0.9044791221618652,0.73923659324646,0.5489919900894165,0.3489226222038269,0.8667981028556824,0.2738498032093048,0.628463613986969,0.21073099672794343,0.2661324,0.740616774559021,0.28742679953575134,0.32664060592651367,0.9487509965896607,0.4761222004890442,0.4418495237827301,0.770182,0.44611239433288574,0.6101466059684754,0.4975730001926422,0.9039062026,0.6270251631736755,0.8864863872528076,0.8897226810455322,0.8902897953987121,0.7025001883506775,0.8072692155838013,0.8848237991333008
1204.0,0.8888559937477112,0.9019647836685181,0.9051867604255677,0.7392017841339111,0.5489359855651855,0.34982953071594236,0.8684902787208557,0.274523401260376,0.6286198139190674,0.2108739972114563,0.2665622,0.7419387578964234,0.2874363958835602,0.3270218074321747,0.9484329938888549,0.4764916002750397,0.44229785799980165,0.770326,0.44664719700813293,0.6107688069343566,0.4977999985218048,0.9040126088,0.62709139585495,0.8859131813049317,0.8893802046775818,0.8900463938713074,0.7035865902900695,0.8068106174468994,0.8847523927688599
1205.0,0.8893629908561707,0.9020779728889465,0.90589439868927,0.7391669750213623,0.5488799810409546,0.35073643922805786,0.870182454586029,0.27519699931144714,0.6287760138511658,0.21101699769496918,0.266992,0.7432607412338257,0.287445992231369,0.3274030089378357,0.9481149911880493,0.47686100006103516,0.44274619221687317,0.77047,0.4471819996833801,0.611391007900238,0.4980269968509674,0.904119015,0.6271576285362244,0.8853399753570557,0.8890377283096313,0.8898029923439026,0.7046729922294617,0.8063520193099976,0.884680986404419
1206.0,0.888787591457367,0.9020877838134765,0.9055272936820984,0.739165985584259,0.5489033222198486,0.3520888388156891,0.8712846159934997,0.2757431983947754,0.6286180138587951,0.2109829992055893,0.2672386,0.7445581555366516,0.2873167932033539,0.3277902066707611,0.9477969884872437,0.4772306025028229,0.4430878281593323,0.770254,0.44747520089149473,0.612133800983429,0.49833179712295533,0.9038714172,0.6272438883781433,0.8849729776382447,0.8894962549209595,0.8896163940429688,0.7055607914924622,0.8058040142059326,0.884926187992096
1207.0,0.8882121920585633,0.9020975947380065,0.9051601886749268,0.7391649961471558,0.5489266633987426,0.3534412384033203,0.8723867774009705,0.27628939747810366,0.6284600138664246,0.21094900071620942,0.2674852,0.7458555698394775,0.28718759417533873,0.32817740440368653,0.947478985786438,0.4776002049446106,0.4434294641017914,0.770038,0.4477684020996094,0.6128765940666199,0.49863659739494326,0.9036238194,0.6273301482200623,0.8846059799194336,0.8899547815322876,0.889429795742035,0.7064485907554626,0.8052560091018677,0.8851713895797729
1208.0,0.8876367926597595,0.9021074056625367,0.9047930836677551,0.7391640067100524,0.5489500045776368,0.35479363799095154,0.8734889388084411,0.27683559656143186,0.6283020138740539,0.21091500222682952,0.2677318,0.7471529841423035,0.2870583951473236,0.3285646021366119,0.9471609830856323,0.4779698073863983,0.44377110004425047,0.769822,0.448061603307724,0.6136193871498108,0.49894139766693113,0.9033762216,0.6274164080619812,0.8842389822006226,0.8904133081436157,0.889243197441101,0.7073363900184632,0.8047080039978027,0.88541659116745
1209.0,0.8870613932609558,0.9021172165870667,0.9044259786605835,0.7391630172729492,0.5489733457565308,0.35614603757858276,0.8745911002159119,0.2773817956447601,0.6281440138816834,0.21088100373744964,0.2679784,0.7484503984451294,0.28692919611930845,0.3289517998695374,0.9468429803848266,0.478339409828186,0.4441127359867096,0.769606,0.44835480451583865,0.6143621802330017,0.49924619793891906,0.9031286238,0.6275026679039002,0.8838719844818115,0.8908718347549438,0.8890565991401672,0.7082241892814636,0.8041599988937378,0.8856617927551269
1210.0,0.8864859938621521,0.9021270275115967,0.9040588736534119,0.739162027835846,0.5489966869354248,0.357498437166214,0.8756932616233826,0.2779279947280884,0.6279860138893127,0.21084700524806976,0.268225,0.7497478127479553,0.28679999709129333,0.32933899760246277,0.946524977684021,0.47870901226997375,0.4444543719291687,0.76939,0.44864800572395325,0.6151049733161926,0.499550998210907,0.902881026,0.6275889277458191,0.8835049867630005,0.891330361366272,0.8888700008392334,0.7091119885444641,0.8036119937896729,0.885906994342804
1211.0,0.8864793896675109,0.9018124222755433,0.904369568824768,0.739061427116394,0.5489073395729065,0.3582775115966797,0.8760181307792664,0.2786221981048584,0.6285186052322388,0.2111586034297943,0.2685618,0.751318633556366,0.2868601977825165,0.32972179651260375,0.94720858335495,0.4794608116149902,0.44491748213768006,0.769538,0.4489374041557312,0.6150901794433594,0.49968600273132324,0.9037168261999999,0.6280425548553467,0.8829889893531799,0.8918451070785522,0.8900258064270019,0.7105385899543762,0.8030275940895081,0.8856786012649536
1212.0,0.8864727854728699,0.9014978170394897,0.9046802639961242,0.7389608263969422,0.5488179922103882,0.3590565860271454,0.8763429999351502,0.2793164014816284,0.6290511965751648,0.21147020161151886,0.2688986,0.7528894543647766,0.2869203984737396,0.33010459542274473,0.9478921890258789,0.4802126109600067,0.44538059234619143,0.769686,0.44922680258750913,0.6150753855705261,0.4998210072517395,0.9045526264,0.6284961819648742,0.8824729919433594,0.8923598527908325,0.8911816120147705,0.7119651913642884,0.8024431943893433,0.8854502081871033
1213.0,0.8864661812782287,0.9011832118034363,0.9049909591674805,0.7388602256774902,0.5487286448478699,0.35983566045761106,0.8766678690910339,0.28001060485839846,0.6295837879180908,0.2117817997932434,0.2692354,0.7544602751731873,0.28698059916496277,0.33048739433288576,0.9485757946968079,0.4809644103050232,0.44584370255470274,0.769834,0.44951620101928713,0.6150605916976929,0.49995601177215576,0.9053884266,0.6289498090744019,0.8819569945335388,0.8928745985031128,0.892337417602539,0.7133917927742004,0.8018587946891784,0.8852218151092529
1214.0,0.8864595770835877,0.9008686065673828,0.9053016543388367,0.7387596249580384,0.5486392974853516,0.36061473488807677,0.8769927382469177,0.28070480823516847,0.6301163792610168,0.21209339797496796,0.2695722,0.7560310959815979,0.2870407998561859,0.33087019324302674,0.9492594003677368,0.4817162096500397,0.4463068127632141,0.7699819999999999,0.4498055994510651,0.6150457978248596,0.500091016292572,0.9062242268,0.6294034361839295,0.8814409971237183,0.8933893442153931,0.8934932231903077,0.7148183941841125,0.8012743949890136,0.8849934220314026
1215.0,0.8864529728889465,0.9005540013313293,0.9056123495101929,0.7386590242385864,0.5485499501228333,0.3613938093185425,0.8773176074028015,0.2813990116119385,0.6306489706039429,0.2124049961566925,0.269909,0.7576019167900085,0.28710100054740906,0.3312529921531677,0.9499430060386658,0.48246800899505615,0.44676992297172546,0.77013,0.450094997882843,0.6150310039520264,0.5002260208129883,0.907060027,0.629857063293457,0.8809249997138977,0.8939040899276733,0.8946490287780762,0.7162449955940247,0.8006899952888489,0.8847650289535522
1216.0,0.8867855787277221,0.9004706025123597,0.905194365978241,0.7387828230857849,0.5485699653625489,0.36243764162063596,0.8778497099876403,0.28195940852165224,0.6305627822875977,0.2124161958694458,0.2703004,0.7588921070098877,0.286981999874115,0.3315645933151245,0.9493113994598389,0.48257500529289243,0.447098708152771,0.770272,0.45041419863700866,0.6149248003959655,0.5004538178443909,0.906725025,0.6299729943275452,0.8800855994224548,0.8942855358123779,0.8952654242515564,0.7169083952903748,0.79998619556427,0.884492826461792
1217.0,0.8871181845664978,0.9003872036933899,0.9047763824462891,0.7389066219329834,0.5485899806022644,0.3634814739227295,0.8783818125724793,0.28251980543136596,0.6304765939712524,0.21242739558219909,0.2706918,0.7601822972297668,0.2868629992008209,0.3318761944770813,0.948679792881012,0.48268200159072877,0.44742749333381654,0.7704139999999999,0.4507333993911743,0.6148185968399048,0.5006816148757934,0.9063900229999999,0.6300889253616333,0.879246199131012,0.8946669816970825,0.8958818197250367,0.7175717949867249,0.7992823958396912,0.8842206239700318
1218.0,0.8874507904052734,0.9003038048744202,0.9043583989143371,0.7390304207801819,0.54860999584198,0.364525306224823,0.8789139151573181,0.2830802023410797,0.6303904056549072,0.2124385952949524,0.2710832,0.761472487449646,0.28674399852752686,0.3321877956390381,0.948048186302185,0.48278899788856505,0.44775627851486205,0.770556,0.45105260014534,0.614712393283844,0.5009094119071961,0.906055021,0.6302048563957214,0.8784067988395691,0.8950484275817872,0.8964982151985168,0.718235194683075,0.7985785961151123,0.8839484214782715
1219.0,0.8877833962440491,0.9002204060554504,0.9039404153823852,0.7391542196273804,0.5486300110816955,0.3655691385269165,0.879446017742157,0.28364059925079343,0.630304217338562,0.2124497950077057,0.2714746,0.7627626776695251,0.2866249978542328,0.3324993968009949,0.9474165797233581,0.4828959941864014,0.4480850636959076,0.770698,0.4513718008995056,0.6146061897277832,0.5011372089385986,0.905720019,0.6303207874298096,0.8775673985481263,0.8954298734664917,0.897114610671997,0.718898594379425,0.7978747963905335,0.8836762189865113
1220.0,0.8881160020828247,0.9001370072364807,0.9035224318504333,0.7392780184745789,0.5486500263214111,0.36661297082901,0.8799781203269958,0.2842009961605072,0.6302180290222168,0.21246099472045898,0.271866,0.7640528678894043,0.2865059971809387,0.33281099796295166,0.9467849731445312,0.48300299048423767,0.4484138488769531,0.77084,0.45169100165367126,0.6144999861717224,0.5013650059700012,0.905385017,0.6304367184638977,0.8767279982566833,0.8958113193511963,0.8977310061454773,0.7195619940757751,0.7971709966659546,0.883404016494751
1221.0,0.8879400014877319,0.9001946091651917,0.9032598495483398,0.7392516136169434,0.548522686958313,0.367615282535553,0.8803138136863708,0.28478299975395205,0.6303514242172241,0.21250259578227998,0.2721902,0.7649159073829651,0.2864041984081268,0.33311899900436404,0.9465659737586976,0.4832791924476624,0.44863571524620055,0.77088,0.45177019834518434,0.6143533945083618,0.5015422105789185,0.9060342189999999,0.6306082963943481,0.8754549980163574,0.8961092591285705,0.8978602051734924,0.7204821944236756,0.7963895916938781,0.8834486126899719
1222.0,0.8877640008926392,0.9002522110939026,0.9029972672462463,0.7392252087593079,0.5483953475952148,0.36861759424209595,0.8806495070457458,0.28536500334739684,0.6304848194122314,0.21254419684410095,0.2725144,0.7657789468765259,0.28630239963531495,0.33342700004577636,0.9463469743728637,0.483555394411087,0.448857581615448,0.7709199999999999,0.4518493950366974,0.6142068028450012,0.5017194151878357,0.906683421,0.6307798743247985,0.8741819977760314,0.8964071989059448,0.8979894042015075,0.721402394771576,0.7956081867218018,0.8834932088851929
1223.0,0.8875880002975464,0.9003098130226135,0.9027346849441529,0.7391988039016724,0.5482680082321167,0.3696199059486389,0.8809852004051208,0.2859470069408417,0.6306182146072388,0.21258579790592194,0.2728386,0.7666419863700866,0.28620060086250304,0.33373500108718873,0.94612797498703,0.48383159637451173,0.44907944798469546,0.77096,0.4519285917282104,0.6140602111816407,0.5018966197967529,0.907332623,0.6309514522552491,0.8729089975357056,0.8967051386833191,0.8981186032295227,0.7223225951194763,0.7948267817497253,0.8835378050804138
1224.0,0.8874119997024537,0.9003674149513244,0.9024721026420593,0.7391723990440369,0.5481406688690186,0.3706222176551819,0.8813208937644958,0.2865290105342865,0.6307516098022461,0.2126273989677429,0.2731628,0.7675050258636474,0.2860988020896912,0.33404300212860105,0.9459089756011962,0.4841077983379364,0.4493013143539429,0.7709999999999999,0.4520077884197235,0.61391361951828,0.5020738244056702,0.907981825,0.6311230301856995,0.8716359972953797,0.8970030784606934,0.8982478022575379,0.7232427954673767,0.794045376777649,0.8835824012756348
1225.0,0.8872359991073608,0.9004250168800354,0.9022095203399658,0.7391459941864014,0.5480133295059204,0.37162452936172485,0.8816565871238708,0.2871110141277313,0.6308850049972534,0.2126690000295639,0.273487,0.7683680653572083,0.2859970033168793,0.3343510031700134,0.9456899762153625,0.4843840003013611,0.4495231807231903,0.77104,0.4520869851112366,0.6137670278549194,0.5022510290145874,0.908631027,0.6312946081161499,0.8703629970550537,0.8973010182380676,0.898377001285553,0.7241629958152771,0.7932639718055725,0.8836269974708557
1226.0,0.8873463988304138,0.9004102110862732,0.9025596261024476,0.7393577933311463,0.5479486584663391,0.37265458703041077,0.8814913034439087,0.287771612405777,0.6308742046356202,0.21257599890232087,0.2739618,0.7691952466964722,0.28598600029945376,0.3347312033176422,0.944833779335022,0.4849228024482727,0.4499444246292114,0.770918,0.4520737886428833,0.6134794235229493,0.502517020702362,0.9082508208,0.6311338543891907,0.8693948030471802,0.8975704193115235,0.8982292056083679,0.7250095963478088,0.7927849769592286,0.8837739944458007
1227.0,0.8874567985534668,0.9003954052925109,0.9029097318649292,0.7395695924758912,0.5478839874267578,0.3736846446990967,0.8813260197639465,0.28843221068382263,0.6308634042739868,0.21248299777507781,0.2744366,0.7700224280357361,0.2859749972820282,0.335111403465271,0.9439775824546814,0.48546160459518434,0.4503656685352325,0.7707959999999999,0.45206059217453004,0.613191819190979,0.5027830123901367,0.9078706146,0.6309731006622314,0.8684266090393067,0.8978398203849792,0.8980814099311829,0.7258561968803405,0.7923059821128845,0.8839209914207459
1228.0,0.8875671982765198,0.9003805994987488,0.9032598376274109,0.7397813916206359,0.5478193163871765,0.3747147023677826,0.8811607360839844,0.2890928089618683,0.6308526039123535,0.21238999664783478,0.27491140000000003,0.770849609375,0.28596399426460267,0.33549160361289976,0.9431213855743408,0.48600040674209594,0.4507869124412537,0.770674,0.45204739570617675,0.6129042148590088,0.5030490040779114,0.9074904084000001,0.6308123469352722,0.8674584150314331,0.8981092214584351,0.8979336142539978,0.7267027974128724,0.7918269872665405,0.8840679883956909
1229.0,0.8876775979995728,0.9003657937049866,0.9036099433898925,0.7399931907653808,0.5477546453475952,0.3757447600364685,0.8809954524040222,0.28975340723991394,0.6308418035507202,0.21229699552059172,0.2753862,0.7716767907142639,0.2859529912471771,0.33587180376052855,0.9422651886940002,0.4865392088890076,0.4512081563472748,0.7705519999999999,0.4520341992378235,0.6126166105270385,0.5033149957656861,0.9071102022,0.630651593208313,0.8664902210235595,0.8983786225318908,0.8977858185768127,0.7275493979454041,0.7913479924201965,0.884214985370636
1230.0,0.8877879977226257,0.9003509879112244,0.9039600491523743,0.7402049899101257,0.5476899743080139,0.3767748177051544,0.8808301687240601,0.2904140055179596,0.6308310031890869,0.2122039943933487,0.275861,0.7725039720535278,0.2859419882297516,0.33625200390815735,0.9414089918136597,0.4870780110359192,0.4516294002532959,0.77043,0.4520210027694702,0.6123290061950684,0.5035809874534607,0.906729996,0.6304908394813538,0.865522027015686,0.8986480236053467,0.8976380228996277,0.7283959984779358,0.7908689975738525,0.884361982345581
1231.0,0.8875918030738831,0.900353193283081,0.9035245895385742,0.7401709914207458,0.5476033091545105,0.37735623121261597,0.8805258989334106,0.2909842073917389,0.6308112025260926,0.21229299604892732,0.2762314,0.7737075209617614,0.28592199087142944,0.33658260107040405,0.9413645982742309,0.4874388098716736,0.45188655257225036,0.7705759999999999,0.45228559970855714,0.6128895998001098,0.5037255883216858,0.9071829914,0.6308654904365539,0.8648422241210938,0.8984188437461853,0.8980062127113342,0.7292387962341309,0.7902719974517822,0.8842407822608948
1232.0,0.8873956084251404,0.9003553986549377,0.9030891299247742,0.7401369929313659,0.5475166440010071,0.3779376447200775,0.8802216291427613,0.2915544092655182,0.6307914018630981,0.21238199770450591,0.2766018,0.7749110698699951,0.2859019935131073,0.33691319823265076,0.9413202047348023,0.487799608707428,0.4521437048912048,0.7707219999999999,0.45255019664764407,0.6134501934051514,0.5038701891899109,0.9076359868,0.6312401413917541,0.8641624212265014,0.8981896638870239,0.8983744025230408,0.7300815939903259,0.7896749973297119,0.8841195821762085
1233.0,0.8871994137763977,0.9003576040267944,0.9026536703109741,0.7401029944419861,0.5474299788475037,0.37851905822753906,0.8799173593521118,0.2921246111392975,0.6307716012001038,0.21247099936008454,0.2769722,0.7761146187782287,0.28588199615478516,0.33724379539489746,0.9412758111953735,0.48816040754318235,0.4524008572101593,0.770868,0.45281479358673093,0.6140107870101928,0.504014790058136,0.9080889822,0.6316147923469544,0.8634826183319092,0.8979604840278625,0.8987425923347473,0.730924391746521,0.7890779972076416,0.8839983820915223
1234.0,0.887003219127655,0.9003598093986511,0.9022182106971741,0.7400689959526062,0.5473433136940002,0.3791004717350006,0.8796130895614624,0.29269481301307676,0.6307518005371093,0.21256000101566314,0.2773426,0.7773181676864624,0.285861998796463,0.33757439255714417,0.9412314176559449,0.48852120637893676,0.4526580095291138,0.771014,0.45307939052581786,0.6145713806152344,0.5041593909263611,0.9085419776,0.6319894433021546,0.8628028154373169,0.8977313041687012,0.8991107821464539,0.731767189502716,0.7884809970855713,0.883877182006836
1235.0,0.8868070244789124,0.9003620147705078,0.901782751083374,0.7400349974632263,0.5472566485404968,0.37968188524246216,0.879308819770813,0.2932650148868561,0.630731999874115,0.21264900267124176,0.277713,0.778521716594696,0.28584200143814087,0.33790498971939087,0.9411870241165161,0.48888200521469116,0.45291516184806824,0.77116,0.4533439874649048,0.6151319742202759,0.5043039917945862,0.908994973,0.6323640942573547,0.8621230125427246,0.8975021243095398,0.8994789719581604,0.7326099872589111,0.787883996963501,0.8837559819221497
1236.0,0.8871984243392944,0.9005232095718384,0.9018278598785401,0.7401379942893982,0.5471713185310364,0.3804202198982239,0.8795284509658814,0.2937480092048645,0.630701994895935,0.21294920146465302,0.2781478,0.7792813777923584,0.28574860095977783,0.33826799392700196,0.9404116153717041,0.4890966057777405,0.4534169673919678,0.7712279999999999,0.4536549925804138,0.6155803799629211,0.5044151902198791,0.9089609744,0.6326894998550415,0.8615248084068299,0.8981143355369567,0.9002647757530212,0.7334781885147095,0.7872853994369506,0.8839399814605713
1237.0,0.8875898241996765,0.900684404373169,0.901872968673706,0.7402409911155701,0.547085988521576,0.3811585545539856,0.8797480821609497,0.2942310035228729,0.6306719899177551,0.21324940025806427,0.2785826,0.7800410389900208,0.2856552004814148,0.33863099813461306,0.9396362066268921,0.4893112063407898,0.4539187729358673,0.771296,0.45396599769592283,0.6160287857055664,0.5045263886451721,0.9089269758,0.6330149054527283,0.860926604270935,0.8987265467643738,0.901050579547882,0.7343463897705078,0.7866868019104004,0.8841239809989929
1238.0,0.8879812240600586,0.9008455991744995,0.9019180774688721,0.7403439879417419,0.5470006585121154,0.3818968892097473,0.8799677133560181,0.29471399784088137,0.6306419849395752,0.21354959905147552,0.27901739999999997,0.7808007001876831,0.28556180000305176,0.3389940023422241,0.9388607978820801,0.4895258069038391,0.45442057847976686,0.7713639999999999,0.4542770028114319,0.6164771914482117,0.5046375870704651,0.9088929772,0.633340311050415,0.8603284001350403,0.8993387579917907,0.901836383342743,0.7352145910263062,0.7860882043838501,0.8843079805374146
1239.0,0.8883726239204407,0.9010067939758301,0.901963186264038,0.7404469847679138,0.546915328502655,0.382635223865509,0.8801873445510864,0.2951969921588898,0.6306119799613953,0.21384979784488678,0.2794522,0.7815603613853455,0.2854683995246887,0.3393570065498352,0.938085389137268,0.4897404074668884,0.45492238402366636,0.771432,0.45458800792694093,0.6169255971908569,0.5047487854957581,0.9088589786,0.6336657166481018,0.8597301959991455,0.8999509692192078,0.9026221871376038,0.7360827922821045,0.7854896068572998,0.8844919800758362
1240.0,0.8887640237808228,0.9011679887771606,0.9020082950592041,0.7405499815940857,0.5468299984931946,0.38337355852127075,0.8804069757461548,0.2956799864768982,0.6305819749832153,0.21414999663829803,0.279887,0.7823200225830078,0.2853749990463257,0.3397200107574463,0.937309980392456,0.48995500802993774,0.4554241895675659,0.7715,0.45489901304244995,0.6173740029335022,0.504859983921051,0.90882498,0.6339911222457886,0.8591319918632507,0.9005631804466248,0.9034079909324646,0.7369509935379028,0.7848910093307495,0.8846759796142578
1241.0,0.8888136148452759,0.9011547923088074,0.9020883083343506,0.7404685854911804,0.5467213273048401,0.3840147197246552,0.8807690501213074,0.29629979133605955,0.6306823849678039,0.21411879658699035,0.28023,0.7833704471588134,0.2853233993053436,0.3401110112667084,0.9377635836601257,0.49055480360984804,0.4558960497379303,0.771486,0.45510581135749817,0.6172636032104493,0.5051017880439759,0.9085559842,0.6341804027557373,0.8584925889968872,0.9006756186485291,0.9041784882545472,0.7379889965057373,0.7845004081726075,0.8847457885742187
1242.0,0.888863205909729,0.9011415958404541,0.9021683216094971,0.7403871893882752,0.5466126561164856,0.38465588092803954,0.8811311244964599,0.29691959619522096,0.6307827949523925,0.21408759653568268,0.280573,0.7844208717346192,0.28527179956436155,0.34050201177597045,0.9382171869277954,0.4911545991897583,0.4563679099082947,0.7714719999999999,0.4553126096725464,0.6171532034873962,0.5053435921669006,0.9082869884,0.634369683265686,0.8578531861305236,0.9007880568504334,0.9049489855766296,0.7390269994735718,0.7841098070144653,0.8848155975341797
1243.0,0.8889127969741821,0.9011283993721009,0.9022483348846435,0.7403057932853698,0.5465039849281311,0.38529704213142396,0.8814931988716126,0.2975394010543823,0.6308832049369812,0.214056396484375,0.280916,0.7854712963104248,0.28522019982337954,0.34089301228523256,0.9386707901954651,0.4917543947696686,0.45683977007865906,0.771458,0.4555194079875946,0.6170428037643433,0.5055853962898255,0.9080179926,0.6345589637756348,0.8572137832641602,0.9009004950523376,0.9057194828987122,0.7400650024414063,0.7837192058563233,0.8848854064941406
1244.0,0.8889623880386353,0.9011152029037476,0.90232834815979,0.7402243971824646,0.5463953137397766,0.3859382033348083,0.8818552732467652,0.2981592059135437,0.6309836149215698,0.21402519643306733,0.28125900000000004,0.7865217208862305,0.28516860008239747,0.3412840127944946,0.9391243934631348,0.49235419034957884,0.45731163024902344,0.7714439999999999,0.4557262063026428,0.6169324040412902,0.5058272004127502,0.9077489968,0.6347482442855835,0.8565743803977967,0.9010129332542419,0.9064899802207946,0.7411030054092407,0.7833286046981811,0.8849552154541016
1245.0,0.8890119791030884,0.9011020064353943,0.9024083614349365,0.7401430010795593,0.5462866425514221,0.38657936453819275,0.8822173476219177,0.2987790107727051,0.6310840249061584,0.21399399638175964,0.281602,0.7875721454620361,0.2851170003414154,0.3416750133037567,0.9395779967308044,0.49295398592948914,0.4577834904193878,0.77143,0.45593300461769104,0.6168220043182373,0.506069004535675,0.907480001,0.6349375247955322,0.8559349775314331,0.9011253714561462,0.9072604775428772,0.7421410083770752,0.7829380035400391,0.8850250244140625
1246.0,0.8888391852378845,0.9010446071624756,0.9027445435523986,0.7401406049728394,0.5462133169174195,0.38719630241394043,0.8827340722084045,0.29942020773887634,0.6309284210205078,0.21412499845027924,0.2820264,0.7885424852371216,0.28510299921035764,0.34194480776786806,0.9396286010742188,0.4932937860488892,0.4579702138900757,0.7712859999999999,0.4564634025096893,0.6167554020881653,0.5060747981071472,0.9079954024,0.6352341771125793,0.8552259802818298,0.9011902213096619,0.9075750827789306,0.7428178071975708,0.7822427988052368,0.8851708173751831
1247.0,0.8886663913726807,0.9009872078895569,0.9030807256698609,0.7401382088661194,0.5461399912834167,0.3878132402896881,0.8832507967948914,0.3000614047050476,0.6307728171348572,0.21425600051879884,0.2824508,0.789512825012207,0.28508899807929994,0.34221460223197936,0.9396792054176331,0.4936335861682892,0.45815693736076357,0.771142,0.45699380040168763,0.6166887998580932,0.5060805916786194,0.9085108038,0.6355308294296265,0.8545169830322266,0.9012550711631775,0.9078896880149842,0.7434946060180664,0.7815475940704346,0.8853166103363037
1248.0,0.8884935975074768,0.9009298086166382,0.903416907787323,0.7401358127593994,0.5460666656494141,0.3884301781654358,0.8837675213813782,0.30070260167121887,0.6306172132492065,0.2143870025873184,0.2828752,0.7904831647872925,0.2850749969482422,0.3424843966960907,0.9397298097610474,0.4939733862876892,0.4583436608314514,0.770998,0.4575241982936859,0.6166221976280213,0.5060863852500915,0.9090262052,0.6358274817466736,0.8538079857826233,0.9013199210166931,0.9082042932510376,0.744171404838562,0.7808523893356323,0.8854624032974243
1249.0,0.888320803642273,0.9008724093437195,0.9037530899047852,0.7401334166526794,0.5459933400154113,0.38904711604118347,0.884284245967865,0.30134379863739014,0.6304616093635559,0.214518004655838,0.2832996,0.791453504562378,0.28506099581718447,0.342754191160202,0.9397804141044617,0.4943131864070892,0.45853038430213927,0.770854,0.4580545961856842,0.6165555953979492,0.5060921788215638,0.9095416066,0.6361241340637207,0.85309898853302,0.9013847708702087,0.9085188984870911,0.7448482036590576,0.7801571846008301,0.8856081962585449
1250.0,0.8881480097770691,0.9008150100708008,0.9040892720222473,0.7401310205459595,0.5459200143814087,0.38966405391693115,0.8848009705543518,0.3019849956035614,0.6303060054779053,0.2146490067243576,0.283724,0.7924238443374634,0.2850469946861267,0.34302398562431335,0.939831018447876,0.49465298652648926,0.45871710777282715,0.77071,0.4585849940776825,0.6164889931678772,0.5060979723930359,0.910057008,0.6364207863807678,0.8523899912834167,0.9014496207237244,0.9088335037231445,0.7455250024795532,0.7794619798660278,0.8857539892196655
1251.0,0.8883732080459594,0.9007018089294434,0.904176652431488,0.7401918172836304,0.5459253430366516,0.39029423594474794,0.8848107576370239,0.3025215983390808,0.6303032040596008,0.2146520048379898,0.2842052,0.7929259538650513,0.28500519394874574,0.3432203888893127,0.9405232191085815,0.49511799216270447,0.4589358031749725,0.77047,0.4588457942008972,0.6164347887039184,0.5061413764953613,0.9101418016,0.6363910079002381,0.8510583877563477,0.9017678380012513,0.909299898147583,0.7467151999473571,0.7788803815841675,0.8858564972877503
1252.0,0.8885984063148499,0.9005886077880859,0.9042640328407288,0.7402526140213013,0.5459306716918946,0.3909244179725647,0.8848205447196961,0.30305820107460024,0.6303004026412964,0.21465500295162201,0.2846864,0.7934280633926392,0.28496339321136477,0.34341679215431214,0.9412154197692871,0.4955829977989197,0.45915449857711793,0.77023,0.45910659432411194,0.6163805842399597,0.5061847805976868,0.9102265952,0.6363612294197083,0.8497267842292786,0.902086055278778,0.9097662925720215,0.7479053974151612,0.7782987833023072,0.8859590053558349
1253.0,0.8888236045837402,0.9004754066467285,0.9043514132499695,0.7403134107589722,0.5459360003471374,0.39155460000038145,0.8848303318023681,0.3035948038101196,0.6302976012229919,0.2146580010652542,0.28516759999999997,0.793930172920227,0.28492159247398374,0.3436131954193115,0.9419076204299927,0.4960480034351349,0.4593731939792633,0.7699900000000001,0.45936739444732666,0.616326379776001,0.5062281847000122,0.9103113888,0.6363314509391784,0.8483951807022094,0.902404272556305,0.91023268699646,0.7490955948829651,0.7777171850204467,0.8860615134239197
1254.0,0.8890488028526307,0.900362205505371,0.9044387936592102,0.7403742074966431,0.5459413290023803,0.39218478202819823,0.8848401188850403,0.304131406545639,0.6302947998046875,0.21466099917888642,0.2856488,0.7944322824478149,0.28487979173660277,0.34380959868431094,0.9425998210906983,0.4965130090713501,0.4595918893814087,0.76975,0.4596281945705414,0.6162721753120423,0.5062715888023377,0.9103961824,0.6363016724586487,0.8470635771751404,0.9027224898338317,0.9106990814208984,0.7502857923507691,0.7771355867385864,0.8861640214920044
1255.0,0.889274001121521,0.9002490043640137,0.9045261740684509,0.740435004234314,0.5459466576576233,0.392814964056015,0.8848499059677124,0.30466800928115845,0.6302919983863831,0.21466399729251862,0.28613,0.7949343919754028,0.2848379909992218,0.3440060019493103,0.9432920217514038,0.4969780147075653,0.4598105847835541,0.76951,0.4598889946937561,0.6162179708480835,0.5063149929046631,0.910480976,0.6362718939781189,0.8457319736480713,0.9030407071113586,0.9111654758453369,0.751475989818573,0.7765539884567261,0.8862665295600891
1256.0,0.889367401599884,0.900432002544403,0.9048344612121582,0.7403710007667541,0.5459526538848877,0.39354743957519533,0.8846845626831055,0.3052458047866821,0.6303957939147949,0.21471379697322845,0.286721,0.7954622387886048,0.2848059952259064,0.3444151997566223,0.9431810140609741,0.4973272144794464,0.4602995753288269,0.769408,0.4602981984615326,0.6166051745414733,0.5066319942474365,0.910106778,0.6363369941711425,0.8429057836532593,0.9029023289680481,0.9114737868309021,0.7518931865692139,0.7761079907417298,0.8863997220993042
1257.0,0.8894608020782471,0.9006150007247925,0.9051427483558655,0.7403069972991944,0.545958650112152,0.3942799150943756,0.8845192193984985,0.3058236002922058,0.6304995894432068,0.2147635966539383,0.287312,0.7959900856018066,0.28477399945259096,0.34482439756393435,0.9430700063705444,0.4976764142513275,0.4607885658740997,0.769306,0.46070740222930906,0.6169923782348633,0.50694899559021,0.90973258,0.6364020943641663,0.8400795936584473,0.9027639508247376,0.9117820978164672,0.7523103833198548,0.7756619930267334,0.8865329146385192
1258.0,0.8895542025566101,0.9007979989051819,0.9054510354995727,0.7402429938316345,0.5459646463394165,0.3950123906135559,0.8843538761138916,0.3064013957977295,0.6306033849716186,0.21481339633464813,0.28790299999999996,0.7965179324150086,0.2847420036792755,0.3452335953712463,0.9429589986801148,0.4980256140232086,0.46127755641937257,0.769204,0.4611166059970856,0.6173795819282532,0.5072659969329834,0.909358382,0.6364671945571899,0.8372534036636352,0.902625572681427,0.9120904088020325,0.7527275800704956,0.775215995311737,0.8866661071777344
1259.0,0.8896476030349731,0.9009809970855713,0.9057593226432801,0.7401789903640748,0.5459706425666809,0.3957448661327362,0.8841885328292847,0.3069791913032532,0.6307071805000305,0.21486319601535797,0.288494,0.7970457792282104,0.28471000790596007,0.34564279317855834,0.9428479909896851,0.49837481379508974,0.46176654696464536,0.7691020000000001,0.46152580976486207,0.6177667856216431,0.5075829982757568,0.908984184,0.6365322947502137,0.8344272136688232,0.9024871945381164,0.9123987197875977,0.7531447768211365,0.7747699975967407,0.8867992997169495
1260.0,0.8897410035133362,0.9011639952659607,0.9060676097869873,0.7401149868965149,0.5459766387939453,0.3964773416519165,0.8840231895446777,0.30755698680877686,0.6308109760284424,0.2149129956960678,0.289085,0.7975736260414124,0.28467801213264465,0.34605199098587036,0.9427369832992554,0.4987240135669708,0.4622555375099182,0.769,0.46193501353263855,0.618153989315033,0.5078999996185303,0.908609986,0.6365973949432373,0.8316010236740112,0.9023488163948059,0.9127070307731628,0.7535619735717773,0.7743239998817444,0.8869324922561646
1261.0,0.8895449995994568,0.9010663986206054,0.9063820123672486,0.7400237917900085,0.5459373116493225,0.3968094825744629,0.8842886805534362,0.3080263912677765,0.6307807803153992,0.21506499648094177,0.2895058,0.7984640002250671,0.28468580842018126,0.3463889956474304,0.9429005861282349,0.498906010389328,0.4626763939857483,0.769074,0.4617452085018158,0.618441390991211,0.5078693985939026,0.9089393852,0.636194384098053,0.828451418876648,0.9021468043327332,0.913024115562439,0.7546775817871094,0.7740455985069274,0.8870155692100525
1262.0,0.8893489956855773,0.9009688019752502,0.9066964149475097,0.7399325966835022,0.5458979845046997,0.39714162349700927,0.8845541715621948,0.3084957957267761,0.630750584602356,0.21521699726581572,0.2899266,0.7993543744087219,0.2846936047077179,0.3467260003089905,0.9430641889572143,0.49908800721168517,0.46309725046157835,0.769148,0.46155540347099305,0.6187287926673889,0.5078387975692749,0.9092687844,0.6357913732528686,0.8253018140792847,0.9019447922706604,0.9133412003517151,0.7557931900024414,0.7737671971321106,0.8870986461639404
1263.0,0.889152991771698,0.9008712053298951,0.907010817527771,0.7398414015769958,0.5458586573600769,0.3974737644195557,0.8848196625709533,0.3089652001857758,0.6307203888893127,0.2153689980506897,0.2903474,0.8002447485923767,0.28470140099525454,0.34706300497055054,0.9432277917861939,0.49927000403404237,0.46351810693740847,0.769222,0.4613655984401703,0.6190161943435669,0.5078081965446473,0.9095981836,0.6353883624076844,0.8221522092819213,0.9017427802085877,0.9136582851409912,0.7569087982177735,0.7734887957572937,0.8871817231178284
1264.0,0.8889569878578186,0.9007736086845398,0.9073252201080322,0.7397502064704895,0.5458193302154541,0.39780590534210203,0.885085153579712,0.3094346046447754,0.6306901931762695,0.21552099883556367,0.2907682,0.8011351227760315,0.28470919728279115,0.3474000096321106,0.9433913946151733,0.4994520008563995,0.46393896341323854,0.769296,0.46117579340934756,0.6193035960197448,0.5077775955200196,0.9099275828000001,0.6349853515625,0.8190026044845581,0.9015407681465148,0.9139753699302673,0.7580244064331054,0.7732103943824769,0.8872648000717163
1265.0,0.8887609839439392,0.9006760120391846,0.9076396226882935,0.7396590113639832,0.5457800030708313,0.39813804626464844,0.8853506445884705,0.309904009103775,0.6306599974632263,0.21567299962043762,0.291189,0.8020254969596863,0.28471699357032776,0.34773701429367065,0.9435549974441528,0.4996339976787567,0.4643598198890686,0.76937,0.4609859883785248,0.6195909976959229,0.5077469944953918,0.910256982,0.6345823407173157,0.8158529996871948,0.9013387560844421,0.9142924547195435,0.7591400146484375,0.7729319930076599,0.8873478770256042
1266.0,0.8888161897659301,0.9007346153259277,0.9073456287384033,0.7394872069358825,0.545793330669403,0.398388671875,0.8852523922920227,0.3104466080665588,0.6305382013320923,0.21558960080146788,0.29170019999999997,0.8023956179618835,0.28463979363441466,0.348126208782196,0.9431867957115173,0.5003065943717957,0.4647450387477875,0.769418,0.46137399077415464,0.6185739994049072,0.5078588008880616,0.9094347836000001,0.6334696888923645,0.8158419966697693,0.9009344220161438,0.9140595197677612,0.7599144101142883,0.772709596157074,0.8874454975128174
1267.0,0.8888713955879212,0.9007932186126709,0.9070516347885131,0.7393154025077819,0.5458066582679748,0.39863929748535154,0.8851541399955749,0.31098920702934263,0.6304164052009582,0.21550620198249817,0.29221139999999995,0.8027657389640808,0.28456259369850156,0.34851540327072145,0.9428185939788818,0.5009791910648346,0.46513025760650634,0.769466,0.46176199316978456,0.6175570011138916,0.5079706072807312,0.9086125852,0.6323570370674133,0.8158309936523438,0.9005300879478455,0.913826584815979,0.7606888055801392,0.772487199306488,0.8875431180000305
1268.0,0.8889266014099121,0.900851821899414,0.9067576408386231,0.7391435980796814,0.5458199858665467,0.39888992309570315,0.8850558876991272,0.3115318059921265,0.6302946090698243,0.21542280316352844,0.2927226,0.8031358599662781,0.2844853937625885,0.3489045977592468,0.9424503922462464,0.5016517877578736,0.46551547646522523,0.769514,0.4621499955654144,0.616540002822876,0.5080824136734009,0.9077903868,0.6312443852424622,0.8158199906349182,0.9001257538795471,0.9135936498641968,0.76146320104599,0.7722648024559021,0.8876407384872437
1269.0,0.8889818072319031,0.9009104251861573,0.9064636468887329,0.7389717936515808,0.5458333134651184,0.3991405487060547,0.8849576354026795,0.3120744049549103,0.6301728129386902,0.21533940434455873,0.2932338,0.8035059809684754,0.2844081938266754,0.34929379224777224,0.9420821905136109,0.5023243844509124,0.46590069532394407,0.769562,0.46253799796104433,0.6155230045318604,0.5081942200660705,0.9069681883999999,0.6301317334175109,0.8158089876174927,0.8997214198112488,0.9133607149124146,0.7622375965118409,0.7720424056053161,0.8877383589744567
1270.0,0.889037013053894,0.9009690284729004,0.9061696529388428,0.7387999892234802,0.5458466410636902,0.39939117431640625,0.8848593831062317,0.3126170039176941,0.6300510168075562,0.215256005525589,0.293745,0.8038761019706726,0.28433099389076233,0.3496829867362976,0.9417139887809753,0.5029969811439514,0.46628591418266296,0.76961,0.4629260003566742,0.6145060062408447,0.5083060264587402,0.90614599,0.6290190815925598,0.8157979846000671,0.8993170857429504,0.9131277799606323,0.7630119919776917,0.7718200087547302,0.8878359794616699
1271.0,0.8889694094657898,0.900692617893219,0.906270444393158,0.7387057900428772,0.5457153081893921,0.39972939491271975,0.8849728465080261,0.3131582021713257,0.6298740148544312,0.2153146058320999,0.294309,0.8040782570838928,0.2843653976917267,0.3499807894229889,0.9409389853477478,0.503152585029602,0.46655752062797545,0.76885,0.46324859857559203,0.6153160095214844,0.5084192156791687,0.9059361936,0.6279283285140991,0.8180649876594543,0.8995361089706421,0.9134717583656311,0.7639637947082519,0.7714994072914123,0.8878079891204834
1272.0,0.8889018058776855,0.9004162073135376,0.9063712358474731,0.7386115908622741,0.545583975315094,0.4000676155090332,0.8850863099098205,0.31369940042495725,0.6296970129013062,0.21537320613861083,0.294873,0.804280412197113,0.28439980149269106,0.35027859210968015,0.9401639819145202,0.5033081889152526,0.46682912707328794,0.76809,0.46357119679450987,0.616126012802124,0.5085324048995972,0.9057263972,0.6268375754356384,0.8203319907188416,0.8997551321983337,0.9138157367706299,0.7649155974388122,0.7711788058280945,0.8877799987792969
1273.0,0.8888342022895813,0.9001397967338562,0.9064720273017883,0.7385173916816712,0.5454526424407959,0.4004058361053467,0.885199773311615,0.3142405986785889,0.6295200109481811,0.21543180644512178,0.295437,0.8044825673103333,0.2844342052936554,0.3505763947963715,0.9393889784812928,0.5034637928009034,0.4671007335186005,0.76733,0.46389379501342776,0.6169360160827637,0.5086455941200256,0.9055166008,0.6257468223571777,0.8225989937782288,0.8999741554260254,0.9141597151756287,0.7658674001693726,0.7708582043647766,0.8877520084381103
1274.0,0.888766598701477,0.8998633861541748,0.9065728187561035,0.7384231925010681,0.5453213095664978,0.40074405670166013,0.8853132367134094,0.31478179693222047,0.6293430089950561,0.2154904067516327,0.296001,0.8046847224235535,0.28446860909461974,0.35087419748306276,0.9386139750480652,0.503619396686554,0.467372339963913,0.76657,0.4642163932323456,0.6177460193634033,0.5087587833404541,0.9053068044,0.6246560692787171,0.824865996837616,0.9001931786537171,0.9145036935806274,0.7668192028999329,0.7705376029014588,0.8877240180969238
1275.0,0.8886989951133728,0.8995869755744934,0.9066736102104187,0.7383289933204651,0.5451899766921997,0.40108227729797363,0.8854267001152039,0.31532299518585205,0.6291660070419312,0.21554900705814362,0.296565,0.8048868775367737,0.2845030128955841,0.35117200016975403,0.9378389716148376,0.5037750005722046,0.46764394640922546,0.76581,0.4645389914512634,0.618556022644043,0.5088719725608826,0.905097008,0.6235653162002563,0.8271329998970032,0.9004122018814087,0.9148476719856262,0.7677710056304932,0.7702170014381409,0.8876960277557373
1276.0,0.8885421991348267,0.8994103789329528,0.906460952758789,0.7380347967147827,0.5450939774513245,0.40158538818359374,0.8852662086486817,0.3157257974147797,0.6290638089179993,0.21559220552444458,0.2971548,0.8054217100143433,0.28446860909461974,0.35153300166130064,0.9377973794937133,0.5042407989501954,0.46821457147598267,0.765298,0.4643799960613251,0.6185010194778442,0.5088607788085937,0.904731405,0.6233368515968323,0.8299271941184998,0.9002100706100464,0.9146636962890625,0.768554401397705,0.7697960019111634,0.8877542018890381
1277.0,0.8883854031562806,0.8992337822914124,0.9062482953071594,0.7377406001091004,0.5449979782104493,0.40208849906921384,0.8851057171821595,0.31612859964370726,0.6289616107940674,0.21563540399074554,0.2977446,0.8059565424919128,0.2844342052936554,0.3518940031528473,0.9377557873725891,0.504706597328186,0.46878519654273987,0.764786,0.4642210006713867,0.6184460163116455,0.508849585056305,0.904365802,0.6231083869934082,0.8327213883399963,0.9000079393386841,0.9144797205924988,0.769337797164917,0.7693750023841858,0.8878123760223389
1278.0,0.8882286071777343,0.8990571856498718,0.9060356378555298,0.737446403503418,0.5449019789695739,0.402591609954834,0.8849452257156372,0.3165314018726349,0.6288594126701355,0.2156786024570465,0.2983344,0.8064913749694824,0.28439980149269106,0.3522550046443939,0.9377141952514648,0.5051723957061768,0.46935582160949707,0.764274,0.46406200528144836,0.6183910131454468,0.5088383913040161,0.904000199,0.6228799223899841,0.8355155825614929,0.8998058080673218,0.914295744895935,0.7701211929321289,0.7689540028572083,0.8878705501556396
1279.0,0.8880718111991882,0.8988805890083313,0.9058229804039002,0.7371522068977356,0.5448059797286987,0.4030947208404541,0.884784734249115,0.3169342041015625,0.6287572145462036,0.21572180092334747,0.29892420000000003,0.807026207447052,0.2843653976917267,0.3526160061359406,0.9376726031303406,0.5056381940841674,0.4699264466762543,0.7637619999999999,0.46390300989151,0.6183360099792481,0.5088271975517273,0.903634596,0.6226514577865601,0.8383097767829895,0.8996036767959594,0.9141117691993713,0.7709045886993409,0.7685330033302307,0.8879287242889404
1280.0,0.8879150152206421,0.8987039923667908,0.9056103229522705,0.7368580102920532,0.5447099804878235,0.4035978317260742,0.8846242427825928,0.3173370063304901,0.6286550164222717,0.21576499938964844,0.299514,0.8075610399246216,0.28433099389076233,0.3529770076274872,0.9376310110092163,0.5061039924621582,0.4704970717430115,0.76325,0.46374401450157166,0.6182810068130493,0.5088160037994385,0.903268993,0.622422993183136,0.8411039710044861,0.8994015455245972,0.9139277935028076,0.7716879844665527,0.7681120038032532,0.8879868984222412
1281.0,0.8880564093589782,0.8988181948661804,0.9055049300193787,0.7364932060241699,0.544625985622406,0.4037538647651672,0.8840938806533813,0.31791860461235044,0.6282384157180786,0.21584520041942595,0.30013460000000003,0.8078899502754211,0.28437739610671997,0.35340340733528136,0.9369626045227051,0.5065379977226258,0.47088793516159055,0.763008,0.464216810464859,0.6181158065795899,0.5088052034378052,0.9039793968,0.6248446345329285,0.8439859747886658,0.8993544340133667,0.9140236854553223,0.7727097868919373,0.7678640007972717,0.8880448937416077
1282.0,0.8881978034973145,0.8989323973655701,0.9053995370864868,0.7361284017562866,0.5445419907569885,0.40390989780426023,0.8835635185241699,0.3185002028942108,0.6278218150138855,0.2159254014492035,0.3007552,0.8082188606262207,0.2844237983226776,0.35382980704307554,0.9362941980361938,0.5069720029830933,0.4712787985801697,0.762766,0.4646896064281464,0.6179506063461304,0.5087944030761719,0.9046898005999999,0.627266275882721,0.8468679785728455,0.8993073225021362,0.9141195774078369,0.7737315893173218,0.7676159977912903,0.8881028890609741
1283.0,0.8883391976356506,0.8990465998649597,0.905294144153595,0.7357635974884034,0.5444579958915711,0.4040659308433533,0.8830331563949585,0.31908180117607116,0.6274052143096924,0.216005602478981,0.3013758,0.8085477709770202,0.28447020053863525,0.3542562067508698,0.9356257915496826,0.5074060082435607,0.47166966199874877,0.762524,0.4651624023914337,0.6177854061126709,0.5087836027145386,0.9054002044,0.6296879172325134,0.8497499823570251,0.8992602109909058,0.9142154693603516,0.7747533917427063,0.7673679947853088,0.8881608843803406
1284.0,0.8884805917739869,0.8991608023643494,0.9051887512207031,0.73539879322052,0.5443740010261535,0.4042219638824463,0.8825027942657471,0.31966339945793154,0.6269886136054993,0.21608580350875856,0.3019964,0.8088766813278199,0.2845166027545929,0.35468260645866395,0.9349573850631714,0.5078400135040283,0.4720605254173279,0.762282,0.46563519835472106,0.6176202058792114,0.5087728023529052,0.9061106082,0.6321095585823059,0.8526319861412048,0.8992130994796753,0.9143113613128662,0.7757751941680908,0.7671199917793274,0.888218879699707
1285.0,0.888621985912323,0.899275004863739,0.9050833582878113,0.7350339889526367,0.5442900061607361,0.4043779969215393,0.8819724321365356,0.32024499773979187,0.6265720129013062,0.21616600453853607,0.302617,0.8092055916786194,0.28456300497055054,0.35510900616645813,0.9342889785766602,0.5082740187644958,0.472451388835907,0.76204,0.4661079943180084,0.617455005645752,0.508762001991272,0.906821012,0.6345311999320984,0.8555139899253845,0.8991659879684448,0.9144072532653809,0.7767969965934753,0.766871988773346,0.8882768750190735
1286.0,0.8888889908790588,0.8993336081504821,0.9051435589790344,0.7349727869033813,0.5442060112953186,0.4046375513076782,0.8812906622886658,0.32080999612808225,0.6264868140220642,0.21633520424365998,0.30311360000000004,0.8095826029777526,0.2846422016620636,0.35533960461616515,0.9338853836059571,0.5088804125785827,0.47261382937431334,0.7637160000000001,0.46630899310112,0.6172574043273926,0.5088742017745972,0.9069318051999999,0.6348478198051453,0.8579463958740234,0.8987375617027282,0.9146242022514344,0.7771456003189087,0.7666621923446655,0.8882123112678528
1287.0,0.8891559958457946,0.8993922114372254,0.9052037596702576,0.734911584854126,0.5441220164299011,0.40489710569381715,0.8806088924407959,0.3213749945163727,0.6264016151428222,0.21650440394878387,0.3036102,0.809959614276886,0.2847213983535767,0.35557020306587217,0.9334817886352539,0.5094868063926696,0.4727762699127197,0.7653920000000001,0.4665099918842316,0.6170598030090332,0.5089864015579224,0.9070425984,0.6351644396781921,0.8603788018226624,0.8983091354370117,0.9148411512374878,0.777494204044342,0.7664523959159851,0.8881477475166321
1288.0,0.8894230008125306,0.8994508147239685,0.9052639603614807,0.7348503828048706,0.5440380215644837,0.40515666007995604,0.879927122592926,0.3219399929046631,0.6263164162635804,0.21667360365390778,0.3041068,0.8103366255760193,0.2848005950450897,0.35580080151557925,0.9330781936645508,0.5100932002067566,0.4729387104511261,0.767068,0.4667109906673431,0.6168622016906739,0.5090986013412475,0.9071533916,0.635481059551239,0.8628112077713013,0.8978807091712951,0.9150581002235413,0.7778428077697754,0.7662425994873047,0.8880831837654114
1289.0,0.8896900057792664,0.8995094180107117,0.9053241610527039,0.7347891807556153,0.5439540266990661,0.405416214466095,0.8792453527450561,0.3225049912929535,0.6262312173843384,0.21684280335903167,0.30460339999999997,0.8107136368751526,0.28487979173660277,0.35603139996528627,0.9326745986938476,0.5106995940208435,0.4731011509895325,0.768744,0.4669119894504547,0.6166646003723144,0.5092108011245727,0.9072641848,0.6357976794242859,0.8652436137199402,0.8974522829055787,0.9152750492095947,0.7781914114952088,0.7660328030586243,0.8880186200141906
1290.0,0.8899570107460022,0.8995680212974548,0.905384361743927,0.7347279787063599,0.5438700318336487,0.4056757688522339,0.8785635828971863,0.3230699896812439,0.6261460185050964,0.21701200306415558,0.3051,0.8110906481742859,0.28495898842811584,0.3562619984149933,0.9322710037231445,0.5113059878349304,0.47326359152793884,0.77042,0.4671129882335663,0.6164669990539551,0.509323000907898,0.907374978,0.6361142992973328,0.8676760196685791,0.8970238566398621,0.9154919981956482,0.7785400152206421,0.7658230066299438,0.88795405626297
1291.0,0.8896998047828675,0.8995666146278382,0.9052864074707031,0.7348801851272583,0.5437060236930847,0.4061957597732544,0.8778459191322326,0.32352999448776243,0.6259672164916992,0.2171060025691986,0.3059386,0.8114154696464538,0.2850497901439667,0.35665519833564757,0.9308470010757446,0.51142338514328,0.47357847094535827,0.7708,0.46769039034843446,0.6166841983795166,0.5092769980430603,0.906229186,0.6355142831802368,0.8685362100601196,0.8969526648521423,0.9153099775314331,0.7797202110290528,0.7654218077659607,0.8878814816474915
1292.0,0.8894425988197326,0.8995652079582215,0.9051884531974792,0.7350323915481567,0.5435420155525208,0.4067157506942749,0.877128255367279,0.323989999294281,0.625788414478302,0.21720000207424164,0.30677719999999997,0.8117402911186218,0.2851405918598175,0.35704839825630186,0.9294229984283447,0.5115407824516296,0.4738933503627777,0.77118,0.46826779246330263,0.6169013977050781,0.5092309951782227,0.905083394,0.6349142670631409,0.8693964004516601,0.8968814730644226,0.915127956867218,0.7809004068374634,0.7650206089019775,0.887808907032013
1293.0,0.8891853928565979,0.8995638012886047,0.9050904989242554,0.7351845979690552,0.5433780074119567,0.4072357416152954,0.8764105916023255,0.32445000410079955,0.6256096124649048,0.21729400157928466,0.3076158,0.8120651125907898,0.28523139357566835,0.3574415981769562,0.9279989957809448,0.5116581797599793,0.47420822978019717,0.77156,0.46884519457817075,0.6171185970306396,0.509184992313385,0.903937602,0.6343142509460449,0.8702565908432007,0.8968102812767029,0.9149459362030029,0.782080602645874,0.7646194100379944,0.8877363324165344
1294.0,0.8889281868934631,0.899562394618988,0.9049925446510315,0.7353368043899536,0.5432139992713928,0.4077557325363159,0.8756929278373718,0.32491000890731814,0.6254308104515076,0.2173880010843277,0.30845439999999996,0.8123899340629578,0.28532219529151914,0.3578347980976105,0.926574993133545,0.5117755770683289,0.4745231091976166,0.77194,0.46942259669303893,0.6173357963562012,0.5091389894485474,0.90279181,0.633714234828949,0.8711167812347412,0.8967390894889832,0.9147639155387879,0.7832607984542846,0.7642182111740112,0.8876637578010559
1295.0,0.8886709809303284,0.8995609879493713,0.9048945903778076,0.735489010810852,0.5430499911308289,0.4082757234573364,0.8749752640724182,0.32537001371383667,0.6252520084381104,0.21748200058937073,0.309293,0.8127147555351257,0.28541299700737,0.35822799801826477,0.925150990486145,0.5118929743766785,0.474837988615036,0.77232,0.4699999988079071,0.6175529956817627,0.5090929865837097,0.901646018,0.633114218711853,0.8719769716262817,0.8966678977012634,0.9145818948745728,0.7844409942626953,0.7638170123100281,0.8875911831855774
1296.0,0.8893035888671875,0.8993631958961487,0.9045912742614746,0.7354988098144531,0.5429139971733093,0.40834144949913026,0.8744979500770569,0.3258492112159729,0.6249880075454712,0.21740320026874543,0.3101104,0.8130102515220642,0.2854207992553711,0.3585882008075714,0.9242743968963623,0.5123487830162048,0.47513929605484007,0.772518,0.47032939791679385,0.6170321941375733,0.5091395854949952,0.9015464186,0.632943046092987,0.8720963716506958,0.8962389349937439,0.9145892262458801,0.7849815964698792,0.7635662078857421,0.8874700903892517
1297.0,0.8899361968040467,0.899165403842926,0.9042879581451416,0.7355086088180542,0.5427780032157898,0.4084071755409241,0.8740206360816956,0.32632840871810914,0.624724006652832,0.2173243999481201,0.3109278,0.8133057475090026,0.2854286015033722,0.3589484035968781,0.9233978033065796,0.5128045916557312,0.4754406034946442,0.7727160000000001,0.47065879702568053,0.6165113925933838,0.5091861844062805,0.9014468192,0.6327718734741211,0.8722157716751099,0.8958099722862244,0.9145965576171875,0.785522198677063,0.7633154034614563,0.8873489975929261
1298.0,0.8905688047409057,0.8989676117897034,0.9039846420288086,0.7355184078216552,0.5426420092582702,0.4084729015827179,0.8735433220863342,0.32680760622024535,0.6244600057601929,0.21724559962749482,0.3117452,0.8136012434959412,0.2854364037513733,0.35930860638618467,0.9225212097167969,0.5132604002952575,0.47574191093444823,0.772914,0.47098819613456727,0.6159905910491943,0.5092327833175659,0.9013472198,0.6326007008552551,0.8723351716995239,0.8953810095787048,0.9146038889884949,0.7860628008842468,0.7630645990371704,0.8872279047966003
1299.0,0.8912014126777649,0.8987698197364807,0.9036813259124756,0.7355282068252563,0.5425060153007507,0.4085386276245117,0.8730660080909729,0.3272868037223816,0.6241960048675537,0.2171667993068695,0.31256259999999997,0.8138967394828797,0.28544420599937437,0.3596688091754913,0.9216446161270142,0.513716208934784,0.47604321837425234,0.773112,0.47131759524345396,0.6154697895050049,0.5092793822288513,0.9012476204000001,0.6324295282363892,0.872454571723938,0.8949520468711853,0.9146112203598022,0.7866034030914306,0.7628137946128846,0.8871068120002746
1300.0,0.891834020614624,0.8985720276832581,0.9033780097961426,0.7355380058288574,0.5423700213432312,0.40860435366630554,0.8725886940956116,0.3277660012245178,0.6239320039749146,0.2170879989862442,0.31338,0.8141922354698181,0.2854520082473755,0.360029011964798,0.9207680225372314,0.5141720175743103,0.4763445258140564,0.77331,0.4716469943523407,0.6149489879608154,0.5093259811401367,0.901148021,0.6322583556175232,0.872573971748352,0.8945230841636658,0.9146185517311096,0.7871440052986145,0.7625629901885986,0.886985719203949
1301.0,0.8911424160003663,0.8983668208122253,0.903753662109375,0.735515809059143,0.5421940207481384,0.40882455110549926,0.8722554922103882,0.3283050000667572,0.6234716057777405,0.21716179847717285,0.3140828,0.8144481897354126,0.28551260828971864,0.36043741106987,0.9199676156044007,0.5146966099739074,0.47678024172782896,0.7732140000000001,0.4717713952064514,0.6150913953781127,0.509390389919281,0.9011350154000001,0.6331286430358887,0.8726019740104676,0.8939733147621155,0.9141766548156738,0.7882826089859009,0.7622505903244019,0.8868414759635925
1302.0,0.8904508113861084,0.8981616139411926,0.9041293144226075,0.7354936122894287,0.5420180201530457,0.40904474854469297,0.8719222903251648,0.32884399890899657,0.6230112075805664,0.2172355979681015,0.3147856,0.8147041440010071,0.2855732083320618,0.360845810174942,0.9191672086715699,0.5152212023735047,0.4772159576416016,0.7731180000000001,0.47189579606056214,0.6152338027954102,0.5094547986984252,0.9011220098,0.6339989304542542,0.872629976272583,0.8934235453605652,0.9137347579002381,0.7894212126731872,0.7619381904602051,0.8866972327232361
1303.0,0.8897592067718506,0.8979564070701599,0.9045049667358398,0.7354714155197144,0.5418420195579529,0.40926494598388674,0.8715890884399414,0.329382997751236,0.6225508093833924,0.21730939745903016,0.3154884,0.8149600982666015,0.2856338083744049,0.36125420928001406,0.918366801738739,0.5157457947731018,0.47765167355537413,0.773022,0.47202019691467284,0.6153762102127075,0.5095192074775696,0.9011090042000001,0.6348692178726196,0.8726579785346985,0.8928737759590148,0.9132928609848022,0.7905598163604737,0.7616257905960083,0.8865529894828796
1304.0,0.8890676021575927,0.8977512001991272,0.9048806190490722,0.73544921875,0.5416660189628602,0.40948514342308046,0.871255886554718,0.3299219965934753,0.6220904111862182,0.2173831969499588,0.3161912,0.8152160525321961,0.28569440841674804,0.36166260838508607,0.9175663948059082,0.516270387172699,0.47808738946914675,0.772926,0.4721445977687836,0.6155186176300049,0.5095836162567139,0.9010959986,0.6357395052909851,0.8726859807968139,0.8923240065574646,0.9128509640693665,0.79169842004776,0.7613133907318115,0.8864087462425232
1305.0,0.888375997543335,0.8975459933280945,0.9052562713623047,0.7354270219802856,0.5414900183677673,0.40970534086227417,0.8709226846694946,0.3304609954357147,0.6216300129890442,0.21745699644088745,0.316894,0.8154720067977905,0.2857550084590912,0.3620710074901581,0.9167659878730774,0.5167949795722961,0.4785231053829193,0.77283,0.4722689986228943,0.6156610250473022,0.5096480250358582,0.901082993,0.6366097927093506,0.8727139830589294,0.8917742371559143,0.9124090671539307,0.7928370237350464,0.7610009908676147,0.8862645030021667
1306.0,0.8883965969085693,0.8975675940513611,0.9053109884262085,0.7354656219482422,0.5412620186805726,0.4096639513969421,0.8704317808151245,0.3309081971645355,0.6215554118156433,0.21769999861717224,0.3175176,0.8157180786132813,0.285875403881073,0.3623150050640106,0.9162797927856445,0.517377781867981,0.4789793372154236,0.772828,0.47227360010147096,0.6164408206939698,0.5096374154090881,0.9008547906000001,0.6371453166007995,0.8724193811416626,0.8910995125770569,0.9122725367546082,0.7935100197792053,0.7605731964111329,0.8859869599342346
1307.0,0.8884171962738037,0.8975891947746277,0.9053657054901123,0.7355042219161987,0.5410340189933777,0.4096225619316101,0.8699408769607544,0.3313553988933563,0.6214808106422425,0.21794300079345702,0.3181412,0.815964150428772,0.2859957993030548,0.36255900263786317,0.9157935976982117,0.5179605841636657,0.47943556904792783,0.772826,0.47227820158004763,0.6172206163406372,0.5096268057823181,0.9006265882000001,0.6376808404922485,0.8721247792243958,0.8904247879981995,0.9121360063552857,0.7941830158233643,0.7601454019546509,0.8857094168663024
1308.0,0.8884377956390381,0.8976107954978942,0.9054204225540161,0.7355428218841553,0.5408060193061829,0.40958117246627807,0.8694499731063843,0.33180260062217715,0.6214062094688415,0.21818600296974183,0.3187648,0.8162102222442627,0.28611619472503663,0.3628030002117157,0.9153074026107788,0.5185433864593506,0.47989180088043215,0.772824,0.47228280305862425,0.6180004119873047,0.5096161961555481,0.9003983858,0.6382163643836976,0.8718301773071289,0.889750063419342,0.9119994759559631,0.7948560118675232,0.759717607498169,0.8854318737983704
1309.0,0.8884583950042725,0.8976323962211609,0.9054751396179199,0.7355814218521118,0.540578019618988,0.40953978300094607,0.8689590692520142,0.33224980235099794,0.6213316082954407,0.21842900514602662,0.3193884,0.8164562940597534,0.2862365901470184,0.36304699778556826,0.914821207523346,0.5191261887550354,0.4803480327129364,0.772822,0.4722874045372009,0.6187802076339721,0.5096055865287781,0.9001701834,0.6387518882751465,0.871535575389862,0.8890753388404846,0.9118629455566406,0.7955290079116821,0.759289813041687,0.8851543307304383
1310.0,0.8884789943695068,0.8976539969444275,0.9055298566818237,0.7356200218200684,0.5403500199317932,0.409498393535614,0.868468165397644,0.3326970040798187,0.6212570071220398,0.2186720073223114,0.320012,0.8167023658752441,0.28635698556900024,0.3632909953594208,0.9143350124359131,0.5197089910507202,0.4808042645454407,0.77282,0.4722920060157776,0.6195600032806396,0.5095949769020081,0.899941981,0.6392874121665955,0.8712409734725952,0.8884006142616272,0.9117264151573181,0.7962020039558411,0.7588620185852051,0.8848767876625061
1311.0,0.8887861967086792,0.8977429986000061,0.9050803780555725,0.7358836174011231,0.5400240182876587,0.40965335369110106,0.8677512288093567,0.3332632005214691,0.6208250045776367,0.21880260705947877,0.32089300000000004,0.8168243885040283,0.2864329874515533,0.36381539702415466,0.9141260147094726,0.5198225975036621,0.4810789406299591,0.772592,0.47267040610313416,0.6187962055206299,0.5094971776008606,0.8991829874,0.6388886570930481,0.8701203823089599,0.8878343224525451,0.9113345742225647,0.7971639990806579,0.7585646152496338,0.8846688985824585
1312.0,0.8890933990478516,0.8978320002555847,0.9046308994293213,0.7361472129821778,0.5396980166435241,0.4098083138465881,0.8670342922210693,0.33382939696311953,0.6203930020332337,0.21893320679664613,0.321774,0.8169464111328125,0.28650898933410646,0.36433979868888855,0.9139170169830322,0.519936203956604,0.4813536167144775,0.7723639999999999,0.4730488061904907,0.6180324077606201,0.5093993782997132,0.8984239938,0.6384899020195007,0.8689997911453247,0.8872680306434632,0.9109427332878113,0.7981259942054748,0.7582672119140625,0.8844610095024109
1313.0,0.8894006013870239,0.8979210019111633,0.9041814208030701,0.7364108085632324,0.5393720149993897,0.4099632740020752,0.866317355632782,0.3343955934047699,0.6199609994888305,0.21906380653381347,0.322655,0.8170684337615967,0.28658499121665953,0.36486420035362244,0.9137080192565918,0.5200498104095459,0.481628292798996,0.772136,0.4734272062778473,0.6172686100006104,0.5093015789985657,0.8976650002,0.6380911469459534,0.8678791999816895,0.8867017388343811,0.9105508923530579,0.7990879893302918,0.7579698085784912,0.8842531204223633
1314.0,0.8897078037261963,0.898010003566742,0.9037319421768188,0.7366744041442871,0.5390460133552551,0.41011823415756227,0.8656004190444946,0.3349617898464203,0.6195289969444275,0.21919440627098083,0.323536,0.8171904563903809,0.28666099309921267,0.3653886020183563,0.9134990215301514,0.5201634168624878,0.4819029688835144,0.771908,0.47380560636520386,0.6165048122406006,0.5092037796974183,0.8969060066,0.637692391872406,0.8667586088180542,0.8861354470252991,0.9101590514183044,0.8000499844551087,0.7576724052429199,0.8840452313423157
1315.0,0.8900150060653687,0.8980990052223206,0.9032824635505676,0.7369379997253418,0.5387200117111206,0.4102731943130493,0.8648834824562073,0.3355279862880707,0.6190969944000244,0.2193250060081482,0.324417,0.817312479019165,0.28673699498176575,0.3659130036830902,0.9132900238037109,0.5202770233154297,0.48217764496803284,0.77168,0.4741840064525604,0.6157410144805908,0.5091059803962708,0.896147013,0.6372936367988586,0.865638017654419,0.885569155216217,0.909767210483551,0.8010119795799255,0.7573750019073486,0.8838373422622681
1316.0,0.8899782061576843,0.8978954076766967,0.9036989450454712,0.7368890047073364,0.5383345007896423,0.4104179799556732,0.8636430740356446,0.3360199868679047,0.6186031937599182,0.21933460533618926,0.3252664,0.817573094367981,0.28687179684638975,0.36619860529899595,0.912741219997406,0.5206762194633484,0.4826103746891022,0.771536,0.47460060715675356,0.6160304069519043,0.5089785814285278,0.8948692086,0.6372905373573303,0.8634598135948182,0.884702205657959,0.9092978239059448,0.801462185382843,0.7569534063339234,0.8834972143173218
1317.0,0.88994140625,0.897691810131073,0.9041154265403748,0.736840009689331,0.5379489898681641,0.41056276559829713,0.8624026656150818,0.33651198744773864,0.6181093931198121,0.21934420466423035,0.3261158,0.8178337097167969,0.2870065987110138,0.36648420691490174,0.912192416191101,0.5210754156112671,0.4830431044101715,0.771392,0.47501720786094664,0.6163197994232178,0.5088511824607849,0.8935914041999999,0.637287437915802,0.8612816095352173,0.8838352560997009,0.9088284373283386,0.8019123911857605,0.756531810760498,0.8831570863723754
1318.0,0.8899046063423157,0.8974882125854492,0.9045319080352783,0.7367910146713257,0.5375634789466858,0.410707551240921,0.861162257194519,0.33700398802757264,0.6176155924797058,0.21935380399227142,0.3269652,0.8180943250656127,0.2871414005756378,0.3667698085308075,0.9116436123847962,0.5214746117591857,0.48347583413124084,0.771248,0.4754338085651398,0.6166091918945312,0.508723783493042,0.8923135998,0.6372843384742737,0.8591034054756165,0.8829683065414429,0.9083590507507324,0.802362596988678,0.7561102151870728,0.8828169584274292
1319.0,0.8898678064346314,0.8972846150398255,0.9049483895301819,0.7367420196533203,0.5371779680252076,0.41085233688354494,0.8599218487739563,0.3374959886074066,0.6171217918395996,0.2193634033203125,0.3278146,0.8183549404144287,0.28727620244026186,0.3670554101467133,0.9110948085784912,0.5218738079071045,0.4839085638523102,0.771104,0.47585040926933286,0.6168985843658448,0.5085963845252991,0.8910357954,0.6372812390327454,0.8569252014160156,0.8821013569831848,0.9078896641731262,0.8028128027915955,0.7556886196136474,0.8824768304824829
1320.0,0.889831006526947,0.8970810174942017,0.9053648710250854,0.7366930246353149,0.5367924571037292,0.4109971225261688,0.8586814403533936,0.3379879891872406,0.6166279911994934,0.21937300264835358,0.328664,0.8186155557632446,0.28741100430488586,0.367341011762619,0.9105460047721863,0.5222730040550232,0.4843412935733795,0.77096,0.476267009973526,0.6171879768371582,0.5084689855575562,0.889757991,0.637278139591217,0.8547469973564148,0.8812344074249268,0.90742027759552,0.8032630085945129,0.7552670240402222,0.8821367025375366
1321.0,0.8898962020874024,0.8970038175582886,0.9051933884620667,0.7367314219474792,0.536366629600525,0.4114523410797119,0.8566166162490845,0.33841299414634707,0.6160675883293152,0.21954760253429412,0.3294104,0.8189699292182923,0.2874648034572601,0.3676880121231079,0.909965205192566,0.5227563977241516,0.48460161685943604,0.771012,0.47657960653305054,0.6166743755340576,0.508252990245819,0.8886939884,0.6372698307037353,0.8545377969741821,0.8798456192016602,0.9065771460533142,0.8040674090385437,0.7547176241874695,0.881785786151886
1322.0,0.8899613976478576,0.8969266176223755,0.9050219058990479,0.7367698192596436,0.5359408020973205,0.411907559633255,0.8545517921447754,0.3388379991054535,0.615507185459137,0.21972220242023469,0.33015680000000003,0.8193243026733399,0.2875186026096344,0.3680350124835968,0.9093844056129455,0.52323979139328,0.48486194014549255,0.771064,0.4768922030925751,0.616160774230957,0.508036994934082,0.8876299858,0.6372615218162536,0.8543285965919495,0.8784568309783936,0.9057340145111084,0.8048718094825744,0.7541682243347168,0.8814348697662353
1323.0,0.890026593208313,0.8968494176864624,0.904850423336029,0.7368082165718078,0.5355149745941162,0.4123627781867981,0.8524869680404663,0.33926300406455995,0.6149467825889587,0.21989680230617523,0.3309032,0.8196786761283874,0.28757240176200866,0.36838201284408567,0.9088036060333252,0.5237231850624084,0.4851222634315491,0.771116,0.4772047996520996,0.6156471729278564,0.507820999622345,0.8865659832,0.637253212928772,0.8541193962097168,0.877068042755127,0.9048908829689026,0.8056762099266053,0.7536188244819642,0.8810839533805848
1324.0,0.8900917887687683,0.8967722177505493,0.9046789407730103,0.7368466138839722,0.5350891470909118,0.4128179967403412,0.8504221439361572,0.33968800902366636,0.6143863797187805,0.2200714021921158,0.33164960000000004,0.820033049583435,0.28762620091438296,0.3687290132045746,0.9082228064537048,0.5242065787315369,0.4853825867176056,0.771168,0.47751739621162415,0.6151335716247559,0.507605004310608,0.8855019806,0.6372449040412903,0.8539101958274842,0.8756792545318604,0.9040477514266968,0.806480610370636,0.7530694246292114,0.8807330369949341
1325.0,0.8901569843292236,0.8966950178146362,0.9045074582099915,0.7368850111961365,0.5346633195877075,0.4132732152938843,0.8483573198318481,0.3401130139827728,0.6138259768486023,0.22024600207805634,0.332396,0.8203874230384827,0.2876800000667572,0.3690760135650635,0.9076420068740845,0.5246899724006653,0.4856429100036621,0.77122,0.4778299927711487,0.6146199703216553,0.5073890089988708,0.884437978,0.6372365951538086,0.8537009954452515,0.8742904663085938,0.903204619884491,0.8072850108146667,0.7525200247764587,0.8803821206092834
1326.0,0.8901545882225037,0.8965108156204223,0.9044719457626342,0.7368500113487244,0.5341166496276856,0.41340561509132384,0.8456870675086975,0.34061841368675233,0.6132707834243775,0.22018420100212097,0.3330902,0.8204608798027039,0.2877964019775391,0.369388610124588,0.9074550032615661,0.5250389814376831,0.48590158820152285,0.771024,0.4779327929019928,0.6151739716529846,0.5073912024497986,0.8831945774,0.6377675890922546,0.8530189990997314,0.8722654342651367,0.9024202585220337,0.8083206057548523,0.7519190192222596,0.880024790763855
1327.0,0.8901521921157837,0.8963266134262085,0.9044364333152771,0.7368150115013122,0.5335699796676636,0.4135380148887634,0.8430168151855468,0.34112381339073183,0.6127155900001526,0.2201223999261856,0.33378440000000004,0.8205343365669251,0.2879128038883209,0.36970120668411255,0.9072679996490478,0.525387990474701,0.48616026639938353,0.7708280000000001,0.47803559303283694,0.6157279729843139,0.5073933959007263,0.8819511768,0.6382985830307006,0.8523370027542114,0.8702404022216796,0.9016358971595764,0.8093562006950379,0.7513180136680603,0.8796674609184265
1328.0,0.8901497960090637,0.8961424112319947,0.9044009208679199,0.7367800116539002,0.5330233097076416,0.413670414686203,0.8403465628623963,0.3416292130947113,0.6121603965759277,0.22006059885025026,0.3344786,0.8206077933311462,0.2880292057991028,0.3700138032436371,0.9070809960365296,0.5257369995117187,0.4864189445972443,0.770632,0.478138393163681,0.6162819743156434,0.5073955893516541,0.8807077762,0.6388295769691468,0.8516550064086914,0.8682153701782227,0.9008515357971192,0.8103917956352233,0.7507170081138611,0.879310131072998
1329.0,0.8901473999023437,0.8959582090377808,0.9043654084205628,0.736745011806488,0.5324766397476196,0.4138028144836426,0.8376763105392456,0.3421346127986908,0.6116052031517029,0.21999879777431489,0.33517280000000005,0.8206812500953674,0.2881456077098846,0.3703263998031616,0.9068939924240113,0.5260860085487366,0.48667762279510496,0.770436,0.47824119329452514,0.6168359756469727,0.5073977828025817,0.8794643756,0.6393605709075928,0.8509730100631714,0.8661903381347656,0.9000671744346619,0.8114273905754089,0.7501160025596618,0.8789528012275696
1330.0,0.8901450037956238,0.8957740068435669,0.9043298959732056,0.7367100119590759,0.5319299697875977,0.41393521428108215,0.835006058216095,0.3426400125026703,0.611050009727478,0.21993699669837952,0.335867,0.8207547068595886,0.2882620096206665,0.37063899636268616,0.9067069888114929,0.5264350175857544,0.4869363009929657,0.77024,0.47834399342536926,0.617389976978302,0.5073999762535095,0.878220975,0.6398915648460388,0.8502910137176514,0.8641653060913086,0.8992828130722046,0.8124629855155945,0.7495149970054626,0.8785954713821411
1331.0,0.88992760181427,0.8956610083580017,0.9046146392822265,0.736681604385376,0.5313839792300781,0.41400524973869324,0.8312615871429443,0.34309120774269103,0.610558807849884,0.220374196767807,0.33726540000000005,0.820857834815979,0.2882106065750122,0.371042799949646,0.9066137909889221,0.5272264122962952,0.48743271827697754,0.769916,0.4785279929637909,0.6172005772590637,0.5073507785797119,0.8773345824,0.6400269150733948,0.8470876097679139,0.8619121789932251,0.8982789158821106,0.8131997942924499,0.748715603351593,0.8782579064369201
1332.0,0.8897101998329162,0.8955480098724365,0.9048993825912476,0.7366531968116761,0.5308379886725586,0.4140752851963043,0.8275171160697937,0.34354240298271177,0.61006760597229,0.2208113968372345,0.3386638,0.8209609627723694,0.2881592035293579,0.37144660353660586,0.9065205931663514,0.528017807006836,0.4879291355609894,0.769592,0.4787119925022125,0.6170111775398255,0.5073015809059143,0.8764481897999999,0.6401622653007507,0.8438842058181762,0.8596590518951416,0.8972750186920166,0.8139366030693054,0.7479162096977234,0.8779203414916992
1333.0,0.8894927978515625,0.8954350113868713,0.9051841259002685,0.736624789237976,0.530291998115039,0.4141453206539154,0.823772644996643,0.34399359822273257,0.609576404094696,0.221248596906662,0.34006220000000004,0.8210640907287597,0.2881078004837036,0.37185040712356565,0.9064273953437805,0.5288092017173767,0.4884255528450012,0.769268,0.47889599204063416,0.6168217778205871,0.5072523832321167,0.8755617972,0.6402976155281067,0.8406808018684387,0.8574059247970581,0.8962711215019226,0.8146734118461609,0.7471168160438537,0.8775827765464783
1334.0,0.8892753958702088,0.8953220129013062,0.9054688692092896,0.7365963816642761,0.5297460075575195,0.4142153561115265,0.8200281739234925,0.3444447934627533,0.609085202217102,0.22168579697608948,0.3414606,0.8211672186851502,0.28805639743804934,0.3722542107105255,0.9063341975212097,0.5296005964279175,0.48892197012901306,0.768944,0.4790799915790558,0.6166323781013489,0.5072031855583191,0.8746754046,0.6404329657554626,0.8374773979187011,0.8551527976989746,0.8952672243118286,0.8154102206230164,0.7463174223899841,0.8772452116012573
1335.0,0.889057993888855,0.895209014415741,0.9057536125183105,0.7365679740905762,0.529200017,0.4142853915691376,0.8162837028503418,0.34489598870277405,0.6085940003395081,0.22212299704551697,0.342859,0.8212703466415405,0.288004994392395,0.37265801429748535,0.9062409996986389,0.5303919911384583,0.4894183874130249,0.76862,0.4792639911174774,0.6164429783821106,0.5071539878845215,0.873789012,0.6405683159828186,0.8342739939689636,0.8528996706008911,0.8942633271217346,0.8161470293998718,0.7455180287361145,0.8769076466560364
1336.0,0.889208996295929,0.8949862122535706,0.9054268598556519,0.7366845846176148,0.5285920139509521,0.4142614245414734,0.8134818315505982,0.3454333901405334,0.6080710053443908,0.22236439883708953,0.34356800000000004,0.8210137844085693,0.28819599747657776,0.373004812002182,0.9058130025863648,0.5306727886199951,0.48979275226593016,0.768242,0.47948739528656004,0.6166907787322998,0.5071213960647583,0.8729448076,0.6405275583267211,0.8333943963050843,0.8506017327308655,0.8930931210517883,0.8168058276176453,0.744470226764679,0.8764859199523926
1337.0,0.889359998703003,0.8947634100914001,0.9051001071929932,0.7368011951446534,0.5279840109019043,0.4142374575138092,0.8106799602508545,0.34597079157829286,0.6075480103492736,0.22260580062866211,0.344277,0.8207572221755981,0.2883870005607605,0.37335160970687864,0.9053850054740906,0.530953586101532,0.4901671171188354,0.767864,0.4797107994556427,0.6169385790824891,0.5070888042449951,0.8721006032,0.6404868006706238,0.8325147986412048,0.8483037948608398,0.8919229149818421,0.8174646258354187,0.7434224247932434,0.8760641932487487
1338.0,0.8895110011100769,0.8945406079292297,0.9047733545303345,0.7369178056716919,0.5273760078528564,0.41421349048614503,0.8078780889511108,0.34650819301605223,0.6070250153541565,0.22284720242023467,0.344986,0.820500659942627,0.28857800364494324,0.37369840741157534,0.9049570083618164,0.5312343835830688,0.49054148197174074,0.767486,0.47993420362472533,0.6171863794326782,0.5070562124252319,0.8712563987999999,0.6404460430145263,0.8316352009773255,0.8460058569908142,0.8907527089118957,0.8181234240531922,0.7423746228218079,0.875642466545105
1339.0,0.8896620035171509,0.8943178057670593,0.9044466018676758,0.7370344161987304,0.5267680048038086,0.4141895234584808,0.8050762176513672,0.34704559445381167,0.6065020203590393,0.22308860421180726,0.345695,0.8202440977096558,0.288769006729126,0.374045205116272,0.9045290112495422,0.5315151810646057,0.490915846824646,0.767108,0.480157607793808,0.6174341797828674,0.5070236206054688,0.8704121944,0.640405285358429,0.830755603313446,0.8437079191207886,0.8895825028419495,0.8187822222709655,0.7413268208503723,0.8752207398414612
1340.0,0.8898130059242249,0.8940950036048889,0.9041198492050171,0.737151026725769,0.5261600017547607,0.41416555643081665,0.8022743463516235,0.34758299589157104,0.6059790253639221,0.22333000600337982,0.346404,0.8199875354766846,0.2889600098133087,0.37439200282096863,0.9041010141372681,0.5317959785461426,0.49129021167755127,0.76673,0.4803810119628906,0.6176819801330566,0.5069910287857056,0.86956799,0.6403645277023315,0.8298760056495667,0.8414099812507629,0.8884122967720032,0.819441020488739,0.7402790188789368,0.8747990131378174
1341.0,0.8896190047264099,0.8941064000129699,0.904172956943512,0.7371228218078614,0.5255720019340515,0.4143974244594574,0.7997538328170777,0.34799699783325194,0.6053086161613465,0.2234642058610916,0.3476208,0.8204320430755615,0.2890288054943085,0.37482600212097167,0.9036372065544128,0.5316043853759765,0.4915143609046936,0.766132,0.4803376078605652,0.6177831888198853,0.5069216251373291,0.8684807894,0.6403872847557068,0.8307048082351685,0.84053475856781,0.8875645279884339,0.8200984120368957,0.7391762137413025,0.8744367361068726
1342.0,0.889425003528595,0.894117796421051,0.9042260646820068,0.7370946168899536,0.5249840021133423,0.41462929248809816,0.7972333192825317,0.34841099977493284,0.6046382069587708,0.2235984057188034,0.3488376,0.8208765506744384,0.28909760117530825,0.3752600014209747,0.9031733989715576,0.5314127922058105,0.49173851013183595,0.765534,0.4802942037582397,0.6178843975067139,0.5068522214889526,0.8673935888,0.640410041809082,0.8315336108207703,0.8396595358848572,0.8867167592048645,0.8207558035850525,0.7380734086036682,0.8740744590759277
1343.0,0.88923100233078,0.8941291928291321,0.9042791724205017,0.7370664119720459,0.5243960022926331,0.4148611605167389,0.7947128057479859,0.3488250017166138,0.603967797756195,0.2237326055765152,0.3500544,0.8213210582733155,0.28916639685630796,0.3756940007209778,0.9027095913887024,0.5312211990356446,0.49196265935897826,0.764936,0.48025079965591433,0.6179856061935425,0.5067828178405762,0.8663063882,0.6404327988624573,0.8323624134063721,0.8387843132019043,0.8858689904212952,0.8214131951332092,0.7369706034660339,0.8737121820449829
1344.0,0.8890370011329651,0.8941405892372132,0.9043322801589966,0.7370382070541381,0.5238080024719238,0.41509302854537966,0.7921922922134399,0.3492390036582947,0.6032973885536194,0.223866805434227,0.3512712,0.8217655658721924,0.28923519253730773,0.37612800002098085,0.9022457838058472,0.5310296058654785,0.4921868085861206,0.764338,0.4802073955535889,0.6180868148803711,0.5067134141921997,0.8652191876,0.6404555559158325,0.8331912159919739,0.8379090905189515,0.8850212216377258,0.822070586681366,0.7358677983283997,0.8733499050140381
1345.0,0.8888429999351501,0.8941519856452942,0.9043853878974915,0.7370100021362305,0.5232200026512146,0.4153248965740204,0.789671778678894,0.3496530055999756,0.6026269793510437,0.22400100529193878,0.352488,0.8222100734710693,0.2893039882183075,0.3765619993209839,0.9017819762229919,0.5308380126953125,0.49241095781326294,0.76374,0.4801639914512634,0.6181880235671997,0.5066440105438232,0.864131987,0.6404783129692078,0.8340200185775757,0.8370338678359985,0.8841734528541565,0.8227279782295227,0.7347649931907654,0.8729876279830933
1346.0,0.8887668013572693,0.8937697887420655,0.9045273900032044,0.7367640018463135,0.5227200031280518,0.41550549268722536,0.7877332925796509,0.35001660585403443,0.6016373872756958,0.22414640486240386,0.3532458,0.8222343921661377,0.2894641876220703,0.3767090022563934,0.9004227757453919,0.5314700126647949,0.4927724957466125,0.762168,0.4804845929145813,0.6177692174911499,0.506591010093689,0.8629829882000001,0.6404369115829468,0.8339340090751648,0.8373511910438538,0.8826717019081116,0.8230817794799805,0.7332358002662659,0.872616982460022
1347.0,0.8886906027793884,0.8933875918388366,0.9046693921089173,0.7365180015563965,0.522220003604889,0.4156860888004303,0.7857948064804077,0.3503802061080933,0.600647795200348,0.22429180443286895,0.35400360000000003,0.822258710861206,0.28962438702583315,0.37685600519180296,0.8990635752677918,0.5321020126342774,0.49313403367996217,0.7605959999999999,0.48080519437789915,0.6173504114151,0.5065380096435547,0.8618339894,0.6403955101966858,0.8338479995727539,0.837668514251709,0.8811699509620666,0.8234355807304382,0.7317066073417664,0.8722463369369506
1348.0,0.8886144042015076,0.8930053949356079,0.9048113942146301,0.7362720012664795,0.521720004081726,0.41586668491363527,0.7838563203811646,0.3507438063621521,0.599658203125,0.22443720400333406,0.3547614,0.8222830295562744,0.2897845864295959,0.37700300812721255,0.8977043747901916,0.5327340126037597,0.49349557161331176,0.759024,0.48112579584121706,0.6169316053390503,0.5064850091934204,0.8606849906,0.6403541088104248,0.833761990070343,0.8379858374595642,0.8796682000160218,0.823789381980896,0.7301774144172668,0.8718756914138794
1349.0,0.8885382056236267,0.8926231980323791,0.904953396320343,0.7360260009765625,0.5212200045585632,0.4160472810268402,0.7819178342819214,0.3511074066162109,0.5986686110496521,0.22458260357379914,0.35551920000000004,0.8223073482513428,0.28994478583335875,0.3771500110626221,0.8963451743125915,0.5333660125732422,0.4938571095466614,0.757452,0.4814463973045349,0.6165127992630005,0.5064320087432861,0.8595359918,0.6403127074241638,0.8336759805679321,0.8383031606674194,0.8781664490699768,0.8241431832313537,0.7286482214927673,0.8715050458908081
1350.0,0.8884620070457458,0.8922410011291504,0.9050953984260559,0.7357800006866455,0.5207200050354004,0.41622787714004517,0.7799793481826782,0.3514710068702698,0.5976790189743042,0.22472800314426422,0.356277,0.8223316669464111,0.2901049852371216,0.3772970139980316,0.8949859738349915,0.5339980125427246,0.494218647480011,0.75588,0.4817669987678528,0.6160939931869507,0.5063790082931519,0.858386993,0.6402713060379028,0.8335899710655212,0.8386204838752747,0.8766646981239319,0.8244969844818115,0.7271190285682678,0.8711344003677368
1351.0,0.8878664016723633,0.8918280005455017,0.9045016050338746,0.7360440015792846,0.5202833414077759,0.4166449546813965,0.7783249378204345,0.35192700624465945,0.5966572165489197,0.2247246026992798,0.357236,0.822387969493866,0.2901647865772247,0.37744120955467225,0.8914487838745118,0.5337916135787963,0.4947423875331879,0.75285,0.48161559700965884,0.6167233943939209,0.5065210103988648,0.8569375988,0.6403715014457703,0.833372175693512,0.8388441443443299,0.8753343224525452,0.8249785900115967,0.7259936213493348,0.87065509557724
1352.0,0.8872707962989808,0.891414999961853,0.9039078116416931,0.7363080024719239,0.5198466777801514,0.4170620322227478,0.7766705274581909,0.35238300561904906,0.5956354141235352,0.22472120225429534,0.358195,0.8224442720413208,0.29022458791732786,0.3775854051113129,0.887911593914032,0.5335852146148682,0.49526612758636473,0.74982,0.48146419525146483,0.6173527956008911,0.5066630125045777,0.8554882046,0.6404716968536377,0.8331543803215027,0.839067804813385,0.8740039467811584,0.8254601955413818,0.7248682141304016,0.8701757907867431
1353.0,0.8866751909255981,0.8910019993782043,0.9033140182495117,0.736572003364563,0.5194100141525269,0.41747910976409913,0.7750161170959473,0.35283900499343873,0.5946136116981506,0.22471780180931092,0.35915400000000003,0.8225005745887757,0.29028438925743105,0.37772960066795347,0.8843744039535523,0.5333788156509399,0.49578986763954164,0.74679,0.4813127934932709,0.6179821968078614,0.5068050146102905,0.8540388104000001,0.6405718922615051,0.8329365849494934,0.8392914652824401,0.8726735711097717,0.825941801071167,0.7237428069114685,0.8696964859962464
1354.0,0.8860795855522156,0.8905889987945557,0.9027202248573303,0.7368360042572022,0.5189733505249023,0.4178961873054504,0.7733617067337036,0.35329500436782835,0.5935918092727661,0.22471440136432647,0.360113,0.8225568771362305,0.2903441905975342,0.3778737962245941,0.8808372139930725,0.5331724166870118,0.4963136076927185,0.74376,0.4811613917350769,0.6186115980148316,0.5069470167160034,0.8525894162000001,0.6406720876693726,0.8327187895774841,0.8395151257514953,0.871343195438385,0.8264234066009521,0.7226173996925354,0.8692171812057495
1355.0,0.885483980178833,0.890175998210907,0.9021264314651489,0.7371000051498413,0.5185366868972778,0.41831326484680176,0.77170729637146,0.353751003742218,0.5925700068473816,0.22471100091934204,0.361072,0.8226131796836853,0.29040399193763733,0.37801799178123474,0.8773000240325928,0.5329660177230835,0.4968373477458954,0.74073,0.48100998997688293,0.6192409992218018,0.5070890188217163,0.851140022,0.64077228307724,0.8325009942054749,0.8397387862205505,0.8700128197669983,0.8269050121307373,0.7214919924736023,0.8687378764152527
1356.0,0.8851601839065552,0.8902529954910279,0.9023981094360352,0.7370688080787658,0.5179680109024047,0.4187040090560913,0.770889675617218,0.3538546025753021,0.591960608959198,0.22511039972305297,0.3619456,0.8227423310279847,0.2905423939228058,0.37833919525146487,0.8761176228523254,0.5336928129196167,0.4968192517757416,0.739894,0.4806443929672241,0.6189257979393006,0.5072360157966613,0.8500400184,0.6403793811798095,0.8328447937965393,0.8398518681526184,0.8688704609870911,0.8277052044868469,0.7205887913703919,0.8683466672897339
1357.0,0.8848363876342773,0.8903299927711487,0.9026697874069214,0.7370376110076904,0.5173993349075318,0.41909475326538087,0.770072054862976,0.35395820140838624,0.5913512110710144,0.22550979852676392,0.3628192,0.8228714823722839,0.29068079590797424,0.37866039872169494,0.8749352216720581,0.5344196081161499,0.49680115580558776,0.739058,0.4802787959575653,0.6186105966567993,0.5073830127716065,0.8489400148,0.6399864792823792,0.8331885933876038,0.8399649500846863,0.8677281022071839,0.8285053968429565,0.7196855902671814,0.867955458164215
1358.0,0.8845125913619996,0.8904069900512696,0.9029414653778076,0.737006413936615,0.5168306589126587,0.4194854974746704,0.7692544341087342,0.3540618002414703,0.5907418131828308,0.22590919733047485,0.3636928,0.8230006337165833,0.2908191978931427,0.37898160219192506,0.8737528204917908,0.5351464033126831,0.49678305983543397,0.738222,0.4799131989479065,0.6182953953742981,0.5075300097465515,0.8478400112,0.6395935773849487,0.8335323929786682,0.8400780320167541,0.8665857434272766,0.8293055891990662,0.718782389163971,0.8675642490386963
1359.0,0.8841887950897217,0.8904839873313903,0.9032131433486938,0.7369752168655396,0.5162619829177857,0.41987624168396,0.7684368133544922,0.35416539907455447,0.5901324152946472,0.2263085961341858,0.3645664,0.8231297850608825,0.29095759987831116,0.37930280566215513,0.8725704193115235,0.5358731985092163,0.49676496386528013,0.737386,0.4795476019382477,0.6179801940917968,0.5076770067214966,0.8467400076,0.6392006754875184,0.8338761925697327,0.8401911139488221,0.8654433846473694,0.8301057815551758,0.7178791880607605,0.8671730399131775
1360.0,0.8838649988174438,0.8905609846115112,0.9034848213195801,0.7369440197944641,0.5156933069229126,0.4202669858932495,0.7676191926002502,0.35426899790763855,0.5895230174064636,0.22670799493789673,0.36544,0.8232589364051819,0.2910960018634796,0.37962400913238525,0.8713880181312561,0.5365999937057495,0.49674686789512634,0.73655,0.47918200492858887,0.6176649928092957,0.5078240036964417,0.845640004,0.6388077735900879,0.8342199921607971,0.8403041958808899,0.8643010258674622,0.8309059739112854,0.71697598695755,0.8667818307876587
1361.0,0.8837939977645874,0.8896965861320496,0.9037597894668579,0.7364216208457947,0.5143719792366028,0.42044333815574647,0.7672481775283814,0.35491359829902647,0.5888216137886048,0.2270197957754135,0.3668012,0.8235615611076355,0.29116080403327943,0.3797990083694458,0.8717166185379028,0.5372531890869141,0.497248238325119,0.737102,0.4792086064815521,0.6163681983947754,0.5072112083435059,0.8452947975999999,0.6384886503219604,0.8353981971740723,0.8399043321609497,0.8634616255760192,0.8318971753120422,0.7159129858016968,0.8663535237312316
1362.0,0.8837229967117309,0.8888321876525879,0.9040347576141358,0.7358992218971252,0.513050651550293,0.42061969041824343,0.7668771624565125,0.35555819869041444,0.5881202101707459,0.2273315966129303,0.3681624,0.8238641858100891,0.29122560620307925,0.37997400760650635,0.8720452189445496,0.5379063844680786,0.4977496087551117,0.737654,0.47923520803451536,0.6150714039802552,0.5065984129905701,0.8449495911999999,0.638169527053833,0.8365764021873474,0.8395044684410096,0.8626222252845764,0.832888376712799,0.7148499846458435,0.8659252166748047
1363.0,0.8836519956588745,0.8879677891731262,0.9043097257614136,0.7353768229484559,0.5117293238639832,0.42079604268074033,0.7665061473846435,0.35620279908180236,0.5874188065528869,0.2276433974504471,0.3695236,0.8241668105125427,0.291290408372879,0.3801490068435669,0.8723738193511963,0.5385595798492432,0.49825097918510436,0.738206,0.47926180958747866,0.6137746095657348,0.5059856176376343,0.8446043848,0.6378504037857056,0.8377546072006226,0.8391046047210693,0.8617828249931335,0.833879578113556,0.7137869834899903,0.8654969096183777
1364.0,0.883580994606018,0.8871033906936645,0.9045846939086915,0.7348544239997864,0.5104079961776733,0.4209723949432373,0.7661351323127746,0.35684739947319033,0.586717402935028,0.22795519828796387,0.3708848,0.8244694352149964,0.2913552105426788,0.38032400608062744,0.872702419757843,0.5392127752304077,0.49875234961509707,0.738758,0.4792884111404419,0.6124778151512146,0.5053728222846985,0.8442591784,0.6375312805175781,0.8389328122138977,0.8387047410011291,0.8609434247016907,0.8348707795143128,0.7127239823341369,0.8650686025619507
1365.0,0.8835099935531616,0.8862389922142029,0.9048596620559692,0.7343320250511169,0.5090866684913635,0.42114874720573425,0.7657641172409058,0.35749199986457825,0.5860159993171692,0.22826699912548065,0.372246,0.82477205991745,0.29142001271247864,0.380499005317688,0.8730310201644897,0.5398659706115723,0.4992537200450897,0.73931,0.47931501269340515,0.6111810207366943,0.5047600269317627,0.843913972,0.6372121572494507,0.8401110172271729,0.838304877281189,0.8601040244102478,0.8358619809150696,0.7116609811782837,0.8646402955055237
1366.0,0.884145200252533,0.8862157940864563,0.9045306324958802,0.734388017654419,0.5067358374595642,0.42145033478736876,0.7652629375457763,0.35790119767189027,0.5850921988487243,0.2286547988653183,0.3733134,0.8243402719497681,0.2916520118713379,0.3808176040649414,0.8720428109169006,0.5400829792022706,0.4994130849838257,0.7390760000000001,0.4796436131000519,0.6108944177627563,0.504457426071167,0.842032778,0.6371357202529907,0.8414508104324341,0.8372707605361939,0.8591719031333923,0.8363527894020081,0.7109951853752137,0.8642767906188965
1367.0,0.8847804069519043,0.8861925959587097,0.904201602935791,0.734444010257721,0.5043850064277648,0.4217519223690033,0.7647617578506469,0.3583103954792023,0.5841683983802796,0.22904259860515594,0.3743808,0.8239084839820862,0.2918840110301971,0.38113620281219485,0.8710546016693115,0.5402999877929687,0.49957244992256167,0.738842,0.4799722135066986,0.6106078147888183,0.5041548252105713,0.840151584,0.6370592832565307,0.8427906036376953,0.8362366437911988,0.8582397818565368,0.8368435978889466,0.7103293895721435,0.8639132857322693
1368.0,0.8854156136512756,0.8861693978309632,0.9038725733757019,0.7345000028610229,0.5020341753959656,0.42205350995063784,0.7642605781555176,0.35871959328651426,0.5832445979118347,0.2294303983449936,0.3754482,0.8234766960144043,0.2921160101890564,0.3814548015594482,0.8700663924217225,0.540516996383667,0.4997318148612976,0.738608,0.48030081391334534,0.6103212118148804,0.5038522243499756,0.8382703899999999,0.6369828462600708,0.8441303968429565,0.8352025270462036,0.8573076605796814,0.837334406375885,0.7096635937690735,0.863549780845642
1369.0,0.886050820350647,0.8861461997032165,0.9035435438156127,0.7345559954643249,0.4996833443641663,0.42235509753227235,0.7637593984603882,0.3591287910938263,0.5823207974433899,0.22981819808483123,0.3765156,0.8230449080467224,0.29234800934791566,0.38177340030670165,0.8690781831741333,0.5407340049743652,0.49989117980003356,0.738374,0.48062941431999207,0.6100346088409424,0.5035496234893799,0.836389196,0.6369064092636109,0.8454701900482178,0.8341684103012085,0.856375539302826,0.8378252148628235,0.7089977979660034,0.8631862759590149
1370.0,0.8866860270500183,0.88612300157547,0.9032145142555237,0.734611988067627,0.49733251333236694,0.42265668511390686,0.7632582187652588,0.3595379889011383,0.5813969969749451,0.23020599782466888,0.377583,0.8226131200790405,0.2925800085067749,0.3820919990539551,0.8680899739265442,0.5409510135650635,0.5000505447387695,0.73814,0.4809580147266388,0.6097480058670044,0.5032470226287842,0.834508002,0.6368299722671509,0.846809983253479,0.8331342935562134,0.8554434180259705,0.838316023349762,0.7083320021629333,0.8628227710723877
1371.0,0.8865792274475097,0.8857136011123657,0.9032412052154541,0.7346715927124023,0.49584200978279114,0.4226718008518219,0.7627608895301818,0.36016579270362853,0.5806681990623475,0.23058559894561767,0.378838,0.8224585056304932,0.2929162085056305,0.3823639988899231,0.865805184841156,0.5413368105888366,0.49959005117416383,0.734652,0.4811446130275726,0.6094056010246277,0.5026146173477173,0.8318762066,0.6358232378959656,0.8459049820899963,0.8313276886940002,0.8546529412269592,0.8393418192863464,0.707273805141449,0.8622393608093262
1372.0,0.8864724278450012,0.8853042006492615,0.9032678961753845,0.7347311973571777,0.49435150623321533,0.42268691658973695,0.762263560295105,0.36079359650611875,0.5799394011497497,0.23096520006656646,0.380093,0.8223038911819458,0.2932524085044861,0.3826359987258911,0.8635203957557678,0.5417226076126098,0.4991295576095581,0.731164,0.4813312113285065,0.609063196182251,0.5019822120666504,0.8292444111999999,0.6348165035247803,0.8449999809265136,0.8295210838317871,0.853862464427948,0.8403676152229309,0.7062156081199646,0.8616559505462646
1373.0,0.8863656282424927,0.8848948001861572,0.903294587135315,0.7347908020019531,0.4928610026836395,0.42270203232765197,0.761766231060028,0.36142140030860903,0.5792106032371521,0.23134480118751527,0.38134799999999996,0.8221492767333984,0.2935886085033417,0.38290799856185914,0.8612356066703797,0.5421084046363831,0.49866906404495237,0.727676,0.4815178096294403,0.6087207913398742,0.5013498067855835,0.8266126158,0.633809769153595,0.844094979763031,0.827714478969574,0.8530719876289368,0.8413934111595154,0.7051574110984802,0.8610725402832031
1374.0,0.8862588286399842,0.884485399723053,0.9033212780952453,0.7348504066467285,0.4913704991340637,0.42271714806556704,0.7612689018249512,0.36204920411109925,0.5784818053245544,0.23172440230846406,0.38260299999999997,0.8219946622848511,0.29392480850219727,0.3831799983978271,0.8589508175849915,0.5424942016601563,0.49820857048034667,0.724188,0.48170440793037417,0.6083783864974975,0.5007174015045166,0.8239808204,0.6328030347824096,0.8431899785995484,0.8259078741073609,0.8522815108299255,0.8424192070960999,0.7040992140769958,0.8604891300201416
1375.0,0.8861520290374756,0.8840759992599487,0.9033479690551758,0.7349100112915039,0.4898799955844879,0.42273226380348206,0.7607715725898743,0.3626770079135895,0.5777530074119568,0.23210400342941284,0.383858,0.8218400478363037,0.29426100850105286,0.38345199823379517,0.8566660284996033,0.5428799986839294,0.49774807691574097,0.7207,0.481891006231308,0.6080359816551208,0.5000849962234497,0.821349025,0.6317963004112244,0.8422849774360657,0.8241012692451477,0.8514910340309143,0.8434450030326843,0.7030410170555115,0.8599057197570801
1376.0,0.886225426197052,0.8839210033416748,0.9036946892738342,0.7352382063865661,0.4878799974918365,0.4225545167922974,0.7588335752487183,0.3628194034099579,0.5765584111213684,0.23225900232791902,0.38498519999999997,0.8204977512359619,0.29427560567855837,0.3837041974067688,0.8514070272445678,0.5425549983978272,0.49798441529273985,0.69986,0.4778074026107788,0.6083419799804688,0.5002941966056824,0.8163870218,0.6284608960151672,0.8422599792480469,0.8214846968650817,0.8507084131240845,0.84308340549469,0.7022114157676697,0.8591643333435058
1377.0,0.8862988233566285,0.8837660074234008,0.9040414094924927,0.7355664014816284,0.4858799993991852,0.42237676978111266,0.7568955779075622,0.3629617989063263,0.57536381483078,0.23241400122642517,0.38611239999999997,0.8191554546356201,0.29429020285606383,0.38395639657974245,0.8461480259895324,0.5422299981117249,0.4982207536697388,0.6790200000000001,0.47372379899024963,0.6086479783058166,0.500503396987915,0.8114250185999999,0.6251254916191101,0.842234981060028,0.8188681244850159,0.8499257922172546,0.8427218079566956,0.7013818144798278,0.8584229469299316
1378.0,0.8863722205162048,0.883611011505127,0.9043881297111511,0.7358945965766907,0.4838800013065338,0.422199022769928,0.7549575805664063,0.3631041944026947,0.5741692185401917,0.23256900012493134,0.3872396,0.8178131580352783,0.29430480003356935,0.38420859575271604,0.8408890247344971,0.5419049978256225,0.49845709204673766,0.65818,0.46964019536972046,0.6089539766311646,0.5007125973701477,0.8064630154,0.621790087223053,0.8422099828720093,0.8162515521049499,0.8491431713104248,0.8423602104187011,0.7005522131919861,0.8576815605163575
1379.0,0.8864456176757812,0.883456015586853,0.9047348499298096,0.736222791671753,0.48188000321388247,0.42202127575874326,0.7530195832252502,0.3632465898990631,0.5729746222496033,0.2327239990234375,0.3883668,0.8164708614349365,0.2943193972110748,0.3844607949256897,0.8356300234794617,0.5415799975395202,0.4986934304237366,0.63734,0.4655565917491913,0.6092599749565124,0.5009217977523803,0.8015010121999999,0.6184546828269959,0.8421849846839905,0.8136349797248841,0.8483605504035949,0.8419986128807068,0.6997226119041443,0.8569401741027832
1380.0,0.8865190148353577,0.8833010196685791,0.905081570148468,0.7365509867668152,0.4798800051212311,0.4218435287475586,0.7510815858840942,0.3633889853954315,0.5717800259590149,0.23287899792194366,0.389494,0.8151285648345947,0.2943339943885803,0.38471299409866333,0.8303710222244263,0.541254997253418,0.4989297688007355,0.6165,0.4614729881286621,0.6095659732818604,0.501130998134613,0.796539009,0.6151192784309387,0.8421599864959717,0.8110184073448181,0.8475779294967651,0.8416370153427124,0.6988930106163025,0.856198787689209
1381.0,0.8864484071731568,0.8809856176376343,0.9050248980522155,0.7356771945953369,0.47742350697517394,0.42198448777198794,0.747843337059021,0.36393078565597536,0.5714102149009704,0.23365919888019562,0.3906374,0.8147177338600159,0.2944821953773499,0.38357179760932925,0.8261786222457885,0.5425148010253906,0.4987915515899658,0.611978,0.45564578771591185,0.6058629751205444,0.49941120147705076,0.7820170048,0.5984506368637085,0.8405305862426757,0.8064793944358826,0.8470910906791687,0.8436176180839539,0.6969280123710633,0.8554094672203064
1382.0,0.8863777995109559,0.8786702156066895,0.9049682259559632,0.7348034024238587,0.4749670088291168,0.4221254467964172,0.7446050882339478,0.36447258591651915,0.571040403842926,0.23443939983844758,0.3917808,0.8143069028854371,0.2946303963661194,0.3824306011199951,0.8219862222671509,0.5437746047973633,0.4986533343791962,0.607456,0.4498185873031616,0.6021599769592285,0.49769140481948854,0.7674950006,0.5817819952964782,0.8389011859893799,0.801940381526947,0.8466042518615723,0.8455982208251953,0.694963014125824,0.8546201467514039
1383.0,0.8863071918487548,0.8763548135757446,0.9049115538597107,0.7339296102523803,0.4725105106830597,0.42226640582084657,0.7413668394088745,0.365014386177063,0.5706705927848816,0.2352196007966995,0.3929242,0.8138960719108581,0.2947785973548889,0.381289404630661,0.8177938222885132,0.5450344085693359,0.4985151171684265,0.6029340000000001,0.4439913868904114,0.5984569787979126,0.49597160816192626,0.7529729964,0.5651133537292481,0.837271785736084,0.7974013686180115,0.8461174130439758,0.8475788235664368,0.6929980158805847,0.8538308262825012
1384.0,0.8862365841865539,0.8740394115447998,0.9048548817634583,0.7330558180809021,0.4700540125370026,0.42240736484527586,0.7381285905838013,0.3655561864376068,0.5703007817268372,0.23599980175495147,0.39406759999999996,0.8134852409362793,0.2949267983436584,0.3801482081413269,0.8136014223098755,0.5462942123413086,0.4983768999576569,0.598412,0.43816418647766114,0.5947539806365967,0.49425181150436404,0.7384509922,0.5484447121620178,0.8356423854827881,0.7928623557090759,0.8456305742263794,0.8495594263076782,0.6910330176353454,0.8530415058135986
1385.0,0.886165976524353,0.871724009513855,0.9047982096672058,0.7321820259094238,0.46759751439094543,0.4225483238697052,0.734890341758728,0.36609798669815063,0.5699309706687927,0.23678000271320343,0.395211,0.8130744099617004,0.295074999332428,0.3790070116519928,0.8094090223312378,0.5475540161132812,0.4982386827468872,0.59389,0.4323369860649109,0.5910509824752808,0.49253201484680176,0.723928988,0.5317760705947876,0.8340129852294922,0.7883233428001404,0.845143735408783,0.8515400290489197,0.6890680193901062,0.852252185344696
1386.0,0.8863919854164124,0.8715802073478699,0.9037999391555787,0.7324872255325318,0.4647013425827026,0.42295847535133363,0.731260621547699,0.36659018993377684,0.5676493763923645,0.23688560128211975,0.3964528,0.8134866714477539,0.29532259702682495,0.3748604118824005,0.8042890191078186,0.5472342133522033,0.4972743928432465,0.589562,0.4314159870147705,0.5897049903869629,0.490827614068985,0.6936451912,0.4978355407714844,0.8332485914230346,0.7835968852043151,0.8451234340667725,0.851837420463562,0.6874434113502502,0.8511420607566833
1387.0,0.8866179943084717,0.8714364051818848,0.9028016686439514,0.7327924251556397,0.4618051707744598,0.42336862683296206,0.72763090133667,0.36708239316940305,0.5653677821159363,0.23699119985103606,0.3976946,0.8138989329338073,0.2955701947212219,0.37071381211280824,0.7991690158843994,0.5469144105911254,0.4963101029396057,0.585234,0.43049498796463015,0.588358998298645,0.4891232132911682,0.6633613944,0.46389501094818114,0.8324841976165771,0.77887042760849,0.845103132724762,0.8521348118782044,0.6858188033103942,0.8500319361686707
1388.0,0.886844003200531,0.8712926030158996,0.9018033981323242,0.7330976247787475,0.45890899896621706,0.42377877831459043,0.7240011811256408,0.3675745964050293,0.563086187839508,0.2370967984199524,0.39893639999999997,0.8143111944198609,0.2958177924156189,0.36656721234321593,0.7940490126609803,0.5465946078300477,0.495345813035965,0.580906,0.4295739889144897,0.5870130062103271,0.48741881251335145,0.6330775976,0.42995448112487794,0.8317198038101197,0.7741439700126648,0.8450828313827514,0.8524322032928466,0.6841941952705384,0.8489218115806579
1389.0,0.8870700120925903,0.8711488008499145,0.900805127620697,0.7334028244018554,0.45601282715797425,0.42418892979621886,0.7203714609146118,0.36806679964065553,0.5608045935630799,0.23720239698886872,0.4001782,0.8147234559059143,0.29606539011001587,0.3624206125736237,0.7889290094375611,0.5462748050689697,0.4943815231323242,0.576578,0.42865298986434935,0.5856670141220093,0.48571441173553465,0.6027938008,0.3960139513015747,0.8309554100036621,0.7694175124168396,0.845062530040741,0.852729594707489,0.6825695872306824,0.8478116869926453
1390.0,0.8872960209846497,0.8710049986839294,0.8998068571090698,0.7337080240249634,0.45311665534973145,0.4245990812778473,0.7167417407035828,0.36855900287628174,0.5585229992866516,0.23730799555778503,0.40142,0.8151357173919678,0.29631298780441284,0.35827401280403137,0.7838090062141418,0.5459550023078918,0.49341723322868347,0.57225,0.427731990814209,0.5843210220336914,0.4840100109577179,0.572510004,0.3620734214782715,0.8301910161972046,0.7646910548210144,0.8450422286987305,0.8530269861221313,0.6809449791908264,0.8467015624046326
1391.0,0.886790418624878,0.8702677965164185,0.9002785682678223,0.7341056227684021,0.44964532256126405,0.4247956156730652,0.7119843006134033,0.368860000371933,0.5560122013092041,0.2375163972377777,0.4022398,0.8152634739875794,0.29632378816604615,0.3598654091358185,0.7785706043243408,0.5447723984718322,0.4919086515903473,0.576234,0.42731439471244814,0.5821656227111817,0.4816288113594055,0.5861530065999999,0.3571845471858978,0.8284834146499633,0.7621353268623352,0.844547963142395,0.8530817866325379,0.6787057876586914,0.8451804995536805
1392.0,0.8862848162651062,0.8695305943489074,0.9007502794265747,0.7345032215118408,0.44617398977279665,0.42499215006828306,0.7072268605232239,0.3691609978675842,0.5535014033317566,0.23772479891777037,0.4030596,0.815391230583191,0.29633458852767947,0.3614568054676056,0.7733322024345398,0.5435897946357727,0.49040006995201113,0.580218,0.42689679861068724,0.5800102233886719,0.47924761176109315,0.5997960092,0.35229567289352415,0.8267758131027222,0.759579598903656,0.8440536975860595,0.8531365871429444,0.6764665961265564,0.8436594367027282
1393.0,0.8857792139053344,0.8687933921813965,0.9012219905853271,0.7349008202552796,0.4427026569843292,0.425188684463501,0.7024694204330444,0.3694619953632355,0.5509906053543091,0.23793320059776307,0.4038794,0.8155189871788024,0.2963453888893127,0.3630482017993927,0.7680938005447387,0.5424071907997131,0.4888914883136749,0.584202,0.4264792025089264,0.5778548240661621,0.47686641216278075,0.6134390117999999,0.34740679860115053,0.8250682115554809,0.7570238709449768,0.8435594320297242,0.8531913876533508,0.6742274045944214,0.8421383738517761
1394.0,0.8852736115455627,0.8680561900138855,0.9016937017440796,0.7352984189987183,0.4392313241958618,0.4253852188587189,0.697711980342865,0.3697629928588867,0.5484798073768615,0.23814160227775574,0.40469920000000004,0.815646743774414,0.29635618925094603,0.3646395981311798,0.7628553986549378,0.5412245869636536,0.48738290667533873,0.588186,0.4260616064071655,0.5756994247436523,0.4744852125644684,0.6270820144,0.34251792430877687,0.8233606100082398,0.7544681429862976,0.8430651664733887,0.8532461881637573,0.6719882130622864,0.8406173110008239
1395.0,0.884768009185791,0.8673189878463745,0.902165412902832,0.735696017742157,0.4357599914073944,0.42558175325393677,0.6929545402526855,0.37006399035453796,0.5459690093994141,0.2383500039577484,0.405519,0.8157745003700256,0.29636698961257935,0.3662309944629669,0.7576169967651367,0.540041983127594,0.48587432503700256,0.59217,0.42564401030540466,0.5735440254211426,0.472104012966156,0.640725017,0.3376290500164032,0.8216530084609985,0.7519124150276184,0.8425709009170532,0.8533009886741638,0.6697490215301514,0.8390962481498718
1396.0,0.8851466059684754,0.8667905926704407,0.9017160773277283,0.7352506160736084,0.4320019960403442,0.4258294582366943,0.687479567527771,0.37042739391326907,0.5455720067024231,0.23849080204963685,0.40678380000000003,0.8159226775169373,0.2966607928276062,0.3687551975250244,0.7596763968467712,0.5392961859703064,0.48059200644493105,0.601188,0.42971500754356384,0.5704350233078003,0.4685008108615875,0.649290419,0.37420508861541746,0.8196210026741028,0.750522792339325,0.8408660411834716,0.8534037947654725,0.6669946193695069,0.8371326446533203
1397.0,0.8855252027511596,0.8662621974945068,0.9012667417526246,0.7348052144050599,0.42824400067329405,0.4260771632194519,0.6820045948028565,0.3707907974720001,0.5451750040054322,0.23863160014152526,0.40804860000000004,0.8160708546638489,0.2969545960426331,0.3712794005870819,0.7617357969284058,0.5385503888130188,0.4753096878528595,0.610206,0.433786004781723,0.567326021194458,0.464897608757019,0.657855821,0.4107811272144318,0.817588996887207,0.7491331696510315,0.8391611814498902,0.853506600856781,0.6642402172088623,0.8351690411567688
1398.0,0.885903799533844,0.865733802318573,0.9008174061775207,0.7343598127365112,0.4244860053062439,0.4263248682022095,0.6765296220779419,0.3711542010307312,0.5447780013084411,0.2387723982334137,0.4093134,0.8162190318107605,0.2972483992576599,0.3738036036491394,0.7637951970100403,0.5378045916557312,0.470027369260788,0.619224,0.4378570020198822,0.5642170190811158,0.4612944066524506,0.666421223,0.44735716581344603,0.8155569911003113,0.747743546962738,0.8374563217163086,0.8536094069480896,0.6614858150482178,0.8332054376602173
1399.0,0.8862823963165283,0.8652054071426392,0.900368070602417,0.7339144110679626,0.42072800993919374,0.42657257318496705,0.6710546493530274,0.37151760458946226,0.5443809986114502,0.2389131963253021,0.4105782,0.8163672089576721,0.29754220247268676,0.3763278067111969,0.7658545970916748,0.5370587944984436,0.4647450506687164,0.6282420000000001,0.4419279992580414,0.5611080169677735,0.4576912045478821,0.674986625,0.48393320441246035,0.8135249853134155,0.7463539242744446,0.8357514619827271,0.8537122130393981,0.6587314128875732,0.8312418341636658
1400.0,0.8866609930992126,0.8646770119667053,0.8999187350273132,0.7334690093994141,0.41697001457214355,0.4268202781677246,0.6655796766281128,0.37188100814819336,0.5439839959144592,0.23905399441719055,0.411843,0.8165153861045837,0.2978360056877136,0.3788520097732544,0.7679139971733093,0.536312997341156,0.4594627320766449,0.63726,0.44599899649620056,0.5579990148544312,0.4540880024433136,0.683552027,0.5205092430114746,0.8114929795265198,0.7449643015861511,0.8340466022491455,0.8538150191307068,0.6559770107269287,0.8292782306671143
1401.0,0.8868671894073487,0.8632966041564941,0.8992747783660888,0.7331468105316162,0.41396903395652773,0.4274081826210022,0.656956696510315,0.37234840393066404,0.543979799747467,0.2394975960254669,0.4133014,0.8160807371139527,0.2978926062583923,0.37977460622787473,0.7695706009864807,0.5357517957687378,0.44940186142921446,0.6398400000000001,0.4485365986824036,0.554161810874939,0.45069580078125,0.6786840202,0.5349721670150757,0.8080653786659241,0.7427023768424987,0.8320987939834594,0.8543952107429504,0.652603805065155,0.8268616199493408
1402.0,0.8870733857154847,0.8619161963462829,0.8986308217048645,0.7328246116638184,0.41096805334091185,0.4279960870742798,0.6483337163925171,0.3728157997131348,0.5439756035804748,0.23994119763374328,0.4147598,0.8156460881233215,0.29794920682907106,0.38069720268249513,0.7712272047996521,0.5351905941963195,0.43934099078178407,0.64242,0.45107420086860656,0.5503246068954468,0.4473035991191864,0.6738160134,0.5494350910186767,0.8046377778053284,0.7404404520988465,0.8301509857177735,0.8549754023551941,0.6492305994033813,0.8244450092315674
1403.0,0.8872795820236206,0.8605357885360718,0.8979868650436401,0.7325024127960205,0.40796707272529603,0.4285839915275574,0.6397107362747192,0.37328319549560546,0.5439714074134827,0.24038479924201966,0.4162182,0.8152114391326905,0.29800580739974974,0.38161979913711547,0.7728838086128235,0.5346293926239014,0.4292801201343536,0.645,0.4536118030548096,0.5464874029159545,0.4439113974571228,0.6689480066,0.5638980150222779,0.8012101769447326,0.7381785273551941,0.8282031774520874,0.8555555939674377,0.6458573937416077,0.822028398513794
1404.0,0.8874857783317566,0.8591553807258606,0.8973429083824158,0.7321802139282226,0.40496609210968015,0.42917189598083494,0.6310877561569214,0.3737505912780762,0.5439672112464905,0.24082840085029603,0.4176766,0.8147767901420593,0.2980624079704285,0.38254239559173586,0.7745404124259949,0.5340681910514832,0.41921924948692324,0.6475799999999999,0.45614940524101255,0.5426501989364624,0.4405191957950592,0.6640799998,0.5783609390258789,0.7977825760841369,0.7359166026115418,0.8262553691864014,0.8561357855796814,0.642484188079834,0.8196117877960205
1405.0,0.8876919746398926,0.8577749729156494,0.8966989517211914,0.7318580150604248,0.40196511149406433,0.42975980043411255,0.6224647760391235,0.3742179870605469,0.5439630150794983,0.2412720024585724,0.419135,0.8143421411514282,0.2981190085411072,0.3834649920463562,0.7761970162391663,0.5335069894790649,0.4091583788394928,0.65016,0.4586870074272156,0.5388129949569702,0.4371269941329956,0.659211993,0.59282386302948,0.7943549752235413,0.7336546778678894,0.8243075609207153,0.856715977191925,0.6391109824180603,0.8171951770782471
1406.0,0.8877593755722046,0.8564451813697815,0.8973564982414246,0.7319008111953735,0.40074809193611144,0.43011329770088197,0.6097546339035034,0.3747605919837952,0.5437050104141236,0.24190140068531035,0.42059979999999997,0.8140326976776123,0.29836960434913634,0.38361179232597353,0.7780376076698303,0.5329709887504578,0.40167983174324035,0.653076,0.4606424033641815,0.5355011940002441,0.43430839776992797,0.6551667926,0.5952244639396668,0.7899289846420288,0.7288536787033081,0.8212158918380738,0.8579419851303101,0.635084581375122,0.8143962383270263
1407.0,0.8878267765045166,0.8551153898239136,0.8980140447616577,0.7319436073303223,0.39953107237815855,0.4304667949676514,0.5970444917678833,0.37530319690704345,0.5434470057487488,0.24253079891204835,0.42206459999999996,0.8137232542037964,0.2986202001571655,0.3837585926055908,0.7798781991004944,0.5324349880218506,0.3942012846469879,0.655992,0.46259779930114747,0.5321893930435181,0.43148980140686033,0.6511215922,0.5976250648498536,0.7855029940605164,0.7240526795387268,0.8181242227554322,0.8591679930686951,0.6310581803321839,0.8115972995758056
1408.0,0.8878941774368286,0.8537855982780457,0.8986715912818909,0.731986403465271,0.3983140528202057,0.43082029223442075,0.5843343496322632,0.37584580183029176,0.543189001083374,0.2431601971387863,0.4235294,0.8134138107299804,0.2988707959651947,0.38390539288520814,0.7817187905311584,0.5318989872932434,0.3867227375507355,0.6589079999999999,0.4645531952381134,0.528877592086792,0.42867120504379275,0.6470763918,0.6000256657600402,0.7810770034790039,0.7192516803741456,0.8150325536727905,0.8603940010070801,0.6270317792892456,0.808798360824585
1409.0,0.8879615783691406,0.8524558067321777,0.899329137802124,0.7320291996002197,0.3970970332622528,0.4311737895011902,0.5716242074966431,0.37638840675354,0.5429309964179992,0.2437895953655243,0.4249942,0.8131043672561645,0.2991213917732239,0.3840521931648254,0.7835593819618225,0.5313629865646362,0.37924419045448304,0.661824,0.46650859117507937,0.525565791130066,0.4258526086807251,0.6430311914,0.602426266670227,0.7766510128974915,0.7144506812095642,0.8119408845901489,0.8616200089454651,0.6230053782463074,0.8059994220733643
1410.0,0.8880289793014526,0.8511260151863098,0.8999866843223572,0.7320719957351685,0.3958800137042999,0.4315272867679596,0.558914065361023,0.37693101167678833,0.5426729917526245,0.24441899359226227,0.426459,0.8127949237823486,0.29937198758125305,0.38419899344444275,0.7853999733924866,0.530826985836029,0.3717656433582306,0.66474,0.4684639871120453,0.5222539901733398,0.42303401231765747,0.638985991,0.6048268675804138,0.772225022315979,0.7096496820449829,0.8088492155075073,0.8628460168838501,0.6189789772033691,0.8032004833221436
1411.0,0.8875707864761353,0.851221215724945,0.8999192595481873,0.7318741917610169,0.395904004573822,0.43148537278175353,0.5447554111480712,0.3773516118526459,0.5412213921546936,0.2447097957134247,0.42770939999999996,0.8131972551345825,0.2996911883354187,0.3846507966518402,0.7638795733451843,0.5302137851715087,0.37694984674453735,0.66498,0.46989659070968626,0.5218491911888122,0.4217728078365326,0.637849998,0.6054184436798096,0.7671284198760986,0.7040162682533264,0.8055736184120178,0.8628522157669067,0.6152281761169434,0.8002197027206421
1412.0,0.8871125936508178,0.8513164162635803,0.8998518347740173,0.7316763877868653,0.3959279954433441,0.43144345879554746,0.5305967569351197,0.3777722120285034,0.5397697925567627,0.2450005978345871,0.4289598,0.8135995864868164,0.30001038908958433,0.38510259985923767,0.742359173297882,0.5296005845069885,0.3821340501308441,0.66522,0.4713291943073273,0.5214443922042846,0.4205116033554077,0.636714005,0.6060100197792053,0.7620318174362183,0.6983828544616699,0.8022980213165283,0.8628584146499634,0.6114773750305176,0.7972389221191406
1413.0,0.8866544008255005,0.8514116168022156,0.8997844099998474,0.7314785838127136,0.3959519863128662,0.43140154480934145,0.516438102722168,0.37819281220436096,0.5383181929588318,0.2452913999557495,0.4302102,0.8140019178390503,0.30032958984375,0.38555440306663513,0.7208387732505799,0.5289873838424682,0.3873182535171509,0.6654599999999999,0.47276179790496825,0.5210395932197571,0.41925039887428284,0.635578012,0.6066015958786011,0.7569352149963379,0.6927494406700134,0.7990224242210389,0.86286461353302,0.6077265739440918,0.7942581415176392
1414.0,0.8861962080001831,0.8515068173408509,0.8997169852256774,0.731280779838562,0.3959759771823883,0.4313596308231354,0.5022794485092164,0.3786134123802185,0.5368665933609009,0.24558220207691192,0.4314606,0.8144042491912842,0.30064879059791566,0.3860062062740326,0.6993183732032776,0.528374183177948,0.39250245690345764,0.6657,0.4741944015026093,0.5206347942352295,0.41798919439315796,0.634442019,0.6071931719779968,0.7518386125564576,0.6871160268783569,0.7957468271255493,0.8628708124160767,0.603975772857666,0.7912773609161377
1415.0,0.8857380151748657,0.8516020178794861,0.8996495604515076,0.7310829758644104,0.3959999680519104,0.4313177168369293,0.48812079429626465,0.37903401255607605,0.53541499376297,0.24587300419807434,0.432711,0.8148065805435181,0.3009679913520813,0.38645800948143005,0.6777979731559753,0.5277609825134277,0.3976866602897644,0.66594,0.47562700510025024,0.5202299952507019,0.4167279899120331,0.633306026,0.6077847480773926,0.7467420101165771,0.6814826130867004,0.7924712300300598,0.8628770112991333,0.6002249717712402,0.7882965803146362
1416.0,0.8862734079360962,0.850731611251831,0.8993184328079223,0.7308449864387512,0.3966509699821472,0.4313821315765381,0.47706429958343505,0.37931681275367735,0.5346345901489258,0.24642620384693145,0.4339636,0.8152199506759643,0.30104979276657107,0.3870068073272705,0.6992777824401856,0.5285533905029297,0.40773919224739075,0.665824,0.47663240432739257,0.5222324013710022,0.4162309944629669,0.634935617,0.6077572226524353,0.7337000131607055,0.6765726566314697,0.7882141709327698,0.8629130125045776,0.5963549733161926,0.7856320977210999
1417.0,0.8868088006973267,0.849861204624176,0.8989873051643371,0.7306069970130921,0.39730197191238403,0.4314465463161469,0.46600780487060545,0.3795996129512787,0.5338541865348816,0.24697940349578856,0.4352162,0.8156333208084107,0.3011315941810608,0.38755560517311094,0.7207575917243958,0.5293457984924317,0.4177917242050171,0.665708,0.4776378035545349,0.5242348074913025,0.41573399901390073,0.6365652079999999,0.607729697227478,0.7206580162048339,0.671662700176239,0.7839571118354798,0.862949013710022,0.592484974861145,0.7829676151275635
1418.0,0.8873441934585571,0.848990797996521,0.898656177520752,0.7303690075874328,0.39795297384262085,0.4315109610557556,0.4549513101577759,0.37988241314888,0.5330737829208374,0.2475326031446457,0.4364688,0.8160466909408569,0.30121339559555055,0.38810440301895144,0.7422374010086059,0.5301382064819335,0.42784425616264343,0.665592,0.47864320278167727,0.5262372136116028,0.4152370035648346,0.638194799,0.6077021718025207,0.7076160192489624,0.6667527437210083,0.7797000527381897,0.8629850149154663,0.5886149764060974,0.780303132534027
1419.0,0.8878795862197876,0.848120391368866,0.8983250498771668,0.7301310181617737,0.39860397577285767,0.43157537579536437,0.4438948154449463,0.38016521334648135,0.5322933793067932,0.2480858027935028,0.4377214,0.8164600610733033,0.30129519701004026,0.3886532008647919,0.7637172102928161,0.5309306144714355,0.4378967881202698,0.665476,0.4796486020088196,0.528239619731903,0.41474000811576844,0.6398243899999999,0.6076746463775635,0.6945740222930908,0.6618427872657776,0.7754429936408996,0.8630210161209106,0.5847449779510498,0.7776386499404907
1420.0,0.8884149789810181,0.8472499847412109,0.8979939222335815,0.7298930287361145,0.3992549777030945,0.43163979053497314,0.4328383207321167,0.38044801354408264,0.531512975692749,0.24863900244235992,0.438974,0.8168734312057495,0.30137699842453003,0.3892019987106323,0.7851970195770264,0.5317230224609375,0.4479493200778961,0.66536,0.4806540012359619,0.5302420258522034,0.41424301266670227,0.641453981,0.6076471209526062,0.6815320253372192,0.6569328308105469,0.7711859345436096,0.863057017326355,0.5808749794960022,0.7749741673469543
1421.0,0.8886325836181641,0.8467867851257325,0.8981048822402954,0.7296472191810608,0.39999247193336485,0.4319020688533783,0.43071610331535337,0.38084000945091245,0.5306281805038452,0.24893079996109008,0.440311,0.8170390009880066,0.30157979726791384,0.3893927991390228,0.7990100145339966,0.5331798195838928,0.4547640919685364,0.665146,0.48107500076293946,0.5347204208374023,0.4142348110675812,0.6446463819999999,0.6082509517669678,0.6529604196548462,0.653563392162323,0.7666255593299866,0.8635004162788391,0.5777693867683411,0.7727011322975159
1422.0,0.88885018825531,0.8463235855102539,0.8982158422470092,0.7294014096260071,0.40072996616363527,0.4321643471717834,0.4285938858985901,0.3812320053577423,0.5297433853149414,0.24922259747982026,0.441648,0.8172045707702636,0.3017825961112976,0.38958359956741334,0.8128230094909668,0.5346366167068481,0.4615788638591766,0.664932,0.481496000289917,0.5391988158226013,0.41422660946846007,0.647838783,0.6088547825813293,0.6243888139724731,0.6501939535140991,0.7620651841163635,0.8639438152313232,0.5746637940406799,0.7704280972480774
1423.0,0.8890677928924561,0.8458603858947754,0.8983268022537232,0.7291556000709534,0.40146746039390563,0.4324266254901886,0.42647166848182677,0.38162400126457213,0.5288585901260376,0.2495143949985504,0.442985,0.8173701405525208,0.3019853949546814,0.3897743999958038,0.8266360044479371,0.5360934138298035,0.4683936357498169,0.664718,0.4819169998168945,0.5436772108078003,0.414218407869339,0.6510311839999999,0.609458613395691,0.5958172082901001,0.6468245148658752,0.7575048089027405,0.8643872141838074,0.5715582013130188,0.7681550621986389
1424.0,0.889285397529602,0.8453971862792968,0.898437762260437,0.7289097905158997,0.40220495462417605,0.43268890380859376,0.4243494510650635,0.382015997171402,0.5279737949371338,0.2498061925172806,0.444322,0.8175357103347778,0.30218819379806516,0.38996520042419436,0.8404489994049072,0.5375502109527588,0.47520840764045713,0.664504,0.48233799934387206,0.5481556057929993,0.4142102062702179,0.654223585,0.6100624442100525,0.567245602607727,0.6434550762176514,0.7529444336891175,0.8648306131362915,0.5684526085853576,0.7658820271492004
1425.0,0.889503002166748,0.8449339866638184,0.8985487222671509,0.728663980960846,0.4029424488544464,0.4329511821269989,0.42222723364830017,0.3824079930782318,0.52708899974823,0.25009799003601074,0.445659,0.8177012801170349,0.302390992641449,0.39015600085258484,0.8542619943618774,0.5390070080757141,0.4820231795310974,0.66429,0.4827589988708496,0.5526340007781982,0.4142020046710968,0.657415986,0.6106662750244141,0.538673996925354,0.6400856375694275,0.7483840584754944,0.8652740120887756,0.5653470158576965,0.763608992099762
1426.0,0.8896622061729431,0.8444477915763855,0.8985488414764404,0.7283395886421203,0.40363395810127256,0.4330284416675568,0.4283964097499847,0.3827311933040619,0.5259897947311402,0.2505915939807892,0.4469578,0.8176786303520203,0.30259559154510496,0.3902758002281189,0.8592325925827027,0.5403878092765808,0.4844919204711914,0.664444,0.48351680040359496,0.5549437999725342,0.41396700143814086,0.6604775906,0.6112395763397217,0.5446905970573426,0.6396241188049316,0.745920968055725,0.8652128100395202,0.5626748085021973,0.7618473052978516
1427.0,0.8898214101791382,0.8439615964889526,0.89854896068573,0.7280151963233947,0.40432546734809877,0.43310570120811465,0.4345655858516693,0.38305439352989196,0.5248905897140503,0.2510851979255676,0.4482566,0.8176559805870056,0.302800190448761,0.39039559960365294,0.8642031908035278,0.5417686104774475,0.4869606614112854,0.664598,0.4842746019363403,0.5572535991668701,0.4137319982051849,0.6635391951999999,0.6118128776550293,0.550707197189331,0.6391626000404358,0.7434578776359558,0.8651516079902649,0.560002601146698,0.7600856184959411
1428.0,0.8899806141853333,0.8434754014015198,0.8985490798950195,0.7276908040046692,0.4050169765949249,0.43318296074867246,0.44073476195335387,0.38337759375572206,0.5237913846969604,0.2515788018703461,0.44955540000000005,0.817633330821991,0.303004789352417,0.390515398979187,0.869173789024353,0.5431494116783142,0.4894294023513794,0.664752,0.4850324034690857,0.559563398361206,0.413496994972229,0.6666007998,0.6123861789703369,0.5567237973213196,0.6387010812759399,0.7409947872161865,0.8650904059410095,0.5573303937911988,0.7583239316940308
1429.0,0.8901398181915283,0.8429892063140869,0.8985491991043091,0.7273664116859436,0.4057084858417511,0.43326022028923034,0.4469039380550385,0.3837007939815521,0.5226921796798706,0.2520724058151245,0.45085420000000004,0.8176106810569763,0.303209388256073,0.39063519835472105,0.8741443872451782,0.5445302128791809,0.4918981432914734,0.664906,0.48579020500183107,0.561873197555542,0.4132619917392731,0.6696624043999999,0.6129594802856445,0.5627403974533081,0.6382395625114441,0.7385316967964173,0.8650292038917542,0.5546581864356994,0.7565622448921203
1430.0,0.8902990221977234,0.842503011226654,0.8985493183135986,0.727042019367218,0.40639999508857727,0.4333374798297882,0.453073114156723,0.3840239942073822,0.5215929746627808,0.25256600975990295,0.452153,0.8175880312919617,0.303413987159729,0.3907549977302551,0.8791149854660034,0.5459110140800476,0.4943668842315674,0.66506,0.4865480065345764,0.5641829967498779,0.41302698850631714,0.672724009,0.6135327816009521,0.5687569975852966,0.6377780437469482,0.736068606376648,0.8649680018424988,0.5519859790802002,0.75480055809021
1431.0,0.8902950167655945,0.8419912099838257,0.8980956673622131,0.7262554168701172,0.4070746600627899,0.4334684669971466,0.46304839849472046,0.38441299796104433,0.5205975770950317,0.25309920907020567,0.45367040000000003,0.8169409513473511,0.303632789850235,0.39079299569129944,0.8824139833450317,0.54756600856781,0.49544350504875184,0.665394,0.48695040345191953,0.5662840008735657,0.4130277931690216,0.6755278114,0.6139198780059815,0.5802441954612731,0.6401616930961609,0.7319650769233703,0.8652948021888733,0.5495721817016601,0.7536348104476929
1432.0,0.8902910113334656,0.8414794087409974,0.8976420164108276,0.7254688143730164,0.40774932503700256,0.433599454164505,0.4730236828327179,0.3848020017147064,0.5196021795272827,0.25363240838050843,0.45518780000000003,0.8162938714027405,0.30385159254074096,0.39083099365234375,0.8857129812240601,0.5492210030555725,0.4965201258659363,0.665728,0.4873528003692627,0.5683850049972534,0.4130285978317261,0.6783316138,0.6143069744110108,0.5917313933372498,0.6425453424453735,0.7278615474700928,0.8656216025352478,0.5471583843231201,0.7524690628051758
1433.0,0.8902870059013367,0.8409676074981689,0.8971883654594421,0.7246822118759155,0.4084239900112152,0.4337304413318634,0.48299896717071533,0.38519100546836854,0.5186067819595337,0.25416560769081115,0.4567052,0.8156467914581299,0.30407039523124696,0.39086899161338806,0.8890119791030884,0.5508759975433349,0.4975967466831207,0.666062,0.4877551972866058,0.5704860091209412,0.41302940249443054,0.6811354162,0.61469407081604,0.6032185912132263,0.6449289917945862,0.7237580180168152,0.8659484028816223,0.5447445869445801,0.7513033151626587
1434.0,0.8902830004692077,0.8404558062553406,0.8967347145080566,0.7238956093788147,0.40909865498542786,0.4338614284992218,0.49297425150871277,0.3855800092220306,0.5176113843917847,0.2546988070011139,0.4582226,0.8149997115135192,0.3042891979217529,0.3909069895744324,0.8923109769821167,0.5525309920310975,0.49867336750030516,0.666396,0.488157594203949,0.5725870132446289,0.413030207157135,0.6839392186,0.6150811672210693,0.6147057890892029,0.6473126411437988,0.7196544885635376,0.8662752032279968,0.5423307895660401,0.7501375675201416
1435.0,0.8902789950370789,0.8399440050125122,0.8962810635566711,0.7231090068817139,0.4097733199596405,0.4339924156665802,0.5029495358467102,0.38596901297569275,0.5166159868240356,0.2552320063114166,0.45974,0.8143526315689087,0.3045080006122589,0.3909449875354767,0.895609974861145,0.5541859865188599,0.4997499883174896,0.66673,0.4885599911212921,0.5746880173683167,0.4130310118198395,0.686743021,0.6154682636260986,0.6261929869651794,0.6496962904930115,0.71555095911026,0.8666020035743713,0.5399169921875,0.7489718198776245
1436.0,0.8901582002639771,0.8396306037902832,0.8959592819213867,0.7233396053314209,0.4103631615638733,0.43429813981056214,0.5129964470863342,0.3862816095352173,0.5152789950370789,0.25557040572166445,0.4611528,0.8151021242141724,0.3045992016792297,0.39136838912963867,0.8971375823020935,0.5548643946647644,0.5007876276969909,0.6670780000000001,0.48904099464416506,0.5765070080757141,0.4152740120887756,0.6891372203999999,0.6159195184707642,0.637104594707489,0.6531206607818604,0.7085440635681153,0.8663779973983765,0.5379569888114929,0.7484294891357421
1437.0,0.8900374054908753,0.8393172025680542,0.8956375002861023,0.7235702037811279,0.41095300316810607,0.4346038639545441,0.5230433583259583,0.3865942060947418,0.5139420032501221,0.2559088051319122,0.46256559999999997,0.8158516168594361,0.3046904027462006,0.39179179072380066,0.898665189743042,0.5555428028106689,0.5018252670764923,0.6674260000000001,0.48952199816703795,0.5783259987831115,0.41751701235771177,0.6915314198,0.6163707733154297,0.6480162024497986,0.6565450310707093,0.7015371680259704,0.8661539912223816,0.5359969854354858,0.7478871583938599
1438.0,0.8899166107177734,0.8390038013458252,0.8953157186508178,0.723800802230835,0.4115428447723389,0.434909588098526,0.5330902695655823,0.38690680265426636,0.5126050114631653,0.25624720454216005,0.4639784,0.8166011095046997,0.3047816038131714,0.39221519231796265,0.9001927971839905,0.5562212109565735,0.5028629064559936,0.667774,0.4900030016899109,0.5801449894905091,0.41976001262664797,0.6939256192,0.6168220281600952,0.6589278101921081,0.6599694013595581,0.6945302724838257,0.8659299850463867,0.5340369820594788,0.7473448276519775
1439.0,0.8897958159446716,0.8386904001235962,0.8949939370155334,0.724031400680542,0.41213268637657163,0.4352153122425079,0.5431371808052063,0.3872193992137909,0.5112680196762085,0.2565856039524078,0.4653912,0.8173506021499634,0.30487280488014223,0.39263859391212463,0.901720404624939,0.556899619102478,0.503900545835495,0.668122,0.4904840052127838,0.5819639801979065,0.4220030128955841,0.6963198186,0.6172732830047607,0.6698394179344177,0.663393771648407,0.6875233769416809,0.8657059788703918,0.5320769786834717,0.7468024969100953
1440.0,0.8896750211715698,0.8383769989013672,0.894672155380249,0.724261999130249,0.41272252798080444,0.43552103638648987,0.5531840920448303,0.38753199577331543,0.5099310278892517,0.25692400336265564,0.466804,0.818100094795227,0.30496400594711304,0.3930619955062866,0.9032480120658875,0.5575780272483826,0.5049381852149963,0.66847,0.49096500873565674,0.583782970905304,0.42424601316452026,0.698714018,0.6177245378494263,0.6807510256767273,0.6668181419372559,0.6805164813995361,0.865481972694397,0.5301169753074646,0.7462601661682129
1441.0,0.8897926211357117,0.8376987934112549,0.8945460796356202,0.7245077967643738,0.4131560266017914,0.43558918833732607,0.561846923828125,0.3879129946231842,0.5086552262306213,0.25761800408363345,0.4680694,0.8185505390167236,0.3051960051059723,0.3932305991649628,0.9040848135948181,0.55803462266922,0.5057986497879028,0.668676,0.49146000742912294,0.5846135735511779,0.42813820838928224,0.7003898144,0.6188191294670105,0.6799964189529419,0.6700845241546631,0.6728649616241456,0.8650927782058716,0.5281689763069153,0.746623182296753
1442.0,0.8899102210998535,0.8370205879211425,0.8944200038909912,0.7247535943984985,0.4135895252227783,0.4356573402881622,0.5705097556114197,0.388293993473053,0.5073794245719909,0.2583120048046112,0.4693348,0.8190009832382202,0.3054280042648315,0.39339920282363894,0.9049216151237488,0.5584912180900574,0.5066591143608093,0.668882,0.49195500612258913,0.585444176197052,0.4320304036140442,0.7020656108,0.6199137210845947,0.6792418122291565,0.6733509063720703,0.6652134418487549,0.8647035837173462,0.526220977306366,0.746986198425293
1443.0,0.8900278210639954,0.8363423824310303,0.8942939281463623,0.7249993920326233,0.41402302384376527,0.4357254922389984,0.5791725873947143,0.38867499232292174,0.5061036229133606,0.259006005525589,0.4706002,0.8194514274597168,0.3056600034236908,0.39356780648231504,0.9057584166526794,0.5589478135108947,0.5075195789337158,0.669088,0.4924500048160553,0.586274778842926,0.43592259883880613,0.7037414072,0.6210083127021789,0.6784872055053711,0.6766172885894776,0.6575619220733643,0.8643143892288208,0.5242729783058167,0.747349214553833
1444.0,0.8901454210281372,0.835664176940918,0.8941678524017334,0.725245189666748,0.4144565224647522,0.4357936441898346,0.5878354191780091,0.38905599117279055,0.5048278212547302,0.25970000624656675,0.4718656,0.8199018716812134,0.30589200258255006,0.3937364101409912,0.9065952181816102,0.5594044089317322,0.5083800435066224,0.669294,0.4929450035095215,0.5871053814888001,0.4398147940635681,0.7054172035999999,0.6221029043197632,0.6777325987815856,0.6798836708068847,0.6499104022979736,0.8639251947402954,0.5223249793052673,0.747712230682373
1445.0,0.890263020992279,0.8349859714508057,0.8940417766571045,0.7254909873008728,0.41489002108573914,0.4358617961406708,0.5964982509613037,0.3894369900226593,0.5035520195960999,0.26039400696754456,0.473131,0.82035231590271,0.3061240017414093,0.39390501379966736,0.9074320197105408,0.5598610043525696,0.5092405080795288,0.6695,0.49344000220298767,0.5879359841346741,0.4437069892883301,0.707093,0.6231974959373474,0.6769779920578003,0.683150053024292,0.642258882522583,0.86353600025177,0.520376980304718,0.7480752468109131
1446.0,0.890225613117218,0.8346167802810669,0.8942708492279052,0.7249299883842468,0.41512601971626284,0.43585715293884275,0.6028160095214844,0.3897931933403015,0.5023654162883758,0.2607492029666901,0.4743538,0.8197168588638306,0.3063145995140076,0.39430280923843386,0.9071120142936706,0.5603816032409668,0.5099721550941467,0.6699499999999999,0.49382800459861753,0.5886765837669372,0.44637659192085266,0.7083451984,0.6241094589233398,0.6729861974716187,0.6867809057235718,0.6417789101600647,0.8631504058837891,0.5186323881149292,0.7485486030578613
1447.0,0.890188205242157,0.8342475891113281,0.8944999217987061,0.7243689894676208,0.4153620183467865,0.4358525097370148,0.6091337680816651,0.39014939665794374,0.5011788129806518,0.2611043989658356,0.4755766,0.8190814018249511,0.30650519728660586,0.3947006046772003,0.9067920088768006,0.560902202129364,0.5107038021087646,0.6704,0.49421600699424745,0.5894171833992005,0.44904619455337524,0.7095973968,0.6250214219093323,0.668994402885437,0.6904117584228515,0.6412989377975464,0.8627648115158081,0.5168877959251403,0.7490219593048095
1448.0,0.8901507973670959,0.8338783979415894,0.8947289943695068,0.7238079905509949,0.4155980169773102,0.43584786653518676,0.6154515266418457,0.3905055999755859,0.49999220967292785,0.26145959496498106,0.4767994,0.8184459447860718,0.3066957950592041,0.3950984001159668,0.9064720034599304,0.5614228010177612,0.5114354491233826,0.67085,0.4946040093898773,0.5901577830314636,0.4517157971858978,0.7108495952,0.6259333848953247,0.6650026082992554,0.6940426111221314,0.640818965435028,0.8623792171478272,0.5151432037353516,0.7494953155517579
1449.0,0.8901133894920349,0.8335092067718506,0.8949580669403077,0.7232469916343689,0.41583401560783384,0.4358432233333588,0.6217692852020263,0.39086180329322817,0.4988056063652039,0.2618147909641266,0.4780222,0.8178104877471923,0.30688639283180236,0.39549619555473325,0.9061519980430603,0.5619433999061585,0.5121670961380005,0.6713,0.4949920117855072,0.5908983826637269,0.4543853998184204,0.7121017936,0.6268453478813172,0.6610108137130737,0.6976734638214112,0.6403389930725097,0.8619936227798461,0.5133986115455628,0.7499686717987061
1450.0,0.8900759816169739,0.8331400156021118,0.8951871395111084,0.7226859927177429,0.41607001423835754,0.43583858013153076,0.628087043762207,0.39121800661087036,0.49761900305747986,0.2621699869632721,0.479245,0.817175030708313,0.30707699060440063,0.39589399099349976,0.9058319926261902,0.5624639987945557,0.5128987431526184,0.67175,0.4953800141811371,0.59163898229599,0.457055002450943,0.713353992,0.6277573108673096,0.6570190191268921,0.7013043165206909,0.6398590207099915,0.8616080284118652,0.5116540193557739,0.7504420280456543
1451.0,0.890093183517456,0.8327276110649109,0.8951338529586792,0.7221727967262268,0.4161150097846985,0.43596786856651304,0.6317547678947448,0.3916360080242157,0.4963678002357483,0.26264938712120056,0.4806602,0.817058515548706,0.3073043942451477,0.3965937912464142,0.9068947911262513,0.5631178021430969,0.5132306098937989,0.672014,0.49568461179733275,0.5911919832229614,0.45801020264625547,0.7138891940000001,0.6282842874526977,0.6514734148979187,0.7053495287895203,0.6456647157669068,0.860165822505951,0.5100744128227234,0.7511386513710022
1452.0,0.8901103854179382,0.83231520652771,0.89508056640625,0.7216596007347107,0.4161600053310394,0.4360971570014954,0.6354224920272827,0.392054009437561,0.4951165974140167,0.26312878727912903,0.4820754,0.8169420003890991,0.3075317978858948,0.39729359149932864,0.9079575896263122,0.5637716054916382,0.5135624766349792,0.6722779999999999,0.4959892094135284,0.5907449841499328,0.458965402841568,0.7144243960000001,0.628811264038086,0.6459278106689453,0.7093947410583497,0.6514704108238221,0.8587236166000366,0.5084948062896728,0.7518352746963501
1453.0,0.8901275873184205,0.831902801990509,0.8950272798538208,0.7211464047431946,0.4162050008773804,0.43622644543647765,0.6390902161598205,0.3924720108509064,0.4938653945922852,0.2636081874370575,0.4834906,0.8168254852294922,0.3077592015266418,0.397993391752243,0.9090203881263733,0.5644254088401794,0.5138943433761597,0.672542,0.49629380702972414,0.5902979850769043,0.4599206030368805,0.714959598,0.6293382406234741,0.6403822064399719,0.7134399533271789,0.6572761058807373,0.8572814106941223,0.5069151997566224,0.752531898021698
1454.0,0.8901447892189026,0.8314903974533081,0.8949739933013916,0.7206332087516785,0.4162499964237213,0.43635573387146,0.6427579402923584,0.3928900122642517,0.4926141917705536,0.26408758759498596,0.4849058,0.8167089700698853,0.3079866051673889,0.39869319200515746,0.9100831866264343,0.5650792121887207,0.51422621011734,0.6728059999999999,0.4965984046459198,0.5898509860038758,0.460875803232193,0.7154948,0.6298652172088623,0.6348366022109986,0.7174851655960083,0.6630818009376526,0.855839204788208,0.5053355932235718,0.7532285213470459
1455.0,0.8901619911193848,0.8310779929161072,0.8949207067489624,0.7201200127601624,0.41629499197006226,0.43648502230644226,0.6464256644248962,0.39330801367759705,0.491362988948822,0.26456698775291443,0.486321,0.8165924549102783,0.308214008808136,0.3993929922580719,0.9111459851264954,0.565733015537262,0.5145580768585205,0.67307,0.4969030022621155,0.5894039869308472,0.4618310034275055,0.716030002,0.6303921937942505,0.6292909979820251,0.7215303778648376,0.6688874959945679,0.8543969988822937,0.5037559866905212,0.7539251446723938
1456.0,0.890296995639801,0.8308387994766235,0.8947159767150878,0.7194148063659668,0.41625099182128905,0.4365971326828003,0.6456070661544799,0.39353660941123964,0.49029279351234434,0.26516699194908144,0.4874596,0.817461347579956,0.30831960439682005,0.39964279532432556,0.9117957830429078,0.5661300182342529,0.5148463726043702,0.67336,0.4971410036087036,0.5895325899124145,0.46203500032424927,0.7157436016,0.6307895064353943,0.6264603972434998,0.7238484025001526,0.6732551693916321,0.852033793926239,0.5024793922901154,0.754542350769043
1457.0,0.8904320001602173,0.8305996060371399,0.8945112466812134,0.7187095999717712,0.41620699167251585,0.4367092430591583,0.6447884678840637,0.3937652051448822,0.4892225980758667,0.2657669961452484,0.4885982,0.8183302402496337,0.30842519998550416,0.3998925983905792,0.91244558095932,0.5665270209312439,0.5151346683502197,0.67365,0.49737900495529175,0.5896611928939819,0.46223899722099304,0.7154572012,0.6311868190765381,0.6236297965049744,0.7261664271354675,0.6776228427886963,0.8496705889701843,0.5012027978897095,0.7551595568656921
1458.0,0.8905670046806335,0.8303604125976562,0.8943065166473388,0.7180043935775757,0.4161629915237427,0.43682135343551637,0.6439698696136474,0.39399380087852476,0.488152402639389,0.2663670003414154,0.4897368,0.8191991329193116,0.3085307955741882,0.4001424014568329,0.9130953788757324,0.5669240236282349,0.5154229640960694,0.67394,0.4976170063018799,0.5897897958755494,0.4624429941177368,0.7151708008,0.6315841317176819,0.6207991957664489,0.7284844517707825,0.6819905161857605,0.8473073840141296,0.4999262034893036,0.7557767629623413
1459.0,0.8907020092010498,0.8301212191581726,0.8941017866134644,0.7172991871833801,0.4161189913749695,0.43693346381187437,0.6431512713432312,0.39422239661216735,0.4870822072029114,0.2669670045375824,0.4908754,0.8200680255889893,0.30863639116287234,0.40039220452308655,0.9137451767921447,0.5673210263252259,0.5157112598419189,0.67423,0.497855007648468,0.5899183988571167,0.4626469910144806,0.7148844004,0.6319814443588256,0.6179685950279236,0.7308024764060974,0.6863581895828247,0.844944179058075,0.4986496090888977,0.7563939690589905
1460.0,0.8908370137214661,0.829882025718689,0.8938970565795898,0.7165939807891846,0.4160749912261963,0.4370455741882324,0.6423326730728149,0.39445099234580994,0.4860120117664337,0.2675670087337494,0.492014,0.820936918258667,0.3087419867515564,0.4006420075893402,0.9143949747085571,0.5677180290222168,0.5159995555877686,0.67452,0.49809300899505615,0.5900470018386841,0.46285098791122437,0.714598,0.6323787569999695,0.6151379942893982,0.7331205010414124,0.6907258629798889,0.8425809741020203,0.4973730146884918,0.7570111751556396
1461.0,0.8905546069145203,0.8294594168663025,0.8940239310264587,0.7153365850448609,0.41644920110702516,0.4372203409671783,0.6378166675567627,0.3947951912879944,0.4843882083892822,0.26813400983810426,0.4935314,0.821065890789032,0.30892838835716246,0.4010394036769867,0.9144909739494324,0.5681986212730408,0.5162699103355408,0.67465,0.49837520718574524,0.5905384063720703,0.4630983889102936,0.7149284003999999,0.632390820980072,0.6149653911590576,0.734286904335022,0.6924772977828979,0.838883376121521,0.4958988130092621,0.7575610637664795
1462.0,0.8902722001075745,0.829036808013916,0.8941508054733276,0.7140791893005372,0.416823410987854,0.4373951077461243,0.6333006620407104,0.39513939023017886,0.48276440501213075,0.26870101094245913,0.4950488,0.821194863319397,0.30911478996276853,0.4014367997646332,0.9145869731903076,0.5686792135238647,0.516540265083313,0.67478,0.4986574053764343,0.5910298109054566,0.4633457899093628,0.7152588007999999,0.6324028849601746,0.6147927880287171,0.7354533076286316,0.694228732585907,0.8351857781410217,0.49442461133003235,0.7581109523773193
1463.0,0.8899897933006287,0.8286141991615296,0.8942776799201966,0.7128217935562133,0.41719762086868284,0.4375698745250702,0.6287846565246582,0.39548358917236326,0.48114060163497924,0.26926801204681394,0.4965662,0.821323835849762,0.30930119156837466,0.40183419585227964,0.9146829724311829,0.5691598057746887,0.5168106198310852,0.67491,0.4989396035671234,0.5915212154388427,0.463593190908432,0.7155892012,0.632414948940277,0.6146201848983764,0.7366197109222412,0.695980167388916,0.8314881801605225,0.4929504096508026,0.7586608409881592
1464.0,0.8897073864936829,0.828191590309143,0.8944045543670655,0.7115643978118896,0.4175718307495117,0.43774464130401614,0.624268651008606,0.3958277881145477,0.4795167982578278,0.2698350131511688,0.4980836,0.8214528083801269,0.3094875931739807,0.40223159193992614,0.9147789716720581,0.5696403980255127,0.5170809745788574,0.6750400000000001,0.4992218017578125,0.592012619972229,0.4638405919075012,0.7159196016,0.6324270129203796,0.6144475817680359,0.7377861142158508,0.6977316021919251,0.8277905821800232,0.4914762079715729,0.759210729598999
1465.0,0.8894249796867371,0.8277689814567566,0.8945314288139343,0.7103070020675659,0.4179460406303406,0.43791940808296204,0.6197526454925537,0.3961719870567322,0.47789299488067627,0.2704020142555237,0.499601,0.8215817809104919,0.3096739947795868,0.40262898802757263,0.9148749709129333,0.5701209902763367,0.5173513293266296,0.67517,0.4995039999485016,0.5925040245056152,0.46408799290657043,0.716250002,0.6324390769004822,0.6142749786376953,0.7389525175094604,0.6994830369949341,0.8240929841995239,0.49000200629234314,0.7597606182098389
1466.0,0.889688777923584,0.8277007818222046,0.8950420975685119,0.7076662063598633,0.4187768340110779,0.43807066082954405,0.6200753450393677,0.3964443922042847,0.4767245948314667,0.27066901326179504,0.5008992,0.8215463042259217,0.309825998544693,0.4031083881855011,0.915095579624176,0.570253586769104,0.5176419138908386,0.6756580000000001,0.4996325969696045,0.592624020576477,0.46476379632949827,0.717860007,0.632953691482544,0.6079779863357544,0.737790322303772,0.7008340001106262,0.8201949834823609,0.48884360790252684,0.7601615428924561
1467.0,0.8899525761604309,0.8276325821876526,0.8955527663230896,0.7050254106521606,0.4196076273918152,0.4382219135761261,0.6203980445861816,0.3967167973518372,0.4755561947822571,0.2709360122680664,0.5021974,0.8215108275413513,0.3099780023097992,0.40358778834342957,0.9153161883354187,0.5703861832618713,0.5179324984550476,0.676146,0.4997611939907074,0.5927440166473389,0.46543959975242616,0.7194700119999999,0.6334683060646057,0.6016809940338135,0.7366281270980835,0.7021849632263184,0.8162969827651978,0.48768520951271055,0.7605624675750733
1468.0,0.8902163743972779,0.8275643825531006,0.8960634350776673,0.702384614944458,0.4204384207725525,0.4383731663227081,0.6207207441329956,0.3969892024993896,0.4743877947330475,0.27120301127433777,0.5034956,0.821475350856781,0.3101300060749054,0.40406718850135803,0.9155367970466614,0.5705187797546387,0.5182230830192566,0.6766340000000001,0.4998897910118103,0.5928640127182007,0.466115403175354,0.721080017,0.6339829206466675,0.5953840017318726,0.7354659318923951,0.7035359263420105,0.8123989820480346,0.4865268111228943,0.7609633922576904
1469.0,0.8904801726341247,0.8274961829185485,0.8965741038322449,0.6997438192367553,0.4212692141532898,0.4385244190692902,0.6210434436798096,0.3972616076469421,0.4732193946838379,0.27147001028060913,0.5047938,0.8214398741722106,0.3102820098400116,0.4045465886592865,0.9157574057579041,0.570651376247406,0.5185136675834656,0.677122,0.5000183880329132,0.5929840087890625,0.4667912065982819,0.722690022,0.6344975352287292,0.5890870094299316,0.7343037366867066,0.7048868894577026,0.8085009813308716,0.485368412733078,0.7613643169403076
1470.0,0.8907439708709717,0.8274279832839966,0.8970847725868225,0.6971030235290527,0.4221000075340271,0.4386756718158722,0.6213661432266235,0.39753401279449463,0.4720509946346283,0.2717370092868805,0.506092,0.8214043974876404,0.3104340136051178,0.40502598881721497,0.9159780144691467,0.5707839727401733,0.5188042521476746,0.67761,0.5001469850540161,0.5931040048599243,0.4674670100212097,0.724300027,0.635012149810791,0.5827900171279907,0.7331415414810181,0.7062378525733948,0.8046029806137085,0.4842100143432617,0.7617652416229248
1471.0,0.8911513805389404,0.8270281910896301,0.8969131827354431,0.6902324199676514,0.42306400537490846,0.4385659217834473,0.629668653011322,0.3978166103363037,0.47103179693222047,0.27247400879859923,0.5076824,0.8216145396232605,0.3105770111083984,0.40519979000091555,0.9166100144386291,0.5716539740562439,0.5194544672966004,0.677898,0.5000907897949218,0.5946045994758606,0.46835180521011355,0.7266034245999999,0.6353652715682984,0.5617466151714325,0.7314979195594787,0.7068780541419983,0.800340986251831,0.48324841260910034,0.7624013304710389
1472.0,0.8915587902069092,0.8266283988952636,0.8967415928840637,0.68336181640625,0.4240280032157898,0.43845617175102236,0.6379711627960205,0.3980992078781128,0.47001259922981264,0.27321100831031797,0.5092728,0.8218246817588806,0.3107200086116791,0.4053735911846161,0.9172420144081116,0.5725239753723145,0.5201046824455261,0.6781860000000001,0.5000345945358277,0.5961051940917969,0.4692366003990173,0.7289068221999999,0.6357183933258057,0.5407032132148742,0.7298542976379394,0.7075182557106018,0.7960789918899536,0.48228681087493896,0.7630374193191528
1473.0,0.8919661998748779,0.8262286067008973,0.8965700030326843,0.6764912128448486,0.4249920010566711,0.4383464217185974,0.646273672580719,0.39838180541992185,0.46899340152740476,0.27394800782203677,0.5108632,0.8220348238945008,0.3108630061149597,0.40554739236831666,0.917874014377594,0.573393976688385,0.5207548975944519,0.678474,0.4999783992767334,0.5976057887077332,0.47012139558792115,0.7312102198,0.6360715150833129,0.5196598112583161,0.7282106757164002,0.7081584572792053,0.7918169975280762,0.4813252091407776,0.7636735081672669
1474.0,0.8923736095428467,0.8258288145065308,0.896398413181305,0.6696206092834472,0.4259559988975525,0.4382366716861725,0.6545761823654175,0.39866440296173095,0.46797420382499694,0.2746850073337555,0.5124536,0.8222449660301209,0.3110060036182404,0.4057211935520172,0.9185060143470765,0.5742639780044556,0.5214051127433776,0.6787620000000001,0.49992220401763915,0.5991063833236694,0.47100619077682493,0.7335136174,0.6364246368408203,0.4986164093017578,0.7265670537948609,0.7087986588478088,0.7875550031661988,0.4803636074066162,0.7643095970153808
1475.0,0.8927810192108154,0.8254290223121643,0.8962268233299255,0.6627500057220459,0.42691999673843384,0.43812692165374756,0.662878692150116,0.39894700050354004,0.4669550061225891,0.27542200684547424,0.514044,0.822455108165741,0.311149001121521,0.4058949947357178,0.9191380143165588,0.5751339793205261,0.5220553278923035,0.67905,0.4998660087585449,0.6006069779396057,0.47189098596572876,0.735817015,0.6367777585983276,0.4775730073451996,0.7249234318733215,0.7094388604164124,0.7832930088043213,0.47940200567245483,0.7649456858634949
1476.0,0.8926212191581726,0.8251882195472717,0.8962756037712097,0.6590264081954956,0.4277509987354279,0.4377914607524872,0.670334255695343,0.39935539960861205,0.4654472053050995,0.27588040828704835,0.5153717999999999,0.8227692365646362,0.31139740347862244,0.4063211977481842,0.919728410243988,0.5755629777908325,0.5223934531211853,0.679612,0.5004468083381652,0.6012709856033325,0.47280299067497256,0.7385068175999999,0.6373148202896118,0.4721876084804535,0.7260340690612793,0.709757661819458,0.7811464071273804,0.47888860702514646,0.7657145142555237
1477.0,0.8924614191055298,0.8249474167823792,0.8963243842124939,0.6553028106689454,0.42858200073242186,0.4374559998512268,0.67778981924057,0.39976379871368406,0.46393940448760984,0.27633880972862246,0.5166995999999999,0.8230833649635315,0.3116458058357239,0.40674740076065063,0.9203188061714173,0.575991976261139,0.5227315783500671,0.6801740000000001,0.5010276079177857,0.6019349932670593,0.4737149953842163,0.7411966202,0.637851881980896,0.4668022096157074,0.7271447062492371,0.7100764632225036,0.7789998054504395,0.47837520837783815,0.7664833426475525
1478.0,0.892301619052887,0.8247066140174866,0.896373164653778,0.651579213142395,0.4294130027294159,0.43712053894996644,0.6852453827857972,0.4001721978187561,0.46243160367012026,0.2767972111701965,0.5180274,0.8233974933624267,0.3118942081928253,0.40717360377311707,0.9209092020988464,0.5764209747314453,0.523069703578949,0.680736,0.501608407497406,0.6025990009307861,0.4746270000934601,0.7438864228,0.6383889436721801,0.4614168107509613,0.7282553434371948,0.7103952646255494,0.7768532037734985,0.4778618097305298,0.7672521710395813
1479.0,0.8921418190002441,0.824465811252594,0.8964219450950622,0.6478556156158447,0.4302440047264099,0.43678507804870603,0.6927009463310242,0.40058059692382814,0.4609238028526306,0.2772556126117706,0.5193552,0.8237116217613221,0.31214261054992676,0.4075998067855835,0.9214995980262757,0.5768499732017517,0.5234078288078308,0.6812980000000001,0.5021892070770264,0.603263008594513,0.47553900480270384,0.7465762254,0.6389260053634643,0.4560314118862152,0.7293659806251526,0.710714066028595,0.7747066020965576,0.47734841108322146,0.7680209994316101
1480.0,0.8919820189476013,0.8242250084877014,0.8964707255363464,0.6441320180892944,0.43107500672340393,0.4364496171474457,0.7001565098762512,0.40098899602890015,0.459416002035141,0.2777140140533447,0.520683,0.8240257501602173,0.3123910129070282,0.4080260097980499,0.9220899939537048,0.5772789716720581,0.5237459540367126,0.68186,0.5027700066566467,0.6039270162582397,0.47645100951194763,0.749266028,0.6394630670547485,0.4506460130214691,0.7304766178131104,0.7110328674316406,0.7725600004196167,0.4768350124359131,0.7687898278236389
1481.0,0.8918152093887329,0.8240560054779053,0.8971106290817261,0.6474938154220581,0.4319585144519806,0.4363674521446228,0.7056010127067566,0.4011791944503784,0.4581910014152527,0.2782002091407776,0.5220336,0.8242449760437012,0.31257941126823424,0.40834360718727114,0.9221022009849549,0.577484381198883,0.5240297198295594,0.6823440000000001,0.5031398057937622,0.6044622182846069,0.47712960839271545,0.7514346237999999,0.6401441931724549,0.4804330110549927,0.7341992259025574,0.7103340268135071,0.7763326048851014,0.4764056086540222,0.7696847677230835
1482.0,0.8916483998298645,0.8238870024681091,0.8977505326271057,0.6508556127548217,0.43284202218055723,0.4362852871417999,0.7110455155372619,0.4013693928718567,0.45696600079536437,0.27868640422821045,0.5233842,0.8244642019271851,0.3127678096294403,0.4086612045764923,0.9221144080162048,0.577689790725708,0.524313485622406,0.682828,0.5035096049308777,0.6049974203109741,0.4778082072734833,0.7536032196,0.6408253192901612,0.5102200090885163,0.7379218339920044,0.7096351861953736,0.7801052093505859,0.4759762048721313,0.770579707622528
1483.0,0.891481590270996,0.823717999458313,0.8983904361724854,0.6542174100875855,0.43372552990913393,0.43620312213897705,0.7164900183677674,0.40155959129333496,0.4557410001754761,0.2791725993156433,0.5247348000000001,0.824683427810669,0.3129562079906464,0.4089788019657135,0.9221266150474549,0.5778952002525329,0.5245972514152527,0.683312,0.5038794040679931,0.6055326223373413,0.4784868061542511,0.7557718153999999,0.6415064454078674,0.5400070071220398,0.7416444420814514,0.70893634557724,0.7838778138160706,0.4755468010902405,0.7714746475219727
1484.0,0.8913147807121277,0.8235489964485169,0.899030339717865,0.6575792074203491,0.4346090376377106,0.4361209571361542,0.7219345211982727,0.40174978971481323,0.45451599955558775,0.27965879440307617,0.5260854,0.8249026536941528,0.31314460635185243,0.40929639935493467,0.9221388220787048,0.578100609779358,0.5248810172080993,0.683796,0.5042492032051087,0.6060678243637085,0.4791654050350189,0.7579404112,0.6421875715255737,0.5697940051555633,0.7453670501708984,0.7082375049591064,0.7876504182815551,0.4751173973083496,0.7723695874214173
1485.0,0.8911479711532593,0.8233799934387207,0.8996702432632446,0.6609410047531128,0.43549254536628723,0.4360387921333313,0.7273790240287781,0.4019399881362915,0.45329099893569946,0.28014498949050903,0.527436,0.8251218795776367,0.31333300471305847,0.4096139967441559,0.9221510291099548,0.5783060193061829,0.525164783000946,0.68428,0.5046190023422241,0.6066030263900757,0.47984400391578674,0.760109007,0.64286869764328,0.5995810031890869,0.7490896582603455,0.7075386643409729,0.7914230227470398,0.47468799352645874,0.7732645273208618
1486.0,0.8910785794258118,0.8230507969856262,0.8999236345291137,0.6685280084609986,0.43628203868865967,0.43623671531677244,0.7318046689033508,0.40226919054985044,0.4520385980606079,0.2806895911693573,0.5289614,0.8260063648223877,0.3135834038257599,0.40969979763031006,0.9224272251129151,0.5785840153694153,0.525505530834198,0.684724,0.5046638011932373,0.6070968270301819,0.48048800230026245,0.761621606,0.6431923985481263,0.6124500036239624,0.7511895656585693,0.7052153587341309,0.7989622235298157,0.47413639426231385,0.7741883277893067
1487.0,0.8910091876983642,0.8227216005325317,0.9001770257949829,0.6761150121688843,0.4370715320110321,0.43643463850021363,0.7362303137779236,0.40259839296340943,0.4507861971855164,0.28123419284820556,0.5304868,0.8268908500671387,0.3138338029384613,0.40978559851646423,0.9227034211158752,0.5788620114326477,0.5258462786674499,0.685168,0.5047086000442504,0.607590627670288,0.48113200068473816,0.763134205,0.6435160994529724,0.6253190040588379,0.7532894730567932,0.7028920531272889,0.8065014243125915,0.47358479499816897,0.7751121282577514
1488.0,0.8909397959709168,0.8223924040794373,0.900430417060852,0.68370201587677,0.43786102533340454,0.4366325616836548,0.7406559586524963,0.4029275953769684,0.4495337963104248,0.28177879452705384,0.5320121999999999,0.8277753353118896,0.3140842020511627,0.4098713994026184,0.9229796171188355,0.5791400074958801,0.5261870265007019,0.685612,0.5047533988952637,0.6080844283103943,0.48177599906921387,0.764646804,0.6438398003578186,0.6381880044937134,0.7553893804550171,0.7005687475204467,0.8140406250953675,0.473033195734024,0.7760359287261963
1489.0,0.8908704042434692,0.8220632076263428,0.9006838083267212,0.6912890195846557,0.438650518655777,0.43683048486709597,0.7450816035270691,0.40325679779052737,0.44828139543533324,0.2823233962059021,0.5335376,0.8286598205566407,0.31433460116386414,0.4099572002887726,0.9232558131217956,0.5794180035591125,0.5265277743339538,0.686056,0.5047981977462769,0.6085782289505005,0.4824199974536896,0.766159403,0.6441635012626648,0.6510570049285889,0.757489287853241,0.6982454419136047,0.8215798258781433,0.47248159646987914,0.7769597291946411
1490.0,0.8908010125160217,0.8217340111732483,0.9009371995925903,0.6988760232925415,0.4394400119781494,0.4370284080505371,0.7495072484016418,0.4035860002040863,0.4470289945602417,0.28286799788475037,0.535063,0.8295443058013916,0.31458500027656555,0.41004300117492676,0.9235320091247559,0.579695999622345,0.5268685221672058,0.6865,0.50484299659729,0.6090720295906067,0.4830639958381653,0.767672002,0.644487202167511,0.6639260053634644,0.7595891952514648,0.6959221363067627,0.8291190266609192,0.47192999720573425,0.7778835296630859
1491.0,0.8913204073905945,0.8215806126594544,0.9011677742004395,0.7023360133171082,0.4401672124862671,0.43644337058067323,0.7531948685646057,0.40374220013618467,0.4458141982555389,0.283543199300766,0.5363861999999999,0.8291549682617188,0.31476460099220277,0.4104781985282898,0.923715603351593,0.5803797960281372,0.5270582914352417,0.686826,0.5051797986030578,0.6096424221992492,0.48353359699249265,0.7692687986,0.6445731520652771,0.6675188064575195,0.7612582921981812,0.6963091731071472,0.8319570183753967,0.4712681949138641,0.7788877129554749
1492.0,0.8918398022651672,0.8214272141456604,0.9013983488082886,0.7057960033416748,0.44089441299438475,0.43585833311080935,0.7568824887275696,0.4038984000682831,0.4445994019508362,0.2842184007167816,0.5377094,0.8287656307220459,0.31494420170784,0.4109133958816528,0.9238991975784302,0.5810635924339295,0.5272480607032776,0.687152,0.5055166006088256,0.6102128148078918,0.4840031981468201,0.7708655952,0.6446591019630432,0.6711116075515747,0.7629273891448974,0.6966962099075318,0.8347950100898742,0.470606392621994,0.7798918962478638
1493.0,0.89235919713974,0.8212738156318664,0.9016289234161377,0.7092559933662415,0.44162161350250245,0.4352732956409454,0.7605701088905334,0.40405460000038146,0.4433846056461334,0.28489360213279724,0.5390326,0.828376293182373,0.31512380242347715,0.4113485932350159,0.9240827918052673,0.5817473888397217,0.5274378299713135,0.687478,0.5058534026145936,0.6107832074165345,0.48447279930114745,0.7724623918,0.6447450518608093,0.6747044086456299,0.7645964860916138,0.6970832467079162,0.8376330018043519,0.4699445903301239,0.7808960795402526
1494.0,0.8928785920143127,0.8211204171180725,0.9018594980239868,0.7127159833908081,0.4423488140106201,0.43468825817108153,0.7642577290534973,0.4042107999324799,0.4421698093414307,0.28556880354881287,0.5403558,0.8279869556427002,0.31530340313911437,0.4117837905883789,0.9242663860321045,0.582431185245514,0.5276275992393493,0.687804,0.5061902046203614,0.611353600025177,0.4849424004554749,0.7740591884,0.6448310017585754,0.6782972097396851,0.76626558303833,0.6974702835083008,0.8404709935188294,0.4692827880382538,0.7819002628326416
1495.0,0.8933979868888855,0.8209670186042786,0.9020900726318359,0.7161759734153748,0.4430760145187378,0.43410322070121765,0.7679453492164612,0.40436699986457825,0.4409550130367279,0.2862440049648285,0.541679,0.8275976181030273,0.3154830038547516,0.41221898794174194,0.9244499802589417,0.5831149816513062,0.5278173685073853,0.68813,0.5065270066261292,0.6119239926338196,0.48541200160980225,0.775655985,0.6449169516563416,0.6818900108337402,0.7679346799850464,0.6978573203086853,0.8433089852333069,0.46862098574638367,0.7829044461250305
1496.0,0.8931837916374207,0.8208816170692443,0.9013803720474243,0.7175319790840149,0.4437808096408844,0.43371098637580874,0.7706852316856384,0.4049214005470276,0.4396346092224121,0.28681260347366333,0.542886,0.8274915218353271,0.3155398011207581,0.41238778829574585,0.9236917853355407,0.5832261800765991,0.5277596592903138,0.688696,0.5067010045051574,0.6121063947677612,0.4858954012393951,0.777120185,0.6452261090278626,0.6840866088867188,0.7698608636856079,0.7008829712867737,0.843943989276886,0.46798338890075686,0.7837901592254639
1497.0,0.8929695963859559,0.8207962155342102,0.9006706714630127,0.718887984752655,0.444485604763031,0.43331875205039977,0.7734251141548156,0.4054758012294769,0.4383142054080963,0.28738120198249817,0.544093,0.827385425567627,0.3155965983867645,0.41255658864974976,0.9229335904121398,0.583337378501892,0.5277019500732422,0.689262,0.5068750023841858,0.6122887969017029,0.48637880086898805,0.778584385,0.6455352663993835,0.6862832069396972,0.7717870473861694,0.7039086222648621,0.844578993320465,0.46734579205513,0.7846758723258972
1498.0,0.8927554011344909,0.820710813999176,0.899960970878601,0.7202439904212952,0.4451903998851776,0.43292651772499086,0.776164996623993,0.4060302019119263,0.43699380159378054,0.287949800491333,0.5453,0.8272793292999268,0.315653395652771,0.41272538900375366,0.9221753954887391,0.5834485769271851,0.5276442408561707,0.689828,0.5070490002632141,0.6124711990356445,0.4868622004985809,0.780048585,0.6458444237709046,0.6884798049926758,0.773713231086731,0.7069342732429504,0.8452139973640442,0.4667081952095032,0.7855615854263306
1499.0,0.8925412058830261,0.8206254124641419,0.8992512702941895,0.7215999960899353,0.4458951950073242,0.4325342833995819,0.7789048790931702,0.4065846025943756,0.43567339777946473,0.28851839900016785,0.5465070000000001,0.8271732330322266,0.31571019291877744,0.41289418935775757,0.9214172005653382,0.583559775352478,0.5275865316390991,0.6903940000000001,0.5072229981422425,0.6126536011695862,0.48734560012817385,0.781512785,0.6461535811424255,0.6906764030456543,0.7756394147872925,0.7099599242210388,0.8458490014076233,0.4660705983638763,0.7864472985267639
1500.0,0.8923270106315613,0.8205400109291077,0.8985415697097778,0.7229560017585754,0.4465999901294708,0.432142049074173,0.7816447615623474,0.40713900327682495,0.4343529939651489,0.2890869975090027,0.547714,0.8270671367645264,0.31576699018478394,0.4130629897117615,0.9206590056419373,0.583670973777771,0.5275288224220276,0.69096,0.5073969960212708,0.6128360033035278,0.4878289997577667,0.782976985,0.6464627385139465,0.6928730010986328,0.777565598487854,0.7129855751991272,0.8464840054512024,0.4654330015182495,0.7873330116271973
1501.0,0.892516803741455,0.8201864123344421,0.8993843555450439,0.7235697984695435,0.44722049236297606,0.4314713001251221,0.7836727142333985,0.4073580026626587,0.4330343961715698,0.2897875964641571,0.5490372,0.8267764329910279,0.3159749925136566,0.41302759051322935,0.9217166066169739,0.5842973828315735,0.5274868845939636,0.6913860000000001,0.5075770020484924,0.613169002532959,0.4883101999759674,0.7839427828,0.646613872051239,0.6965363979339599,0.7796590566635132,0.7169764995574951,0.8468358039855957,0.4646508038043976,0.7882179141044616
1502.0,0.8927065968513489,0.8198328137397766,0.90022714138031,0.7241835951805115,0.4478409945964813,0.4308005511760712,0.7857006669044495,0.40757700204849245,0.43171579837799073,0.29048819541931153,0.5503604,0.8264857292175293,0.3161829948425293,0.4129921913146973,0.9227742075920105,0.584923791885376,0.5274449467658997,0.691812,0.5077570080757141,0.6135020017623901,0.4887914001941681,0.7849085806,0.6467650055885314,0.7001997947692871,0.7817525148391724,0.720967423915863,0.847187602519989,0.46386860609054564,0.7891028165817261
1503.0,0.8928963899612427,0.8194792151451111,0.9010699272155762,0.7247973918914795,0.4484614968299866,0.43012980222702024,0.7877286195755004,0.40779600143432615,0.4303972005844116,0.29118879437446593,0.5516836,0.8261950254440308,0.31639099717140196,0.41295679211616515,0.9238318085670472,0.5855502009391784,0.5274030089378356,0.692238,0.5079370141029358,0.6138350009918213,0.48927260041236875,0.7858743784,0.646916139125824,0.7038631916046143,0.7838459730148315,0.724958348274231,0.8475394010543823,0.46308640837669374,0.7899877190589905
1504.0,0.8930861830711365,0.8191256165504456,0.9019127130508423,0.7254111886024475,0.44908199906349183,0.42945905327796935,0.7897565722465515,0.4080150008201599,0.42907860279083254,0.2918893933296204,0.5530068,0.8259043216705322,0.31659899950027465,0.4129213929176331,0.9248894095420838,0.5861766099929809,0.5273610711097717,0.692664,0.5081170201301575,0.6141680002212524,0.48975380063056945,0.7868401762,0.6470672726631165,0.7075265884399414,0.7859394311904907,0.7289492726325989,0.8478911995887757,0.4623042106628418,0.7908726215362549
1505.0,0.8932759761810303,0.81877201795578,0.9027554988861084,0.7260249853134155,0.44970250129699707,0.42878830432891846,0.7917845249176025,0.40823400020599365,0.4277600049972534,0.2925899922847748,0.55433,0.8256136178970337,0.31680700182914734,0.41288599371910095,0.9259470105171204,0.5868030190467834,0.5273191332817078,0.69309,0.5082970261573792,0.6145009994506836,0.49023500084877014,0.787805974,0.6472184062004089,0.7111899852752686,0.7880328893661499,0.7329401969909668,0.848242998123169,0.46152201294898987,0.7917575240135193
1506.0,0.8932825803756714,0.8187022089958191,0.9025116324424743,0.7262673854827881,0.450271999835968,0.42816197872161865,0.7936271786689758,0.40846319794654845,0.4264278054237366,0.29299779534339904,0.5553858,0.8255061507225037,0.31698459982872007,0.41309319734573363,0.9262498140335083,0.5870678186416626,0.5277946472167969,0.693538,0.5084478259086609,0.6154126048088073,0.4906599998474121,0.78905158,0.6473343253135682,0.7163169860839844,0.789412522315979,0.7351511120796204,0.8485898017883301,0.4605004131793976,0.7925059556961059
1507.0,0.8932891845703125,0.8186324000358581,0.9022677659988403,0.7265097856521606,0.450841498374939,0.42753565311431885,0.7954698324203491,0.40869239568710325,0.4250956058502197,0.2934055984020233,0.5564416,0.8253986835479736,0.31716219782829286,0.4133004009723663,0.9265526175498963,0.5873326182365417,0.528270161151886,0.693986,0.5085986256599426,0.6163242101669312,0.49108499884605405,0.790297186,0.6474502444267273,0.7214439868927002,0.7907921552658081,0.7373620271682739,0.8489366054534913,0.4594788134098053,0.7932543873786926
1508.0,0.8932957887649536,0.8185625910758972,0.9020238995552063,0.7267521858215332,0.4514109969139099,0.42690932750701904,0.7973124861717225,0.4089215934276581,0.4237634062767029,0.2938134014606476,0.5574974,0.8252912163734436,0.3173397958278656,0.41350760459899905,0.9268554210662842,0.5875974178314209,0.5287456750869751,0.694434,0.5087494254112244,0.6172358155250549,0.49150999784469607,0.791542792,0.6475661635398865,0.726570987701416,0.7921717882156372,0.7395729422569275,0.8492834091186523,0.458457213640213,0.7940028190612793
1509.0,0.8933023929595947,0.8184927821159362,0.9017800331115723,0.7269945859909057,0.4519804954528809,0.42628300189971924,0.7991551399230957,0.4091507911682129,0.422431206703186,0.29422120451927186,0.5585532,0.8251837491989136,0.3175173938274384,0.4137148082256317,0.9271582245826722,0.5878622174263001,0.5292211890220642,0.694882,0.5089002251625061,0.6181474208831788,0.491934996843338,0.792788398,0.6476820826530456,0.7316979885101318,0.7935514211654663,0.741783857345581,0.8496302127838135,0.4574356138706207,0.794751250743866
1510.0,0.8933089971542358,0.8184229731559753,0.9015361666679382,0.7272369861602783,0.4525499939918518,0.42565667629241943,0.800997793674469,0.4093799889087677,0.4210990071296692,0.2946290075778961,0.559609,0.8250762820243835,0.3176949918270111,0.4139220118522644,0.9274610280990601,0.5881270170211792,0.5296967029571533,0.69533,0.5090510249137878,0.6190590262413025,0.49235999584198,0.794034004,0.6477980017662048,0.7368249893188477,0.7949310541152954,0.7439947724342346,0.8499770164489746,0.45641401410102844,0.7954996824264526
1511.0,0.8931687951087952,0.8182719826698304,0.9017542719841003,0.7277279853820801,0.453084397315979,0.42523242235183717,0.8023642659187317,0.4096671938896179,0.42001760601997373,0.2953360080718994,0.5610616,0.8257545471191406,0.31787259578704835,0.4142874121665955,0.9277680277824402,0.5886012077331543,0.5296768069267273,0.69615,0.5094224214553833,0.618745219707489,0.49269999861717223,0.7950792072,0.6479387283325195,0.7394489884376526,0.7960299253463745,0.7453802943229675,0.8500054121017456,0.455539208650589,0.7962019562721252
1512.0,0.8930285930633545,0.8181209921836853,0.9019723773002625,0.7282189846038818,0.4536188006401062,0.4248081684112549,0.8037307381629943,0.40995439887046814,0.41893620491027833,0.2960430085659027,0.5625142000000001,0.8264328122138977,0.3180501997470856,0.4146528124809265,0.9280750274658203,0.5890753984451294,0.5296569108963013,0.69697,0.5097938179969788,0.6184314131736756,0.4930400013923645,0.7961244104,0.6480794548988342,0.7420729875564576,0.7971287965774536,0.7467658162117005,0.8500338077545166,0.45466440320014956,0.7969042301177979
1513.0,0.8928883910179138,0.8179700016975403,0.9021904826164245,0.7287099838256836,0.4541532039642334,0.4243839144706726,0.8050972104072571,0.41024160385131836,0.4178548038005829,0.296750009059906,0.5639668,0.8271110773086547,0.3182278037071228,0.4150182127952576,0.9283820271492005,0.5895495891571045,0.5296370148658752,0.69779,0.5101652145385742,0.618117606639862,0.4933800041675568,0.7971696135999999,0.6482201814651489,0.7446969866752624,0.7982276678085327,0.7481513381004333,0.8500622034072876,0.45378959774971006,0.7976065039634704
1514.0,0.8927481889724731,0.8178190112113952,0.9024085879325867,0.7292009830474854,0.4546876072883606,0.4239596605300903,0.8064636826515198,0.4105288088321686,0.4167734026908875,0.2974570095539093,0.5654194,0.8277893424034118,0.31840540766716,0.4153836131095886,0.9286890268325806,0.5900237798690796,0.5296171188354493,0.69861,0.5105366110801697,0.6178038001060486,0.49372000694274903,0.7982148168,0.6483609080314636,0.7473209857940674,0.7993265390396118,0.7495368599891663,0.8500905990600586,0.4529147922992706,0.7983087778091431
1515.0,0.8926079869270325,0.8176680207252502,0.9026266932487488,0.7296919822692871,0.4552220106124878,0.42353540658950806,0.8078301548957825,0.4108160138130188,0.415692001581192,0.2981640100479126,0.566872,0.828467607498169,0.31858301162719727,0.4157490134239197,0.9289960265159607,0.5904979705810547,0.5295972228050232,0.69943,0.5109080076217651,0.6174899935722351,0.4940600097179413,0.79926002,0.6485016345977783,0.7499449849128723,0.8004254102706909,0.7509223818778992,0.8501189947128296,0.4520399868488312,0.7990110516548157
1516.0,0.8926985859870911,0.8177056193351746,0.9021161913871765,0.7301071882247925,0.4557236015796661,0.42289865016937256,0.8098875164985657,0.4111120104789734,0.41424680352210996,0.2988976061344147,0.5681048000000001,0.8284903287887573,0.31863961219787595,0.4159272134304047,0.929007625579834,0.5908531785011292,0.5295697927474976,0.699778,0.5109240055084229,0.6178749918937683,0.4943808078765869,0.7999736188,0.6487974524497986,0.7517029881477356,0.8009025096893311,0.750744640827179,0.8493744015693665,0.45096238851547243,0.7995990991592408
1517.0,0.8927891850471497,0.8177432179450989,0.9016056895256043,0.7305223941802979,0.45622519254684446,0.42226189374923706,0.8119448781013489,0.411408007144928,0.41280160546302797,0.29963120222091677,0.5693376,0.8285130500793457,0.3186962127685547,0.41610541343688967,0.9290192246437072,0.5912083864212037,0.5295423626899719,0.700126,0.5109400033950806,0.6182599902153015,0.49470160603523256,0.8006872176,0.6490932703018188,0.7534609913825989,0.8013796091079712,0.7505668997764587,0.8486298084259033,0.44988479018211364,0.8001871466636657
1518.0,0.8928797841072083,0.8177808165550232,0.901095187664032,0.7309376001358032,0.45672678351402285,0.42162513732910156,0.8140022397041321,0.41170400381088257,0.4113564074039459,0.3003647983074188,0.5705704,0.8285357713699341,0.3187528133392334,0.4162836134433746,0.9290308237075806,0.591563594341278,0.5295149326324463,0.7004739999999999,0.5109560012817382,0.6186449885368347,0.49502240419387816,0.8014008164,0.6493890881538391,0.7552189946174621,0.8018567085266113,0.7503891587257385,0.8478852152824402,0.4488071918487549,0.8007751941680908
1519.0,0.8929703831672668,0.8178184151649475,0.9005846858024598,0.7313528060913086,0.4572283744812012,0.42098838090896606,0.8160596013069152,0.41200000047683716,0.4099112093448639,0.3010983943939209,0.5718032,0.8285584926605225,0.31880941390991213,0.4164618134498596,0.9290424227714539,0.5919188022613525,0.5294875025749206,0.700822,0.510971999168396,0.619029986858368,0.4953432023525238,0.8021144152,0.6496849060058594,0.7569769978523254,0.8023338079452514,0.7502114176750183,0.847140622138977,0.4477295935153961,0.8013632416725158
1520.0,0.8930609822273254,0.8178560137748718,0.9000741839408875,0.731768012046814,0.4577299654483795,0.42035162448883057,0.8181169629096985,0.41229599714279175,0.40846601128578186,0.301831990480423,0.573036,0.8285812139511108,0.3188660144805908,0.4166400134563446,0.9290540218353271,0.592274010181427,0.529460072517395,0.70117,0.5109879970550537,0.6194149851799011,0.49566400051116943,0.802828014,0.6499807238578796,0.7587350010871887,0.8028109073638916,0.7500336766242981,0.8463960289955139,0.44665199518203735,0.8019512891769409
1521.0,0.893180787563324,0.8177916169166565,0.900597071647644,0.7319490075111389,0.45815756916999817,0.41966613531112673,0.8196556568145752,0.4125873982906342,0.40723260641098025,0.3023399949073792,0.5740544,0.8290503621101379,0.3191982090473175,0.41677101254463195,0.9288824200630188,0.5923914074897766,0.5297627091407776,0.702024,0.5111724019050599,0.6199521899223328,0.4960776031017303,0.803886211,0.6498346328735352,0.7600383996963501,0.8031132817268372,0.749721348285675,0.8461626291275024,0.4454323947429657,0.8024853706359864
1522.0,0.8933005928993225,0.8177272200584411,0.9011199593544006,0.7321300029754638,0.4585851728916168,0.41898064613342284,0.8211943507194519,0.41287879943847655,0.4059992015361786,0.3028479993343353,0.5750727999999999,0.829519510269165,0.31953040361404417,0.4169020116329193,0.9287108182907104,0.5925088047981262,0.5300653457641602,0.702878,0.5113568067550659,0.6204893946647644,0.49649120569229127,0.804944408,0.6496885418891907,0.7613417983055115,0.8034156560897827,0.749409019947052,0.845929229259491,0.44421279430389404,0.8030194520950318
1523.0,0.893420398235321,0.8176628232002259,0.9016428470611573,0.7323109984397889,0.4590127766132355,0.418295156955719,0.8227330446243286,0.413170200586319,0.40476579666137696,0.3033560037612915,0.5760912,0.8299886584281921,0.3198625981807709,0.4170330107212067,0.9285392165184021,0.5926262021064759,0.5303679823875427,0.7037319999999999,0.511541211605072,0.6210265994071961,0.49690480828285216,0.806002605,0.6495424509048462,0.7626451969146728,0.8037180304527283,0.749096691608429,0.8456958293914795,0.4429931938648224,0.8035535335540771
1524.0,0.8935402035713196,0.8175984263420105,0.9021657347679138,0.7324919939041138,0.4594403803348541,0.4176096677780151,0.8242717385292053,0.41346160173416135,0.4035323917865753,0.30386400818824766,0.5771096,0.8304578065872192,0.32019479274749757,0.41716400980949403,0.9283676147460938,0.5927435994148255,0.5306706190109253,0.7045859999999999,0.5117256164550781,0.6215638041496276,0.4973184108734131,0.807060802,0.6493963599205017,0.7639485955238342,0.8040204048156738,0.7487843632698059,0.8454624295234681,0.44177359342575073,0.8040876150131225
1525.0,0.8936600089073181,0.8175340294837952,0.9026886224746704,0.7326729893684387,0.4598679840564728,0.4169241786003113,0.825810432434082,0.4137530028820038,0.4022989869117737,0.30437201261520386,0.578128,0.8309269547462463,0.32052698731422424,0.41729500889778137,0.9281960129737854,0.592860996723175,0.5309732556343079,0.70544,0.5119100213050842,0.6221010088920593,0.497732013463974,0.808118999,0.6492502689361572,0.7652519941329956,0.8043227791786194,0.7484720349311829,0.8452290296554565,0.4405539929866791,0.804621696472168
1526.0,0.8934868097305297,0.8175490260124206,0.9025707483291626,0.7327479958534241,0.46027238965034484,0.4162705779075623,0.827088189125061,0.41388660073280337,0.4012067914009094,0.30486140847206117,0.5796026,0.8306286931037903,0.32059139013290405,0.4174678087234497,0.9285662055015564,0.5928606033325196,0.5306130051612854,0.705816,0.511964213848114,0.622116208076477,0.49783260822296144,0.8089589953999999,0.6488008975982666,0.7655113935470581,0.8040465474128723,0.7476628422737122,0.8450140237808228,0.4393815934658051,0.8050643682479859
1527.0,0.8933136105537415,0.8175640225410461,0.9024528741836548,0.7328230023384095,0.4606767952442169,0.4156169772148132,0.8283659458160401,0.4140201985836029,0.40011459589004517,0.3053508043289185,0.5810772,0.8303304314613342,0.32065579295158386,0.41764060854911805,0.9289363980293274,0.5928602099418641,0.5302527546882629,0.7061919999999999,0.5120184063911438,0.6221314072608948,0.4979332029819489,0.8097989917999999,0.648351526260376,0.7657707929611206,0.8037703156471252,0.7468536496162415,0.8447990179061889,0.438209193944931,0.8055070400238037
1528.0,0.8931404113769531,0.8175790190696717,0.9023350000381469,0.7328980088233947,0.461081200838089,0.4149633765220642,0.829643702507019,0.4141537964344025,0.3990224003791809,0.30584020018577573,0.5825518000000001,0.8300321698188782,0.32072019577026367,0.41781340837478637,0.9293065905570984,0.5928598165512085,0.5298925042152405,0.706568,0.5120725989341736,0.6221466064453125,0.49803379774093626,0.8106389882,0.6479021549224854,0.7660301923751831,0.8034940838813782,0.7460444569587708,0.8445840120315552,0.437036794424057,0.8059497117996216
1529.0,0.8929672122001648,0.8175940155982971,0.9022171258926391,0.7329730153083801,0.46148560643196107,0.41430977582931516,0.8309214591979981,0.414287394285202,0.39793020486831665,0.30632959604263305,0.5840264000000001,0.8297339081764221,0.3207845985889435,0.41798620820045473,0.9296767830848693,0.592859423160553,0.529532253742218,0.7069439999999999,0.5121267914772034,0.6221618056297302,0.4981343924999237,0.8114789846,0.6474527835845947,0.7662895917892456,0.8032178521156311,0.7452352643013,0.8443690061569213,0.43586439490318296,0.8063923835754394
1530.0,0.8927940130233765,0.8176090121269226,0.9020992517471313,0.7330480217933655,0.46189001202583313,0.41365617513656616,0.832199215888977,0.4144209921360016,0.3968380093574524,0.30681899189949036,0.585501,0.8294356465339661,0.3208490014076233,0.41815900802612305,0.9300469756126404,0.5928590297698975,0.5291720032691956,0.70732,0.5121809840202332,0.622177004814148,0.49823498725891113,0.812318981,0.6470034122467041,0.7665489912033081,0.802941620349884,0.7444260716438293,0.8441540002822876,0.43469199538230896,0.8068350553512573
1531.0,0.8928770065307617,0.8174978137016297,0.9029377818107605,0.7334418177604676,0.4622480094432831,0.41256299018859866,0.8334291100502014,0.41454739570617677,0.39543581008911133,0.30758299231529235,0.5866228,0.8293088436126709,0.321001398563385,0.41838920712471006,0.9302697777748108,0.5935728192329407,0.5292133688926697,0.7079719999999999,0.5123247861862182,0.6223016023635864,0.49852558970451355,0.8129739884,0.6465347528457641,0.7671043872833252,0.8027918100357055,0.7433273077011109,0.8438704013824463,0.4334179937839508,0.8072321534156799
1532.0,0.892960000038147,0.8173866152763367,0.9037763118743897,0.7338356137275696,0.46260600686073305,0.4114698052406311,0.8346590042114258,0.41467379927635195,0.39403361082077026,0.30834699273109434,0.5877446000000001,0.8291820406913757,0.3211537957191467,0.41861940622329713,0.9304925799369812,0.5942866086959839,0.5292547345161438,0.7086239999999999,0.5124685883522033,0.622426199913025,0.49881619215011597,0.8136289958,0.6460660934448242,0.7676597833633423,0.802641999721527,0.7422285437583923,0.843586802482605,0.43214399218559263,0.8076292514801026
1533.0,0.8930429935455322,0.8172754168510437,0.9046148419380188,0.7342294096946717,0.46296400427818296,0.4103766202926636,0.8358888983726501,0.4148002028465271,0.3926314115524292,0.3091109931468964,0.5888664,0.8290552377700806,0.32130619287490847,0.41884960532188414,0.9307153820991516,0.595000398159027,0.5292961001396179,0.709276,0.5126123905181885,0.6225507974624633,0.4991067945957184,0.8142840031999999,0.6455974340438843,0.7682151794433594,0.8024921894073487,0.7411297798156739,0.8433032035827637,0.4308699905872345,0.8080263495445251
1534.0,0.8931259870529175,0.8171642184257507,0.905453372001648,0.7346232056617736,0.4633220016956329,0.409283435344696,0.8371187925338746,0.41492660641670226,0.39122921228408813,0.3098749935626984,0.5899882000000001,0.8289284348487854,0.3214585900306702,0.4190798044204712,0.930938184261322,0.5957141876220703,0.529337465763092,0.709928,0.5127561926841736,0.6226753950119018,0.4993973970413208,0.8149390106,0.6451287746429444,0.7687705755233765,0.8023423790931702,0.7400310158729553,0.8430196046829224,0.42959598898887635,0.8084234476089478
1535.0,0.8932089805603027,0.8170530200004578,0.9062919020652771,0.7350170016288757,0.4636799991130829,0.4081902503967285,0.8383486866950989,0.41505300998687744,0.38982701301574707,0.31063899397850037,0.59111,0.8288016319274902,0.3216109871864319,0.4193100035190582,0.9311609864234924,0.5964279770851135,0.5293788313865662,0.71058,0.5128999948501587,0.6227999925613403,0.4996879994869232,0.815594018,0.6446601152420044,0.7693259716033936,0.8021925687789917,0.7389322519302368,0.842736005783081,0.4283219873905182,0.8088205456733704
1536.0,0.8935123801231384,0.8171248197555542,0.9063345193862915,0.7346696019172668,0.46400399804115294,0.4070915222167969,0.8387671113014221,0.41537581086158754,0.38856821060180663,0.31125399470329285,0.5923654,0.8295806050300598,0.3216575920581818,0.4194552004337311,0.9310527920722962,0.5970945835113526,0.5293841004371643,0.71095,0.5129884004592895,0.623294997215271,0.5000542044639588,0.8166604166,0.6446922898292542,0.7703969717025757,0.8022538781166076,0.7387632012367249,0.8423868060112,0.426899391412735,0.8091550230979919
1537.0,0.8938157796859741,0.8171966195106506,0.9063771367073059,0.7343222022056579,0.464327996969223,0.4059927940368652,0.8391855359077454,0.41569861173629763,0.3873094081878662,0.3118689954280853,0.5936208000000001,0.8303595781326294,0.32170419692993163,0.41960039734840393,0.9309445977210998,0.5977611899375915,0.5293893694877625,0.71132,0.5130768060684204,0.6237900018692016,0.5004204094409943,0.8177268152,0.6447244644165039,0.7714679718017579,0.8023151874542236,0.7385941505432129,0.8420376062393189,0.42547679543495176,0.8094895005226135
1538.0,0.8941191792488098,0.8172684192657471,0.9064197540283203,0.7339748024940491,0.4646519958972931,0.4048940658569336,0.8396039605140686,0.41602141261100767,0.3860506057739258,0.3124839961528778,0.5948762,0.831138551235199,0.32175080180168153,0.4197455942630768,0.9308364033699036,0.5984277963638306,0.5293946385383606,0.71169,0.5131652116775512,0.6242850065231323,0.5007866144180297,0.8187932137999999,0.6447566390037537,0.7725389719009399,0.8023764967918396,0.738425099849701,0.8416884064674377,0.4240541994571686,0.8098239779472352
1539.0,0.8944225788116456,0.8173402190208435,0.9064623713493347,0.7336274027824402,0.46497599482536317,0.40379533767700193,0.8400223851203918,0.41634421348571776,0.38479180335998536,0.3130989968776703,0.5961316,0.8319175243377686,0.3217974066734314,0.41989079117774963,0.9307282090187072,0.5990944027900695,0.5293999075889587,0.71206,0.5132536172866822,0.6247800111770629,0.5011528193950653,0.8198596123999999,0.6447888135910034,0.773609972000122,0.8024378061294556,0.7382560491561889,0.8413392066955566,0.4226316034793854,0.8101584553718567
1540.0,0.8947259783744812,0.8174120187759399,0.9065049886703491,0.7332800030708313,0.4652999937534332,0.4026966094970703,0.8404408097267151,0.41666701436042786,0.3835330009460449,0.31371399760246277,0.597387,0.8326964974403381,0.3218440115451813,0.4200359880924225,0.930620014667511,0.5997610092163086,0.5294051766395569,0.71243,0.513342022895813,0.6252750158309937,0.5015190243721008,0.820926011,0.6448209881782532,0.7746809720993042,0.8024991154670715,0.738086998462677,0.8409900069236755,0.4212090075016022,0.8104929327964783
1541.0,0.8945083856582642,0.81737802028656,0.906232225894928,0.7332390069961547,0.4656551957130432,0.4030955910682678,0.8414803862571716,0.41691681146621706,0.38248180150985717,0.3142993986606598,0.5984194,0.8328349947929382,0.32219220995903014,0.4203801929950714,0.931208610534668,0.5997920036315918,0.5300209403038025,0.712578,0.5136224150657653,0.6257874131202698,0.5016114234924316,0.8216634037999999,0.6456524014472962,0.7748049736022949,0.8031962275505066,0.7394172191619873,0.8411886096000671,0.41981000304222105,0.8108679175376892
1542.0,0.8942907929420472,0.8173440217971801,0.9059594631195068,0.7331980109214783,0.4660103976726532,0.4034945726394653,0.8425199627876282,0.4171666085720062,0.3814306020736694,0.3148847997188568,0.5994518,0.8329734921455383,0.322540408372879,0.4207243978977203,0.931797206401825,0.599822998046875,0.5306367039680481,0.712726,0.5139028072357178,0.6262998104095459,0.5017038226127625,0.8224007966,0.6464838147163391,0.7749289751052857,0.8038933396339416,0.7407474398612977,0.8413872122764587,0.41841099858284,0.8112429022789002
1543.0,0.89407320022583,0.8173100233078003,0.9056867003440857,0.7331570148468017,0.4663655996322632,0.40389355421066286,0.8435595393180847,0.4174164056777954,0.3803794026374817,0.31547020077705384,0.6004842,0.8331119894981385,0.3228886067867279,0.4210686028003693,0.9323858022689819,0.5998539924621582,0.5312524676322937,0.712874,0.5141831994056701,0.6268122076988221,0.5017962217330932,0.8231381893999999,0.6473152279853821,0.7750529766082763,0.8045904517173768,0.7420776605606079,0.8415858149528503,0.41701199412345885,0.8116178870201111
1544.0,0.893855607509613,0.8172760248184204,0.9054139375686645,0.7331160187721253,0.4667208015918732,0.40429253578186036,0.8445991158485413,0.4176662027835846,0.37932820320129396,0.31605560183525083,0.6015166,0.8332504868507385,0.3232368052005768,0.4214128077030182,0.9329743981361389,0.5998849868774414,0.5318682312965393,0.7130219999999999,0.5144635915756226,0.6273246049880982,0.5018886208534241,0.8238755822,0.648146641254425,0.7751769781112671,0.8052875638008118,0.7434078812599182,0.8417844176292419,0.4156129896640778,0.8119928717613221
1545.0,0.893638014793396,0.8172420263290405,0.9051411747932434,0.7330750226974487,0.46707600355148315,0.40469151735305786,0.8456386923789978,0.4179159998893738,0.3782770037651062,0.3166410028934479,0.602549,0.8333889842033386,0.32358500361442566,0.4217570126056671,0.9335629940032959,0.5999159812927246,0.5324839949607849,0.71317,0.514743983745575,0.6278370022773743,0.5019810199737549,0.824612975,0.648978054523468,0.7753009796142578,0.8059846758842468,0.7447381019592285,0.8419830203056335,0.41421398520469666,0.812367856502533
1546.0,0.8936280131340026,0.8174020171165466,0.9053099870681762,0.7335048198699952,0.46734480261802674,0.4056441903114319,0.846742844581604,0.41810719966888427,0.37705240249633787,0.3171984016895294,0.6037618,0.8332204461097718,0.32358940243721007,0.4219832122325897,0.933800995349884,0.6003229856491089,0.5327808260917664,0.713496,0.5148363828659057,0.6271586060523987,0.5021790146827698,0.8253555774,0.6497191190719604,0.77565678358078,0.807382321357727,0.7471800684928894,0.8420456171035766,0.4138727903366089,0.8126775622367859
1547.0,0.8936180114746094,0.8175620079040528,0.9054787993431092,0.7339346170425415,0.46761360168457033,0.40659686326980593,0.8478469967842102,0.41829839944839475,0.3758278012275696,0.317755800485611,0.6049746,0.8330519080162049,0.3235938012599945,0.42220941185951233,0.9340389966964722,0.6007299900054932,0.5330776572227478,0.713822,0.5149287819862366,0.6264802098274231,0.5023770093917846,0.8260981798,0.6504601836204529,0.7760125875473023,0.8087799668312072,0.7496220350265503,0.8421082139015198,0.41353159546852114,0.8129872679710388
1548.0,0.893608009815216,0.8177219986915588,0.905647611618042,0.7343644142150879,0.46788240075111387,0.4075495362281799,0.8489511489868165,0.4184895992279053,0.37460319995880126,0.3183131992816925,0.6061873999999999,0.8328833699226379,0.32359820008277895,0.42243561148643494,0.9342769980430603,0.6011369943618774,0.5333744883537292,0.714148,0.5150211811065674,0.6258018136024475,0.5025750041007996,0.8268407822,0.6512012481689453,0.7763683915138244,0.8101776123046875,0.7520640015602111,0.8421708106994629,0.4131904006004333,0.8132969737052917
1549.0,0.8935980081558228,0.817881989479065,0.9058164238929749,0.7347942113876342,0.46815119981765746,0.40850220918655394,0.8500553011894226,0.4186807990074158,0.373378598690033,0.31887059807777407,0.6074002,0.832714831829071,0.32360259890556337,0.42266181111335754,0.9345149993896484,0.6015439987182617,0.5336713194847107,0.7144739999999999,0.5151135802268982,0.6251234173774719,0.5027729988098144,0.8275833846,0.6519423127174377,0.7767241954803467,0.8115752577781677,0.754505968093872,0.842233407497406,0.41284920573234557,0.8136066794395447
1550.0,0.8935880064964294,0.818041980266571,0.9059852361679077,0.7352240085601807,0.46841999888420105,0.409454882144928,0.8511594533920288,0.41887199878692627,0.37215399742126465,0.3194279968738556,0.608613,0.8325462937355042,0.3236069977283478,0.42288801074028015,0.9347530007362366,0.601951003074646,0.5339681506156921,0.7148,0.515205979347229,0.6244450211524963,0.5029709935188293,0.828325987,0.6526833772659302,0.7770799994468689,0.812972903251648,0.756947934627533,0.8422960042953491,0.4125080108642578,0.8139163851737976
1551.0,0.8936702013015747,0.8184127807617188,0.9059653997421264,0.7351994037628173,0.46864240169525145,0.4109462320804596,0.8519055008888244,0.41895920038223267,0.3709659993648529,0.3201161980628967,0.6096324,0.8325142860412598,0.32367119789123533,0.4231576085090637,0.9342206001281739,0.6020339965820313,0.5344327449798584,0.714954,0.5153213858604431,0.6247158169746398,0.5031690001487732,0.8286041856,0.6531162261962891,0.7771167993545532,0.8142434120178222,0.7600838661193847,0.8423776030540466,0.4129758059978485,0.8141971230506897
1552.0,0.89375239610672,0.8187835812568665,0.9059455633163452,0.7351747989654541,0.46886480450630186,0.41243758201599123,0.8526515483856201,0.41904640197753906,0.3697780013084412,0.3208043992519379,0.6106518,0.8324822783470154,0.32373539805412294,0.4234272062778473,0.9336881995201111,0.6021169900894165,0.5348973393440246,0.715108,0.5154367923736572,0.6249866127967835,0.503367006778717,0.8288823842,0.653549075126648,0.7771535992622376,0.8155139207839965,0.7632197976112366,0.8424592018127441,0.4134436011314392,0.8144778609275818
1553.0,0.8938345909118652,0.8191543817520142,0.9059257268905639,0.7351501941680908,0.4690872073173523,0.4139289319515228,0.8533975958824158,0.41913360357284546,0.3685900032520294,0.321492600440979,0.6116712,0.832450270652771,0.3237995982170105,0.42369680404663085,0.9331557989120484,0.6021999835968017,0.535361933708191,0.7152620000000001,0.5155521988868713,0.625257408618927,0.5035650134086609,0.8291605828,0.6539819240570068,0.7771903991699218,0.8167844295501709,0.7663557291030884,0.8425408005714417,0.41391139626502993,0.8147585988044739
1554.0,0.8939167857170105,0.8195251822471619,0.9059058904647828,0.7351255893707276,0.4693096101284027,0.41542028188705443,0.8541436433792114,0.41922080516815186,0.36740200519561766,0.32218080163002016,0.6126906,0.8324182629585266,0.3238637983798981,0.42396640181541445,0.9326233983039856,0.602282977104187,0.5358265280723572,0.715416,0.5156676054000855,0.6255282044410706,0.5037630200386047,0.8294387814,0.6544147729873657,0.7772271990776062,0.8180549383163452,0.7694916605949402,0.8426223993301392,0.4143791913986206,0.815039336681366
1555.0,0.8939989805221558,0.8198959827423096,0.9058860540390015,0.7351009845733643,0.4695320129394531,0.41691163182258606,0.8548896908760071,0.41930800676345825,0.36621400713920593,0.3228690028190613,0.61371,0.8323862552642822,0.32392799854278564,0.424235999584198,0.9320909976959229,0.6023659706115723,0.5362911224365234,0.71557,0.5157830119132996,0.6257990002632141,0.5039610266685486,0.82971698,0.6548476219177246,0.7772639989852905,0.8193254470825195,0.772627592086792,0.8427039980888367,0.4148469865322113,0.8153200745582581
1556.0,0.893933379650116,0.8198715806007385,0.9061198234558105,0.7352333903312683,0.4697492063045502,0.4184746742248535,0.855440616607666,0.4194676041603088,0.36498200297355654,0.3233462035655975,0.6149884,0.8327131867408752,0.32401120066642763,0.4245047986507416,0.9321524024009704,0.6027959823608399,0.5366810917854309,0.7152820000000001,0.5159114122390747,0.6260800004005432,0.5041848182678222,0.830543184,0.6550612568855285,0.7776137948036194,0.8203301429748535,0.7753238797187805,0.8432214021682739,0.41524078845977785,0.8155245184898376
1557.0,0.8938677787780762,0.8198471784591674,0.9063535928726196,0.7353657960891724,0.4699663996696472,0.42003771662712097,0.855991542339325,0.41962720155715943,0.3637499988079071,0.3238234043121338,0.6162668,0.8330401182174683,0.32409440279006957,0.4247735977172852,0.9322138071060181,0.6032259941101075,0.5370710611343383,0.714994,0.5160398125648499,0.6263610005378724,0.5044086098670959,0.831369388,0.6552748918533325,0.7779635906219482,0.8213348388671875,0.7780201673507691,0.8437388062477111,0.41563459038734435,0.8157289624214172
1558.0,0.8938021779060363,0.8198227763175965,0.9065873622894287,0.7354982018470764,0.4701835930347443,0.4216007590293884,0.8565424680709839,0.41978679895401,0.3625179946422577,0.32430060505867003,0.6175452,0.8333670496940613,0.32417760491371156,0.4250423967838287,0.9322752118110657,0.603656005859375,0.5374610304832459,0.7147060000000001,0.516168212890625,0.6266420006752014,0.5046324014663697,0.832195592,0.6554885268211365,0.7783133864402771,0.8223395347595215,0.7807164549827575,0.8442562103271485,0.4160283923149109,0.8159334063529968
1559.0,0.8937365770339966,0.8197983741760254,0.9068211317062378,0.7356306076049804,0.4704007863998413,0.4231638014316559,0.8570933938026428,0.4199463963508606,0.36128599047660825,0.3247778058052063,0.6188236,0.8336939811706543,0.3242608070373535,0.4253111958503723,0.9323366165161133,0.6040860176086426,0.5378509998321533,0.714418,0.5162966132164002,0.6269230008125305,0.5048561930656433,0.833021796,0.6557021617889405,0.778663182258606,0.8233442306518555,0.7834127426147461,0.8447736144065857,0.4164221942424774,0.8161378502845764
1560.0,0.8936709761619568,0.8197739720344543,0.9070549011230469,0.7357630133628845,0.47061797976493835,0.42472684383392334,0.8576443195343018,0.4201059937477112,0.36005398631095886,0.32525500655174255,0.620102,0.8340209126472473,0.3243440091609955,0.4255799949169159,0.9323980212211609,0.6045160293579102,0.5382409691810608,0.71413,0.5164250135421753,0.6272040009498596,0.505079984664917,0.833848,0.6559157967567444,0.7790129780769348,0.8243489265441895,0.7861090302467346,0.845291018486023,0.41681599617004395,0.816342294216156
1561.0,0.8940021753311157,0.8198547720909118,0.9076215147972106,0.7358214139938355,0.47084198594093324,0.42595580220222473,0.8581959128379821,0.42041419744491576,0.35894418954849244,0.32570660710334776,0.6209852,0.8344019174575805,0.32464560866355896,0.42565599679946897,0.9326728224754334,0.6047580242156982,0.5382838845252991,0.714246,0.5167866110801697,0.6269688010215759,0.5052761912345887,0.8345646028,0.6560655117034913,0.7788031816482544,0.8252196311950684,0.7879147410392762,0.8463390111923218,0.41712439656257627,0.8166154623031616
1562.0,0.8943333745002746,0.8199355721473693,0.9081881284713745,0.7358798146247864,0.4710659921169281,0.4271847605705261,0.8587475061416626,0.42072240114212034,0.357834392786026,0.326158207654953,0.6218684,0.8347829222679138,0.32494720816612244,0.4257319986820221,0.9329476237297059,0.6050000190734863,0.5383267998695374,0.714362,0.517148208618164,0.6267336010932922,0.5054723978042602,0.8352812056,0.656215226650238,0.778593385219574,0.8260903358459473,0.7897204518318176,0.8473870038986206,0.41743279695510865,0.8168886303901672
1563.0,0.8946645736694336,0.820016372203827,0.9087547421455383,0.7359382152557373,0.47128999829292295,0.4284137189388275,0.859299099445343,0.421030604839325,0.35672459602355955,0.3266098082065582,0.6227516000000001,0.835163927078247,0.3252488076686859,0.4258080005645752,0.9332224249839782,0.6052420139312744,0.5383697152137756,0.714478,0.5175098061561585,0.6264984011650085,0.5056686043739319,0.8359978084,0.6563649415969849,0.7783835887908935,0.8269610404968262,0.7915261626243592,0.8484349966049194,0.417741197347641,0.8171617984771729
1564.0,0.8949957728385926,0.8200971722602844,0.9093213558197022,0.7359966158866882,0.47151400446891784,0.4296426773071289,0.8598506927490235,0.42133880853652955,0.35561479926109313,0.3270614087581635,0.6236348,0.8355449318885804,0.3255504071712494,0.4258840024471283,0.9334972262382507,0.6054840087890625,0.5384126305580139,0.714594,0.5178714036941529,0.6262632012367249,0.5058648109436035,0.8367144112,0.6565146565437316,0.7781737923622132,0.8278317451477051,0.7933318734169006,0.8494829893112182,0.41804959774017336,0.8174349665641785
1565.0,0.8953269720077515,0.8201779723167419,0.909887969493866,0.7360550165176392,0.4717380106449127,0.4308716356754303,0.8604022860527039,0.42164701223373413,0.3545050024986267,0.3275130093097687,0.624518,0.8359259366989136,0.32585200667381287,0.4259600043296814,0.9337720274925232,0.6057260036468506,0.5384555459022522,0.71471,0.5182330012321472,0.6260280013084412,0.5060610175132751,0.837431014,0.6566643714904785,0.7779639959335327,0.828702449798584,0.7951375842094421,0.8505309820175171,0.4183579981327057,0.8177081346511841
1566.0,0.8950761795043946,0.8203317761421204,0.9090678572654725,0.7360592126846314,0.4718716084957123,0.4319351077079773,0.8606299996376038,0.42181320786476134,0.35346240401268003,0.3279848098754883,0.6255748,0.8352228403091431,0.3257076025009155,0.4264248013496399,0.9340312242507934,0.6058655977249146,0.5385480880737304,0.714676,0.5183258056640625,0.6267394065856934,0.5063326120376587,0.8380344156,0.656731116771698,0.7779261946678162,0.8294228672981262,0.7969943642616272,0.8507117867469788,0.4184080004692078,0.8179297089576721
1567.0,0.8948253870010376,0.8204855799674988,0.9082477450370788,0.7360634088516236,0.47200520634651183,0.4329985797405243,0.8608577132225037,0.42197940349578855,0.3524198055267334,0.3284566104412079,0.6266316,0.8345197439193726,0.32556319832801817,0.4268895983695984,0.9342904210090637,0.6060051918029785,0.5386406302452087,0.714642,0.5184186100959778,0.6274508118629456,0.5066042065620422,0.8386378172,0.6567978620529175,0.7778883934020996,0.8301432847976684,0.7988511443138122,0.8508925914764405,0.41845800280570983,0.8181512832641602
1568.0,0.8945745944976806,0.8206393837928772,0.9074276328086853,0.7360676050186157,0.4721388041973114,0.4340620517730713,0.8610854268074035,0.4221455991268158,0.35137720704078673,0.3289284110069275,0.6276884,0.833816647529602,0.32541879415512087,0.4273543953895569,0.934549617767334,0.6061447858810425,0.5387331724166871,0.7146079999999999,0.5185114145278931,0.6281622171401977,0.5068758010864258,0.8392412188,0.656864607334137,0.7778505921363831,0.8308637022972107,0.8007079243659974,0.851073396205902,0.4185080051422119,0.8183728575706481
1569.0,0.8943238019943237,0.8207931876182556,0.9066075205802917,0.7360718011856079,0.47227240204811094,0.4351255238056183,0.8613131403923034,0.42231179475784303,0.3503346085548401,0.3294002115726471,0.6287452,0.8331135511398315,0.3252743899822235,0.4278191924095154,0.9348088145256043,0.6062843799591064,0.5388257145881653,0.7145739999999999,0.5186042189598083,0.6288736224174499,0.5071473956108093,0.8398446204,0.6569313526153564,0.7778127908706665,0.831584119796753,0.8025647044181824,0.8512542009353637,0.41855800747871397,0.8185944318771362
1570.0,0.8940730094909668,0.820946991443634,0.9057874083518982,0.7360759973526001,0.4724059998989105,0.4361889958381653,0.8615408539772034,0.42247799038887024,0.34929201006889343,0.3298720121383667,0.629802,0.832410454750061,0.32512998580932617,0.4282839894294739,0.9350680112838745,0.6064239740371704,0.5389182567596436,0.71454,0.5186970233917236,0.6295850276947021,0.5074189901351929,0.840448022,0.6569980978965759,0.77777498960495,0.8323045372962952,0.8044214844703674,0.8514350056648254,0.41860800981521606,0.8188160061836243
1571.0,0.8941208124160767,0.8212983965873718,0.9056783080101013,0.7361985921859742,0.4725108027458191,0.4370541512966156,0.8621098518371582,0.4226241946220398,0.34801800847053527,0.3305440068244934,0.6308496,0.8326152086257934,0.3253317892551422,0.428316593170166,0.9346728086471557,0.6066921830177308,0.5393520474433899,0.7147239999999999,0.5188886165618897,0.6302504181861878,0.5075219869613647,0.8405638218,0.6572216868400573,0.7776841878890991,0.8330387592315673,0.8051157593727112,0.8525192022323609,0.4184964060783386,0.8190500259399414
1572.0,0.8941686153411865,0.8216498017311096,0.9055692076683044,0.7363211870193481,0.47261560559272764,0.4379193067550659,0.8626788496971131,0.42277039885520934,0.3467440068721771,0.33121600151062014,0.6318972,0.8328199625015259,0.3255335927009583,0.42834919691085815,0.934277606010437,0.606960391998291,0.5397858381271362,0.714908,0.5190802097320557,0.6309158086776734,0.5076249837875366,0.8406796216,0.6574452757835388,0.7775933861732482,0.8337729811668396,0.8058100342750549,0.8536033987998962,0.4183848023414612,0.8192840456962586
1573.0,0.8942164182662964,0.8220012068748475,0.9054601073265076,0.7364437818527222,0.47272040843963625,0.43878446221351625,0.8632478475570678,0.4229166030883789,0.345470005273819,0.3318879961967468,0.6329448,0.8330247163772583,0.32573539614677427,0.4283818006515503,0.9338824033737183,0.6072286009788513,0.5402196288108826,0.715092,0.5192718029022216,0.6315811991691589,0.5077279806137085,0.8407954214000001,0.6576688647270202,0.7775025844573975,0.8345072031021118,0.8065043091773987,0.8546875953674317,0.41827319860458373,0.8195180654525757
1574.0,0.8942642211914062,0.8223526120185852,0.9053510069847107,0.7365663766860961,0.4728252112865448,0.43964961767196653,0.8638168454170227,0.42306280732154844,0.3441960036754608,0.3325599908828735,0.6339924,0.8332294702529908,0.3259371995925903,0.42841440439224243,0.9334872007369995,0.6074968099594116,0.5406534194946289,0.715276,0.5194633960723877,0.6322465896606445,0.5078309774398804,0.8409112212000001,0.6578924536705018,0.7774117827415467,0.8352414250373841,0.8071985840797424,0.855771791934967,0.4181615948677063,0.8197520852088929
1575.0,0.8943120241165161,0.822704017162323,0.9052419066429138,0.7366889715194702,0.47293001413345337,0.44051477313041687,0.8643858432769775,0.423209011554718,0.34292200207710266,0.33323198556900024,0.63504,0.8334342241287231,0.32613900303840637,0.42844700813293457,0.9330919981002808,0.6077650189399719,0.5410872101783752,0.71546,0.5196549892425537,0.6329119801521301,0.5079339742660522,0.841027021,0.6581160426139832,0.7773209810256958,0.8359756469726562,0.8078928589820862,0.8568559885025024,0.41804999113082886,0.81998610496521
1576.0,0.894295620918274,0.8228036165237427,0.9053568005561828,0.7366361737251281,0.4730788111686707,0.44143334627151487,0.8650142550468445,0.42344300746917723,0.34180459976196287,0.3337277889251709,0.63602,0.8335778832435607,0.32620480060577395,0.4288166046142578,0.9339233994483948,0.6084104180335999,0.5414530038833618,0.715688,0.5196169972419739,0.6320507884025574,0.5081417798995972,0.8412370202,0.6583035111427307,0.7771923899650574,0.8365503907203674,0.8095742583274841,0.8570019960403442,0.41778919100761414,0.8200950145721435
1577.0,0.8942792177200317,0.8229032158851624,0.9054716944694519,0.7365833759307862,0.47322760820388793,0.4423519194126129,0.8656426668167114,0.42367700338363645,0.34068719744682313,0.3342235922813416,0.637,0.8337215423583985,0.32627059817314147,0.42918620109558103,0.9347548007965087,0.6090558171272278,0.5418187975883484,0.715916,0.519579005241394,0.6311895966529846,0.5083495855331421,0.8414470194,0.6584909796714783,0.7770637989044189,0.8371251344680786,0.8112556576728821,0.857148003578186,0.4175283908843994,0.8202039241790772
1578.0,0.8942628145217896,0.823002815246582,0.905586588382721,0.7365305781364441,0.47337640523910524,0.4432704925537109,0.8662710785865784,0.4239109992980957,0.33956979513168334,0.3347193956375122,0.63798,0.8338652014732361,0.32633639574050904,0.4295557975769043,0.9355862021446228,0.6097012162208557,0.542184591293335,0.716144,0.5195410132408143,0.6303284049034119,0.508557391166687,0.8416570186000001,0.6586784482002258,0.7769352078437806,0.8376998782157898,0.81293705701828,0.8572940111160279,0.4172675907611847,0.8203128337860107
1579.0,0.8942464113235473,0.8231024146080017,0.90570148229599,0.7364777803421021,0.4735252022743225,0.444189065694809,0.8668994903564453,0.42414499521255494,0.3384523928165436,0.33521519899368285,0.63896,0.8340088605880738,0.32640219330787656,0.42992539405822755,0.9364176034927368,0.6103466153144836,0.5425503849983215,0.716372,0.5195030212402344,0.6294672131538391,0.5087651968002319,0.8418670178000001,0.6588659167289734,0.7768066167831421,0.838274621963501,0.814618456363678,0.8574400186538697,0.41700679063796997,0.8204217433929444
1580.0,0.8942300081253052,0.8232020139694214,0.905816376209259,0.73642498254776,0.4736739993095398,0.445107638835907,0.8675279021263123,0.42437899112701416,0.3373349905014038,0.3357110023498535,0.63994,0.8341525197029114,0.32646799087524414,0.4302949905395508,0.9372490048408508,0.6109920144081116,0.5429161787033081,0.7166,0.5194650292396545,0.6286060214042664,0.5089730024337769,0.842077017,0.659053385257721,0.7766780257225037,0.8388493657112122,0.8162998557090759,0.8575860261917114,0.41674599051475525,0.8205306529998779
1581.0,0.8940280079841614,0.8232218146324157,0.9060873508453369,0.7363657832145691,0.4737555980682373,0.44608708620071413,0.8682008028030396,0.42453699111938475,0.3362671911716461,0.3362484037876129,0.6410317999999999,0.8341473340988159,0.32660439014434817,0.43069879412651063,0.9365658044815064,0.611174213886261,0.5431934714317321,0.71655,0.5197962284088135,0.6294018149375915,0.5091116070747376,0.8428128124,0.6591726541519165,0.7763062238693237,0.8392053961753845,0.8174752712249755,0.8582228183746338,0.41639699339866637,0.8207889676094056
1582.0,0.8938260078430176,0.8232416152954102,0.9063583254814148,0.7363065838813782,0.4738371968269348,0.44706653356552123,0.8688737034797669,0.42469499111175535,0.3351993918418884,0.3367858052253723,0.6421235999999999,0.8341421484947205,0.32674078941345214,0.4311025977134705,0.9358826041221618,0.6113564133644104,0.5434707641601563,0.7165,0.5201274275779724,0.6301976084709168,0.5092502117156983,0.8435486078000001,0.6592919230461121,0.7759344220161438,0.8395614266395569,0.8186506867408753,0.8588596105575561,0.4160479962825775,0.8210472822189331
1583.0,0.8936240077018738,0.8232614159584045,0.9066293001174927,0.7362473845481873,0.4739187955856323,0.4480459809303284,0.8695466041564941,0.424852991104126,0.33413159251213076,0.3373232066631317,0.6432154,0.834136962890625,0.32687718868255616,0.4315064013004303,0.9351994037628174,0.6115386128425598,0.5437480568885803,0.71645,0.5204586267471314,0.6309934020042419,0.5093888163566589,0.8442844032,0.6594111919403076,0.7755626201629638,0.8399174571037292,0.8198261022567749,0.8594964027404786,0.41569899916648867,0.8213055968284607
1584.0,0.89342200756073,0.823281216621399,0.9069002747535706,0.7361881852149963,0.47400039434432983,0.4490254282951355,0.8702195048332214,0.4250109910964966,0.33306379318237306,0.33786060810089114,0.6443072,0.8341317772865295,0.32701358795166013,0.4319102048873901,0.9345162034034729,0.6117208123207092,0.5440253496170044,0.7164,0.5207898259162903,0.6317891955375672,0.5095274209976196,0.8450201986,0.6595304608345032,0.775190818309784,0.8402734875679017,0.8210015177726746,0.8601331949234009,0.4153500020503998,0.8215639114379882
1585.0,0.8932200074195862,0.8233010172843933,0.9071712493896484,0.7361289858818054,0.47408199310302734,0.4500048756599426,0.8708924055099487,0.4251689910888672,0.33199599385261536,0.3383980095386505,0.645399,0.8341265916824341,0.32714998722076416,0.43231400847435,0.9338330030441284,0.6119030117988586,0.5443026423454285,0.71635,0.5211210250854492,0.6325849890708923,0.5096660256385803,0.845755994,0.6596497297286987,0.774819016456604,0.840629518032074,0.8221769332885742,0.8607699871063232,0.4150010049343109,0.8218222260475159
1586.0,0.8935350060462952,0.8233760118484497,0.907542085647583,0.7363125920295716,0.47416879534721373,0.4508530616760254,0.8717722177505494,0.4253135919570923,0.33101439476013184,0.3390030086040497,0.6461264,0.8342395782470703,0.3270943880081177,0.4325148046016693,0.9339977979660035,0.6121600151062012,0.5447365045547485,0.716398,0.5209112167358398,0.6321325898170471,0.5097834229469299,0.8460709926,0.6596369504928589,0.7746918082237244,0.8404663562774658,0.8232419610023498,0.8610505938529969,0.41435360312461855,0.8219587922096252
1587.0,0.8938500046730041,0.8234510064125061,0.9079129219055175,0.7364961981773377,0.4742555975914001,0.4517012476921082,0.8726520299911499,0.4254581928253174,0.3300327956676483,0.3396080076694489,0.6468537999999999,0.8343525648117065,0.3270387887954712,0.4327156007289886,0.9341625928878784,0.6124170184135437,0.5451703667640686,0.716446,0.5207014083862305,0.6316801905632019,0.5099008202552795,0.8463859912,0.659624171257019,0.7745645999908447,0.8403031945228576,0.8243069887161255,0.8613312005996704,0.41370620131492614,0.8220953583717346
1588.0,0.8941650032997132,0.8235260009765625,0.9082837581634522,0.7366798043251037,0.47434239983558657,0.4525494337081909,0.8735318422317505,0.4256027936935425,0.3290511965751648,0.340213006734848,0.6475812,0.8344655513763428,0.3269831895828247,0.432916396856308,0.9343273878097534,0.6126740217208863,0.5456042289733887,0.716494,0.5204916000366211,0.6312277913093567,0.5100182175636292,0.8467009898,0.6596113920211792,0.7744373917579651,0.8401400327682496,0.8253720164299011,0.861611807346344,0.4130587995052338,0.822231924533844
1589.0,0.8944800019264221,0.8236009955406189,0.9086545944213867,0.7368634104728699,0.47442920207977296,0.45339761972427367,0.874411654472351,0.4257473945617676,0.3280695974826813,0.3408180058002472,0.6483085999999999,0.834578537940979,0.3269275903701782,0.43311719298362733,0.9344921827316284,0.6129310250282287,0.5460380911827087,0.716542,0.5202817916870117,0.6307753920555115,0.5101356148719788,0.8470159884,0.6595986127853394,0.7743101835250854,0.8399768710136414,0.8264370441436768,0.8618924140930175,0.41241139769554136,0.8223684906959534
1590.0,0.8947950005531311,0.8236759901046753,0.9090254306793213,0.737047016620636,0.47451600432395935,0.45424580574035645,0.8752914667129517,0.4258919954299927,0.32708799839019775,0.34142300486564636,0.649036,0.8346915245056152,0.32687199115753174,0.43331798911094666,0.9346569776535034,0.6131880283355713,0.5464719533920288,0.71659,0.5200719833374023,0.6303229928016663,0.5102530121803284,0.847330987,0.6595858335494995,0.7741829752922058,0.8398137092590332,0.8275020718574524,0.8621730208396912,0.411763995885849,0.8225050568580627
1591.0,0.8946272015571595,0.8237483978271485,0.9087589740753174,0.7371678113937378,0.474562805891037,0.4550435423851013,0.8753597974777222,0.42595879435539247,0.3259723961353302,0.3420184016227722,0.6499762,0.834573769569397,0.3270391941070557,0.43348498940467833,0.9347835779190063,0.6134136199951172,0.5467940330505371,0.716788,0.5202589869499207,0.6307979941368103,0.5103632092475892,0.8478745933999999,0.6596601366996765,0.7742403745651245,0.8404007434844971,0.8283804774284362,0.8630746126174926,0.41132479906082153,0.8226434230804444
1592.0,0.8944594025611877,0.8238208055496216,0.9084925174713134,0.7372886061668396,0.47460960745811465,0.45584127902984617,0.8754281282424927,0.42602559328079226,0.3248567938804626,0.3426137983798981,0.6509164,0.8344560146331788,0.3272063970565796,0.43365198969841,0.9349101781845093,0.6136392116546631,0.5471161127090454,0.716986,0.520445990562439,0.6312729954719544,0.5104734063148498,0.8484181998,0.6597344398498535,0.7742977738380432,0.8409877777099609,0.8292588829994202,0.8639762043952942,0.41088560223579407,0.822781789302826
1593.0,0.8942916035652161,0.8238932132720947,0.9082260608673096,0.7374094009399415,0.47465640902519224,0.4566390156745911,0.8754964590072631,0.426092392206192,0.3237411916255951,0.3432091951370239,0.6518566,0.8343382596969604,0.3273736000061035,0.43381898999214175,0.9350367784500122,0.613864803314209,0.5474381923675538,0.7171839999999999,0.5206329941749572,0.6317479968070984,0.5105836033821106,0.8489618062,0.6598087430000306,0.7743551731109619,0.8415748119354248,0.830137288570404,0.8648777961730957,0.4104464054107666,0.8229201555252075
1594.0,0.8941238045692443,0.8239656209945678,0.9079596042633057,0.7375301957130432,0.4747032105922699,0.45743675231933595,0.8755647897720337,0.4261591911315918,0.32262558937072755,0.3438045918941498,0.6527968,0.8342205047607422,0.32754080295562743,0.4339859902858734,0.9351633787155151,0.6140903949737548,0.547760272026062,0.717382,0.5208199977874756,0.6322229981422425,0.5106938004493713,0.8495054126,0.6598830461502075,0.7744125723838806,0.8421618461608886,0.831015694141388,0.8657793879508973,0.41000720858573914,0.8230585217475891
1595.0,0.8939560055732727,0.824038028717041,0.9076931476593018,0.737650990486145,0.47475001215934753,0.4582344889640808,0.8756331205368042,0.4262259900569916,0.32150998711586,0.34439998865127563,0.653737,0.8341027498245239,0.32770800590515137,0.4341529905796051,0.9352899789810181,0.6143159866333008,0.5480823516845703,0.71758,0.5210070013999939,0.6326979994773865,0.5108039975166321,0.850049019,0.6599573493003845,0.7744699716567993,0.8427488803863525,0.8318940997123718,0.8666809797286987,0.40956801176071167,0.8231968879699707
1596.0,0.8948742032051087,0.8240410208702087,0.9072920918464661,0.7371785879135132,0.474808806180954,0.4589664816856384,0.8754947423934937,0.42643958926200864,0.32051398754119875,0.34500299096107484,0.654354,0.8339781165122986,0.3278390049934387,0.4346273899078369,0.9354231834411622,0.6146845936775207,0.5482735991477966,0.71767,0.5212859988212586,0.633244800567627,0.5110541939735412,0.8501740099999999,0.6601219296455383,0.7745473742485046,0.84357248544693,0.8331873297691346,0.8668917894363404,0.40920581221580504,0.8234276056289673
1597.0,0.8957924008369446,0.8240440130233765,0.9068910360336304,0.7367061853408814,0.4748676002025604,0.459698474407196,0.8753563642501831,0.42665318846702577,0.31951798796653746,0.34560599327087405,0.654971,0.8338534832000732,0.32797000408172605,0.43510178923606874,0.9355563879013061,0.6150532007217407,0.5484648466110229,0.71776,0.5215649962425232,0.6337916016578674,0.5113043904304504,0.850299001,0.6602865099906922,0.7746247768402099,0.8443960905075073,0.8344805598258972,0.8671025991439819,0.4088436126708984,0.8236583232879638
1598.0,0.8967105984687805,0.8240470051765442,0.9064899802207946,0.7362337827682495,0.4749263942241669,0.4604304671287537,0.8752179861068725,0.42686678767204284,0.31852198839187623,0.3462089955806732,0.6555880000000001,0.8337288498878479,0.32810100317001345,0.4355761885643005,0.9356895923614502,0.6154218077659607,0.5486560940742493,0.71785,0.5218439936637879,0.6343384027481079,0.5115545868873597,0.850423992,0.6604510903358459,0.7747021794319153,0.8452196955680847,0.8357737898826599,0.8673134088516236,0.40848141312599184,0.8238890409469605
1599.0,0.8976287961006164,0.824049997329712,0.906088924407959,0.7357613801956177,0.4749851882457733,0.4611624598503113,0.875079607963562,0.42708038687705996,0.31752598881721494,0.3468119978904724,0.656205,0.8336042165756226,0.3282320022583008,0.43605058789253237,0.9358227968215942,0.6157904148101807,0.5488473415374756,0.7179399999999999,0.5221229910850524,0.6348852038383483,0.5118047833442688,0.850548983,0.6606156706809998,0.7747795820236206,0.8460433006286621,0.8370670199394226,0.8675242185592651,0.4081192135810852,0.824119758605957
1600.0,0.8985469937324524,0.8240529894828796,0.9056878685951233,0.7352889776229858,0.47504398226737976,0.4618944525718689,0.8749412298202515,0.427293986082077,0.3165299892425537,0.3474150002002716,0.656822,0.8334795832633972,0.32836300134658813,0.43652498722076416,0.9359560012817383,0.6161590218544006,0.5490385890007019,0.71803,0.5224019885063171,0.6354320049285889,0.512054979801178,0.850673974,0.6607802510261536,0.7748569846153259,0.8468669056892395,0.8383602499961853,0.8677350282669067,0.4077570140361786,0.8243504762649536
1601.0,0.8981221914291382,0.8242733955383301,0.9056100845336914,0.7352917790412903,0.4750527858734131,0.4625234842300415,0.8751319646835327,0.4272955894470215,0.31535398960113525,0.3477728009223938,0.6580262,0.8335696220397949,0.3284928023815155,0.4366433918476105,0.9360458016395569,0.6158668160438537,0.5490363836288452,0.717876,0.5222603917121887,0.635164201259613,0.51210618019104,0.851299179,0.6610684037208557,0.7736803889274597,0.8474923014640808,0.8394819617271423,0.8681684255599975,0.40710721015930174,0.8244601845741272
1602.0,0.897697389125824,0.8244938015937805,0.9055323004722595,0.7352945804595947,0.47506158947944643,0.4631525158882141,0.875322699546814,0.42729719281196593,0.3141779899597168,0.348130601644516,0.6592304,0.8336596608161926,0.3286226034164429,0.4367617964744568,0.9361356019973754,0.6155746102333068,0.5490341782569885,0.717722,0.5221187949180603,0.6348963975906372,0.5121573805809021,0.851924384,0.6613565564155579,0.7725037932395935,0.8481176972389222,0.8406036734580994,0.8686018228530884,0.40645740628242494,0.8245698928833007
1603.0,0.8972725868225098,0.824714207649231,0.9054545164108276,0.7352973818778992,0.4750703930854797,0.46378154754638673,0.8755134344100952,0.4272987961769104,0.31300199031829834,0.3484884023666382,0.6604346,0.8337496995925904,0.3287524044513702,0.4368802011013031,0.9362254023551941,0.61528240442276,0.5490319728851318,0.717568,0.5219771981239318,0.6346285939216614,0.5122085809707642,0.852549589,0.66164470911026,0.7713271975517273,0.8487430930137634,0.8417253851890564,0.8690352201461792,0.4058076024055481,0.8246796011924744
1604.0,0.8968477845191956,0.8249346137046814,0.9053767323493958,0.7353001832962036,0.47507919669151305,0.4644105792045593,0.8757041692733765,0.42730039954185484,0.3118259906768799,0.34884620308876035,0.6616388,0.8338397383689881,0.3288822054862976,0.4369986057281494,0.9363152027130127,0.6149901986122132,0.5490297675132751,0.717414,0.5218356013298034,0.6343607902526855,0.5122597813606262,0.8531747940000001,0.6619328618049621,0.7701506018638611,0.8493684887886047,0.8428470969200135,0.8694686174392701,0.4051577985286713,0.824789309501648
1605.0,0.8964229822158813,0.8251550197601318,0.9052989482879639,0.7353029847145081,0.4750880002975464,0.46503961086273193,0.8758949041366577,0.4273020029067993,0.3106499910354614,0.34920400381088257,0.662843,0.8339297771453857,0.329012006521225,0.4371170103549957,0.9364050030708313,0.6146979928016663,0.5490275621414185,0.71726,0.521694004535675,0.6340929865837097,0.5123109817504883,0.853799999,0.6622210144996643,0.7689740061759949,0.849993884563446,0.8439688086509705,0.8699020147323608,0.40450799465179443,0.8248990178108215
1606.0,0.8964447855949402,0.825135612487793,0.9052325487136841,0.7355689883232117,0.47509999871253966,0.46578084826469424,0.8763297080993653,0.4276094019412994,0.30956719517707826,0.3497904002666473,0.6635632,0.8341383337974548,0.32914520502090455,0.4373938083648682,0.9363839983940124,0.6156317949295044,0.5494799375534057,0.71733,0.5220344066619873,0.6345387935638428,0.5123613834381103,0.8533725978000001,0.6623664855957031,0.7691514015197753,0.8499566435813903,0.8450679183006287,0.8702384114265442,0.4042191982269287,0.8250442266464233
1607.0,0.896466588973999,0.8251162052154541,0.9051661491394043,0.7358349919319153,0.47511199712753294,0.4665220856666565,0.8767645120620727,0.42791680097579954,0.3084843993186951,0.3503767967224121,0.6642834,0.8343468904495239,0.32927840352058413,0.4376706063747406,0.9363629937171936,0.6165655970573425,0.549932312965393,0.7174,0.5223748087882996,0.6349846005439759,0.5124117851257324,0.8529451966,0.6625119566917419,0.7693287968635559,0.8499194025993347,0.8461670279502869,0.8705748081207275,0.40393040180206297,0.8251894354820252
1608.0,0.8964883923530579,0.8250967979431152,0.9050997495651245,0.7361009955406189,0.47512399554252627,0.4672633230686188,0.8771993160247803,0.4282242000102997,0.30740160346031187,0.35096319317817687,0.6650036,0.834555447101593,0.32941160202026365,0.43794740438461305,0.9363419890403748,0.6174993991851807,0.5503846883773804,0.7174699999999999,0.5227152109146118,0.6354304075241088,0.5124621868133545,0.8525177954000001,0.6626574277877808,0.7695061922073364,0.849882161617279,0.8472661375999451,0.8709112048149109,0.4036416053771973,0.8253346443176269
1609.0,0.8965101957321167,0.8250773906707763,0.9050333499908447,0.7363669991493225,0.47513599395751954,0.46800456047058103,0.8776341199874877,0.4285315990447998,0.3063188076019287,0.3515495896339417,0.6657238,0.8347640037536621,0.3295448005199432,0.43822420239448545,0.9363209843635559,0.6184332013130188,0.5508370637893677,0.71754,0.5230556130409241,0.6358762145042419,0.5125125885009766,0.8520903942,0.6628028988838196,0.769683587551117,0.8498449206352234,0.8483652472496033,0.8712476015090942,0.40335280895233155,0.8254798531532288
1610.0,0.8965319991111755,0.8250579833984375,0.9049669504165649,0.7366330027580261,0.4751479923725128,0.46874579787254333,0.8780689239501953,0.4288389980792999,0.30523601174354553,0.3521359860897064,0.666444,0.8349725604057312,0.3296779990196228,0.4385010004043579,0.9362999796867371,0.6193670034408569,0.551289439201355,0.71761,0.5233960151672363,0.636322021484375,0.5125629901885986,0.851662993,0.6629483699798584,0.7698609828948975,0.8498076796531677,0.8494643568992615,0.8715839982032776,0.4030640125274658,0.8256250619888306
1611.0,0.8963711977005004,0.8251203894615173,0.9052178025245666,0.7367796063423157,0.47514079213142396,0.4693156361579895,0.8785514116287232,0.4289442002773285,0.30441840887069704,0.35269678831100465,0.6672424,0.8350674986839295,0.329816198348999,0.43867200016975405,0.9364491820335388,0.6196107983589172,0.5516868472099304,0.7176739999999999,0.5236188173294067,0.6362212181091309,0.5128399968147278,0.8521505948,0.6630260229110718,0.7700969815254212,0.8499809861183166,0.8506990790367126,0.8718449950218201,0.4028886079788208,0.8257662534713746
1612.0,0.8962103962898255,0.8251827955245972,0.9054686546325683,0.7369262099266052,0.4751335918903351,0.46988547444343565,0.879033899307251,0.42904940247535706,0.3036008059978485,0.3532575905323029,0.6680408,0.8351624369621277,0.32995439767837526,0.43884299993515014,0.9365983843803406,0.6198545932769776,0.5520842552185059,0.717738,0.5238416194915771,0.6361204147338867,0.513117003440857,0.8526381966000001,0.6631036758422851,0.7703329801559449,0.8501542925834655,0.8519338011741638,0.8721059918403625,0.4027132034301758,0.8259074449539184
1613.0,0.8960495948791504,0.825245201587677,0.9057195067405701,0.7370728135108948,0.4751263916492462,0.47045531272888186,0.8795163869857788,0.4291546046733856,0.302783203125,0.35381839275360105,0.6688392000000001,0.835257375240326,0.33009259700775145,0.4390139997005463,0.9367475867271423,0.6200983881950378,0.5524816632270813,0.7178019999999999,0.5240644216537476,0.6360196113586426,0.513394010066986,0.8531257984,0.6631813287734986,0.7705689787864685,0.8503275990486145,0.853168523311615,0.872366988658905,0.40253779888153074,0.8260486364364624
1614.0,0.8958887934684754,0.8253076076507568,0.9059703588485718,0.7372194170951843,0.47511919140815734,0.471025151014328,0.8799988746643066,0.4292598068714142,0.30196560025215147,0.3543791949748993,0.6696376,0.8353523135185241,0.3302307963371277,0.43918499946594236,0.9368967890739441,0.6203421831130982,0.5528790712356567,0.717866,0.524287223815918,0.6359188079833984,0.5136710166931152,0.8536134002000001,0.6632589817047119,0.7708049774169922,0.8505009055137634,0.8544032454490662,0.8726279854774475,0.40236239433288573,0.8261898279190063
1615.0,0.8957279920578003,0.8253700137138367,0.9062212109565735,0.7373660206794739,0.4751119911670685,0.47159498929977417,0.8804813623428345,0.42936500906944275,0.301147997379303,0.3549399971961975,0.670436,0.8354472517967224,0.3303689956665039,0.4393559992313385,0.9370459914207458,0.6205859780311584,0.5532764792442322,0.71793,0.5245100259780884,0.6358180046081543,0.5139480233192444,0.854101002,0.6633366346359253,0.7710409760475159,0.8506742119789124,0.8556379675865173,0.87288898229599,0.4021869897842407,0.8263310194015503
1616.0,0.8956491947174072,0.8255486130714417,0.9067083835601807,0.7372496128082275,0.47507598996162415,0.4719983100891113,0.8809474349021912,0.4293484091758728,0.30017979741096495,0.3554949998855591,0.6711374,0.8353927612304688,0.3303889989852905,0.4395778000354767,0.9364703893661499,0.6205413818359375,0.5535661101341247,0.717784,0.5243656158447265,0.6357887983322144,0.5139506220817566,0.8543774008,0.6633751630783081,0.7708289861679077,0.8510993838310241,0.8566689968109131,0.8731635808944702,0.40201699137687685,0.8264540910720826
1617.0,0.8955703973770142,0.8257272124290467,0.9071955561637879,0.7371332049369812,0.4750399887561798,0.4724016308784485,0.8814135074615479,0.42933180928230286,0.29921159744262693,0.35605000257492064,0.6718388,0.8353382706642151,0.33040900230407716,0.4397996008396149,0.935894787311554,0.6204967856407165,0.5538557410240174,0.717638,0.5242212057113648,0.6357595920562744,0.5139532208442688,0.8546537996,0.663413691520691,0.7706169962882996,0.851524555683136,0.8577000260353088,0.8734381794929504,0.40184699296951293,0.8265771627426147
1618.0,0.8954916000366211,0.8259058117866516,0.907682728767395,0.7370167970657349,0.4750039875507355,0.47280495166778563,0.8818795800209045,0.4293152093887329,0.29824339747428896,0.35660500526428224,0.6725402,0.8352837800979614,0.33042900562286376,0.44002140164375303,0.935319185256958,0.6204521894454956,0.5541453719139099,0.7174919999999999,0.5240767955780029,0.6357303857803345,0.513955819606781,0.8549301984000001,0.6634522199630737,0.7704050064086914,0.8519497275352478,0.8587310552597046,0.8737127780914307,0.40167699456214906,0.826700234413147
1619.0,0.895412802696228,0.8260844111442566,0.9081699013710022,0.7369003891944885,0.47496798634529114,0.4732082724571228,0.8823456525802612,0.42929860949516296,0.29727519750595094,0.3571600079536438,0.6732416,0.8352292895317077,0.3304490089416504,0.4402432024478912,0.9347435832023621,0.6204075932502746,0.5544350028038025,0.7173459999999999,0.5239323854446412,0.6357011795043945,0.5139584183692932,0.8552065972,0.6634907484054565,0.7701930165290832,0.8523748993873597,0.8597620844841003,0.8739873766899109,0.40150699615478513,0.8268233060836792
1620.0,0.895334005355835,0.8262630105018616,0.9086570739746094,0.7367839813232422,0.4749319851398468,0.47361159324645996,0.8828117251396179,0.429282009601593,0.2963069975376129,0.35771501064300537,0.673943,0.8351747989654541,0.330469012260437,0.4404650032520294,0.9341679811477661,0.6203629970550537,0.5547246336936951,0.7172,0.5237879753112793,0.6356719732284546,0.5139610171318054,0.855482996,0.6635292768478394,0.7699810266494751,0.8528000712394714,0.8607931137084961,0.8742619752883911,0.40133699774742126,0.8269463777542114
1621.0,0.8956961989402771,0.8261214137077332,0.9084272742271423,0.736751389503479,0.4749459207057953,0.4741708278656006,0.8829451918601989,0.4292192101478577,0.2952802002429962,0.3582922101020813,0.6744702,0.8349162340164185,0.33043900728225706,0.4406599998474121,0.9341447830200196,0.6206691980361938,0.5549933433532714,0.717032,0.5238947749137879,0.6352859735488892,0.5140310168266297,0.8558483962,0.6636831879615783,0.7699344158172607,0.8529344439506531,0.8612366557121277,0.8744609832763672,0.4014973998069763,0.827090322971344
1622.0,0.8960583925247192,0.8259798169136048,0.9081974744796752,0.7367187976837158,0.47495985627174375,0.4747300624847412,0.88307865858078,0.4291564106941223,0.29425340294837954,0.3588694095611572,0.6749974,0.8346576690673828,0.33040900230407716,0.4408549964427948,0.9341215848922729,0.620975399017334,0.5552620530128479,0.716864,0.5240015745162964,0.6348999738693237,0.5141010165214539,0.8562137964,0.6638370990753174,0.7698878049850464,0.8530688166618348,0.8616801977157593,0.8746599912643432,0.4016578018665314,0.8272342681884766
1623.0,0.8964205861091614,0.8258382201194763,0.9079676747322083,0.7366862058639526,0.4749737918376923,0.47528929710388185,0.8832121253013611,0.429093611240387,0.2932266056537628,0.3594466090202332,0.6755246,0.8343991041183472,0.3303789973258972,0.4410499930381775,0.9340983867645264,0.6212815999984741,0.5555307626724243,0.716696,0.524108374118805,0.6345139741897583,0.514171016216278,0.8565791966,0.6639910101890564,0.769841194152832,0.8532031893730163,0.8621237397193908,0.8748589992523194,0.4018182039260864,0.8273782134056091
1624.0,0.8967827796936035,0.8256966233253479,0.9077378749847412,0.7366536140441895,0.47498772740364076,0.47584853172302244,0.8833455920219422,0.4290308117866516,0.2921998083591461,0.3600238084793091,0.6760518,0.8341405391693115,0.3303489923477173,0.4412449896335602,0.9340751886367797,0.6215878009796143,0.5557994723320008,0.7165279999999999,0.5242151737213134,0.6341279745101929,0.5142410159111023,0.8569445968,0.6641449213027955,0.7697945833206177,0.853337562084198,0.8625672817230224,0.8750580072402954,0.4019786059856415,0.8275221586227417
1625.0,0.8971449732780457,0.8255550265312195,0.9075080752372742,0.7366210222244263,0.47500166296958923,0.4764077663421631,0.8834790587425232,0.42896801233291626,0.2911730110645294,0.360601007938385,0.676579,0.8338819742202759,0.33031898736953735,0.44143998622894287,0.9340519905090332,0.6218940019607544,0.5560681819915771,0.71636,0.524321973323822,0.6337419748306274,0.5143110156059265,0.857309997,0.6642988324165344,0.7697479724884033,0.8534719347953796,0.863010823726654,0.8752570152282715,0.40213900804519653,0.8276661038398743
1626.0,0.896669578552246,0.8255710244178772,0.9075791597366333,0.7365738153457642,0.47495933175086974,0.4770921111106873,0.8835547685623169,0.4289786100387573,0.2904116094112396,0.360916006565094,0.677336,0.8338106870651245,0.3303605914115906,0.4417601883411407,0.9339895963668823,0.6218760013580322,0.5563557624816895,0.716248,0.5244345784187316,0.6339193820953369,0.5143314123153686,0.8570119976,0.6643455505371094,0.7694715738296509,0.8538521766662598,0.864036762714386,0.8754714131355286,0.40206700563430786,0.8277953267097473
1627.0,0.8961941838264466,0.825587022304535,0.9076502442359924,0.736526608467102,0.47491700053215025,0.4777764558792114,0.8836304783821106,0.42898920774459837,0.2896502077579498,0.36123100519180296,0.6780930000000001,0.8337393999099731,0.3304021954536438,0.44208039045333863,0.9339272022247315,0.6218580007553101,0.5566433429718017,0.716136,0.5245471835136414,0.6340967893600464,0.5143518090248108,0.8567139982,0.6643922686576843,0.7691951751708984,0.8542324185371399,0.865062701702118,0.8756858110427856,0.4019950032234192,0.8279245495796204
1628.0,0.895718789100647,0.8256030201911926,0.9077213287353516,0.7364794015884399,0.4748746693134308,0.4784608006477356,0.8837061882019043,0.4289998054504395,0.28888880610466006,0.361546003818512,0.67885,0.8336681127548218,0.330443799495697,0.4424005925655365,0.9338648080825805,0.6218400001525879,0.5569309234619141,0.716024,0.524659788608551,0.6342741966247558,0.5143722057342529,0.8564159988,0.6644389867782593,0.768918776512146,0.85461266040802,0.8660886406898498,0.8759002089500427,0.4019230008125305,0.8280537724494934
1629.0,0.8952433943748475,0.8256190180778503,0.9077924132347107,0.7364321947097778,0.4748323380947113,0.47914514541625974,0.883781898021698,0.42901040315628053,0.28812740445137025,0.36186100244522096,0.679607,0.8335968255996704,0.33048540353775024,0.4427207946777344,0.9338024139404297,0.6218219995498657,0.5572185039520263,0.715912,0.5247723937034607,0.6344516038894653,0.5143926024436951,0.8561179994,0.6644857048988342,0.7686423778533935,0.8549929022789001,0.8671145796775818,0.8761146068572998,0.40185099840164185,0.8281829953193665
1630.0,0.8947679996490479,0.8256350159645081,0.9078634977340698,0.7363849878311157,0.4747900068759918,0.47982949018478394,0.8838576078414917,0.4290210008621216,0.28736600279808044,0.36217600107192993,0.680364,0.833525538444519,0.33052700757980347,0.44304099678993225,0.9337400197982788,0.6218039989471436,0.5575060844421387,0.7158,0.5248849987983704,0.6346290111541748,0.5144129991531372,0.85582,0.6645324230194092,0.7683659791946411,0.8553731441497803,0.8681405186653137,0.8763290047645569,0.4017789959907532,0.8283122181892395
1631.0,0.895169198513031,0.8256238102912903,0.9078588008880615,0.7364713907241821,0.4747536063194275,0.4804709732532501,0.8839139938354492,0.42903839945793154,0.2864964008331299,0.36284059882164,0.6811664,0.8335533857345581,0.33057440519332887,0.4432078003883362,0.9331712126731873,0.6223284006118774,0.557721483707428,0.715956,0.5249840021133423,0.6346286058425903,0.5145442008972168,0.8565899966,0.6645633816719055,0.7682233810424804,0.8556796312332153,0.8688217997550964,0.8761700034141541,0.4020859956741333,0.8283851981163025
1632.0,0.8955703973770142,0.8256126046180725,0.9078541040420532,0.7365577936172485,0.47471720576286314,0.4811124563217163,0.8839703798294067,0.42905579805374144,0.2856267988681793,0.3635051965713501,0.6819687999999999,0.8335812330245972,0.33062180280685427,0.4433746039867401,0.9326024055480957,0.6228528022766113,0.5579368829727173,0.716112,0.5250830054283142,0.6346282005310059,0.5146754026412964,0.8573599932,0.6645943403244019,0.7680807828903198,0.8559861183166504,0.8695030808448792,0.8760110020637513,0.40239299535751344,0.8284581780433655
1633.0,0.8959715962409973,0.8256013989448547,0.9078494071960449,0.736644196510315,0.47468080520629885,0.4817539393901825,0.8840267658233643,0.4290731966495514,0.28475719690322876,0.36416979432106017,0.6827712,0.8336090803146362,0.3306692004203796,0.44354140758514404,0.9320335984230042,0.6233772039413452,0.5581522822380066,0.716268,0.5251820087432861,0.6346277952194214,0.514806604385376,0.8581299898,0.6646252989768981,0.7679381847381592,0.8562926054000854,0.8701843619346619,0.8758520007133483,0.40269999504089354,0.8285311579704284
1634.0,0.8963727951049805,0.825590193271637,0.9078447103500367,0.7367305994033814,0.4746444046497345,0.4823954224586487,0.8840831518173218,0.4290905952453613,0.2838875949382782,0.3648343920707703,0.6835736,0.8336369276046753,0.330716598033905,0.443708211183548,0.9314647912979126,0.6239016056060791,0.5583676815032959,0.716424,0.5252810120582581,0.634627389907837,0.5149378061294556,0.8588999864,0.6646562576293945,0.7677955865859986,0.8565990924835205,0.8708656430244446,0.8756929993629455,0.4030069947242737,0.8286041378974914
1635.0,0.8967739939689636,0.8255789875984192,0.9078400135040283,0.7368170022964478,0.47460800409317017,0.48303690552711487,0.8841395378112793,0.42910799384117126,0.28301799297332764,0.36549898982048035,0.684376,0.8336647748947144,0.3307639956474304,0.4438750147819519,0.930895984172821,0.624426007270813,0.5585830807685852,0.71658,0.52538001537323,0.6346269845962524,0.5150690078735352,0.859669983,0.6646872162818909,0.7676529884338379,0.8569055795669556,0.8715469241142273,0.8755339980125427,0.4033139944076538,0.8286771178245544
1636.0,0.897016990184784,0.8250823855400086,0.9073576211929322,0.7368890047073364,0.47453840374946593,0.4834532380104065,0.8842085838317871,0.42921499609947206,0.28220719695091245,0.36601918935775757,0.6849388,0.8337365984916687,0.3306931972503662,0.44420761466026304,0.9318447828292846,0.624931800365448,0.5586111187934876,0.71645,0.5255812168121338,0.6351471900939941,0.5152040004730225,0.8597151872,0.6647886037826538,0.7676121950149536,0.8567941665649415,0.8725133180618286,0.8760265946388245,0.4038707971572876,0.8287333011627197
1637.0,0.8972599864006042,0.824585783481598,0.9068752288818359,0.7369610071182251,0.4744688034057617,0.4838695704936981,0.884277629852295,0.42932199835777285,0.2813964009284973,0.3665393888950348,0.6855015999999999,0.833808422088623,0.330622398853302,0.44454021453857423,0.9327935814857483,0.625437593460083,0.5586391568183899,0.71632,0.5257824182510376,0.6356673955917358,0.5153389930725097,0.8597603913999999,0.6648899912834167,0.7675714015960693,0.8566827535629272,0.87347971200943,0.8765191912651062,0.4044275999069214,0.828789484500885
1638.0,0.8975029826164246,0.8240891814231872,0.9063928365707398,0.7370330095291138,0.4743992030620575,0.48428590297698976,0.8843466758728027,0.4294290006160736,0.28058560490608214,0.367059588432312,0.6860644,0.8338802456855774,0.33055160045623777,0.44487281441688536,0.9337423801422119,0.625943386554718,0.5586671948432922,0.71619,0.5259836196899415,0.6361876010894776,0.5154739856719971,0.8598055956,0.6649913787841797,0.7675306081771851,0.8565713405609131,0.8744461059570312,0.8770117878913879,0.40498440265655516,0.8288456678390503
1639.0,0.8977459788322448,0.8235925793647766,0.9059104442596435,0.7371050119400024,0.4743296027183533,0.48470223546028135,0.8844157218933105,0.4295360028743744,0.279774808883667,0.36757978796958923,0.6866272,0.8339520692825317,0.3304808020591736,0.44520541429519656,0.9346911787986756,0.626449179649353,0.5586952328681946,0.7160599999999999,0.5261848211288452,0.6367078065872193,0.5156089782714843,0.8598507998,0.6650927662849426,0.7674898147583008,0.8564599275588989,0.8754124999046325,0.8775043845176697,0.405541205406189,0.8289018511772156
1640.0,0.8979889750480652,0.823095977306366,0.9054280519485474,0.7371770143508911,0.47426000237464905,0.485118567943573,0.8844847679138184,0.42964300513267517,0.27896401286125183,0.36809998750686646,0.68719,0.8340238928794861,0.3304100036621094,0.4455380141735077,0.9356399774551392,0.626954972743988,0.5587232708930969,0.71593,0.526386022567749,0.6372280120849609,0.5157439708709717,0.859896004,0.6651941537857056,0.7674490213394165,0.8563485145568848,0.8763788938522339,0.8779969811439514,0.40609800815582275,0.8289580345153809
1641.0,0.8982073783874511,0.8231785774230957,0.905271303653717,0.7372154116630554,0.4741746664047241,0.48581955432891843,0.8844249963760376,0.42986000180244444,0.2781450092792511,0.3686087906360626,0.6876979999999999,0.8340031385421753,0.3306082010269165,0.4457602083683014,0.9349463820457459,0.6269341826438903,0.5589305400848389,0.715842,0.5264852166175842,0.6367676138877869,0.515983772277832,0.8600372074,0.6653660297393799,0.767422616481781,0.8564662933349609,0.8770346641540527,0.8784365892410279,0.4066192090511322,0.8290678262710571
1642.0,0.8984257817268372,0.8232611775398254,0.9051145553588867,0.7372538089752197,0.47408933043479917,0.4865205407142639,0.8843652248382569,0.43007699847221376,0.27732600569725036,0.36911759376525877,0.688206,0.8339823842048645,0.33080639839172366,0.44598240256309507,0.9342527866363526,0.6269133925437927,0.5591378092765809,0.715754,0.5265844106674195,0.6363072156906128,0.5162235736846924,0.8601784108,0.6655379056930542,0.7673962116241455,0.8565840721130371,0.8776904344558716,0.8788761973381043,0.40714040994644163,0.8291776180267334
1643.0,0.8986441850662231,0.8233437776565552,0.9049578070640564,0.737292206287384,0.4740039944648743,0.48722152709960936,0.884305453300476,0.430293995141983,0.27650700211524964,0.369626396894455,0.6887139999999999,0.8339616298675537,0.33100459575653074,0.4462045967578888,0.9335591912269592,0.626892602443695,0.5593450784683227,0.7156659999999999,0.5266836047172546,0.6358468174934387,0.5164633750915527,0.8603196142,0.6657097816467286,0.76736980676651,0.8567018508911133,0.8783462047576904,0.8793158054351806,0.4076616108417511,0.8292874097824097
1644.0,0.8988625884056092,0.8234263777732849,0.9048010587692261,0.7373306035995484,0.47391865849494935,0.48792251348495486,0.8842456817626954,0.43051099181175234,0.2756879985332489,0.37013520002365113,0.689222,0.8339408755302429,0.3312027931213379,0.4464267909526825,0.9328655958175659,0.6268718123435975,0.5595523476600647,0.7155779999999999,0.5267827987670899,0.6353864192962646,0.5167031764984131,0.8604608176,0.6658816576004029,0.7673434019088745,0.8568196296691895,0.8790019750595093,0.8797554135322571,0.40818281173706056,0.8293972015380859
1645.0,0.8990809917449951,0.8235089778900146,0.9046443104743958,0.7373690009117126,0.4738333225250244,0.4886234998703003,0.8841859102249146,0.4307279884815216,0.27486899495124817,0.3706440031528473,0.68973,0.8339201211929321,0.331400990486145,0.4466489851474762,0.9321720004081726,0.6268510222434998,0.5597596168518066,0.71549,0.526881992816925,0.6349260210990906,0.5169429779052734,0.860602021,0.6660535335540771,0.767316997051239,0.8569374084472656,0.8796577453613281,0.8801950216293335,0.40870401263237,0.8295069932937622
1646.0,0.8986451983451843,0.8233871817588806,0.9046996235847473,0.737267005443573,0.4737678587436676,0.48927874565124513,0.8843228936195373,0.43075619339942933,0.2740827977657318,0.370812201499939,0.6906323999999999,0.834005069732666,0.33125319480896,0.4468189895153046,0.9322806000709534,0.6272396206855774,0.5600300192832947,0.715496,0.5270531892776489,0.6352936148643493,0.5167945861816406,0.861145222,0.6661332964897155,0.766826593875885,0.8571758151054383,0.8800847053527832,0.8797620177268982,0.4089886128902435,0.8296435475349426
1647.0,0.8982094049453735,0.8232653856277465,0.9047549366950989,0.7371650099754333,0.4737023949623108,0.48993399143218996,0.8844598770141602,0.43078439831733706,0.27329660058021543,0.37098039984703063,0.6915348,0.8340900182723999,0.3311053991317749,0.44698899388313296,0.9323891997337341,0.627628219127655,0.5603004217147827,0.715502,0.5272243857383728,0.6356612086296082,0.5166461944580079,0.861688423,0.666213059425354,0.766336190700531,0.8574142217636108,0.8805116653442383,0.8793290138244629,0.40927321314811704,0.829780101776123
1648.0,0.8977736115455628,0.8231435894966126,0.9048102498054504,0.7370630145072937,0.47363693118095396,0.49058923721313474,0.8845968604087829,0.43081260323524473,0.2725104033946991,0.3711485981941223,0.6924372,0.8341749668121338,0.33095760345458985,0.4471589982509613,0.9324977993965149,0.6280168175697327,0.5605708241462708,0.715508,0.5273955821990967,0.6360288023948669,0.516497802734375,0.862231624,0.6662928223609924,0.765845787525177,0.8576526284217835,0.8809386253356933,0.8788960099220275,0.4095578134059906,0.8299166560173035
1649.0,0.897337818145752,0.8230217933654785,0.904865562915802,0.736961019039154,0.47357146739959716,0.4912444829940796,0.8847338438034058,0.43084080815315245,0.27172420620918275,0.37131679654121397,0.6933396000000001,0.8342599153518677,0.33080980777740476,0.44732900261878966,0.9326063990592957,0.6284054160118103,0.5608412265777588,0.715514,0.5275667786598206,0.6363963961601258,0.5163494110107422,0.862774825,0.6663725852966309,0.765355384349823,0.857891035079956,0.8813655853271485,0.8784630060195923,0.40984241366386415,0.8300532102584839
1650.0,0.8969020247459412,0.8228999972343445,0.9049208760261536,0.7368590235710144,0.47350600361824036,0.4918997287750244,0.8848708271980286,0.4308690130710602,0.2709380090236664,0.37148499488830566,0.694242,0.8343448638916016,0.3306620121002197,0.44749900698661804,0.9327149987220764,0.6287940144538879,0.5611116290092468,0.71552,0.5277379751205444,0.6367639899253845,0.5162010192871094,0.863318026,0.6664523482322693,0.764864981174469,0.8581294417381287,0.8817925453186035,0.878030002117157,0.41012701392173767,0.8301897644996643
1651.0,0.8973816156387329,0.8231022000312805,0.9051104307174682,0.7370664238929748,0.47341880202293396,0.4924813747406006,0.8851177215576171,0.4310382127761841,0.27024840712547304,0.37231879830360415,0.6946436,0.8345033645629882,0.3308094084262848,0.44782700538635256,0.9327921986579895,0.6286946058273315,0.5614089608192444,0.715534,0.5276569843292236,0.6367765903472901,0.5163724184036255,0.862794423,0.6664706349372864,0.7645579814910889,0.8583677411079407,0.8823754072189331,0.8782674074172974,0.4102818131446838,0.830169415473938
1652.0,0.8978612065315247,0.8233044028282166,0.905299985408783,0.7372738242149353,0.47333160042762756,0.49306302070617675,0.8853646159172058,0.431207412481308,0.26955880522727965,0.3731526017189026,0.6950452,0.834661865234375,0.33095680475234984,0.448155003786087,0.9328693985939026,0.6285951972007752,0.561706292629242,0.715548,0.5275759935379029,0.6367891907691956,0.5165438175201416,0.86227082,0.6664889216423034,0.7642509818077088,0.8586060404777527,0.8829582691192627,0.8785048127174377,0.41043661236763,0.8301490664482116
1653.0,0.8983407974243164,0.8235066056251525,0.9054895401000976,0.7374812245368958,0.47324439883232117,0.49364466667175294,0.8856115102767944,0.43137661218643186,0.2688692033290863,0.37398640513420106,0.6954468,0.8348203659057617,0.33110420107841493,0.44848300218582154,0.9329465985298157,0.6284957885742187,0.5620036244392395,0.715562,0.527495002746582,0.636801791191101,0.5167152166366578,0.861747217,0.6665072083473206,0.7639439821243286,0.8588443398475647,0.8835411310195923,0.8787422180175781,0.41059141159057616,0.8301287174224854
1654.0,0.8988203883171082,0.8237088084220886,0.9056790947914124,0.7376886248588562,0.47315719723701477,0.4942263126373291,0.8858584046363831,0.4315458118915558,0.2681796014308929,0.3748202085494995,0.6958484,0.8349788665771485,0.33125159740447996,0.448811000585556,0.9330237984657288,0.6283963799476624,0.562300956249237,0.715576,0.5274140119552613,0.6368143916130066,0.5168866157531739,0.861223614,0.6665254950523376,0.7636369824409485,0.8590826392173767,0.8841239929199218,0.8789796233177185,0.41074621081352236,0.830108368396759
1655.0,0.8992999792098999,0.8239110112190247,0.905868649482727,0.7378960251808167,0.4730699956417084,0.4948079586029053,0.8861052989959717,0.4317150115966797,0.2674899995326996,0.375654011964798,0.69625,0.8351373672485352,0.33139899373054504,0.4491389989852905,0.9331009984016418,0.628296971321106,0.5625982880592346,0.71559,0.5273330211639404,0.6368269920349121,0.5170580148696899,0.860700011,0.6665437817573547,0.7633299827575684,0.8593209385871887,0.8847068548202515,0.8792170286178589,0.4109010100364685,0.8300880193710327
1656.0,0.8987189888954162,0.8232730031013489,0.9056833386421204,0.7377130150794983,0.4729411959648132,0.49542354941368105,0.8854415893554688,0.43131300806999207,0.26677680015563965,0.37622401118278503,0.6964978000000001,0.8349138259887695,0.3315463960170746,0.4493120014667511,0.9334318041801453,0.6285597801208496,0.5627488255500793,0.7158359999999999,0.5274188160896301,0.6370313882827758,0.517229413986206,0.8606084106,0.6669083356857299,0.763159990310669,0.8587017774581909,0.8850777745246887,0.8791040182113647,0.4107646107673645,0.8301582098007202
1657.0,0.8981379985809326,0.8226349949836731,0.9054980278015137,0.7375300049781799,0.4728123962879181,0.4960391402244568,0.8847778797149658,0.43091100454330444,0.2660636007785797,0.3767940104007721,0.6967456000000001,0.8346902847290039,0.3316937983036041,0.44948500394821167,0.9337626099586487,0.6288225889205933,0.562899363040924,0.716082,0.5275046110153199,0.6372357845306397,0.5174008131027221,0.8605168102,0.6672728896141052,0.7629899978637695,0.8580826163291931,0.885448694229126,0.8789910078048706,0.4106282114982605,0.8302284002304077
1658.0,0.897557008266449,0.8219969868659973,0.905312716960907,0.7373469948768616,0.47268359661102294,0.49665473103523256,0.8841141700744629,0.4305090010166168,0.2653504014015198,0.37736400961875916,0.6969934,0.8344667434692383,0.33184120059013367,0.44965800642967224,0.9340934157371521,0.6290853977203369,0.5630499005317688,0.716328,0.5275904059410095,0.6374401807785034,0.5175722122192383,0.8604252098,0.6676374435424804,0.7628200054168701,0.8574634552001953,0.8858196139335632,0.8788779973983765,0.4104918122291565,0.8302985906600953
1659.0,0.8969760179519654,0.8213589787483215,0.9051274061203003,0.7371639847755432,0.47255479693412783,0.4972703218460083,0.8834504604339599,0.4301069974899292,0.26463720202445984,0.3779340088367462,0.6972412,0.8342432022094727,0.3319886028766632,0.4498310089111328,0.9344242215156555,0.6293482065200806,0.5632004380226135,0.716574,0.5276762008666992,0.6376445770263672,0.5177436113357544,0.8603336094,0.6680019974708558,0.7626500129699707,0.8568442940711976,0.8861905336380005,0.8787649869918823,0.4103554129600525,0.8303687810897827
1660.0,0.8963950276374817,0.8207209706306458,0.9049420952796936,0.7369809746742249,0.47242599725723267,0.49788591265678406,0.882786750793457,0.4297049939632416,0.2639240026473999,0.3785040080547333,0.697489,0.834019660949707,0.33213600516319275,0.4500040113925934,0.9347550272941589,0.6296110153198242,0.5633509755134583,0.71682,0.5277619957923889,0.637848973274231,0.5179150104522705,0.860242009,0.668366551399231,0.7624800205230713,0.8562251329421997,0.8865614533424377,0.8786519765853882,0.4102190136909485,0.8304389715194702
1661.0,0.8964460253715515,0.8208749771118165,0.9055308341979981,0.7367899775505066,0.47233359813690184,0.4982171177864075,0.8829412698745728,0.430063396692276,0.26309640407562257,0.37909760475158694,0.6984082,0.8340035915374756,0.331986802816391,0.4502776086330414,0.9344042181968689,0.6296174168586731,0.5634752750396729,0.71667,0.5279701948165894,0.6380821824073791,0.5179166078567505,0.8602570056000001,0.6684063673019409,0.7619270205497741,0.855457878112793,0.8868748784065247,0.8779423832893372,0.41031461358070376,0.8303829789161682
1662.0,0.8964970231056213,0.821028983592987,0.9061195731163025,0.7365989804267883,0.472241199016571,0.4985483229160309,0.8830957889556885,0.4304217994213104,0.26226880550384524,0.37969120144844054,0.6993274,0.8339875221252442,0.3318376004695892,0.4505512058734894,0.9340534090995789,0.629623818397522,0.5635995745658875,0.71652,0.5281783938407898,0.6383153915405273,0.5179182052612304,0.8602720022,0.6684461832046509,0.7613740205764771,0.8546906232833862,0.8871883034706116,0.8772327899932861,0.410410213470459,0.8303269863128662
1663.0,0.8965480208396912,0.8211829900741577,0.9067083120346069,0.7364079833030701,0.47214879989624026,0.4988795280456543,0.8832503080368042,0.43078020215034485,0.26144120693206785,0.3802847981452942,0.7002465999999999,0.8339714527130127,0.3316883981227875,0.45082480311393736,0.9337026000022888,0.6296302199363708,0.563723874092102,0.71637,0.5283865928649902,0.6385486006736756,0.5179198026657105,0.8602869988,0.6684859991073608,0.7608210206031799,0.8539233684539795,0.8875017285346984,0.8765231966972351,0.41050581336021424,0.8302709937095643
1664.0,0.896599018573761,0.8213369965553283,0.9072970509529114,0.7362169861793518,0.47205640077590943,0.4992107331752777,0.8834048271179199,0.4311386048793793,0.2606136083602905,0.3808783948421478,0.7011658,0.8339553833007812,0.33153919577598573,0.45109840035438536,0.9333517909049988,0.6296366214752197,0.5638481736183166,0.71622,0.5285947918891907,0.6387818098068238,0.5179214000701904,0.8603019954,0.6685258150100708,0.7602680206298829,0.8531561136245728,0.8878151535987854,0.8758136034011841,0.41060141324996946,0.8302150011062622
1665.0,0.8966500163078308,0.821491003036499,0.9078857898712158,0.7360259890556335,0.4719640016555786,0.4995419383049011,0.8835593461990356,0.4314970076084137,0.2597860097885132,0.38147199153900146,0.702085,0.8339393138885498,0.33138999342918396,0.4513719975948334,0.9330009818077087,0.6296430230140686,0.5639724731445312,0.71607,0.5288029909133911,0.6390150189399719,0.5179229974746704,0.860316992,0.6685656309127808,0.7597150206565857,0.852388858795166,0.8881285786628723,0.8751040101051331,0.41069701313972473,0.8301590085029602
1666.0,0.8967566132545471,0.8215026021003723,0.908388352394104,0.7360485911369323,0.47186520099639895,0.49980870485305784,0.8835578203201294,0.4314966082572937,0.2591510057449341,0.381754994392395,0.7026711999999999,0.8338882803916932,0.3314277946949005,0.4514761984348297,0.931974983215332,0.6293968200683594,0.5640641331672669,0.71607,0.5288253903388977,0.6392806172370911,0.5180462002754211,0.8604429962,0.668467891216278,0.7590694189071655,0.8516854643821716,0.8884042739868164,0.8751620054244995,0.410711008310318,0.8300847887992859
1667.0,0.8968632102012635,0.8215142011642456,0.9088909149169921,0.7360711932182312,0.4717664003372192,0.5000754714012146,0.8835562944412232,0.4314962089061737,0.25851600170135497,0.3820379972457886,0.7032573999999999,0.8338372468948364,0.3314655959606171,0.45158039927482607,0.9309489846229553,0.6291506171226502,0.5641557931900024,0.71607,0.5288477897644043,0.6395462155342102,0.5181694030761719,0.8605690004,0.6683701515197754,0.7584238171577453,0.8509820699691772,0.8886799693107605,0.875220000743866,0.41072500348091123,0.8300105690956116
1668.0,0.8969698071479797,0.8215258002281189,0.9093934774398804,0.73609379529953,0.47166759967803956,0.5003422379493714,0.8835547685623169,0.43149580955505373,0.2578809976577759,0.38232100009918213,0.7038436,0.8337862133979798,0.3315033972263336,0.45168460011482237,0.9299229860305787,0.6289044141769409,0.5642474532127381,0.71607,0.5288701891899109,0.6398118138313293,0.5182926058769226,0.8606950046,0.6682724118232727,0.7577782154083252,0.8502786755561829,0.8889556646347045,0.8752779960632324,0.41073899865150454,0.8299363493919373
1669.0,0.897076404094696,0.8215373992919922,0.9098960399627686,0.7361163973808289,0.47156879901885984,0.5006090044975281,0.8835532426834106,0.4314954102039337,0.25724599361419676,0.3826040029525757,0.7044298,0.833735179901123,0.33154119849205016,0.4517888009548187,0.9288969874382019,0.6286582112312317,0.5643391132354736,0.71607,0.5288925886154174,0.6400774121284485,0.5184158086776733,0.8608210088,0.6681746721267701,0.757132613658905,0.8495752811431885,0.8892313599586487,0.8753359913825989,0.4107529938220978,0.8298621296882629
1670.0,0.8971830010414124,0.8215489983558655,0.9103986024856567,0.7361389994621277,0.4714699983596802,0.5008757710456848,0.8835517168045044,0.4314950108528137,0.2566109895706177,0.38288700580596924,0.705016,0.8336841464042664,0.3315789997577667,0.45189300179481506,0.9278709888458252,0.6284120082855225,0.5644307732582092,0.71607,0.5289149880409241,0.6403430104255676,0.5185390114784241,0.860947013,0.6680769324302673,0.7564870119094849,0.8488718867301941,0.8895070552825928,0.8753939867019653,0.41076698899269104,0.8297879099845886
1671.0,0.8973474025726318,0.8211948037147522,0.9099260687828064,0.7361853957176209,0.4713319957256317,0.5012765645980835,0.8823678374290467,0.4314162075519562,0.25577999353408815,0.38325920701026917,0.7055148,0.8333441019058228,0.3317134022712708,0.45207459926605226,0.9284435868263244,0.6287268042564392,0.564472496509552,0.7159639999999999,0.5289383888244629,0.6402472138404847,0.5185406088829041,0.860647607,0.6679830312728882,0.7557634115219116,0.8484656095504761,0.8895846128463745,0.875408387184143,0.4106879889965057,0.8296814322471618
1672.0,0.8975118041038513,0.8208406090736389,0.9094535350799561,0.7362317919731141,0.4711939930915833,0.5016773581504822,0.8811839580535888,0.4313374042510986,0.2549489974975586,0.3836314082145691,0.7060136,0.8330040574073792,0.33184780478477477,0.45225619673728945,0.9290161848068237,0.629041600227356,0.5645142197608948,0.715858,0.5289617896080017,0.6401514172554016,0.518542206287384,0.860348201,0.667889130115509,0.7550398111343384,0.848059332370758,0.8896621704101563,0.8754227876663208,0.41060898900032045,0.8295749545097351
1673.0,0.8976762056350708,0.8204864144325257,0.9089810013771057,0.7362781882286071,0.47105599045753477,0.5020781517028808,0.8800000786781311,0.4312586009502411,0.25411800146102903,0.384003609418869,0.7065123999999999,0.8326640129089355,0.3319822072982788,0.4524377942085266,0.929588782787323,0.6293563961982727,0.5645559430122375,0.7157519999999999,0.5289851903915406,0.6400556206703186,0.518543803691864,0.860048795,0.6677952289581299,0.7543162107467651,0.8476530551910401,0.889739727973938,0.8754371881484986,0.4105299890041351,0.8294684767723084
1674.0,0.8978406071662903,0.8201322197914124,0.9085084676742554,0.7363245844841003,0.4709179878234863,0.5024789452552796,0.8788161993026733,0.4311797976493835,0.2532870054244995,0.38437581062316895,0.7070112,0.8323239684104919,0.3321166098117828,0.4526193916797638,0.9301613807678223,0.6296711921691894,0.5645976662635803,0.715646,0.5290085911750794,0.6399598240852356,0.518545401096344,0.859749389,0.6677013278007508,0.7535926103591919,0.847246778011322,0.8898172855377198,0.8754515886306763,0.41045098900794985,0.8293619990348816
1675.0,0.8980050086975098,0.8197780251502991,0.908035933971405,0.7363709807395935,0.47077998518943787,0.5028797388076782,0.8776323199272156,0.431100994348526,0.25245600938796997,0.38474801182746887,0.70751,0.8319839239120483,0.33225101232528687,0.452800989151001,0.9307339787483215,0.6299859881401062,0.5646393895149231,0.71554,0.5290319919586182,0.6398640275001526,0.518546998500824,0.859449983,0.6676074266433716,0.7528690099716187,0.846840500831604,0.8898948431015015,0.875465989112854,0.4103719890117645,0.8292555212974548
1676.0,0.8980670094490051,0.8197394251823426,0.9077625393867492,0.7363363862037658,0.47062758803367616,0.5030914783477783,0.8774377465248108,0.4311425983905792,0.25156140625476836,0.3852974116802216,0.7079082,0.8318212151527404,0.332448410987854,0.45302839279174806,0.9309643864631653,0.6300509929656982,0.564651608467102,0.71542,0.5292467951774598,0.6401064276695252,0.5186800003051758,0.8594145896,0.6675358176231384,0.7522106051445008,0.8463718295097351,0.8896569609642029,0.875562596321106,0.4103429913520813,0.8291287899017334
1677.0,0.8981290102005005,0.819700825214386,0.9074891448020935,0.7363017916679382,0.47047519087791445,0.5033032178878785,0.877243173122406,0.43118420243263245,0.25066680312156675,0.38584681153297423,0.7083064,0.8316585063934326,0.3326458096504211,0.45325579643249514,0.931194794178009,0.6301159977912902,0.564663827419281,0.7152999999999999,0.5294615983963012,0.6403488278388977,0.5188130021095276,0.8593791961999999,0.6674642086029052,0.7515522003173828,0.8459031581878662,0.8894190788269043,0.8756592035293579,0.41031399369239807,0.8290020585060119
1678.0,0.8981910109519958,0.8196622252464294,0.9072157502174377,0.7362671971321106,0.4703227937221527,0.5035149574279785,0.8770485997200013,0.43122580647468567,0.24977219998836517,0.38639621138572694,0.7087046,0.8314957976341247,0.3328432083129883,0.45348320007324217,0.9314252018928528,0.6301810026168824,0.56467604637146,0.71518,0.5296764016151428,0.6405912280082703,0.5189460039138794,0.8593438028,0.6673925995826722,0.7508937954902649,0.8454344868659973,0.8891811966896057,0.8757558107376099,0.41028499603271484,0.8288753271102905
1679.0,0.8982530117034913,0.8196236252784729,0.906942355632782,0.736232602596283,0.470170396566391,0.5037266969680786,0.8768540263175965,0.4312674105167389,0.24887759685516359,0.3869456112384796,0.7091028,0.8313330888748169,0.33304060697555543,0.45371060371398925,0.9316556096076966,0.6302460074424744,0.5646882653236389,0.71506,0.5298912048339843,0.6408336281776428,0.5190790057182312,0.8593084094,0.667320990562439,0.7502353906631469,0.8449658155441284,0.8889433145523071,0.8758524179458618,0.4102559983730316,0.828748595714569
1680.0,0.8983150124549866,0.8195850253105164,0.9066689610481262,0.7361980080604553,0.4700179994106293,0.5039384365081787,0.8766594529151917,0.4313090145587921,0.24798299372196198,0.3874950110912323,0.709501,0.831170380115509,0.33323800563812256,0.45393800735473633,0.9318860173225403,0.6303110122680664,0.5647004842758179,0.71494,0.5301060080528259,0.6410760283470154,0.519212007522583,0.859273016,0.6672493815422058,0.749576985836029,0.8444971442222595,0.8887054324150085,0.8759490251541138,0.4102270007133484,0.8286218643188477
1681.0,0.8981866121292115,0.81946702003479,0.9064458847045899,0.7363004088401794,0.4698630690574646,0.5043681621551513,0.8765336036682129,0.4313322126865387,0.24745359420776367,0.3877884089946747,0.7098604000000001,0.8311941862106323,0.33321660161018374,0.4542060077190399,0.9316028118133545,0.6307340145111084,0.5648230314254761,0.714978,0.5302170038223266,0.6409994244575501,0.5191564083099365,0.8590286131999999,0.6673225998878479,0.7488849878311157,0.8440378665924072,0.8879195809364319,0.8764434218406677,0.410208398103714,0.828491497039795
1682.0,0.8980582118034363,0.8193490147590637,0.9062228083610535,0.7364028096199036,0.46970813870429995,0.504797887802124,0.8764077544212341,0.4313554108142853,0.24692419469356536,0.38808180689811705,0.7102198000000001,0.8312179923057557,0.33319519758224486,0.4544740080833435,0.9313196063041687,0.6311570167541504,0.5649455785751343,0.715016,0.5303279995918274,0.6409228205680847,0.5191008090972901,0.8587842104,0.66739581823349,0.7481929898262024,0.8435785889625549,0.8871337294578552,0.8769378185272216,0.4101897954940796,0.8283611297607422
1683.0,0.8979298114776612,0.8192310094833374,0.905999732017517,0.7365052103996277,0.46955320835113523,0.5052276134490967,0.8762819051742554,0.43137860894203184,0.24639479517936708,0.38837520480155946,0.7105792,0.8312417984008789,0.33317379355430604,0.4547420084476471,0.931036400794983,0.6315800189971924,0.5650681257247925,0.7150540000000001,0.5304389953613281,0.6408462166786194,0.5190452098846435,0.8585398075999999,0.667469036579132,0.747500991821289,0.8431193113327027,0.8863478779792786,0.8774322152137757,0.4101711928844452,0.8282307624816895
1684.0,0.8978014111518859,0.8191130042076111,0.9057766556739807,0.7366076111793518,0.46939827799797057,0.5056573390960694,0.8761560559272766,0.43140180706977843,0.24586539566516877,0.3886686027050018,0.7109386,0.8312656044960022,0.33315238952636717,0.4550100088119507,0.9307531952857971,0.6320030212402343,0.5651906728744507,0.7150920000000001,0.5305499911308289,0.640769612789154,0.5189896106719971,0.8582954048,0.6675422549247741,0.7468089938163758,0.8426600337028504,0.8855620265007019,0.8779266119003296,0.41015259027481077,0.8281003952026367
1685.0,0.8976730108261108,0.8189949989318848,0.9055535793304443,0.7367100119590759,0.4692433476448059,0.506087064743042,0.8760302066802979,0.431425005197525,0.24533599615097046,0.3889620006084442,0.711298,0.8312894105911255,0.33313098549842834,0.4552780091762543,0.9304699897766113,0.6324260234832764,0.5653132200241089,0.71513,0.5306609869003296,0.6406930088996887,0.5189340114593506,0.858051002,0.6676154732704163,0.7461169958114624,0.842200756072998,0.8847761750221252,0.8784210085868835,0.4101339876651764,0.827970027923584
1686.0,0.8976458072662353,0.8186579942703247,0.9053326845169067,0.7366314053535461,0.46909667253494264,0.5075778245925904,0.8751898407936096,0.4312644064426422,0.24445919692516327,0.3892895996570587,0.7117247999999999,0.8318819999694824,0.3330755889415741,0.4554178059101105,0.9300421953201294,0.63235422372818,0.5659065961837768,0.715052,0.5305623888969422,0.6405136108398437,0.519126009941101,0.8582694054,0.668245816230774,0.7454504013061524,0.8418413639068604,0.8846926093101501,0.8782584071159363,0.4100441873073578,0.8276250720024109
1687.0,0.8976186037063598,0.8183209896087646,0.9051117897033691,0.7365527987480164,0.46894999742507937,0.5090685844421386,0.8743494749069214,0.4311038076877594,0.24358239769935608,0.38961719870567324,0.7121516,0.8324745893478394,0.33302019238471986,0.45555760264396666,0.9296144008636474,0.6322824239730835,0.5664999723434448,0.714974,0.5304637908935547,0.6403342127799988,0.5193180084228516,0.8584878088,0.6688761591911316,0.7447838068008423,0.8414819717407227,0.884609043598175,0.878095805644989,0.4099543869495392,0.8272801160812377
1688.0,0.8975914001464844,0.8179839849472046,0.9048908948898315,0.7364741921424866,0.46880332231521604,0.510559344291687,0.8735091090202332,0.4309432089328766,0.2427055984735489,0.3899447977542877,0.7125784,0.8330671787261963,0.3329647958278656,0.4556973993778229,0.9291866064071655,0.632210624217987,0.5670933485031128,0.7148960000000001,0.5303651928901673,0.6401548147201538,0.519510006904602,0.8587062122,0.6695065021514892,0.7441172122955322,0.8411225795745849,0.8845254778862,0.8779332041740417,0.4098645865917206,0.8269351601600647
1689.0,0.8975641965866089,0.8176469802856445,0.904670000076294,0.7363955855369568,0.46865664720535277,0.5120501041412353,0.8726687431335449,0.4307826101779938,0.2418287992477417,0.3902723968029022,0.7130052,0.8336597681045532,0.3329093992710114,0.45583719611167905,0.9287588119506835,0.6321388244628906,0.5676867246627808,0.7148180000000001,0.5302665948867797,0.6399754166603089,0.5197020053863526,0.8589246156,0.6701368451118469,0.7434506177902221,0.8407631874084472,0.8844419121742249,0.8777706027030945,0.40977478623390196,0.8265902042388916
1690.0,0.8975369930267334,0.8173099756240845,0.9044491052627563,0.736316978931427,0.4685099720954895,0.5135408639907837,0.8718283772468567,0.43062201142311096,0.2409520000219345,0.3905999958515167,0.713432,0.8342523574829102,0.3328540027141571,0.4559769928455353,0.9283310174942017,0.6320670247077942,0.5682801008224487,0.71474,0.5301679968833923,0.6397960186004639,0.519894003868103,0.859143019,0.6707671880722046,0.7427840232849121,0.8404037952423096,0.8843583464622498,0.8776080012321472,0.4096849858760834,0.8262452483177185
1691.0,0.8974829912185669,0.8171289801597595,0.9045764327049255,0.7363127827644348,0.4683129727840424,0.5146963596343994,0.8714738965034485,0.43069360852241517,0.24039919972419738,0.3910455942153931,0.7139336,0.8346672296524048,0.3329412043094635,0.45617019534111025,0.9287460088729859,0.6325372219085693,0.5685734868049621,0.7146060000000001,0.5303679943084717,0.6400122165679931,0.5198224067687989,0.85879581,0.6714548945426941,0.7420600175857544,0.8397948384284973,0.8828898072242737,0.8777503967285156,0.4096289873123169,0.8260229349136352
1692.0,0.8974289894104004,0.8169479846954346,0.9047037601470947,0.7363085865974426,0.4681159734725952,0.5158518552780151,0.8711194157600403,0.4307652056217194,0.23984639942646027,0.3914911925792694,0.7144351999999999,0.8350821018218995,0.3330284059047699,0.45636339783668517,0.9291610002517701,0.6330074191093444,0.5688668727874756,0.714472,0.5305679917335511,0.6402284145355225,0.5197508096694946,0.858448601,0.6721426010131836,0.7413360118865967,0.8391858816146851,0.8814212679862976,0.877892792224884,0.4095729887485504,0.825800621509552
1693.0,0.8973749876022339,0.8167669892311096,0.9048310875892639,0.7363043904304505,0.4679189741611481,0.5170073509216309,0.8707649350166321,0.43083680272102354,0.23929359912872314,0.39193679094314576,0.7149368,0.835496973991394,0.3331156075000763,0.45655660033226014,0.9295759916305542,0.6334776163101197,0.569160258769989,0.714338,0.5307679891586303,0.6404446125030517,0.5196792125701905,0.858101392,0.6728303074836731,0.7406120061874389,0.8385769248008728,0.8799527287483215,0.8780351877212524,0.40951699018478394,0.8255783081054687
1694.0,0.8973209857940674,0.8165859937667846,0.9049584150314331,0.7363001942634583,0.4677219748497009,0.5181628465652466,0.8704104542732238,0.43090839982032775,0.23874079883098603,0.3923823893070221,0.7154384,0.8359118461608886,0.3332028090953827,0.45674980282783506,0.9299909830093384,0.6339478135108948,0.5694536447525025,0.714204,0.5309679865837097,0.6406608104705811,0.5196076154708862,0.857754183,0.6735180139541626,0.7398880004882813,0.8379679679870605,0.8784841895103455,0.8781775832176208,0.40946099162101746,0.8253559947013855
1695.0,0.8972669839859009,0.8164049983024597,0.9050857424736023,0.7362959980964661,0.4675249755382538,0.5193183422088623,0.8700559735298157,0.43097999691963196,0.2381879985332489,0.39282798767089844,0.71594,0.8363267183303833,0.3332900106906891,0.45694300532341003,0.9304059743881226,0.6344180107116699,0.5697470307350159,0.71407,0.5311679840087891,0.6408770084381104,0.519536018371582,0.857406974,0.6742057204246521,0.7391639947891235,0.8373590111732483,0.8770156502723694,0.8783199787139893,0.409404993057251,0.8251336812973022
1696.0,0.8980977892875671,0.8164531946182251,0.9054452180862427,0.7363181948661804,0.467361307144165,0.5202503681182862,0.870025384426117,0.43104139566421507,0.23761339783668517,0.3931437909603119,0.7162402,0.8366231322288513,0.33340001106262207,0.457598602771759,0.9302973747253418,0.6345476031303405,0.5698404431343078,0.714132,0.531378984451294,0.6408210039138794,0.5198092103004456,0.8571055772,0.6749316811561584,0.738973593711853,0.83658367395401,0.8758231163024902,0.8785427808761597,0.4094023942947388,0.8248332977294922
1697.0,0.8989285945892334,0.8165013909339904,0.9058046936988831,0.7363403916358948,0.4671976387500763,0.5211823940277099,0.8699947953224182,0.43110279440879823,0.23703879714012147,0.3934595942497253,0.7165404,0.8369195461273193,0.33351001143455505,0.45825420022010804,0.930188775062561,0.6346771955490113,0.5699338555335999,0.714194,0.5315899848937988,0.6407649993896485,0.5200824022293091,0.8568041804000001,0.6756576418876648,0.7387831926345825,0.8358083367347717,0.874630582332611,0.8787655830383301,0.40939979553222655,0.8245329141616822
1698.0,0.8997593998908997,0.8165495872497559,0.9061641693115234,0.7363625884056091,0.46703397035598754,0.5221144199371338,0.8699642062187195,0.43116419315338134,0.23646419644355773,0.3937753975391388,0.7168406,0.8372159600257874,0.33362001180648804,0.458909797668457,0.9300801753997803,0.6348067879676819,0.5700272679328918,0.714256,0.5318009853363037,0.6407089948654174,0.5203555941581726,0.8565027836,0.6763836026191712,0.7385927915573121,0.8350329995155334,0.873438048362732,0.8789883852005005,0.40939719676971437,0.824232530593872
1699.0,0.9005902051925659,0.8165977835655213,0.9065236449241638,0.7363847851753235,0.4668703019618988,0.5230464458465576,0.8699336171150207,0.4312255918979645,0.23588959574699403,0.39409120082855226,0.7171408,0.8375123739242554,0.333730012178421,0.45956539511680605,0.9299715757369995,0.6349363803863526,0.5701206803321839,0.714318,0.5320119857788086,0.6406529903411865,0.5206287860870361,0.8562013868,0.6771095633506775,0.7384023904800415,0.8342576622962952,0.8722455143928528,0.8792111873626709,0.4093945980072021,0.823932147026062
1700.0,0.9014210104942322,0.8166459798812866,0.9068831205368042,0.7364069819450378,0.46670663356781006,0.5239784717559814,0.869903028011322,0.4312869906425476,0.2353149950504303,0.3944070041179657,0.717441,0.8378087878227234,0.333840012550354,0.46022099256515503,0.9298629760742188,0.6350659728050232,0.5702140927314758,0.71438,0.5322229862213135,0.6405969858169556,0.5209019780158997,0.85589999,0.6778355240821838,0.738211989402771,0.8334823250770569,0.8710529804229736,0.8794339895248413,0.40939199924468994,0.823631763458252
1701.0,0.90073721408844,0.8166325807571411,0.9071238398551941,0.7364443898200989,0.4665069043636322,0.524105703830719,0.868809974193573,0.4310849905014038,0.2349315971136093,0.3947896003723145,0.717822,0.8379735112190246,0.33390401005744935,0.46006699204444884,0.9297577857971191,0.6355705738067627,0.5704076886177063,0.714168,0.5319769859313965,0.6405577898025513,0.52106614112854,0.8556683902000001,0.6775457620620727,0.7371107935905457,0.8325079679489136,0.8689567565917968,0.8796555876731873,0.40928699970245364,0.8233554601669312
1702.0,0.9000534176826477,0.8166191816329956,0.9073645591735839,0.7364817976951599,0.46630717515945436,0.5242329359054565,0.8677169203758239,0.43088299036026,0.23454819917678832,0.3951721966266632,0.718203,0.8381382346153259,0.3339680075645447,0.45991299152374265,0.9296525955200196,0.6360751748085022,0.5706012845039368,0.713956,0.5317309856414795,0.640518593788147,0.5212303042411804,0.8554367904000001,0.6772560000419616,0.7360095977783203,0.8315336108207703,0.8668605327606201,0.8798771858215332,0.4091820001602173,0.8230791568756104
1703.0,0.8993696212768555,0.8166057825088501,0.9076052784919739,0.736519205570221,0.4661074459552765,0.5243601679801941,0.866623866558075,0.4306809902191162,0.23416480123996736,0.395554792881012,0.718584,0.8383029580116272,0.33403200507164,0.4597589910030365,0.9295474052429199,0.6365797758102417,0.5707948803901672,0.7137439999999999,0.5314849853515625,0.6404793977737426,0.5213944673538208,0.8552051906,0.6769662380218506,0.734908401966095,0.830559253692627,0.8647643089294433,0.8800987839698792,0.40907700061798097,0.8228028535842895
1704.0,0.8986858248710632,0.8165923833847046,0.9078459978103638,0.736556613445282,0.46590771675109866,0.5244874000549317,0.865530812740326,0.4304789900779724,0.23378140330314637,0.3959373891353607,0.7189650000000001,0.8384676814079285,0.33409600257873534,0.45960499048233033,0.9294422149658204,0.6370843768119812,0.5709884762763977,0.7135319999999999,0.5312389850616455,0.6404402017593384,0.5215586304664612,0.8549735908,0.6766764760017395,0.7338072061538696,0.8295848965644836,0.8626680850982666,0.880320382118225,0.4089720010757446,0.8225265502929687
1705.0,0.898002028465271,0.8165789842605591,0.9080867171287537,0.736594021320343,0.4657079875469208,0.5246146321296692,0.8644377589225769,0.4302769899368286,0.23339800536632538,0.3963199853897095,0.719346,0.8386324048042297,0.3341600000858307,0.45945098996162415,0.9293370246887207,0.6375889778137207,0.5711820721626282,0.71332,0.5309929847717285,0.6404010057449341,0.5217227935791016,0.854741991,0.6763867139816284,0.7327060103416443,0.8286105394363403,0.8605718612670898,0.880541980266571,0.4088670015335083,0.822250247001648
1706.0,0.898313021659851,0.8164975881576538,0.9082722306251526,0.7366018176078797,0.4655057191848755,0.5248667359352112,0.8633264780044556,0.430378794670105,0.23279260396957396,0.39677398800849917,0.7197236,0.8386519193649292,0.3342036008834839,0.4596077919006348,0.9291204214096069,0.6376457810401917,0.571222972869873,0.713314,0.5310175895690918,0.640380609035492,0.521645438671112,0.8542319898,0.6760127782821655,0.7318660140037536,0.8274484395980835,0.8585615754127502,0.8807599782943726,0.4087945997714996,0.8221126556396484
1707.0,0.8986240148544311,0.8164161920547486,0.9084577441215516,0.7366096138954162,0.4653034508228302,0.5251188397407531,0.8622151970863342,0.43048059940338135,0.23218720257282258,0.3972279906272888,0.7201012,0.8386714339256287,0.3342472016811371,0.4597645938396454,0.9289038181304932,0.6377025842666626,0.5712638735771179,0.7133079999999999,0.5310421943664551,0.6403602123260498,0.5215680837631226,0.8537219886,0.6756388425827027,0.7310260176658631,0.8262863397598267,0.8565512895584106,0.8809779763221741,0.40872219800949094,0.8219750642776489
1708.0,0.8989350080490113,0.8163347959518432,0.9086432576179504,0.7366174101829529,0.4651011824607849,0.5253709435462952,0.8611039161682129,0.4305824041366577,0.23158180117607116,0.3976819932460785,0.7204788000000001,0.8386909484863281,0.3342908024787903,0.459921395778656,0.9286872148513794,0.6377593874931335,0.5713047742843628,0.713302,0.5310667991638184,0.6403398156166077,0.521490728855133,0.8532119874,0.6752649068832397,0.7301860213279724,0.8251242399215698,0.854541003704071,0.8811959743499755,0.4086497962474823,0.8218374729156495
1709.0,0.8992460012435913,0.816253399848938,0.9088287711143493,0.7366252064704895,0.4648989140987396,0.5256230473518372,0.8599926352500915,0.4306842088699341,0.23097639977931977,0.39813599586486814,0.7208564000000001,0.8387104630470276,0.3343344032764435,0.4600781977176666,0.9284706115722656,0.6378161907196045,0.5713456749916077,0.7132959999999999,0.5310914039611816,0.6403194189071655,0.5214133739471436,0.8527019862,0.6748909711837768,0.7293460249900818,0.823962140083313,0.8525307178497314,0.8814139723777771,0.40857739448547364,0.8216998815536499
1710.0,0.8995569944381714,0.8161720037460327,0.9090142846107483,0.7366330027580261,0.46469664573669434,0.5258751511573792,0.8588813543319702,0.43078601360321045,0.23037099838256836,0.39858999848365784,0.721234,0.838729977607727,0.3343780040740967,0.46023499965667725,0.9282540082931519,0.6378729939460754,0.5713865756988525,0.71329,0.5311160087585449,0.6402990221977234,0.521336019039154,0.852191985,0.674517035484314,0.7285060286521912,0.8228000402450562,0.8505204319953918,0.8816319704055786,0.40850499272346497,0.8215622901916504
1711.0,0.8993995904922485,0.8159710049629212,0.9091169834136963,0.7365653991699219,0.46443831324577334,0.5263145565986633,0.857742714881897,0.4306392133235931,0.2297329992055893,0.39881019592285155,0.7216926,0.8385317087173462,0.33434720039367677,0.46025480031967164,0.9283974051475525,0.6380649924278259,0.5711984634399414,0.713124,0.5311766028404236,0.640704619884491,0.5213981986045837,0.8516699912000001,0.67401682138443,0.7272096276283264,0.8213563680648803,0.8478767395019531,0.881473970413208,0.4086607933044434,0.8214044570922852
1712.0,0.8992421865463257,0.8157700061798095,0.9092196822166443,0.7364977955818176,0.4641799807548523,0.5267539620399475,0.8566040754318237,0.43049241304397584,0.22909500002861022,0.39903039336204527,0.7221512,0.8383334398269653,0.33431639671325686,0.46027460098266604,0.9285408020019531,0.6382569909095764,0.5710103511810303,0.712958,0.5312371969223022,0.6411102175712585,0.5214603781700134,0.8511479974,0.6735166072845459,0.7259132266044617,0.8199126958847046,0.8452330470085144,0.8813159704208374,0.40881659388542174,0.8212466239929199
1713.0,0.8990847826004028,0.815569007396698,0.9093223810195923,0.7364301919937134,0.4639216482639313,0.5271933674812317,0.8554654359817505,0.4303456127643585,0.22845700085163118,0.39925059080123904,0.7226098000000001,0.8381351709365845,0.3342855930328369,0.4602944016456604,0.9286841988563538,0.6384489893913269,0.5708222389221191,0.712792,0.531297791004181,0.6415158152580261,0.5215225577354431,0.8506260036000001,0.6730163931846619,0.7246168255805969,0.8184690237045288,0.8425893545150757,0.8811579704284668,0.40897239446640016,0.8210887908935547
1714.0,0.89892737865448,0.8153680086135864,0.9094250798225403,0.7363625884056091,0.46366331577301023,0.5276327729225159,0.8543267965316772,0.43019881248474123,0.2278190016746521,0.39947078824043275,0.7230684000000001,0.8379369020462036,0.334254789352417,0.4603142023086548,0.9288275957107544,0.6386409878730774,0.570634126663208,0.712626,0.5313583850860596,0.6419214129447937,0.5215847373008728,0.8501040098,0.6725161790847778,0.7233204245567322,0.8170253515243531,0.839945662021637,0.8809999704360962,0.4091281950473785,0.8209309577941895
1715.0,0.8987699747085571,0.8151670098304749,0.9095277786254883,0.7362949848175049,0.46340498328208923,0.5280721783638,0.853188157081604,0.4300520122051239,0.22718100249767303,0.39969098567962646,0.723527,0.8377386331558228,0.33422398567199707,0.46033400297164917,0.928970992565155,0.6388329863548279,0.5704460144042969,0.71246,0.5314189791679382,0.6423270106315613,0.5216469168663025,0.849582016,0.6720159649848938,0.7220240235328674,0.8155816793441772,0.8373019695281982,0.8808419704437256,0.40928399562835693,0.8207731246948242
1716.0,0.8987989783287048,0.815025806427002,0.9095673322677612,0.736273992061615,0.4631153166256714,0.5287144422531128,0.8519065856933594,0.4300182104110718,0.2267192006111145,0.40020558834075926,0.7237598000000001,0.8371236205101014,0.3342595875263214,0.46038020253181455,0.9283393979072571,0.6390247941017151,0.5704412698745728,0.7128059999999999,0.5313743829727173,0.6415842056274415,0.5215354084968566,0.8491494176000001,0.6718604803085327,0.7201428174972534,0.8142848253250122,0.834201204776764,0.8808299779891968,0.40956479907035825,0.8205916166305542
1717.0,0.8988279819488525,0.814884603023529,0.9096068859100341,0.7362529993057251,0.46282564996925357,0.5293567061424256,0.8506250143051147,0.42998440861701964,0.22625739872455597,0.4007201910018921,0.7239926,0.8365086078643799,0.33429518938064573,0.46042640209198,0.9277078032493591,0.6392166018486023,0.5704365253448487,0.713152,0.5313297867774963,0.6408414006233215,0.5214239001274109,0.8487168192000001,0.6717049956321717,0.7182616114616394,0.8129879713058472,0.8311004400253296,0.880817985534668,0.40984560251235963,0.8204101085662842
1718.0,0.8988569855690003,0.8147433996200562,0.9096464395523072,0.7362320065498352,0.4625359833128357,0.5299989700317382,0.8493434429168701,0.42995060682296754,0.22579559683799744,0.4012347936630249,0.7242254,0.8358935952186585,0.3343307912349701,0.4604726016521454,0.9270762085914612,0.6394084095954895,0.5704317808151245,0.713498,0.5312851905822754,0.6400985956192017,0.5213123917579651,0.8482842208,0.6715495109558105,0.7163804054260254,0.8116911172866821,0.8279996752738953,0.8808059930801392,0.41012640595436095,0.8202286005020142
1719.0,0.898885989189148,0.8146021962165833,0.9096859931945801,0.7362110137939453,0.46224631665641785,0.530641233921051,0.8480618715286254,0.4299168050289154,0.2253337949514389,0.40174939632415774,0.7244581999999999,0.835278582572937,0.33436639308929444,0.4605188012123108,0.9264446139335633,0.6396002173423767,0.5704270362854004,0.713844,0.5312405943870544,0.6393557906150817,0.5212008833885193,0.8478516224,0.6713940262794494,0.7144991993904114,0.8103942632675171,0.8248989105224609,0.8807940006256103,0.4104072093963623,0.8200470924377441
1720.0,0.8989149928092957,0.8144609928131104,0.909725546836853,0.7361900210380554,0.46195665,0.5312834978103638,0.8467803001403809,0.4298830032348633,0.22487199306488037,0.4022639989852905,0.724691,0.8346635699272156,0.3344019949436188,0.4605650007724762,0.9258130192756653,0.6397920250892639,0.5704222917556763,0.71419,0.5311959981918335,0.6386129856109619,0.5210893750190735,0.847419024,0.6712385416030884,0.7126179933547974,0.809097409248352,0.8217981457710266,0.8807820081710815,0.41068801283836365,0.8198655843734741
1721.0,0.898743188381195,0.8144025921821594,0.9097507357597351,0.73613041639328,0.4616633176654053,0.5319958209991456,0.8453876972198486,0.42980100512504577,0.22438499331474304,0.4025510013103485,0.7249238,0.8340937256813049,0.33438279628753664,0.4607851982116699,0.9262630105018616,0.639942216873169,0.5705068945884705,0.71378,0.5313120007514953,0.6390305876731872,0.5212225675582886,0.8466996196000001,0.6711779594421386,0.7101455926895142,0.8076709151268006,0.8188536286354064,0.8807192087173462,0.4110774099826813,0.8197133541107178
1722.0,0.8985713839530944,0.8143441915512085,0.9097759246826171,0.7360708117485046,0.4613699853308106,0.5327081441879272,0.8439950942993164,0.42971900701522825,0.2238979935646057,0.4028380036354065,0.7251566,0.8335238814353942,0.33436359763145446,0.4610053956508636,0.9267130017280578,0.640092408657074,0.5705914974212647,0.71337,0.5314280033111572,0.6394481897354126,0.5213557600975036,0.8459802152,0.6711173772811889,0.707673192024231,0.8062444210052491,0.8159091114997864,0.8806564092636109,0.4114668071269989,0.8195611238479614
1723.0,0.8983995795249939,0.8142857909202575,0.9098011136054993,0.7360112071037292,0.4610766529962158,0.533420467376709,0.8426024913787842,0.4296370089054108,0.22341099381446838,0.40312500596046447,0.7253894,0.8329540371894837,0.3343443989753723,0.4612255930900574,0.9271629929542542,0.640242600440979,0.5706761002540588,0.71296,0.5315440058708191,0.6398657917976379,0.5214889526367188,0.8452608108,0.6710567951202393,0.7052007913589478,0.8048179268836975,0.8129645943641662,0.8805936098098754,0.41185620427131653,0.8194088935852051
1724.0,0.8982277750968933,0.8142273902893067,0.9098263025283814,0.7359516024589539,0.4607833206616211,0.5341327905654907,0.841209888458252,0.4295550107955933,0.22292399406433105,0.4034120082855225,0.7256222,0.832384192943573,0.33432520031929014,0.4614457905292511,0.9276129841804505,0.640392792224884,0.570760703086853,0.71255,0.531660008430481,0.6402833938598633,0.5216221451759339,0.8445414064,0.6709962129592896,0.7027283906936646,0.803391432762146,0.8100200772285462,0.8805308103561401,0.41224560141563416,0.8192566633224487
1725.0,0.8980559706687927,0.8141689896583557,0.9098514914512634,0.7358919978141785,0.46048998832702637,0.5348451137542725,0.8398172855377197,0.42947301268577576,0.22243699431419373,0.40369901061058044,0.725855,0.8318143486976624,0.334306001663208,0.4616659879684448,0.9280629754066467,0.6405429840087891,0.5708453059196472,0.71214,0.5317760109901428,0.6407009959220886,0.5217553377151489,0.843822002,0.6709356307983398,0.7002559900283813,0.8019649386405945,0.807075560092926,0.8804680109024048,0.4126349985599518,0.8191044330596924
1726.0,0.8980117797851562,0.8140309929847718,0.9098823547363282,0.7357865929603576,0.46016399264335633,0.5356347799301148,0.8381234288215638,0.429435008764267,0.2219055950641632,0.40395401120185853,0.7260038,0.8318418502807617,0.334442800283432,0.4617775917053223,0.9275243759155274,0.6405773878097534,0.5711039900779724,0.711932,0.531861412525177,0.6405503988265991,0.5216245889663697,0.8433852074,0.6709099650382996,0.6968995928764343,0.7998731851577758,0.8038095831871033,0.8802050113677978,0.4129472017288208,0.8188908338546753
1727.0,0.8979675889015197,0.8138929963111877,0.9099132180213928,0.7356811881065368,0.4598379969596863,0.5364244461059571,0.8364295721054077,0.42939700484275817,0.2213741958141327,0.4042090117931366,0.7261526,0.8318693518638611,0.334579598903656,0.4618891954421997,0.9269857764244079,0.6406117916107178,0.5713626742362976,0.711724,0.5319468140602112,0.6403998017311097,0.5214938402175904,0.8429484128,0.6708842992782593,0.6935431957244873,0.7977814316749573,0.8005436062812805,0.8799420118331909,0.4132594048976898,0.8186772346496582
1728.0,0.8979233980178833,0.8137549996376038,0.9099440813064575,0.7355757832527161,0.4595120012760162,0.5372141122817993,0.8347357153892517,0.4293590009212494,0.22084279656410216,0.40446401238441465,0.7263014,0.8318968534469604,0.33471639752388,0.46200079917907716,0.9264471769332886,0.6406461954116821,0.5716213583946228,0.7115159999999999,0.5320322155952454,0.6402492046356201,0.521363091468811,0.8425116182,0.670858633518219,0.6901867985725403,0.7956896781921386,0.7972776293754578,0.879679012298584,0.41357160806655885,0.8184636354446411
1729.0,0.8978792071342468,0.8136170029640197,0.9099749445915222,0.7354703783988953,0.4591860055923462,0.5380037784576416,0.8330418586730957,0.4293209969997406,0.22031139731407165,0.40471901297569274,0.7264502,0.8319243550300598,0.334853196144104,0.46211240291595457,0.9259085774421691,0.6406805992126465,0.571880042552948,0.7113079999999999,0.5321176171302795,0.6400986075401306,0.5212323427200317,0.8420748236,0.6708329677581787,0.6868304014205933,0.7935979247093201,0.794011652469635,0.8794160127639771,0.41388381123542783,0.818250036239624
1730.0,0.8978350162506104,0.8134790062904358,0.9100058078765869,0.7353649735450745,0.45886000990867615,0.5387934446334839,0.8313480019569397,0.4292829930782318,0.21977999806404114,0.4049740135669708,0.726599,0.8319518566131592,0.334989994764328,0.46222400665283203,0.9253699779510498,0.6407150030136108,0.5721387267112732,0.7111,0.5322030186653137,0.6399480104446411,0.5211015939712524,0.841638029,0.6708073019981384,0.6834740042686462,0.7915061712265015,0.7907456755638123,0.8791530132293701,0.4141960144042969,0.8180364370346069
1731.0,0.8978430151939392,0.8134290099143981,0.9102578639984131,0.7352233767509461,0.4585806727409363,0.5395638108253479,0.8293217420578003,0.4293281972408295,0.2192227989435196,0.40518181324005126,0.7266826,0.8323829650878907,0.33494579792022705,0.46239020824432375,0.92534898519516,0.6407036066055298,0.5723142862319947,0.71094,0.532350218296051,0.639533805847168,0.5211278915405273,0.8408372286,0.6712747573852539,0.6801478028297424,0.7895699977874756,0.7875611066818238,0.8790830135345459,0.41458520889282224,0.8179208397865295
1732.0,0.8978510141372681,0.8133790135383606,0.9105099201202392,0.7350817799568177,0.4583013355731964,0.5403341770172119,0.8272954821586609,0.4293734014034271,0.21866559982299805,0.4053896129131317,0.7267662,0.832814073562622,0.3349016010761261,0.4625564098358154,0.92532799243927,0.6406922101974487,0.5724898457527161,0.71078,0.5324974179267883,0.6391196012496948,0.5211541891098023,0.8400364282,0.6717422127723693,0.6768216013908386,0.7876338243484498,0.7843765377998352,0.8790130138397216,0.41497440338134767,0.8178052425384521
1733.0,0.8978590130805969,0.813329017162323,0.9107619762420655,0.7349401831626892,0.45802199840545654,0.541104543209076,0.8252692222595215,0.4294186055660248,0.2181084007024765,0.4055974125862122,0.7268498,0.8332451820373535,0.33485740423202515,0.46272261142730714,0.9253069996833801,0.6406808137893677,0.5726654052734375,0.71062,0.5326446175575257,0.6387053966522217,0.5211804866790771,0.8392356277999999,0.6722096681594849,0.6734953999519349,0.7856976509094238,0.7811919689178467,0.8789430141448975,0.41536359786987304,0.8176896452903748
1734.0,0.8978670120239258,0.8132790207862854,0.9110140323638916,0.7347985863685608,0.4577426612377167,0.54187490940094,0.8232429623603821,0.4294638097286224,0.21755120158195496,0.4058052122592926,0.7269334000000001,0.8336762905120849,0.3348132073879242,0.4628888130187988,0.9252860069274902,0.6406694173812866,0.5728409647941589,0.71046,0.532791817188263,0.6382911920547485,0.5212067842483521,0.8384348274,0.6726771235466004,0.670169198513031,0.7837614774703979,0.7780074000358581,0.8788730144500733,0.41575279235839846,0.8175740480422974
1735.0,0.8978750109672546,0.8132290244102478,0.9112660884857178,0.7346569895744324,0.4574633240699768,0.542645275592804,0.8212167024612427,0.4295090138912201,0.2169940024614334,0.40601301193237305,0.727017,0.8341073989868164,0.33476901054382324,0.4630550146102905,0.9252650141716003,0.6406580209732056,0.5730165243148804,0.7103,0.5329390168190002,0.6378769874572754,0.521233081817627,0.837634027,0.6731445789337158,0.6668429970741272,0.7818253040313721,0.7748228311538696,0.878803014755249,0.41614198684692383,0.81745845079422
1736.0,0.8977386116981506,0.8131510138511657,0.9116656064987183,0.7346197962760925,0.4570986568927765,0.5434027552604676,0.8189688444137573,0.42926961183547974,0.2165898025035858,0.4062700092792511,0.7274076,0.8348075747489929,0.3347658097743988,0.4632344126701355,0.9247916102409363,0.6412492156028747,0.5731366634368896,0.7101240000000001,0.5326196193695069,0.6377697944641113,0.5212250590324402,0.8367580176,0.6739407777786255,0.6634243965148926,0.7799928665161133,0.7718302130699157,0.8784064173698425,0.4165229916572571,0.8172617435455323
1737.0,0.8976022124290466,0.8130730032920838,0.9120651245117187,0.7345826029777527,0.45673398971557616,0.5441602349281311,0.816720986366272,0.4290302097797394,0.2161856025457382,0.4065270066261292,0.7277982000000001,0.8355077505111694,0.33476260900497434,0.46341381072998045,0.9243182063102722,0.6418404102325439,0.5732568025588989,0.709948,0.5323002219200135,0.6376626014709472,0.5212170362472535,0.8358820082,0.6747369766235352,0.660005795955658,0.7781604290008545,0.7688375949859619,0.8780098199844361,0.41690399646759035,0.8170650362968445
1738.0,0.8974658131599427,0.8129949927330017,0.9124646425247193,0.7345454096794128,0.45636932253837587,0.5449177145957946,0.8144731283187866,0.428790807723999,0.21578140258789064,0.4067840039730072,0.7281888,0.836207926273346,0.33475940823554995,0.46359320878982546,0.9238448023796082,0.6424316048622132,0.5733769416809082,0.7097720000000001,0.53198082447052,0.6375554084777832,0.5212090134620666,0.8350059987999999,0.6755331754684448,0.6565871953964233,0.7763279914855957,0.765844976902008,0.8776132225990295,0.41728500127792356,0.8168683290481568
1739.0,0.8973294138908386,0.8129169821739197,0.9128641605377197,0.734508216381073,0.4560046553611755,0.5456751942634582,0.8122252702713013,0.42855140566825867,0.21537720263004304,0.40704100131988524,0.7285794,0.8369081020355225,0.3347562074661255,0.4637726068496704,0.9233713984489441,0.6430227994918823,0.5734970808029175,0.709596,0.5316614270210266,0.6374482154846192,0.5212009906768799,0.8341299893999999,0.6763293743133545,0.6531685948371887,0.7744955539703369,0.7628523588180542,0.8772166252136231,0.4176660060882568,0.816671621799469
1740.0,0.8971930146217346,0.8128389716148376,0.9132636785507202,0.7344710230827332,0.4556399881839752,0.5464326739311218,0.8099774122238159,0.4283120036125183,0.21497300267219543,0.4072979986667633,0.72897,0.837608277797699,0.33475300669670105,0.4639520049095154,0.92289799451828,0.6436139941215515,0.5736172199249268,0.70942,0.5313420295715332,0.6373410224914551,0.5211929678916931,0.83325398,0.6771255731582642,0.6497499942779541,0.7726631164550781,0.7598597407341003,0.8768200278282166,0.4180470108985901,0.8164749145507812
1741.0,0.8970972061157226,0.8129571795463562,0.9129248142242432,0.7344830155372619,0.4553189933300018,0.5470900177955628,0.8065841317176818,0.42795720100402834,0.21442860066890718,0.4077255964279175,0.7291804,0.8371938943862915,0.33477020263671875,0.4640604019165039,0.9231364011764527,0.6437469959259033,0.5737842440605163,0.70919,0.5314524292945861,0.6369922161102295,0.5212133646011352,0.8325133804,0.6767578005790711,0.6455805897712708,0.7706161975860596,0.7575624942779541,0.8767842173576355,0.4185326099395752,0.8163809776306152
1742.0,0.8970013976097106,0.8130753874778748,0.9125859498977661,0.7344950079917908,0.45499799847602845,0.5477473616600037,0.8031908512115479,0.4276023983955383,0.2138841986656189,0.40815319418907164,0.7293908,0.836779510974884,0.33478739857673645,0.46416879892349244,0.9233748078346252,0.6438799977302552,0.573951268196106,0.70896,0.5315628290176392,0.6366434097290039,0.5212337613105774,0.8317727808,0.6763900279998779,0.6414111852645874,0.7685692787170411,0.7552652478218078,0.8767484068870545,0.4190182089805603,0.8162870407104492
1743.0,0.8969055891036988,0.8131935954093933,0.9122470855712891,0.7345070004463196,0.45467700362205504,0.5484047055244445,0.7997975707054138,0.42724759578704835,0.21333979666233063,0.40858079195022584,0.7296012,0.8363651275634766,0.33480459451675415,0.46427719593048095,0.9236132144927979,0.6440129995346069,0.5741182923316955,0.70873,0.5316732287406921,0.6362946033477783,0.5212541580200195,0.8310321812,0.6760222554206848,0.637241780757904,0.7665223598480224,0.7529680013656617,0.8767125964164734,0.4195038080215454,0.8161931037902832
1744.0,0.8968097805976868,0.8133118033409119,0.911908221244812,0.7345189929008484,0.4543560087680817,0.5490620493888855,0.7964042901992798,0.4268927931785583,0.21279539465904235,0.40900838971138,0.7298116,0.835950744152069,0.33482179045677185,0.4643855929374695,0.9238516211509704,0.6441460013389587,0.5742853164672852,0.7085,0.5317836284637452,0.6359457969665527,0.5212745547294617,0.8302915815999999,0.6756544828414917,0.6330723762512207,0.7644754409790039,0.7506707549095154,0.8766767859458924,0.4199894070625305,0.8160991668701172
1745.0,0.8967139720916748,0.8134300112724304,0.911569356918335,0.7345309853553772,0.4540350139141083,0.5497193932533264,0.7930110096931458,0.42653799057006836,0.2122509926557541,0.4094359874725342,0.730022,0.8355363607406616,0.33483898639678955,0.464493989944458,0.9240900278091431,0.6442790031433105,0.5744523406028748,0.70827,0.5318940281867981,0.6355969905853271,0.5212949514389038,0.829550982,0.6752867102622986,0.6289029717445374,0.7624285221099854,0.7483735084533691,0.8766409754753113,0.4204750061035156,0.8160052299499512
1746.0,0.8968787789344788,0.8134294033050538,0.911502206325531,0.7345739841461182,0.4536560118198395,0.5501967906951905,0.7894976615905762,0.42653279304504393,0.21189459264278412,0.4098595917224884,0.7303194,0.8352849841117859,0.3348301887512207,0.46458839178085326,0.9233880281448364,0.6439921975135803,0.5745117425918579,0.708,0.5318650245666504,0.6354793906211853,0.521368944644928,0.828989387,0.6752489447593689,0.625347375869751,0.7606358289718628,0.7472561001777649,0.876529586315155,0.4210796058177948,0.8158955693244934
1747.0,0.8970435857772827,0.813428795337677,0.9114350557327271,0.7346169829368592,0.45327700972557067,0.5506741881370545,0.7859843134880066,0.4265275955200195,0.21153819262981416,0.4102831959724426,0.7306168,0.8350336074829101,0.33482139110565184,0.4646827936172485,0.9226860284805298,0.6437053918838501,0.574571144580841,0.70773,0.5318360209465027,0.6353617906570435,0.5214429378509522,0.828427792,0.6752111792564393,0.6217917799949646,0.7588431358337402,0.7461386919021606,0.8764181971549988,0.421684205532074,0.8157859086990357
1748.0,0.8972083926200867,0.8134281873703003,0.911367905139923,0.7346599817276,0.4528980076313019,0.5511515855789184,0.782470965385437,0.42652239799499514,0.21118179261684417,0.41070680022239686,0.7309142,0.8347822308540345,0.334812593460083,0.4647771954536438,0.9219840288162231,0.6434185862541199,0.5746305465698243,0.70746,0.5318070173263549,0.6352441906929016,0.5215169310569763,0.827866197,0.6751734137535095,0.6182361841201782,0.7570504426956177,0.7450212836265564,0.8763068079948425,0.42228880524635315,0.8156762480735779
1749.0,0.8973731994628906,0.8134275794029235,0.9113007545471191,0.734702980518341,0.45251900553703306,0.5516289830207824,0.7789576172828674,0.4265172004699707,0.2108253926038742,0.41113040447235105,0.7312116,0.8345308542251587,0.33480379581451414,0.4648715972900391,0.9212820291519165,0.6431317806243897,0.5746899485588074,0.70719,0.5317780137062073,0.6351265907287598,0.5215909242630005,0.827304602,0.6751356482505798,0.6146805882453918,0.7552577495574951,0.7439038753509521,0.8761954188346863,0.4228934049606323,0.8155665874481202
1750.0,0.8975380063056946,0.8134269714355469,0.9112336039543152,0.734745979309082,0.4521400034427643,0.5521063804626465,0.7754442691802979,0.4265120029449463,0.21046899259090424,0.4115540087223053,0.731509,0.834279477596283,0.3347949981689453,0.4649659991264343,0.9205800294876099,0.6428449749946594,0.5747493505477905,0.70692,0.5317490100860596,0.6350089907646179,0.5216649174690247,0.826743007,0.6750978827476501,0.6111249923706055,0.7534650564193726,0.7427864670753479,0.87608402967453,0.4234980046749115,0.8154569268226624
1751.0,0.8970402002334594,0.8133489727973938,0.9115740180015564,0.7346909880638123,0.45174700021743774,0.5523138284683228,0.7717508196830749,0.42641900181770326,0.21007299423217773,0.41183740496635435,0.7315638,0.8342726349830627,0.3347039997577667,0.465022999048233,0.9205538272857666,0.6432421803474426,0.574647331237793,0.706704,0.5315552115440368,0.6350893974304199,0.5215710639953614,0.825817609,0.6755550980567933,0.6087279915809631,0.7520537376403809,0.7428035616874695,0.8757362246513367,0.4240350008010864,0.815482759475708
1752.0,0.8965423941612244,0.8132709741592408,0.9119144320487976,0.7346359968185425,0.4513539969921112,0.5525212764739991,0.7680573701858521,0.4263260006904602,0.20967699587345123,0.41212080121040345,0.7316186,0.8342657923698426,0.3346130013465881,0.4650799989700317,0.9205276250839234,0.6436393857002258,0.5745453119277955,0.706488,0.5313614130020141,0.6351698040962219,0.521477210521698,0.824892211,0.6760123133659363,0.6063309907913208,0.7506424188613892,0.742820656299591,0.8753884196281433,0.42457199692726133,0.8155085921287537
1753.0,0.8960445880889892,0.8131929755210876,0.9122548460960388,0.7345810055732727,0.45096099376678467,0.5527287244796752,0.7643639206886291,0.42623299956321714,0.20928099751472473,0.4124041974544525,0.7316733999999999,0.8342589497566223,0.33452200293540957,0.46513699889183047,0.92050142288208,0.644036591053009,0.5744432926177978,0.706272,0.5311676144599915,0.6352502107620239,0.5213833570480346,0.8239668130000001,0.6764695286750794,0.6039339900016785,0.7492311000823975,0.7428377509117127,0.87504061460495,0.4251089930534363,0.8155344247817993
1754.0,0.8955467820167542,0.8131149768829345,0.9125952601432801,0.7345260143280029,0.45056799054145813,0.5529361724853515,0.7606704711914063,0.4261399984359741,0.20888499915599823,0.4126875936985016,0.7317281999999999,0.8342521071434021,0.33443100452423097,0.46519399881362916,0.9204752206802368,0.6444337964057922,0.5743412733078003,0.706056,0.5309738159179688,0.6353306174278259,0.5212895035743713,0.823041415,0.6769267439842224,0.6015369892120361,0.7478197813034058,0.7428548455238342,0.8746928095817565,0.4256459891796112,0.815560257434845
1755.0,0.895048975944519,0.8130369782447815,0.9129356741905212,0.7344710230827332,0.4501749873161316,0.5531436204910278,0.7569770216941833,0.4260469973087311,0.20848900079727173,0.41297098994255066,0.731783,0.8342452645301819,0.33434000611305237,0.46525099873542786,0.9204490184783936,0.6448310017585754,0.5742392539978027,0.70584,0.530780017375946,0.6354110240936279,0.521195650100708,0.822116017,0.6773839592933655,0.5991399884223938,0.7464084625244141,0.7428719401359558,0.8743450045585632,0.42618298530578613,0.8155860900878906
1756.0,0.8949949860572814,0.812844181060791,0.9127238035202027,0.7346054196357727,0.4497809886932373,0.5536680936813354,0.7533143281936645,0.42578559517860415,0.20806899964809417,0.41313459277153014,0.7320144,0.834080183506012,0.33432660698890687,0.46541199684143064,0.9201636195182801,0.6450244069099427,0.5741672158241272,0.70581,0.5308434128761291,0.6354762196540833,0.5208711385726928,0.8213866112,0.677258288860321,0.5970103859901428,0.745163893699646,0.7442396640777588,0.8739866018295288,0.4267179906368256,0.8155707359313965
1757.0,0.894940996170044,0.8126513838768006,0.9125119328498841,0.7347398161888122,0.449386990070343,0.5541925668716431,0.7496516346931458,0.42552419304847716,0.20764899849891663,0.4132981956005096,0.7322458,0.8339151024818421,0.3343132078647614,0.4655729949474335,0.9198782205581665,0.6452178120613098,0.5740951776504517,0.7057800000000001,0.5309068083763122,0.6355414152145386,0.5205466270446777,0.8206572054,0.6771326184272766,0.5948807835578919,0.7439193248748779,0.7456073880195617,0.8736281991004944,0.427252995967865,0.8155553817749024
1758.0,0.8948870062828064,0.81245858669281,0.9123000621795654,0.7348742127418518,0.44899299144744875,0.5547170400619507,0.7459889411926269,0.42526279091835023,0.20722899734973907,0.41346179842948916,0.7324772,0.8337500214576721,0.3342998087406158,0.46573399305343627,0.919592821598053,0.645411217212677,0.5740231394767761,0.70575,0.5309702038764954,0.6356066107749939,0.5202221155166626,0.8199277996000001,0.6770069479942322,0.5927511811256408,0.7426747560501099,0.7469751119613648,0.87326979637146,0.42778800129890443,0.8155400276184082
1759.0,0.8948330163955689,0.8122657895088196,0.9120881915092468,0.7350086092948913,0.44859899282455445,0.5552415132522583,0.7423262476921082,0.42500138878822324,0.20680899620056153,0.41362540125846864,0.7327086,0.8335849404335022,0.3342864096164703,0.4658949911594391,0.9193074226379394,0.6456046223640441,0.5739511013031006,0.70572,0.5310335993766785,0.6356718063354492,0.5198976039886475,0.8191983938,0.6768812775611878,0.5906215786933899,0.7414301872253418,0.7483428359031677,0.8729113936424255,0.4283230066299438,0.815524673461914
1760.0,0.8947790265083313,0.8120729923248291,0.9118763208389282,0.7351430058479309,0.44820499420166016,0.5557659864425659,0.7386635541915894,0.4247399866580963,0.20638899505138397,0.4137890040874481,0.73294,0.8334198594093323,0.33427301049232483,0.4660559892654419,0.9190220236778259,0.6457980275154114,0.573879063129425,0.70569,0.5310969948768616,0.6357370018959045,0.5195730924606323,0.818468988,0.6767556071281433,0.5884919762611389,0.7401856184005737,0.7497105598449707,0.8725529909133911,0.4288580119609833,0.8155093193054199
1761.0,0.8945830225944519,0.811982798576355,0.9115840554237366,0.7351622104644775,0.44783432483673097,0.5562836050987243,0.7350651621818542,0.42469618916511537,0.20594819486141205,0.4140340030193329,0.733141,0.8332581281661987,0.33427680730819703,0.4659029901027679,0.9186540246009827,0.6459546208381652,0.5738413333892822,0.7055440000000001,0.531017792224884,0.6353294014930725,0.5198885083198548,0.81765939,0.6764809608459472,0.586913776397705,0.7391554594039917,0.7510601878166199,0.8724223971366882,0.42942500710487364,0.8154536366462708
1762.0,0.8943870186805725,0.8118926048278808,0.9112917900085449,0.7351814150810242,0.4474636554718018,0.5568012237548828,0.7314667701721191,0.4246523916721344,0.20550739467144014,0.41427900195121764,0.733342,0.8330963969230651,0.33428060412406924,0.465749990940094,0.9182860255241394,0.6461112141609192,0.5738036036491394,0.7053980000000001,0.5309385895729065,0.6349218010902404,0.5202039241790771,0.816849792,0.6762063145637512,0.5853355765342713,0.7381253004074096,0.752409815788269,0.8722918033599854,0.42999200224876405,0.8153979539871216
1763.0,0.8941910147666932,0.8118024110794068,0.9109995245933533,0.7352006196975708,0.44709298610687254,0.5573188424110412,0.727868378162384,0.4246085941791534,0.2050665944814682,0.41452400088310243,0.733543,0.8329346656799317,0.3342844009399414,0.46559699177742003,0.9179180264472961,0.6462678074836731,0.5737658739089966,0.705252,0.5308593869209289,0.6345142006874085,0.5205193400382996,0.816040194,0.6759316682815552,0.5837573766708374,0.7370951414108277,0.7537594437599182,0.8721612095832825,0.4305589973926544,0.8153422713279724
1764.0,0.8939950108528137,0.8117122173309326,0.9107072591781616,0.7352198243141175,0.44672231674194335,0.5578364610671998,0.7242699861526489,0.4245647966861725,0.20462579429149627,0.41476899981498716,0.733744,0.8327729344367981,0.3342881977558136,0.4654439926147461,0.9175500273704529,0.646424400806427,0.5737281441688538,0.705106,0.5307801842689515,0.6341066002845764,0.5208347558975219,0.815230596,0.6756570219993592,0.5821791768074036,0.7360649824142456,0.7551090717315674,0.8720306158065796,0.4311259925365448,0.8152865886688232
1765.0,0.8937990069389343,0.8116220235824585,0.91041499376297,0.7352390289306641,0.44635164737701416,0.5583540797233582,0.7206715941429138,0.42452099919319153,0.20418499410152435,0.41501399874687195,0.733945,0.8326112031936646,0.3342919945716858,0.46529099345207214,0.9171820282936096,0.6465809941291809,0.5736904144287109,0.70496,0.5307009816169739,0.6336989998817444,0.5211501717567444,0.814420998,0.6753823757171631,0.5806009769439697,0.7350348234176636,0.7564586997032166,0.8719000220298767,0.4316929876804352,0.8152309060096741
1766.0,0.8939288020133972,0.8115906238555908,0.9103534817695618,0.7351978182792663,0.44601731896400454,0.5585272073745727,0.7172996759414673,0.4242896020412445,0.20391199588775635,0.4153623998165131,0.7339664,0.8326210737228393,0.3342329978942871,0.46554959416389463,0.9167230248451232,0.6466133952140808,0.573759937286377,0.704742,0.5306013822555542,0.6336472034454346,0.5212141394615173,0.8139155984,0.6750946760177612,0.5805363774299621,0.7346956253051757,0.7570425510406494,0.8716100215911865,0.43208839297294616,0.8151516675949096
1767.0,0.8940585970878601,0.8115592241287232,0.9102919697761536,0.7351566076278686,0.44568299055099486,0.5587003350257873,0.7139277577400207,0.42405820488929746,0.20363899767398835,0.4157108008861542,0.7339878,0.8326309442520141,0.33417400121688845,0.4658081948757172,0.916264021396637,0.6466457962989807,0.573829460144043,0.704524,0.5305017828941345,0.6335954070091248,0.5212781071662903,0.8134101988,0.6748069763183594,0.5804717779159546,0.734356427192688,0.7576264023780823,0.8713200211524963,0.43248379826545713,0.8150724291801452
1768.0,0.894188392162323,0.8115278244018554,0.9102304577827454,0.735115396976471,0.44534866213798524,0.558873462677002,0.7105558395385743,0.4238268077373505,0.20336599946022033,0.41605920195579527,0.7340092,0.832640814781189,0.3341150045394897,0.46606679558753966,0.9158050179481506,0.6466781973838807,0.5738989830017089,0.704306,0.5304021835327148,0.6335436105728149,0.5213420748710632,0.8129047992,0.6745192766189575,0.580407178401947,0.7340172290802002,0.7582102537155151,0.8710300207138062,0.43287920355796816,0.8149931907653809
1769.0,0.8943181872367859,0.8114964246749878,0.9101689457893372,0.7350741863250733,0.44501433372497556,0.5590465903282166,0.7071839213371277,0.42359541058540345,0.20309300124645233,0.4164076030254364,0.7340306,0.8326506853103638,0.33405600786209105,0.4663253962993622,0.9153460144996644,0.6467105984687805,0.573968505859375,0.704088,0.5303025841712952,0.6334918141365051,0.5214060425758362,0.8123993996,0.6742315769195557,0.5803425788879395,0.7336780309677124,0.758794105052948,0.870740020275116,0.43327460885047914,0.8149139523506165
1770.0,0.8944479823112488,0.8114650249481201,0.910107433795929,0.7350329756736755,0.44468000531196594,0.5592197179794312,0.7038120031356812,0.4233640134334564,0.20282000303268433,0.4167560040950775,0.734052,0.8326605558395386,0.3339970111846924,0.4665839970111847,0.914887011051178,0.6467429995536804,0.574038028717041,0.70387,0.5302029848098755,0.6334400177001953,0.5214700102806091,0.811894,0.6739438772201538,0.5802779793739319,0.7333388328552246,0.7593779563903809,0.8704500198364258,0.4336700141429901,0.814834713935852
1771.0,0.8946555852890015,0.8111398220062256,0.9096890687942505,0.7350323796272278,0.4443613409996033,0.5596073150634766,0.7011762022972107,0.42322341203689573,0.20245500206947326,0.41681520342826844,0.7343196000000001,0.8327765464782715,0.3340310096740723,0.466704398393631,0.9145496129989624,0.647052800655365,0.5741164803504943,0.70384,0.5302243828773499,0.6332736134529113,0.5212606072425843,0.8109632018,0.673676872253418,0.5830787777900696,0.733095896244049,0.7601057887077332,0.8702850103378296,0.43421621322631837,0.8147427439689636
1772.0,0.8948631882667542,0.810814619064331,0.909270703792572,0.73503178358078,0.4440426766872406,0.559994912147522,0.6985404014587402,0.4230828106403351,0.2020900011062622,0.4168744027614594,0.7345872,0.8328925371170044,0.33406500816345214,0.46682479977607727,0.9142122149467469,0.6473626017570495,0.5741949319839478,0.70381,0.5302457809448242,0.6331072092056275,0.5210512042045593,0.8100324036000001,0.6734098672866822,0.5858795762062072,0.7328529596328736,0.7608336210250854,0.8701200008392334,0.43476241230964663,0.8146507740020752
1773.0,0.8950707912445068,0.8104894161224365,0.9088523387908936,0.7350311875343323,0.4437240123748779,0.5603825092315674,0.6959046006202698,0.4229422092437744,0.20172500014305114,0.41693360209465025,0.7348548,0.8330085277557373,0.33409900665283204,0.46694520115852356,0.9138748168945312,0.6476724028587342,0.5742733836174011,0.70378,0.5302671790122986,0.6329408049583435,0.5208418011665344,0.8091016054,0.6731428623199462,0.588680374622345,0.732610023021698,0.7615614533424377,0.8699549913406373,0.43530861139297483,0.8145588040351868
1774.0,0.8952783942222595,0.810164213180542,0.9084339737892151,0.7350305914878845,0.44340534806251525,0.5607701063156127,0.6932687997817993,0.42280160784721377,0.2013599991798401,0.4169928014278412,0.7351224,0.8331245183944702,0.3341330051422119,0.46706560254096985,0.9135374188423157,0.6479822039604187,0.5743518352508545,0.70375,0.530288577079773,0.6327744007110596,0.5206323981285095,0.8081708072,0.6728758573532104,0.5914811730384827,0.7323670864105225,0.76228928565979,0.869789981842041,0.4358548104763031,0.8144668340682983
1775.0,0.8954859972000122,0.8098390102386475,0.9080156087875366,0.7350299954414368,0.4430866837501526,0.5611577033996582,0.6906329989433289,0.4226610064506531,0.20099499821662903,0.4170520007610321,0.73539,0.8332405090332031,0.3341670036315918,0.46718600392341614,0.9132000207901001,0.6482920050621033,0.5744302868843079,0.70372,0.5303099751472473,0.6326079964637756,0.5204229950904846,0.807240009,0.6726088523864746,0.5942819714546204,0.7321241497993469,0.7630171179771423,0.8696249723434448,0.43640100955963135,0.8143748641014099
1776.0,0.8952733993530273,0.8096796035766601,0.9073593616485596,0.735138201713562,0.4427873492240906,0.561688244342804,0.6884879350662232,0.4224708080291748,0.2005777984857559,0.41726319789886473,0.7352616,0.8334272623062133,0.3341252028942108,0.4671494007110596,0.9127896189689636,0.6482724070549011,0.5745147109031677,0.703658,0.5301135778427124,0.6325683951377868,0.5204042553901672,0.8067066070000001,0.6723556399345398,0.5976825714111328,0.7319453954696655,0.7635543346405029,0.8695199728012085,0.4369178056716919,0.8143103718757629
1777.0,0.8950608015060425,0.8095201969146728,0.9067031145095825,0.7352464079856873,0.44248801469802856,0.5622187852859497,0.6863428711891174,0.42228060960769653,0.20016059875488282,0.41747439503669737,0.7351331999999999,0.8336140155792237,0.33408340215682986,0.467112797498703,0.9123792171478271,0.648252809047699,0.5745991349220276,0.703596,0.5299171805381775,0.632528793811798,0.5203855156898498,0.806173205,0.672102427482605,0.6010831713676452,0.7317666411399841,0.7640915513038635,0.8694149732589722,0.43743460178375243,0.814245879650116
1778.0,0.8948482036590576,0.8093607902526856,0.9060468673706055,0.7353546142578125,0.44218868017196655,0.5627493262290955,0.6841978073120117,0.42209041118621826,0.1997433990240097,0.41768559217453005,0.7350048,0.8338007688522339,0.33404160141944883,0.46707619428634645,0.9119688153266907,0.6482332110404968,0.5746835589408874,0.703534,0.5297207832336426,0.6324891924858094,0.5203667759895325,0.805639803,0.6718492150306702,0.6044837713241578,0.7315878868103027,0.7646287679672241,0.8693099737167358,0.437951397895813,0.814181387424469
1779.0,0.8946356058120728,0.8092013835906983,0.9053906202316284,0.7354628205299377,0.44188934564590454,0.5632798671722412,0.682052743434906,0.42190021276474,0.1993261992931366,0.4178967893123627,0.7348764,0.8339875221252442,0.33399980068206786,0.46703959107398985,0.9115584135055542,0.6482136130332947,0.5747679829597473,0.703472,0.5295243859291077,0.6324495911598206,0.5203480362892151,0.805106401,0.6715960025787353,0.6078843712806702,0.7314091324806213,0.7651659846305847,0.8692049741744995,0.4384681940078735,0.814116895198822
1780.0,0.8944230079650879,0.8090419769287109,0.9047343730926514,0.735571026802063,0.44159001111984253,0.563810408115387,0.6799076795578003,0.4217100143432617,0.1989089995622635,0.4181079864501953,0.734748,0.8341742753982544,0.3339579999446869,0.4670029878616333,0.9111480116844177,0.6481940150260925,0.5748524069786072,0.70341,0.5293279886245728,0.6324099898338318,0.5203292965888977,0.804572999,0.6713427901268005,0.6112849712371826,0.7312303781509399,0.7657032012939453,0.8690999746322632,0.4389849901199341,0.814052402973175
1781.0,0.8943844079971314,0.8088101863861084,0.9048054695129395,0.7355384230613708,0.4413354337215424,0.5653209447860718,0.6797262787818908,0.42144041061401366,0.198581200838089,0.41843398809432986,0.735022,0.8342966437339783,0.333992600440979,0.46713138818740846,0.9106986045837402,0.6483692169189453,0.5748344302177429,0.703132,0.5293653964996338,0.6322961926460267,0.5201886653900146,0.8039819952,0.6720174193382263,0.6158039808273316,0.7322001814842224,0.7669996380805969,0.8690073847770691,0.4395635902881622,0.8139516711235046
1782.0,0.8943458080291748,0.8085783958435059,0.9048765659332275,0.7355058193206787,0.4410808563232422,0.5668314814567565,0.6795448780059814,0.4211708068847656,0.19825340211391448,0.41875998973846434,0.735296,0.8344190120697021,0.3340272009372711,0.4672597885131836,0.9102491974830628,0.6485444188117981,0.5748164534568787,0.702854,0.5294028043746948,0.6321823954582214,0.5200480341911315,0.8033909914,0.6726920485496521,0.6203229904174805,0.7331699848175048,0.7682960748672485,0.868914794921875,0.44014219045639036,0.8138509392738342
1783.0,0.8943072080612182,0.8083466053009033,0.9049476623535156,0.7354732155799866,0.440826278924942,0.5683420181274415,0.6793634772300721,0.4209012031555176,0.19792560338974,0.4190859913825989,0.7355700000000001,0.834541380405426,0.33406180143356323,0.4673881888389587,0.9097997903823852,0.6487196207046508,0.5747984766960144,0.702576,0.5294402122497559,0.6320685982704163,0.5199074029922486,0.8027999875999999,0.6733666777610778,0.6248420000076294,0.7341397881507874,0.7695925116539002,0.868822205066681,0.44072079062461855,0.8137502074241638
1784.0,0.8942686080932617,0.8081148147583008,0.9050187587738037,0.7354406118392944,0.4405717015266418,0.5698525547981262,0.6791820764541626,0.42063159942626954,0.19759780466556548,0.4194119930267334,0.735844,0.8346637487411499,0.33409640192985535,0.4675165891647339,0.9093503832817078,0.6488948225975036,0.5747804999351501,0.702298,0.5294776201248169,0.631954801082611,0.5197667717933655,0.8022089837999999,0.6740413069725036,0.6293610095977783,0.7351095914840698,0.7708889484405518,0.8687296152114868,0.4412993907928467,0.8136494755744934
1785.0,0.8942300081253052,0.8078830242156982,0.9050898551940918,0.7354080080986023,0.4403171241283417,0.571363091468811,0.6790006756782532,0.4203619956970215,0.197270005941391,0.4197379946708679,0.736118,0.8347861170768738,0.33413100242614746,0.46764498949050903,0.9089009761810303,0.6490700244903564,0.5747625231742859,0.70202,0.5295150279998779,0.6318410038948059,0.5196261405944824,0.80161798,0.6747159361839294,0.6338800191879272,0.7360793948173523,0.7721853852272034,0.8686370253562927,0.44187799096107483,0.813548743724823
1786.0,0.894141411781311,0.807718813419342,0.9051600456237793,0.7354632019996643,0.44015703201293943,0.5723033905029297,0.6785265803337097,0.42015899419784547,0.19705460369586944,0.41997899413108825,0.7362812000000001,0.8348466873168945,0.33419700264930724,0.4678565919399261,0.9082515835762024,0.6491918206214905,0.5748048305511475,0.701962,0.5297284245491027,0.6319078087806702,0.5198122739791871,0.8009967804,0.6748751878738404,0.6398682117462158,0.7370486855506897,0.7737557530403137,0.8684786200523377,0.4423797905445099,0.8134930491447449
1787.0,0.8940528154373169,0.8075546026229858,0.9052302360534668,0.7355183959007263,0.43999693989753724,0.5732436895370483,0.6780524849891663,0.41995599269866946,0.1968392014503479,0.42021999359130857,0.7364444,0.8349072575569153,0.334263002872467,0.4680681943893433,0.9076021909713745,0.6493136167526246,0.574847137928009,0.701904,0.5299418210983277,0.6319746136665344,0.5199984073638916,0.8003755807999999,0.6750344395637512,0.6458564043045044,0.7380179762840271,0.7753261208534241,0.8683202147483826,0.4428815901279449,0.8134373545646667
1788.0,0.8939642190933228,0.8073903918266296,0.9053004264831543,0.7355735898017883,0.439836847782135,0.574183988571167,0.6775783896446228,0.4197529911994934,0.19662379920482637,0.42046099305152895,0.7366076,0.834967827796936,0.33432900309562685,0.46827979683876036,0.9069527983665466,0.6494354128837585,0.5748894453048706,0.701846,0.5301552176475525,0.6320414185523987,0.5201845407485962,0.7997543812,0.6751936912536621,0.651844596862793,0.7389872670173645,0.7768964886665344,0.8681618094444274,0.44338338971138,0.8133816599845887
1789.0,0.8938756227493286,0.8072261810302734,0.9053706169128418,0.7356287837028503,0.4396767556667328,0.5751242876052857,0.6771042943000793,0.41954998970031737,0.19640839695930482,0.4207019925117493,0.7367708,0.8350283980369568,0.33439500331878663,0.4684913992881775,0.9063034057617188,0.6495572090148926,0.5749317526817321,0.701788,0.5303686141967774,0.6321082234382629,0.5203706741333007,0.7991331815999999,0.675352942943573,0.6578327894210816,0.7399565577507019,0.7784668564796448,0.8680034041404724,0.4438851892948151,0.8133259654045105
1790.0,0.8937870264053345,0.8070619702339172,0.9054408073425293,0.7356839776039124,0.43951666355133057,0.5760645866394043,0.6766301989555359,0.41934698820114136,0.19619299471378326,0.4209429919719696,0.736934,0.8350889682769775,0.3344610035419464,0.4687030017375946,0.9056540131568909,0.6496790051460266,0.5749740600585938,0.70173,0.5305820107460022,0.6321750283241272,0.5205568075180054,0.798511982,0.6755121946334839,0.6638209819793701,0.7409258484840393,0.7800372242927551,0.8678449988365173,0.4443869888782501,0.8132702708244324
1791.0,0.8933850169181824,0.8068567752838135,0.905509614944458,0.735643184185028,0.4392973303794861,0.5761494994163513,0.6757170557975769,0.4191873908042908,0.1955685943365097,0.42106719613075255,0.7371298,0.8350568175315857,0.3344014048576355,0.46885859966278076,0.9049508094787597,0.6498777985572814,0.5751068234443665,0.7015739999999999,0.5305912137031555,0.6318676233291626,0.5202870965003967,0.7979489804,0.6748983263969421,0.6694831848144531,0.7418943881988526,0.7820712685585022,0.867630398273468,0.444980788230896,0.8131479024887085
1792.0,0.8929830074310303,0.8066515803337098,0.9055784225463868,0.7356023907661438,0.4390779972076416,0.5762344121932983,0.6748039126396179,0.4190277934074402,0.19494419395923615,0.4211914002895355,0.7373256,0.8350246667861938,0.3343418061733246,0.4690141975879669,0.9042476058006287,0.6500765919685364,0.5752395868301392,0.701418,0.5306004166603089,0.631560218334198,0.5200173854827881,0.7973859788,0.6742844581604004,0.6751453876495361,0.7428629279136658,0.7841053128242492,0.8674157977104187,0.44557458758354185,0.8130255341529846
1793.0,0.8925809979438781,0.8064463853836059,0.9056472301483154,0.7355615973472596,0.4388586640357971,0.5763193249702454,0.6738907694816589,0.4188681960105896,0.19431979358196258,0.4213156044483185,0.7375214,0.834992516040802,0.33428220748901366,0.4691697955131531,0.9035444021224975,0.6502753853797912,0.5753723502159118,0.7012619999999999,0.5306096196174621,0.6312528133392334,0.5197476744651794,0.7968229772,0.6736705899238586,0.6808075904846191,0.743831467628479,0.7861393570899964,0.8672011971473694,0.44616838693618777,0.8129031658172607
1794.0,0.892178988456726,0.8062411904335022,0.9057160377502441,0.7355208039283753,0.4386393308639526,0.5764042377471924,0.6729776263237,0.418708598613739,0.19369539320468904,0.42143980860710145,0.7377172000000001,0.8349603652954102,0.3342226088047028,0.46932539343833923,0.9028411984443665,0.6504741787910462,0.5755051136016845,0.701106,0.5306188225746155,0.6309454083442688,0.5194779634475708,0.7962599756,0.6730567216873169,0.6864697933197021,0.7448000073432922,0.7881734013557434,0.8669865965843201,0.44676218628883363,0.8127807974815369
1795.0,0.891776978969574,0.8060359954833984,0.9057848453521729,0.735480010509491,0.43841999769210815,0.5764891505241394,0.672064483165741,0.4185490012168884,0.19307099282741547,0.4215640127658844,0.737913,0.8349282145500183,0.33416301012039185,0.4694809913635254,0.9021379947662354,0.650672972202301,0.5756378769874573,0.70095,0.5306280255317688,0.6306380033493042,0.5192082524299622,0.795696974,0.6724428534507751,0.6921319961547852,0.7457685470581055,0.7902074456214905,0.8667719960212708,0.4473559856414795,0.812658429145813
1796.0,0.8917723774909974,0.8057803988456727,0.9060946822166442,0.735466206073761,0.43827800154685975,0.5767774701118469,0.6717767119407654,0.4184140026569366,0.19303499460220336,0.4217406094074249,0.73804,0.834647798538208,0.33413240909576414,0.4695491909980774,0.9025331974029541,0.6512093782424927,0.5755264639854432,0.70083,0.530671215057373,0.6306789994239808,0.5192203760147095,0.7950283767999999,0.6719117045402527,0.6956907987594605,0.7471606373786926,0.7921131730079651,0.8666937947273254,0.44795578718185425,0.8125429630279541
1797.0,0.8917677760124206,0.8055248022079468,0.9064045190811157,0.735452401638031,0.43813600540161135,0.5770657896995545,0.6714889407157898,0.4182790040969849,0.19299899637699128,0.42191720604896543,0.738167,0.8343673825263977,0.3341018080711365,0.4696173906326294,0.9029284000396729,0.6517457842826844,0.5754150509834289,0.7007099999999999,0.5307144045829773,0.6307199954986572,0.5192324995994568,0.7943597795999999,0.6713805556297302,0.6992496013641357,0.7485527276992798,0.7940189003944397,0.8666155934333801,0.448555588722229,0.8124274969100952
1798.0,0.891763174533844,0.805269205570221,0.9067143559455871,0.735438597202301,0.4379940092563629,0.5773541092872619,0.6712011694908142,0.41814400553703307,0.19296299815177917,0.422093802690506,0.738294,0.8340869665145874,0.3340712070465088,0.4696855902671814,0.9033236026763916,0.6522821903228759,0.5753036379814148,0.70059,0.5307575941085816,0.6307609915733338,0.5192446231842041,0.7936911824,0.6708494067192078,0.7028084039688111,0.7499448180198669,0.7959246277809143,0.8665373921394348,0.44915539026260376,0.8123120307922364
1799.0,0.8917585730552673,0.8050136089324951,0.9070241928100586,0.735424792766571,0.4378520131111145,0.5776424288749695,0.6709133982658386,0.4180090069770813,0.1929269999265671,0.4222703993320465,0.738421,0.8338065505027771,0.3340406060218811,0.4697537899017334,0.9037188053131103,0.6528185963630676,0.5751922249794006,0.70047,0.5308007836341858,0.6308019876480102,0.5192567467689514,0.7930225852,0.6703182578086853,0.7063672065734863,0.7513369083404541,0.7978303551673889,0.8664591908454895,0.4497551918029785,0.8121965646743774
1800.0,0.8917539715766907,0.8047580122947693,0.90733402967453,0.7354109883308411,0.4377100169658661,0.577930748462677,0.670625627040863,0.4178740084171295,0.19289100170135498,0.42244699597358704,0.738548,0.8335261344909668,0.3340100049972534,0.4698219895362854,0.9041140079498291,0.6533550024032593,0.5750808119773865,0.70035,0.53084397315979,0.6308429837226868,0.5192688703536987,0.792353988,0.6697871088981628,0.7099260091781616,0.7527289986610413,0.7997360825538635,0.8663809895515442,0.45035499334335327,0.8120810985565186
1801.0,0.8915891766548156,0.8045714139938355,0.9077041268348693,0.7353569865226746,0.4375666856765747,0.5782699227333069,0.6704941987991333,0.4175618052482605,0.1926572024822235,0.42242819666862486,0.7385784,0.8331836462020874,0.3340322017669678,0.4697491943836212,0.9033120036125183,0.6531401991844177,0.5749083518981933,0.7002280000000001,0.5309025764465332,0.6308095812797546,0.5190858483314514,0.7922639850000001,0.6692766427993775,0.7117184042930603,0.7542269945144653,0.800946307182312,0.8657657861709595,0.45080819725990295,0.8120585918426514
1802.0,0.8914243817329407,0.8043848156929017,0.9080742239952088,0.7353029847145081,0.4374233543872833,0.5786090970039368,0.6703627705574036,0.4172496020793915,0.19242340326309204,0.42240939736366273,0.7386088,0.832841157913208,0.3340543985366821,0.46967639923095705,0.9025099992752075,0.6529253959655762,0.5747358918190002,0.700106,0.5309611797332764,0.6307761788368225,0.5189028263092041,0.792173982,0.668766176700592,0.713510799407959,0.7557249903678894,0.8021565318107605,0.8651505827903747,0.45126140117645264,0.8120360851287842
1803.0,0.8912595868110657,0.8041982173919677,0.9084443211555481,0.7352489829063416,0.43728002309799197,0.5789482712745666,0.6702313423156738,0.41693739891052245,0.19218960404396057,0.42239059805870055,0.7386392,0.8324986696243286,0.3340765953063965,0.4696036040782928,0.9017079949378968,0.6527105927467346,0.5745634317398072,0.699984,0.5310197830200195,0.6307427763938904,0.5187198042869567,0.792083979,0.6682557106018067,0.7153031945228576,0.7572229862213135,0.803366756439209,0.8645353794097901,0.4517146050930023,0.812013578414917
1804.0,0.8910947918891907,0.8040116190910339,0.9088144183158875,0.735194981098175,0.4371366918087006,0.5792874455451965,0.6700999140739441,0.41662519574165346,0.1919558048248291,0.4223717987537384,0.7386696,0.8321561813354492,0.3340987920761108,0.46953080892562865,0.900905990600586,0.6524957895278931,0.574390971660614,0.699862,0.5310783863067627,0.6307093739509583,0.5185367822647095,0.791993976,0.6677452445030212,0.7170955896377563,0.7587209820747376,0.8045769810676575,0.8639201760292053,0.452167809009552,0.8119910717010498
1805.0,0.8909299969673157,0.8038250207901001,0.9091845154762268,0.7351409792900085,0.4369933605194092,0.5796266198158264,0.6699684858322144,0.4163129925727844,0.19172200560569763,0.42235299944877625,0.7387,0.8318136930465698,0.3341209888458252,0.4694580137729645,0.9001039862632751,0.6522809863090515,0.5742185115814209,0.69974,0.5311369895935059,0.6306759715080261,0.5183537602424622,0.791903973,0.6672347784042358,0.718887984752655,0.7602189779281616,0.805787205696106,0.8633049726486206,0.4526210129261017,0.8119685649871826
1806.0,0.891210401058197,0.8035632133483886,0.9087390184402466,0.7350575804710389,0.43688969021552737,0.5789327502250672,0.6723041892051697,0.41621279120445254,0.19152520596981049,0.4224820017814636,0.738907,0.8318179249763489,0.3341711938381195,0.46966640949249266,0.9003043889999389,0.6525183916091919,0.5740354180335998,0.69947,0.5310141921043396,0.6304029822349548,0.5185537099838257,0.7911753776,0.6668177247047424,0.7198651909828186,0.7613579034805298,0.8069544315338135,0.8626147747039795,0.45331820845603943,0.811767292022705
1807.0,0.8914908051490784,0.8033014059066772,0.9082935214042663,0.7349741816520691,0.4367860199116455,0.5782388806343078,0.674639892578125,0.4161125898361206,0.19132840633392334,0.422611004114151,0.739114,0.8318221569061279,0.3342213988304138,0.46987480521202085,0.9005047917366028,0.6527557969093323,0.5738523244857788,0.6992,0.5308913946151733,0.6301299929618835,0.5187536597251892,0.7904467822,0.666400671005249,0.7208423972129822,0.762496829032898,0.808121657371521,0.8619245767593384,0.4540154039859772,0.8115660190582276
1808.0,0.8917712092399597,0.8030395984649659,0.9078480243682862,0.7348907828330994,0.4366823496077637,0.5775450110435486,0.6769755959510804,0.4160123884677887,0.1911316066980362,0.4227400064468384,0.739321,0.831826388835907,0.33427160382270815,0.4700832009315491,0.9007051944732666,0.6529932022094727,0.5736692309379577,0.6989299999999999,0.5307685971260071,0.6298570036888123,0.5189536094665528,0.7897181868,0.6659836173057556,0.7218196034431458,0.7636357545852661,0.8092888832092285,0.8612343788146972,0.4547125995159149,0.81136474609375
1809.0,0.892051613330841,0.8027777910232544,0.9074025273323059,0.7348073840141296,0.43657867930388183,0.5768511414527893,0.6793112993240357,0.41591218709945676,0.19093480706214905,0.42286900877952577,0.7395280000000001,0.831830620765686,0.33432180881500245,0.4702915966510773,0.9009055972099305,0.653230607509613,0.5734861373901368,0.69866,0.5306457996368408,0.629584014415741,0.5191535592079163,0.7889895914,0.6655665636062622,0.7227968096733093,0.7647746801376343,0.810456109046936,0.8605441808700561,0.45540979504585266,0.8111634731292725
1810.0,0.8923320174217224,0.802515983581543,0.9069570302963257,0.7347239851951599,0.436475009,0.57615727186203,0.681647002696991,0.4158119857311249,0.1907380074262619,0.42299801111221313,0.739735,0.8318348526954651,0.33437201380729675,0.47049999237060547,0.9011059999465942,0.6534680128097534,0.5733030438423157,0.69839,0.5305230021476746,0.6293110251426697,0.5193535089492798,0.788260996,0.6651495099067688,0.7237740159034729,0.7659136056900024,0.8116233348846436,0.859853982925415,0.4561069905757904,0.8109622001647949
1811.0,0.8923466086387635,0.8020603895187378,0.9065115213394165,0.7346145868301391,0.43633657715773316,0.5754633784294129,0.683982765674591,0.41549298763275144,0.19060420691967012,0.42339720726013186,0.739984,0.831839096546173,0.3343632102012634,0.47067679166793824,0.9006060004234314,0.6538710117340087,0.5731199383735657,0.698166,0.5305848002433777,0.6291888236999512,0.5192125320434571,0.7878430006,0.6647324442863465,0.7241730093955994,0.7670525670051574,0.812360942363739,0.8587721824645996,0.45657719373703004,0.8109037280082703
1812.0,0.8923611998558044,0.8016047954559327,0.9060660123825073,0.7345051884651184,0.4361981453154663,0.5747694849967957,0.6863185286521911,0.41517398953437806,0.1904704064130783,0.4237964034080505,0.740233,0.8318433403968811,0.3343544065952301,0.470853590965271,0.9001060009002686,0.6542740106582642,0.5729368329048157,0.697942,0.5306465983390808,0.6290666222572326,0.5190715551376343,0.7874250052,0.664315378665924,0.7245720028877258,0.7681915283203125,0.8130985498428345,0.8576903820037842,0.4570473968982697,0.8108452558517456
1813.0,0.8923757910728455,0.8011492013931274,0.9056205034255982,0.7343957901000977,0.4360597134731995,0.5740755915641784,0.6886542916297913,0.4148549914360046,0.19033660590648652,0.42419559955596925,0.740482,0.8318475842475891,0.3343456029891968,0.47103039026260374,0.8996060013771057,0.6546770095825195,0.5727537274360657,0.697718,0.530708396434784,0.6289444208145142,0.5189305782318115,0.7870070097999999,0.6638983130455017,0.7249709963798523,0.7693304896354676,0.8138361573219299,0.8566085815429687,0.45751760005950926,0.810786783695221
1814.0,0.8923903822898864,0.8006936073303222,0.905174994468689,0.7342863917350769,0.43592128163093263,0.5733816981315613,0.6909900546073914,0.41453599333763125,0.1902028053998947,0.4245947957038879,0.740731,0.8318518280982972,0.33433679938316346,0.4712071895599365,0.8991060018539428,0.655080008506775,0.5725706219673157,0.697494,0.530770194530487,0.6288222193717956,0.5187896013259887,0.7865890144,0.6634812474250793,0.7253699898719788,0.7704694509506226,0.8145737648010254,0.8555267810821533,0.4579878032207489,0.8107283115386963
1815.0,0.8924049735069275,0.8002380132675171,0.9047294855117798,0.7341769933700562,0.43578284978866577,0.5726878046989441,0.6933258175849915,0.4142169952392578,0.19006900489330292,0.42499399185180664,0.74098,0.8318560719490051,0.3343279957771301,0.4713839888572693,0.89860600233078,0.6554830074310303,0.5723875164985657,0.69727,0.5308319926261902,0.6287000179290771,0.518648624420166,0.786171019,0.663064181804657,0.7257689833641052,0.7716084122657776,0.8153113722801208,0.8544449806213379,0.4584580063819885,0.8106698393821716
1816.0,0.8922955751419067,0.8001898050308227,0.9046470761299134,0.7340439915657043,0.43563827872276306,0.5712366819381713,0.6959558010101319,0.4139917969703674,0.18982940316200256,0.4249635934829712,0.7406811999999999,0.8316365957260132,0.33417099714279175,0.4713607907295227,0.8987161993980408,0.6556722044944763,0.5722228288650513,0.6973739999999999,0.5308011889457702,0.629058015346527,0.5186655640602111,0.7857446194,0.6623118638992309,0.7259851813316345,0.7720320820808411,0.8159152030944824,0.8533931851387024,0.45889360308647154,0.8105337738990783
1817.0,0.8921861767768859,0.8001415967941284,0.9045646667480469,0.7339109897613525,0.43549370765686035,0.5697855591773987,0.6985857844352722,0.41376659870147703,0.1895898014307022,0.42493319511413574,0.7403824,0.8314171195030212,0.33401399850845337,0.4713375926017761,0.8988263964653015,0.6558614015579224,0.5720581412315369,0.6974779999999999,0.5307703852653504,0.6294160127639771,0.5186825037002564,0.7853182197999999,0.661559545993805,0.7262013792991638,0.7724557518959045,0.816519033908844,0.8523413896560669,0.4593291997909546,0.8103977084159851
1818.0,0.8920767784118653,0.8000933885574341,0.9044822573661804,0.7337779879570008,0.43534913659095764,0.568334436416626,0.7012157678604126,0.4135414004325867,0.18935019969940187,0.4249027967453003,0.7400836,0.8311976432800293,0.333856999874115,0.47131439447402956,0.8989365935325623,0.6560505986213684,0.5718934535980225,0.697582,0.5307395815849304,0.629774010181427,0.5186994433403015,0.7848918202,0.6608072280883789,0.7264175772666931,0.772879421710968,0.8171228647232056,0.8512895941734314,0.4597647964954376,0.8102616429328918
1819.0,0.8919673800468445,0.8000451803207398,0.9043998479843139,0.733644986152649,0.43520456552505493,0.5668833136558533,0.7038457512855529,0.4133162021636963,0.1891105979681015,0.42487239837646484,0.7397848,0.8309781670570373,0.3337000012397766,0.47129119634628297,0.899046790599823,0.6562397956848145,0.5717287659645081,0.697686,0.5307087779045105,0.630132007598877,0.5187163829803467,0.7844654206,0.6600549101829529,0.7266337752342225,0.7733030915260315,0.8177266955375672,0.8502377986907959,0.4602003931999207,0.8101255774497986
1820.0,0.8918579816818237,0.7999969720840454,0.9043174386024475,0.7335119843482971,0.4350599944591522,0.5654321908950806,0.7064757347106934,0.4130910038948059,0.18887099623680115,0.4248420000076294,0.739486,0.8307586908340454,0.33354300260543823,0.4712679982185364,0.8991569876670837,0.6564289927482605,0.5715640783309937,0.69779,0.5306779742240906,0.6304900050163269,0.5187333226203918,0.784039021,0.6593025922775269,0.7268499732017517,0.773726761341095,0.8183305263519287,0.8491860032081604,0.4606359899044037,0.8099895119667053
1821.0,0.8921463847160339,0.7996859788894654,0.9042350292205811,0.7332501888275147,0.4348757088184357,0.5639810681343078,0.7091057300567627,0.41286060214042664,0.18895119726657866,0.4253678023815155,0.740024,0.8305392146110535,0.333609801530838,0.4710781991481781,0.8993251919746399,0.6560499906539917,0.5713993787765503,0.69772,0.5305173754692077,0.630046808719635,0.518722927570343,0.784140611,0.6585502743721008,0.7267067790031433,0.7741504311561584,0.8187602162361145,0.8478554010391235,0.4609607934951782,0.8098308086395264
1822.0,0.8924347877502441,0.7993749856948853,0.9041526198387146,0.7329883933067322,0.43469142317771914,0.5625299453735352,0.711735725402832,0.41263020038604736,0.1890313982963562,0.4258936047554016,0.7405619999999999,0.8303197383880615,0.3336766004562378,0.47088840007781985,0.899493396282196,0.655670988559723,0.5712346792221069,0.69765,0.5303567767143249,0.6296036124229432,0.5187125325202941,0.784242201,0.6577979564666748,0.7265635848045349,0.7745741009712219,0.8191899061203003,0.8465247988700867,0.46128559708595274,0.8096721053123475
1823.0,0.8927231907844544,0.7990639925003051,0.9040702104568481,0.7327265977859497,0.43450713753700254,0.5610788226127624,0.7143657207489014,0.4123997986316681,0.18911159932613372,0.4264194071292877,0.7411,0.8301002621650696,0.33374339938163755,0.4706986010074615,0.8996616005897522,0.6552919864654541,0.5710699796676636,0.69758,0.5301961779594422,0.6291604161262512,0.5187021374702454,0.7843437910000001,0.6570456385612488,0.7264203906059266,0.7749977707862854,0.8196195960044861,0.8451941967010498,0.4616104006767273,0.8095134019851684
1824.0,0.8930115938186646,0.7987529993057251,0.9039878010749817,0.7324648022651672,0.434322851896286,0.5596276998519898,0.7169957160949707,0.4121693968772888,0.18919180035591127,0.42694520950317383,0.7416379999999999,0.8298807859420776,0.33381019830703734,0.47050880193710326,0.8998298048973083,0.6549129843711853,0.5709052801132202,0.69751,0.5300355792045593,0.6287172198295593,0.5186917424201966,0.784445381,0.6562933206558228,0.7262771964073181,0.7754214406013489,0.8200492858886719,0.843863594532013,0.46193520426750184,0.8093546986579895
1825.0,0.8932999968528748,0.798442006111145,0.9039053916931152,0.7322030067443848,0.43413856625556946,0.558176577091217,0.71962571144104,0.41193899512290955,0.18927200138568878,0.42747101187705994,0.742176,0.8296613097190857,0.33387699723243713,0.470319002866745,0.8999980092048645,0.6545339822769165,0.5707405805587769,0.69744,0.5298749804496765,0.6282740235328674,0.5186813473701477,0.784546971,0.6555410027503967,0.7261340022087097,0.7758451104164124,0.8204789757728577,0.8425329923629761,0.46226000785827637,0.8091959953308105
1826.0,0.8928381919860839,0.7981014013290405,0.9042880058288574,0.7321318030357361,0.43395085334777833,0.5577376365661622,0.7208580732345581,0.41166539788246154,0.18891260027885437,0.42727341055870055,0.7416828,0.8293975591659546,0.33388099670410154,0.4704576015472412,0.8999604105949401,0.6552303910255433,0.5706296801567078,0.69699,0.5302253842353821,0.628446614742279,0.5185431361198425,0.7834597824,0.6559265613555908,0.7260042071342468,0.7755409479141235,0.8208050966262818,0.8399829983711242,0.46234760880470277,0.8090261936187744
1827.0,0.8923763871192932,0.797760796546936,0.9046706199645996,0.7320605993270874,0.4337631404399872,0.5572986960411072,0.7220904350280761,0.4113918006420135,0.18855319917201996,0.42707580924034116,0.7411896,0.8291338086128235,0.333884996175766,0.4705962002277374,0.8999228119850159,0.6559267997741699,0.5705187797546387,0.6965399999999999,0.5305757880210876,0.6286192059516906,0.5184049248695374,0.7823725938,0.6563121199607849,0.725874412059784,0.7752367854118347,0.8211312174797059,0.8374330043792725,0.4624352097511292,0.8088563919067383
1828.0,0.8919145822525024,0.7974201917648316,0.9050532341003418,0.7319893956184387,0.433575427532196,0.5568597555160523,0.7233227968215943,0.4111182034015656,0.18819379806518555,0.42687820792198183,0.7406963999999999,0.8288700580596924,0.3338889956474304,0.47073479890823366,0.8998852133750915,0.6566232085227967,0.5704078793525695,0.69609,0.5309261918067932,0.6287917971611023,0.5182667136192322,0.7812854052,0.656697678565979,0.725744616985321,0.7749326229095459,0.8214573383331298,0.8348830103874206,0.4625228106975555,0.8086865901947021
1829.0,0.8914527773857117,0.7970795869827271,0.905435848236084,0.73191819190979,0.4333877146244049,0.5564208149909973,0.7245551586151123,0.41084460616111756,0.18783439695835114,0.42668060660362245,0.7402032,0.8286063075065613,0.33389299511909487,0.47087339758872987,0.8998476147651673,0.6573196172714233,0.5702969789505005,0.6956399999999999,0.5312765955924987,0.6289643883705139,0.518128502368927,0.7801982166,0.6570832371711731,0.7256148219108581,0.7746284604072571,0.8217834591865539,0.8323330163955689,0.4626104116439819,0.8085167884826661
1830.0,0.8909909725189209,0.7967389822006226,0.9058184623718262,0.7318469882011414,0.43320000171661377,0.5559818744659424,0.7257875204086304,0.41057100892066956,0.18747499585151672,0.42648300528526306,0.73971,0.8283425569534302,0.3338969945907593,0.4710119962692261,0.8998100161552429,0.65801602602005,0.5701860785484314,0.69519,0.5316269993782043,0.6291369795799255,0.5179902911186218,0.779111028,0.6574687957763672,0.7254850268363953,0.7743242979049683,0.822109580039978,0.829783022403717,0.4626980125904083,0.8083469867706299
1831.0,0.8908707737922669,0.7965421915054322,0.9062010884284973,0.7318513870239258,0.43294742703437805,0.5555429339408875,0.7270198941230774,0.41005300879478457,0.18730999529361725,0.4265070021152496,0.7401362,0.8280788064002991,0.33391059637069703,0.47114579677581786,0.8992664098739624,0.6582876205444336,0.5700751781463623,0.694956,0.5316624045372009,0.6290085792541504,0.5179172396659851,0.7781676176,0.6578543424606323,0.7253552198410034,0.7740201354026794,0.8220613956451416,0.8264190196990967,0.4628446102142334,0.8081221222877503
1832.0,0.8907505750656128,0.7963454008102417,0.9065837144851685,0.7318557858467102,0.43269485235214233,0.5551039934158325,0.7282522678375244,0.4095350086688995,0.18714499473571777,0.4265309989452362,0.7405624,0.827815055847168,0.3339241981506348,0.47127959728240965,0.8987228035926819,0.6585592150688171,0.5699642777442933,0.694722,0.5316978096961975,0.6288801789283752,0.5178441882133484,0.7772242072,0.6582398891448975,0.7252254128456116,0.7737159729003906,0.8220132112503051,0.8230550169944764,0.46299120783805847,0.8078972578048706
1833.0,0.8906303763389587,0.7961486101150512,0.9069663405418396,0.7318601846694947,0.4324422776699066,0.5546650528907776,0.7294846415519715,0.40901700854301454,0.1869799941778183,0.42655499577522277,0.7409886,0.8275513052940369,0.3339377999305725,0.4714133977890015,0.8981791973114014,0.6588308095932007,0.5698533773422241,0.694488,0.5317332148551941,0.6287517786026001,0.5177711367607116,0.7762807968000001,0.6586254358291626,0.7250956058502197,0.7734118103981018,0.8219650268554688,0.8196910142898559,0.46313780546188354,0.8076723933219909
1834.0,0.8905101776123047,0.7959518194198608,0.9073489665985107,0.731864583492279,0.4321897029876709,0.5542261123657226,0.7307170152664184,0.4084990084171295,0.18681499361991882,0.4265789926052094,0.7414147999999999,0.8272875547409058,0.33395140171051024,0.4715471982955933,0.8976355910301208,0.6591024041175843,0.569742476940155,0.6942539999999999,0.5317686200141907,0.6286233782768249,0.5176980853080749,0.7753373864,0.6590109825134277,0.7249657988548279,0.773107647895813,0.8219168424606323,0.8163270115852356,0.4632844030857086,0.8074475288391113
1835.0,0.8903899788856506,0.7957550287246704,0.9077315926551819,0.7318689823150635,0.4319371283054352,0.5537871718406677,0.7319493889808655,0.4079810082912445,0.18664999306201935,0.4266029894351959,0.741841,0.8270238041877747,0.333965003490448,0.47168099880218506,0.8970919847488403,0.6593739986419678,0.5696315765380859,0.69402,0.5318040251731873,0.6284949779510498,0.5176250338554382,0.774393976,0.6593965291976929,0.724835991859436,0.7728034853935242,0.8218686580657959,0.8129630088806152,0.4634310007095337,0.8072226643562317
1836.0,0.8898799777030945,0.7954290270805359,0.9074668645858764,0.7315923810005188,0.4316359877586365,0.5556861877441406,0.7316980361938477,0.40794460773468016,0.18642359375953674,0.4270773887634277,0.7418937999999999,0.8271197557449341,0.33390380144119264,0.47146040201187134,0.8972001910209656,0.6588914036750794,0.5694461703300476,0.693762,0.531763219833374,0.6277827858924866,0.5175282239913941,0.7743143800000001,0.6591012716293335,0.7244075894355774,0.7717504978179932,0.8215974926948547,0.8070066094398498,0.46306740045547484,0.8068469047546387
1837.0,0.8893699765205383,0.7951030254364013,0.907202136516571,0.7313157796859742,0.4313348472118378,0.5575852036476135,0.7314466834068298,0.4079082071781158,0.18619719445705413,0.42755178809165956,0.7419466,0.8272157073020935,0.3338425993919373,0.4712398052215576,0.8973083972930909,0.658408808708191,0.5692607641220093,0.693504,0.5317224144935608,0.6270705938339234,0.5174314141273498,0.774234784,0.6588060140609742,0.7239791870117187,0.7706975102424621,0.8213263273239135,0.8010502099990845,0.462703800201416,0.8064711451530456
1838.0,0.8888599753379822,0.7947770237922669,0.9069374084472657,0.7310391783714294,0.43103370666503904,0.5594842195510864,0.731195330619812,0.40787180662155154,0.18597079515457154,0.42802618741989135,0.7419994,0.827311658859253,0.33378139734268186,0.4710192084312439,0.897416603565216,0.6579262137413024,0.5690753579139709,0.6932459999999999,0.5316816091537475,0.6263584017753601,0.5173346042633057,0.774155188,0.6585107564926147,0.7235507845878602,0.7696445226669312,0.8210551619529725,0.7950938105583191,0.4623401999473572,0.8060953855514527
1839.0,0.888349974155426,0.7944510221481323,0.9066726803779602,0.7307625770568847,0.43073256611824035,0.5613832354545594,0.7309439778327942,0.4078354060649872,0.18574439585208893,0.4285005867481232,0.7420522,0.8274076104164123,0.3337201952934265,0.4707986116409302,0.8975248098373413,0.657443618774414,0.5688899517059326,0.6929879999999999,0.5316408038139343,0.6256462097167969,0.5172377943992614,0.774075592,0.6582154989242553,0.7231223821640015,0.7685915350914001,0.8207839965820313,0.7891374111175538,0.46197659969329835,0.8057196259498596
1840.0,0.8878399729728699,0.7941250205039978,0.9064079523086548,0.7304859757423401,0.43043142557144165,0.5632822513580322,0.7306926250457764,0.40779900550842285,0.18551799654960632,0.428974986076355,0.742105,0.8275035619735718,0.33365899324417114,0.47057801485061646,0.8976330161094666,0.6569610238075256,0.5687045454978943,0.69273,0.5315999984741211,0.6249340176582336,0.5171409845352173,0.773995996,0.657920241355896,0.7226939797401428,0.7675385475158691,0.8205128312110901,0.7831810116767883,0.4616129994392395,0.8053438663482666
1841.0,0.8876907825469971,0.793280017375946,0.9061432242393493,0.7301169753074646,0.42995741963386536,0.5651812553405762,0.7304412841796875,0.40771740674972534,0.18538359701633453,0.42915278673171997,0.742282,0.8275995135307312,0.3336825966835022,0.47045021057128905,0.8974568128585816,0.6568756222724914,0.568519139289856,0.692152,0.5311936020851136,0.6246140122413635,0.5173864960670471,0.7731889966000001,0.6576249957084656,0.7220457792282104,0.7664855599403382,0.8196287155151367,0.7783424139022828,0.46124039888381957,0.8049758195877075
1842.0,0.8875415921211243,0.7924350142478943,0.9058784961700439,0.7297479748725891,0.42948341369628906,0.5670802593231201,0.7301899433135987,0.40763580799102783,0.18524919748306273,0.42933058738708496,0.742459,0.8276954650878906,0.33370620012283325,0.47032240629196165,0.8972806096076965,0.6567902207374573,0.5683337330818177,0.691574,0.5307872056961059,0.6242940068244934,0.517632007598877,0.7723819972,0.6573297500610351,0.7213975787162781,0.7654325723648071,0.8187445998191833,0.7735038161277771,0.46086779832839964,0.8046077728271485
1843.0,0.8873924016952515,0.7915900111198425,0.9056137681007386,0.7293789744377136,0.42900940775871277,0.5689792633056641,0.7299386024475097,0.4075542092323303,0.18511479794979097,0.42950838804244995,0.7426360000000001,0.8277914166450501,0.3337298035621643,0.4701946020126343,0.8971044063568115,0.6567048192024231,0.5681483268737793,0.6909959999999999,0.5303808093070984,0.6239740014076233,0.5178775191307068,0.7715749978,0.6570345044136048,0.7207493782043457,0.7643795847892761,0.81786048412323,0.7686652183532715,0.46049519777297976,0.8042397260665893
1844.0,0.8872432112693787,0.7907450079917908,0.9053490400314331,0.7290099740028382,0.4285354018211365,0.570878267288208,0.7296872615814209,0.4074726104736328,0.18498039841651917,0.42968618869781494,0.7428130000000001,0.8278873682022094,0.33375340700149536,0.4700667977333069,0.8969282031059265,0.656619417667389,0.567962920665741,0.690418,0.5299744129180908,0.6236539959907532,0.5181230306625366,0.7707679984,0.6567392587661743,0.7201011776924133,0.7633265972137451,0.8169763684272766,0.7638266205787658,0.4601225972175598,0.8038716793060303
1845.0,0.8870940208435059,0.789900004863739,0.9050843119621277,0.7286409735679626,0.4280613958835602,0.572777271270752,0.729435920715332,0.4073910117149353,0.18484599888324738,0.42986398935317993,0.74299,0.8279833197593689,0.3337770104408264,0.4699389934539795,0.8967519998550415,0.6565340161323547,0.5677775144577026,0.68984,0.5295680165290833,0.6233339905738831,0.5183685421943665,0.769960999,0.6564440131187439,0.719452977180481,0.7622736096382141,0.8160922527313232,0.7589880228042603,0.4597499966621399,0.8035036325454712
1846.0,0.8870744109153748,0.7893090009689331,0.9051805973052979,0.728851580619812,0.42748111486434937,0.5747160673141479,0.7280587792396546,0.4070586085319519,0.18483199775218964,0.4299303889274597,0.7431752,0.8279427766799927,0.33377380967140197,0.47006999254226683,0.8965170025825501,0.656656813621521,0.5677045345306396,0.689506,0.5293798089027405,0.6229305982589721,0.5180204749107361,0.7686812040000001,0.6563818335533143,0.7189105868339538,0.7608062028884888,0.8153647780418396,0.7585034132003784,0.4591393947601318,0.8029581785202027
1847.0,0.8870548009872437,0.7887179970741272,0.9052768826484681,0.7290621876716614,0.42690083384513855,0.5766548633575439,0.7266816377639771,0.40672620534896853,0.1848179966211319,0.4299967885017395,0.7433604,0.8279022336006164,0.3337706089019775,0.4702009916305542,0.8962820053100586,0.6567796111106873,0.5676315546035766,0.689172,0.5291916012763977,0.6225272059440613,0.5176724076271058,0.767401409,0.6563196539878845,0.7183681964874268,0.7593387961387634,0.814637303352356,0.7580188035964965,0.45852879285812376,0.8024127244949341
1848.0,0.8870351910591125,0.7881269931793213,0.9053731679916381,0.7292727947235107,0.42632055282592773,0.57859365940094,0.7253044962882995,0.4063938021659851,0.18480399549007415,0.4300631880760193,0.7435456,0.8278616905212403,0.3337674081325531,0.4703319907188416,0.8960470080375671,0.6569024085998535,0.5675585746765137,0.688838,0.5290033936500549,0.6221238136291504,0.5173243403434753,0.766121614,0.6562574744224549,0.7178258061408996,0.7578713893890381,0.8139098286628723,0.7575341939926148,0.45791819095611574,0.8018672704696655
1849.0,0.8870155811309814,0.7875359892845154,0.9054694533348083,0.7294834017753601,0.4257402718067169,0.580532455444336,0.723927354812622,0.4060613989830017,0.1847899943590164,0.4301295876502991,0.7437308,0.827821147441864,0.3337642073631287,0.4704629898071289,0.8958120107650757,0.6570252060890198,0.5674855947494507,0.688504,0.5288151860237121,0.6217204213142395,0.516976273059845,0.7648418189999999,0.6561952948570251,0.7172834157943726,0.7564039826393127,0.8131823539733887,0.7570495843887329,0.4573075890541077,0.8013218164443969
1850.0,0.8869959712028503,0.7869449853897095,0.9055657386779785,0.7296940088272095,0.4251599907875061,0.5824712514877319,0.7225502133369446,0.4057289958000183,0.18477599322795868,0.43019598722457886,0.743916,0.8277806043624878,0.3337610065937042,0.47059398889541626,0.8955770134925842,0.657148003578186,0.5674126148223877,0.68817,0.5286269783973694,0.6213170289993286,0.5166282057762146,0.763562024,0.6561331152915955,0.7167410254478455,0.7549365758895874,0.812454879283905,0.7565649747848511,0.4566969871520996,0.8007763624191284
1851.0,0.8867995738983154,0.7867825865745545,0.9056620359420776,0.7295820116996765,0.42426456809043883,0.5844100594520569,0.7211730718612671,0.4054403960704803,0.1847089946269989,0.4301323890686035,0.7439926,0.8277400493621826,0.3337764024734497,0.4703017890453339,0.8955512166023254,0.6571907997131348,0.5673396348953247,0.6875359999999999,0.5285699844360352,0.6215052247047425,0.5164056062698364,0.7618192198,0.6560709357261658,0.716161024570465,0.7534691572189331,0.8110195755958557,0.7589599847793579,0.45590139031410215,0.8000154614448547
1852.0,0.8866031765937805,0.7866201877593995,0.9057583332061767,0.7294700145721436,0.42336914539337156,0.5863488674163818,0.7197959303855896,0.4051517963409424,0.18464199602603912,0.4300687909126282,0.7440692,0.8276994943618774,0.33379179835319517,0.4700095891952515,0.8955254197120667,0.6572335958480835,0.5672666549682617,0.686902,0.5285129904747009,0.6216934204101563,0.5161830067634583,0.7600764155999999,0.6560087561607361,0.7155810236930847,0.7520017385482788,0.8095842719078064,0.7613549947738647,0.45510579347610475,0.7992545604705811
1853.0,0.8864067792892456,0.7864577889442443,0.9058546304702759,0.7293580174446106,0.42247372269630434,0.5882876753807068,0.7184187889099121,0.4048631966114044,0.18457499742507935,0.43000519275665283,0.7441458000000001,0.8276589393615723,0.3338071942329407,0.46971738934516905,0.8954996228218078,0.6572763919830322,0.5671936750411988,0.686268,0.5284559965133667,0.62188161611557,0.51596040725708,0.7583336114,0.6559465765953064,0.7150010228157043,0.7505343198776245,0.8081489682197571,0.7637500047683716,0.4543101966381073,0.7984936594963074
1854.0,0.8862103819847107,0.7862953901290893,0.905950927734375,0.7292460203170776,0.42157829999923707,0.5902264833450317,0.7170416474342346,0.4045745968818665,0.18450799882411956,0.4299415946006775,0.7442224000000001,0.8276183843612671,0.33382259011268617,0.46942518949508666,0.8954738259315491,0.657319188117981,0.5671206951141358,0.6856340000000001,0.5283990025520324,0.6220698118209839,0.5157378077507019,0.7565908071999999,0.6558843970298767,0.714421021938324,0.7490669012069702,0.8067136645317078,0.7661450147628784,0.4535145998001099,0.7977327585220337
1855.0,0.8860139846801758,0.7861329913139343,0.9060472249984741,0.7291340231895447,0.4206828773021698,0.5921652913093567,0.7156645059585571,0.4042859971523285,0.1844410002231598,0.42987799644470215,0.744299,0.8275778293609619,0.33383798599243164,0.4691329896450043,0.8954480290412903,0.6573619842529297,0.5670477151870728,0.685,0.5283420085906982,0.6222580075263977,0.5155152082443237,0.754848003,0.655822217464447,0.7138410210609436,0.7475994825363159,0.8052783608436584,0.7685400247573853,0.4527190029621124,0.79697185754776
1856.0,0.8859571933746337,0.7864843964576721,0.9054943442344665,0.7290714144706726,0.41947962641716,0.5924318909645081,0.7129290580749512,0.40405439734458926,0.18435739874839782,0.430173397064209,0.7441324,0.8270593881607056,0.333803790807724,0.4692051887512207,0.8964986205101013,0.6574089884757995,0.567059326171875,0.684388,0.52810720205307,0.6213320016860961,0.5152476906776429,0.752661204,0.6554301142692566,0.713045620918274,0.7455530405044556,0.8032062411308288,0.7694912195205689,0.4516656041145325,0.7959864616394043
1857.0,0.8859004020690918,0.7868358016014099,0.904941463470459,0.7290088057518005,0.41827637553215025,0.5926984906196594,0.7101936101913452,0.40382279753684996,0.18427379727363585,0.4304687976837158,0.7439658,0.8265409469604492,0.33376959562301634,0.4692773878574371,0.8975492119789124,0.6574559926986694,0.5670709371566772,0.683776,0.5278723955154419,0.6204059958457947,0.5149801731109619,0.750474405,0.6550380110740661,0.7122502207756043,0.7435065984725953,0.8011341214179992,0.7704424142837525,0.4506122052669525,0.7950010657310486
1858.0,0.8858436107635498,0.7871872067451477,0.9043885827064514,0.7289461970329285,0.4170731246471405,0.5929650902748108,0.7074581623077393,0.40359119772911073,0.1841901957988739,0.43076419830322266,0.7437992,0.8260225057601929,0.33373540043830874,0.4693495869636536,0.8985998034477234,0.6575029969215394,0.5670825481414795,0.683164,0.5276375889778138,0.6194799900054931,0.514712655544281,0.748287606,0.6546459078788758,0.7114548206329345,0.7414601564407348,0.7990620017051697,0.771393609046936,0.44955880641937257,0.7940156698226929
1859.0,0.8857868194580079,0.7875386118888855,0.9038357019424439,0.7288835883140564,0.41586987376213075,0.5932316899299621,0.7047227144241333,0.40335959792137144,0.18410659432411194,0.4310595989227295,0.7436326,0.8255040645599365,0.3337012052536011,0.46942178606987,0.8996503949165344,0.6575500011444092,0.5670941591262817,0.682552,0.5274027824401856,0.6185539841651917,0.5144451379776,0.7461008069999999,0.6542538046836853,0.7106594204902649,0.7394137144088745,0.7969898819923401,0.7723448038101196,0.4485054075717926,0.7930302739143371
1860.0,0.8857300281524658,0.7878900170326233,0.9032828211784363,0.7288209795951843,0.41466662287712097,0.5934982895851135,0.7019872665405273,0.4031279981136322,0.18402299284934998,0.43135499954223633,0.743466,0.8249856233596802,0.33366701006889343,0.4694939851760864,0.9007009863853455,0.657597005367279,0.567105770111084,0.68194,0.5271679759025574,0.6176279783248901,0.5141776204109192,0.743914008,0.6538617014884949,0.7098640203475952,0.7373672723770142,0.7949177622795105,0.7732959985733032,0.44745200872421265,0.7920448780059814
1861.0,0.885326623916626,0.7882786154747009,0.9027299404144287,0.7287701845169068,0.4128273129016968,0.5937648892402649,0.6992518305778503,0.4027265965938568,0.18414119482040406,0.4312102019786835,0.7437505999999999,0.8244671940803527,0.33376840949058534,0.46955038905143737,0.9000729918479919,0.6575515985488891,0.5671173930168152,0.6802779999999999,0.5271535754203797,0.6165173768997192,0.5137876749038697,0.740182209,0.6534695982933044,0.7092128157615661,0.7353208422660827,0.792034137248993,0.7756431937217713,0.44616580605506895,0.790882670879364
1862.0,0.8849232196807861,0.7886672139167785,0.9021770596504212,0.7287193894386291,0.4109880029262726,0.5940314888954162,0.6965163946151733,0.40232519507408143,0.18425939679145814,0.43106540441513064,0.7440352,0.8239487648010254,0.33386980891227724,0.4696067929267883,0.8994449973106384,0.6575061917304993,0.5671290159225464,0.678616,0.527139174938202,0.6154067754745484,0.51339772939682,0.73645041,0.653077495098114,0.7085616111755371,0.7332744121551513,0.7891505122184753,0.7779903888702393,0.4448796033859253,0.7897204637527466
1863.0,0.8845198154449463,0.7890558123588562,0.9016241788864136,0.7286685943603516,0.4091486929508484,0.5942980885505676,0.6937809586524963,0.401923793554306,0.1843775987625122,0.43092060685157774,0.7443198,0.823430335521698,0.3339712083339691,0.4696631968021393,0.8988170027732849,0.6574607849121094,0.5671406388282776,0.676954,0.5271247744560241,0.6142961740493774,0.5130077838897705,0.7327186109999999,0.6526853919029236,0.7079104065895081,0.73122798204422,0.7862668871879578,0.7803375840187072,0.4435934007167816,0.7885582566261291
1864.0,0.8841164112091064,0.7894444108009339,0.901071298122406,0.7286177992820739,0.4073093829754242,0.594564688205719,0.6910455226898193,0.40152239203453066,0.18449580073356628,0.4307758092880249,0.7446044,0.8229119062423706,0.334072607755661,0.46971960067749025,0.8981890082359314,0.6574153780937195,0.5671522617340088,0.675292,0.5271103739738464,0.6131855726242066,0.5126178383827209,0.7289868119999999,0.6522932887077332,0.707259202003479,0.7291815519332886,0.7833832621574401,0.7826847791671753,0.44230719804763796,0.7873960494995117
1865.0,0.8837130069732666,0.7898330092430115,0.9005184173583984,0.7285670042037964,0.405470073,0.5948312878608704,0.6883100867271423,0.40112099051475525,0.18461400270462036,0.43063101172447205,0.744889,0.8223934769630432,0.3341740071773529,0.4697760045528412,0.8975610136985779,0.6573699712753296,0.56716388463974,0.67363,0.5270959734916687,0.6120749711990356,0.5122278928756714,0.725255013,0.6519011855125427,0.70660799741745,0.7271351218223572,0.7804996371269226,0.7850319743156433,0.44102099537849426,0.7862338423728943
1866.0,0.8833370089530945,0.7900100111961365,0.9005640506744385,0.7290199995040894,0.40285376292499386,0.5949652910232544,0.6826686143875123,0.4003123939037323,0.18470440208911895,0.43091400861740115,0.7451322,0.8206887006759643,0.3340530037879944,0.4703448057174683,0.8960940122604371,0.6582561731338501,0.5670806646347046,0.67164,0.5277547836303711,0.6115419745445252,0.5116278052330017,0.719562209,0.6511713743209839,0.7060967922210694,0.723788058757782,0.7774861931800843,0.7889583826065063,0.43940859436988833,0.7845810651779175
1867.0,0.8829610109329223,0.7901870131492614,0.9006096839904785,0.7294729948043823,0.4002374528499878,0.5950992941856384,0.6770271420478821,0.39950379729270935,0.18479480147361754,0.4311970055103302,0.7453754,0.8189839243888855,0.33393200039863585,0.4709136068820953,0.8946270108222961,0.6591423749923706,0.5669974446296692,0.66965,0.5284135937690735,0.6110089778900146,0.511027717590332,0.713869405,0.650441563129425,0.7055855870246888,0.7204409956932067,0.7744727492332458,0.7928847908973694,0.43779619336128234,0.7829282879829407
1868.0,0.8825850129127503,0.7903640151023865,0.9006553173065186,0.7299259901046753,0.3976211427749817,0.5952332973480224,0.671385669708252,0.3986952006816864,0.18488520085811616,0.4314800024032593,0.7456186,0.8172791481018067,0.33381099700927735,0.4714824080467224,0.8931600093841553,0.6600285768508911,0.5669142246246338,0.66766,0.5290724039077759,0.6104759812355042,0.5104276299476623,0.708176601,0.6497117519378662,0.7050743818283081,0.7170939326286316,0.7714593052864075,0.7968111991882324,0.4361837923526764,0.7812755107879639
1869.0,0.8822090148925781,0.7905410170555115,0.9007009506225586,0.7303789854049683,0.3950048326999756,0.5953673005104065,0.6657441973686218,0.39788660407066345,0.18497560024261475,0.43176299929618833,0.7458618,0.8155743718147278,0.3336899936199188,0.47205120921134947,0.8916930079460144,0.6609147787094116,0.5668310046195983,0.66567,0.5297312140464783,0.6099429845809936,0.5098275423049927,0.702483797,0.6489819407463073,0.7045631766319275,0.7137468695640564,0.768445861339569,0.8007376074790955,0.4345713913440704,0.7796227335929871
1870.0,0.881833016872406,0.7907180190086365,0.9007465839385986,0.7308319807052612,0.3923885226249695,0.5955013036727905,0.6601027250289917,0.3970780074596405,0.18506599962711334,0.43204599618911743,0.746105,0.8138695955276489,0.3335689902305603,0.47262001037597656,0.8902260065078735,0.6618009805679321,0.566747784614563,0.66368,0.5303900241851807,0.6094099879264832,0.509227454662323,0.696790993,0.6482521295547485,0.7040519714355469,0.7103998064994812,0.7654324173927307,0.8046640157699585,0.4329589903354645,0.7779699563980103
1871.0,0.8811752080917359,0.7897462129592896,0.9007922053337097,0.7287717819213867,0.3885908186435699,0.5956353068351745,0.6544612646102905,0.39753660559654236,0.18505719900131226,0.43221219778060915,0.7460640000000001,0.8121648311614991,0.3334597945213318,0.4716776072978973,0.8889246106147766,0.6596937894821167,0.5666645646095276,0.661548,0.5290574193000793,0.6055781960487365,0.5082951545715332,0.6923053978,0.6475223183631897,0.702283775806427,0.707052743434906,0.760240113735199,0.8081776142120362,0.42941839098930357,0.7758240938186646
1872.0,0.8805173993110657,0.7887744069099426,0.9008378267288208,0.7267115831375122,0.3847931146621704,0.5957693099975586,0.6488198041915894,0.3979952037334442,0.18504839837551118,0.4323783993721008,0.746023,0.8104600667953491,0.33335059881210327,0.4707352042198181,0.8876232147216797,0.6575865983963013,0.5665813446044922,0.659416,0.527724814414978,0.60174640417099,0.5073628544807434,0.6878198026,0.6467925071716308,0.7005155801773071,0.7037056803703308,0.7550478100776672,0.8116912126541138,0.4258777916431427,0.7736782312393189
1873.0,0.8798595905303955,0.7878026008605957,0.9008834481239318,0.7246513843536377,0.38099541068077086,0.5959033131599426,0.6431783437728882,0.39845380187034607,0.18503959774971007,0.43254460096359254,0.745982,0.8087553024291992,0.33324140310287476,0.4697928011417389,0.8863218188285827,0.6554794073104858,0.5664981245994568,0.6572840000000001,0.5263922095298768,0.5979146122932434,0.5064305543899537,0.6833342074000001,0.646062695980072,0.6987473845481873,0.7003586173057557,0.7498555064201355,0.8152048110961914,0.4223371922969818,0.7715323686599731
1874.0,0.8792017817497253,0.7868307948112487,0.900929069519043,0.7225911855697632,0.37719770669937136,0.5960373163223267,0.637536883354187,0.3989124000072479,0.185030797123909,0.4327108025550842,0.745941,0.8070505380630493,0.33313220739364624,0.4688503980636597,0.8850204229354859,0.6533722162246705,0.5664149045944213,0.6551520000000001,0.5250596046447754,0.5940828204154969,0.5054982542991638,0.6788486122,0.6453328847885131,0.6969791889190674,0.6970115542411804,0.7446632027626038,0.818718409538269,0.41879659295082095,0.7693865060806274
1875.0,0.8785439729690552,0.7858589887619019,0.900974690914154,0.7205309867858887,0.3734000027179718,0.5961713194847107,0.6318954229354858,0.3993709981441498,0.1850219964981079,0.4328770041465759,0.7459,0.8053457736968994,0.3330230116844177,0.46790799498558044,0.8837190270423889,0.651265025138855,0.566331684589386,0.65302,0.5237269997596741,0.5902510285377502,0.504565954208374,0.674363017,0.6446030735969543,0.6952109932899475,0.6936644911766052,0.739470899105072,0.8222320079803467,0.41525599360466003,0.7672406435012817
1876.0,0.8780685782432556,0.7842883944511414,0.9006291627883911,0.7198205947875976,0.36808202266693113,0.596435010433197,0.6222876310348511,0.3992653965950012,0.18509059846401216,0.4329758048057556,0.7459334,0.8028930783271789,0.3332082092761993,0.4677255988121033,0.8823440194129943,0.6504252195358277,0.5660385131835938,0.649974,0.5228214025497436,0.58614661693573,0.5032151997089386,0.6658842086,0.6431811571121215,0.6930441975593566,0.6887385845184326,0.7340144038200378,0.8260026097297668,0.4120583951473236,0.7646667718887329
1877.0,0.8775931835174561,0.7827178001403808,0.9002836346626282,0.7191102027893066,0.3627640426158905,0.5966987013816833,0.6126798391342163,0.39915979504585264,0.18515920042991638,0.4330746054649353,0.7459668,0.8004403829574585,0.33339340686798097,0.4675432026386261,0.8809690117835999,0.6495854139328003,0.5657453417778016,0.6469280000000001,0.5219158053398132,0.5820422053337098,0.5018644452095031,0.6574054002,0.6417592406272888,0.6908774018287659,0.68381267786026,0.7285579085350037,0.829773211479187,0.4088607966899872,0.762092900276184
1878.0,0.8771177887916565,0.7811472058296204,0.8999381065368652,0.7183998107910157,0.35744606256484984,0.5969623923301697,0.6030720472335815,0.3990541934967041,0.18522780239582062,0.433173406124115,0.7460002,0.7979876875877381,0.33357860445976256,0.46736080646514894,0.8795940041542053,0.6487456083297729,0.5654521703720092,0.643882,0.5210102081298829,0.5779377937316894,0.5005136907100678,0.6489265918,0.640337324142456,0.688710606098175,0.6788867712020874,0.7231014132499695,0.8335438132286072,0.40566319823265073,0.7595190286636353
1879.0,0.876642394065857,0.7795766115188598,0.8995925784111023,0.7176894187927246,0.3521280825138092,0.597226083278656,0.5934642553329468,0.39894859194755555,0.18529640436172484,0.4332722067832947,0.7460336000000001,0.7955349922180176,0.3337638020515442,0.46717841029167173,0.8782189965248108,0.6479058027267456,0.565158998966217,0.640836,0.5201046109199524,0.5738333821296692,0.49916293621063235,0.6404477834000001,0.6389154076576233,0.6865438103675843,0.6739608645439148,0.7176449179649353,0.8373144149780274,0.4024655997753143,0.7569451570510864
1880.0,0.8761669993400574,0.7780060172080994,0.8992470502853394,0.7169790267944336,0.34681010246276855,0.5974897742271423,0.583856463432312,0.398842990398407,0.1853650063276291,0.43337100744247437,0.746067,0.7930822968482971,0.3339489996433258,0.4669960141181946,0.8768439888954163,0.6470659971237183,0.5648658275604248,0.63779,0.519199013710022,0.5697289705276489,0.4978121817111969,0.631968975,0.6374934911727905,0.6843770146369934,0.6690349578857422,0.7121884226799011,0.8410850167274475,0.3992680013179779,0.7543712854385376
1881.0,0.8770709991455078,0.7763320088386536,0.8989015221595764,0.7174428224563598,0.3400600552558899,0.5977534651756287,0.5742486715316772,0.39839579463005065,0.18553080558776855,0.4332728087902069,0.7463122,0.7906296014785766,0.3338388025760651,0.4673458099365234,0.8745069861412048,0.6468845963478088,0.5645726442337036,0.634258,0.5188248157501221,0.5645459771156311,0.49525166153907774,0.6197225808000001,0.6360715746879577,0.682818615436554,0.6641090631484985,0.7072471857070923,0.8431786179542542,0.39577699899673463,0.7510750651359558
1882.0,0.8779749989509582,0.7746580004692077,0.8985559940338135,0.7179066181182862,0.33331000804901123,0.598017156124115,0.5646408796310425,0.3979485988616943,0.185696604847908,0.43317461013793945,0.7465574,0.7881769061088562,0.33372860550880434,0.4676956057548523,0.8721699833869934,0.6467031955718994,0.5642794609069824,0.630726,0.5184506177902222,0.5593629837036133,0.49269114136695863,0.6074761866,0.634649658203125,0.6812602162361145,0.6591831684112549,0.7023059487342834,0.8452722191810608,0.39228599667549136,0.747778844833374
1883.0,0.8788789987564087,0.772983992099762,0.8982104659080505,0.7183704137802124,0.32655996084213257,0.5982808470726013,0.5550330877304077,0.39750140309333803,0.1858624041080475,0.433076411485672,0.7468026,0.7857242107391358,0.33361840844154356,0.46804540157318114,0.869832980632782,0.64652179479599,0.5639862775802612,0.6271939999999999,0.5180764198303223,0.5541799902915955,0.49013062119483947,0.5952297924000001,0.6332277417182922,0.679701817035675,0.6542572736740112,0.6973647117614746,0.8473658204078675,0.388794994354248,0.7444826245307923
1884.0,0.8797829985618592,0.7713099837303161,0.8978649377822876,0.7188342094421387,0.3198099136352539,0.5985445380210876,0.545425295829773,0.3970542073249817,0.18602820336818696,0.43297821283340454,0.7470478,0.7832715153694153,0.3335082113742828,0.46839519739151003,0.8674959778785706,0.6463403940200806,0.5636930942535401,0.6236619999999999,0.5177022218704224,0.5489969968795776,0.48757010102272036,0.5829833982,0.6318058252334595,0.6781434178352356,0.6493313789367676,0.6924234747886657,0.849459421634674,0.38530399203300475,0.7411864042282105
1885.0,0.8806869983673096,0.7696359753608704,0.8975194096565247,0.7192980051040649,0.31305986642837524,0.598808228969574,0.5358175039291382,0.39660701155662537,0.18619400262832642,0.4328800141811371,0.747293,0.7808188199996948,0.3333980143070221,0.46874499320983887,0.8651589751243591,0.6461589932441711,0.5633999109268188,0.62013,0.5173280239105225,0.5438140034675598,0.4850095808506012,0.570737004,0.6303839087486267,0.6765850186347961,0.6444054841995239,0.6874822378158569,0.8515530228614807,0.3818129897117615,0.7378901839256287
1886.0,0.8810091972351074,0.7680285811424256,0.8968327403068542,0.7194722056388855,0.30508028864860537,0.5999970674514771,0.5240446925163269,0.3961686074733734,0.18620720207691194,0.43296481370925904,0.7470568,0.7818291425704956,0.3333444118499756,0.46900019645690916,0.8643559813499451,0.6448225975036621,0.5636070013046265,0.6158199999999999,0.5167416214942933,0.5354508042335511,0.4812513172626495,0.5566268084,0.6271882772445678,0.6749484181404114,0.6371914982795716,0.6817534923553467,0.8526402235031127,0.3778275907039642,0.734042227268219
1887.0,0.8813313961029052,0.7664211869239808,0.8961460709571838,0.719646406173706,0.29710071086883544,0.6011859059333802,0.5122718811035156,0.39573020339012144,0.18622040152549743,0.433049613237381,0.7468206,0.7828394651412964,0.3332908093929291,0.4692553997039795,0.863552987575531,0.6434862017631531,0.5638140916824341,0.61151,0.5161552190780639,0.5270876049995422,0.47749305367469785,0.5425166128,0.623992645740509,0.6733118176460267,0.6299775123596192,0.6760247468948364,0.8537274241447449,0.373842191696167,0.7301942706108093
1888.0,0.8816535949707032,0.7648137927055358,0.8954594016075135,0.7198206067085267,0.28912113308906556,0.6023747444152832,0.5004990696907043,0.39529179930686953,0.18623360097408295,0.4331344127655029,0.7465844,0.7838497877120971,0.33323720693588255,0.4695106029510498,0.8627499938011169,0.642149806022644,0.5640211820602417,0.6072,0.5155688166618347,0.5187244057655335,0.47373479008674624,0.5284064172,0.6207970142364502,0.6716752171516418,0.6227635264396667,0.6702960014343262,0.8548146247863769,0.36985679268836974,0.7263463139533997
1889.0,0.881975793838501,0.763206398487091,0.894772732257843,0.7199948072433472,0.28114155530929563,0.6035635828971863,0.48872625827789307,0.39485339522361756,0.18624680042266845,0.43321921229362487,0.7463482,0.7848601102828979,0.33318360447883605,0.46976580619812014,0.8619470000267029,0.640813410282135,0.5642282724380493,0.60289,0.5149824142456054,0.5103612065315246,0.46997652649879457,0.5142962216,0.6176013827323914,0.6700386166572571,0.6155495405197143,0.6645672559738159,0.8559018254280091,0.36587139368057253,0.72249835729599
1890.0,0.8822979927062988,0.7615990042686462,0.8940860629081726,0.7201690077781677,0.27316197752952576,0.6047524213790894,0.4769534468650818,0.3944149911403656,0.18625999987125397,0.4333040118217468,0.746112,0.7858704328536987,0.33313000202178955,0.47002100944519043,0.8611440062522888,0.639477014541626,0.5644353628158569,0.59858,0.5143960118293762,0.5019980072975159,0.4662182629108429,0.500186026,0.6144057512283325,0.6684020161628723,0.608335554599762,0.6588385105133057,0.8569890260696411,0.36188599467277527,0.7186504006385803
1891.0,0.8820127964019775,0.7597772002220153,0.8933993935585022,0.7198840022087097,0.26588990688323977,0.6059412598609925,0.4651806354522705,0.39404839277267456,0.18632420003414155,0.4333548069000244,0.7460048,0.7868807435035705,0.33327299952507017,0.4700476050376892,0.860399603843689,0.6373908162117005,0.5646424531936646,0.593596,0.5131076097488403,0.49107040762901305,0.4607545077800751,0.48552241919999994,0.6112101197242736,0.6665816187858582,0.6011215686798096,0.6526871919631958,0.8571026206016541,0.35805379748344424,0.7139555931091308
1892.0,0.8817276000976563,0.7579553961753845,0.8927127242088317,0.7195989966392518,0.2586178362369537,0.6071300983428956,0.45340782403945923,0.3936817944049835,0.18638840019702912,0.433405601978302,0.7458976,0.7878910541534424,0.33341599702835084,0.470074200630188,0.8596552014350891,0.635304617881775,0.5648495435714722,0.588612,0.5118192076683045,0.48014280796051023,0.45529075264930724,0.47085881239999994,0.6080144882202149,0.664761221408844,0.5939075827598572,0.6465358734130859,0.857216215133667,0.35422160029411315,0.7092607855796814
1893.0,0.8814424037933349,0.7561335921287536,0.8920260548591614,0.7193139910697937,0.25134576559066774,0.6083189368247985,0.44163501262664795,0.3933151960372925,0.18645260035991668,0.43345639705657957,0.7457904,0.7889013648033142,0.33355899453163146,0.47010079622268675,0.8589107990264893,0.6332184195518493,0.5650566339492797,0.5836279999999999,0.5105308055877685,0.46921520829200747,0.44982699751853944,0.45619520559999993,0.604818856716156,0.6629408240318299,0.5866935968399047,0.6403845548629761,0.85732980966568,0.3503894031047821,0.7045659780502319
1894.0,0.8811572074890137,0.7543117880821228,0.891339385509491,0.7190289855003357,0.24407369494438172,0.6095077753067016,0.42986220121383667,0.39294859766960144,0.18651680052280425,0.43350719213485717,0.7456832,0.7899116754531861,0.33370199203491213,0.47012739181518554,0.8581663966178894,0.6311322212219238,0.5652637243270874,0.5786439999999999,0.5092424035072327,0.45828760862350465,0.4443632423877716,0.4415315988,0.6016232252120972,0.6611204266548156,0.5794796109199524,0.6342332363128662,0.8574434041976928,0.346557205915451,0.6998711705207825
1895.0,0.8808720111846924,0.7524899840354919,0.8906527161598206,0.7187439799308777,0.2368016242980957,0.6106966137886047,0.4180893898010254,0.3925819993019104,0.18658100068569183,0.43355798721313477,0.745576,0.7909219861030579,0.33384498953819275,0.4701539874076843,0.8574219942092896,0.6290460228919983,0.565470814704895,0.57366,0.5079540014266968,0.44736000895500183,0.4388994872570038,0.426867992,0.5984275937080383,0.6593000292778015,0.572265625,0.6280819177627563,0.8575569987297058,0.34272500872612,0.695176362991333
1896.0,0.8811726093292236,0.7505425930023193,0.8898870944976807,0.7185287833213806,0.2330695927143097,0.6118256568908691,0.4024686098098755,0.3921082019805908,0.1867812007665634,0.43340778946876524,0.7457590000000001,0.7913255214691162,0.3337187945842743,0.47068219184875487,0.8557958006858826,0.6270368218421936,0.5650446653366089,0.5688799999999999,0.5069401979446411,0.4383202075958252,0.43284581899642943,0.4158521952,0.5961892127990722,0.6578756213188172,0.5613454580307007,0.6227188348770142,0.8579717993736267,0.3389366090297699,0.6892953038215637
1897.0,0.8814732074737549,0.7485952019691468,0.8891214728355408,0.7183135867118835,0.22933756113052367,0.6129546999931336,0.38684782981872556,0.39163440465927124,0.186981400847435,0.43325759172439576,0.745942,0.7917290568351746,0.3335925996303558,0.4712103962898254,0.8541696071624756,0.6250276207923889,0.5646185159683228,0.5640999999999999,0.5059263944625855,0.42928040623664854,0.4267921507358551,0.40483639839999996,0.5939508318901062,0.6564512133598328,0.5504252910614014,0.617355751991272,0.8583866000175476,0.3351482093334198,0.6834142446517945
1898.0,0.8817738056182861,0.7466478109359741,0.8883558511734009,0.7180983901023865,0.22560552954673768,0.6140837430953979,0.3712270498275757,0.39116060733795166,0.18718160092830657,0.43310739398002623,0.746125,0.7921325922012329,0.3334664046764374,0.471738600730896,0.8525434136390686,0.6230184197425842,0.5641923666000366,0.55932,0.5049125909805298,0.42024060487747195,0.4207384824752808,0.3938206016,0.5917124509811401,0.6550268054008483,0.539505124092102,0.6119926691055297,0.8588014006614685,0.3313598096370697,0.6775331854820251
1899.0,0.8820744037628174,0.7447004199028016,0.887590229511261,0.7178831934928894,0.22187349796295167,0.6152127861976624,0.3556062698364258,0.3906868100166321,0.18738180100917817,0.43295719623565676,0.746308,0.7925361275672913,0.33334020972251893,0.47226680517196656,0.8509172201156616,0.6210092186927796,0.5637662172317505,0.55454,0.5038987874984742,0.4112008035182953,0.41468481421470643,0.38280480479999995,0.5894740700721741,0.653602397441864,0.5285849571228027,0.6066295862197876,0.8592162013053894,0.3275714099407196,0.6716521263122559
1900.0,0.8823750019073486,0.7427530288696289,0.8868246078491211,0.7176679968833923,0.21814146637916565,0.6163418292999268,0.3399854898452759,0.3902130126953125,0.18758200109004974,0.43280699849128723,0.746491,0.7929396629333496,0.33321401476860046,0.4727950096130371,0.8492910265922546,0.6190000176429749,0.5633400678634644,0.54976,0.5028849840164185,0.40216100215911865,0.4086311459541321,0.371789008,0.587235689163208,0.6521779894828796,0.5176647901535034,0.6012665033340454,0.8596310019493103,0.3237830102443695,0.6657710671424866
1901.0,0.8823423981666565,0.740309226512909,0.8860589861869812,0.7165547966957092,0.21731117367744446,0.6174708604812622,0.32436470985412597,0.3900152087211609,0.187704199552536,0.4330591976642609,0.7466326,0.7933432102203369,0.3331528127193451,0.47230360507965086,0.8479850172996521,0.6162828087806702,0.5629139184951782,0.546774,0.501628988981247,0.39689880013465884,0.4057121455669403,0.3668842074,0.584997296333313,0.6499487876892089,0.5067446291446686,0.5945835828781127,0.8585417985916137,0.3194704055786133,0.6589034557342529
1902.0,0.8823097944259644,0.7378654241561889,0.8852933645248413,0.7154415965080261,0.21648088097572327,0.6185998916625977,0.30874392986297605,0.38981740474700927,0.18782639801502227,0.4333113968372345,0.7467741999999999,0.7937467575073243,0.33309161067008974,0.47181220054626466,0.8466790080070495,0.6135655999183655,0.5624877691268921,0.543788,0.5003729939460755,0.39163659811019896,0.4027931451797485,0.3619794068,0.582758903503418,0.6477195858955384,0.49582446813583375,0.5879006624221802,0.8574525952339173,0.31515780091285706,0.6520358443260192
1903.0,0.8822771906852722,0.735421621799469,0.8845277428627014,0.7143283963203431,0.21565058827400208,0.6197289228439331,0.2931231498718262,0.3896196007728577,0.18794859647750856,0.4335635960102081,0.7469158,0.7941503047943115,0.33303040862083433,0.4713207960128784,0.845372998714447,0.6108483910560608,0.5620616197586059,0.540802,0.49911699891090394,0.38637439608573915,0.3998741447925568,0.3570746062,0.580520510673523,0.6454903841018677,0.4849043071269989,0.5812177419662475,0.8563633918762207,0.31084519624710083,0.6451682329177857
1904.0,0.8822445869445801,0.732977819442749,0.8837621212005615,0.7132151961326599,0.21482029557228088,0.6208579540252686,0.2775023698806763,0.38942179679870603,0.18807079493999482,0.43381579518318175,0.7470574,0.7945538520812988,0.33296920657157897,0.4708293914794922,0.8440669894218444,0.6081311821937561,0.5616354703903198,0.5378160000000001,0.4978610038757324,0.3811121940612793,0.396955144405365,0.3521698056,0.5782821178436279,0.6432611823081971,0.4739841461181641,0.574534821510315,0.8552741885185242,0.3065325915813446,0.638300621509552
1905.0,0.8822119832038879,0.730534017086029,0.8829964995384216,0.7121019959449768,0.2139900028705597,0.621986985206604,0.26188158988952637,0.38922399282455444,0.18819299340248108,0.4340679943561554,0.747199,0.7949573993682861,0.3329080045223236,0.47033798694610596,0.8427609801292419,0.6054139733314514,0.5612093210220337,0.53483,0.4966050088405609,0.37584999203681946,0.3940361440181732,0.347265005,0.5760437250137329,0.6410319805145264,0.4630639851093292,0.5678519010543823,0.8541849851608276,0.3022199869155884,0.6314330101013184
1906.0,0.8822129845619202,0.7283304095268249,0.882520592212677,0.7115783929824829,0.21445886194705963,0.6222765684127808,0.25714111924171446,0.38888139128684995,0.18834919333457947,0.43424839377403257,0.7476144,0.7949713706970215,0.3330754041671753,0.4701275885105133,0.8394783854484558,0.6042003750801086,0.5612613439559937,0.53255,0.4949184060096741,0.3777489960193634,0.39419448375701904,0.3483038066,0.5761179447174072,0.6388775825500488,0.4498250484466553,0.5616572141647339,0.8536447882652283,0.29846258759498595,0.6242213010787964
1907.0,0.8822139859199524,0.7261268019676208,0.8820446848869323,0.7110547900199891,0.21492772102355956,0.6225661516189576,0.2524006485939026,0.3885387897491455,0.18850539326667787,0.4344287931919098,0.7480298,0.7949853420257569,0.333242803812027,0.46991719007492067,0.8361957907676697,0.6029867768287659,0.5613133668899536,0.53027,0.49323180317878723,0.37964800000190735,0.39435282349586487,0.3493426082,0.5761921644210816,0.6367231845855713,0.4365861117839813,0.5554625272750855,0.8531045913696289,0.2947051882743835,0.6170095920562744
1908.0,0.8822149872779846,0.7239231944084168,0.8815687775611878,0.7105311870574951,0.21539658010005952,0.6228557348251342,0.2476601779460907,0.38819618821144103,0.18866159319877623,0.434609192609787,0.7484452,0.7949993133544921,0.33341020345687866,0.469706791639328,0.8329131960868835,0.6017731785774231,0.5613653898239136,0.52799,0.4915452003479004,0.3815470039844513,0.3945111632347107,0.3503814098,0.5762663841247558,0.6345687866210937,0.4233471751213074,0.549267840385437,0.8525643944740295,0.29094778895378115,0.6097978830337525
1909.0,0.8822159886360168,0.7217195868492127,0.8810928702354431,0.7100075840950012,0.21586543917655945,0.623145318031311,0.2429197072982788,0.3878535866737366,0.18881779313087463,0.4347895920276642,0.7488606,0.7950132846832275,0.33357760310173035,0.4694963932037354,0.8296306014060975,0.6005595803260804,0.5614174127578735,0.52571,0.48985859751701355,0.38344600796699524,0.3946695029735565,0.3514202114,0.5763406038284302,0.6324143886566163,0.4101082384586334,0.5430731534957886,0.8520241975784302,0.2871903896331787,0.6025861740112305
1910.0,0.8822169899940491,0.7195159792900085,0.8806169629096985,0.7094839811325073,0.2163342982530594,0.6234349012374878,0.23817923665046692,0.3875109851360321,0.18897399306297302,0.4349699914455414,0.749276,0.7950272560119629,0.33374500274658203,0.4692859947681427,0.8263480067253113,0.5993459820747375,0.5614694356918335,0.52343,0.4881719946861267,0.3853450119495392,0.39482784271240234,0.352459013,0.5764148235321045,0.6302599906921387,0.3968693017959595,0.5368784666061401,0.8514840006828308,0.2834329903125763,0.5953744649887085
1911.0,0.8819767951965332,0.7174489855766296,0.8801410555839538,0.7095837831497193,0.21734656095504762,0.6237244963645935,0.23343876898288726,0.3873323857784271,0.18906659483909607,0.43473119139671323,0.748754,0.7950412273406983,0.33368160128593444,0.46947579383850097,0.826636803150177,0.600219190120697,0.5615214467048645,0.522314,0.488071596622467,0.39066081047058104,0.39668835401535035,0.3562830086,0.5764890432357788,0.6283681869506836,0.38363035917282107,0.5305539965629578,0.8506325960159302,0.2802475929260254,0.5886818051338196
1912.0,0.8817366003990174,0.7153819918632507,0.8796651482582092,0.7096835851669312,0.21835882365703582,0.6240140914916992,0.2286983013153076,0.38715378642082215,0.18915919661521913,0.43449239134788514,0.748232,0.7950551986694336,0.33361819982528684,0.46966559290885923,0.8269255995750427,0.6010923981666565,0.5615734577178955,0.5211979999999999,0.4879711985588074,0.3959766089916229,0.39854886531829836,0.3601070042,0.5765632629394531,0.6264763832092285,0.3703914165496826,0.5242295265197754,0.8497811913490295,0.2770621955394745,0.5819891452789306
1913.0,0.8814964056015014,0.7133149981498719,0.8791892409324646,0.709783387184143,0.21937108635902405,0.624303686618805,0.22395783364772798,0.38697518706321715,0.18925179839134215,0.434253591299057,0.7477100000000001,0.7950691699981689,0.3335547983646393,0.46985539197921755,0.8272143959999084,0.601965606212616,0.5616254687309266,0.520082,0.4878708004951477,0.4012924075126648,0.4004093766212463,0.3639309998,0.5766374826431274,0.6245845794677735,0.3571524739265442,0.517905056476593,0.8489297866821289,0.2738767981529236,0.5752964854240418
1914.0,0.8812562108039856,0.7112480044364929,0.87871333360672,0.709883189201355,0.22038334906101226,0.6245932817459107,0.21921736598014832,0.3867965877056122,0.1893444001674652,0.4340147912502289,0.7471880000000001,0.7950831413269043,0.3334913969039917,0.4700451910495758,0.8275031924247742,0.6028388142585754,0.5616774797439575,0.518966,0.48777040243148806,0.4066082060337067,0.4022698879241943,0.3677549954,0.5767117023468018,0.6226927757263183,0.34391353130340574,0.5115805864334106,0.8480783820152282,0.27069140076637266,0.5686038255691528
1915.0,0.8810160160064697,0.709181010723114,0.8782374262809753,0.7099829912185669,0.2213956117630005,0.6248828768730164,0.21447689831256866,0.3866179883480072,0.18943700194358826,0.43377599120140076,0.746666,0.7950971126556396,0.3334279954433441,0.4702349901199341,0.8277919888496399,0.6037120223045349,0.5617294907569885,0.51785,0.48767000436782837,0.41192400455474854,0.40413039922714233,0.371578991,0.5767859220504761,0.6208009719848633,0.33067458868026733,0.5052561163902283,0.8472269773483276,0.2675060033798218,0.5619111657142639
1916.0,0.8809152126312256,0.7072028040885925,0.8776159048080444,0.7100445985794067,0.22247446775436402,0.6249189853668213,0.22416493892669678,0.38616918921470644,0.18969260156154633,0.4335425913333893,0.7467484000000001,0.7943257093429565,0.3334007978439331,0.4704611897468567,0.8282707929611206,0.6046604156494141,0.5614739298820496,0.5177700000000001,0.48719280362129214,0.41791580319404603,0.40654279589653014,0.3765765902,0.5780358076095581,0.6190539717674255,0.32790164947509765,0.49813525676727294,0.8471253871917724,0.2648286044597626,0.556392514705658
1917.0,0.8808144092559814,0.7052245974540711,0.8769943833351135,0.7101062059402465,0.22355332374572753,0.6249550938606262,0.2338529795408249,0.38572039008140563,0.1899482011795044,0.43330919146537783,0.7468308,0.7935543060302734,0.3333736002445221,0.4706873893737793,0.8287495970726013,0.6056088089942933,0.5612183690071106,0.51769,0.48671560287475585,0.42390760183334353,0.40895519256591795,0.3815741894,0.5792856931686401,0.6173069715499878,0.32512871026992796,0.4910143971443176,0.8470237970352172,0.2621512055397034,0.550873863697052
1918.0,0.8807136058807373,0.7032463908195495,0.8763728618621827,0.7101678133010865,0.22463217973709107,0.6249912023544312,0.243541020154953,0.38527159094810487,0.19020380079746246,0.4330757915973663,0.7469132,0.7927829027175903,0.33334640264511106,0.4709135890007019,0.829228401184082,0.6065572023391723,0.5609628081321716,0.51761,0.4862384021282196,0.42989940047264097,0.4113675892353058,0.3865717886,0.5805355787277222,0.61555997133255,0.3223557710647583,0.4838935375213623,0.8469222068786622,0.25947380661964414,0.545355212688446
1919.0,0.8806128025054931,0.7012681841850281,0.8757513403892517,0.7102294206619263,0.22571103572845458,0.625027310848236,0.25322906076908114,0.38482279181480405,0.19045940041542053,0.43284239172935485,0.7469956,0.7920114994049072,0.33331920504570006,0.4711397886276245,0.8297072052955627,0.6075055956840515,0.5607072472572326,0.5175299999999999,0.4857612013816833,0.43589119911193847,0.4137799859046936,0.3915693878,0.5817854642868042,0.6138129711151123,0.31958283185958863,0.476772677898407,0.846820616722107,0.25679640769958495,0.5398365616798401
1920.0,0.880511999130249,0.6992899775505066,0.8751298189163208,0.7102910280227661,0.22678989171981812,0.625063419342041,0.26291710138320923,0.3843739926815033,0.1907150000333786,0.4326089918613434,0.747078,0.7912400960922241,0.33329200744628906,0.4713659882545471,0.8301860094070435,0.6084539890289307,0.5604516863822937,0.51745,0.4852840006351471,0.44188299775123596,0.4161923825740814,0.396566987,0.5830353498458862,0.6120659708976746,0.31680989265441895,0.46965181827545166,0.8467190265655518,0.25411900877952576,0.5343179106712341
1921.0,0.8806064009666443,0.6974783778190613,0.8745083093643189,0.7101102232933044,0.2278361827135086,0.6250995397567749,0.2726051390171051,0.38408499360084536,0.19123660027980804,0.4332451939582825,0.74752,0.790468692779541,0.33327760696411135,0.47099359035491944,0.8289038062095642,0.609073793888092,0.5601961255073548,0.517652,0.48525059819221494,0.44712539911270144,0.41860045194625856,0.4024731874,0.5842852354049682,0.6107153773307801,0.31403695344924926,0.4616170346736908,0.8453728199005127,0.25210060775279997,0.5305335044860839
1922.0,0.8807008028030395,0.695666778087616,0.8738867998123169,0.7099294185638427,0.2288824737071991,0.6251356601715088,0.28229317665100095,0.38379599452018737,0.1917582005262375,0.4338813960552216,0.747962,0.7896972894668579,0.3332632064819336,0.47062119245529177,0.827621603012085,0.6096935987472534,0.5599405646324158,0.517854,0.48521719574928285,0.45236780047416686,0.4210085213184357,0.4083793878,0.5855351209640502,0.6093647837638855,0.31126401424407957,0.45358225107192995,0.8440266132354737,0.25008220672607423,0.5267490983009339
1923.0,0.8807952046394348,0.6938551783561706,0.873265290260315,0.7097486138343811,0.22992876470088958,0.6251717805862427,0.2919812142848969,0.38350699543952943,0.19227980077266693,0.4345175981521606,0.748404,0.7889258861541748,0.33324880599975587,0.47024879455566404,0.8263393998146057,0.6103134036064148,0.5596850037574768,0.518056,0.4851837933063507,0.45761020183563234,0.42341659069061277,0.4142855882,0.5867850065231324,0.608014190196991,0.30849107503890993,0.44554746747016905,0.8426804065704345,0.24806380569934844,0.5229646921157837
1924.0,0.88088960647583,0.6920435786247253,0.8726437807083129,0.7095678091049195,0.23097505569458007,0.6252079010009766,0.30166925191879274,0.38321799635887144,0.19280140101909637,0.4351538002490997,0.748846,0.7881544828414917,0.3332344055175781,0.46987639665603637,0.8250571966171265,0.6109332084655762,0.5594294428825378,0.518258,0.4851503908634186,0.46285260319709776,0.4258246600627899,0.4201917886,0.5880348920822144,0.6066635966300964,0.30571813583374025,0.4375126838684082,0.8413341999053955,0.24604540467262268,0.5191802859306336
1925.0,0.8809840083122253,0.69023197889328,0.872022271156311,0.7093870043754578,0.23202134668827057,0.6252440214157104,0.3113572895526886,0.3829289972782135,0.19332300126552582,0.4357900023460388,0.749288,0.7873830795288086,0.3332200050354004,0.4695039987564087,0.8237749934196472,0.6115530133247375,0.5591738820075989,0.51846,0.48511698842048645,0.46809500455856323,0.42823272943496704,0.426097989,0.5892847776412964,0.6053130030632019,0.30294519662857056,0.42947790026664734,0.8399879932403564,0.2440270036458969,0.5153958797454834
1926.0,0.8809734106063842,0.6891615867614747,0.8718738317489624,0.7093456029891968,0.23297020494937898,0.624685263633728,0.32025803327560426,0.3826199948787689,0.19347240030765533,0.43534280061721803,0.7491,0.7876622915267945,0.33320520520210267,0.46966699957847596,0.8246065974235535,0.6122060060501099,0.5590916752815247,0.518868,0.4853421926498413,0.4712968051433563,0.4303556323051453,0.430446589,0.58968505859375,0.6044986009597778,0.310944139957428,0.42093488574028015,0.839809799194336,0.24298580288887023,0.5129582166671753
1927.0,0.8809628129005432,0.6880911946296692,0.8717253923416137,0.7093042016029358,0.23391906321048736,0.6241265058517456,0.3291587769985199,0.3823109924793243,0.19362179934978485,0.43489559888839724,0.748912,0.7879415035247803,0.33319040536880495,0.46983000040054324,0.8254382014274597,0.6128589987754822,0.5590094685554504,0.519276,0.48556739687919614,0.4744986057281494,0.4324785351753235,0.434795189,0.5900853395462036,0.6036841988563537,0.3189430832862854,0.41239187121391296,0.8396316051483155,0.24194460213184357,0.5105205535888672
1928.0,0.8809522151947021,0.6870208024978638,0.8715769529342652,0.7092628002166748,0.23486792147159577,0.6235677480697632,0.3380595207214355,0.3820019900798798,0.19377119839191437,0.4344483971595764,0.748724,0.7882207155227661,0.3331756055355072,0.46999300122261045,0.826269805431366,0.6135119915008544,0.5589272618293762,0.519684,0.48579260110855105,0.4777004063129425,0.4346014380455017,0.439143789,0.5904856204986573,0.6028697967529297,0.3269420266151428,0.4038488566875458,0.8394534111022949,0.2409034013748169,0.5080828905105591
1929.0,0.8809416174888611,0.6859504103660583,0.8714285135269165,0.7092213988304138,0.23581677973270415,0.6230089902877808,0.3469602644443512,0.3816929876804352,0.19392059743404388,0.4340011954307556,0.748536,0.7884999275207519,0.33316080570220946,0.4701560020446777,0.8271014094352722,0.6141649842262268,0.558845055103302,0.520092,0.4860178053379059,0.4809022068977356,0.4367243409156799,0.44349238900000004,0.5908859014511109,0.6020553946495056,0.33494096994400024,0.3953058421611786,0.8392752170562744,0.23986220061779023,0.5056452274322509
1930.0,0.88093101978302,0.6848800182342529,0.8712800741195679,0.7091799974441528,0.23676563799381256,0.6224502325057983,0.35586100816726685,0.3813839852809906,0.1940699964761734,0.4335539937019348,0.748348,0.7887791395187378,0.33314600586891174,0.470319002866745,0.8279330134391785,0.6148179769515991,0.5587628483772278,0.5205,0.48624300956726074,0.4841040074825287,0.43884724378585815,0.447840989,0.5912861824035645,0.6012409925460815,0.34293991327285767,0.3867628276348114,0.8390970230102539,0.23882099986076355,0.5032075643539429
1931.0,0.88093101978302,0.6840164184570312,0.8711316227912903,0.7092373967170715,0.23768334984779357,0.6218914866447449,0.364761745929718,0.38113218545913696,0.19432579576969147,0.4336971938610077,0.7481758000000001,0.7890583515167237,0.33321340680122374,0.4702986001968384,0.8283464074134826,0.6157201766967774,0.5586806416511536,0.520864,0.4863180100917816,0.4867610037326813,0.44034282565116883,0.4509931924,0.5916864514350891,0.600531792640686,0.35093885064125063,0.37797094583511354,0.8383338212966919,0.2380971997976303,0.502265202999115
1932.0,0.88093101978302,0.6831528186798096,0.8709831714630127,0.7092947959899902,0.23860106170177459,0.6213327407836914,0.3736624836921692,0.3808803856372833,0.19458159506320954,0.43384039402008057,0.7480036,0.7893375635147095,0.33328080773353574,0.4702781975269318,0.8287598013877868,0.6166223764419556,0.5585984349250793,0.521228,0.48639301061630247,0.48941799998283386,0.4418384075164795,0.4541453958,0.5920867204666138,0.5998225927352905,0.35893778800964354,0.36917906403541567,0.8375706195831298,0.23737339973449706,0.5013228416442871
1933.0,0.88093101978302,0.6822892189025879,0.8708347201347351,0.7093521952629089,0.23951877355575563,0.620773994922638,0.38256322145462035,0.3806285858154297,0.1948373943567276,0.43398359417915344,0.7478314,0.7896167755126953,0.3333482086658478,0.4702577948570251,0.8291731953620911,0.6175245761871337,0.5585162281990051,0.521592,0.4864680111408234,0.49207499623298645,0.44333398938179014,0.4572975992,0.5924869894981384,0.5991133928298951,0.3669367253780365,0.36038718223571775,0.8368074178695679,0.23664959967136384,0.5003804802894593
1934.0,0.88093101978302,0.6814256191253663,0.8706862688064575,0.7094095945358276,0.24043648540973664,0.6202152490615844,0.39146395921707156,0.38037678599357605,0.19509319365024566,0.4341267943382263,0.7476592,0.7898959875106811,0.3334156095981598,0.4702373921871185,0.8295865893363953,0.618426775932312,0.5584340214729309,0.521956,0.48654301166534425,0.49473199248313904,0.4448295712471008,0.4604498026,0.5928872585296631,0.5984041929244995,0.3749356627464294,0.3515953004360199,0.8360442161560059,0.2359257996082306,0.49943811893463136
1935.0,0.88093101978302,0.6805620193481445,0.8705378174781799,0.7094669938087463,0.24135419726371765,0.619656503200531,0.4003646969795227,0.3801249861717224,0.19534899294376373,0.4342699944972992,0.747487,0.790175199508667,0.3334830105304718,0.4702169895172119,0.8299999833106995,0.6193289756774902,0.5583518147468567,0.52232,0.4866180121898651,0.4973889887332916,0.4463251531124115,0.463602006,0.5932875275611877,0.597694993019104,0.3829346001148224,0.342803418636322,0.8352810144424438,0.23520199954509735,0.49849575757980347
1936.0,0.8804532170295716,0.679991614818573,0.8706362128257752,0.7094841957092285,0.2421656459569931,0.6176181912422181,0.4067141354084015,0.3798223912715912,0.19557539522647857,0.4341849982738495,0.7474846,0.7902312636375427,0.3334524095058441,0.470156592130661,0.830119788646698,0.6199397802352905,0.5578466892242432,0.52295,0.4868784070014954,0.4984791874885559,0.4476558089256287,0.4658908066,0.5935835003852844,0.5971859931945801,0.38603912591934203,0.3369916915893555,0.8346776127815246,0.23424020111560823,0.49869576692581175
1937.0,0.879975414276123,0.6794212102890015,0.8707346081733703,0.7095013976097106,0.24297709465026857,0.615579879283905,0.41306357383728026,0.37951979637145994,0.1958017975091934,0.4341000020503998,0.7474822,0.7902873277664184,0.33342180848121644,0.47009619474411013,0.8302395939826965,0.6205505847930908,0.5573415637016297,0.52358,0.48713880181312563,0.4995693862438202,0.44898646473884585,0.4681796072,0.5938794732093811,0.5966769933700562,0.38914365172386167,0.3311799645423889,0.8340742111206054,0.23327840268611907,0.4988957762718201
1938.0,0.8794976115226746,0.6788508057594299,0.8708330035209656,0.7095185995101929,0.243788543343544,0.6135415673255921,0.41941301226615907,0.37921720147132876,0.19602819979190828,0.4340150058269501,0.7474798,0.7903433918952942,0.33339120745658873,0.4700357973575592,0.8303593993186951,0.6211613893508912,0.5568364381790161,0.52421,0.48739919662475584,0.5006595849990845,0.45031712055206297,0.4704684078,0.5941754460334778,0.5961679935455322,0.39224817752838137,0.3253682374954224,0.8334708094596863,0.23231660425662995,0.49909578561782836
1939.0,0.879019808769226,0.6782804012298584,0.8709313988685607,0.7095358014106751,0.24459999203681945,0.611503255367279,0.4257624506950378,0.3789146065711975,0.1962546020746231,0.43393000960350037,0.7474774,0.7903994560241699,0.3333606064319611,0.4699753999710083,0.8304792046546936,0.6217721939086914,0.5563313126564026,0.52484,0.4876595914363861,0.5017497837543488,0.45164777636528014,0.4727572084,0.5944714188575745,0.5956589937210083,0.395352703332901,0.3195565104484558,0.8328674077987671,0.2313548058271408,0.4992957949638367
1940.0,0.8785420060157776,0.6777099967002869,0.871029794216156,0.7095530033111572,0.2454114407300949,0.6094649434089661,0.4321118891239166,0.3786120116710663,0.19648100435733795,0.43384501338005066,0.747475,0.7904555201530457,0.3333300054073334,0.4699150025844574,0.8305990099906921,0.6223829984664917,0.5558261871337891,0.52547,0.48791998624801636,0.502839982509613,0.4529784321784973,0.475046009,0.5947673916816711,0.5951499938964844,0.39845722913742065,0.31374478340148926,0.8322640061378479,0.23039300739765167,0.49949580430984497
1941.0,0.8784940004348755,0.6770147919654846,0.8711281895637513,0.709824800491333,0.2462111532688141,0.6074266791343689,0.438461172580719,0.37831360697746275,0.19675140380859374,0.4341628134250641,0.7477542,0.7905115723609925,0.33337660431861876,0.4698502004146576,0.8309326052665711,0.6226740002632141,0.5553210854530335,0.526082,0.4878553867340088,0.5040865898132324,0.45414829850196836,0.4769470098,0.5950633525848389,0.5943399906158447,0.40156168341636655,0.31171196699142456,0.8321248054504394,0.22907180488109588,0.5007442116737366
1942.0,0.8784459948539733,0.6763195872306824,0.8712265849113464,0.7100965976715088,0.24701086580753326,0.6053884148597717,0.44481045603752134,0.37801520228385926,0.19702180325984955,0.4344806134700775,0.7480334,0.7905676245689393,0.33342320322990415,0.46978539824485777,0.8312662005424499,0.6229650020599365,0.5548159837722778,0.526694,0.48779078722000124,0.5053331971168518,0.45531816482543946,0.4788480106,0.5953593134880066,0.5935299873352051,0.4046661376953125,0.30967915058135986,0.831985604763031,0.2277506023645401,0.5019926190376282
1943.0,0.8783979892730713,0.6756243824958801,0.8713249802589417,0.7103683948516846,0.24781057834625245,0.6033501505851746,0.45115973949432375,0.3777167975902557,0.19729220271110534,0.43479841351509096,0.7483126,0.7906236767768859,0.3334698021411896,0.469720596075058,0.8315997958183289,0.6232560038566589,0.5543108820915222,0.527306,0.48772618770599363,0.5065798044204712,0.4564880311489105,0.4807490114,0.5956552743911743,0.5927199840545654,0.4077705919742584,0.30764633417129517,0.8318464040756226,0.22642939984798433,0.5032410264015198
1944.0,0.8783499836921692,0.6749291777610779,0.8714233756065368,0.7106401920318604,0.2486102908849716,0.6013118863105774,0.4575090229511261,0.37741839289665224,0.19756260216236116,0.4351162135601044,0.7485917999999999,0.7906797289848327,0.333516401052475,0.4696557939052582,0.8319333910942077,0.6235470056533814,0.5538057804107666,0.527918,0.4876615881919861,0.5078264117240906,0.4576578974723816,0.4826500122,0.595951235294342,0.5919099807739258,0.41087504625320437,0.30561351776123047,0.8317072033882141,0.22510819733142853,0.5044894337654113
1945.0,0.8783019781112671,0.6742339730262756,0.8715217709541321,0.7109119892120361,0.2494100034236908,0.5992736220359802,0.46385830640792847,0.3771199882030487,0.19783300161361694,0.4354340136051178,0.748871,0.7907357811927795,0.3335629999637604,0.4695909917354584,0.8322669863700867,0.6238380074501038,0.553300678730011,0.52853,0.4875969886779785,0.50907301902771,0.45882776379585266,0.484551013,0.5962471961975098,0.5910999774932861,0.41397950053215027,0.30358070135116577,0.8315680027008057,0.22378699481487274,0.505737841129303
1946.0,0.8778677821159363,0.673611581325531,0.8710283279418946,0.7110633969306945,0.25027201771736146,0.599570918083191,0.4686711847782135,0.3767531931400299,0.19808680117130278,0.43530040979385376,0.7487674,0.790506100654602,0.33360080122947694,0.4693563938140869,0.83227379322052,0.6240762114524842,0.5533876180648803,0.528984,0.4876033902168274,0.5094688177108765,0.459695428609848,0.48596301119999996,0.5964088082313538,0.5901811838150024,0.41773473024368285,0.30417211055755616,0.8311802029609681,0.22212619483470916,0.5076087117195129
1947.0,0.8774335861206055,0.6729891896247864,0.870534884929657,0.711214804649353,0.2511340320110321,0.5998682141304016,0.47348406314849856,0.37638639807701113,0.19834060072898865,0.4351668059825897,0.7486638,0.7902764201164245,0.3336386024951935,0.46912179589271547,0.8322806000709534,0.6243144154548645,0.5534745573997497,0.5294380000000001,0.48760979175567626,0.509864616394043,0.4605630934238434,0.4873750094,0.5965704202651978,0.5892623901367188,0.42148995995521543,0.30476351976394656,0.8307924032211303,0.22046539485454558,0.5094795823097229
1948.0,0.8769993901252746,0.6723667979240417,0.8700414419174194,0.7113662123680115,0.25199604630470274,0.6001655101776123,0.47829694151878355,0.3760196030139923,0.1985944002866745,0.4350332021713257,0.7485602,0.7900467395782471,0.33367640376091,0.468887197971344,0.8322874069213867,0.6245526194572448,0.5535614967346192,0.529892,0.48761619329452516,0.5102604150772094,0.46143075823783875,0.4887870076,0.5967320322990417,0.588343596458435,0.42524518966674807,0.3053549289703369,0.8304046034812927,0.21880459487438203,0.5113504528999329
1949.0,0.8765651941299438,0.6717444062232971,0.8695479989051819,0.71151762008667,0.2528580605983734,0.600462806224823,0.4831098198890686,0.3756528079509735,0.19884819984436036,0.43489959836006165,0.7484566,0.7898170590400696,0.3337142050266266,0.46865260004997256,0.8322942137718201,0.6247908234596252,0.5536484360694885,0.5303460000000001,0.487622594833374,0.510656213760376,0.4622984230518341,0.49019900580000003,0.5968936443328857,0.5874248027801514,0.42900041937828065,0.3059463381767273,0.830016803741455,0.21714379489421845,0.5132213234901428
1950.0,0.876130998134613,0.6711220145225525,0.8690545558929443,0.7116690278053284,0.25372007489204407,0.6007601022720337,0.48792269825935364,0.3752860128879547,0.1991019994020462,0.4347659945487976,0.748353,0.7895873785018921,0.33375200629234314,0.4684180021286011,0.8323010206222534,0.6250290274620056,0.5537353754043579,0.5308,0.4876289963722229,0.5110520124435425,0.46316608786582947,0.491611004,0.5970552563667297,0.5865060091018677,0.43275564908981323,0.3065377473831177,0.8296290040016174,0.21548299491405487,0.5150921940803528
1951.0,0.8760167956352234,0.6706522107124329,0.8685611009597778,0.7120332241058349,0.2546263635158539,0.6010573863983154,0.4927355766296387,0.3750482082366943,0.19947759807109833,0.4347339928150177,0.748345,0.7893576979637146,0.3336314022541046,0.4682352006435394,0.8328792214393616,0.6254602193832397,0.5538223028182984,0.53112,0.48761339783668517,0.5116590142250061,0.4639433741569519,0.4926408054,0.5972168684005738,0.5854138016700745,0.4365108788013458,0.31020517349243165,0.8301090002059937,0.21364639699459076,0.5170796275138855
1952.0,0.8759025931358337,0.6701824069023132,0.8680676460266114,0.7123974204063416,0.2555326521396637,0.6013546705245971,0.49754845499992373,0.37481040358543394,0.19985319674015045,0.4347019910812378,0.748337,0.7891280174255371,0.3335107982158661,0.4680523991584778,0.8334574222564697,0.6258914113044739,0.5539092302322388,0.53144,0.48759779930114744,0.5122660160064697,0.46472066044807436,0.4936706068,0.5973784804344178,0.5843215942382812,0.4402661085128784,0.3138725996017456,0.8305889964103699,0.21180979907512665,0.5190670609474182
1953.0,0.8757883906364441,0.6697126030921936,0.8675741910934448,0.7127616167068481,0.2564389407634735,0.601651954650879,0.5023613333702087,0.3745725989341736,0.20022879540920258,0.4346699893474579,0.748329,0.7888983368873597,0.33339019417762755,0.4678695976734161,0.8340356230735779,0.626322603225708,0.5539961576461792,0.53176,0.48758220076560976,0.5128730177879334,0.46549794673919676,0.4947004082,0.5975400924682617,0.5832293868064881,0.44402133822441103,0.31754002571105955,0.8310689926147461,0.20997320115566254,0.521054494380951
1954.0,0.8756741881370544,0.669242799282074,0.8670807361602784,0.7131258130073548,0.2573452293872833,0.6019492387771607,0.5071742117404938,0.3743347942829132,0.2006043940782547,0.434637987613678,0.748321,0.7886686563491822,0.33326959013938906,0.4676867961883545,0.8346138238906861,0.6267537951469422,0.5540830850601196,0.53208,0.48756660223007203,0.5134800195693969,0.4662752330303192,0.4957302096,0.5977017045021057,0.5821371793746948,0.4477765679359436,0.3212074518203735,0.8315489888191223,0.20813660323619843,0.5230419278144837
1955.0,0.8755599856376648,0.6687729954719543,0.8665872812271118,0.7134900093078613,0.25825151801109314,0.6022465229034424,0.5119870901107788,0.37409698963165283,0.20097999274730682,0.43460598587989807,0.748313,0.7884389758110046,0.3331489861011505,0.46750399470329285,0.8351920247077942,0.6271849870681763,0.5541700124740601,0.5324,0.4875510036945343,0.5140870213508606,0.46705251932144165,0.496760011,0.5978633165359497,0.5810449719429016,0.4515317976474762,0.3248748779296875,0.8320289850234985,0.20630000531673431,0.5250293612480164
1956.0,0.8755137920379639,0.6683149933815002,0.8670567512512207,0.7136910080909729,0.2592092275619507,0.6049057960510253,0.5173946142196655,0.3735771894454956,0.20139579474925995,0.43465918898582456,0.7483344,0.7891729593276977,0.3331991910934448,0.4674727976322174,0.8357784152030945,0.6277279853820801,0.5539934635162354,0.532776,0.48767860531806945,0.51462721824646,0.4676769971847534,0.4983848098,0.5983314275741577,0.5802429795265198,0.4564004182815552,0.33236007690429686,0.8319507837295532,0.20452940464019775,0.5268656015396118
1957.0,0.8754675984382629,0.6678569912910461,0.8675262212753296,0.7138920068740845,0.26016693711280825,0.6075650691986084,0.5228021383285523,0.3730573892593384,0.20181159675121307,0.4347123920917511,0.7483558,0.7899069428443909,0.3332493960857391,0.467441600561142,0.8363648056983948,0.6282709836959839,0.5538169145584106,0.533152,0.4878062069416046,0.5151674151420593,0.4683014750480652,0.5000096086,0.5987995386123657,0.5794409871101379,0.46126903891563414,0.33984527587890623,0.8318725824356079,0.2027588039636612,0.5287018418312073
1958.0,0.875421404838562,0.667398989200592,0.8679956912994384,0.714093005657196,0.26112464666366575,0.6102243423461914,0.5282096624374389,0.37253758907318113,0.2022273987531662,0.4347655951976776,0.7483772,0.790640926361084,0.33329960107803347,0.4674104034900665,0.8369511961936951,0.6288139820098877,0.5536403656005859,0.533528,0.4879338085651398,0.5157076120376587,0.46892595291137695,0.5016344074,0.5992676496505738,0.5786389946937561,0.46613765954971315,0.34733047485351565,0.8317943811416626,0.20098820328712463,0.5305380821228027
1959.0,0.8753752112388611,0.6669409871101379,0.8684651613235473,0.7142940044403077,0.2620823562145233,0.6128836154937745,0.5336171865463257,0.3720177888870239,0.20264320075511932,0.43481879830360415,0.7483986,0.7913749098777771,0.33334980607032777,0.4673792064189911,0.8375375866889954,0.6293569803237915,0.5534638166427612,0.5339039999999999,0.48806141018867494,0.5162478089332581,0.4695504307746887,0.5032592062,0.5997357606887818,0.5778370022773742,0.4710062801837921,0.354815673828125,0.8317161798477173,0.19921760261058807,0.5323743224143982
1960.0,0.8753290176391602,0.6664829850196838,0.8689346313476562,0.7144950032234192,0.26304006576538086,0.6155428886413574,0.5390247106552124,0.3714979887008667,0.20305900275707245,0.43487200140953064,0.74842,0.7921088933944702,0.33340001106262207,0.46734800934791565,0.8381239771842957,0.6298999786376953,0.5532872676849365,0.53428,0.4881890118122101,0.5167880058288574,0.4701749086380005,0.504884005,0.6002038717269897,0.5770350098609924,0.4758749008178711,0.3623008728027344,0.831637978553772,0.1974470019340515,0.5342105627059937
1961.0,0.8753682136535644,0.6659941911697388,0.8694040894508361,0.7147984027862548,0.26400777101516726,0.6182021498680115,0.5444322466850281,0.37127038836479187,0.20333920121192933,0.43493480086326597,0.7485914,0.7928428769111633,0.33343520760536194,0.46739420890808103,0.8380799770355225,0.6298901796340942,0.5531107306480407,0.5346799999999999,0.4880016088485718,0.5176804065704346,0.47072837352752683,0.506447399,0.6006719946861268,0.5764610052108765,0.4807435154914856,0.3684719979763031,0.831718385219574,0.19629080295562745,0.5360588908195496
1962.0,0.8754074096679687,0.6655053973197937,0.8698735475540161,0.7151018023490906,0.2649754762649536,0.6208614110946655,0.5498397827148438,0.37104278802871704,0.2036193996667862,0.43499760031700135,0.7487628,0.7935768604278565,0.3334704041481018,0.46744040846824647,0.8380359768867492,0.6298803806304931,0.552934193611145,0.53508,0.48781420588493346,0.5185728073120117,0.47128183841705323,0.508010793,0.6011401176452636,0.5758870005607605,0.4856121301651001,0.3746431231498718,0.831798791885376,0.19513460397720336,0.5379072189331054
1963.0,0.8754466056823731,0.6650166034698486,0.870343005657196,0.7154052019119262,0.26594318151474,0.6235206723213196,0.5552473187446594,0.3708151876926422,0.20389959812164307,0.4350603997707367,0.7489342,0.7943108439445495,0.3335056006908417,0.46748660802841185,0.8379919767379761,0.6298705816268921,0.5527576565742492,0.53548,0.4876268029212952,0.5194652080535889,0.4718353033065796,0.509574187,0.6016082406044007,0.5753129959106446,0.4904807448387146,0.3808142483234406,0.831879198551178,0.1939784049987793,0.5397555470466614
1964.0,0.8754858016967774,0.6645278096199035,0.870812463760376,0.715708601474762,0.26691088676452634,0.6261799335479736,0.5606548547744751,0.3705875873565674,0.20417979657649993,0.43512319922447207,0.7491055999999999,0.7950448274612427,0.33354079723358154,0.4675328075885773,0.8379479765892028,0.629860782623291,0.5525811195373536,0.53588,0.48743939995765684,0.520357608795166,0.472388768196106,0.511137581,0.6020763635635376,0.5747389912605285,0.4953493595123291,0.3869853734970093,0.83195960521698,0.1928222060203552,0.5416038751602172
1965.0,0.8755249977111816,0.6640390157699585,0.8712819218635559,0.7160120010375977,0.26787859201431274,0.6288391947746277,0.5660623908042908,0.37035998702049255,0.2044599950313568,0.4351859986782074,0.749277,0.7957788109779358,0.3335759937763214,0.4675790071487427,0.8379039764404297,0.6298509836196899,0.5524045825004578,0.53628,0.48725199699401855,0.5212500095367432,0.4729422330856323,0.512700975,0.6025444865226746,0.5741649866104126,0.5002179741859436,0.393156498670578,0.832040011882782,0.19166600704193115,0.5434522032737732
1966.0,0.8751991987228394,0.6636512160301209,0.8710265517234802,0.7161499977111816,0.26895086765289306,0.630811333656311,0.5705611109733582,0.36997839212417605,0.20488839745521545,0.43521440029144287,0.7492052,0.7956063032150269,0.3335267961025238,0.46740480661392214,0.8383749842643737,0.6306395888328552,0.552259111404419,0.536728,0.4871571958065033,0.5218334078788758,0.47346541881561277,0.5146677852,0.6023618221282959,0.5745521903038024,0.502257513999939,0.3950241386890411,0.831915807723999,0.19125100672245027,0.5452703714370728
1967.0,0.8748733997344971,0.6632634162902832,0.8707711815834045,0.7162879943847656,0.27002314329147337,0.6327834725379944,0.5750598311424255,0.3695967972278595,0.20531679987907409,0.43524280190467834,0.7491334,0.7954337954521179,0.3334775984287262,0.46723060607910155,0.8388459920883179,0.6314281940460205,0.5521136403083802,0.537176,0.48706239461898804,0.5224168062210083,0.4739886045455933,0.5166345954,0.6021791577339173,0.5749393939971924,0.5042970538139343,0.39689177870750425,0.8317916035652161,0.19083600640296935,0.5470885396003723
1968.0,0.8745476007461548,0.6628756165504456,0.8705158114433289,0.7164259910583496,0.27109541893005373,0.6347556114196777,0.5795585513114929,0.369215202331543,0.20574520230293275,0.4352712035179138,0.7490616,0.795261287689209,0.3334284007549286,0.467056405544281,0.8393169999122619,0.6322167992591858,0.5519681692123413,0.537624,0.4869675934314728,0.5230002045631409,0.4745117902755737,0.5186014056,0.6019964933395385,0.5753265976905823,0.5063365936279297,0.39875941872596743,0.8316673994064331,0.19042100608348847,0.5489067077636719
1969.0,0.8742218017578125,0.6624878168106079,0.8702604413032532,0.7165639877319336,0.27216769456863404,0.6367277503013611,0.5840572714805603,0.3688336074352264,0.2061736047267914,0.4352996051311493,0.7489897999999999,0.7950887799263,0.333379203081131,0.4668822050094604,0.8397880077362061,0.6330054044723511,0.5518226981163025,0.538072,0.4868727922439575,0.5235836029052734,0.4750349760055542,0.5205682158,0.6018138289451599,0.5757138013839722,0.508376133441925,0.40062705874443055,0.8315431952476502,0.19000600576400756,0.5507248759269714
1970.0,0.8738960027694702,0.6621000170707703,0.8700050711631775,0.7167019844055176,0.27323997020721436,0.6386998891830444,0.5885559916496277,0.3684520125389099,0.20660200715065002,0.43532800674438477,0.748918,0.7949162721633911,0.3333300054073334,0.4667080044746399,0.8402590155601501,0.6337940096855164,0.5516772270202637,0.53852,0.48677799105644226,0.524167001247406,0.47555816173553467,0.522535026,0.6016311645507812,0.5761010050773621,0.5104156732559204,0.4024946987628937,0.8314189910888672,0.18959100544452667,0.552543044090271
1971.0,0.8739628076553345,0.6618024110794067,0.8697497010231018,0.7168929934501648,0.2743754208087921,0.6406720161437989,0.5930547118186951,0.3680754125118256,0.20703240633010864,0.4353130042552948,0.7489964,0.7947437763214111,0.3334364056587219,0.46658940315246583,0.8406562089920044,0.6341424107551574,0.5515317559242249,0.539116,0.4866911947727203,0.5252853989601135,0.47587028741836546,0.5245458244,0.6014485120773315,0.5766048073768616,0.5124552011489868,0.4036364793777466,0.8317333936691285,0.1898314028978348,0.5543816208839416
1972.0,0.8740296125411987,0.6615048050880432,0.8694943308830261,0.717084002494812,0.2755108714103699,0.6426441431045532,0.5975534319877625,0.36769881248474123,0.20746280550956725,0.4352980017662048,0.7490748,0.7945712804794312,0.3335428059101105,0.46647080183029177,0.8410534024238586,0.6344908118247986,0.5513862848281861,0.539712,0.4866043984889984,0.526403796672821,0.4761824131011963,0.5265566228,0.6012658596038818,0.5771086096763611,0.5144947290420532,0.4047782599925995,0.8320477962493896,0.19007180035114288,0.5562201976776123
1973.0,0.874096417427063,0.6612071990966797,0.8692389607429505,0.7172750115394593,0.2766463220119476,0.6446162700653076,0.6020521521568298,0.36732221245765684,0.2078932046890259,0.4352829992771149,0.7491532,0.7943987846374512,0.333649206161499,0.46635220050811765,0.8414505958557129,0.6348392128944397,0.5512408137321472,0.540308,0.4865176022052765,0.5275221943855286,0.4764945387840271,0.5285674212,0.6010832071304322,0.5776124119758606,0.5165342569351197,0.4059200406074524,0.8323621988296509,0.190312197804451,0.5580587744712829
1974.0,0.8741632223129272,0.6609095931053162,0.8689835906028748,0.7174660205841065,0.2777817726135254,0.646588397026062,0.6065508723258972,0.3669456124305725,0.2083236038684845,0.4352679967880249,0.7492316,0.7942262887954712,0.3337556064128876,0.4662335991859436,0.8418477892875671,0.6351876139640809,0.5510953426361084,0.5409039999999999,0.4864308059215546,0.5286405920982361,0.47680666446685793,0.5305782196000001,0.6009005546569824,0.5781162142753601,0.5185737848281861,0.4070618212223053,0.8326766014099121,0.19055259525775908,0.5598973512649537
1975.0,0.8742300271987915,0.6606119871139526,0.8687282204627991,0.7176570296287537,0.27891722321510315,0.6485605239868164,0.6110495924949646,0.36656901240348816,0.20875400304794312,0.43525299429893494,0.74931,0.7940537929534912,0.3338620066642761,0.46611499786376953,0.8422449827194214,0.6355360150337219,0.5509498715400696,0.5415,0.48634400963783264,0.5297589898109436,0.4771187901496887,0.532589018,0.6007179021835327,0.5786200165748596,0.5206133127212524,0.4082036018371582,0.8329910039901733,0.1907929927110672,0.5617359280586243
1976.0,0.8742292165756226,0.6602351903915405,0.8690503358840942,0.7177324295043945,0.2800200700759888,0.6487349510192871,0.6152688264846802,0.3662070095539093,0.20932940244674683,0.4353137969970703,0.7494460000000001,0.794394588470459,0.3337778031826019,0.46579439640045167,0.8423513889312744,0.6360060095787048,0.5505667209625245,0.542148,0.48629080653190615,0.5306869864463806,0.4777079164981842,0.5347864148,0.6007883429527283,0.5787064075469971,0.5227612495422364,0.4105230689048767,0.8328312039375305,0.1912311941385269,0.5636069536209106
1977.0,0.8742284059524537,0.6598583936691285,0.8693724513053894,0.7178078293800354,0.2811229169368744,0.6489093780517579,0.6194880604743958,0.36584500670433046,0.20990480184555055,0.4353745996952057,0.7495820000000001,0.7947353839874267,0.3336935997009277,0.4654737949371338,0.8424577951431275,0.6364760041236878,0.5501835703849792,0.542796,0.4862376034259796,0.5316149830818176,0.4782970428466797,0.5369838116,0.6008587837219238,0.5787927985191346,0.5249091863632203,0.41284253597259524,0.8326714038848877,0.19166939556598664,0.565477979183197
1978.0,0.8742275953292846,0.6594815969467163,0.8696945667266845,0.7178832292556763,0.28222576379776,0.6490838050842285,0.6237072944641113,0.3654830038547516,0.21048020124435424,0.43543540239334105,0.749718,0.7950761795043946,0.33360939621925356,0.4651531934738159,0.8425642013549804,0.6369459986686706,0.5498004198074341,0.543444,0.4861844003200531,0.5325429797172546,0.4788861691951752,0.5391812084000001,0.6009292244911194,0.5788791894912719,0.5270571231842041,0.4151620030403137,0.8325116038322449,0.19210759699344634,0.5673490047454834
1979.0,0.8742267847061157,0.6591048002243042,0.8700166821479798,0.7179586291313171,0.2833286106586456,0.6492582321166992,0.6279265284538269,0.36512100100517275,0.21105560064315795,0.43549620509147646,0.749854,0.7954169750213623,0.33352519273757936,0.46483259201049804,0.8426706075668335,0.6374159932136536,0.5494172692298889,0.544092,0.48613119721412656,0.5334709763526917,0.47947529554367063,0.5413786052,0.6009996652603149,0.5789655804634094,0.529205060005188,0.4174814701080322,0.832351803779602,0.19254579842090608,0.5692200303077698
1980.0,0.8742259740829468,0.6587280035018921,0.8703387975692749,0.718034029006958,0.28443145751953125,0.6494326591491699,0.6321457624435425,0.36475899815559387,0.21163100004196167,0.4355570077896118,0.74999,0.7957577705383301,0.33344098925590515,0.4645119905471802,0.8427770137786865,0.6378859877586365,0.5490341186523438,0.54474,0.4860779941082001,0.5343989729881287,0.48006442189216614,0.543576002,0.6010701060295105,0.5790519714355469,0.5313529968261719,0.41980093717575073,0.8321920037269592,0.19298399984836578,0.5710910558700562
1981.0,0.8739483833312989,0.658796203136444,0.8706609010696411,0.7181080222129822,0.28560715913772583,0.6496070861816406,0.636365008354187,0.36442099809646605,0.21209219992160797,0.4356842041015625,0.7502938,0.7960985541343689,0.3334669888019562,0.4645245909690857,0.8426188111305237,0.6379931926727295,0.5486509799957275,0.545434,0.486066997051239,0.5356267809867858,0.48058030009269714,0.5459406018,0.6011405467987061,0.5784485816955567,0.5335009336471558,0.42257298827171325,0.8320940017700196,0.1934249997138977,0.5729607820510865
1982.0,0.8736707925796509,0.6588644027709961,0.8709830045700073,0.7181820154190064,0.2867828607559204,0.6497815132141114,0.6405842542648316,0.36408299803733823,0.21255339980125426,0.4358114004135132,0.7505976,0.7964393377304078,0.3334929883480072,0.4645371913909912,0.8424606084823608,0.6381003975868225,0.5482678413391113,0.546128,0.48605599999427795,0.5368545889854431,0.48109617829322815,0.5483052016,0.6012109875679016,0.5778451919555664,0.5356488704681397,0.42534503936767576,0.8319959998130798,0.19386599957942963,0.5748305082321167
1983.0,0.873393201828003,0.6589326024055481,0.8713051080703735,0.7182560086250305,0.287958562374115,0.649955940246582,0.644803500175476,0.36374499797821047,0.21301459968090058,0.43593859672546387,0.7509014,0.7967801213264465,0.3335189878940582,0.46454979181289674,0.842302405834198,0.6382076025009156,0.5478847026824951,0.546822,0.4860450029373169,0.5380823969841003,0.48161205649375916,0.5506698014,0.6012814283370972,0.5772418022155762,0.5377968072891235,0.42811709046363833,0.8318979978561402,0.19430699944496155,0.576700234413147
1984.0,0.8731156110763549,0.6590008020401001,0.8716272115707397,0.7183300018310547,0.28913426399230957,0.6501303672790527,0.6490227460861206,0.36340699791908265,0.21347579956054688,0.43606579303741455,0.7512052,0.7971209049224853,0.33354498744010924,0.4645623922348022,0.8421442031860351,0.6383148074150086,0.5475015640258789,0.547516,0.48603400588035583,0.5393102049827576,0.48212793469429016,0.5530344011999999,0.6013518691062927,0.5766384124755859,0.5399447441101074,0.43088914155960084,0.8317999958992004,0.19474799931049347,0.5785699605941772
1985.0,0.872838020324707,0.6590690016746521,0.871949315071106,0.7184039950370789,0.29030996561050415,0.6503047943115234,0.6532419919967651,0.36306899785995483,0.21393699944019318,0.43619298934936523,0.751509,0.7974616885185242,0.3335709869861603,0.46457499265670776,0.8419860005378723,0.6384220123291016,0.5471184253692627,0.54821,0.4860230088233948,0.5405380129814148,0.48264381289482117,0.555399001,0.6014223098754883,0.5760350227355957,0.5420926809310913,0.43366119265556335,0.8317019939422607,0.1951889991760254,0.5804396867752075
1986.0,0.8724912166595459,0.6590476036071777,0.872077214717865,0.7183905959129333,0.29145655035972595,0.650656771659851,0.6558355569839478,0.36276779770851136,0.2145119994878769,0.4361739933490753,0.7515086,0.7977796077728272,0.3335461914539337,0.4646239936351776,0.8423833966255188,0.6389766097068786,0.5468761682510376,0.5490499999999999,0.48628700971603395,0.5417688131332398,0.4829749703407288,0.5574682,0.6010602116584778,0.5746864199638366,0.5456894397735595,0.43690415620803835,0.8317474007606507,0.19574519991874695,0.582243001461029
1987.0,0.8721444129943847,0.6590262055397034,0.872205114364624,0.7183771967887879,0.29260313510894775,0.6510087490081787,0.6584291219711303,0.3624665975570679,0.2150869995355606,0.4361549973487854,0.7515082,0.7980975270271301,0.33352139592170715,0.46467299461364747,0.8427807927131653,0.6395312070846557,0.5466339111328125,0.54989,0.4865510106086731,0.5429996132850647,0.48330612778663634,0.559537399,0.6006981134414673,0.5733378171920777,0.5492861986160278,0.4401471197605133,0.8317928075790405,0.1963014006614685,0.5840463161468505
1988.0,0.8717976093292237,0.659004807472229,0.8723330140113831,0.7183637976646423,0.29374971985816956,0.6513607263565063,0.661022686958313,0.36216539740562437,0.21566199958324433,0.4361360013484955,0.7515078000000001,0.7984154462814331,0.3334966003894806,0.4647219955921173,0.8431781888008117,0.6400858044624329,0.5463916540145874,0.5507299999999999,0.48681501150131223,0.5442304134368896,0.48363728523254396,0.561606598,0.6003360152244568,0.5719892144203186,0.5528829574584961,0.4433900833129883,0.8318382143974304,0.19685760140419006,0.5858496308326722
1989.0,0.8714508056640625,0.6589834094047546,0.872460913658142,0.7183503985404969,0.29489630460739136,0.651712703704834,0.6636162519454956,0.3618641972541809,0.21623699963092805,0.4361170053482056,0.7515074,0.798733365535736,0.33347180485725403,0.4647709965705872,0.8435755848884583,0.64064040184021,0.5461493968963623,0.55157,0.4870790123939514,0.5454612135887146,0.4839684426784515,0.563675797,0.5999739170074463,0.5706406116485596,0.5564797163009644,0.44663304686546323,0.8318836212158203,0.19741380214691162,0.5876529455184937
1990.0,0.8711040019989014,0.6589620113372803,0.8725888133049011,0.7183369994163513,0.29604288935661316,0.6520646810531616,0.6662098169326782,0.3615629971027374,0.21681199967861176,0.43609800934791565,0.751507,0.7990512847900391,0.33344700932502747,0.464819997549057,0.8439729809761047,0.6411949992179871,0.5459071397781372,0.55241,0.4873430132865906,0.5466920137405396,0.48429960012435913,0.565744996,0.5996118187904358,0.5692920088768005,0.5600764751434326,0.44987601041793823,0.8319290280342102,0.19797000288963318,0.5894562602043152
1991.0,0.8707818031311035,0.6590412139892579,0.8727167129516602,0.7184407949447632,0.2971795558929443,0.6524166703224182,0.6688033699989319,0.36126779913902285,0.21727080047130584,0.4361470103263855,0.7515376,0.7993692040443421,0.3334754049777985,0.46482879519462583,0.8443803906440734,0.6415186047554016,0.5456648945808411,0.553342,0.48767721056938174,0.5478994131088257,0.4847319006919861,0.5681154012,0.5992497205734253,0.5672972083091736,0.5636732459068299,0.45602964162826537,0.8318672180175781,0.19858240187168122,0.5913816332817078
1992.0,0.8704596042633057,0.6591204166412353,0.8728446125984192,0.7185445904731751,0.2983162224292755,0.6527686595916748,0.6713969230651855,0.3609726011753082,0.21772960126399993,0.43619601130485536,0.7515682,0.799687123298645,0.33350380063056945,0.4648375928401947,0.8447878003120423,0.6418422102928162,0.5454226493835449,0.5542739999999999,0.48801140785217284,0.5491068124771118,0.485164201259613,0.5704858064,0.5988876223564148,0.5653024077415466,0.567270016670227,0.4621832728385925,0.831805408000946,0.19919480085372926,0.5933070063591004
1993.0,0.8701374053955078,0.6591996192932129,0.8729725122451782,0.7186483860015869,0.2994528889656067,0.6531206488609314,0.6739904761314393,0.36067740321159364,0.21818840205669404,0.4362450122833252,0.7515988,0.800005042552948,0.33353219628334047,0.46484639048576354,0.845195209980011,0.6421658158302307,0.5451804041862488,0.555206,0.488345605134964,0.550314211845398,0.48559650182724,0.5728562116,0.5985255241394043,0.5633076071739197,0.5708667874336243,0.4683369040489197,0.831743597984314,0.19980719983577727,0.5952323794364929
1994.0,0.8698152065277099,0.6592788219451904,0.8731004118919372,0.7187521815299988,0.3005895555019379,0.653472638130188,0.6765840291976929,0.360382205247879,0.21864720284938813,0.43629401326179507,0.7516294,0.8003229618072509,0.33356059193611143,0.4648551881313324,0.8456026196479798,0.6424894213676453,0.5449381589889526,0.5561379999999999,0.4886798024177551,0.551521611213684,0.48602880239486695,0.5752266168,0.5981634259223938,0.5613128066062927,0.5744635581970214,0.47449053525924684,0.8316817879676819,0.2004195988178253,0.5971577525138855
1995.0,0.8694930076599121,0.659358024597168,0.8732283115386963,0.7188559770584106,0.30172622203826904,0.6538246273994446,0.6791775822639465,0.36008700728416443,0.21910600364208221,0.4363430142402649,0.75166,0.800640881061554,0.33358898758888245,0.46486398577690125,0.8460100293159485,0.6428130269050598,0.5446959137916565,0.55707,0.48901399970054626,0.5527290105819702,0.4864611029624939,0.577597022,0.5978013277053833,0.5593180060386658,0.5780603289604187,0.480644166469574,0.8316199779510498,0.20103199779987335,0.5990831255912781
1996.0,0.8696766018867492,0.6593720197677613,0.8741208791732789,0.7189633846282959,0.30283323526382444,0.6538208842277526,0.6808121919631958,0.3597158074378967,0.21964180171489717,0.43642441034317014,0.7514462,0.8006220579147338,0.3336363911628723,0.4649463891983032,0.8458664178848266,0.6432254195213318,0.5448707938194275,0.558002,0.48936060070991516,0.5538426041603088,0.486876106262207,0.5800936221999999,0.5970174193382263,0.5570612072944641,0.5828468441963196,0.4898136854171753,0.8311529874801635,0.20148999691009523,0.6008285045623779
1997.0,0.8698601961135864,0.6593860149383545,0.8750134468078613,0.7190707921981812,0.3039402484893799,0.6538171410560608,0.6824468016624451,0.359344607591629,0.2201775997877121,0.43650580644607545,0.7512324,0.8006032347679138,0.33368379473686216,0.4650287926197052,0.8457228064537048,0.6436378121376037,0.5450456738471985,0.5589339999999999,0.48970720171928406,0.5549561977386475,0.4872911095619202,0.5825902223999999,0.5962335109710694,0.5548044085502625,0.5876333594322205,0.4989832043647766,0.8306859970092774,0.20194799602031707,0.6025738835334777
1998.0,0.8700437903404236,0.6594000101089478,0.8759060144424439,0.7191781997680664,0.3050472617149353,0.6538133978843689,0.6840814113616943,0.35897340774536135,0.22071339786052704,0.4365872025489807,0.7510186,0.8005844116210937,0.3337311983108521,0.4651111960411072,0.845579195022583,0.6440502047538758,0.5452205538749695,0.559866,0.49005380272865295,0.5560697913169861,0.4877061128616333,0.5850868226,0.5954496026039123,0.5525476098060608,0.5924198746681213,0.5081527233123779,0.8302190065383911,0.20240599513053895,0.6043192625045777
1999.0,0.8702273845672608,0.659414005279541,0.8767985820770263,0.7192856073379517,0.30615427494049074,0.653809654712677,0.6857160210609436,0.35860220789909364,0.22124919593334197,0.436668598651886,0.7508048,0.8005655884742737,0.33377860188484193,0.46519359946250916,0.8454355835914612,0.6444625973701477,0.5453954339027405,0.5607979999999999,0.49040040373802185,0.5571833848953247,0.48812111616134646,0.5875834228,0.5946656942367554,0.5502908110618592,0.5972063899040222,0.5173222422599792,0.8297520160675049,0.2028639942407608,0.6060646414756775
2000.0,0.8704109787940979,0.6594280004501343,0.8776911497116089,0.7193930149078369,0.30726128816604614,0.6538059115409851,0.6873506307601929,0.3582310080528259,0.22178499400615692,0.43674999475479126,0.750591,0.8005467653274536,0.3338260054588318,0.46527600288391113,0.8452919721603394,0.6448749899864197,0.5455703139305115,0.56173,0.49074700474739075,0.5582969784736633,0.48853611946105957,0.590080023,0.5938817858695984,0.5480340123176575,0.6019929051399231,0.5264917612075806,0.8292850255966187,0.20332199335098267,0.6078100204467773
2001.0,0.8708651781082153,0.6594532012939454,0.8785837411880493,0.7194910168647766,0.3082945644855499,0.6538021683692932,0.688985288143158,0.35790920853614805,0.22237459421157837,0.4367349982261658,0.7507222,0.8005279302597046,0.3338502049446106,0.4653864026069641,0.8451799750328064,0.6451387882232666,0.5457452058792114,0.5626979999999999,0.49090240597724916,0.5593473792076111,0.48906615376472473,0.592501414,0.5930978536605835,0.5460952043533325,0.6067795395851135,0.5357524037361145,0.8291462182998657,0.20345719456672667,0.6095163583755493
2002.0,0.8713193774223328,0.6594784021377563,0.8794763326644898,0.7195890188217163,0.3093278408050537,0.6537984251976013,0.690619945526123,0.3575874090194702,0.22296419441699983,0.43672000169754027,0.7508534,0.8005090951919556,0.3338744044303894,0.4654968023300171,0.8450679779052734,0.6454025864601135,0.5459200978279114,0.563666,0.49105780720710757,0.5603977799415588,0.4895961880683899,0.5949228049999999,0.5923139214515686,0.5441563963890076,0.611566174030304,0.5450130462646484,0.8290074110031128,0.2035923957824707,0.6112226963043212
2003.0,0.8717735767364502,0.6595036029815674,0.8803689241409302,0.719687020778656,0.3103611171245575,0.6537946820259094,0.6922546029090881,0.35726560950279235,0.22355379462242125,0.4367050051689148,0.7509846,0.8004902601242065,0.3338986039161682,0.46560720205307005,0.8449559807777405,0.6456663846969605,0.5460949897766113,0.564634,0.4912132084369659,0.5614481806755066,0.49012622237205505,0.597344196,0.5915299892425537,0.5422175884246826,0.6163528084754943,0.5542736887931824,0.8288686037063598,0.20372759699821472,0.6129290342330933
2004.0,0.8722277760505677,0.6595288038253784,0.8812615156173706,0.7197850227355957,0.3113943934440613,0.6537909388542176,0.6938892602920532,0.3569438099861145,0.2241433948278427,0.4366900086402893,0.7511158,0.8004714250564575,0.333922803401947,0.46571760177612304,0.8448439836502075,0.6459301829338073,0.5462698817253113,0.565602,0.49136860966682433,0.5624985814094543,0.4906562566757202,0.5997655869999999,0.5907460570335388,0.5402787804603577,0.6211394429206848,0.5635343313217163,0.828729796409607,0.20386279821395875,0.6146353721618653
2005.0,0.8726819753646851,0.6595540046691895,0.882154107093811,0.7198830246925354,0.31242766976356506,0.6537871956825256,0.6955239176750183,0.35662201046943665,0.22473299503326416,0.4366750121116638,0.751247,0.8004525899887085,0.33394700288772583,0.465828001499176,0.8447319865226746,0.6461939811706543,0.5464447736740112,0.56657,0.49152401089668274,0.5635489821434021,0.4911862909793854,0.602186978,0.5899621248245239,0.5383399724960327,0.6259260773658752,0.5727949738502502,0.828590989112854,0.20399799942970276,0.6163417100906372
2006.0,0.8730419754981995,0.6597190022468566,0.8829801440238954,0.7200180172920227,0.3133991360664368,0.6544464826583862,0.6965179800987245,0.356330007314682,0.22545539736747744,0.4367362082004547,0.7513722,0.8007248997688293,0.333964604139328,0.46620360016822815,0.8447219848632812,0.6468069791793823,0.5468638777732849,0.567304,0.49192841053009034,0.5647335886955261,0.4917456150054932,0.6041357876,0.5898847341537475,0.5372931838035583,0.6285139918327333,0.5798724412918094,0.8287871956825257,0.20379939973354338,0.6178979635238648
2007.0,0.8734019756317138,0.659883999824524,0.8838061809539796,0.72015300989151,0.3143706023693086,0.6551057696342469,0.6975120425224305,0.35603800415992737,0.22617779970169075,0.4367974042892456,0.7514974,0.8009972095489503,0.33398220539093015,0.46657919883728033,0.844711983203888,0.6474199771881104,0.5472829818725586,0.568038,0.49233281016349795,0.5659181952476503,0.492304939031601,0.6060845972,0.5898073434829711,0.5362463951110839,0.6311019062995913,0.5869499087333686,0.8289834022521972,0.203600800037384,0.6194542169570925
2008.0,0.8737619757652283,0.6600489974021911,0.8846322178840639,0.7202880024909973,0.3153420686721803,0.6557650566101075,0.6985061049461366,0.3557460010051727,0.22690020203590403,0.43685860037803653,0.7516226,0.8012695193290711,0.33399980664253237,0.46695479750633245,0.8447019815444946,0.6480329751968384,0.5477020859718323,0.5687719999999999,0.49273720979690555,0.5671028017997743,0.4928642630577088,0.6080334068000001,0.5897299528121949,0.5351996064186095,0.6336898207664493,0.5940273761749277,0.8291796088218689,0.20340220034122464,0.6210104703903201
2009.0,0.8741219758987427,0.6602139949798584,0.8854582548141481,0.7204229950904847,0.31631353497505205,0.6564243435859681,0.6995001673698427,0.35545399785041804,0.22762260437011733,0.4369197964668274,0.7517478000000001,0.8015418291091919,0.33401740789413453,0.4673303961753846,0.8446919798851014,0.6486459732055665,0.548121190071106,0.569506,0.4931416094303132,0.5682874083518984,0.4934235870838166,0.6099822164,0.5896525621414185,0.5341528177261351,0.6362777352333073,0.6011048436164869,0.8293758153915406,0.20320360064506526,0.6225667238235476
2010.0,0.8744819760322572,0.6603789925575256,0.8862842917442324,0.7205579876899719,0.3172850012779238,0.6570836305618287,0.7004942297935488,0.35516199469566334,0.22834500670433056,0.4369809925556183,0.751873,0.8018141388893129,0.3340350091457367,0.4677059948444367,0.844681978225708,0.6492589712142945,0.5485402941703797,0.57024,0.49354600906372076,0.5694720149040224,0.49398291110992437,0.611931026,0.5895751714706421,0.5331060290336608,0.6388656497001654,0.6081823110580455,0.8295720219612122,0.20300500094890583,0.6241229772567752
2011.0,0.8747653841972352,0.6602685928344726,0.8871103763580324,0.7207363843917847,0.3182037711143495,0.6577429413795473,0.7014883279800417,0.3547723948955535,0.22886940538883216,0.4369645953178406,0.7520568000000001,0.8020864725112915,0.33400160670280454,0.46798179745674134,0.8447519779205322,0.6496391773223877,0.5489594101905824,0.571108,0.4938452064990998,0.5702992081642152,0.4943251192569733,0.6138280154,0.5894977807998657,0.5327614188194274,0.6414536952972416,0.6132120490074164,0.8294258117675781,0.20253280103206628,0.6255638480186464
2012.0,0.8750487923622131,0.6601581931114197,0.8879364609718323,0.7209147810935974,0.3191225409507752,0.6584022521972657,0.7024824261665344,0.3543827950954437,0.22939380407333376,0.43694819808006286,0.7522406,0.8023588061332703,0.33396820425987245,0.46825760006904604,0.8448219776153565,0.6500193834304809,0.549378526210785,0.5719759999999999,0.4941444039344788,0.571126401424408,0.49466732740402225,0.6157250048,0.5894203901290893,0.532416808605194,0.6440417408943178,0.6182417869567873,0.8292796015739441,0.20206060111522672,0.6270047187805177
2013.0,0.8753322005271912,0.6600477933883667,0.8887625455856323,0.7210931777954102,0.3200413107872009,0.6590615630149841,0.7034765243530273,0.3539931952953339,0.22991820275783537,0.43693180084228517,0.7524244,0.802631139755249,0.3339348018169403,0.4685334026813507,0.8448919773101806,0.6503995895385742,0.5497976422309875,0.572844,0.49444360136985777,0.5719535946846008,0.49500953555107113,0.6176219942,0.589342999458313,0.5320721983909608,0.6466297864913939,0.6232715249061582,0.8291333913803101,0.20158840119838717,0.6284455895423888
2014.0,0.8756156086921691,0.6599373936653138,0.8895886301994322,0.7212715744972229,0.3209600806236266,0.6597208738327025,0.7044706225395201,0.3536035954952241,0.23044260144233697,0.4369154036045074,0.7526082,0.8029034733772278,0.3339013993740082,0.4688092052936554,0.8449619770050049,0.6507797956466674,0.5502167582511901,0.573712,0.49474279880523675,0.5727807879447936,0.4953517436981201,0.6195189836,0.5892656087875366,0.5317275881767274,0.6492178320884701,0.6283012628555291,0.828987181186676,0.2011162012815476,0.6298864603042601
2015.0,0.8758990168571471,0.6598269939422607,0.8904147148132322,0.7214499711990356,0.32187885046005227,0.660380184650421,0.705464720726013,0.35321399569511425,0.23096700012683857,0.43689900636672974,0.752792,0.8031758069992064,0.33386799693107605,0.46908500790596,0.8450319766998291,0.6511600017547606,0.5506358742713927,0.57458,0.4950419962406158,0.5736079812049864,0.495693951845169,0.621415973,0.5891882181167603,0.531382977962494,0.6518058776855463,0.6333310008049,0.828840970993042,0.20064400136470806,0.6313273310661313
2016.0,0.8760558128356933,0.6598688006401062,0.8902973055839539,0.7214523792266846,0.32267708182334887,0.6598663926124574,0.7064640522003172,0.3529939949512482,0.23172399997711168,0.4370434045791626,0.7527646,0.8034838318824767,0.33385019898414614,0.4695218086242675,0.8451137781143189,0.6515262007713317,0.551090383529663,0.5753619999999999,0.49533279538154595,0.5748215794563292,0.4960801184177398,0.6232185842,0.5911755919456478,0.5317879796028137,0.6536159992218015,0.6372867345809929,0.8283973813056946,0.19993579983711254,0.6326820731163022
2017.0,0.8762126088142395,0.6599106073379517,0.8901798963546753,0.7214547872543335,0.3234753131866454,0.6593526005744935,0.7074633836746215,0.35277399420738226,0.23248099982738485,0.4371878027915954,0.7527372,0.803791856765747,0.3338324010372162,0.469958609342575,0.8451955795288085,0.6518923997879028,0.5515448927879333,0.576144,0.4956235945224762,0.576035177707672,0.4964662849903106,0.6250211954,0.5931629657745359,0.5321929812431335,0.6554261207580564,0.6412424683570856,0.8279537916183473,0.199227598309517,0.6340368151664733
2018.0,0.8763694047927856,0.6599524140357971,0.8900624871253967,0.7214571952819824,0.32427354454994195,0.6588388085365295,0.7084627151489257,0.35255399346351624,0.23323799967765801,0.4373322010040283,0.7527098,0.8040998816490174,0.33381460309028627,0.47039541006088254,0.8452773809432983,0.6522585988044738,0.5519994020462036,0.5769259999999999,0.49591439366340634,0.5772487759590148,0.49685245156288144,0.6268238065999999,0.5951503396034239,0.5325979828834533,0.6572362422943113,0.6451982021331784,0.8275102019309998,0.19851939678192146,0.6353915572166442
2019.0,0.8765262007713318,0.6599942207336426,0.8899450778961182,0.7214596033096313,0.3250717759132385,0.6583250164985657,0.70946204662323,0.35233399271965027,0.23399499952793118,0.43747659921646115,0.7526824,0.8044079065322876,0.3337968051433563,0.47083221077919,0.8453591823577881,0.6526247978210449,0.5524539113044739,0.577708,0.49620519280433656,0.5784623742103576,0.4972386181354522,0.6286264178,0.5971377134323119,0.5330029845237731,0.6590463638305664,0.6491539359092711,0.8270666122436524,0.1978111952543259,0.6367462992668151
2020.0,0.8766829967498779,0.660036027431488,0.8898276686668396,0.7214620113372803,0.32587000727653503,0.6578112244606018,0.7104613780975342,0.3521139919757843,0.23475199937820435,0.43762099742889404,0.752655,0.8047159314155579,0.3337790071964264,0.47126901149749756,0.8454409837722778,0.652990996837616,0.5529084205627441,0.57849,0.4964959919452667,0.5796759724617004,0.49762478470802307,0.630429029,0.5991250872612,0.533407986164093,0.6608564853668213,0.6531096696853638,0.8266230225563049,0.19710299372673035,0.6381010413169861
2021.0,0.8767948031425477,0.6601888179779053,0.889710259437561,0.7216034054756164,0.3266460239887238,0.6572973966598511,0.7114607572555542,0.35172759294509887,0.23534939885139466,0.43758379817008974,0.7526845999999999,0.8050239682197571,0.3338028073310852,0.4715570092201233,0.8456527829170227,0.653367793560028,0.5533629536628724,0.5790959999999999,0.4965913951396942,0.5802133798599243,0.49806498885154726,0.63225162,0.6011125445365906,0.5334557890892029,0.6626666903495788,0.6556953072547913,0.8262858152389526,0.19609399437904357,0.6392501950263977
2022.0,0.8769066095352173,0.6603416085243226,0.8895928502082825,0.7217447996139527,0.32742204070091246,0.6567835688591004,0.7124601364135742,0.35134119391441343,0.23594679832458496,0.4375465989112854,0.7527142,0.8053320050239563,0.333826607465744,0.471845006942749,0.8458645820617676,0.6537445902824401,0.5538174867630005,0.5797019999999999,0.4966867983341217,0.5807507872581482,0.4985051929950714,0.6340742109999999,0.6031000018119812,0.5335035920143127,0.6644768953323364,0.6582809448242187,0.8259486079216003,0.19508499503135682,0.6403993487358093
2023.0,0.877018415927887,0.6604943990707397,0.8894754409790039,0.7218861937522888,0.3281980574131012,0.6562697410583496,0.7134595155715943,0.35095479488372805,0.23654419779777527,0.4375093996524811,0.7527438,0.8056400418281555,0.33385040760040285,0.4721330046653748,0.8460763812065124,0.6541213870048523,0.5542720198631287,0.580308,0.4967822015285492,0.581288194656372,0.4989453971385956,0.635896802,0.6050874590873718,0.5335513949394226,0.666287100315094,0.6608665823936463,0.8256114006042481,0.19407599568367004,0.641548502445221
2024.0,0.8771302223205566,0.660647189617157,0.8893580317497254,0.722027587890625,0.3289740741252899,0.6557559132575989,0.7144588947296142,0.3505683958530426,0.23714159727096557,0.43747220039367674,0.7527734,0.8059480786323547,0.33387420773506166,0.4724210023880005,0.8462881803512573,0.6544981837272644,0.5547265529632568,0.580914,0.4968776047229767,0.581825602054596,0.49938560128211973,0.6377193929999999,0.6070749163627625,0.5335991978645325,0.6680973052978516,0.6634522199630737,0.8252741932868958,0.1930669963359833,0.6426976561546326
2025.0,0.8772420287132263,0.6607999801635742,0.8892406225204468,0.7221689820289612,0.32975009083747864,0.6552420854568481,0.7154582738876343,0.3501819968223572,0.23773899674415588,0.43743500113487244,0.752803,0.806256115436554,0.33389800786972046,0.4727090001106262,0.8464999794960022,0.6548749804496765,0.555181086063385,0.58152,0.4969730079174042,0.5823630094528198,0.4998258054256439,0.639541984,0.6090623736381531,0.5336470007896423,0.6699075102806091,0.6660378575325012,0.8249369859695435,0.1920579969882965,0.6438468098640442
2026.0,0.8771374225616455,0.6607499837875366,0.8897597432136536,0.7223533868789673,0.33039882779121404,0.6560594916343689,0.7152727484703064,0.3497251987457275,0.2383687973022461,0.4374184012413025,0.7526694,0.8061557412147522,0.3339142084121704,0.4730343997478485,0.8460733890533447,0.6552097797393799,0.5558315277099609,0.5822320000000001,0.49728320837020873,0.5831430077552796,0.500120747089386,0.640858591,0.6101716876029969,0.5331655979156494,0.6707815408706665,0.668354094028473,0.8247409939765931,0.19078439772129052,0.6449577331542969
2027.0,0.8770328164100647,0.660699987411499,0.8902788639068604,0.7225377917289734,0.3310475647449494,0.6568768978118897,0.7150872230529784,0.34926840066909787,0.23899859786033636,0.43740180134773254,0.7525358,0.8060553669929504,0.33393040895462034,0.47335979938507083,0.8456467986106873,0.6555445790290833,0.5564819693565369,0.582944,0.49759340882301334,0.5839230060577393,0.500415688753128,0.642175198,0.6112810015678407,0.5326841950416564,0.671655571460724,0.6706703305244448,0.8245450019836426,0.18951079845428456,0.6460686564445497
2028.0,0.8769282102584839,0.6606499910354614,0.8907979846000672,0.7227221965789795,0.3316963016986848,0.6576943039894105,0.7149016976356506,0.3488116025924682,0.2396283984184266,0.4373852014541626,0.7524022,0.8059549927711487,0.33394660949707033,0.4736851990222931,0.8452202081680297,0.6558793783187866,0.5571324110031128,0.5836560000000001,0.4979036092758179,0.5847030043601991,0.5007106304168701,0.6434918049999999,0.6123903155326845,0.5322027921676635,0.6725296020507814,0.6729865670204166,0.8243490099906922,0.18823719918727858,0.6471795797348024
2029.0,0.8768236041069031,0.6605999946594239,0.891317105293274,0.7229066014289857,0.33234503865242015,0.6585117101669313,0.7147161722183227,0.34835480451583856,0.24025819897651685,0.43736860156059265,0.7522686,0.8058546185493469,0.3339628100395203,0.47401059865951545,0.8447936177253722,0.6562141776084901,0.5577828526496889,0.584368,0.4982138097286225,0.5854830026626588,0.5010055720806122,0.6448084119999999,0.6134996294975282,0.5317213892936705,0.6734036326408388,0.6753028035163884,0.8241530179977417,0.1869635999202726,0.6482905030250551
2030.0,0.8767189979553223,0.6605499982833862,0.8918362259864808,0.7230910062789917,0.33299377560615556,0.6593291163444521,0.7145306468009949,0.34789800643920893,0.24088799953460707,0.4373520016670227,0.7521350000000001,0.8057542443275452,0.3339790105819702,0.4743359982967378,0.8443670272827147,0.6565489768981935,0.5584332942962648,0.58508,0.49852401018142706,0.5862630009651185,0.5013005137443544,0.646125019,0.614608943462372,0.5312399864196775,0.6742776632308962,0.67761904001236,0.823957026004791,0.1856900006532666,0.6494014263153078
2031.0,0.8769070029258729,0.660698401927948,0.8923553824424745,0.723169207572937,0.3336150288581849,0.6601465702056886,0.714345121383667,0.34766220450401303,0.24149740040302284,0.4373706042766571,0.7524310000000001,0.8056538581848144,0.33396140933036805,0.47494279742240914,0.8439220190048217,0.6568227767944337,0.5590837597846986,0.585738,0.49880020618438725,0.5867517948150636,0.5017640948295594,0.6477458121999999,0.6157183170318605,0.5303499937057494,0.6751517295837404,0.679286575317383,0.8229316234588622,0.1843598008155821,0.6504390478134157
2032.0,0.8770950078964234,0.6608468055725097,0.892874538898468,0.7232474088668823,0.3342362821102143,0.6609640240669251,0.7141595959663392,0.3474264025688171,0.24210680127143863,0.4373892068862915,0.752727,0.8055534720420837,0.3339438080787659,0.4755495965480805,0.8434770107269287,0.6570965766906739,0.5597342252731323,0.586396,0.49907640218734745,0.5872405886650086,0.5022276759147645,0.6493666054,0.6168276906013489,0.5294600009918212,0.6760257959365845,0.6809541106224061,0.8219062209129333,0.18302960097789758,0.6514766693115235
2033.0,0.8772830128669739,0.6609952092170716,0.8933936953544617,0.7233256101608276,0.3348575353622436,0.6617814779281616,0.7139740705490112,0.3471906006336212,0.2427162021398544,0.4374078094959259,0.753023,0.805453085899353,0.3339262068271637,0.4761563956737518,0.8430320024490356,0.657370376586914,0.5603846907615662,0.587054,0.4993525981903076,0.5877293825149535,0.5026912569999694,0.6509873986,0.6179370641708374,0.5285700082778931,0.6768998622894287,0.6826216459274291,0.8208808183670044,0.18169940114021307,0.6525142908096313
2034.0,0.8774710178375243,0.6611436128616333,0.8939128518104552,0.723403811454773,0.335478788614273,0.6625989317893981,0.7137885451316833,0.3469547986984253,0.2433256030082702,0.4374264121055603,0.753319,0.8053526997566224,0.3339086055755615,0.47676319479942314,0.8425869941711427,0.6576441764831542,0.5610351562499999,0.587712,0.4996287941932678,0.5882181763648986,0.5031548380851745,0.6526081918000001,0.6190464377403258,0.5276800155639649,0.6777739286422728,0.6842891812324522,0.8198554158210756,0.18036920130252856,0.6535519123077391
2035.0,0.877659022808075,0.6612920165061951,0.8944320082664489,0.7234820127487183,0.3361000418663023,0.6634163856506345,0.7136030197143555,0.3467189967632294,0.24393500387668596,0.4374450147151947,0.7536149999999999,0.8052523136138916,0.33389100432395935,0.4773699939250945,0.8421419858932496,0.6579179763793944,0.5616856217384337,0.58837,0.49990499019622797,0.5887069702148436,0.5036184191703795,0.654228985,0.6201558113098142,0.5267900228500368,0.678647994995117,0.6859567165374753,0.8188300132751467,0.17903900146484406,0.654589533805847
2036.0,0.8780096173286437,0.6616178154945372,0.894673478603363,0.7236754059791565,0.3366042733192443,0.6635438084602355,0.714174449443817,0.3463765978813172,0.2448102027177809,0.4373696088790894,0.7536532,0.805726420879364,0.33401880264282224,0.4776783943176269,0.8420079946517944,0.6580437779426574,0.5622054696083068,0.5890639999999999,0.5000881910324096,0.5889821767807006,0.5038707375526428,0.6553193924,0.6193522334098818,0.525863814353943,0.6790263652801513,0.6873571991920469,0.8185556054115296,0.17772380113601707,0.6554707884788512
2037.0,0.8783602118492126,0.6619436144828796,0.8949149489402771,0.7238687992095947,0.33710850477218623,0.6636712312698364,0.7147458791732787,0.34603419899940496,0.24568540155887592,0.437294203042984,0.7536914,0.8062005281448363,0.33414660096168514,0.47798679471015926,0.8418740034103394,0.6581695795059204,0.5627253174781799,0.589758,0.5002713918685913,0.5892573833465575,0.5041230559349059,0.6564097998,0.6185486555099489,0.5249376058578492,0.6794047355651855,0.6887576818466185,0.8182811975479126,0.17640860080719012,0.6563520431518554
2038.0,0.8787108063697815,0.6622694134712219,0.8951564192771911,0.7240621924400329,0.3376127362251281,0.6637986540794373,0.7153173089027405,0.34569180011749273,0.24656060039997094,0.4372187972068787,0.7537296,0.8066746354103088,0.3342743992805481,0.47829519510269164,0.8417400121688843,0.6582953810691833,0.5632451653480529,0.590452,0.5004545927047729,0.5895325899124145,0.5043753743171692,0.6575002072,0.617745077610016,0.5240113973617555,0.6797831058502197,0.69015816450119,0.8180067896842956,0.17509340047836316,0.6572332978248595
2039.0,0.8790614008903503,0.6625952124595642,0.8953978896141053,0.7242555856704712,0.33811696767807004,0.663926076889038,0.7158887386322021,0.34534940123558044,0.24743579924106593,0.4371433913707733,0.7537678,0.8071487426757812,0.334402197599411,0.47860359549522397,0.8416060209274292,0.6584211826324463,0.563765013217926,0.5911460000000001,0.5006377935409546,0.5898077964782714,0.5046276926994323,0.6585906146,0.616941499710083,0.5230851888656617,0.6801614761352539,0.6915586471557617,0.8177323818206788,0.17377820014953618,0.6581145524978638
2040.0,0.8794119954109192,0.6629210114479065,0.8956393599510193,0.7244489789009094,0.33862119913101196,0.6640534996986389,0.7164601683616638,0.3450070023536682,0.24831099808216095,0.43706798553466797,0.753806,0.8076228499412537,0.3345299959182739,0.47891199588775635,0.8414720296859741,0.6585469841957092,0.5642848610877991,0.59184,0.5008209943771362,0.5900830030441284,0.5048800110816956,0.659681022,0.6161379218101501,0.5221589803695679,0.6805398464202881,0.6929591298103333,0.8174579739570618,0.17246299982070923,0.6589958071708679
2041.0,0.8789191961288452,0.6629672050476074,0.8958808422088623,0.7245661854743958,0.3390682220458984,0.6641809344291687,0.7170316338539123,0.3447184026241302,0.24881919622421264,0.4372195899486542,0.7538395999999999,0.808096981048584,0.3344785988330841,0.4791909992694855,0.8412744283676148,0.6591487884521484,0.5648047447204589,0.5924860000000001,0.5010211944580079,0.5905395984649658,0.5050498366355896,0.6606092214,0.6153342962265015,0.5212955832481384,0.6809182405471802,0.6942639470100402,0.8164251804351806,0.1710781991481781,0.6599292755126953
2042.0,0.8784263968467713,0.6630133986473083,0.8961223244667054,0.7246833920478821,0.3395152449607849,0.6643083691596985,0.7176030993461608,0.3444298028945923,0.24932739436626433,0.4373711943626404,0.7538732,0.8085711121559143,0.3344272017478943,0.4794700026512146,0.8410768270492553,0.6597505927085876,0.5653246283531189,0.593132,0.5012213945388794,0.5909961938858033,0.5052196621894837,0.6615374208,0.6145306706428528,0.5204321861267089,0.6812966346740723,0.6955687642097473,0.8153923869132995,0.16969339847564696,0.6608627438545227
2043.0,0.8779335975646972,0.6630595922470093,0.8963638067245483,0.7248005986213684,0.3399622678756714,0.6644358038902283,0.7181745648384095,0.3441412031650543,0.24983559250831605,0.4375227987766266,0.7539068,0.8090452432632447,0.33437580466270445,0.47974900603294374,0.840879225730896,0.6603523969650269,0.5658445119857788,0.593778,0.501421594619751,0.5914527893066406,0.5053894877433777,0.6624656202,0.6137270450592041,0.5195687890052796,0.6816750288009643,0.6968735814094543,0.8143595933914185,0.16830859780311586,0.6617962121963501
2044.0,0.8774407982826233,0.6631057858467102,0.8966052889823913,0.7249178051948547,0.3404092907905579,0.6645632386207581,0.718746030330658,0.3438526034355164,0.2503437906503677,0.4376744031906128,0.7539404000000001,0.809519374370575,0.33432440757751464,0.48002800941467283,0.8406816244125366,0.6609542012214661,0.5663643956184388,0.594424,0.5016217947006225,0.591909384727478,0.5055593132972718,0.6633938196,0.6129234194755554,0.5187053918838501,0.6820534229278564,0.6981783986091614,0.8133267998695374,0.16692379713058472,0.6627296805381775
2045.0,0.8769479990005493,0.6631519794464111,0.8968467712402344,0.7250350117683411,0.34085631370544434,0.6646906733512878,0.7193174958229065,0.3435640037059784,0.25085198879241943,0.437826007604599,0.753974,0.8099935054779053,0.33427301049232483,0.480307012796402,0.8404840230941772,0.6615560054779053,0.5668842792510986,0.59507,0.5018219947814941,0.5923659801483154,0.5057291388511658,0.664322019,0.6121197938919067,0.5178419947624207,0.6824318170547485,0.6994832158088684,0.8122940063476562,0.1655389964580536,0.6636631488800049
2046.0,0.8774060010910034,0.6633481860160828,0.897091543674469,0.7250898122787476,0.34124149076435545,0.665006685256958,0.7192218422889709,0.3432298004627228,0.25176379084587097,0.43787100315093996,0.7539036,0.8101659297943116,0.3342700064182281,0.48067941069602965,0.8401788234710693,0.6615102052688598,0.5669164061546326,0.595792,0.5022866010665894,0.5927323818206787,0.5061001420021057,0.6653266194,0.6116099834442139,0.5167671918869019,0.6824665665626526,0.7000974416732788,0.8120036005973816,0.16454439759254455,0.664381992816925
2047.0,0.8778640031814575,0.6635443925857544,0.8973363161087036,0.7251446127891541,0.3416266678232666,0.6653226971626282,0.7191261887550354,0.34289559721946716,0.2526755928993225,0.4379159986972809,0.7538332,0.8103383541107178,0.3342670023441315,0.4810518085956573,0.8398736238479614,0.6614644050598144,0.5669485330581665,0.596514,0.5027512073516845,0.593098783493042,0.5064711451530457,0.6663312198,0.611100172996521,0.515692389011383,0.6825013160705566,0.7007116675376892,0.8117131948471069,0.1635497987270355,0.6651008367538452
2048.0,0.8783220052719116,0.663740599155426,0.8975810885429383,0.7251994132995605,0.34201184488217773,0.6656387090682984,0.7190305352210998,0.34256139397621155,0.25358739495277405,0.43796099424362184,0.7537628000000001,0.810510778427124,0.3342639982700348,0.48142420649528506,0.8395684242248536,0.6614186048507691,0.5669806599617004,0.597236,0.5032158136367798,0.5934651851654053,0.5068421483039856,0.6673358202,0.6105903625488281,0.5146175861358643,0.6825360655784607,0.7013258934020996,0.8114227890968323,0.1625551998615265,0.6658196806907654
2049.0,0.8787800073623657,0.6639368057250976,0.8978258609771729,0.725254213809967,0.3423970219410889,0.6659547209739685,0.7189348816871644,0.34222719073295593,0.2544991970062256,0.43800598978996275,0.7536924,0.8106832027435302,0.33426099419593813,0.48179660439491273,0.8392632246017456,0.6613728046417237,0.5670127868652344,0.597958,0.503680419921875,0.5938315868377686,0.5072131514549255,0.6683404206,0.6100805521011352,0.5135427832603454,0.6825708150863647,0.70194011926651,0.8111323833465576,0.16156060099601746,0.6665385246276856
2050.0,0.8792380094528198,0.6641330122947693,0.8980706334114075,0.7253090143203735,0.342782199,0.6662707328796387,0.7188392281532288,0.3418929874897003,0.2554109990596771,0.4380509853363037,0.753622,0.8108556270599365,0.33425799012184143,0.4821690022945404,0.8389580249786377,0.6613270044326782,0.5670449137687683,0.59868,0.5041450262069702,0.5941979885101318,0.5075841546058655,0.669345021,0.6095707416534424,0.5124679803848267,0.6826055645942688,0.7025543451309204,0.810841977596283,0.16056600213050842,0.6672573685646057
2051.0,0.8785792112350463,0.6643296122550965,0.8983154058456421,0.72538241147995,0.3431297597207062,0.6665867686271667,0.7187435626983643,0.3416261911392212,0.25609560012817384,0.4381093859672546,0.7536408,0.8110280632972717,0.33419079184532163,0.48250280022621156,0.838631021976471,0.6617140054702759,0.5670770525932312,0.599436,0.5045534253120423,0.5942239880561828,0.5077791213989258,0.6699510214000001,0.6090608954429626,0.5113589882850647,0.6826403260231018,0.7031288504600525,0.8105177879333496,0.15976400077342987,0.668032193183899
2052.0,0.877920413017273,0.6645262122154236,0.8985601782798767,0.7254558086395264,0.3434773204414124,0.6669028043746948,0.7186478972434998,0.34135939478874205,0.25678020119667055,0.43816778659820554,0.7536596,0.8112004995346069,0.3341235935688019,0.4828365981578827,0.8383040189743042,0.6621010065078735,0.5671091914176941,0.600192,0.5049618244171142,0.5942499876022339,0.5079740881919861,0.6705570218,0.6085510492324829,0.5102499961853028,0.6826750874519348,0.7037033557891845,0.8101935982704163,0.1589619994163513,0.6688070178031922
2053.0,0.8772616147994995,0.6647228121757507,0.8988049507141114,0.7255292057991027,0.3438248811621185,0.6672188401222229,0.7185522317886353,0.34109259843826295,0.2574648022651672,0.4382261872291565,0.7536784000000001,0.8113729357719421,0.3340563952922821,0.4831703960895538,0.8379770159721375,0.6624880075454712,0.567141330242157,0.600948,0.5053702235221863,0.5942759871482849,0.5081690549850464,0.6711630222,0.6080412030220032,0.5091410040855407,0.6827098488807678,0.7042778611183167,0.8098694086074829,0.15815999805927278,0.6695818424224853
2054.0,0.8766028165817261,0.6649194121360779,0.899049723148346,0.7256026029586792,0.3441724418828247,0.667534875869751,0.7184565663337708,0.3408258020877838,0.25814940333366393,0.43828458786010743,0.7536972000000001,0.8115453720092773,0.33398919701576235,0.48350419402122496,0.8376500129699707,0.6628750085830688,0.5671734690666199,0.601704,0.5057786226272583,0.594301986694336,0.5083640217781067,0.6717690225999999,0.6075313568115235,0.5080320119857789,0.6827446103096009,0.7048523664474488,0.8095452189445496,0.15735799670219422,0.6703566670417785
2055.0,0.8759440183639526,0.665116012096405,0.8992944955825806,0.7256760001182556,0.3445200026035309,0.667850911617279,0.7183609008789062,0.3405590057373047,0.25883400440216064,0.43834298849105835,0.753716,0.8117178082466125,0.33392199873924255,0.4838379919528961,0.837323009967804,0.6632620096206665,0.5672056078910828,0.60246,0.5061870217323303,0.594327986240387,0.508558988571167,0.672375023,0.6070215106010437,0.5069230198860168,0.6827793717384338,0.7054268717765808,0.8092210292816162,0.15655599534511566,0.6711314916610718
2056.0,0.8761022090911865,0.6654092073440552,0.8989306092262268,0.7256348013877869,0.3448199927806854,0.6683064818382263,0.7185700535774231,0.3402454018592834,0.25980580449104307,0.4382171928882599,0.7537262,0.8118095159530639,0.33394240140914916,0.4840843915939331,0.8364520072937012,0.662962007522583,0.5671512842178345,0.60293,0.506506621837616,0.5946479916572571,0.5086863160133361,0.6728756186,0.6056228876113892,0.5060444116592407,0.6821770548820496,0.7052442193031311,0.808893620967865,0.15607019662857055,0.671815299987793
2057.0,0.8762603998184204,0.6657024025917053,0.898566722869873,0.7255936026573181,0.34511998295783997,0.6687620520591736,0.7187792062759399,0.3399317979812622,0.26077760457992555,0.4380913972854614,0.7537364,0.8119012236595153,0.33396280407905576,0.4843307912349701,0.8355810046195984,0.6626620054244995,0.5670969605445861,0.6033999999999999,0.5068262219429016,0.5949679970741272,0.5088136434555054,0.6733762141999999,0.6042242646217346,0.5051658034324646,0.6815747380256653,0.7050615668296814,0.8085662126541138,0.15558439791202544,0.6724991083145142
2058.0,0.8764185905456543,0.6659955978393555,0.8982028365135193,0.7255524039268494,0.3454199731349945,0.6692176222801208,0.7189883589744568,0.33961819410324096,0.261749404668808,0.43796560168266296,0.7537466,0.8119929313659668,0.3339832067489624,0.4845771908760071,0.8347100019454956,0.662362003326416,0.5670426368713379,0.60387,0.5071458220481873,0.5952880024909973,0.5089409708976745,0.6738768098,0.6028256416320801,0.5042871952056884,0.680972421169281,0.7048789143562317,0.8082388043403625,0.15509859919548036,0.6731829166412353
2059.0,0.8765767812728882,0.6662887930870056,0.8978389501571655,0.7255112051963806,0.34571996331214905,0.6696731925010682,0.7191975116729736,0.33930459022521975,0.26272120475769045,0.4378398060798645,0.7537568,0.8120846390724182,0.33400360941886903,0.48482359051704405,0.8338389992713928,0.6620620012283325,0.5669883131980896,0.60434,0.5074654221534729,0.5956080079078674,0.5090682983398438,0.6743774053999999,0.6014270186424255,0.5034085869789123,0.6803701043128967,0.704696261882782,0.8079113960266113,0.15461280047893525,0.6738667249679565
2060.0,0.8767349720001221,0.6665819883346558,0.8974750638008118,0.7254700064659119,0.3460199534893036,0.6701287627220154,0.7194066643714905,0.3389909863471985,0.2636930048465729,0.43771401047706604,0.753767,0.8121763467788696,0.33402401208877563,0.48506999015808105,0.83296799659729,0.661761999130249,0.5669339895248413,0.60481,0.5077850222587585,0.5959280133247375,0.5091956257820129,0.674878001,0.600028395652771,0.5025299787521362,0.6797677874565125,0.7045136094093323,0.8075839877128601,0.15412700176239014,0.6745505332946777
2061.0,0.8765101790428161,0.666798186302185,0.8971111536026001,0.7255388021469116,0.3463106334209442,0.6705843448638916,0.7196158170700073,0.3386543869972229,0.2642942011356354,0.4379116058349609,0.7538656,0.812268054485321,0.3340350091457367,0.48529199361801145,0.8326615929603577,0.6621706008911132,0.566879665851593,0.605282,0.5077376127243042,0.5961828112602234,0.5093051671981812,0.6754402039999999,0.5986297011375428,0.5021959781646729,0.6791654348373413,0.7041079521179199,0.8067611932754517,0.15395359992980956,0.6752655148506165
2062.0,0.8762853860855102,0.6670143842697144,0.8967472434043884,0.7256075978279114,0.3466013133525848,0.6710399270057679,0.7198249697685242,0.3383177876472473,0.26489539742469786,0.43810920119285585,0.7539642,0.8123597621917724,0.33404600620269775,0.4855139970779419,0.8323551893234253,0.6625792026519776,0.5668253421783447,0.605754,0.5076902031898498,0.5964376091957092,0.5094147086143493,0.6760024069999999,0.5972310066223144,0.5018619775772095,0.6785630822181702,0.7037022948265076,0.8059383988380432,0.153780198097229,0.6759804964065552
2063.0,0.8760605931282044,0.6672305822372436,0.8963833332061768,0.7256763935089111,0.3468919932842255,0.671495509147644,0.720034122467041,0.33798118829727175,0.2654965937137604,0.4383067965507507,0.7540628,0.8124514698982239,0.3340570032596588,0.4857360005378723,0.8320487856864929,0.6629878044128418,0.5667710185050965,0.6062259999999999,0.5076427936553956,0.5966924071311951,0.5095242500305176,0.67656461,0.5958323121070862,0.501527976989746,0.677960729598999,0.7032966375350952,0.8051156044006348,0.15360679626464843,0.6766954779624939
2064.0,0.8758358001708985,0.667446780204773,0.8960194230079651,0.7257451891899109,0.3471826732158661,0.6719510912895202,0.7202432751655579,0.33764458894729615,0.26609779000282285,0.43850439190864565,0.7541614,0.8125431776046753,0.3340680003166199,0.48595800399780276,0.8317423820495605,0.6633964061737061,0.5667166948318482,0.606698,0.5075953841209412,0.5969472050666809,0.5096337914466857,0.677126813,0.5944336175918579,0.5011939764022827,0.6773583769798279,0.7028909802436829,0.8042928099632263,0.15343339443206788,0.6774104595184326
2065.0,0.8756110072135925,0.6676629781723022,0.8956555128097534,0.7258139848709106,0.3474733531475067,0.6724066734313965,0.7204524278640747,0.33730798959732056,0.2666989862918854,0.4387019872665405,0.75426,0.8126348853111267,0.33407899737358093,0.48618000745773315,0.8314359784126282,0.6638050079345703,0.5666623711585999,0.60717,0.5075479745864868,0.5972020030021667,0.509743332862854,0.677689016,0.5930349230766296,0.5008599758148193,0.6767560243606567,0.7024853229522705,0.8034700155258179,0.1532599925994873,0.6781254410743713
2066.0,0.8758230090141297,0.6680359840393066,0.8964921593666076,0.7258041858673095,0.3477106809616089,0.6723804950714112,0.720623791217804,0.33693079352378846,0.26763938665390014,0.43875098824501035,0.7544224,0.8129529833793641,0.33403159976005553,0.4861406087875366,0.8299181818962097,0.6637102007865906,0.5667972207069397,0.607338,0.5075455784797669,0.5975030064582825,0.5098734736442566,0.6783782126,0.5873905062675476,0.5009151816368103,0.6760178804397583,0.7022489666938782,0.8031608104705811,0.1533005952835083,0.6787122964859009
2067.0,0.8760350108146667,0.668408989906311,0.8973288059234619,0.7257943868637085,0.3479480087757111,0.6723543167114258,0.7207951545715332,0.33655359745025637,0.2685797870159149,0.43879998922348024,0.7545848,0.8132710814476013,0.33398420214653013,0.4861012101173401,0.8284003853797912,0.6636153936386109,0.5669320702552796,0.607506,0.5075431823730469,0.5978040099143982,0.5100036144256592,0.6790674092,0.5817460894584656,0.5009703874588013,0.6752797365188599,0.7020126104354858,0.8028516054153443,0.1533411979675293,0.6792991518974304
2068.0,0.8762470126152039,0.6687819957733154,0.8981654524803162,0.7257845878601075,0.3481853365898132,0.6723281383514405,0.7209665179252625,0.3361764013767242,0.2695201873779297,0.43884899020195006,0.7547472,0.8135891795158386,0.3339368045330048,0.48606181144714355,0.8268825888633728,0.6635205864906311,0.5670669198036193,0.607674,0.5075407862663269,0.5981050133705139,0.5101337552070617,0.6797566058,0.5761016726493835,0.5010255932807922,0.6745415925979614,0.7017762541770936,0.8025424003601074,0.1533818006515503,0.67988600730896
2069.0,0.8764590144157409,0.6691550016403198,0.8990020990371704,0.7257747888565064,0.3484226644039154,0.672301959991455,0.7211378812789917,0.3357992053031921,0.27046058773994447,0.43889799118041994,0.7549096,0.8139072775840759,0.3338894069194794,0.486022412776947,0.8253647923469544,0.6634257793426513,0.5672017693519592,0.607842,0.5075383901596069,0.5984060168266296,0.5102638959884643,0.6804458024,0.5704572558403015,0.5010807991027832,0.673803448677063,0.7015398979187012,0.8022331953048706,0.15342240333557128,0.6804728627204895
2070.0,0.8766710162162781,0.6695280075073242,0.8998387455940247,0.7257649898529053,0.3486599922180176,0.6722757816314697,0.721309244632721,0.33542200922966003,0.27140098810195923,0.43894699215888977,0.755072,0.8142253756523132,0.333842009305954,0.4859830141067505,0.8238469958305359,0.6633309721946716,0.5673366189002991,0.60801,0.507535994052887,0.5987070202827454,0.5103940367698669,0.681134999,0.5648128390312195,0.5011360049247742,0.6730653047561646,0.7013035416603088,0.8019239902496338,0.15346300601959229,0.681059718132019
2071.0,0.8766064167022705,0.6697394013404846,0.9006754398345947,0.7258569955825805,0.3489259958267212,0.6722496032714844,0.7214806199073791,0.3351866066455841,0.27236939072608946,0.43880159258842466,0.7550975999999999,0.8145434975624084,0.33397880792617796,0.48633121252059935,0.8230561971664428,0.663447380065918,0.5674714803695678,0.6079880000000001,0.5073197960853577,0.598656415939331,0.5104162931442261,0.6815096022,0.5591681480407715,0.5012886047363281,0.6723271250724793,0.7013950347900391,0.8014479875564575,0.15354200601577758,0.6816469311714173
2072.0,0.876541817188263,0.669950795173645,0.9015121340751648,0.7259490013122558,0.3491919994354248,0.672223424911499,0.7216519951820374,0.3349512040615082,0.27333779335021974,0.4386561930179596,0.7551232,0.8148616194725037,0.334115606546402,0.4866794109344482,0.8222653985023498,0.6635637879371643,0.5676063418388366,0.607966,0.5071035981178283,0.5986058115959167,0.5104385495185852,0.6818842053999999,0.5535234570503235,0.5014412045478821,0.671588945388794,0.7014865279197693,0.8009719848632812,0.15362100601196288,0.6822341442108154
2073.0,0.8764772176742553,0.6701621890068055,0.9023488283157348,0.7260410070419312,0.34945800304412844,0.6721972465515137,0.7218233704566955,0.33471580147743224,0.27430619597434996,0.4385107934474945,0.7551488,0.8151797413825989,0.33425240516662597,0.48702760934829714,0.8214745998382569,0.6636801958084106,0.5677412033081055,0.607944,0.5068874001502991,0.5985552072525024,0.5104608058929443,0.6822588086,0.5478787660598755,0.501593804359436,0.6708507657051086,0.7015780210494995,0.800495982170105,0.1537000060081482,0.6828213572502136
2074.0,0.8764126181602478,0.6703735828399658,0.9031855225563049,0.7261330127716065,0.34972400665283204,0.6721710681915283,0.7219947457313538,0.33448039889335635,0.27527459859848025,0.43836539387702944,0.7551744,0.8154978632926941,0.33438920378685,0.487375807762146,0.8206838011741638,0.663796603679657,0.5678760647773743,0.607922,0.5066712021827697,0.5985046029090881,0.5104830622673034,0.6826334117999999,0.5422340750694274,0.50174640417099,0.6701125860214233,0.7016695141792297,0.8000199794769287,0.1537790060043335,0.6834085702896118
2075.0,0.8763480186462402,0.6705849766731262,0.904022216796875,0.7262250185012817,0.34999001026153564,0.672144889831543,0.722166121006012,0.3342449963092804,0.2762430012226105,0.43821999430656433,0.7552,0.8158159852027893,0.334526002407074,0.4877240061759949,0.8198930025100708,0.6639130115509033,0.5680109262466431,0.6079,0.5064550042152405,0.5984539985656738,0.5105053186416626,0.683008015,0.5365893840789795,0.501899003982544,0.669374406337738,0.70176100730896,0.7995439767837524,0.1538580060005188,0.68399578332901
2076.0,0.8765042185783386,0.6709185838699341,0.9038240551948548,0.7261792182922363,0.35017600655555725,0.6721711039543152,0.7221389889717102,0.33407099843025206,0.2769014000892639,0.438129597902298,0.7550582,0.8156347751617432,0.33450220227241517,0.4878834068775177,0.819064199924469,0.6644280076026916,0.5680464148521424,0.607432,0.5066788077354432,0.5982453942298889,0.5106017827987671,0.683095014,0.5372687935829162,0.50210599899292,0.668415367603302,0.7019981741905212,0.7993187785148621,0.15392420589923858,0.6846404075622559
2077.0,0.876660418510437,0.6712521910667419,0.9036258935928345,0.7261334180831909,0.35036200284957886,0.6721973180770874,0.7221118569374084,0.33389700055122373,0.27755979895591737,0.4380392014980316,0.7549164,0.815453565120697,0.33447840213775637,0.4880428075790405,0.8182353973388672,0.66494300365448,0.5680819034576416,0.606964,0.5069026112556457,0.598036789894104,0.5106982469558716,0.6831820129999999,0.537948203086853,0.5023129940032959,0.667456328868866,0.7022353410720825,0.7990935802459717,0.15399040579795836,0.6852850317955017
2078.0,0.8768166184425354,0.6715857982635498,0.9034277319908142,0.7260876178741456,0.35054799914360046,0.6722235321998596,0.7220847249031067,0.33372300267219546,0.2782181978225708,0.43794880509376527,0.7547746,0.8152723550796509,0.3344546020030975,0.4882022082805634,0.8174065947532654,0.6654579997062683,0.5681173920631408,0.606496,0.5071264147758484,0.5978281855583191,0.510794711112976,0.683269012,0.5386276125907898,0.5025199890136719,0.6664972901344299,0.7024725079536438,0.7988683819770813,0.15405660569667817,0.6859296560287476
2079.0,0.8769728183746338,0.6719194054603577,0.9032295703887939,0.7260418176651001,0.35073399543762207,0.6722497463226318,0.7220575928688049,0.3335490047931671,0.27887659668922427,0.4378584086894989,0.7546328,0.8150911450386047,0.3344308018684387,0.4883616089820862,0.8165777921676636,0.6659729957580567,0.5681528806686401,0.606028,0.507350218296051,0.5976195812225342,0.5108911752700805,0.683356011,0.5393070220947266,0.5027269840240478,0.6655382513999939,0.7027096748352051,0.7986431837081909,0.15412280559539795,0.6865742802619934
2080.0,0.8771290183067322,0.6722530126571655,0.9030314087867737,0.7259960174560547,0.3509199917316437,0.672275960445404,0.7220304608345032,0.3333750069141388,0.2795349955558777,0.43776801228523254,0.754491,0.8149099349975586,0.3344070017337799,0.488521009683609,0.8157489895820618,0.666487991809845,0.5681883692741394,0.60556,0.5075740218162537,0.5974109768867493,0.5109876394271851,0.68344301,0.5399864315986633,0.5029339790344238,0.6645792126655579,0.7029468417167664,0.7984179854393005,0.15418900549411774,0.6872189044952393
2081.0,0.8765944123268128,0.672682011127472,0.9028332471847534,0.72605881690979,0.3511539936065674,0.6723021864891052,0.7220033288002015,0.3330310046672821,0.2805665969848633,0.43794161081314087,0.7546162000000001,0.8147287249565125,0.33441579937934873,0.48856120705604555,0.8153365969657898,0.6665015935897827,0.5682238698005676,0.605198,0.5072500228881835,0.5974219799041748,0.5109807014465332,0.6832576038,0.540665864944458,0.5025977849960327,0.663620126247406,0.7027234554290771,0.7982113838195801,0.15420620441436766,0.6876951813697815
2082.0,0.8760598063468933,0.6731110095977784,0.9026350855827332,0.7261216163635253,0.3513879954814911,0.6723284125328064,0.7219761967658996,0.3326870024204254,0.28159819841384887,0.4381152093410492,0.7547414,0.8145475149154663,0.3344245970249176,0.48860140442848204,0.8149242043495178,0.6665151953697205,0.5682593703269958,0.604836,0.5069260239601135,0.5974329829216003,0.5109737634658813,0.6830721976,0.5413452982902527,0.5022615909576416,0.6626610398292542,0.702500069141388,0.7980047821998596,0.15422340333461762,0.6881714582443237
2083.0,0.8755252003669739,0.6735400080680847,0.9024369239807128,0.7261844158172608,0.3516219973564148,0.6723546385765076,0.7219490647315979,0.3323430001735687,0.2826297998428345,0.4382888078689575,0.7548666,0.8143663048744202,0.33443339467048644,0.4886416018009186,0.8145118117332458,0.6665287971496582,0.5682948708534241,0.604474,0.5066020250320434,0.5974439859390259,0.5109668254852295,0.6828867914,0.5420247316360474,0.5019253969192505,0.6617019534111023,0.7022766828536987,0.7977981805801392,0.15424060225486755,0.688647735118866
2084.0,0.8749905943870544,0.6739690065383911,0.9022387623786926,0.7262472152709961,0.3518559992313385,0.6723808646202087,0.7219219326972961,0.33199899792671206,0.28366140127182005,0.43846240639686584,0.7549918,0.814185094833374,0.3344421923160553,0.4886817991733551,0.8140994191169739,0.666542398929596,0.5683303713798523,0.604112,0.5062780261039734,0.5974549889564514,0.5109598875045777,0.6827013852,0.542704164981842,0.5015892028808594,0.6607428669929505,0.7020532965660096,0.7975915789604187,0.1542578011751175,0.6891240119934082
2085.0,0.874455988407135,0.6743980050086975,0.9020406007766724,0.7263100147247314,0.3520900011062622,0.6724070906639099,0.7218948006629944,0.33165499567985535,0.28469300270080566,0.43863600492477417,0.755117,0.8140038847923279,0.33445098996162415,0.4887219965457916,0.8136870265007019,0.6665560007095337,0.5683658719062805,0.60375,0.5059540271759033,0.597465991973877,0.5109529495239258,0.682515979,0.5433835983276367,0.5012530088424683,0.6597837805747986,0.7018299102783203,0.7973849773406982,0.15427500009536743,0.6896002888679504
2086.0,0.874671995639801,0.6749022006988525,0.9024533271789551,0.7261648058891297,0.3522580027580261,0.6722915649414063,0.7213531970977783,0.33132839798927305,0.2855354011058807,0.43842180371284484,0.7553236,0.8140846014022827,0.33450798988342284,0.48880620002746583,0.8123154163360595,0.6663112044334412,0.5682905435562133,0.603518,0.5052162170410156,0.5974801898002624,0.5109764456748962,0.6824999810000001,0.5451303243637085,0.5002976059913635,0.65870201587677,0.7011990547180176,0.7973127841949463,0.15427800118923188,0.6901517629623413
2087.0,0.874888002872467,0.6754063963890076,0.9028660535812378,0.7260195970535278,0.35242600440979005,0.6721760392189026,0.7208115935325623,0.3310018002986908,0.2863777995109558,0.4382076025009155,0.7555302,0.8141653180122376,0.33456498980522154,0.48889040350914004,0.8109438061714173,0.6660664081573486,0.5682152152061463,0.603286,0.5044784069061279,0.597494387626648,0.5109999418258667,0.682483983,0.5468770503997803,0.4993422031402588,0.6576202511787415,0.7005681991577148,0.7972405910491943,0.15428100228309632,0.6907032370567322
2088.0,0.8751040101051331,0.6759105920791626,0.9032787799835205,0.725874388217926,0.35259400606155394,0.672060513496399,0.7202699899673461,0.3306752026081085,0.2872201979160309,0.43799340128898623,0.7557368,0.8142460346221924,0.3346219897270203,0.4889746069908142,0.8095721960067749,0.6658216118812561,0.5681398868560791,0.603054,0.5037405967712403,0.5975085854530334,0.5110234379768371,0.682467985,0.548623776435852,0.49838680028915405,0.6565384864807129,0.6999373435974121,0.7971683979034424,0.15428400337696074,0.691254711151123
2089.0,0.8753200173377991,0.6764147877693176,0.9036915063858032,0.7257291793823242,0.3527620077133179,0.6719449877738952,0.7197283864021301,0.33034860491752627,0.288062596321106,0.4377792000770569,0.7559434,0.8143267512321473,0.334678989648819,0.4890588104724884,0.8082005858421326,0.6655768156051636,0.568064558506012,0.602822,0.5030027866363526,0.597522783279419,0.5110469341278077,0.682451987,0.5503705024719239,0.4974313974380493,0.6554567217826843,0.6993064880371094,0.7970962047576904,0.1542870044708252,0.691806185245514
2090.0,0.8755360245704651,0.6769189834594727,0.9041042327880859,0.7255839705467224,0.3529300093650818,0.6718294620513916,0.7191867828369141,0.33002200722694397,0.28890499472618103,0.43756499886512756,0.75615,0.814407467842102,0.3347359895706177,0.4891430139541626,0.8068289756774902,0.665332019329071,0.5679892301559448,0.60259,0.5022649765014648,0.5975369811058044,0.5110704302787781,0.682435989,0.5521172285079956,0.4964759945869446,0.6543749570846558,0.6986756324768066,0.7970240116119385,0.15429000556468964,0.6923576593399048
2091.0,0.8755062222480774,0.6773131847381592,0.9045169711112976,0.7255173802375794,0.35308045744895933,0.671713924407959,0.7186451435089112,0.32980820536613464,0.28987359404563906,0.4376859962940216,0.7561516,0.8144881963729859,0.334786993265152,0.48911980986595155,0.8059609770774842,0.6652260184288025,0.5679138898849487,0.6026699999999999,0.501805180311203,0.5973255872726441,0.511328375339508,0.6827355858,0.55386403799057,0.49480279684066775,0.6532931447029113,0.6977741241455078,0.7966772079467773,0.15436980426311492,0.6928629040718078
2092.0,0.8754764199256897,0.6777073860168457,0.9049297094345092,0.7254507899284363,0.3532309055328369,0.6715983867645263,0.7181035041809082,0.3295944035053253,0.29084219336509703,0.43780699372291565,0.7561532,0.8145689249038697,0.3348379969596863,0.4890966057777405,0.8050929784774781,0.6651200175285339,0.5678385496139526,0.60275,0.5013453841209412,0.5971141934394837,0.511586320400238,0.6830351826000001,0.5556108474731445,0.49312959909439086,0.652211332321167,0.696872615814209,0.7963304042816162,0.15444960296154023,0.6933681488037109
2093.0,0.875446617603302,0.6781015872955323,0.905342447757721,0.7253841996192932,0.35338135361671447,0.6714828491210938,0.7175618648529053,0.329380601644516,0.29181079268455506,0.4379279911518097,0.7561548,0.8146496534347534,0.33488900065422056,0.4890734016895294,0.8042249798774719,0.6650140166282654,0.5677632093429565,0.60283,0.5008855879306793,0.5969027996063232,0.5118442654609681,0.6833347794,0.557357656955719,0.491456401348114,0.6511295199394226,0.6959711074829101,0.7959836006164551,0.1545294016599655,0.6938733935356141
2094.0,0.8754168152809143,0.6784957885742188,0.9057551860809326,0.7253176093101501,0.35353180170059206,0.6713673114776612,0.7170202255249023,0.32916679978370667,0.29277939200401304,0.43804898858070374,0.7561564,0.8147303819656372,0.33494000434875487,0.48905019760131835,0.8033569812774658,0.6649080157279968,0.5676878690719604,0.6029100000000001,0.5004257917404175,0.5966914057731628,0.512102210521698,0.6836343762,0.5591044664382935,0.48978320360183714,0.6500477075576783,0.6950695991516114,0.795636796951294,0.15460920035839082,0.6943786382675171
2095.0,0.8753870129585266,0.6788899898529053,0.9061679244041443,0.7252510190010071,0.3536822497844696,0.6712517738342285,0.7164785861968994,0.32895299792289734,0.29374799132347107,0.4381699860095978,0.756158,0.814811110496521,0.3349910080432892,0.4890269935131073,0.8024889826774597,0.6648020148277283,0.5676125288009644,0.60299,0.49996599555015564,0.5964800119400024,0.512360155582428,0.683933973,0.5608512759208679,0.4881100058555603,0.6489658951759338,0.6941680908203125,0.7952899932861328,0.1546889990568161,0.6948838829994202
2096.0,0.8752648115158081,0.6790941953659058,0.9057275652885437,0.7249988198280335,0.3537769079208374,0.6715695858001709,0.7159172773361206,0.3285950005054474,0.2946201920509338,0.43833019137382506,0.7561966,0.8154387593269348,0.3349458038806915,0.48880359530448914,0.8019643902778626,0.664710807800293,0.5673481345176696,0.603116,0.49970759749412536,0.5967200040817261,0.5123184204101563,0.6845559832,0.5619205832481384,0.48593520522117617,0.6482673287391663,0.6933690309524536,0.7953933954238892,0.15481120049953462,0.6952978372573853
2097.0,0.8751426100730896,0.6792984008789062,0.9052872061729431,0.7247466206550598,0.3538715660572052,0.6718873977661133,0.7153559684753418,0.3282370030879974,0.2954923927783966,0.43849039673805235,0.7562352,0.8160664081573487,0.3349005997180939,0.48858019709587097,0.8014397978782654,0.6646196007728576,0.567083740234375,0.6032420000000001,0.49944919943809507,0.5969599962234498,0.5122766852378845,0.6851779934,0.5629898905754089,0.483760404586792,0.6475687623023987,0.6925699710845947,0.7954967975616455,0.1549334019422531,0.6957117915153503
2098.0,0.8750204086303711,0.6795026063919067,0.9048468470573425,0.7244944214820862,0.353966224193573,0.6722052097320557,0.714794659614563,0.3278790056705475,0.29636459350585936,0.4386506021022797,0.7562738,0.8166940569877624,0.3348553955554962,0.4883567988872528,0.8009152054786682,0.6645283937454224,0.5668193459510803,0.603368,0.49919080138206484,0.5971999883651733,0.5122349500656128,0.6858000036,0.5640591979026794,0.48158560395240785,0.6468701958656311,0.6917709112167358,0.7956001996994019,0.15505560338497162,0.6961257457733154
2099.0,0.8748982071876525,0.6797068119049072,0.9044064879417419,0.7242422223091125,0.3540608823299408,0.672523021697998,0.7142333507537841,0.32752100825309755,0.29723679423332217,0.43881080746650697,0.7563124,0.8173217058181763,0.3348101913928986,0.48813340067863464,0.800390613079071,0.664437186717987,0.5665549516677857,0.6034940000000001,0.49893240332603456,0.597439980506897,0.512193214893341,0.6864220138,0.56512850522995,0.47941080331802366,0.6461716294288635,0.690971851348877,0.7957036018371582,0.1551778048276901,0.6965397000312805
2100.0,0.8747760057449341,0.6799110174179077,0.9039661288261414,0.7239900231361389,0.3541555404663086,0.6728408336639404,0.7136720418930054,0.3271630108356476,0.2981089949607849,0.43897101283073425,0.756351,0.8179493546485901,0.3347649872303009,0.4879100024700165,0.7998660206794739,0.6643459796905518,0.566290557384491,0.60362,0.4986740052700043,0.5976799726486206,0.5121514797210693,0.687044024,0.5661978125572205,0.4772360026836395,0.645473062992096,0.6901727914810181,0.7958070039749146,0.15530000627040863,0.6969536542892456
2101.0,0.8744176030158997,0.6803450107574462,0.9035257577896119,0.7237804174423218,0.3542811036109924,0.6731586694717407,0.7131107091903687,0.32683300971984863,0.2993641972541809,0.43889461159706117,0.7563978,0.8185770392417908,0.33474438786506655,0.48770660161972046,0.7990478157997132,0.6643747806549072,0.5660261511802673,0.603746,0.49838200211524963,0.5978049755096435,0.5121459603309632,0.6867698188,0.5672671675682068,0.4745052933692932,0.6447744727134704,0.6889631390571594,0.7949140071868896,0.15534660518169402,0.6974101305007935
2102.0,0.8740592002868652,0.6807790040969849,0.9030853867530823,0.7235708117485047,0.3544066667556763,0.6734765052795411,0.712549376487732,0.3265030086040497,0.3006193995475769,0.4388182103633881,0.7564446,0.8192047238349914,0.33472378849983214,0.48750320076942444,0.7982296109199524,0.6644035816192627,0.5657617449760437,0.603872,0.498089998960495,0.5979299783706665,0.512140440940857,0.6864956136,0.5683365225791931,0.4717745840549469,0.6440758824348449,0.6877534866333008,0.7940210103988647,0.15539320409297944,0.6978666067123414
2103.0,0.8737007975578308,0.6812129974365234,0.9026450157165528,0.7233612060546875,0.3545322299003601,0.6737943410873413,0.7119880437850952,0.32617300748825073,0.3018746018409729,0.43874180912971494,0.7564913999999999,0.8198324084281922,0.3347031891345978,0.4872997999191284,0.7974114060401917,0.6644323825836181,0.5654973387718201,0.603998,0.49779799580574036,0.5980549812316894,0.5121349215507507,0.6862214084,0.5694058775901795,0.4690438747406006,0.6433772921562195,0.6865438342094421,0.7931280136108398,0.15543980300426483,0.6983230829238891
2104.0,0.8733423948287964,0.6816469907760621,0.9022046446800231,0.7231516003608703,0.35465779304504397,0.6741121768951416,0.7114267110824585,0.3258430063724518,0.3031298041343689,0.43866540789604186,0.7565381999999999,0.8204600930213928,0.3346825897693634,0.4870963990688324,0.7965932011604309,0.6644611835479737,0.5652329325675964,0.604124,0.4975059926509857,0.5981799840927124,0.5121294021606445,0.6859472032,0.5704752326011657,0.4663131654262543,0.642678701877594,0.6853341817855835,0.7922350168228149,0.15548640191555024,0.698779559135437
2105.0,0.872983992099762,0.6820809841156006,0.9017642736434937,0.7229419946670532,0.3547833561897278,0.6744300127029419,0.7108653783798218,0.32551300525665283,0.3043850064277649,0.4385890066623688,0.756585,0.8210877776145935,0.33466199040412903,0.4868929982185364,0.7957749962806702,0.6644899845123291,0.5649685263633728,0.60425,0.4972139894962311,0.5983049869537354,0.5121238827705383,0.685672998,0.5715445876121521,0.46358245611190796,0.6419801115989685,0.6841245293617249,0.79134202003479,0.15553300082683563,0.6992360353469849
2106.0,0.8729375958442688,0.6825001835823059,0.9024724960327148,0.7228871941566467,0.3548466801643372,0.6741690516471863,0.7094096064567565,0.3252538025379181,0.3052488029003143,0.4386348068714142,0.756726,0.8210842609405518,0.3346967935562134,0.48676440119743347,0.7934829950332641,0.6643041849136353,0.5645434141159058,0.604364,0.4971341907978058,0.598085594177246,0.5121283769607544,0.6864581940000001,0.5703721046447754,0.4601140022277832,0.6420203685760498,0.6830363512039185,0.7910006165504455,0.1554740011692047,0.6995821237564087
2107.0,0.8728911995887756,0.6829193830490112,0.903180718421936,0.7228323936462402,0.3549100041389465,0.6739080905914306,0.7079538345336914,0.3249945998191833,0.3061125993728638,0.4386806070804596,0.756867,0.82108074426651,0.3347315967082977,0.48663580417633057,0.7911909937858581,0.6641183853149414,0.5641183018684387,0.604478,0.4970543920993805,0.5978662014007569,0.5121328711509705,0.68724339,0.5691996216773987,0.45664554834365845,0.6420606255531311,0.6819481730461121,0.7906592130661011,0.15541500151157378,0.6999282121658326
2108.0,0.8728448033332825,0.6833385825157166,0.9038889408111572,0.7227775931358338,0.3549733281135559,0.6736471295356751,0.7064980626106262,0.32473539710044863,0.3069763958454132,0.438726407289505,0.757008,0.8210772275924683,0.3347663998603821,0.48650720715522766,0.7888989925384522,0.6639325857162476,0.5636931896209717,0.604592,0.4969745934009552,0.5976468086242676,0.5121373653411865,0.688028586,0.568027138710022,0.4531770944595337,0.6421008825302124,0.6808599948883056,0.7903178095817566,0.15535600185394288,0.7002743005752563
2109.0,0.8727984070777893,0.6837577819824219,0.9045971632003784,0.7227227926254273,0.35503665208816526,0.6733861684799194,0.7050422906875611,0.3244761943817139,0.30784019231796267,0.4387722074985504,0.757149,0.8210737109184265,0.3348012030124664,0.48637861013412476,0.7866069912910462,0.6637467861175537,0.5632680773735046,0.604706,0.4968947947025299,0.5974274158477784,0.5121418595314026,0.688813782,0.5668546557426453,0.44970864057540894,0.6421411395072937,0.6797718167304992,0.7899764060974122,0.15529700219631196,0.7006203889846802
2110.0,0.8727520108222961,0.6841769814491272,0.9053053855895996,0.7226679921150208,0.35509997606277466,0.6731252074241638,0.7035865187644958,0.3242169916629791,0.3087039887905121,0.4388180077075958,0.75729,0.8210701942443848,0.3348360061645508,0.48625001311302185,0.7843149900436401,0.6635609865188599,0.5628429651260376,0.60482,0.4968149960041046,0.5972080230712891,0.5121463537216187,0.689598978,0.5656821727752686,0.4462401866912842,0.642181396484375,0.6786836385726929,0.7896350026130676,0.15523800253868103,0.700966477394104
2111.0,0.8730300068855286,0.6844977855682373,0.9060136437416076,0.7224745988845825,0.3552059829235077,0.6728642225265503,0.7021306753158569,0.3241017937660217,0.30971118807792664,0.43876940608024595,0.757349,0.821066677570343,0.33486520648002627,0.4863226115703583,0.7819655895233154,0.6634893894195557,0.5624178290367127,0.605332,0.4966437995433807,0.597547423839569,0.512295663356781,0.6895495776,0.564509642124176,0.44142181873321534,0.6422216534614563,0.6775245904922486,0.7887942075729371,0.15494800209999085,0.7014212250709534
2112.0,0.873308002948761,0.6848185896873474,0.9067219018936157,0.7222812056541443,0.3553119897842407,0.6726032376289368,0.700674831867218,0.3239865958690643,0.3107183873653412,0.43872080445289613,0.757408,0.8210631608963013,0.3348944067955017,0.4863952100276947,0.7796161890029907,0.6634177923202514,0.5619926929473877,0.605844,0.49647260308265684,0.5978868246078491,0.5124449729919434,0.6895001772,0.5633371114730835,0.4366034507751465,0.6422619104385376,0.6763655424118042,0.7879534125328064,0.15465800166130067,0.7018759727478028
2113.0,0.8735859990119934,0.6851393938064575,0.9074301600456238,0.722087812423706,0.35541799664497375,0.6723422527313232,0.6992189884185791,0.32387139797210696,0.31172558665275574,0.43867220282554625,0.757467,0.8210596442222595,0.3349236071109772,0.48646780848503113,0.7772667884826661,0.6633461952209473,0.5615675568580627,0.606356,0.496301406621933,0.5982262253761291,0.5125942826271057,0.6894507768,0.562164580821991,0.4317850828170776,0.6423021674156189,0.6752064943313598,0.7871126174926758,0.15436800122261046,0.702330720424652
2114.0,0.8738639950752258,0.6854601979255677,0.9081384181976319,0.7218944191932678,0.3555240035057068,0.6720812678337097,0.6977631449699402,0.32375620007514955,0.3127327859401703,0.43862360119819643,0.7575259999999999,0.8210561275482178,0.3349528074264526,0.48654040694236755,0.7749173879623413,0.663274598121643,0.5611424207687378,0.6068680000000001,0.4961302101612091,0.5985656261444092,0.5127435922622681,0.6894013764,0.5609920501708985,0.4269667148590088,0.6423424243927002,0.6740474462509155,0.7862718224525451,0.15407800078392028,0.7027854681015014
2115.0,0.8741419911384583,0.6857810020446777,0.9088466763496399,0.7217010259628296,0.3556300103664398,0.6718202829360962,0.6963073015213013,0.32364100217819214,0.31373998522758484,0.43857499957084656,0.757585,0.821052610874176,0.3349820077419281,0.486613005399704,0.7725679874420166,0.6632030010223389,0.5607172846794128,0.60738,0.49595901370048523,0.5989050269126892,0.5128929018974304,0.689351976,0.5598195195198059,0.42214834690093994,0.6423826813697815,0.6728883981704712,0.7854310274124146,0.1537880003452301,0.7032402157783508
2116.0,0.8736305952072143,0.686328399181366,0.9088322758674622,0.7216296195983887,0.35564022660255434,0.6720582365989685,0.6955671787261963,0.3233438014984131,0.3148297905921936,0.4384566009044647,0.7576039999999999,0.8213171005249024,0.33494560718536376,0.4866886019706726,0.7721399903297425,0.6631718039512634,0.5598432421684265,0.607754,0.4959184110164642,0.5991770267486572,0.512921416759491,0.6897507788,0.5576642632484436,0.4168732762336731,0.6425353050231933,0.6714009523391724,0.7846812248229981,0.15337400138378143,0.7035390734672546
2117.0,0.8731191992759705,0.6868757963180542,0.9088178753852845,0.7215582132339478,0.3556504428386688,0.6722961902618408,0.6948270559310913,0.323046600818634,0.31591959595680236,0.4383382022380829,0.7576229999999999,0.8215815901756287,0.3349092066287994,0.4867641985416412,0.7717119932174683,0.6631406068801879,0.5589691996574402,0.608128,0.4958778083324432,0.5994490265846253,0.5129499316215516,0.6901495816,0.5555090069770813,0.41159820556640625,0.6426879286766052,0.6699135065078735,0.7839314222335816,0.15296000242233276,0.7038379311561584
2118.0,0.8726078033447265,0.6874231934547425,0.9088034749031066,0.7214868068695068,0.35566065907478334,0.6725341439247131,0.6940869331359864,0.322749400138855,0.31700940132141114,0.43821980357170104,0.757642,0.8218460798263549,0.33487280607223513,0.4868397951126099,0.771283996105194,0.6631094098091126,0.5580951571464539,0.608502,0.49583720564842226,0.5997210264205932,0.512978446483612,0.6905483844,0.553353750705719,0.4063231348991394,0.6428405523300171,0.6684260606765747,0.783181619644165,0.1525460034608841,0.7041367888450623
2119.0,0.8720964074134827,0.6879705905914306,0.9087890744209289,0.7214154005050659,0.3556708753108978,0.6727720975875855,0.6933468103408813,0.32245219945907594,0.3180992066860199,0.43810140490531924,0.757661,0.8221105694770813,0.3348364055156708,0.4869153916835785,0.7708559989929199,0.6630782127380371,0.5572211146354675,0.608876,0.49579660296440126,0.5999930262565613,0.5130069613456726,0.6909471871999999,0.5511984944343566,0.40104806423187256,0.642993175983429,0.6669386148452758,0.7824318170547485,0.15213200449943542,0.7044356465339661
2120.0,0.8715850114822388,0.6885179877281189,0.9087746739387512,0.721343994140625,0.35568109154701233,0.6730100512504578,0.6926066875457764,0.3221549987792969,0.31918901205062866,0.4379830062389374,0.75768,0.8223750591278076,0.33480000495910645,0.4869909882545471,0.7704280018806458,0.6630470156669617,0.5563470721244812,0.60925,0.49575600028038025,0.6002650260925293,0.5130354762077332,0.69134599,0.5490432381629944,0.3957729935646057,0.6431457996368408,0.665451169013977,0.781682014465332,0.15171800553798676,0.7047345042228699
2121.0,0.8715544104576111,0.6888573884963989,0.9087602734565735,0.7213231921195984,0.35570762157440183,0.673248016834259,0.6918665289878845,0.32201060056686404,0.319565612077713,0.437922602891922,0.7575478,0.8226395726203919,0.3349250018596649,0.4870147883892059,0.770358395576477,0.6630216121673584,0.555472993850708,0.60898,0.4959028005599976,0.6003312230110168,0.5130848288536072,0.6912737968,0.5468878865242004,0.3898811757564545,0.6432984352111817,0.6646191477775574,0.7812574148178101,0.15123340487480164,0.7050374507904053
2122.0,0.8715238094329834,0.689196789264679,0.9087458729743958,0.7213023900985718,0.3557341516017914,0.6734859824180603,0.6911263704299927,0.32186620235443114,0.31994221210479734,0.4378621995449066,0.7574156,0.822904086112976,0.3350499987602234,0.4870385885238647,0.7702887892723084,0.6629962086677551,0.5545989155769349,0.60871,0.49604960083961486,0.6003974199295044,0.5131341814994812,0.6912016035999999,0.5447325348854065,0.38398935794830324,0.6434510707855224,0.6637871265411377,0.7808328151702881,0.15074880421161652,0.7053403973579406
2123.0,0.8714932084083558,0.689536190032959,0.908731472492218,0.7212815880775452,0.3557606816291809,0.6737239480018615,0.6903862118721008,0.3217218041419983,0.32031881213188174,0.4378017961978912,0.7572834,0.8231685996055603,0.33517499566078185,0.4870623886585236,0.7702191829681396,0.6629708051681519,0.5537248373031616,0.60844,0.4961964011192322,0.600463616847992,0.5131835341453552,0.6911294104,0.5425771832466125,0.37809754014015196,0.6436037063598633,0.662955105304718,0.7804082155227661,0.1502642035484314,0.7056433439254761
2124.0,0.871462607383728,0.6898755908012391,0.9087170720100403,0.7212607860565186,0.35578721165657046,0.6739619135856628,0.689646053314209,0.3215774059295654,0.3206954121589661,0.4377413928508759,0.7571512,0.8234331130981445,0.33529999256134035,0.4870861887931824,0.770149576663971,0.6629454016685485,0.5528507590293884,0.60817,0.49634320139884947,0.6005298137664795,0.5132328867912292,0.6910572171999999,0.5404218316078186,0.3722057223320007,0.6437563419342041,0.6621230840682983,0.7799836158752441,0.14977960288524628,0.7059462904930115
2125.0,0.8714320063591003,0.690214991569519,0.9087026715278625,0.7212399840354919,0.35581374168395996,0.6741998791694641,0.6889058947563171,0.32143300771713257,0.3210720121860504,0.4376809895038605,0.757019,0.8236976265907288,0.3354249894618988,0.4871099889278412,0.7700799703598022,0.6629199981689453,0.5519766807556152,0.6079,0.4964900016784668,0.600596010684967,0.5132822394371033,0.690985024,0.5382664799690247,0.3663139045238495,0.6439089775085449,0.6612910628318787,0.7795590162277222,0.14929500222206116,0.7062492370605469
2126.0,0.8714372038841247,0.6905781984329223,0.908742892742157,0.7213081836700439,0.35574943423271177,0.6741639018058777,0.6882757902145386,0.3212526082992554,0.3222686111927032,0.4376015901565552,0.7571954,0.8239970684051514,0.3353423893451691,0.4872549891471863,0.7686699748039245,0.663398802280426,0.549824059009552,0.60778,0.4961360037326813,0.6004600048065185,0.513104522228241,0.691243422,0.537296712398529,0.3625877559185028,0.6436199188232422,0.659965968132019,0.7786304116249084,0.14890700280666352,0.7065869212150574
2127.0,0.8714424014091492,0.6909414052963256,0.9087831139564514,0.721376383304596,0.35568512678146363,0.6741279244422913,0.68764568567276,0.32107220888137816,0.3234652101993561,0.43752219080924987,0.7573718,0.824296510219574,0.33525978922843935,0.4873999893665314,0.7672599792480469,0.6638776063919067,0.5476714372634888,0.60766,0.49578200578689574,0.6003239989280701,0.5129268050193787,0.6915018199999999,0.5363269448280334,0.35886160731315614,0.6433308601379395,0.6586408734321594,0.7777018070220947,0.14851900339126586,0.7069246053695679
2128.0,0.8714475989341736,0.691304612159729,0.9088233351707459,0.7214445829391479,0.35562081933021544,0.6740919470787048,0.6870155811309815,0.320891809463501,0.3246618092060089,0.4374427914619446,0.7575482,0.8245959520339966,0.3351771891117096,0.48754498958587644,0.7658499836921692,0.6643564105033875,0.5455188155174255,0.60754,0.49542800784111024,0.6001879930496216,0.5127490878105163,0.691760218,0.5353571772575378,0.35513545870780944,0.6430418014526367,0.6573157787322998,0.776773202419281,0.14813100397586823,0.7072622895240783
2129.0,0.871452796459198,0.6916678190231323,0.9088635563850402,0.7215127825737,0.3555565118789673,0.6740559697151184,0.6863854765892029,0.32071141004562376,0.32585840821266177,0.43736339211463926,0.7577246000000001,0.8248953938484191,0.33509458899497985,0.48768998980522155,0.7644399881362915,0.6648352146148682,0.5433661937713623,0.60742,0.4950740098953247,0.6000519871711731,0.512571370601654,0.6920186159999999,0.5343874096870422,0.3514093101024628,0.642752742767334,0.6559906840324402,0.7758445978164673,0.14774300456047057,0.7075999736785888
2130.0,0.8714579939842224,0.6920310258865356,0.9089037775993347,0.721580982208252,0.3554922044277191,0.674019992351532,0.6857553720474243,0.3205310106277466,0.3270550072193146,0.437283992767334,0.757901,0.8251948356628418,0.3350119888782501,0.48783499002456665,0.7630299925804138,0.6653140187263489,0.5412135720252991,0.6073,0.4947200119495392,0.5999159812927246,0.5123936533927917,0.692277014,0.5334176421165466,0.3476831614971161,0.6424636840820312,0.6546655893325806,0.7749159932136536,0.14735500514507294,0.7079376578330994
2131.0,0.8710315942764282,0.6925456166267395,0.9089439868927002,0.7214435815811158,0.3553887605667114,0.6739840149879456,0.6851253032684326,0.320181405544281,0.32815720438957213,0.4373389959335327,0.7579354,0.8254942655563354,0.33504239320755,0.4878141939640045,0.7609633922576904,0.6652560114860535,0.5390610575675965,0.60796,0.4946890115737915,0.5999659895896912,0.5125488638877869,0.6927604077999999,0.5324479103088379,0.3454433441162109,0.6421746492385865,0.6537928462028504,0.7742077946662903,0.14721740484237672,0.7082430720329285
2132.0,0.870605194568634,0.6930602073669434,0.9089841961860656,0.7213061809539795,0.35528531670570374,0.6739480376243592,0.6844952344894409,0.31983180046081544,0.3292594015598297,0.4373939990997314,0.7579698,0.8257936954498291,0.33507279753685,0.4877933979034424,0.7588967919349671,0.665198004245758,0.5369085431098938,0.6086199999999999,0.4946580111980438,0.6000159978866577,0.512704074382782,0.6932438016,0.5314781785011291,0.3432035267353058,0.6418856143951416,0.6529201030731201,0.773499596118927,0.14707980453968048,0.7085484862327576
2133.0,0.8701787948608398,0.6935747981071472,0.9090244054794312,0.7211687803268433,0.35518187284469604,0.6739120602607727,0.6838651657104492,0.31948219537734984,0.3303615987300873,0.4374490022659302,0.7580042,0.8260931253433228,0.3351032018661499,0.48777260184288024,0.7568301916122436,0.6651399970054627,0.5347560286521912,0.60928,0.49462701082229615,0.6000660061836243,0.5128592848777771,0.6937271953999999,0.5305084466934205,0.3409637093544006,0.6415965795516968,0.6520473599433899,0.7727913975715637,0.14694220423698426,0.7088539004325867
2134.0,0.8697523951530457,0.694089388847351,0.9090646147727967,0.721031379699707,0.35507842898368835,0.6738760828971863,0.6832350969314576,0.3191325902938843,0.33146379590034486,0.4375040054321289,0.7580386,0.8263925552368164,0.33513360619544985,0.48775180578231814,0.7547635912895203,0.6650819897651672,0.5326035141944885,0.60994,0.49459601044654844,0.6001160144805908,0.5130144953727722,0.6942105892,0.5295387148857117,0.3387238919734955,0.6413075447082519,0.6511746168136596,0.7720831990242004,0.146804603934288,0.7091593146324158
2135.0,0.8693259954452515,0.6946039795875549,0.9091048240661621,0.7208939790725708,0.35497498512268066,0.6738401055335999,0.6826050281524658,0.3187829852104187,0.3325659930706024,0.43755900859832764,0.758073,0.8266919851303101,0.33516401052474976,0.487731009721756,0.7526969909667969,0.6650239825248718,0.5304509997367859,0.6106,0.4945650100708008,0.6001660227775574,0.5131697058677673,0.694693983,0.5285689830780029,0.33648407459259033,0.6410185098648071,0.6503018736839294,0.7713750004768372,0.1466670036315918,0.7094647288322449
2136.0,0.8686828017234802,0.695188581943512,0.908922016620636,0.7207847833633423,0.35478354096412656,0.6738034129142761,0.6828333735466003,0.3185529887676239,0.33353119492530825,0.43760040402412415,0.7581142,0.8264486193656921,0.3351300060749054,0.48785820603370667,0.7489735960960389,0.6648957848548889,0.5278165817260743,0.6113660000000001,0.494635009765625,0.6001392126083374,0.5132630705833435,0.6953379872,0.5306097865104675,0.33419466614723203,0.6413024425506592,0.6492627501487732,0.7705530047416687,0.14697940349578859,0.7097230076789856
2137.0,0.868039608001709,0.695773184299469,0.9087392091751099,0.7206755876541138,0.3545920968055725,0.6737667202949524,0.6830617189407349,0.3183229923248291,0.334496396780014,0.43764179944992065,0.7581554,0.8262052536010742,0.33509600162506104,0.48798540234565735,0.7452502012252807,0.664767587184906,0.5251821637153625,0.612132,0.4947050094604492,0.6001124024391175,0.5133564352989197,0.6959819913999999,0.5326505899429321,0.3319052577018738,0.6415863752365112,0.648223626613617,0.7697310090065003,0.14729180335998535,0.7099812865257263
2138.0,0.8673964142799377,0.696357786655426,0.9085564017295837,0.7205663919448853,0.3544006526470184,0.6737300276756286,0.6832900643348694,0.3180929958820343,0.33546159863471986,0.43768319487571716,0.7581966,0.8259618878364563,0.3350619971752167,0.48811259865760803,0.7415268063545227,0.6646393895149231,0.5225477457046509,0.612898,0.49477500915527345,0.6000855922698974,0.5134498000144958,0.6966259956,0.5346913933753967,0.3296158492565155,0.6418703079223633,0.6471845030784606,0.7689090132713318,0.14760420322418213,0.710239565372467
2139.0,0.8667532205581665,0.6969423890113831,0.9083735942840576,0.7204571962356567,0.3542092084884644,0.6736933350563049,0.6835184097290039,0.3178629994392395,0.33642680048942564,0.43772459030151367,0.7582378000000001,0.8257185220718384,0.3350279927253723,0.4882397949695587,0.7378034114837646,0.6645111918449402,0.5199133276939392,0.613664,0.49484500885009763,0.6000587821006775,0.513543164730072,0.6972699998,0.5367321968078613,0.32732644081115725,0.6421542406082154,0.6461453795433044,0.7680870175361634,0.1479166030883789,0.7104978442192078
2140.0,0.8661100268363953,0.6975269913673401,0.9081907868385315,0.7203480005264282,0.3540177643299103,0.6736566424369812,0.6837467551231384,0.3176330029964447,0.33739200234413147,0.4377659857273102,0.758279,0.8254751563072205,0.33499398827552795,0.4883669912815094,0.7340800166130066,0.6643829941749573,0.5172789096832275,0.61443,0.4949150085449219,0.6000319719314575,0.5136365294456482,0.697914004,0.5387730002403259,0.32503703236579895,0.6424381732940674,0.6451062560081482,0.7672650218009949,0.14822900295257568,0.7107561230659485
2141.0,0.8657552242279053,0.6980733871459961,0.9080079913139343,0.7201604008674621,0.353739994764328,0.6736199498176575,0.683975100517273,0.31743280291557313,0.33840000033378603,0.4377073884010315,0.7582136,0.8252318024635314,0.3350787878036499,0.48840499520301817,0.7289032101631164,0.6645691990852356,0.5146446108818055,0.615216,0.4952802062034607,0.5999413728713989,0.5137539505958557,0.6980634090000001,0.5408136963844299,0.32315555214881897,0.6427220940589905,0.6443434238433838,0.7666758179664612,0.14935460090637206,0.7109471917152405
2142.0,0.8654004216194153,0.6986197829246521,0.9078251957893372,0.719972801208496,0.3534622251987457,0.6735832571983338,0.6842034459114075,0.31723260283470156,0.33940799832344054,0.4376487910747528,0.7581482,0.8249884486198426,0.3351635873317719,0.488442999124527,0.7237264037132263,0.6647554039955139,0.5120103120803833,0.616002,0.4956454038619995,0.5998507738113403,0.5138713717460632,0.698212814,0.542854392528534,0.321274071931839,0.6430060148239136,0.6435805916786194,0.7660866141319275,0.15048019886016845,0.7111382603645324
2143.0,0.8650456190109252,0.6991661787033081,0.90764240026474,0.7197852015495301,0.3531844556331635,0.67354656457901,0.684431791305542,0.31703240275382993,0.3404159963130951,0.43759019374847413,0.7580828,0.8247450947761535,0.3352483868598938,0.48848100304603576,0.7185495972633362,0.6649416089057922,0.5093760132789612,0.616788,0.49601060152053833,0.5997601747512817,0.5139887928962708,0.6983622190000001,0.5448950886726379,0.319392591714859,0.6432899355888366,0.642817759513855,0.7654974102973938,0.15160579681396485,0.7113293290138245
2144.0,0.8646908164024353,0.6997125744819641,0.9074596047401429,0.719597601890564,0.3529066860675812,0.6735098719596863,0.6846601366996765,0.31683220267295836,0.3414239943027496,0.4375315964221954,0.7580174,0.8245017409324646,0.33533318638801574,0.4885190069675446,0.7133727908134461,0.6651278138160706,0.506741714477539,0.6175740000000001,0.49637579917907715,0.5996695756912231,0.5141062140464783,0.698511624,0.546935784816742,0.31751111149787903,0.6435738563537597,0.6420549273490905,0.7649082064628601,0.15273139476776124,0.7115203976631165
2145.0,0.8643360137939453,0.7002589702606201,0.9072768092155457,0.7194100022315979,0.3526289165019989,0.6734731793403625,0.684888482093811,0.3166320025920868,0.3424319922924042,0.43747299909591675,0.757952,0.8242583870887756,0.3354179859161377,0.48855701088905334,0.7081959843635559,0.6653140187263489,0.5041074156761169,0.61836,0.49674099683761597,0.5995789766311646,0.5142236351966858,0.698661029,0.548976480960846,0.31562963128089905,0.6438577771186829,0.6412920951843262,0.7643190026283264,0.15385699272155762,0.7117114663124084
2146.0,0.8642098069190979,0.7009381771087646,0.9072924733161927,0.7191596031188965,0.3522322416305542,0.6725082278251648,0.6850025415420532,0.31640400290489196,0.3436091959476471,0.4374077975749969,0.7578408,0.8241259217262268,0.3354135870933533,0.48856220841407777,0.7011745929718017,0.6653118133544922,0.5026895523071289,0.61904,0.49739320278167726,0.5992663860321045,0.5143720030784606,0.6986584184,0.5503961086273194,0.31338714361190795,0.6432286500930786,0.6401996612548828,0.7634883999824524,0.15593679547309874,0.7120240330696106
2147.0,0.8640836000442504,0.7016173839569092,0.9073081374168396,0.7189092040061951,0.3518355667591095,0.671543276309967,0.6851166009902954,0.3161760032176971,0.34478639960289004,0.43734259605407716,0.7577296,0.8239934563636779,0.33540918827056887,0.4885674059391022,0.6941532015800476,0.6653096079826355,0.5012716889381409,0.61972,0.49804540872573855,0.5989537954330444,0.5145203709602356,0.6986558078,0.5518157362937928,0.31114465594291685,0.6425995230674744,0.6391072273254395,0.7626577973365783,0.1580165982246399,0.7123365998268127
2148.0,0.8639573931694031,0.7022965908050537,0.9073238015174866,0.7186588048934937,0.3514388918876648,0.6705783247947693,0.6852306604385376,0.31594800353050234,0.3459636032581329,0.43727739453315734,0.7576183999999999,0.8238609910011292,0.3354047894477844,0.48857260346412656,0.6871318101882935,0.6653074026107788,0.4998538255691528,0.6204,0.4986976146697998,0.5986412048339844,0.5146687388420105,0.6986531972,0.5532353639602661,0.3089021682739258,0.6419703960418701,0.6380147933959961,0.7618271946907044,0.16009640097618102,0.7126491665840149
2149.0,0.8638311862945557,0.7029757976531983,0.9073394656181335,0.7184084057807922,0.35104221701622007,0.6696133732795715,0.6853447198867798,0.3157200038433075,0.34714080691337584,0.43721219301223757,0.7575071999999999,0.8237285256385803,0.335400390625,0.488577800989151,0.6801104187965393,0.6653051972389221,0.4984359622001648,0.62108,0.4993498206138611,0.5983286142349243,0.5148171067237854,0.6986505866,0.5546549916267395,0.3066596806049347,0.6413412690162659,0.6369223594665527,0.7609965920448303,0.16217620372772218,0.712961733341217
2150.0,0.8637049794197083,0.7036550045013428,0.9073551297187805,0.7181580066680908,0.3506455421447754,0.6686484217643738,0.685458779335022,0.31549200415611267,0.3483180105686188,0.43714699149131775,0.757396,0.8235960602760315,0.3353959918022156,0.4885829985141754,0.6730890274047852,0.6653029918670654,0.49701809883117676,0.62176,0.5000020265579224,0.5980160236358643,0.5149654746055603,0.698647976,0.5560746192932129,0.3044171929359436,0.6407121419906616,0.6358299255371094,0.7601659893989563,0.1642560064792633,0.7132743000984192
2151.0,0.8635251879692077,0.7042922019958496,0.9073707818984985,0.718018400669098,0.3501597702503204,0.6676835179328918,0.6855728387832641,0.3153148055076599,0.3494502067565918,0.4372051954269409,0.7575535999999999,0.8234636068344117,0.33539179563522337,0.48860999941825867,0.6651932239532471,0.6647917985916137,0.49560030102729796,0.62234,0.5003306269645691,0.5975472211837769,0.5149823904037476,0.6990139841999999,0.5574941754341125,0.2999259114265442,0.6400830507278442,0.6346651434898376,0.7596337914466857,0.16709440648555757,0.713504946231842
2152.0,0.8633453965187072,0.7049293994903565,0.9073864340782165,0.717878794670105,0.3496739983558655,0.6667186141014099,0.6856868982315063,0.31513760685920716,0.35058240294456483,0.4372633993625641,0.7577111999999999,0.8233311533927917,0.3353875994682312,0.4886370003223419,0.657297420501709,0.6642806053161621,0.49418250322341917,0.62292,0.5006592273712158,0.5970784187316894,0.5149993062019348,0.6993799923999999,0.5589137315750122,0.29543462991714475,0.6394539594650268,0.6335003614425659,0.7591015934944153,0.1699328064918518,0.7137355923652648
2153.0,0.8631656050682068,0.7055665969848632,0.9074020862579346,0.7177391886711121,0.3491882264614105,0.665753710269928,0.6858009576797486,0.3149604082107544,0.35171459913253783,0.43732160329818726,0.7578688,0.8231986999511719,0.335383403301239,0.48866400122642517,0.6494016170501709,0.6637694120407105,0.4927647054195404,0.6234999999999999,0.5009878277778625,0.5966096162796021,0.5150162220001221,0.6997460006,0.5603332877159118,0.2909433484077454,0.6388248682022095,0.6323355793952942,0.7585693955421448,0.17277120649814606,0.7139662384986878
2154.0,0.8629858136177063,0.7062037944793701,0.9074177384376526,0.7175995826721191,0.3487024545669556,0.6647888064384461,0.6859150171279907,0.31478320956230166,0.3528467953205109,0.4373798072338104,0.7580264,0.823066246509552,0.33537920713424685,0.4886910021305084,0.6415058135986328,0.6632582187652588,0.49134690761566163,0.62408,0.5013164281845093,0.5961408138275146,0.5150331377983093,0.7001120088,0.5617528438568116,0.28645206689834596,0.6381957769393921,0.6311707973480225,0.7580371975898743,0.1756096065044403,0.7141968846321106
2155.0,0.8628060221672058,0.706840991973877,0.9074333906173706,0.7174599766731262,0.3482166826725006,0.6638239026069641,0.6860290765762329,0.3146060109138489,0.3539789915084839,0.4374380111694336,0.758184,0.8229337930679321,0.33537501096725464,0.4887180030345917,0.6336100101470947,0.6627470254898071,0.48992910981178284,0.62466,0.501645028591156,0.5956720113754272,0.5150500535964966,0.700478017,0.5631723999977112,0.28196078538894653,0.6375666856765747,0.6300060153007507,0.7575049996376038,0.17844800651073456,0.7144275307655334
2156.0,0.8627624154090882,0.7071359992027283,0.9073436856269836,0.717242980003357,0.3475286602973938,0.6631993293762207,0.686387813091278,0.3142988085746765,0.3549251914024353,0.4372552096843719,0.7581562,0.823052728176117,0.3354058086872101,0.48859440088272094,0.6285778045654297,0.6626562237739563,0.4880287706851959,0.625006,0.5019914269447326,0.595304012298584,0.5148680329322814,0.7002688166,0.5622386574745178,0.28027442693710325,0.6369534730911255,0.6286433935165405,0.7565768003463745,0.18197860419750214,0.7146265625953674
2157.0,0.8627188086509705,0.7074310064315796,0.9072539806365967,0.7170259833335877,0.346840637922287,0.6625747561454773,0.6867465496063232,0.31399160623550415,0.35587139129638673,0.4370724081993103,0.7581283999999999,0.8231716632843018,0.33543660640716555,0.4884707987308502,0.6235455989837646,0.6625654220581054,0.486128431558609,0.625352,0.5023378252983093,0.5949360132217407,0.5146860122680664,0.7000596162,0.5613049149513245,0.27858806848526,0.6363402605056763,0.6272807717323303,0.7556486010551453,0.18550920188426973,0.7148255944252014
2158.0,0.8626752018928527,0.7077260136604309,0.9071642756462097,0.7168089866638183,0.3461526155471802,0.6619501829147338,0.6871052861213685,0.3136844038963318,0.3568175911903381,0.43688960671424865,0.7581006,0.8232905983924865,0.33546740412712095,0.4883471965789795,0.6185133934020997,0.6624746203422547,0.4842280924320221,0.625698,0.502684223651886,0.5945680141448975,0.5145039916038513,0.6998504158,0.5603711724281311,0.27690171003341674,0.635727047920227,0.6259181499481201,0.754720401763916,0.18903979957103728,0.7150246262550354
2159.0,0.8626315951347351,0.7080210208892822,0.9070745706558228,0.716591989994049,0.34546459317207334,0.6613256096839905,0.6874640226364136,0.3133772015571594,0.3577637910842896,0.43670680522918703,0.7580728,0.8234095335006714,0.3354982018470764,0.4882235944271088,0.6134811878204346,0.6623838186264038,0.4823277533054352,0.626044,0.5030306220054627,0.5942000150680542,0.5143219709396363,0.6996412154,0.5594374299049377,0.2752153515815735,0.6351138353347778,0.6245555281639099,0.7537922024726867,0.19257039725780487,0.7152236580848694
2160.0,0.8625879883766174,0.7083160281181335,0.9069848656654358,0.7163749933242798,0.34477657079696655,0.6607010364532471,0.6878227591514587,0.31306999921798706,0.35870999097824097,0.43652400374412537,0.758045,0.8235284686088562,0.33552899956703186,0.48809999227523804,0.6084489822387695,0.662293016910553,0.48042741417884827,0.62639,0.5033770203590393,0.5938320159912109,0.5141399502754211,0.699432015,0.5585036873817444,0.2735289931297302,0.6345006227493286,0.6231929063796997,0.7528640031814575,0.19610099494457245,0.7154226899147034
2161.0,0.8630667924880981,0.7085006237030029,0.9068951725959777,0.7161601901054382,0.34397772550582884,0.6600764870643616,0.688181483745575,0.31280519962310793,0.3596805930137634,0.4365242004394531,0.7578556,0.823647391796112,0.33552460074424745,0.48800639510154725,0.6057801842689514,0.6619854092597961,0.478527170419693,0.626528,0.5032304167747498,0.592673408985138,0.5140200972557067,0.699410617,0.5575699925422668,0.2738471508026123,0.6338874340057373,0.6219933271408081,0.752758800983429,0.19967519640922546,0.7156499147415161
2162.0,0.8635455965995789,0.7086852192878723,0.9068054795265198,0.7159453868865967,0.3431788802146912,0.659451937675476,0.6885402083396912,0.31254040002822875,0.3606511950492859,0.43652439713478086,0.7576662,0.8237663149833679,0.33552020192146303,0.48791279792785647,0.6031113862991333,0.6616778016090393,0.47662692666053774,0.626666,0.5030838131904602,0.5915148019790649,0.5139002442359925,0.699389219,0.5566362977027893,0.27416530847549436,0.633274245262146,0.6207937479019165,0.7526535987854004,0.20324939787387847,0.7158771395683289
2163.0,0.8640244007110596,0.7088698148727417,0.9067157864570617,0.7157305836677551,0.34238003492355346,0.6588273882865906,0.6888989329338073,0.3122756004333496,0.36162179708480835,0.43652459383010866,0.7574768000000001,0.8238852381706238,0.33551580309867857,0.4878192007541656,0.6004425883293152,0.6613701939582824,0.4747266829013824,0.626804,0.5029372096061706,0.590356194972992,0.513780391216278,0.6993678210000001,0.5557026028633117,0.2744834661483765,0.6326610565185546,0.6195941686630249,0.7525483965873718,0.2068235993385315,0.7161043643951416
2164.0,0.8645032048225403,0.7090544104576111,0.9066260933876038,0.7155157804489136,0.3415811896324158,0.658202838897705,0.6892576575279236,0.31201080083847044,0.3625923991203308,0.4365247905254364,0.7572874,0.8240041613578797,0.33551140427589415,0.48772560358047484,0.5977737903594971,0.6610625863075257,0.47282643914222716,0.626942,0.5027906060218811,0.5891975879669189,0.5136605381965638,0.699346423,0.5547689080238343,0.27480162382125856,0.6320478677749634,0.6183945894241333,0.7524431943893433,0.21039780080318451,0.7163315892219544
2165.0,0.864982008934021,0.7092390060424805,0.9065364003181458,0.715300977230072,0.3407823443412781,0.6575782895088196,0.6896163821220398,0.3117460012435913,0.36356300115585327,0.43652498722076416,0.757098,0.8241230845451355,0.33550700545310974,0.48763200640678406,0.595104992389679,0.6607549786567688,0.4709261953830719,0.62708,0.5026440024375916,0.588038980960846,0.5135406851768494,0.699325025,0.5538352131843567,0.2751197814941406,0.6314346790313721,0.6171950101852417,0.7523379921913147,0.21397200226783752,0.7165588140487671
2166.0,0.8648698091506958,0.7093860030174255,0.9065466284751892,0.714972984790802,0.33978564143180845,0.6561184048652648,0.6905724763870239,0.31157299876213074,0.36458860039711,0.43654438853263855,0.7568728,0.8238991260528564,0.3355294048786163,0.48754820227622986,0.5948759913444519,0.6600209832191467,0.46764349937438965,0.627244,0.5026453971862793,0.5868651866912842,0.5133660197257995,0.6990994214,0.5522294163703918,0.27412782311439515,0.6309389114379883,0.6160315752029419,0.7515879988670349,0.21744640171527863,0.7167874574661255
2167.0,0.8647576093673706,0.7095329999923706,0.9065568566322326,0.714644992351532,0.3387889385223389,0.6546585202217102,0.691528570652008,0.31139999628067017,0.3656141996383667,0.43656378984451294,0.7566476,0.8236751675605773,0.3355518043041229,0.48746439814567566,0.5946469902992249,0.6592869877815246,0.4643608033657074,0.627408,0.5026467919349671,0.5856913924217224,0.5131913542747497,0.6988738178,0.550623619556427,0.2731358647346497,0.6304431438446045,0.6148681402206421,0.7508380055427551,0.22092080116271973,0.7170161008834839
2168.0,0.8646454095840455,0.7096799969673157,0.9065670847892762,0.7143169999122619,0.33779223561286925,0.6531986355781555,0.6924846649169922,0.3112269937992096,0.3666397988796234,0.43658319115638733,0.7564224,0.8234512090682984,0.33557420372962954,0.48738059401512146,0.5944179892539978,0.6585529923439026,0.46107810735702515,0.627572,0.5026481866836547,0.5845175981521606,0.5130166888237,0.6986482142,0.5490178227424621,0.27214390635490415,0.6299473762512207,0.6137047052383423,0.7500880122184753,0.22439520061016083,0.7172447443008423
2169.0,0.8645332098007202,0.7098269939422608,0.9065773129463196,0.713989007472992,0.3367955327033997,0.6517387509346009,0.6934407591819763,0.311053991317749,0.3676653981208801,0.4366025924682617,0.7561972,0.8232272505760193,0.3355966031551361,0.48729678988456726,0.5941889882087708,0.6578189969062805,0.4577954113483429,0.627736,0.5026495814323425,0.5833438038825989,0.5128420233726502,0.6984226106,0.5474120259284974,0.2711519479751587,0.6294516086578369,0.6125412702560424,0.7493380188941956,0.22786960005760193,0.7174733877182007
2170.0,0.864421010017395,0.7099739909172058,0.906587541103363,0.7136610150337219,0.33579882979393005,0.6502788662910461,0.6943968534469604,0.31088098883628845,0.36869099736213684,0.4366219937801361,0.755972,0.8230032920837402,0.3356190025806427,0.48721298575401306,0.5939599871635437,0.6570850014686584,0.45451271533966064,0.6279,0.5026509761810303,0.5821700096130371,0.5126673579216003,0.698197007,0.5458062291145325,0.2701599895954132,0.6289558410644531,0.6113778352737427,0.7485880255699158,0.23134399950504303,0.7177020311355591
2171.0,0.8648888111114502,0.7099897980690002,0.9065977692604065,0.7132498145103454,0.33457929491996763,0.6488190531730652,0.6953529000282288,0.31059839129447936,0.3694570004940033,0.4365261971950531,0.7559568,0.8227793335914612,0.3356220006942749,0.4872067868709564,0.593711793422699,0.6563639998435974,0.4512301743030548,0.627962,0.5030245780944824,0.5802122116088867,0.5123973608016967,0.6981236098,0.5442005038261414,0.2721105873584747,0.6284600973129273,0.6104103207588196,0.7479424238204956,0.23428280055522918,0.7179485917091369
2172.0,0.8653566122055054,0.7100056052207947,0.9066079974174499,0.712838613986969,0.33335976004600526,0.6473592400550843,0.696308946609497,0.31031579375267027,0.37022300362586974,0.43643040060997007,0.7559416,0.8225553750991821,0.3356249988079071,0.4872005879878998,0.5934635996818542,0.6556429982185363,0.447947633266449,0.628024,0.5033981800079346,0.5782544136047363,0.5121273636817932,0.6980502126,0.5425947785377503,0.27406118512153627,0.6279643535614013,0.6094428062438965,0.7472968220710754,0.23722160160541533,0.7181951522827148
2173.0,0.8658244132995605,0.7100214123725891,0.9066182255744935,0.7124274134635925,0.33214022517204284,0.6458994269371032,0.6972649931907654,0.31003319621086123,0.3709890067577362,0.4363346040248871,0.7559264,0.8223314166069031,0.33562799692153933,0.48719438910484314,0.5932154059410095,0.6549219965934754,0.44466509222984313,0.628086,0.5037717819213867,0.576296615600586,0.5118573665618896,0.6979768154,0.5409890532493591,0.27601178288459777,0.6274686098098755,0.6084752917289734,0.7466512203216553,0.2401604026556015,0.7184417128562928
2174.0,0.8662922143936157,0.7100372195243836,0.9066284537315369,0.7120162129402161,0.33092069029808047,0.6444396138191223,0.6982210397720336,0.30975059866905214,0.37175500988960264,0.4362388074398041,0.7559112,0.822107458114624,0.3356309950351715,0.4871881902217865,0.5929672122001648,0.6542009949684143,0.4413825511932373,0.628148,0.5041453838348389,0.5743388175964356,0.5115873694419861,0.6979034182,0.539383327960968,0.2779623806476593,0.6269728660583496,0.6075077772140502,0.7460056185722351,0.24309920370578766,0.7186882734298706
2175.0,0.8667600154876709,0.710053026676178,0.9066386818885803,0.7116050124168396,0.32970115542411804,0.6429798007011414,0.699177086353302,0.30946800112724304,0.3725210130214691,0.43614301085472107,0.755896,0.821883499622345,0.3356339931488037,0.48718199133872986,0.5927190184593201,0.6534799933433533,0.43810001015663147,0.62821,0.504518985748291,0.5723810195922852,0.5113173723220825,0.697830021,0.5377776026725769,0.2799129784107208,0.6264771223068237,0.6065402626991272,0.7453600168228149,0.24603800475597382,0.7189348340034485
2176.0,0.8667374134063721,0.7100744247436523,0.9065794825553894,0.7112884044647216,0.32821049690246584,0.6422034859657287,0.6988300204277038,0.309264600276947,0.37340341210365297,0.43626040816307066,0.7558852,0.8213049292564392,0.3356805920600891,0.4870491921901703,0.5927106142044067,0.652664589881897,0.4348664522171021,0.628236,0.5040939927101136,0.5705692172050476,0.5109170198440551,0.6983974216000001,0.5400742888450623,0.2782508969306946,0.6257295846939087,0.6058849453926086,0.7446750164031982,0.24864540100097657,0.7191725969314575
2177.0,0.8667148113250732,0.7100958228111267,0.9065202832221985,0.7109717965126038,0.3267198383808136,0.6414271712303161,0.6984829545021057,0.309061199426651,0.3742858111858368,0.4363778054714203,0.7558744000000001,0.8207263588905335,0.3357271909713745,0.4869163930416107,0.5927022099494934,0.6518491864204407,0.4316328942775726,0.628262,0.503668999671936,0.5687574148178101,0.5105166673660279,0.6989648222,0.5423709750175476,0.2765888154506683,0.6249820470809937,0.60522962808609,0.7439900159835815,0.2512527972459793,0.7194103598594666
2178.0,0.8666922092437744,0.7101172208786011,0.9064610838890076,0.7106551885604858,0.3252291798591614,0.6406508564949036,0.6981358885765075,0.308857798576355,0.3751682102680206,0.4364952027797699,0.7558636,0.8201477885246277,0.33577378988265993,0.48678359389305115,0.5926938056945801,0.6510337829589844,0.4283993363380432,0.6282880000000001,0.5032440066337586,0.5669456124305725,0.5101163148880005,0.6995322228,0.544667661190033,0.2749267339706421,0.6242345094680786,0.6045743107795716,0.7433050155639649,0.25386019349098204,0.7196481227874756
2179.0,0.8666696071624755,0.7101386189460754,0.9064018845558166,0.710338580608368,0.32373852133750913,0.639874541759491,0.6977888226509095,0.30865439772605896,0.37605060935020446,0.43661260008811953,0.7558528,0.819569218158722,0.3358203887939453,0.4866507947444916,0.5926854014396667,0.650218379497528,0.42516577839851377,0.628314,0.502819013595581,0.565133810043335,0.5097159624099732,0.7000996234,0.5469643473625183,0.2732646524906158,0.6234869718551636,0.603918993473053,0.7426200151443482,0.2564675897359848,0.7198858857154846
2180.0,0.8666470050811768,0.7101600170135498,0.9063426852226257,0.71002197265625,0.32224786281585693,0.6390982270240784,0.6974417567253113,0.30845099687576294,0.3769330084323883,0.4367299973964691,0.755842,0.8189906477928162,0.3358669877052307,0.486517995595932,0.5926769971847534,0.6494029760360718,0.4219322204589844,0.62834,0.5023940205574036,0.5633220076560974,0.5093156099319458,0.700667024,0.5492610335350037,0.2716025710105896,0.6227394342422485,0.6032636761665344,0.7419350147247314,0.25907498598098755,0.7201236486434937
2181.0,0.8666498064994812,0.7100698113441467,0.9062834858894349,0.7097361803054809,0.3208289921283722,0.6383219599723816,0.6970947027206421,0.30812439918518064,0.37817280888557436,0.4368047952651978,0.7560384,0.8184121131896973,0.3358743906021118,0.48622379899024964,0.5924163937568665,0.6477711796760559,0.41869881749153137,0.62812,0.5024470210075378,0.5613304018974304,0.5090061068534851,0.7009752158,0.5515576124191284,0.27276493310928346,0.6219919323921204,0.6030326247215271,0.7409468173980713,0.26097518801689146,0.720348572731018
2182.0,0.8666526079177856,0.7099796056747436,0.9062242865562439,0.7094503879547119,0.31941012144088743,0.6375456929206849,0.696747648715973,0.3077978014945984,0.37941260933876036,0.4368795931339264,0.7562348,0.8178335785865783,0.33588179349899294,0.4859296023845673,0.5921557903289795,0.64613938331604,0.41546541452407837,0.6279,0.5025000214576721,0.5593387961387635,0.5086966037750245,0.7012834076,0.5538541913032532,0.2739272952079773,0.6212444305419922,0.6028015732765197,0.7399586200714111,0.2628753900527954,0.7205734968185424
2183.0,0.8666554093360901,0.7098894000053406,0.906165087223053,0.7091645956039428,0.31799125075340273,0.636769425868988,0.6964005947113037,0.3074712038040161,0.3806524097919464,0.43695439100265504,0.7564312000000001,0.8172550439834595,0.335889196395874,0.48563540577888487,0.5918951869010926,0.6445075869560242,0.41223201155662537,0.62768,0.5025530219078064,0.5573471903800964,0.5083871006965637,0.7015915994,0.5561507701873779,0.2750896573066711,0.620496928691864,0.6025705218315125,0.738970422744751,0.26477559208869933,0.7207984209060669
2184.0,0.8666582107543945,0.7097991943359375,0.906105887889862,0.7088788032531739,0.316572380065918,0.6359931588172912,0.6960535407066345,0.30714460611343386,0.3818922102451324,0.43702918887138364,0.7566276000000001,0.8166765093803405,0.3358965992927551,0.4853412091732025,0.5916345834732055,0.6428757905960083,0.40899860858917236,0.62746,0.5026060223579407,0.5553555846214294,0.508077597618103,0.7018997912,0.5584473490715027,0.276252019405365,0.6197494268417358,0.6023394703865051,0.7379822254180908,0.2666757941246033,0.7210233449935913
2185.0,0.866661012172699,0.7097089886665344,0.9060466885566711,0.7085930109024048,0.3151535093784332,0.6352168917655945,0.6957064867019653,0.30681800842285156,0.3831320106983185,0.4371039867401123,0.756824,0.8160979747772217,0.33590400218963623,0.48504701256752014,0.5913739800453186,0.6412439942359924,0.40576520562171936,0.62724,0.502659022808075,0.5533639788627625,0.5077680945396423,0.702207983,0.5607439279556274,0.27741438150405884,0.6190019249916077,0.6021084189414978,0.7369940280914307,0.2685759961605072,0.7212482690811157
2186.0,0.8664952039718627,0.7094247937202454,0.9060614466667175,0.7082426071166992,0.31389991044998167,0.6342386603355408,0.6957679152488708,0.3066110074520111,0.38416720628738404,0.4370633900165558,0.7568654,0.8159142136573792,0.3360509991645813,0.4851026117801666,0.5904639840126038,0.6399971961975097,0.4006129324436188,0.626968,0.5026316165924072,0.5508533835411071,0.5074691772460938,0.7021163824,0.5612048387527466,0.2828640937805176,0.6183168530464173,0.6017933487892151,0.7359556198120117,0.27010599970817567,0.7214596271514893
2187.0,0.8663293957710266,0.7091405987739563,0.9060762047767639,0.7078922033309937,0.31264631152153016,0.6332604289054871,0.6958293437957763,0.30640400648117067,0.3852024018764496,0.43702279329299926,0.7569068,0.8157304525375366,0.3361979961395264,0.4851582109928131,0.5895539879798889,0.6387503981590271,0.3954606592655182,0.626696,0.5026042103767395,0.5483427882194519,0.5071702599525452,0.7020247817999999,0.5616657495498657,0.2883138060569763,0.6176317811012269,0.6014782786369324,0.7349172115325928,0.27163600325584414,0.7216709852218628
2188.0,0.8661635875701904,0.7088564038276672,0.9060909628868103,0.7075417995452881,0.3113927125930786,0.6322821974754333,0.6958907723426819,0.3061970055103302,0.3862375974655151,0.43698219656944276,0.7569482000000001,0.8155466914176941,0.3363449931144714,0.4852138102054596,0.5886439919471741,0.6375036001205444,0.3903083860874176,0.626424,0.5025768041610718,0.5458321928977966,0.5068713426589966,0.7019331812,0.5621266603469849,0.29376351833343506,0.6169467091560363,0.6011632084846497,0.7338788032531738,0.27316600680351255,0.7218823432922363
2189.0,0.8659977793693543,0.7085722088813782,0.9061057209968567,0.7071913957595826,0.3101391136646271,0.6313039660453796,0.6959522008895874,0.30599000453948977,0.3872727930545807,0.4369415998458862,0.7569896,0.8153629302978516,0.3364919900894165,0.4852694094181061,0.5877339959144592,0.6362568020820618,0.385156112909317,0.626152,0.5025493979454041,0.5433215975761414,0.506572425365448,0.7018415806,0.562587571144104,0.2992132306098938,0.6162616372108459,0.6008481383323669,0.7328403949737549,0.274696010351181,0.7220937013626099
2190.0,0.8658319711685181,0.7082880139350891,0.9061204791069031,0.706840991973877,0.30888551473617554,0.6303257346153259,0.6960136294364929,0.3057830035686493,0.38830798864364624,0.4369010031223297,0.757031,0.815179169178009,0.3366389870643616,0.48532500863075256,0.5868239998817444,0.6350100040435791,0.38000383973121643,0.62588,0.5025219917297363,0.5408110022544861,0.5062735080718994,0.70174998,0.5630484819412231,0.30466294288635254,0.6155765652656555,0.6005330681800842,0.7318019866943359,0.2762260138988495,0.7223050594329834
2191.0,0.8661011815071106,0.7078848123550415,0.9061352252960205,0.7064191937446594,0.3076911151409149,0.6293475508689881,0.6960750460624695,0.30562480092048644,0.3892875909805298,0.4368852019309998,0.7570052,0.8149954199790954,0.33667718768119814,0.4850366055965424,0.5848036050796509,0.6332840085029602,0.3748518109321594,0.625602,0.5023115992546081,0.5380939960479736,0.5060595989227294,0.701687586,0.5635093808174133,0.30940629839897155,0.614891517162323,0.5999188303947449,0.7305047869682312,0.2774416089057922,0.7224771022796631
2192.0,0.8663703918457031,0.7074816107749939,0.906149971485138,0.7059973955154419,0.3064967155456543,0.6283693671226501,0.6961364626884461,0.3054665982723236,0.39026719331741333,0.4368694007396698,0.7569794,0.8148116707801819,0.33671538829803466,0.48474820256233214,0.5827832102775574,0.6315580129623413,0.3696997821331024,0.625324,0.50210120677948,0.5353769898414612,0.5058456897735596,0.701625192,0.5639702796936035,0.31414965391159055,0.6142064690589905,0.5993045926094055,0.7292075872421264,0.27865720391273496,0.7226491451263428
2193.0,0.8666396021842957,0.7070784091949462,0.9061647176742553,0.7055755972862243,0.3053023159503937,0.6273911833763123,0.6961978793144226,0.3053083956241608,0.3912467956542969,0.43685359954833985,0.7569536,0.8146279215812683,0.3367535889148712,0.48445979952812196,0.5807628154754638,0.6298320174217225,0.36454775333404543,0.625046,0.5018908143043518,0.5326599836349487,0.5056317806243896,0.701562798,0.5644311785697937,0.3188930094242096,0.613521420955658,0.5986903548240662,0.7279103875160218,0.27987279891967776,0.7228211879730224
2194.0,0.8669088125228882,0.7066752076148987,0.9061794638633728,0.7051537990570068,0.30410791635513307,0.6264129996299743,0.6962592959403991,0.30515019297599794,0.3922263979911804,0.43683779835700987,0.7569277999999999,0.8144441723823548,0.33679178953170774,0.4841713964939117,0.5787424206733703,0.6281060218811035,0.3593957245349884,0.624768,0.5016804218292237,0.5299429774284363,0.5054178714752198,0.7015004039999999,0.5648920774459839,0.3236363649368286,0.6128363728523254,0.5980761170387268,0.726613187789917,0.2810883939266205,0.7229932308197021
2195.0,0.8671780228614807,0.7062720060348511,0.9061942100524902,0.7047320008277893,0.30291351675987244,0.6254348158836365,0.6963207125663757,0.3049919903278351,0.39320600032806396,0.43682199716567993,0.756902,0.8142604231834412,0.3368299901485443,0.48388299345970154,0.5767220258712769,0.6263800263404846,0.3542436957359314,0.62449,0.5014700293540955,0.5272259712219238,0.5052039623260498,0.70143801,0.5653529763221741,0.32837972044944763,0.6121513247489929,0.5974618792533875,0.7253159880638123,0.28230398893356323,0.7231652736663818
2196.0,0.8671022176742553,0.705664598941803,0.9057960152626038,0.7036481976509095,0.30168881416320803,0.6238257169723511,0.6964794397354126,0.3049795925617218,0.3942272007465363,0.43683819770812987,0.7569332,0.8141819834709167,0.3368627905845642,0.48336819410324094,0.5745408177375794,0.6246190190315246,0.3496873676776886,0.624074,0.501201617717743,0.5239207744598389,0.5050293564796448,0.7014688135999999,0.5654366612434387,0.3359602212905884,0.6115914225578308,0.5968011736869812,0.7239591956138611,0.2831621885299683,0.7232727885246277
2197.0,0.86702641248703,0.7050571918487549,0.9053978204727173,0.7025643944740295,0.30046411156654357,0.6222166180610657,0.6966381669044495,0.3049671947956085,0.39524840116500853,0.4368543982505798,0.7569644,0.8141035437583923,0.3368955910205841,0.4828533947467804,0.5723596096038819,0.6228580117225647,0.3451310396194458,0.623658,0.5009332060813904,0.5206155776977539,0.5048547506332397,0.7014996172,0.5655203461647034,0.34354072213172915,0.6110315203666687,0.596140468120575,0.7226024031639099,0.2840203881263733,0.7233803033828735
2198.0,0.8669506072998047,0.7044497847557067,0.9049996256828308,0.7014805912971497,0.29923940896987916,0.6206075191497803,0.6967968940734863,0.30495479702949524,0.39626960158348085,0.4368705987930298,0.7569956,0.8140251040458679,0.336928391456604,0.4823385953903198,0.5701784014701843,0.6210970044136047,0.340574711561203,0.623242,0.5006647944450379,0.517310380935669,0.5046801447868348,0.7015304207999999,0.565604031085968,0.35112122297286985,0.6104716181755065,0.5954797625541687,0.7212456107139588,0.2848785877227783,0.7234878182411194
2199.0,0.8668748021125794,0.7038423776626587,0.9046014308929443,0.7003967881202697,0.2980147063732147,0.6189984202384948,0.6969556212425232,0.30494239926338196,0.3972908020019531,0.43688679933547975,0.7570268,0.8139466643333435,0.3369611918926239,0.4818237960338593,0.5679971933364868,0.6193359971046448,0.3360183835029602,0.622826,0.5003963828086853,0.514005184173584,0.5045055389404297,0.7015612244,0.5656877160072327,0.3587017238140106,0.6099117159843445,0.5948190569877625,0.7198888182640075,0.28573678731918334,0.7235953330993652
2200.0,0.866798996925354,0.7032349705696106,0.9042032361030579,0.6993129849433899,0.2967900037765503,0.6173893213272095,0.6971143484115601,0.3049300014972687,0.3983120024204254,0.4369029998779297,0.757058,0.8138682246208191,0.3369939923286438,0.4813089966773987,0.5658159852027893,0.6175749897956848,0.3314620554447174,0.62241,0.5001279711723328,0.510699987411499,0.5043309330940247,0.701592028,0.5657714009284973,0.36628222465515137,0.6093518137931824,0.5941583514213562,0.7185320258140564,0.2865949869155884,0.7237028479576111
2201.0,0.866791594028473,0.7026533722877503,0.9038050532341003,0.6980141878128052,0.2955793559551239,0.6157802939414978,0.697273063659668,0.3045462012290955,0.399166601896286,0.437006402015686,0.7569434,0.8137897968292236,0.3369857966899872,0.4810285985469818,0.5586013913154602,0.6157325863838196,0.3269059419631958,0.621888,0.5002801775932312,0.5081791877746582,0.5038591861724854,0.7013098238,0.565855085849762,0.3613184213638306,0.6087919473648071,0.5925440311431884,0.7174812197685242,0.28702878952026367,0.7238147616386413
2202.0,0.8667841911315918,0.7020717740058899,0.9034068703651428,0.6967153906822204,0.29436870813369753,0.6141712665557861,0.6974317789077759,0.30416240096092223,0.4000212013721466,0.43710980415344236,0.7568288,0.8137113690376282,0.33697760105133057,0.48074820041656496,0.5513867974281311,0.6138901829719543,0.3223498284816742,0.621366,0.5004323840141296,0.5056583881378174,0.5033874392509461,0.7010276195999999,0.5659387707710266,0.3563546180725098,0.6082320809364319,0.5909297108650208,0.716430413722992,0.28746259212493896,0.7239266753196716
2203.0,0.8667767882347107,0.7014901757240295,0.9030086874961853,0.6954165935516358,0.2931580603122711,0.6125622391700745,0.6975904941558838,0.30377860069274903,0.4008758008480072,0.43721320629119875,0.7567142,0.8136329412460327,0.33696940541267395,0.48046780228614805,0.544172203540802,0.6120477795600892,0.3177937150001526,0.6208440000000001,0.5005845904350281,0.5031375885009766,0.5029156923294067,0.7007454154,0.5660224556922913,0.35139081478118894,0.6076722145080566,0.589315390586853,0.7153796076774597,0.28789639472961426,0.724038589000702
2204.0,0.8667693853378295,0.7009085774421692,0.9026105046272278,0.694117796421051,0.2919474124908447,0.6109532117843628,0.6977492094039917,0.3033948004245758,0.4017304003238678,0.4373166084289551,0.7565995999999999,0.8135545134544373,0.33696120977401733,0.4801874041557312,0.536957609653473,0.6102053761482239,0.313237601518631,0.620322,0.5007367968559265,0.5006167888641357,0.5024439454078674,0.7004632112,0.5661061406135559,0.34642701148986815,0.6071123480796814,0.5877010703086853,0.7143288016319275,0.28833019733428955,0.7241505026817322
2205.0,0.8667619824409485,0.7003269791603088,0.9022123217582703,0.6928189992904663,0.29073676466941833,0.6093441843986511,0.6979079246520996,0.3030110001564026,0.4025849997997284,0.4374200105667114,0.756485,0.8134760856628418,0.3369530141353607,0.47990700602531433,0.5297430157661438,0.6083629727363586,0.3086814880371094,0.6198,0.500889003276825,0.4980959892272949,0.5019721984863281,0.700181007,0.5661898255348206,0.34146320819854736,0.6065524816513062,0.5860867500305176,0.7132779955863953,0.28876399993896484,0.7242624163627625
2206.0,0.8662655830383301,0.6993819832801819,0.9023393034934998,0.6905753970146179,0.28983539938926695,0.6079233527183533,0.6978390336036682,0.3031153976917267,0.4036692023277283,0.43743600845336916,0.7567762,0.8133603096008301,0.33708041310310366,0.4796244025230408,0.5178210139274597,0.6070097804069519,0.3139110028743744,0.619084,0.5002822041511535,0.4981693923473358,0.5015981197357178,0.7002504108,0.5651716709136962,0.3367390513420105,0.6054563999176026,0.5847231268882751,0.7115911960601806,0.2890429973602295,0.724321472644806
2207.0,0.8657691836357116,0.6984369874000549,0.9024662852287293,0.6883317947387695,0.2889340341091156,0.6065025210380555,0.6977701425552368,0.3032197952270508,0.40475340485572814,0.43745200634002684,0.7570674,0.8132445335388183,0.33720781207084655,0.47934179902076723,0.5058990120887756,0.6056565880775452,0.3191405177116394,0.618368,0.4996754050254822,0.4982427954673767,0.5012240409851074,0.7003198145999999,0.564153516292572,0.3320148944854736,0.6043603181838989,0.5833595037460327,0.7099043965339661,0.2893219947814941,0.7243805289268493
2208.0,0.8652727842330933,0.697491991519928,0.9025932669639587,0.6860881924629212,0.2880326688289642,0.6050816893577575,0.6977012515068054,0.3033241927623749,0.40583760738372804,0.4374680042266846,0.7573586,0.8131287574768067,0.3373352110385895,0.47905919551849363,0.49397701025009155,0.6043033957481384,0.3243700325489044,0.617652,0.4990686058998108,0.4983161985874176,0.5008499622344971,0.7003892184,0.5631353616714477,0.3272907376289368,0.6032642364501953,0.5819958806037903,0.7082175970077514,0.2896009922027588,0.7244395852088928
2209.0,0.8647763848304748,0.696546995639801,0.9027202486991882,0.6838445901870728,0.2871313035488129,0.6036608576774597,0.6976323604583741,0.303428590297699,0.4069218099117279,0.43748400211334226,0.7576497999999999,0.8130129814147949,0.3374626100063324,0.4787765920162201,0.48205500841140747,0.6029502034187317,0.3295995473861694,0.616936,0.4984618067741394,0.4983896017074585,0.5004758834838867,0.7004586222,0.5621172070503235,0.3225665807723999,0.6021681547164917,0.5806322574615479,0.7065307974815369,0.28987998962402345,0.7244986414909362
2210.0,0.8642799854278564,0.6956019997596741,0.9028472304344177,0.6816009879112244,0.2862299382686615,0.6022400259971619,0.6975634694099426,0.30353298783302307,0.4080060124397278,0.4375,0.757941,0.8128972053527832,0.3375900089740753,0.47849398851394653,0.4701330065727234,0.601597011089325,0.33482906222343445,0.61622,0.497855007648468,0.4984630048274994,0.5001018047332764,0.700528026,0.5610990524291992,0.31784242391586304,0.6010720729827881,0.5792686343193054,0.7048439979553223,0.2901589870452881,0.7245576977729797
2211.0,0.8644907832145691,0.6948248028755188,0.9029742002487182,0.6783715844154358,0.2858739495277405,0.6008192658424377,0.6974945902824402,0.3032633900642395,0.4091006100177765,0.43744540214538574,0.7578136,0.8127814292907715,0.3376208066940308,0.4779577910900116,0.47957381010055544,0.600285804271698,0.34005833268165586,0.615308,0.4973422050476074,0.5004526019096375,0.49933401346206663,0.7005572202,0.5600809454917908,0.32398630380630494,0.5999760389328003,0.5778005599975586,0.7029853940010071,0.29027758836746215,0.7246278882026672
2212.0,0.8647015810012817,0.6940476059913635,0.9031011700630188,0.6751421809196472,0.28551796078681946,0.5993985056877136,0.6974257111549378,0.3029937922954559,0.4101952075958252,0.4373908042907715,0.7576862,0.8126656532287597,0.33765160441398623,0.47742159366607667,0.48901461362838744,0.598974597454071,0.34528760313987733,0.6143959999999999,0.49682940244674684,0.5024421989917756,0.49856622219085694,0.7005864144,0.5590628385543823,0.33013018369674685,0.5988800048828125,0.5763324856758117,0.7011267900466919,0.2903961896896362,0.7246980786323547
2213.0,0.8649123787879944,0.6932704091072083,0.9032281398773193,0.6719127774238587,0.28516197204589844,0.5979777455329895,0.6973568320274353,0.3027241945266724,0.4112898051738739,0.4373362064361572,0.7575588,0.8125498771667481,0.33768240213394163,0.4768853962421417,0.4984554171562195,0.5976633906364441,0.35051687359809874,0.613484,0.4963165998458862,0.5044317960739135,0.4977984309196472,0.7006156085999999,0.5580447316169739,0.3362740635871887,0.5977839708328248,0.574864411354065,0.6992681860923767,0.2905147910118103,0.7247682690620423
2214.0,0.865123176574707,0.6924932122230529,0.9033551096916199,0.6686833739280701,0.2848059833049774,0.5965569853782654,0.6972879528999328,0.30245459675788877,0.4123844027519226,0.43728160858154297,0.7574314,0.8124341011047364,0.3377131998538971,0.4763491988182068,0.5078962206840515,0.5963521838188172,0.3557461440563202,0.612572,0.49580379724502566,0.5064213931560516,0.4970306396484375,0.7006448028,0.5570266246795654,0.3424179434776306,0.5966879367828369,0.5733963370323181,0.6974095821380615,0.2906333923339844,0.7248384594917298
2215.0,0.8653339743614197,0.6917160153388977,0.9034820795059204,0.6654539704322815,0.2844499945640564,0.5951362252235413,0.6972190737724304,0.3021849989891052,0.4134790003299713,0.4372270107269287,0.757304,0.8123183250427246,0.33774399757385254,0.47581300139427185,0.5173370242118835,0.5950409770011902,0.3609754145145416,0.61166,0.49529099464416504,0.5084109902381897,0.4962628483772278,0.700673997,0.556008517742157,0.3485618233680725,0.5955919027328491,0.5719282627105713,0.6955509781837463,0.29075199365615845,0.7249086499214172
2216.0,0.8652627825736999,0.6904802083969116,0.9036125898361206,0.6619509816169739,0.28438243865966795,0.5919598937034607,0.6966961622238159,0.3020402014255524,0.4145262002944946,0.4371666073799133,0.7572974,0.8120166897773743,0.3378081977367401,0.47510340213775637,0.5371468186378479,0.594450581073761,0.3681460916996002,0.610702,0.4950551986694336,0.5115521907806396,0.4952446937561035,0.7002463934,0.5505034923553467,0.36184281706809995,0.5950662732124329,0.5712109804153442,0.6939817786216735,0.29091039299964905,0.7248668789863586
2217.0,0.8651915907859802,0.6892444014549255,0.9037431001663208,0.6584479928016662,0.28431488275527955,0.5887835621833801,0.6961732506752014,0.30189540386199953,0.41557340025901796,0.43710620403289796,0.7572908,0.811715054512024,0.3378723978996277,0.47439380288124083,0.5569566130638123,0.5938601851463318,0.3753167688846588,0.609744,0.49481940269470215,0.5146933913230896,0.49422653913497927,0.6998187898,0.5449984669685364,0.37512381076812745,0.5945406436920166,0.5704936981201172,0.6924125790596009,0.29106879234313965,0.7248251080513001
2218.0,0.8651203989982605,0.6880085945129395,0.903873610496521,0.6549450039863587,0.2842473268508911,0.5856072306632996,0.6956503391265869,0.30175060629844663,0.41662060022354125,0.43704580068588256,0.7572842,0.8114134192466735,0.33793659806251525,0.47368420362472535,0.5767664074897766,0.5932697892189026,0.3824874460697174,0.608786,0.4945836067199707,0.5178345918655396,0.49320838451385496,0.6993911862,0.5394934415817261,0.3884048044681549,0.5940150141716003,0.5697764158248901,0.690843379497528,0.29122719168663025,0.7247833371162414
2219.0,0.8650492072105408,0.6867727875709534,0.9040041208267212,0.651442015171051,0.2841797709465027,0.582430899143219,0.6951274275779724,0.3016058087348938,0.4176678001880646,0.4369853973388672,0.7572776,0.8111117839813232,0.33800079822540285,0.4729746043682098,0.596576201915741,0.5926793932914733,0.389658123254776,0.607828,0.49434781074523926,0.5209757924079895,0.4921902298927307,0.6989635826,0.5339884161949158,0.4016857981681824,0.5934893846511841,0.5690591335296631,0.6892741799354554,0.29138559103012085,0.7247415661811829
2220.0,0.864978015422821,0.6855369806289673,0.9041346311569214,0.6479390263557434,0.28411221504211426,0.5792545676231384,0.6946045160293579,0.30146101117134094,0.4187150001525879,0.4369249939918518,0.757271,0.8108101487159729,0.3380649983882904,0.47226500511169434,0.6163859963417053,0.5920889973640442,0.3968288004398346,0.60687,0.4941120147705078,0.5241169929504395,0.49117207527160645,0.698535979,0.5284833908081055,0.41496679186820984,0.5929637551307678,0.568341851234436,0.6877049803733826,0.29154399037361145,0.7246997952461243
2221.0,0.8645854115486145,0.6842805862426757,0.9042651414871216,0.6452436208724975,0.2842457711696625,0.5760783910751343,0.6940816283226013,0.3013700067996979,0.41958960294723513,0.43706939816474916,0.7573438,0.8105085372924805,0.33805999755859373,0.4711746037006378,0.6261107921600342,0.592127001285553,0.40399913787841796,0.605376,0.4934092104434967,0.5267871975898742,0.4901436507701874,0.69781698,0.5229786276817322,0.426194953918457,0.5924381494522095,0.5692990183830261,0.6858729839324951,0.2918113946914673,0.724637258052826
2222.0,0.864192807674408,0.6830241918563843,0.9043956518173217,0.6425482153892517,0.2843793272972107,0.5729022145271301,0.6935587406158448,0.30127900242805483,0.4204642057418823,0.4372138023376465,0.7574166,0.810206925868988,0.3380549967288971,0.4700842022895813,0.635835587978363,0.5921650052070617,0.4111694753170013,0.603882,0.4927064061164856,0.529457402229309,0.4891152262687683,0.697097981,0.5174738645553589,0.4374231159687042,0.5919125437736511,0.5702561855316162,0.6840409874916077,0.2920787990093231,0.7245747208595276
2223.0,0.8638002038002014,0.6817677974700928,0.904526162147522,0.6398528099060059,0.2845128834247589,0.569726037979126,0.6930358529090881,0.3011879980564117,0.42133880853652955,0.4373582065105438,0.7574894,0.8099053144454956,0.33804999589920043,0.46899380087852477,0.6455603837966919,0.5922030091285706,0.41833981275558474,0.602388,0.4920036017894745,0.5321276068687439,0.48808680176734925,0.696378982,0.5119691014289856,0.44865127801895144,0.5913869380950928,0.5712133526802063,0.6822089910507202,0.292346203327179,0.7245121836662293
2224.0,0.8634075999259949,0.6805114030838013,0.9046566724777222,0.63715740442276,0.2846464395523071,0.5665498614311218,0.6925129652023315,0.30109699368476867,0.42221341133117674,0.43750261068344115,0.7575622,0.8096037030220031,0.3380449950695038,0.4679033994674683,0.6552851796150208,0.5922410130500794,0.4255101501941681,0.600894,0.49130079746246336,0.5347978115081787,0.48705837726593015,0.695659983,0.5064643383026123,0.4598794400691986,0.5908613324165344,0.5721705198287964,0.6803769946098328,0.2926136076450348,0.7244496464729309
2225.0,0.8630149960517883,0.6792550086975098,0.9047871828079224,0.6344619989395142,0.28477999567985535,0.5633736848831177,0.691990077495575,0.3010059893131256,0.423088014125824,0.4376470148563385,0.757635,0.8093020915985107,0.33803999423980713,0.46681299805641174,0.6650099754333496,0.5922790169715881,0.43268048763275146,0.5994,0.49059799313545227,0.5374680161476135,0.4860299527645111,0.694940984,0.500959575176239,0.4711076021194458,0.5903357267379761,0.5731276869773865,0.6785449981689453,0.2928810119628906,0.7243871092796326
2226.0,0.862758994102478,0.6776986122131348,0.9044942617416382,0.6315593957901001,0.28490519523620605,0.5574677348136902,0.691673481464386,0.3010029911994934,0.42417221069335936,0.43752881288528445,0.7578661999999999,0.809152615070343,0.3381023943424225,0.46541000008583067,0.6688883781433106,0.5931258082389832,0.43378558158874514,0.5971500000000001,0.48956979513168336,0.5384452104568481,0.4852709352970123,0.6944197892,0.49788440465927125,0.47676390409469604,0.5902867317199707,0.5757779717445374,0.6774924039840698,0.29330281019210813,0.7242926359176636
2227.0,0.8625029921531677,0.6761422157287598,0.904201340675354,0.6286567926406861,0.28503039479255676,0.5515617847442627,0.6913568854331971,0.30099999308586123,0.42525640726089475,0.43741061091423034,0.7580973999999999,0.8090031385421753,0.33816479444503783,0.46400700211524964,0.6727667808532715,0.5939725995063782,0.43489067554473876,0.5949,0.48854159712791445,0.5394224047660827,0.4845119178295135,0.6938985944,0.4948092341423035,0.4824202060699463,0.5902377367019653,0.5784282565116883,0.6764398097991944,0.2937246084213257,0.7241981625556946
2228.0,0.8622469902038574,0.6745858192443848,0.9039084196090699,0.6257541894912719,0.28515559434890747,0.5456558346748352,0.691040289402008,0.300996994972229,0.4263406038284302,0.4372924089431763,0.7583286,0.8088536620140075,0.3382271945476532,0.46260400414466857,0.6766451835632324,0.5948193907737732,0.43599576950073243,0.59265,0.4875133991241455,0.5403995990753174,0.4837529003620148,0.6933773996,0.49173406362533567,0.48807650804519653,0.59018874168396,0.5810785412788391,0.6753872156143188,0.2941464066505432,0.7241036891937256
2229.0,0.8619909882545471,0.6730294227600098,0.9036154985427857,0.6228515863418579,0.2852807939052582,0.5397498846054077,0.6907236933708191,0.3009939968585968,0.4274248003959656,0.43717420697212217,0.7585598,0.8087041854858399,0.33828959465026853,0.46120100617408755,0.6805235862731933,0.5956661820411682,0.43710086345672605,0.5903999999999999,0.4864852011203766,0.541376793384552,0.482993882894516,0.6928562048,0.4886588931083679,0.4937328100204468,0.5901397466659546,0.58372882604599,0.6743346214294433,0.29456820487976076,0.7240092158317566
2230.0,0.8617349863052368,0.6714730262756348,0.9033225774765015,0.6199489831924438,0.2854059934616089,0.5338439345359802,0.6904070973396301,0.3009909987449646,0.428508996963501,0.4370560050010681,0.758791,0.8085547089576721,0.3383519947528839,0.45979800820350647,0.6844019889831543,0.5965129733085632,0.4382059574127197,0.58815,0.48545700311660767,0.5423539876937866,0.4822348654270172,0.69233501,0.48558372259140015,0.499389111995697,0.5900907516479492,0.5863791108131409,0.6732820272445679,0.29499000310897827,0.7239147424697876
2231.0,0.8612939834594726,0.670058262348175,0.9030296802520752,0.6177011847496032,0.28546059131622314,0.5279382705688477,0.6900905132293701,0.30086600184440615,0.42930240035057066,0.43699140548706056,0.7585883999999999,0.8084052443504334,0.3383061945438385,0.4577108085155487,0.6858629941940307,0.5980693817138671,0.43931100368499754,0.585098,0.4836448013782501,0.5430729866027832,0.48183136582374575,0.691544414,0.4825086951255798,0.502508544921875,0.5900417566299438,0.5884066343307495,0.6725690245628357,0.2954382002353668,0.7237693309783936
2232.0,0.8608529806137085,0.6686434984207154,0.9027367830276489,0.6154533863067627,0.2855151891708374,0.5220326066017151,0.6897739291191101,0.30074100494384765,0.4300958037376404,0.436926805973053,0.7583858,0.8082557797431946,0.3382603943347931,0.45562360882759095,0.6873239994049072,0.5996257901191712,0.4404160499572754,0.582046,0.48183259963989256,0.5437919855117798,0.48142786622047423,0.690753818,0.47943366765975953,0.505627977848053,0.5899927616119385,0.5904341578483582,0.6718560218811035,0.29588639736175537,0.7236239194869996
2233.0,0.8604119777679443,0.6672287344932556,0.9024438858032227,0.6132055878639221,0.28556978702545166,0.5161269426345825,0.6894573450088501,0.3006160080432892,0.43088920712471007,0.4368622064590454,0.7581832,0.8081063151359558,0.33821459412574767,0.45353640913963317,0.6887850046157837,0.6011821985244751,0.4415210962295532,0.578994,0.48002039790153506,0.5445109844207764,0.48102436661720277,0.6899632219999999,0.4763586401939392,0.5087474107742309,0.5899437665939331,0.5924616813659668,0.6711430191993714,0.2963345944881439,0.7234785079956054
2234.0,0.8599709749221802,0.6658139705657959,0.9021509885787964,0.6109577894210816,0.2856243848800659,0.5102212786674499,0.6891407608985901,0.3004910111427307,0.4316826105117798,0.43679760694503783,0.7579806,0.807956850528717,0.3381687939167023,0.45144920945167544,0.6902460098266602,0.6027386069297791,0.4426261425018311,0.575942,0.4782081961631775,0.5452299833297729,0.48062086701393125,0.689172626,0.4732836127281189,0.5118668437004089,0.5898947715759277,0.5944892048835755,0.6704300165176391,0.29678279161453247,0.7233330965042114
2235.0,0.859529972076416,0.6643992066383362,0.9018580913543701,0.608709990978241,0.2856789827346802,0.5043156147003174,0.6888241767883301,0.30036601424217224,0.4324760138988495,0.4367330074310303,0.757778,0.8078073859214783,0.33812299370765686,0.44936200976371765,0.6917070150375366,0.604295015335083,0.4437311887741089,0.57289,0.47639599442481995,0.5459489822387695,0.4802173674106598,0.68838203,0.4702085852622986,0.5149862766265869,0.5898457765579224,0.5965167284011841,0.669717013835907,0.297230988740921,0.7231876850128174
2236.0,0.8589183807373046,0.6627124786376953,0.9023841619491577,0.6092127919197082,0.2856473863877441,0.4937268435955048,0.6883373260498047,0.30027140974998473,0.4336302101612091,0.43664100766181946,0.757828,0.8073732376098632,0.3382431924343109,0.44689740538597106,0.6908052086830139,0.6054088115692139,0.44107651710510254,0.569886,0.47469099760055544,0.5472129821777344,0.4806191086769104,0.6881204251999999,0.4736806094646454,0.5164143323898316,0.589331328868866,0.5977650165557862,0.6692186117172241,0.297805392742157,0.7229633808135987
2237.0,0.8583067893981934,0.6610257506370545,0.9029102325439453,0.6097155928611755,0.2856157900408081,0.4831380724906921,0.6878504753112793,0.3001768052577972,0.43478440642356875,0.43654900789260864,0.7578779999999999,0.8069390892982483,0.338363391160965,0.44443280100822447,0.6899034023284912,0.6065226078033448,0.4384218454360962,0.566882,0.4729860007762909,0.5484769821166993,0.481020849943161,0.6878588204,0.4771526336669922,0.5178423881530761,0.5888168811798096,0.5990133047103882,0.6687202095985413,0.29837979674339293,0.7227390766143799
2238.0,0.857695198059082,0.6593390226364135,0.9034363031387329,0.6102183938026429,0.28558419369387206,0.4725493013858795,0.6873636245727539,0.30008220076560976,0.4359386026859283,0.4364570081233978,0.757928,0.8065049409866333,0.338483589887619,0.4419681966304779,0.6890015959739685,0.6076364040374755,0.43576717376708984,0.563878,0.4712810039520264,0.549740982055664,0.4814225912094116,0.6875972156,0.480624657869339,0.5192704439163208,0.5883024334907532,0.6002615928649903,0.6682218074798584,0.2989542007446289,0.7225147724151612
2239.0,0.8570836067199707,0.6576522946357727,0.9039623737335205,0.6107211947441101,0.28555259734693605,0.4619605302810669,0.6868767738342285,0.29998759627342225,0.43709279894828795,0.436365008354187,0.757978,0.8060707926750184,0.3386037886142731,0.43950359225273133,0.6880997896194458,0.6087502002716064,0.4331125020980835,0.560874,0.4695760071277618,0.5510049819946289,0.48182433247566225,0.6873356108,0.48409668207168577,0.5206984996795654,0.5877879858016968,0.6015098810195922,0.6677234053611756,0.29952860474586485,0.7222904682159423
2240.0,0.8564720153808594,0.6559655666351318,0.9044884443283081,0.6112239956855774,0.285521001,0.4513717591762543,0.6863899230957031,0.29989299178123474,0.4382469952106476,0.4362730085849762,0.758028,0.8056366443634033,0.3387239873409271,0.43703898787498474,0.6871979832649231,0.6098639965057373,0.43045783042907715,0.55787,0.4678710103034973,0.5522689819335938,0.48222607374191284,0.687074006,0.4875687062740326,0.5221265554428101,0.5872735381126404,0.6027581691741943,0.6672250032424927,0.30010300874710083,0.7220661640167236
2241.0,0.8560334086418152,0.6540422320365906,0.9050144791603089,0.6139699935913085,0.2854745808273895,0.44078348875045775,0.6859030842781066,0.29986379146575926,0.43914519548416137,0.4362530052661896,0.7578250000000001,0.8052025198936462,0.3387489914894104,0.43537219166755675,0.6874399900436401,0.6103525996208191,0.4278032839298248,0.556288,0.46628840565681456,0.553329586982727,0.4824868679046631,0.6868858102000001,0.491040563583374,0.5232682824134827,0.5867591261863708,0.6036039471626282,0.6668536067008972,0.30054460763931273,0.7217665433883667
2242.0,0.855594801902771,0.6521188974380493,0.9055405139923096,0.6167159914970398,0.28542816065477905,0.43019521832466123,0.6854162454605103,0.2998345911502838,0.44004339575767515,0.43623300194740294,0.757622,0.8047683954238891,0.3387739956378937,0.43370539546012876,0.6876819968223572,0.6108412027359009,0.4251487374305725,0.554706,0.4647058010101318,0.5543901920318604,0.4827476620674133,0.6866976144,0.49451242089271547,0.5244100093841553,0.5862447142601013,0.604449725151062,0.6664822101593018,0.30098620653152464,0.7214669227600098
2243.0,0.8551561951637268,0.6501955628395081,0.9060665488243103,0.619461989402771,0.2853817404821686,0.41960694789886477,0.6849294066429138,0.29980539083480834,0.440941596031189,0.43621299862861634,0.7574190000000001,0.8043342709541321,0.33879899978637695,0.43203859925270083,0.6879240036010742,0.6113298058509826,0.4224941909313202,0.553124,0.4631231963634491,0.5554507970809937,0.4830084562301636,0.6865094186,0.4979842782020569,0.5255517363548279,0.5857303023338318,0.6052955031394959,0.6661108136177063,0.3014278054237366,0.7211673021316528
2244.0,0.8547175884246826,0.6482722282409668,0.906592583656311,0.6222079873085022,0.2853353203095581,0.40901867747306825,0.6844425678253174,0.2997761905193329,0.44183979630470277,0.4361929953098297,0.757216,0.803900146484375,0.33882400393486023,0.43037180304527284,0.6881660103797913,0.6118184089660644,0.4198396444320679,0.551542,0.46154059171676637,0.556511402130127,0.4832692503929138,0.6863212228,0.5014561355113983,0.5266934633255005,0.5852158904075623,0.6061412811279296,0.6657394170761108,0.3018694043159485,0.7208676815032959
2245.0,0.8542789816856384,0.6463488936424255,0.9071186184883118,0.6249539852142334,0.28528890013694763,0.39843040704727173,0.683955729007721,0.2997469902038574,0.44273799657821655,0.4361729919910431,0.757013,0.8034660220146179,0.3388490080833435,0.42870500683784485,0.6884080171585083,0.6123070120811462,0.41718509793281555,0.54996,0.4599579870700836,0.5575720071792603,0.48353004455566406,0.686133027,0.5049279928207397,0.5278351902961731,0.5847014784812927,0.6069870591163635,0.6653680205345154,0.3023110032081604,0.720568060874939
2246.0,0.8539235830307007,0.6443110346794129,0.9069374442100525,0.6279159903526306,0.2852071225643158,0.39195663928985597,0.6840387582778931,0.2995441913604736,0.4435815989971161,0.4361773908138275,0.7573034000000001,0.8036924362182617,0.3388098061084747,0.42791480422019956,0.6891826152801513,0.6126594066619873,0.41363049745559693,0.549544,0.45932319164276125,0.5591072082519531,0.48381145000457765,0.6859670162,0.5014024972915649,0.5286180019378662,0.5838437795639038,0.6070016026496887,0.663273012638092,0.3027098000049591,0.7201897859573364
2247.0,0.853568184375763,0.6422731757164002,0.9067562699317933,0.6308779954910279,0.28512534499168396,0.3854828715324402,0.6841217875480652,0.29934139251708985,0.4444252014160156,0.4361817896366119,0.7575938,0.8039188504219055,0.33877060413360593,0.42712460160255433,0.6899572134017944,0.6130118012428284,0.4100758969783783,0.5491280000000001,0.45868839621543883,0.560642409324646,0.48409285545349123,0.6858010054,0.49787700176239014,0.5294008135795594,0.5829860806465149,0.6070161461830139,0.6611780047416687,0.30310859680175783,0.7198115110397338
2248.0,0.8532127857208252,0.6402353167533874,0.9065750956535339,0.633840000629425,0.2850435674190521,0.3790091037750244,0.6842048168182373,0.29913859367370604,0.4452688038349152,0.4361861884593964,0.7578842,0.8041452646255494,0.3387314021587372,0.42633439898490905,0.6907318115234375,0.6133641958236694,0.40652129650115965,0.548712,0.45805360078811647,0.5621776103973388,0.48437426090240476,0.6856349946,0.49435150623321533,0.5301836252212524,0.582128381729126,0.6070306897163391,0.6590829968452454,0.3035073935985565,0.7194332361221314
2249.0,0.8528573870658874,0.6381974577903747,0.9063939213752746,0.6368020057678223,0.2849617898464203,0.37253533601760863,0.6842878460884094,0.2989357948303223,0.4461124062538147,0.4361905872821808,0.7581745999999999,0.8043716788291931,0.3386922001838684,0.4255441963672638,0.6915064096450806,0.6137165904045105,0.40296669602394103,0.548296,0.45741880536079405,0.5637128114700317,0.48465566635131835,0.6854689838,0.4908260107040405,0.5309664368629455,0.5812706828117371,0.6070452332496643,0.656987988948822,0.3039061903953552,0.7190549612045288
2250.0,0.8525019884109497,0.6361595988273621,0.9062127470970154,0.6397640109062195,0.28488001227378845,0.36606156826019287,0.6843708753585815,0.2987329959869385,0.44695600867271423,0.4361949861049652,0.758465,0.8045980930328369,0.33865299820899963,0.42475399374961853,0.6922810077667236,0.6140689849853516,0.3994120955467224,0.54788,0.4567840099334717,0.5652480125427246,0.48493707180023193,0.685302973,0.4873005151748657,0.5317492485046387,0.5804129838943481,0.6070597767829895,0.6548929810523987,0.30430498719215393,0.7186766862869263
2251.0,0.8517017960548401,0.6347719311714173,0.9060315728187561,0.6419308066368103,0.28483200669288633,0.3595877945423126,0.6844539046287537,0.29875579476356506,0.44797960519790647,0.43607819080352783,0.7584072,0.8048245191574097,0.33877179622650144,0.42474499344825745,0.6924914121627808,0.6146301865577698,0.3958574950695038,0.547946,0.455948805809021,0.5663776159286499,0.4846582293510437,0.6844927789999999,0.48377501368522646,0.5315438866615295,0.5795552849769592,0.6070556759834289,0.6511359810829163,0.3045671880245209,0.7182028293609619
2252.0,0.8509016036987305,0.6333842635154724,0.9058503985404969,0.6440976023674011,0.28478400111198426,0.3531140208244324,0.6845369338989258,0.29877859354019165,0.44900320172309877,0.43596139550209045,0.7583494,0.8050509452819824,0.3388905942440033,0.42473599314689636,0.6927018165588379,0.615191388130188,0.3923028945922852,0.548012,0.4551136016845703,0.5675072193145752,0.48437938690185545,0.683682585,0.48024951219558715,0.5313385248184204,0.5786975860595703,0.6070515751838684,0.6473789811134338,0.3048293888568878,0.7177289724349976
2253.0,0.8501014113426208,0.6319965958595276,0.9056692242622375,0.646264398097992,0.28473599553108214,0.3466402471065521,0.6846199631690979,0.29880139231681824,0.450026798248291,0.4358446002006531,0.7582916,0.8052773714065552,0.3390093922615051,0.4247269928455353,0.692912220954895,0.6157525897026062,0.3887482941150665,0.548078,0.4542783975601196,0.5686368227005005,0.48410054445266726,0.682872391,0.4767240107059479,0.5311331629753113,0.5778398871421814,0.6070474743843078,0.6436219811439514,0.30509158968925476,0.7172551155090332
2254.0,0.8493012189865112,0.6306089282035827,0.9054880499839782,0.6484311938285827,0.2846879899501801,0.3401664733886719,0.68470299243927,0.2988241910934448,0.4510503947734833,0.4357278048992157,0.7582338,0.8055037975311279,0.339128190279007,0.4247179925441742,0.6931226253509521,0.6163137912750244,0.3851936936378479,0.548144,0.45344319343566897,0.5697664260864258,0.483821702003479,0.682062197,0.47319850921630857,0.5309278011322022,0.5769821882247925,0.6070433735847474,0.639864981174469,0.3053537905216217,0.7167812585830688
2255.0,0.8485010266304016,0.6292212605476379,0.905306875705719,0.6505979895591736,0.28463998436927795,0.3336926996707916,0.6847860217094421,0.2988469898700714,0.45207399129867554,0.4356110095977783,0.758176,0.8057302236557007,0.3392469882965088,0.4247089922428131,0.6933330297470093,0.6168749928474426,0.3816390931606293,0.54821,0.45260798931121826,0.5708960294723511,0.48354285955429077,0.681252003,0.4696730077266693,0.530722439289093,0.5761244893074036,0.6070392727851868,0.6361079812049866,0.30561599135398865,0.7163074016571045
2256.0,0.8480776190757752,0.6276520609855651,0.9053409576416016,0.6517071962356568,0.2846699893474579,0.33756219148635863,0.6841634154319763,0.2990247905254364,0.45301379561424254,0.4355288088321686,0.7582372,0.8052064538002014,0.3392785906791687,0.42512359619140627,0.6928880214691162,0.6177631974220276,0.3813526690006256,0.5468,0.4527023911476135,0.5717184185981751,0.4821238458156586,0.6804087998,0.4637979090213776,0.5304269790649414,0.5749200701713562,0.6061381578445435,0.6307533860206604,0.30567039251327516,0.7157493233680725
2257.0,0.8476542115211487,0.6260828614234925,0.9053750395774841,0.6528164029121399,0.2846999943256378,0.34143168330192564,0.6835408091545105,0.2992025911808014,0.45395359992980955,0.4354466080665588,0.7582983999999999,0.8046826839447021,0.33931019306182864,0.4255382001399994,0.6924430131912231,0.6186514019966125,0.38106624484062196,0.5453899999999999,0.45279679298400877,0.5725408077239991,0.48070483207702636,0.6795655966,0.45792281031608584,0.5301315188407898,0.5737156510353089,0.6052370429039001,0.6253987908363342,0.30572479367256167,0.7151912450790405
2258.0,0.8472308039665222,0.6245136618614197,0.9054091215133667,0.653925609588623,0.28472999930381776,0.3453011751174927,0.6829182028770446,0.2993803918361664,0.4548934042453766,0.4353644073009491,0.7583596,0.8041589140892029,0.3393417954444885,0.42595280408859254,0.6919980049133301,0.6195396065711976,0.3807798206806183,0.54398,0.4528911948204041,0.573363196849823,0.4792858183383942,0.6787223934,0.45204771161079405,0.5298360586166382,0.5725112318992615,0.6043359279632569,0.6200441956520081,0.3057791948318481,0.7146331667900085
2259.0,0.8468073964118957,0.622944462299347,0.9054432034492492,0.6550348162651062,0.28476000428199766,0.3491706669330597,0.6822955965995788,0.29955819249153137,0.4558332085609436,0.43528220653533933,0.7584208,0.8036351442337036,0.3393733978271484,0.42636740803718565,0.691552996635437,0.6204278111457825,0.38049339652061465,0.54257,0.4529855966567993,0.574185585975647,0.47786680459976194,0.6778791902,0.4461726129055023,0.5295405983924866,0.5713068127632142,0.6034348130226135,0.6146896004676818,0.30583359599113463,0.7140750885009766
2260.0,0.8463839888572693,0.6213752627372742,0.9054772853851318,0.6561440229415894,0.2847900092601776,0.3530401587486267,0.681672990322113,0.29973599314689636,0.4567730128765106,0.4352000057697296,0.758482,0.8031113743782043,0.33940500020980835,0.4267820119857788,0.691107988357544,0.6213160157203674,0.38020697236061096,0.54116,0.4530799984931946,0.575007975101471,0.47644779086112976,0.677035987,0.44029751420021057,0.529245138168335,0.5701023936271667,0.6025336980819702,0.6093350052833557,0.30588799715042114,0.7135170102119446
2261.0,0.8450145959854126,0.6201094388961792,0.9055113673210144,0.6562564134597778,0.28486000895500185,0.35690982937812804,0.6810503482818604,0.29961599707603453,0.4575994074344635,0.4350976049900055,0.7586006,0.8025875806808471,0.33944960236549376,0.4268988072872162,0.6904065847396851,0.622432816028595,0.37992053627967837,0.538078,0.4517978012561798,0.5753289818763733,0.4743447661399841,0.6750529882,0.4344221293926239,0.5290332674980164,0.5688979148864746,0.6016818523406983,0.6051954030990601,0.3056697964668274,0.7128273248672485
2262.0,0.843645203113556,0.6188436150550842,0.905545449256897,0.6563688039779663,0.28493000864982604,0.3607795000076294,0.6804277062416076,0.2994960010051727,0.4584258019924164,0.43499520421028137,0.7587192,0.80206378698349,0.3394942045211792,0.42701560258865356,0.6897051811218262,0.6235496163368225,0.3796341001987457,0.534996,0.450515604019165,0.5756499886512756,0.4722417414188385,0.6730699894000001,0.4285467445850372,0.5288213968276978,0.5676934361457825,0.6008300065994263,0.6010558009147644,0.30545159578323366,0.7121376395225525
2263.0,0.8422758102416992,0.6175777912139893,0.9055795311927796,0.6564811944961548,0.2850000083446503,0.36464917063713076,0.679805064201355,0.29937600493431094,0.45925219655036925,0.43489280343055725,0.7588378,0.8015399932861328,0.33953880667686465,0.42713239789009094,0.6890037775039672,0.6246664166450501,0.3793476641178131,0.531914,0.4492334067821503,0.575970995426178,0.47013871669769286,0.6710869906,0.4226713597774506,0.5286095261573791,0.5664889574050903,0.5999781608581543,0.5969161987304688,0.30523339509963987,0.7114479541778564
2264.0,0.8409064173698425,0.6163119673728943,0.9056136131286621,0.6565935850143433,0.28507000803947447,0.3685188412666321,0.6791824221611023,0.2992560088634491,0.46007859110832217,0.43479040265083313,0.7589564000000001,0.8010161995887757,0.33958340883255006,0.4272491931915283,0.6883023738861084,0.6257832169532775,0.37906122803688047,0.5288320000000001,0.4479512095451355,0.5762920022010803,0.46803569197654726,0.6691039918,0.41679597496986387,0.5283976554870605,0.5652844786643982,0.5991263151168823,0.5927765965461731,0.30501519441604613,0.7107582688331604
2265.0,0.8395370244979858,0.6150461435317993,0.9056476950645447,0.6567059755325317,0.2851400077342987,0.3723885118961334,0.6785597801208496,0.2991360127925873,0.460904985666275,0.434688001871109,0.759075,0.8004924058914185,0.3396280109882355,0.4273659884929657,0.6876009702682495,0.6269000172615051,0.3787747919559479,0.52575,0.4466690123081207,0.5766130089759827,0.4659326672554016,0.667120993,0.4109205901622772,0.5281857848167419,0.564079999923706,0.5982744693756104,0.5886369943618774,0.3047969937324524,0.7100685834884644
2266.0,0.8390514254570007,0.6142913222312927,0.9058069467544556,0.6555331826210022,0.2852840065956116,0.37544769048690796,0.6782503724098206,0.29906681180000305,0.46168258786201477,0.43475260138511657,0.759167,0.8007250428199768,0.3396458089351654,0.4273707926273346,0.6870505809783936,0.6282628178596497,0.38070287704467776,0.52347,0.44432740807533266,0.5766404032707214,0.4629863083362579,0.6649907946,0.4020429730415344,0.5279004216194153,0.564079999923706,0.5974125027656555,0.5875379920005799,0.30424219369888306,0.7092957377433777
2267.0,0.8385658264160156,0.6135365009307862,0.9059661984443664,0.6543603897094726,0.2854280054569244,0.3785068690776825,0.6779409646987915,0.2989976108074188,0.4624601900577545,0.4348172008991241,0.759259,0.8009576797485352,0.33966360688209535,0.4273755967617035,0.6865001916885376,0.6296256184577942,0.3826309621334076,0.52119,0.44198580384254454,0.5766677975654602,0.46003994941711424,0.6628605962,0.3931653559207916,0.5276150584220887,0.564079999923706,0.5965505361557006,0.5864389896392822,0.3036873936653137,0.708522891998291
2268.0,0.8380802273750305,0.6127816796302795,0.9061254501342774,0.6531875967979431,0.2855720043182373,0.38156604766845703,0.6776315569877625,0.2989284098148346,0.46323779225349426,0.43488180041313174,0.759351,0.8011903166770935,0.33968140482902526,0.4273804008960724,0.6859498023986816,0.6309884190559387,0.38455904722213746,0.51891,0.4396441996097565,0.576695191860199,0.4570935904979706,0.6607303978,0.38428773880004885,0.5273296952247619,0.564079999923706,0.5956885695457459,0.5853399872779846,0.3031325936317444,0.7077500462532044
2269.0,0.8375946283340454,0.612026858329773,0.9062847018241882,0.6520148038864135,0.28571600317955015,0.38462522625923157,0.6773221492767334,0.29885920882225037,0.464015394449234,0.4349463999271393,0.759443,0.8014229536056519,0.3396992027759552,0.4273852050304413,0.6853994131088257,0.6323512196540833,0.3864871323108673,0.51663,0.43730259537696836,0.5767225861549378,0.4541472315788269,0.6586001994,0.37541012167930604,0.5270443320274353,0.564079999923706,0.594826602935791,0.584240984916687,0.30257779359817505,0.7069772005081176
2270.0,0.8371090292930603,0.6112720370292664,0.9064439535140991,0.650842010974884,0.28586000204086304,0.3876844048500061,0.6770127415657043,0.29879000782966614,0.46479299664497375,0.43501099944114685,0.759535,0.8016555905342102,0.33971700072288513,0.4273900091648102,0.6848490238189697,0.6337140202522278,0.38841521739959717,0.51435,0.4349609911441803,0.5767499804496765,0.4512008726596832,0.656470001,0.36653250455856323,0.5267589688301086,0.564079999923706,0.5939646363258362,0.5831419825553894,0.3020229935646057,0.706204354763031
2271.0,0.8358854293823242,0.6105012774467469,0.906603217124939,0.6483456134796143,0.2860234022140503,0.3907437264919281,0.6767033100128174,0.2988362073898315,0.46536279916763307,0.43487839698791503,0.7595812,0.8018882274627686,0.3397548019886017,0.42724400758743286,0.6833446145057678,0.634468412399292,0.3903433918952942,0.513648,0.433885395526886,0.5768915891647339,0.44801860451698305,0.6532495978,0.35765446424484254,0.5266283869743347,0.564079999923706,0.5945332288742066,0.5844609856605529,0.30126339197158813,0.705473530292511
2272.0,0.8346618294715882,0.6097305178642273,0.9067624807357788,0.6458492159843445,0.28618680238723754,0.3938030481338501,0.6763938784599304,0.29888240694999696,0.4659326016902924,0.4347457945346832,0.7596274,0.8021208643913269,0.33979260325431826,0.42709800601005554,0.6818402051925659,0.6352228045463562,0.3922715663909912,0.512946,0.4328097999095917,0.5770331978797912,0.4448363363742828,0.6500291946,0.34877642393112185,0.5264978051185608,0.564079999923706,0.595101821422577,0.5857799887657166,0.30050379037857056,0.704742705821991
2273.0,0.833438229560852,0.6089597582817078,0.9069217443466187,0.6433528184890747,0.2863502025604248,0.3968623697757721,0.6760844469070435,0.29892860651016234,0.46650240421295164,0.43461319208145144,0.7596736000000001,0.8023535013198853,0.33983040452003477,0.4269520044326782,0.680335795879364,0.6359771966934205,0.39419974088668824,0.5122439999999999,0.43173420429229736,0.5771748065948487,0.44165406823158265,0.6468087914,0.3398983836174011,0.5263672232627868,0.564079999923706,0.5956704139709472,0.5870989918708801,0.299744188785553,0.704011881351471
2274.0,0.832214629650116,0.6081889986991882,0.9070810079574585,0.6408564209938049,0.28651360273361204,0.39992169141769407,0.6757750153541565,0.2989748060703278,0.46707220673561095,0.4344805896282196,0.7597198000000001,0.8025861382484436,0.33986820578575133,0.4268060028553009,0.6788313865661622,0.6367315888404846,0.39612791538238523,0.5115419999999999,0.43065860867500305,0.577316415309906,0.4384718000888824,0.6435883882,0.3310203433036804,0.526236641407013,0.564079999923706,0.5962390065193176,0.5884179949760437,0.2989845871925354,0.7032810568809509
2275.0,0.8309910297393799,0.6074182391166687,0.9072402715682983,0.6383600234985352,0.2866770029067993,0.4029810130596161,0.6754655838012695,0.29902100563049316,0.46764200925827026,0.4343479871749878,0.759766,0.802818775177002,0.3399060070514679,0.4266600012779236,0.6773269772529602,0.6374859809875488,0.3980560898780823,0.51084,0.42958301305770874,0.5774580240249634,0.43528953194618225,0.640367985,0.3221423029899597,0.526106059551239,0.564079999923706,0.596807599067688,0.5897369980812073,0.2982249855995178,0.7025502324104309
2276.0,0.8294006228446961,0.6065585374832153,0.9073983788490295,0.6354872226715088,0.2868736028671265,0.40074742436408994,0.6747076272964477,0.2989252030849457,0.46845280528068545,0.43448638916015625,0.7597860000000001,0.8021927237510681,0.3399386048316956,0.4259869992733002,0.6757667779922485,0.6385239839553833,0.3984744608402252,0.5097419999999999,0.4290302097797394,0.5767524242401123,0.4326872766017914,0.6351061822,0.3089243769645691,0.5251770496368409,0.5639177083969116,0.5992783308029175,0.5921533942222595,0.29712038636207583,0.7016998767852783
2277.0,0.8278102159500123,0.6056988358497619,0.9075564861297607,0.6326144218444825,0.2870702028274536,0.39851383566856385,0.6739496707916259,0.2988294005393982,0.4692636013031006,0.4346247911453247,0.7598060000000001,0.8015666723251342,0.3399712026119232,0.42531399726867675,0.6742065787315369,0.6395619869232178,0.3988928318023682,0.508644,0.42847740650177,0.5760468244552612,0.4300850212574005,0.6298443794,0.29570645093917847,0.5242480397224426,0.5637554168701172,0.601749062538147,0.5945697903633118,0.2960157871246338,0.7008495211601258
2278.0,0.8262198090553283,0.6048391342163086,0.907714593410492,0.629741621017456,0.2872668027877808,0.3962802469730377,0.6731917142868042,0.2987335979938507,0.47007439732551576,0.43476319313049316,0.759826,0.8009406208992005,0.3400038003921509,0.42464099526405336,0.6726463794708252,0.6405999898910523,0.3993112027645111,0.5075459999999999,0.42792460322380066,0.5753412246704102,0.42748276591300965,0.6245825765999999,0.28248852491378784,0.5233190298080445,0.5635931253433227,0.6042197942733765,0.596986186504364,0.2949111878871918,0.6999991655349731
2279.0,0.8246294021606445,0.6039794325828552,0.9078727006912232,0.6268688201904297,0.2874634027481079,0.3940466582775116,0.6724337577819824,0.2986377954483032,0.4708851933479309,0.4349015951156616,0.759846,0.8003145694732666,0.3400363981723785,0.4239679932594299,0.6710861802101136,0.6416379928588867,0.3997295737266541,0.506448,0.4273717999458313,0.5746356248855591,0.42488051056861875,0.6193207738,0.2692705988883972,0.5223900198936462,0.5634308338165284,0.606690526008606,0.5994025826454162,0.29380658864974973,0.6991488099098205
2280.0,0.8230389952659607,0.6031197309494019,0.9080308079719543,0.6239960193634033,0.28766000270843506,0.3918130695819855,0.6716758012771606,0.29854199290275574,0.47169598937034607,0.4350399971008301,0.759866,0.7996885180473328,0.3400689959526062,0.4232949912548065,0.6695259809494019,0.6426759958267212,0.400147944688797,0.50535,0.42681899666786194,0.573930025100708,0.4222782552242279,0.614058971,0.2560526728630066,0.521461009979248,0.5632685422897339,0.6091612577438354,0.6018189787864685,0.29270198941230774,0.698298454284668
2281.0,0.8220062017440796,0.6021187543869019,0.9081889271736145,0.6225910186767578,0.2878198027610779,0.38957937359809874,0.6709177970886231,0.29863319396972654,0.4720539927482605,0.43494060039520266,0.7599100000000001,0.7990624308586121,0.3401625990867615,0.42156699299812317,0.6685741901397705,0.6433023929595947,0.4005663335323334,0.5031979999999999,0.4260725975036621,0.5736238241195679,0.4210697293281555,0.605925977,0.2428341180086136,0.5211402893066406,0.5631062388420105,0.6107821226119995,0.6072709798812866,0.29166778922080994,0.6973710894584656
2282.0,0.8209734082221984,0.6011177778244019,0.9083470463752746,0.6211860179901123,0.2879796028137207,0.387345677614212,0.6701597929000854,0.2987243950366974,0.4724119961261749,0.4348412036895752,0.759954,0.7984363436698914,0.34025620222091674,0.4198389947414398,0.6676223993301391,0.6439287900924683,0.40098472237586974,0.501046,0.4253261983394623,0.5733176231384277,0.4198612034320831,0.5977929829999999,0.22961556315422058,0.5208195686340332,0.5629439353942871,0.6124029874801635,0.6127229809761048,0.29063358902931213,0.6964437246322632
2283.0,0.8199406147003174,0.6001168012619018,0.9085051655769348,0.6197810173034668,0.2881394028663635,0.38511198163032534,0.6694017887115479,0.2988155961036682,0.4727699995040894,0.43474180698394777,0.7599980000000001,0.7978102564811707,0.34034980535507203,0.41811099648475647,0.6666706085205079,0.6445551872253418,0.40140311121940614,0.49889399999999995,0.42457979917526245,0.5730114221572876,0.41865267753601076,0.589659989,0.21639700829982758,0.5204988479614258,0.5627816319465637,0.6140238523483277,0.6181749820709228,0.28959938883781433,0.6955163598060607
2284.0,0.8189078211784363,0.5991158246994018,0.9086632847785949,0.6183760166168213,0.28829920291900635,0.3828782856464386,0.6686437845230102,0.29890679717063906,0.4731280028820038,0.4346424102783203,0.760042,0.79718416929245,0.3404434084892273,0.4163829982280731,0.6657188177108765,0.6451815843582154,0.4018215000629425,0.49674199999999996,0.4238334000110626,0.5727052211761474,0.41744415163993837,0.581526995,0.20317845344543456,0.5201781272888184,0.5626193284988403,0.6156447172164917,0.623626983165741,0.28856518864631653,0.6945889949798584
2285.0,0.8178750276565552,0.5981148481369019,0.9088214039802551,0.6169710159301758,0.28845900297164917,0.3806445896625519,0.6678857803344727,0.29899799823760986,0.4734860062599182,0.43454301357269287,0.760086,0.7965580821037292,0.34053701162338257,0.41465499997138977,0.6647670269012451,0.6458079814910889,0.4022398889064789,0.49459,0.4230870008468628,0.5723990201950073,0.41623562574386597,0.573394001,0.18995989859104156,0.5198574066162109,0.5624570250511169,0.6172655820846558,0.6290789842605591,0.2875309884548187,0.693661630153656
2286.0,0.8170022249221802,0.5971540570259094,0.908099102973938,0.6170748114585877,0.28864439725875857,0.3765127420425415,0.6669662237167359,0.29927579760551454,0.47355060577392577,0.4344986081123352,0.7600172000000001,0.7966795206069947,0.3405966103076935,0.4122246026992798,0.6632858157157898,0.6456843852996826,0.399325031042099,0.492486,0.42192280292510986,0.5717986106872559,0.4171225607395172,0.5650493984,0.18594812452793122,0.5186982393264771,0.56284019947052,0.6184293866157532,0.6349681854248047,0.2864867925643921,0.6926734566688537
2287.0,0.8161294221878052,0.596193265914917,0.9073768019676208,0.6171786069869996,0.2888297915458679,0.37238089442253114,0.6660466670989991,0.2995535969734192,0.4736152052879333,0.43445420265197754,0.7599484000000001,0.79680095911026,0.3406562089920044,0.4097942054271698,0.6618046045303345,0.6455607891082764,0.3964101731777191,0.490382,0.42075860500335693,0.5711982011795044,0.41800949573516843,0.5567047958,0.18193635046482087,0.5175390720367432,0.563223373889923,0.6195931911468506,0.6408573865890503,0.28544259667396543,0.6916852831840515
2288.0,0.8152566194534302,0.5952324748039246,0.9066545009613037,0.6172824025154113,0.2890151858329773,0.36824904680252074,0.6651271104812622,0.29983139634132383,0.47367980480194094,0.4344097971916199,0.7598796,0.7969223976135253,0.3407158076763153,0.4073638081550598,0.6603233933448791,0.6454371929168701,0.39349531531333926,0.488278,0.419594407081604,0.570597791671753,0.4188964307308197,0.5483601932000001,0.1779245764017105,0.5163799047470092,0.5636065483093262,0.620756995677948,0.6467465877532959,0.28439840078353884,0.6906971096992492
2289.0,0.8143838167190551,0.5942716836929322,0.9059321999549865,0.6173861980438232,0.28920058012008665,0.3641171991825104,0.6642075538635254,0.3001091957092285,0.4737444043159485,0.4343653917312622,0.7598108,0.7970438361167907,0.3407754063606262,0.4049334108829498,0.6588421821594238,0.6453135967254638,0.39058045744895936,0.486174,0.4184302091598511,0.5699973821640014,0.41978336572647096,0.5400155906,0.17391280233860015,0.5152207374572754,0.5639897227287293,0.6219208002090454,0.6526357889175415,0.2833542048931122,0.6897089362144471
2290.0,0.8135110139846802,0.5933108925819397,0.9052098989486694,0.6174899935722351,0.28938597440719604,0.3599853515625,0.6632879972457886,0.3003869950771332,0.47380900382995605,0.43432098627090454,0.759742,0.7971652746200562,0.34083500504493713,0.40250301361083984,0.6573609709739685,0.6451900005340576,0.38766559958457947,0.48407,0.41726601123809814,0.56939697265625,0.4206703007221222,0.531670988,0.1699010282754898,0.5140615701675415,0.5643728971481323,0.6230846047401428,0.6585249900817871,0.28231000900268555,0.6887207627296448
2291.0,0.8126750111579895,0.5923579812049866,0.9044875621795654,0.6182121992111206,0.28955038189888,0.3558533012866974,0.6623683929443359,0.30056599378585813,0.4745036005973816,0.4342931866645813,0.7597904,0.7972867250442505,0.34091960191726683,0.40047701001167296,0.6559203743934632,0.6451079964637756,0.38475059866905215,0.482638,0.41578260660171507,0.5685845732688903,0.42327192425727844,0.528329194,0.16588906347751617,0.5122509360313415,0.5647560954093933,0.6239972114562988,0.6636631965637207,0.28160540461540223,0.6875662446022034
2292.0,0.8118390083312989,0.5914050698280334,0.9037652254104614,0.6189344048500061,0.28971478939056394,0.3517212510108948,0.6614487886428833,0.30074499249458314,0.4751981973648071,0.43426538705825807,0.7598388,0.7974081754684448,0.34100419878959654,0.3984510064125061,0.6544797778129577,0.6450259923934937,0.38183559775352477,0.481206,0.41429920196533204,0.5677721738815308,0.4258735477924347,0.5249874,0.16187709867954253,0.5104403018951416,0.5651392936706543,0.6249098181724548,0.6688014030456543,0.2809008002281189,0.686411726474762
2293.0,0.8110030055046081,0.5904521584510803,0.9030428886413574,0.6196566104888916,0.28987919688224795,0.34758920073509214,0.6605291843414307,0.3009239912033081,0.4758927941322327,0.4342375874519348,0.7598872,0.7975296258926392,0.3410887956619263,0.39642500281333926,0.6530391812324524,0.6449439883232116,0.37892059683799745,0.479774,0.41281579732894896,0.5669597744941711,0.42847517132759094,0.521645606,0.15786513388156892,0.5086296677589417,0.5655224919319153,0.6258224248886108,0.6739396095275879,0.28019619584083555,0.6852572083473205
2294.0,0.8101670026779175,0.5894992470741272,0.9023205518722535,0.6203788161277771,0.2900436043739319,0.34345715045928954,0.659609580039978,0.3011029899120331,0.4765873908996582,0.4342097878456116,0.7599356,0.7976510763168335,0.341173392534256,0.3943989992141724,0.651598584651947,0.6448619842529297,0.37600559592247007,0.478342,0.41133239269256594,0.5661473751068116,0.4310767948627472,0.518303812,0.15385316908359528,0.5068190336227417,0.5659056901931763,0.6267350316047668,0.6790778160095214,0.27949159145355223,0.6841026902198791
2295.0,0.8093309998512268,0.5885463356971741,0.9015982151031494,0.6211010217666626,0.29020801186561584,0.33932510018348694,0.6586899757385254,0.30128198862075806,0.47728198766708374,0.43418198823928833,0.759984,0.7977725267410278,0.3412579894065857,0.3923729956150055,0.6501579880714417,0.6447799801826477,0.37309059500694275,0.47691,0.40984898805618286,0.5653349757194519,0.43367841839790344,0.514962018,0.14984120428562164,0.5050083994865417,0.5662888884544373,0.6276476383209229,0.6842160224914551,0.2787869870662689,0.6829481720924377
2296.0,0.8084151983261109,0.5878379583358765,0.9027827620506287,0.6228310227394104,0.29036540985107423,0.33265618681907655,0.6577318668365478,0.30095199346542356,0.4782323896884918,0.43413119316101073,0.7603096,0.7972532749176026,0.3413555920124054,0.3913953959941864,0.6489039897918701,0.644352388381958,0.3705222845077515,0.47493,0.4089267909526825,0.5646685838699341,0.43677446246147156,0.5160640124,0.14665685892105101,0.5028022289276123,0.5660055994987487,0.6283098220825195,0.686089813709259,0.2783415913581848,0.6818655133247375
2297.0,0.8074993968009949,0.5871295809745789,0.903967308998108,0.6245610237121582,0.2905228078365326,0.32598727345466616,0.6567737579345703,0.3006219983100891,0.4791827917098999,0.43408039808273313,0.7606352,0.7967340230941773,0.3414531946182251,0.3904177963733673,0.6476499915122986,0.6439247965812683,0.36795397400856017,0.47295,0.40800459384918214,0.5640021920204162,0.4398705065250397,0.5171660068,0.1434725135564804,0.5005960583686828,0.5657223105430603,0.6289720058441162,0.687963604927063,0.2778961956501007,0.6807828545570374
2298.0,0.8065835952758789,0.5864212036132812,0.9051518559455871,0.626291024684906,0.29068020582199094,0.3193183600902557,0.6558156490325928,0.3002920031547546,0.480133193731308,0.4340296030044556,0.7609608,0.7962147712707519,0.3415507972240448,0.3894401967525482,0.646395993232727,0.6434972047805786,0.3653856635093689,0.47097,0.40708239674568175,0.5633358001708985,0.4429665505886078,0.5182680011999999,0.14028816819190978,0.4983898878097534,0.5654390215873718,0.6296341896057129,0.6898373961448669,0.2774507999420166,0.6797001957893372
2299.0,0.8056677937507629,0.5857128262519836,0.9063364028930664,0.6280210256576538,0.29083760380744933,0.3126494467258453,0.6548575401306153,0.2999620079994202,0.4810835957527161,0.433978807926178,0.7612863999999999,0.7956955194473266,0.3416483998298645,0.38846259713172915,0.6451419949531555,0.643069612979889,0.3628173530101776,0.46898999999999996,0.4061601996421814,0.5626694083213806,0.4460625946521759,0.5193699956,0.13710382282733918,0.496183717250824,0.5651557326316834,0.6302963733673096,0.6917111873626709,0.2770054042339325,0.678617537021637
2300.0,0.804751992225647,0.585004448890686,0.9075209498405457,0.6297510266304016,0.2909950017929077,0.30598053336143494,0.6538994312286377,0.2996320128440857,0.48203399777412415,0.4339280128479004,0.761612,0.7951762676239014,0.3417460024356842,0.38748499751091003,0.643887996673584,0.6426420211791992,0.36024904251098633,0.46701,0.40523800253868103,0.5620030164718628,0.449158638715744,0.52047199,0.13391947746276855,0.49397754669189453,0.5648724436759949,0.6309585571289062,0.6935849785804749,0.2765600085258484,0.6775348782539368
2301.0,0.8041781902313232,0.5842582821846009,0.9087055444717407,0.6333708167076111,0.29109880328178406,0.29931130409240725,0.6529412865638733,0.29985141158103945,0.48235719799995425,0.43373401165008546,0.7616428,0.7946569800376893,0.3417443990707397,0.3872785985469818,0.6421507954597473,0.642000412940979,0.3576806128025055,0.46413,0.403779399394989,0.5616758108139038,0.4519855499267578,0.5179345964,0.13073498159646987,0.4900202572345734,0.5645891308784485,0.6311704277992248,0.6934287786483765,0.27614720463752745,0.6762004256248474
2302.0,0.8036043882369995,0.5835121154785157,0.9098901391029358,0.6369906067848206,0.2912026047706604,0.2926420748233795,0.6519831418991089,0.30007081031799315,0.4826803982257843,0.43354001045227053,0.7616736,0.794137692451477,0.3417427957057953,0.3870721995830536,0.6404135942459106,0.6413588047027587,0.35511218309402465,0.46125,0.402320796251297,0.5613486051559449,0.45481246113777163,0.5153972028,0.1275504857301712,0.4860629677772522,0.5643058180809021,0.6313822984695434,0.6932725787162781,0.2757344007492065,0.674865972995758
2303.0,0.8030305862426758,0.5827659487724304,0.9110747337341308,0.64061039686203,0.29130640625953674,0.2859728455543518,0.6510249972343445,0.3002902090549469,0.4830035984516144,0.43334600925445554,0.7617044000000001,0.7936184048652649,0.3417411923408508,0.38686580061912534,0.638676393032074,0.6407171964645386,0.35254375338554383,0.45837,0.40086219310760496,0.5610213994979858,0.4576393723487854,0.5128598092,0.12436598986387253,0.482105678319931,0.5640225052833557,0.6315941691398621,0.6931163787841796,0.27532159686088564,0.6735315203666687
2304.0,0.8024567842483521,0.5820197820663452,0.912259328365326,0.6442301869392395,0.2914102077484131,0.2793036162853241,0.6500668525695801,0.3005096077919006,0.48332679867744444,0.4331520080566406,0.7617352000000001,0.7930991172790527,0.3417395889759064,0.38665940165519713,0.6369391918182373,0.6400755882263184,0.34997532367706297,0.45549,0.39940358996391295,0.5606941938400268,0.4604662835597992,0.5103224156,0.12118149399757386,0.47814838886260985,0.5637391924858093,0.6318060398101807,0.6929601788520813,0.2749087929725647,0.6721970677375794
2305.0,0.8018829822540283,0.58127361536026,0.913443922996521,0.647849977016449,0.29151400923728943,0.2726343870162964,0.6491087079048157,0.30072900652885437,0.48364999890327454,0.4329580068588257,0.761766,0.7925798296928406,0.3417379856109619,0.3864530026912689,0.6352019906044006,0.6394339799880981,0.34740689396858215,0.45261,0.39794498682022095,0.5603669881820679,0.463293194770813,0.507785022,0.11799699813127518,0.4741910994052887,0.5634558796882629,0.6320179104804993,0.6928039789199829,0.2744959890842438,0.67086261510849
2306.0,0.801667582988739,0.5811068177223205,0.9127697706222534,0.6501351833343506,0.2916516065597534,0.26595198810100557,0.6482611536979676,0.3008584022521973,0.4833736002445221,0.43278880715370177,0.7619038,0.7931109309196472,0.34175018668174745,0.38608700037002563,0.6331229925155639,0.6384493827819824,0.346622633934021,0.449384,0.39581298828125,0.5596269845962525,0.465023398399353,0.4983472166,0.11477386653423309,0.46747649908065797,0.5636434674263,0.6321893334388733,0.6937763810157775,0.27418479323387146,0.6694542765617371
2307.0,0.8014521837234497,0.5809400200843811,0.9120956182479858,0.6524203896522522,0.2917892038822174,0.25926958918571474,0.6474135994911194,0.30098779797554015,0.48309720158576963,0.43261960744857786,0.7620416,0.7936420321464539,0.341762387752533,0.38572099804878235,0.6310439944267273,0.6374647855758667,0.3458383738994598,0.446158,0.39368098974227905,0.558886981010437,0.46675360202789307,0.4889094112,0.111550734937191,0.46076189875602724,0.5638310551643372,0.6323607563972473,0.6947487831115723,0.27387359738349915,0.6680459380149841
2308.0,0.8012367844581604,0.5807732224464417,0.9114214658737183,0.6547055959701538,0.2919268012046814,0.25258719027042387,0.6465660452842712,0.30111719369888307,0.48282080292701723,0.432450407743454,0.7621794000000001,0.7941731333732605,0.34177458882331846,0.38535499572753906,0.6289649963378906,0.636480188369751,0.3450541138648987,0.442932,0.3915489912033081,0.5581469774246216,0.4684838056564331,0.4794716058,0.10832760334014893,0.45404729843139646,0.5640186429023742,0.6325321793556213,0.6957211852073669,0.27356240153312683,0.6666375994682312
2309.0,0.8010213851928711,0.5806064248085022,0.9107473134994507,0.6569908022880554,0.2920643985271454,0.24590479135513305,0.6457184910774231,0.30124658942222593,0.4825444042682648,0.4322812080383301,0.7623172,0.7947042346000671,0.341786789894104,0.3849889934062958,0.626885998249054,0.6354955911636353,0.34426985383033754,0.439706,0.38941699266433716,0.5574069738388061,0.47021400928497314,0.4700338004,0.10510447174310684,0.44733269810676574,0.5642062306404114,0.6327036023139954,0.6966935873031617,0.2732512056827545,0.6652292609214783
2310.0,0.8008059859275818,0.5804396271705627,0.9100731611251831,0.659276008605957,0.2922019958496094,0.23922239243984222,0.644870936870575,0.30137598514556885,0.48226800560951233,0.4321120083332062,0.762455,0.7952353358268738,0.3417989909648895,0.3846229910850525,0.6248070001602173,0.6345109939575195,0.34348559379577637,0.43648,0.3872849941253662,0.5566669702529907,0.4719442129135132,0.460595995,0.10188134014606476,0.440618097782135,0.5643938183784485,0.6328750252723694,0.6976659893989563,0.2729400098323822,0.6638209223747253
2311.0,0.7996377944946289,0.5812288403511048,0.9093989849090576,0.6578188061714172,0.29236059784889223,0.23253967463970185,0.644023334980011,0.3014419853687286,0.4820068061351776,0.4320470094680786,0.7622124,0.7957664728164673,0.34181819558143617,0.38348199129104615,0.6226696014404297,0.6333085894584656,0.34270129799842836,0.43428,0.3849027931690216,0.556108582019806,0.47293001413345337,0.4548535942,0.09865805357694626,0.43269129395484923,0.5645814180374146,0.6327139616012574,0.7019641876220704,0.272540408372879,0.6623413562774658
2312.0,0.798469603061676,0.5820180535316467,0.9087248086929322,0.6563616037368775,0.29251919984817504,0.22585695683956147,0.643175733089447,0.3015079855918884,0.4817456066608429,0.43198201060295105,0.7619698,0.7962976098060608,0.3418374001979828,0.3823409914970398,0.6205322027206421,0.6321061849594116,0.34191700220108034,0.43208,0.382520592212677,0.5555501937866211,0.47391581535339355,0.4491111934,0.09543476700782776,0.42476449012756345,0.5647690176963807,0.6325528979301452,0.7062623858451843,0.27214080691337583,0.6608617901802063
2313.0,0.7973014116287231,0.5828072667121887,0.9080506324768066,0.6549044013023376,0.2926778018474579,0.21917423903942107,0.6423281311988831,0.30157398581504824,0.4814844071865082,0.4319170117378235,0.7617271999999999,0.7968287467956543,0.3418566048145294,0.3811999917030334,0.6183948040008544,0.6309037804603577,0.3411327064037323,0.42988,0.3801383912563324,0.5549918055534363,0.47490161657333374,0.4433687926,0.09221148043870926,0.41683768630027773,0.5649566173553466,0.6323918342590332,0.7105605840682984,0.2717412054538727,0.6593822240829468
2314.0,0.7961332201957703,0.5835964798927307,0.9073764562606812,0.6534471988677979,0.2928364038467407,0.2124915212392807,0.6414805293083191,0.301639986038208,0.4812232077121735,0.4318520128726959,0.7614846,0.7973598837852478,0.34187580943107604,0.3800589919090271,0.6162574052810669,0.6297013759613037,0.34034841060638427,0.42768,0.3777561902999878,0.5544334173202514,0.4758874177932739,0.4376263918,0.08898819386959075,0.40891088247299195,0.5651442170143127,0.6322307705879211,0.7148587822914123,0.2713416039943695,0.6579026579856873
2315.0,0.7949650287628174,0.5843856930732727,0.9067022800445557,0.6519899964332581,0.29299500584602356,0.20580880343914032,0.6406329274177551,0.3017059862613678,0.48096200823783875,0.43178701400756836,0.761242,0.7978910207748413,0.3418950140476227,0.37891799211502075,0.6141200065612793,0.6284989714622498,0.33956411480903625,0.42548,0.3753739893436432,0.5538750290870667,0.4768732190132141,0.431883991,0.08576490730047226,0.4009840786457062,0.5653318166732788,0.6320697069168091,0.7191569805145264,0.27094200253486633,0.6564230918884277
2316.0,0.7938500285148621,0.5853922605514527,0.9063244700431824,0.6460179924964905,0.29311880467681883,0.20135040879249572,0.6407032966613769,0.3017015874385834,0.4820744037628174,0.43179880976676943,0.7613184,0.797508156299591,0.34196341037750244,0.377348792552948,0.6129118084907532,0.6272877812385559,0.3385894656181335,0.424536,0.3725369930267334,0.5527834177017212,0.4771859347820282,0.433536792,0.09703254699707031,0.3958950340747833,0.5654022932052613,0.6319309353828431,0.7230501890182495,0.2703532040119171,0.654660415649414
2317.0,0.7927350282669068,0.5863988280296326,0.9059466600418091,0.640045988559723,0.2932426035076141,0.19689201414585114,0.6407736659049987,0.301697188615799,0.483186799287796,0.43181060552597045,0.7613947999999999,0.7971252918243408,0.3420318067073822,0.37577959299087527,0.611703610420227,0.626076591014862,0.33761481642723085,0.423592,0.3696999967098236,0.5516918063163757,0.4774986505508423,0.435189593,0.10830018669366837,0.3908059895038605,0.5654727697372437,0.6317921638488769,0.7269433975219727,0.2697644054889679,0.6528977394104004
2318.0,0.7916200280189514,0.5874053955078125,0.9055688500404357,0.6340739846229553,0.29336640233840944,0.19243361949920654,0.6408440351486206,0.3016927897930145,0.48429919481277467,0.4318224012851715,0.7614712,0.7967424273490906,0.34210020303726196,0.37421039342880247,0.610495412349701,0.6248654007911683,0.3366401672363281,0.422648,0.3668630003929138,0.5506001949310303,0.47781136631965637,0.436842394,0.11956782639026642,0.3857169449329376,0.565543246269226,0.6316533923149109,0.7308366060256958,0.26917560696601867,0.6511350631713867
2319.0,0.7905050277709961,0.5884119629859924,0.9051910400390625,0.6281019806861877,0.2934902011692047,0.18797522485256196,0.6409144043922425,0.3016883909702301,0.4854115903377533,0.43183419704437254,0.7615476,0.7963595628738404,0.3421685993671417,0.3726411938667297,0.6092872142791748,0.6236542105674744,0.33566551804542544,0.421704,0.36402600407600405,0.5495085835456848,0.47812408208847046,0.438495195,0.13083546608686447,0.38062790036201477,0.5656137228012085,0.6315146207809448,0.734729814529419,0.2685868084430695,0.6493723869323731
2320.0,0.7893900275230408,0.5894185304641724,0.9048132300376892,0.6221299767494202,0.293614,0.18351683020591736,0.6409847736358643,0.3016839921474457,0.48652398586273193,0.4318459928035736,0.761624,0.7959766983985901,0.3422369956970215,0.371071994304657,0.6080790162086487,0.6224430203437805,0.3346908688545227,0.42076,0.36118900775909424,0.5484169721603394,0.47843679785728455,0.440147996,0.14210310578346252,0.3755388557910919,0.5656841993331909,0.6313758492469788,0.7386230230331421,0.26799800992012024,0.6476097106933594
2321.0,0.7875922203063965,0.5911580204963685,0.9044354081153869,0.610904586315155,0.2936486005126953,0.1790582239627838,0.6410551548004151,0.30179899334907534,0.4879901885986328,0.4317651927471161,0.7616836,0.7955938220024109,0.34226999878883363,0.370197594165802,0.6076300144195557,0.6211822152137756,0.3337161779403687,0.421288,0.35940340757369993,0.5480843782424927,0.47867698073387144,0.44781179439999996,0.15337128341197967,0.3755534887313843,0.5657546758651734,0.6311315894126892,0.7403684139251709,0.267343008518219,0.6457868814468384
2322.0,0.7857944130897522,0.5928975105285644,0.9040575861930847,0.5996791958808899,0.29368320102539064,0.17459961771965027,0.6411255359649658,0.30191399455070494,0.48945639133453367,0.43168439269065856,0.7617432,0.7952109456062317,0.3423030018806458,0.369323194026947,0.6071810126304626,0.6199214100837708,0.3327414870262146,0.421816,0.3576178073883057,0.547751784324646,0.4789171636104584,0.4554755928,0.16463946104049682,0.37556812167167664,0.5658251523971558,0.6308873295783997,0.7421138048171997,0.26668800711631774,0.6439640522003174
2323.0,0.7839966058731079,0.5946370005607605,0.9036797642707824,0.5884538054466247,0.2937178015380859,0.17014101147651672,0.6411959171295166,0.3020289957523346,0.4909225940704346,0.43160359263420106,0.7618028,0.7948280692100524,0.34233600497245786,0.36844879388809204,0.6067320108413696,0.6186606049537658,0.33176679611206056,0.422344,0.35583220720291137,0.5474191904067993,0.4791573464870453,0.4631393912,0.175907638669014,0.375582754611969,0.5658956289291381,0.6306430697441101,0.7438591957092285,0.2660330057144165,0.6421412229537964
2324.0,0.7821987986564636,0.5963764905929565,0.9033019423484803,0.5772284150123597,0.29375240205078124,0.16568240523338318,0.6412662982940673,0.3021439969539642,0.49238879680633546,0.4315227925777435,0.7618623999999999,0.7944451928138733,0.34236900806427,0.36757439374923706,0.6062830090522766,0.617399799823761,0.33079210519790647,0.422872,0.3540466070175171,0.5470865964889526,0.4793975293636322,0.4708031896,0.18717581629753113,0.37559738755226135,0.5659661054611206,0.6303988099098206,0.7456045866012573,0.26537800431251524,0.6403183937072754
2325.0,0.7804009914398193,0.5981159806251526,0.902924120426178,0.5660030245780945,0.29378700256347656,0.16122379899024963,0.6413366794586182,0.30225899815559387,0.49385499954223633,0.431441992521286,0.761922,0.7940623164176941,0.34240201115608215,0.3666999936103821,0.6058340072631836,0.6161389946937561,0.32981741428375244,0.4234,0.3522610068321228,0.546754002571106,0.4796377122402191,0.478466988,0.19844399392604828,0.3756120204925537,0.566036581993103,0.630154550075531,0.7473499774932861,0.264723002910614,0.6384955644607544
2326.0,0.7783331990242004,0.5999071478843689,0.9026743292808532,0.553378415107727,0.29377360345078124,0.15846329629421235,0.6399952292442321,0.3024675965309143,0.49529080390930175,0.43112499117851255,0.7618592,0.7934348344802856,0.3424004077911377,0.36625019311904905,0.6056218028068543,0.6150335907936096,0.3275508999824524,0.424822,0.35180880427360534,0.5459410071372985,0.47943916320800783,0.4875817898,0.2148115813732147,0.3791792690753937,0.5652508497238159,0.6297934770584106,0.7485401868820191,0.2638142049312592,0.6364088892936707
2327.0,0.7762654066085816,0.6016983151435852,0.9024245381355286,0.5407538056373596,0.2937602043380859,0.15570279359817504,0.6386537790298462,0.30267619490623476,0.49672660827636717,0.43080798983573915,0.7617963999999999,0.7928073525428772,0.34239880442619325,0.3658003926277161,0.6054095983505249,0.6139281868934632,0.32528438568115237,0.426244,0.35135660171508787,0.5451280117034912,0.4792406141757965,0.49669659159999996,0.23117916882038117,0.38274651765823364,0.5644651174545288,0.6294324040412903,0.749730396270752,0.2629054069519043,0.634322214126587
2328.0,0.7741976141929626,0.6034894824028015,0.9021747469902038,0.5281291961669922,0.29374680522539065,0.15294229090213776,0.6373123288154602,0.30288479328155515,0.49816241264343264,0.4304909884929657,0.7617336,0.7921798706054688,0.34239720106124877,0.36535059213638305,0.6051973938941956,0.6128227829933166,0.3230178713798523,0.427666,0.35090439915657046,0.5443150162696838,0.4790420651435852,0.5058113933999999,0.2475467562675476,0.3863137662410736,0.5636793851852417,0.6290713310241699,0.7509206056594848,0.26199660897254945,0.6322355389595031
2329.0,0.7721298217773438,0.6052806496620178,0.9019249558448792,0.5155045866966248,0.2937334061126953,0.15018178820610045,0.6359708786010743,0.3030933916568756,0.49959821701049806,0.4301739871501923,0.7616708,0.7915523886680603,0.34239559769630434,0.36490079164505007,0.6049851894378662,0.6117173790931701,0.32075135707855223,0.429088,0.350452196598053,0.5435020208358765,0.4788435161113739,0.5149261951999999,0.26391434371471406,0.3898810148239136,0.5628936529159546,0.6287102580070496,0.7521108150482178,0.26108781099319456,0.6301488637924194
2330.0,0.7700620293617249,0.6070718169212341,0.9016751646995544,0.5028799772262573,0.293720007,0.14742128551006317,0.6346294283866882,0.30330199003219604,0.5010340213775635,0.4298569858074188,0.761608,0.7909249067306519,0.34239399433135986,0.36445099115371704,0.6047729849815369,0.6106119751930237,0.3184848427772522,0.43051,0.3499999940395355,0.5426890254020691,0.4786449670791626,0.524040997,0.2802819311618805,0.39344826340675354,0.5621079206466675,0.6283491849899292,0.7533010244369507,0.2601790130138397,0.6280621886253357
2331.0,0.7685684204101563,0.6090695858001709,0.9014253735542297,0.4940655827522278,0.29364346270372926,0.14466064870357515,0.6332879066467285,0.3036207914352417,0.5018076181411744,0.4298391878604889,0.7618621999999999,0.7902974009513855,0.34236839413642883,0.3646057903766632,0.6051585912704468,0.6090699791908264,0.31621821522712706,0.43191,0.3501521944999695,0.5418568253517151,0.4784883201122284,0.529966402,0.29665030241012574,0.39792580604553224,0.5613221526145935,0.6278562903404236,0.753747820854187,0.2592728078365326,0.6258744835853577
2332.0,0.7670748114585877,0.6110673546791077,0.901175582408905,0.48525118827819824,0.2935669184074585,0.1419000118970871,0.6319463849067688,0.30393959283828736,0.5025812149047851,0.42982138991355895,0.7621163999999999,0.7896698951721192,0.3423427939414978,0.3647605895996094,0.6055441975593567,0.6075279831886291,0.31395158767700193,0.43331000000000003,0.35030439496040344,0.5410246253013611,0.4783316731452942,0.5358918069999999,0.313018673658371,0.40240334868431094,0.5605363845825195,0.6273633956909179,0.7541946172714233,0.25836660265922545,0.6236867785453797
2333.0,0.765581202507019,0.6130651235580444,0.9009257912635803,0.4764367938041687,0.2934903741111877,0.13913937509059907,0.6306048631668091,0.304258394241333,0.503354811668396,0.42980359196662904,0.7623706,0.7890423893928528,0.3423171937465668,0.36491538882255553,0.6059298038482666,0.6059859871864319,0.31168496012687685,0.43471,0.3504565954208374,0.5401924252510071,0.47817502617836,0.541817212,0.3293870449066162,0.4068808913230896,0.5597506165504456,0.6268705010414124,0.7546414136886597,0.25746039748191835,0.6214990735054016
2334.0,0.7640875935554504,0.6150628924369812,0.9006760001182557,0.46762239933013916,0.293413829814917,0.136378738284111,0.6292633414268494,0.3045771956443787,0.5041284084320068,0.4297857940196991,0.7626248,0.7884148836135865,0.34229159355163574,0.36507018804550173,0.6063154101371765,0.6044439911842346,0.3094183325767517,0.43611,0.35060879588127136,0.5393602252006531,0.47801837921142576,0.5477426169999999,0.34575541615486144,0.4113584339618683,0.5589648485183716,0.6263776063919068,0.755088210105896,0.2565541923046112,0.6193113684654236
2335.0,0.7625939846038818,0.617060661315918,0.9004262089729309,0.4588080048561096,0.29333728551864624,0.13361810147762299,0.6279218196868896,0.3048959970474243,0.5049020051956177,0.42976799607276917,0.762879,0.7877873778343201,0.3422659933567047,0.3652249872684479,0.6067010164260864,0.6029019951820374,0.3071517050266266,0.43751,0.3507609963417053,0.5385280251502991,0.4778617322444916,0.553668022,0.3621237874031067,0.415835976600647,0.5581790804862976,0.6258847117424011,0.7555350065231323,0.2556479871273041,0.6171236634254456
2336.0,0.7622705936431885,0.6187875986099243,0.900794780254364,0.4546554028987885,0.29315983057022094,0.13475029468536376,0.6271690726280212,0.30495319962501527,0.5062114000320435,0.4298391997814178,0.7626535999999999,0.7872367143630982,0.342276394367218,0.3659185886383057,0.607270610332489,0.6018342018127442,0.3059276044368744,0.441118,0.35186379551887514,0.537648618221283,0.4775091052055359,0.5564854144,0.3655705749988556,0.4204235732555389,0.557193660736084,0.6247807741165161,0.7557546019554138,0.25449898838996887,0.6147256851196289
2337.0,0.7619472026824952,0.6205145359039307,0.9011633515357971,0.4505028009414673,0.29298237562179563,0.13588248789310456,0.6264163255691528,0.3050104022026062,0.5075207948684692,0.42991040349006654,0.7624282,0.7866860508918763,0.3422867953777313,0.3666121900081635,0.6078402042388916,0.600766408443451,0.3047035038471222,0.444726,0.3529665946960449,0.5367692112922668,0.4771564781665802,0.5593028068,0.3690173625946045,0.4250111699104309,0.5562082409858704,0.6236768364906311,0.7559741973876953,0.25334998965263367,0.6123277068138122
2338.0,0.7616238117218017,0.622241473197937,0.9015319228172303,0.44635019898414613,0.2928049206733704,0.13701468110084533,0.6256635785102844,0.3050676047801971,0.508830189704895,0.4299816071987152,0.7622028,0.7861353874206543,0.34229719638824463,0.3673057913780212,0.6084097981452942,0.5996986150741577,0.30347940325737,0.448334,0.35406939387321473,0.5358898043632507,0.4768038511276245,0.5621201992,0.3724641501903534,0.42959876656532286,0.5552228212356567,0.6225728988647461,0.7561937928199768,0.25220099091529846,0.6099297285079956
2339.0,0.7613004207611084,0.6239684104919434,0.9019004940986634,0.44219759702682493,0.2926274657249451,0.13814687430858613,0.624910831451416,0.3051248073577881,0.5101395845413208,0.4300528109073639,0.7619774,0.7855847239494324,0.34230759739875793,0.367999392747879,0.6089793920516968,0.5986308217048645,0.3022553026676178,0.451942,0.3551721930503845,0.5350103974342346,0.4764512240886688,0.5649375916,0.3759109377861023,0.43418636322021487,0.5542374014854431,0.6214689612388611,0.7564133882522583,0.25105199217796326,0.607531750202179
2340.0,0.760977029800415,0.6256953477859497,0.9022690653800964,0.4380449950695038,0.2924500107765198,0.1392790675163269,0.6241580843925476,0.30518200993537903,0.5114489793777466,0.4301240146160126,0.761752,0.7850340604782104,0.34231799840927124,0.3686929941177368,0.6095489859580994,0.5975630283355713,0.3010312020778656,0.45555,0.3562749922275543,0.5341309905052185,0.47609859704971313,0.567754984,0.3793577253818512,0.4387739598751068,0.5532519817352295,0.6203650236129761,0.7566329836845398,0.24990299344062805,0.6051337718963623
2341.0,0.762127423286438,0.6271100521087647,0.9026376485824585,0.43592479825019836,0.2922043681144714,0.140411314368248,0.6234052896499633,0.30546060800552366,0.5123661875724792,0.42997761368751525,0.7618744,0.7844833731651306,0.34234519600868224,0.3697139978408813,0.6081775903701783,0.5964940190315247,0.29980704188346863,0.46022,0.3593951940536499,0.5329673886299133,0.4755267918109894,0.5692045928,0.38280467987060546,0.4420440375804901,0.552266526222229,0.6192883253097534,0.7565023899078369,0.2486997961997986,0.6026450872421265
2342.0,0.763277816772461,0.6285247564315796,0.9030062317848205,0.43380460143089294,0.2919587254524231,0.14154356122016906,0.6226524949073792,0.30573920607566835,0.5132833957672119,0.4298312127590179,0.7619968,0.7839326858520508,0.34237239360809324,0.3707350015640259,0.6068061947822571,0.595425009727478,0.29858288168907166,0.46489,0.36251539587974546,0.5318037867546082,0.47495498657226565,0.5706542016,0.3862516343593597,0.4453141152858734,0.5512810707092285,0.6182116270065308,0.756371796131134,0.2474965989589691,0.6001564025878906
2343.0,0.7644282102584838,0.6299394607543946,0.9033748149871826,0.4316844046115875,0.2917130827903748,0.14267580807209015,0.6218997001647949,0.306017804145813,0.5142006039619446,0.42968481183052065,0.7621192,0.783381998538971,0.3423995912075043,0.3717560052871704,0.605434799194336,0.5943560004234314,0.2973587214946747,0.46956,0.3656355977058411,0.530640184879303,0.47438318133354185,0.5721038104,0.38969858884811404,0.44858419299125674,0.550295615196228,0.6171349287033081,0.7562412023544312,0.24629340171813965,0.5976677179336548
2344.0,0.7655786037445068,0.6313541650772094,0.9037433981895446,0.4295642077922821,0.2914674401283264,0.14380805492401122,0.6211469054222107,0.30629640221595766,0.5151178121566773,0.4295384109020233,0.7622416000000001,0.7828313112258911,0.3424267888069153,0.37277700901031496,0.6040634036064148,0.5932869911193848,0.2961345613002777,0.47423,0.36875579953193666,0.5294765830039978,0.4738113760948181,0.5735534192,0.3931455433368683,0.45185427069664,0.5493101596832275,0.6160582304000854,0.7561106085777283,0.24509020447731017,0.5951790332794189
2345.0,0.7667289972305298,0.6327688694000244,0.9041119813919067,0.4274440109729767,0.2912217974662781,0.1449403017759323,0.6203941106796265,0.3065750002861023,0.5160350203514099,0.429392009973526,0.762364,0.7822806239128113,0.3424539864063263,0.3737980127334595,0.6026920080184937,0.5922179818153381,0.29491040110588074,0.4789,0.3718760013580322,0.5283129811286926,0.47323957085609436,0.575003028,0.39659249782562256,0.4551243484020233,0.548324704170227,0.6149815320968628,0.7559800148010254,0.2438870072364807,0.5926903486251831
2346.0,0.7690101981163024,0.6331356883049011,0.9041409254074096,0.42506080865859985,0.29100889557302245,0.15162891149520874,0.6197063088417053,0.3066578030586243,0.5165488123893738,0.4293444097042084,0.7622446,0.7820330262184143,0.34235618710517884,0.37503700852394106,0.6001090049743653,0.5915879845619202,0.2955544352531433,0.48262,0.37554740309715273,0.5274199843406677,0.47257242202758787,0.5745482208,0.39215714335441587,0.45689181685447694,0.5467843651771546,0.6133597612380981,0.7557344079017639,0.24251260459423066,0.5899905562400818
2347.0,0.7712913990020752,0.6335025072097779,0.9041698694229126,0.422677606344223,0.29079599367976683,0.15831752121448517,0.6190185070037841,0.30674060583114626,0.5170626044273376,0.42929680943489074,0.7621252000000001,0.7817854285240173,0.3422583878040314,0.3762760043144226,0.5975260019302369,0.5909579873085022,0.2961984694004059,0.48634,0.3792188048362732,0.5265269875526428,0.47190527319908143,0.5740934136,0.38772178888320924,0.45865928530693056,0.5452440261840821,0.6117379903793335,0.7554888010025025,0.2411382019519806,0.5872907638549805
2348.0,0.7735725998878479,0.6338693261146545,0.9041988134384156,0.4202944040298462,0.29058309178651126,0.1650061309337616,0.6183307051658631,0.3068234086036682,0.5175763964653015,0.42924920916557313,0.7620058,0.7815378308296204,0.3421605885028839,0.3775150001049042,0.5949429988861084,0.5903279900550842,0.29684250354766845,0.49006,0.3828902065753937,0.5256339907646179,0.47123812437057494,0.5736386064000001,0.38328643441200255,0.46042675375938413,0.5437036871910095,0.6101162195205688,0.7552431941032409,0.23976379930973052,0.5845909714698792
2349.0,0.7758538007736206,0.6342361450195313,0.9042277574539185,0.41791120171546936,0.29037018989325564,0.17169474065303802,0.6176429033279419,0.3069062113761902,0.5180901885032654,0.42920160889625547,0.7618864,0.7812902331352234,0.34206278920173644,0.3787539958953857,0.59235999584198,0.5896979928016662,0.29748653769493105,0.49378,0.38656160831451414,0.524740993976593,0.4705709755420685,0.5731837992000001,0.3788510799407959,0.46219422221183776,0.542163348197937,0.6084944486618042,0.7549975872039795,0.23838939666748046,0.5818911790847778
2350.0,0.7781350016593933,0.634602963924408,0.9042567014694214,0.41552799940109253,0.290157288,0.17838335037231445,0.6169551014900208,0.30698901414871216,0.5186039805412292,0.42915400862693787,0.761767,0.7810426354408264,0.341964989900589,0.3799929916858673,0.5897769927978516,0.5890679955482483,0.2981305718421936,0.4975,0.39023301005363464,0.5238479971885681,0.469903826713562,0.572728992,0.37441572546958923,0.4639616906642914,0.5406230092048645,0.6068726778030396,0.754751980304718,0.2370149940252304,0.5791913866996765
2351.0,0.781862199306488,0.6344651222229004,0.9042856454849243,0.4117900013923645,0.2898704228,0.18507227897644044,0.6162672758102417,0.3074250102043152,0.519261384010315,0.42897140979766846,0.7617436,0.7807950258255005,0.3420703947544098,0.3811925947666168,0.5873475909233093,0.588785195350647,0.29877463579177854,0.499222,0.3927784085273743,0.5226887941360474,0.4691279649734497,0.5717495922,0.36998016238212583,0.46436710357666017,0.5390825867652893,0.6055337429046631,0.7537855863571167,0.23559019565582276,0.5765829086303711
2352.0,0.7855893969535828,0.6343272805213929,0.9043145895004272,0.40805200338363645,0.28958355760000004,0.19176120758056642,0.6155794501304627,0.3078610062599182,0.5199187874794007,0.42878881096839905,0.7617202,0.7805474162101745,0.3421757996082306,0.38239219784736633,0.5849181890487671,0.5885023951530457,0.29941869974136354,0.500944,0.3953238070011139,0.5215295910835266,0.4683521032333374,0.5707701924,0.3655445992946625,0.46477251648902895,0.5375421643257141,0.6041948080062867,0.7528191924095153,0.2341653972864151,0.5739744305610657
2353.0,0.7893165946006775,0.6341894388198852,0.9043435335159302,0.40431400537490847,0.2892966924,0.19845013618469237,0.6148916244506836,0.30829700231552126,0.5205761909484863,0.42860621213912964,0.7616968000000001,0.7802998065948487,0.3422812044620514,0.38359180092811584,0.5824887871742248,0.5882195949554443,0.3000627636909485,0.502666,0.3978692054748535,0.5203703880310059,0.4675762414932251,0.5697907926,0.3611090362071991,0.4651779294013977,0.5360017418861389,0.6028558731079101,0.7518527984619141,0.23274059891700744,0.5713659524917603
2354.0,0.7930437922477722,0.6340515971183777,0.9043724775314331,0.40057600736618043,0.2890098272,0.20513906478881835,0.6142037987709046,0.3087329983711243,0.521233594417572,0.42842361330986023,0.7616734000000001,0.7800521969795227,0.34238660931587217,0.38479140400886536,0.5800593852996826,0.587936794757843,0.30070682764053347,0.504388,0.40041460394859313,0.5192111849784851,0.4668003797531128,0.5688113928,0.35667347311973574,0.46558334231376647,0.5344613194465637,0.6015169382095337,0.7508864045143128,0.2313158005475998,0.5687574744224548
2355.0,0.7967709898948669,0.6339137554168701,0.904401421546936,0.3968380093574524,0.288722962,0.21182799339294434,0.6135159730911255,0.3091689944267273,0.5218909978866577,0.4282410144805908,0.76165,0.7798045873641968,0.342492014169693,0.38599100708961487,0.5776299834251404,0.5876539945602417,0.3013508915901184,0.50611,0.40296000242233276,0.5180519819259644,0.4660245180130005,0.567831993,0.35223791003227234,0.46598875522613525,0.5329208970069885,0.6001780033111572,0.7499200105667114,0.22989100217819214,0.5661489963531494
2356.0,0.8002283930778503,0.6335163354873657,0.9044753313064575,0.39571300745010374,0.2883850990597626,0.22216953635215758,0.6121537804603576,0.3094897925853729,0.5225927948951721,0.42803741097450254,0.7617572,0.7796087741851807,0.34254100918769836,0.3873042047023773,0.5758919835090637,0.5881085991859436,0.30225496292114257,0.505988,0.40436460375785827,0.5170015811920166,0.46546521186828616,0.5663567899999999,0.35027281641960145,0.4659182012081146,0.5308604121208191,0.5982421278953552,0.7486692070960999,0.22841140031814575,0.5635968446731567
2357.0,0.8036857962608337,0.6331189155578614,0.904549241065979,0.39458800554275514,0.28804723611952515,0.23251107931137086,0.6107915878295899,0.30981059074401857,0.5232945919036865,0.4278338074684143,0.7618644,0.7794129610061645,0.34259000420570374,0.38861740231513975,0.5741539835929871,0.5885632038116455,0.3031590342521667,0.5058659999999999,0.40576920509338377,0.5159511804580689,0.46490590572357177,0.564881587,0.34830772280693056,0.46584764719009397,0.5287999272346496,0.5963062524795533,0.7474184036254883,0.22693179845809935,0.5610446929931641
2358.0,0.8071431994438172,0.6327214956283569,0.9046231508255005,0.3934630036354065,0.28770937317928774,0.2428526222705841,0.609429395198822,0.3101313889026642,0.5239963889122009,0.42763020396232604,0.7619716000000001,0.7792171478271485,0.3426389992237091,0.38993059992790224,0.5724159836769104,0.5890178084373474,0.30406310558319094,0.505744,0.4071738064289093,0.5149007797241211,0.46434659957885743,0.563406384,0.3463426291942596,0.4657770931720734,0.5267394423484802,0.5943703770637512,0.7461676001548767,0.225452196598053,0.5584925413131714
2359.0,0.8106006026268006,0.6323240756988525,0.904697060585022,0.3923380017280579,0.2873715102390503,0.2531941652297974,0.6080672025680542,0.31045218706130984,0.5246981859207154,0.4274266004562378,0.7620788000000001,0.7790213346481323,0.3426879942417145,0.3912437975406647,0.5706779837608338,0.5894724130630493,0.3049671769142151,0.5056219999999999,0.4085784077644348,0.5138503789901734,0.46378729343414304,0.5619311810000001,0.34437753558158873,0.46570653915405275,0.5246789574623107,0.5924345016479492,0.7449167966842651,0.2239725947380066,0.5559403896331787
2360.0,0.8140580058097839,0.6319266557693481,0.9047709703445435,0.39121299982070923,0.28703364729881287,0.2635357081890106,0.6067050099372864,0.31077298521995544,0.5253999829292297,0.42722299695014954,0.762186,0.7788255214691162,0.34273698925971985,0.3925569951534271,0.5689399838447571,0.5899270176887512,0.30587124824523926,0.5055,0.4099830090999603,0.5127999782562256,0.4632279872894287,0.560455978,0.34241244196891785,0.4656359851360321,0.5226184725761414,0.5904986262321472,0.7436659932136536,0.2224929928779602,0.553388237953186
2361.0,0.8170464038848877,0.6306367874145508,0.9048448920249939,0.3949003994464874,0.28660492300987245,0.2738777458667755,0.6053427457809448,0.3109855890274048,0.5258805871009826,0.4272063970565796,0.762082,0.7786296963691711,0.3427561938762665,0.39394659399986265,0.5693737864494324,0.5901870131492615,0.30677536129951477,0.504222,0.41047040820121766,0.5119115829467773,0.46256932616233826,0.5590431810000001,0.3404472529888153,0.4642553985118866,0.5205578804016113,0.5886433601379395,0.742111599445343,0.22099179327487944,0.5508766889572143
2362.0,0.8200348019599915,0.6293469190597534,0.9049188137054444,0.3985877990722656,0.28617619872093203,0.2842197835445404,0.6039804816246033,0.3111981928348541,0.5263611912727356,0.42718979716300964,0.761978,0.778433871269226,0.34277539849281313,0.39533619284629823,0.5698075890541077,0.5904470086097717,0.3076794743537903,0.502944,0.410957807302475,0.5110231876373291,0.4619106650352478,0.557630384,0.3384820640087128,0.4628748118877411,0.5184972882270813,0.5867880940437317,0.7405572056770324,0.2194905936717987,0.5483651399612427
2363.0,0.8230232000350952,0.6280570507049561,0.9049927353858948,0.40227519869804385,0.28574747443199155,0.2945618212223053,0.6026182174682617,0.3114107966423035,0.5268417954444885,0.4271731972694397,0.7618739999999999,0.778238046169281,0.3427946031093597,0.39672579169273375,0.570241391658783,0.590707004070282,0.3085835874080658,0.501666,0.4114452064037323,0.5101347923278808,0.46125200390815735,0.556217587,0.3365168750286102,0.46149422526359557,0.5164366960525513,0.584932827949524,0.739002811908722,0.21798939406871795,0.545853590965271
2364.0,0.826011598110199,0.6267671823501587,0.9050666570663453,0.40596259832382203,0.28531875014305114,0.3049038589000702,0.6012559533119202,0.3116234004497528,0.5273223996162415,0.42715659737586975,0.76177,0.778042221069336,0.34281380772590636,0.39811539053916933,0.5706751942634583,0.5909669995307922,0.3094877004623413,0.5003879999999999,0.4119326055049896,0.5092463970184327,0.4605933427810669,0.5548047899999999,0.3345516860485077,0.4601136386394501,0.5143761038780212,0.5830775618553161,0.7374484181404114,0.21648819446563722,0.5433420419692994
2365.0,0.8289999961853027,0.6254773139953613,0.9051405787467957,0.4096499979496002,0.2848900258541107,0.3152458965778351,0.5998936891555786,0.31183600425720215,0.5278030037879944,0.4271399974822998,0.761666,0.7778463959693909,0.342833012342453,0.39950498938560486,0.5711089968681335,0.5912269949913025,0.3103918135166168,0.49911,0.41242000460624695,0.5083580017089844,0.45993468165397644,0.553391993,0.33258649706840515,0.45873305201530457,0.5123155117034912,0.5812222957611084,0.7358940243721008,0.21498699486255646,0.5408304929733276
2366.0,0.830966591835022,0.6245855331420899,0.904623293876648,0.4162271976470947,0.2843971252441406,0.32538906335830686,0.5982352018356323,0.31190980076789854,0.5280336022377015,0.4271795988082886,0.7617558,0.7777637243270874,0.3428770124912262,0.40082399249076844,0.5709656000137329,0.591595196723938,0.31205250024795533,0.497442,0.4118496060371399,0.5077864050865173,0.4594096660614014,0.550505793,0.32367687225341796,0.456477677822113,0.510667359828949,0.5789109706878662,0.7336112141609192,0.21328759491443633,0.5384772300720215
2367.0,0.8329331874847412,0.6236937522888184,0.9041060090065003,0.42280439734458924,0.28390422463417053,0.3355322301387787,0.5965767145156861,0.311983597278595,0.5282642006874084,0.42721920013427733,0.7618456,0.7776810526847839,0.3429210126399994,0.40214299559593203,0.5708222031593323,0.5919633984565735,0.31371318697929385,0.495774,0.4112792074680328,0.5072148084640503,0.4588846504688263,0.547619593,0.31476724743843076,0.4542223036289215,0.5090192079544067,0.5765996456146241,0.7313284039497375,0.21158819496631623,0.5361239671707153
2368.0,0.8348997831344604,0.6228019714355468,0.9035887241363525,0.42938159704208373,0.28341132402420044,0.3456753969192505,0.5949182271957397,0.31205739378929137,0.5284947991371155,0.4272588014602661,0.7619353999999999,0.7775983810424805,0.34296501278877256,0.40346199870109556,0.5706788063049316,0.5923316001892089,0.3153738737106323,0.494106,0.4107088088989258,0.5066432118415832,0.4583596348762512,0.544733393,0.3058576226234436,0.45196692943572997,0.5073710560798645,0.5742883205413818,0.7290455937385559,0.2098887950181961,0.5337707042694092
2369.0,0.8368663787841797,0.6219101905822754,0.9030714392662048,0.43595879673957827,0.28291842341423035,0.3558185636997223,0.5932597398757935,0.3121311902999878,0.5287253975868225,0.42729840278625486,0.7620252,0.777515709400177,0.34300901293754577,0.40478100180625914,0.570535409450531,0.5926998019218445,0.3170345604419708,0.492438,0.41013841032981874,0.5060716152191163,0.45783461928367614,0.541847193,0.29694799780845643,0.4497115552425385,0.5057229042053223,0.5719769954681396,0.7267627835273742,0.208189395070076,0.531417441368103
2370.0,0.8388329744338989,0.6210184097290039,0.9025541543960571,0.44253599643707275,0.28242552280426025,0.3659617304801941,0.5916012525558472,0.3122049868106842,0.5289559960365295,0.42733800411224365,0.762115,0.7774330377578735,0.34305301308631897,0.40610000491142273,0.5703920125961304,0.59306800365448,0.3186952471733093,0.49077,0.40956801176071167,0.5055000185966492,0.4573096036911011,0.538960993,0.28803837299346924,0.4474561810493469,0.50407475233078,0.5696656703948975,0.7244799733161926,0.20648999512195587,0.5290641784667969
2371.0,0.8399513840675354,0.6202164888381958,0.9020368456840515,0.44802339673042296,0.28187533020973204,0.37610538601875304,0.5899426817893982,0.31226779222488404,0.5293045997619629,0.42705480456352235,0.762064,0.7773503661155701,0.34316681027412416,0.40715980529785156,0.5688202142715454,0.5935881972312927,0.3203560173511505,0.48909199999999997,0.4084830105304718,0.5048788189888,0.4566850781440735,0.5348275898,0.27912831902503965,0.4435842752456665,0.5024265229701996,0.567138385772705,0.722491979598999,0.20465899705886842,0.5267461776733399
2372.0,0.8410697937011719,0.6194145679473877,0.9015195369720459,0.45351079702377317,0.28132513761520384,0.386249041557312,0.5882841110229492,0.3123305976390839,0.5296532034873962,0.42677160501480105,0.7620129999999999,0.7772676944732666,0.34328060746192934,0.4082196056842804,0.5672484159469604,0.5941083908081055,0.3220167875289917,0.48741399999999996,0.40739800930023196,0.5042576193809509,0.4560605525970459,0.5306941866,0.2702182650566101,0.4397123694419861,0.5007782936096191,0.5646111011505127,0.7205039858818054,0.20282799899578094,0.5244281768798829
2373.0,0.8421882033348084,0.6186126470565796,0.9010022282600403,0.45899819731712344,0.2807749450206757,0.396392697095871,0.5866255402565003,0.31239340305328367,0.5300018072128296,0.4264884054660797,0.761962,0.7771850228309631,0.3433944046497345,0.40927940607070923,0.5656766176223755,0.5946285843849182,0.3236775577068329,0.485736,0.40631300806999204,0.5036364197731018,0.4554360270500183,0.5265607834,0.26130821108818053,0.43584046363830564,0.4991300642490387,0.5620838165283203,0.7185159921646118,0.2009970009326935,0.5221101760864257
2374.0,0.8433066129684448,0.6178107261657715,0.9004849195480347,0.46448559761047364,0.28022475242614747,0.40653635263442994,0.5849669694900512,0.3124562084674835,0.530350410938263,0.4262052059173584,0.761911,0.7771023511886597,0.34350820183753966,0.41033920645713806,0.5641048192977905,0.5951487779617309,0.3253383278846741,0.484058,0.4052280068397522,0.5030152201652527,0.4548115015029907,0.5224273802,0.252398157119751,0.43196855783462523,0.49748183488845826,0.559556531906128,0.7165279984474182,0.199166002869606,0.5197921752929687
2375.0,0.8444250226020813,0.6170088052749634,0.899967610836029,0.46997299790382385,0.27967455983161926,0.4166800081729889,0.5833083987236023,0.31251901388168335,0.5306990146636963,0.4259220063686371,0.76186,0.7770196795463562,0.34362199902534485,0.4113990068435669,0.5625330209732056,0.5956689715385437,0.32699909806251526,0.48238,0.40414300560951233,0.5023940205574036,0.45418697595596313,0.518293977,0.2434881031513214,0.4280966520309448,0.4958336055278778,0.5570292472839355,0.7145400047302246,0.19733500480651855,0.5174741744995117
2376.0,0.8452920198440552,0.6159145712852478,0.8998364806175232,0.47152639627456666,0.2790558100652954,0.42279155254364015,0.5809154629707336,0.31281101107597353,0.5310368061065673,0.4261872053146362,0.7619504,0.7764842748641968,0.3435926020145416,0.4118228077888489,0.5597704172134399,0.5959973812103272,0.3270136177539825,0.48092399999999996,0.4032906055450439,0.5014260172843933,0.4533572316169739,0.5142885806,0.23849937915802003,0.42252997159957884,0.49365983009338377,0.5539435386657715,0.7119350075721741,0.19521300494670868,0.5153068661689758
2377.0,0.846159017086029,0.6148203372955322,0.8997053503990173,0.47307979464530947,0.27843706029897153,0.4289030969142914,0.578522527217865,0.31310300827026366,0.5313745975494385,0.42645240426063535,0.7620408,0.7759488701820374,0.3435632050037384,0.4122466087341309,0.5570078134536743,0.5963257908821106,0.32702813744544984,0.479468,0.4024382054805756,0.500458014011383,0.45252748727798464,0.5102831842,0.23351065516471864,0.4169632911682129,0.4914860546588898,0.5508578300476075,0.7093300104141236,0.1930910050868988,0.5131395578384399
2378.0,0.847026014328003,0.6137261033058167,0.8995742201805115,0.4746331930160522,0.2778183105326477,0.4350146412849426,0.5761295914649963,0.31339500546455384,0.5317123889923095,0.42671760320663454,0.7621312,0.7754134654998779,0.3435338079929352,0.4126704096794128,0.5542452096939087,0.5966542005538941,0.3270426571369171,0.478012,0.40158580541610717,0.4994900107383728,0.45169774293899534,0.5062777878,0.22852193117141723,0.4113966107368469,0.48931227922439574,0.5477721214294433,0.706725013256073,0.19096900522708893,0.5109722495079041
2379.0,0.8478930115699768,0.612631869316101,0.8994430899620056,0.47618659138679503,0.27719956076632385,0.44112618565559386,0.5737366557121277,0.31368700265884397,0.5320501804351807,0.4269828021526337,0.7622215999999999,0.7748780608177185,0.34350441098213197,0.4130942106246948,0.5514826059341431,0.5969826102256774,0.3270571768283844,0.47655600000000004,0.4007334053516388,0.49852200746536257,0.4508679986000061,0.5022723914,0.22353320717811584,0.405829930305481,0.48713850378990176,0.5446864128112793,0.7041200160980224,0.18884700536727905,0.5088049411773682
2380.0,0.8487600088119507,0.6115376353263855,0.8993119597434998,0.47773998975753784,0.276580811,0.4472377300262451,0.571343719959259,0.31397899985313416,0.5323879718780518,0.4272480010986328,0.762312,0.7743426561355591,0.34347501397132874,0.4135180115699768,0.5487200021743774,0.5973110198974609,0.3270716965198517,0.4751,0.3998810052871704,0.4975540041923523,0.45003825426101685,0.498266995,0.21854448318481445,0.400263249874115,0.4849647283554077,0.5416007041931152,0.7015150189399719,0.18672500550746918,0.5066376328468323
2381.0,0.8490876078605651,0.6102838397026062,0.8991808295249939,0.4771341919898987,0.27590737979999996,0.45334898829460146,0.5689509034156799,0.31433039903640747,0.5322617769241333,0.4270925998687744,0.7623518,0.7738072752952576,0.3435658097267151,0.4133634090423584,0.546681797504425,0.5971606135368347,0.32708621621131895,0.47433400000000003,0.3995236039161682,0.49670600295066836,0.44913896918296814,0.4946083964,0.21355599761009217,0.39353800415992735,0.4827910602092743,0.5384291529655456,0.6984262108802796,0.18431300520896912,0.5046878457069397
2382.0,0.8494152069091797,0.6090300440788269,0.899049699306488,0.4765283942222595,0.2752339486,0.45946024656295775,0.5665580868721009,0.3146817982196808,0.5321355819702148,0.426937198638916,0.7623916000000001,0.773271894454956,0.3436566054821014,0.41320880651474,0.5446435928344726,0.5970102071762085,0.32710073590278627,0.47356800000000004,0.399166202545166,0.49585800170898436,0.44823968410491943,0.4909497978,0.20856751203536988,0.38681275844573976,0.48061739206314086,0.5352576017379761,0.6953374028205872,0.18190100491046907,0.5027380585670471
2383.0,0.8497428059577942,0.6077762484550476,0.8989185690879822,0.4759225964546204,0.2745605174,0.4655715048313141,0.5641652703285217,0.3150331974029541,0.5320093870162964,0.42678179740905764,0.7624314,0.7727365136146546,0.3437474012374878,0.41305420398712156,0.5426053881645203,0.5968598008155823,0.32711525559425353,0.472802,0.39880880117416384,0.4950100004673004,0.4473403990268707,0.4872911992,0.20357902646064757,0.3800875127315521,0.47844372391700746,0.5320860505104065,0.6922485947608947,0.17948900461196898,0.5007882714271545
2384.0,0.8500704050064087,0.6065224528312683,0.8987874388694763,0.4753167986869812,0.2738870862,0.4716827630996704,0.5617724537849427,0.3153845965862274,0.5318831920623779,0.42662639617919923,0.7624712,0.772201132774353,0.34383819699287416,0.41289960145950316,0.5405671834945679,0.5967093944549561,0.32712977528572085,0.472036,0.39845139980316163,0.49416199922561643,0.446441113948822,0.4836326006,0.1985905408859253,0.3733622670173645,0.476270055770874,0.528914499282837,0.6891597867012024,0.17707700431346893,0.49883848428726196
2385.0,0.8503980040550232,0.605268657207489,0.8986563086509705,0.47471100091934204,0.273213655,0.47779402136802673,0.5593796372413635,0.31573599576950073,0.5317569971084595,0.4264709949493408,0.762511,0.7716657519340515,0.3439289927482605,0.41274499893188477,0.5385289788246155,0.5965589880943298,0.3271442949771881,0.47127,0.3980939984321594,0.4933139979839325,0.4455418288707733,0.479974002,0.193602055311203,0.3666370213031769,0.4740963876247406,0.5257429480552673,0.68607097864151,0.17466500401496887,0.4968886971473694
2386.0,0.850812804698944,0.6042818784713745,0.8983148574829102,0.474466598033905,0.27250255365774534,0.4820504724979401,0.556956696510315,0.3160277962684631,0.5318390011787415,0.42634299397468567,0.7623106000000001,0.7712292909622193,0.3439595937728882,0.4127507984638214,0.5390295863151551,0.596762192249298,0.3267010927200317,0.47049,0.397666996717453,0.4923089981079102,0.44450838565826417,0.477967203,0.19585975110530854,0.3603545844554901,0.47182207703590395,0.5219674706459045,0.6823411822319031,0.17211840450763702,0.4950879395008087
2387.0,0.851227605342865,0.60329509973526,0.8979734063148499,0.47422219514846803,0.27179145231549073,0.4863069236278534,0.5545337557792663,0.31631959676742555,0.5319210052490234,0.4262149930000305,0.7621102000000001,0.770792829990387,0.34399019479751586,0.41275659799575803,0.5395301938056946,0.5969653964042664,0.32625789046287534,0.46971,0.3972399950027466,0.4913039982318878,0.443474942445755,0.475960404,0.19811744689941407,0.35407214760780337,0.46954776644706725,0.5181919932365417,0.6786113858222962,0.16957180500030516,0.493287181854248
2388.0,0.8516424059867859,0.6023083209991456,0.8976319551467895,0.473977792263031,0.2710803509732361,0.49056337475776673,0.5521108150482178,0.31661139726638793,0.5320030093193054,0.42608699202537537,0.7619098,0.7703563690185546,0.34402079582214357,0.4127623975276947,0.5400308012962342,0.5971686005592346,0.325814688205719,0.46893,0.39681299328804015,0.4902989983558655,0.4424414992332458,0.473953605,0.20037514269351958,0.34778971076011655,0.4672734558582306,0.514416515827179,0.6748815894126892,0.16702520549297334,0.4914864242076874
2389.0,0.8520572066307068,0.601321542263031,0.8972905039787292,0.473733389377594,0.27036924963098147,0.49481982588768003,0.5496878743171691,0.31690319776535036,0.5320850133895874,0.4259589910507202,0.7617094,0.7699199080467224,0.3440513968467712,0.41276819705963136,0.5405314087867736,0.5973718047142029,0.32537148594856263,0.46815,0.39638599157333376,0.4892939984798431,0.4414080560207367,0.471946806,0.20263283848762512,0.3415072739124298,0.4649991452693939,0.5106410384178162,0.6711517930030823,0.16447860598564149,0.4896856665611267
2390.0,0.8524720072746277,0.6003347635269165,0.896949052810669,0.473488986492157,0.2696581482887268,0.4990762770175934,0.5472649335861206,0.31719499826431274,0.5321670174598694,0.42583099007606506,0.761509,0.7694834470748901,0.3440819978713989,0.412773996591568,0.5410320162773132,0.5975750088691711,0.32492828369140625,0.46737,0.3959589898586273,0.4882889986038208,0.44037461280822754,0.469940007,0.20489053428173065,0.33522483706474304,0.46272483468055725,0.5068655610084534,0.6674219965934753,0.16193200647830963,0.48788490891456604
2391.0,0.8523344039916992,0.5989649176597596,0.8965550422668457,0.475617790222168,0.2688818097114563,0.5028688311576843,0.5448346018791199,0.31756719946861267,0.5324280142784119,0.4260441899299622,0.7616382,0.7690717458724976,0.34421499967575075,0.41295740008354187,0.542859411239624,0.5978228092193604,0.3243706881999969,0.46666,0.3956149935722351,0.4874859988689423,0.4393123388290405,0.4699244084,0.20895942449569702,0.3311847925186157,0.46042550802230836,0.5027693152427674,0.6633931994438171,0.15966760516166686,0.4862945079803467
2392.0,0.8521968007087708,0.5975950717926025,0.8961610317230224,0.47774659395217894,0.2681054711341858,0.5066613852977753,0.5424042701721191,0.3179394006729126,0.5326890110969543,0.42625738978385924,0.7617674,0.768660044670105,0.34434800148010253,0.41314080357551575,0.5446868062019348,0.5980706095695496,0.32381309270858766,0.46595000000000003,0.3952709972858429,0.4866829991340637,0.4382500648498535,0.4699088098,0.21302831470966338,0.3271447479724884,0.45812618136405947,0.4986730694770813,0.6593644022941589,0.1574032038450241,0.4847041070461273
2393.0,0.8520591974258422,0.5962252259254456,0.8957670211791993,0.47987539768218995,0.26732913255691526,0.5104539394378662,0.5399739384651184,0.3183116018772125,0.5329500079154968,0.42647058963775636,0.7618966,0.7682483434677124,0.34448100328445436,0.4133242070674896,0.5465142011642456,0.5983184099197387,0.32325549721717833,0.46524,0.39492700099945066,0.4858799993991852,0.4371877908706665,0.4698932112,0.21709720492362977,0.3231047034263611,0.4558268547058105,0.4945768237113953,0.6553356051445007,0.15513880252838136,0.48311370611190796
2394.0,0.8519215941429138,0.5948553800582885,0.895373010635376,0.4820042014122009,0.26655279397964476,0.5142464935779572,0.5375436067581176,0.31868380308151245,0.5332110047340393,0.4266837894916534,0.7620258,0.7678366422653198,0.34461400508880613,0.4135076105594635,0.5483415961265564,0.598566210269928,0.32269790172576907,0.46453,0.39458300471305846,0.4850769996643066,0.4361255168914795,0.4698776126,0.22116609513759614,0.3190646588802338,0.45352752804756163,0.4904805779457092,0.6513068079948425,0.1528744012117386,0.4815233051776886
2395.0,0.8517839908599854,0.5934855341911316,0.8949790000915527,0.4841330051422119,0.26577645540237427,0.5180390477180481,0.5351132750511169,0.3190560042858124,0.5334720015525818,0.42689698934555054,0.762155,0.7674249410629272,0.34474700689315796,0.4136910140514374,0.5501689910888672,0.5988140106201172,0.32214030623435974,0.46382,0.39423900842666626,0.4842739999294281,0.4350632429122925,0.469862014,0.2252349853515625,0.31502461433410645,0.45122820138931274,0.4863843321800232,0.6472780108451843,0.15060999989509583,0.47993290424346924
2396.0,0.851570987701416,0.5921672463417054,0.8945849657058715,0.4888694047927856,0.2649324059486389,0.5218317747116089,0.5326828241348267,0.31915040612220763,0.5346570014953613,0.4266417920589447,0.7625166,0.7670132279396057,0.34486180543899536,0.41425501108169555,0.5519107937812805,0.5987358093261719,0.32158268690109254,0.463496,0.3937700092792511,0.4833797991275787,0.43424439430236816,0.471810609,0.22930406928062438,0.31360727548599243,0.44892876148223876,0.48180068731307985,0.6431926131248474,0.14933300018310547,0.4785138428211212
2397.0,0.8513579845428467,0.590848958492279,0.8941909313201905,0.4936058044433594,0.2640883564949036,0.5256245017051697,0.5302523732185364,0.3192448079586029,0.5358420014381409,0.42638659477233887,0.7628782,0.7666015148162841,0.34497660398483276,0.4148190081119537,0.5536525964736938,0.5986576080322266,0.32102506756782534,0.46317200000000003,0.39330101013183594,0.48248559832572935,0.43342554569244385,0.473759204,0.23337315320968627,0.3121899366378784,0.4466293215751648,0.4772170424461365,0.6391072154045105,0.1480560004711151,0.4770947813987732
2398.0,0.8511449813842773,0.5895306706428528,0.8937968969345093,0.4983422040939331,0.2632443070411682,0.5294172286987304,0.5278219223022461,0.3193392097949982,0.5370270013809204,0.42613139748573303,0.7632398,0.7661898016929627,0.34509140253067017,0.41538300514221194,0.5553943991661072,0.5985794067382812,0.3204674482345581,0.462848,0.3928320109844208,0.48159139752388,0.43260669708251953,0.475707799,0.23744223713874818,0.3107725977897644,0.44432988166809084,0.4726333975791931,0.6350218176841735,0.14677900075912476,0.47567571997642516
2399.0,0.850931978225708,0.5882123827934265,0.8934028625488282,0.5030786037445069,0.26240025758743285,0.5332099556922912,0.5253914713859558,0.31943361163139344,0.5382120013237,0.4258762001991272,0.7636014,0.7657780885696411,0.34520620107650757,0.4159470021724701,0.5571362018585205,0.5985012054443359,0.3199098289012909,0.462524,0.3923630118370056,0.48069719672203065,0.4317878484725952,0.477656394,0.24151132106781006,0.3093552589416504,0.44203044176101686,0.46804975271224974,0.6309364199638366,0.1455020010471344,0.47425665855407717
2400.0,0.8507189750671387,0.5868940949440002,0.893008828163147,0.5078150033950806,0.2615562081336975,0.537002682685852,0.5229610204696655,0.3195280134677887,0.5393970012664795,0.42562100291252136,0.763963,0.7653663754463196,0.34532099962234497,0.41651099920272827,0.5588780045509338,0.5984230041503906,0.3193522095680237,0.4622,0.39189401268959045,0.4798029959201813,0.4309689998626709,0.479604989,0.24558040499687195,0.3079379200935364,0.43973100185394287,0.4634661078453064,0.6268510222434998,0.14422500133514404,0.4728375971317291
2401.0,0.850892174243927,0.5857233047485352,0.8930537462234497,0.5119773983955384,0.26065080761909487,0.5389249682426452,0.5192184567451477,0.31975641250610354,0.5399765968322754,0.42554200291633604,0.7635145999999999,0.76513112783432,0.3454006016254425,0.4175539970397949,0.5601600050926209,0.5979892015457153,0.3189807772636414,0.461882,0.39212821125984193,0.47895299792289736,0.43049203157424926,0.4826079902,0.2508010804653168,0.30756369829177854,0.43687333464622496,0.4593536913394928,0.6238946199417115,0.1444894015789032,0.47168161869049074
2402.0,0.8510653734207153,0.5845525145530701,0.8930986642837524,0.5161397933959961,0.2597454071044922,0.5408472537994384,0.5154758930206299,0.3199848115444183,0.5405561923980713,0.42546300292015077,0.7630661999999999,0.7648958802223206,0.34548020362854004,0.4185969948768616,0.5614420056343079,0.59755539894104,0.318609344959259,0.46156400000000003,0.3923624098300934,0.4781029999256134,0.4300150632858276,0.48561099139999997,0.2560217559337616,0.30718947649002076,0.43401566743850706,0.4552412748336792,0.6209382176399231,0.14475380182266234,0.4705256402492523
2403.0,0.8512385725975037,0.5833817243576049,0.8931435823440552,0.5203021883964538,0.25884000658988954,0.5427695393562317,0.511733329296112,0.32021321058273317,0.5411357879638672,0.42538400292396544,0.7626178,0.764660632610321,0.3455598056316376,0.4196399927139282,0.5627240061759948,0.5971215963363647,0.3182379126548767,0.461246,0.3925966084003448,0.4772530019283295,0.42953809499740603,0.4886139926,0.26124243140220643,0.30681525468826293,0.4311580002307892,0.4511288583278656,0.6179818153381348,0.14501820206642152,0.4693696618080139
2404.0,0.851411771774292,0.5822109341621399,0.8931885004043579,0.5244645833969116,0.25793460607528684,0.5446918249130249,0.5079907655715943,0.32044160962104795,0.5417153835296631,0.4253050029277802,0.7621694,0.7644253849983216,0.3456394076347351,0.4206829905509949,0.5640060067176819,0.5966877937316895,0.31786648035049436,0.460928,0.3928308069705963,0.4764030039310455,0.4290611267089844,0.49161699379999996,0.2664631068706512,0.30644103288650515,0.4283003330230713,0.447016441822052,0.6150254130363464,0.14528260231018067,0.4682136833667755
2405.0,0.8515849709510803,0.5810401439666748,0.8932334184646606,0.5286269783973694,0.2570292055606842,0.5466141104698181,0.5042482018470764,0.3206700086593628,0.542294979095459,0.42522600293159485,0.761721,0.764190137386322,0.34571900963783264,0.4217259883880615,0.5652880072593689,0.5962539911270142,0.31749504804611206,0.46061,0.3930650055408478,0.4755530059337616,0.42858415842056274,0.494619995,0.27168378233909607,0.3060668110847473,0.4254426658153534,0.4429040253162384,0.6120690107345581,0.14554700255393982,0.4670577049255371
2406.0,0.8512947797775269,0.5795579314231872,0.8932783484458924,0.5312295794487,0.2561557173728943,0.548536479473114,0.5005054533481598,0.3210032045841217,0.5428987860679626,0.42512879967689515,0.761919,0.7639548778533936,0.34576340913772585,0.42278038859367373,0.5655638098716735,0.5962427973747253,0.3171235978603363,0.460024,0.3927048027515411,0.47444560527801516,0.42846991419792174,0.4955793974,0.27690470814704893,0.3052129685878754,0.4225848615169525,0.4389346718788147,0.6100742101669312,0.14715420305728913,0.46617332100868225
2407.0,0.8510045886039734,0.5780757188796997,0.893323278427124,0.5338321805000306,0.25528222918510435,0.5504588484764099,0.4967627048492432,0.3213364005088806,0.5435025930404663,0.42503159642219546,0.762117,0.7637196183204651,0.345807808637619,0.4238347887992859,0.5658396124839783,0.5962316036224365,0.31675214767456056,0.459438,0.3923445999622345,0.47333820462226867,0.42835566997528074,0.4965387998,0.28212563395500184,0.3043591260910034,0.41972705721855164,0.43496531844139097,0.6080794095993042,0.14876140356063844,0.4652889370918274
2408.0,0.8507143974304199,0.5765935063362122,0.8933682084083557,0.536434781551361,0.2544087409973145,0.5523812174797058,0.4930199563503265,0.3216695964336395,0.54410640001297,0.4249343931674957,0.762315,0.7634843587875366,0.3458522081375122,0.4248891890048981,0.5661154150962829,0.5962204098701477,0.3163806974887848,0.458852,0.3919843971729279,0.47223080396652223,0.4282414257526398,0.4974982022,0.2873465597629547,0.3035052835941315,0.41686925292015076,0.4309959650039673,0.6060846090316773,0.15036860406398772,0.46440455317497253
2409.0,0.8504242062568664,0.5751112937927246,0.8934131383895874,0.5390373826026916,0.25353525280952455,0.5543035864830017,0.48927720785140993,0.32200279235839846,0.5447102069854737,0.424837189912796,0.762513,0.7632490992546082,0.3458966076374054,0.42594358921051023,0.5663912177085877,0.5962092161178589,0.31600924730300906,0.458266,0.3916241943836212,0.47112340331077573,0.4281271815299988,0.4984576046,0.2925674855709076,0.3026514410972595,0.4140114486217499,0.4270266115665436,0.6040898084640502,0.15197580456733703,0.4635201692581177
2410.0,0.850134015083313,0.5736290812492371,0.8934580683708191,0.5416399836540222,0.2526617646217346,0.5562259554862976,0.4855344593524933,0.32233598828315735,0.5453140139579773,0.4247399866580963,0.762711,0.7630138397216797,0.3459410071372986,0.42699798941612244,0.5666670203208923,0.5961980223655701,0.3156377971172333,0.45768,0.3912639915943146,0.4700160026550293,0.4280129373073578,0.499417007,0.2977884113788605,0.3017975986003876,0.411153644323349,0.4230572581291199,0.6020950078964233,0.15358300507068634,0.4626357853412628
2411.0,0.85000981092453,0.5722703814506531,0.8935029864311218,0.5440201878547668,0.2516875982284546,0.5581482291221619,0.4817918956279755,0.3226713895797729,0.5452630162239075,0.4248173892498016,0.7626392000000001,0.7627786040306092,0.34592920541763306,0.42763959169387816,0.5664298176765442,0.5959968209266663,0.315266364812851,0.45667199999999997,0.3910063922405243,0.4691030025482178,0.42823477983474734,0.49866820580000004,0.3030090868473053,0.2998106122016907,0.40829597115516664,0.4202427327632904,0.6006864070892334,0.15548540353775026,0.4619377672672272
2412.0,0.8498856067657471,0.5709116816520691,0.8935479044914245,0.5464003920555115,0.2507134318351746,0.5600705027580262,0.47804933190345766,0.32300679087638856,0.5452120184898377,0.42489479184150697,0.7625674,0.7625433683395386,0.34591740369796753,0.4282811939716339,0.5661926150321961,0.5957956194877625,0.3148949325084686,0.45566399999999996,0.39074879288673403,0.46819000244140624,0.42845662236213683,0.4979194046,0.3082297623157501,0.29782362580299376,0.4054382979869843,0.41742820739746095,0.5992778062820434,0.15738780200481414,0.46123974919319155
2413.0,0.8497614026069641,0.5695529818534851,0.8935928225517273,0.5487805962562561,0.24973926544189454,0.5619927763938903,0.4743067681789398,0.32334219217300414,0.5451610207557678,0.42497219443321227,0.7624956,0.762308132648468,0.345905601978302,0.42892279624938967,0.5659554123878479,0.5955944180488586,0.3145235002040863,0.454656,0.3904911935329437,0.46727700233459474,0.4286784648895264,0.4971706034,0.31345043778419496,0.2958366394042969,0.40258062481880186,0.41461368203163146,0.5978692054748536,0.15929020047187806,0.46054173111915586
2414.0,0.8496371984481812,0.5681942820549011,0.89363774061203,0.5511608004570008,0.2487650990486145,0.5639150500297546,0.470564204454422,0.3236775934696198,0.545110023021698,0.4250495970249176,0.7624238,0.7620728969573974,0.3458938002586365,0.4295643985271454,0.5657182097434997,0.5953932166099548,0.31415206789970396,0.453648,0.39023359417915343,0.4663640022277832,0.42890030741691587,0.4964218022,0.31867111325263975,0.29384965300559995,0.3997229516506195,0.411799156665802,0.5964606046676636,0.16119259893894194,0.45984371304512023
2415.0,0.8495129942893982,0.5668355822563171,0.8936826586723328,0.5535410046577454,0.24779093265533447,0.5658373236656189,0.4668216407299042,0.32401299476623535,0.5450590252876282,0.4251269996166229,0.762352,0.7618376612663269,0.34588199853897095,0.4302060008049011,0.5654810070991516,0.595192015171051,0.31378063559532166,0.45264,0.38997599482536316,0.4654510021209717,0.4291221499443054,0.495673001,0.3238917887210846,0.2918626666069031,0.39686527848243713,0.40898463129997253,0.5950520038604736,0.16309499740600586,0.4591456949710846
2416.0,0.8488083958625794,0.5652299165725708,0.8935889005661011,0.5560338020324707,0.24680853486061097,0.5670787930488587,0.4629284977912903,0.3245937943458557,0.5456088185310364,0.42529159784317017,0.7622494000000001,0.7614972472190857,0.3459495961666107,0.43031840324401854,0.5643618106842041,0.594264817237854,0.31340596079826355,0.451384,0.38938799500465393,0.4644302010536194,0.4293027758598328,0.4935936036,0.32631508708000184,0.2886221885681152,0.39418397545814515,0.40676832795143125,0.5953935980796814,0.16477799713611602,0.45855979323387147
2417.0,0.8481037974357605,0.5636242508888245,0.8934951424598694,0.5585265994071961,0.24582613706588746,0.5683202624320984,0.4590353548526764,0.3251745939254761,0.5461586117744446,0.4254561960697174,0.7621468,0.7611568331718445,0.3460171937942505,0.43043080568313596,0.5632426142692566,0.593337619304657,0.31303128600120544,0.450128,0.3887999951839447,0.46340939998626707,0.4294834017753601,0.49151420619999997,0.3287383854389191,0.28538171052932737,0.39150267243385317,0.40455202460289,0.5957351922988892,0.1664609968662262,0.45797389149665835
2418.0,0.8473991990089417,0.5620185852050781,0.8934013843536377,0.5610193967819214,0.24484373927116393,0.5695617318153381,0.4551422119140625,0.3257553935050964,0.5467084050178528,0.42562079429626465,0.7620442000000001,0.7608164191246033,0.34608479142189025,0.43054320812225344,0.5621234178543091,0.5924104213714599,0.31265661120414734,0.448872,0.3882119953632355,0.4623885989189148,0.42966402769088746,0.4894348088,0.3311616837978363,0.2821412324905396,0.38882136940956114,0.40233572125434874,0.5960767865180969,0.16814399659633636,0.45738798975944517
2419.0,0.8466946005821228,0.5604129195213318,0.893307626247406,0.5635121941566468,0.24386134147644042,0.5708032011985779,0.4512490689754486,0.3263361930847168,0.547258198261261,0.4257853925228119,0.7619416,0.760476005077362,0.34615238904953005,0.43065561056137086,0.5610042214393616,0.591483223438263,0.31228193640708923,0.44761599999999996,0.38762399554252625,0.4613677978515625,0.4298446536064148,0.4873554114,0.33358498215675353,0.2789007544517517,0.38614006638526915,0.4001194179058075,0.5964183807373047,0.16982699632644654,0.45680208802223204
2420.0,0.845990002155304,0.5588072538375854,0.8932138681411743,0.5660049915313721,0.24287894368171692,0.5720446705818176,0.4473559260368347,0.32691699266433716,0.5478079915046692,0.42594999074935913,0.761839,0.7601355910301208,0.3462199866771698,0.4307680130004883,0.5598850250244141,0.5905560255050659,0.31190726161003113,0.44636,0.387035995721817,0.4603469967842102,0.43002527952194214,0.485276014,0.3360082805156708,0.27566027641296387,0.3834587633609772,0.39790311455726624,0.5967599749565125,0.1715099960565567,0.4562161862850189
2421.0,0.8452167987823487,0.5569209575653076,0.8929121017456054,0.5688297986984253,0.24192117154598236,0.5722647905349731,0.4432373881340027,0.3271549940109253,0.5478115320205689,0.42604119181632993,0.7622604000000001,0.759637463092804,0.3462749898433685,0.43006120920181273,0.5581336140632629,0.5896440148353577,0.31152776479721067,0.44509,0.3863703966140747,0.4592915952205658,0.43015325665473936,0.4832890096,0.3342353940010071,0.2726229190826416,0.38104230761528013,0.39646207690238955,0.59717857837677,0.1726231962442398,0.45589309334754946
2422.0,0.8444435954093933,0.5550346612930298,0.8926103353500366,0.5716546058654786,0.2409633994102478,0.5724849104881287,0.43911885023117064,0.3273929953575134,0.5478150725364686,0.4261323928833008,0.7626818000000001,0.759139335155487,0.34632999300956724,0.4293544054031372,0.5563822031021118,0.5887320041656494,0.31114826798439027,0.44382,0.3857047975063324,0.45823619365692136,0.43028123378753663,0.4813020052,0.3324625074863434,0.26958556175231935,0.37862585186958314,0.3950210392475128,0.5975971817970276,0.1737363964319229,0.45557000041007994
2423.0,0.843670392036438,0.5531483650207519,0.8923085689544678,0.5744794130325317,0.24000562727451324,0.5727050304412842,0.43500031232833863,0.32763099670410156,0.5478186130523681,0.4262235939502716,0.7631032,0.7586412072181702,0.346384996175766,0.4286476016044617,0.5546307921409607,0.5878199934959412,0.3107687711715698,0.44255,0.3850391983985901,0.457180792093277,0.43040921092033385,0.4793150008,0.3306896209716797,0.26654820442199706,0.3762093961238861,0.3935800015926361,0.5980157852172852,0.17484959661960603,0.4552469074726105
2424.0,0.8428971886634826,0.5512620687484742,0.892006802558899,0.5773042201995849,0.2390478551387787,0.5729251503944397,0.43088177442550657,0.3278689980506897,0.5478221535682678,0.42631479501724245,0.7635246,0.7581430792808532,0.34643999934196473,0.42794079780578614,0.5528793811798096,0.5869079828262329,0.3103892743587494,0.44128,0.3843735992908478,0.4561253905296326,0.4305371880531311,0.4773279964,0.32891673445701597,0.2635108470916748,0.3737929403781891,0.3921389639377594,0.5984343886375427,0.17596279680728913,0.45492381453514097
2425.0,0.8421239852905273,0.5493757724761963,0.8917050361633301,0.5801290273666382,0.23809008300304413,0.5731452703475952,0.42676323652267456,0.32810699939727783,0.5478256940841675,0.42640599608421326,0.763946,0.7576449513435364,0.34649500250816345,0.4272339940071106,0.5511279702186584,0.5859959721565247,0.31000977754592896,0.44001,0.38370800018310547,0.45506998896598816,0.43066516518592834,0.475340992,0.3271438479423523,0.26047348976135254,0.37137648463249207,0.3906979262828827,0.5988529920578003,0.17707599699497223,0.4546007215976715
2426.0,0.8416335940361023,0.5477602124214173,0.8914032578468323,0.5823488235473633,0.23708437383174896,0.5733654022216796,0.42264450192451475,0.32850099802017213,0.547848129272461,0.4262935996055603,0.7639872,0.7571468114852905,0.34651960134506227,0.426651793718338,0.5496467709541321,0.5852277755737305,0.3096302688121796,0.438744,0.3832665979862213,0.45415419340133667,0.4306598663330078,0.47380239360000004,0.3253708779811859,0.2576504975557327,0.36895990967750547,0.3896588981151581,0.5997697949409485,0.17759179770946504,0.454318642616272
2427.0,0.8411432027816772,0.5461446523666382,0.8911014795303345,0.5845686197280884,0.2360786646604538,0.5735855340957642,0.418525767326355,0.32889499664306643,0.5478705644607544,0.4261812031269073,0.7640284,0.7566486716270446,0.3465442001819611,0.4260695934295654,0.5481655716896057,0.5844595789909363,0.30925076007843016,0.43747800000000003,0.38282519578933716,0.4532383978366852,0.4306545674800873,0.4722637952,0.32359790802001953,0.2548275053501129,0.36654333472251893,0.38861986994743347,0.6006865978240967,0.17810759842395782,0.45403656363487244
2428.0,0.8406528115272522,0.5445290923118591,0.8907997012138367,0.5867884159088135,0.23507295548915863,0.5738056659698486,0.4144070327281952,0.32928899526596067,0.5478929996490478,0.4260688066482544,0.7640696,0.7561505317687989,0.34656879901885984,0.42548739314079287,0.5466843724250794,0.5836913824081421,0.3088712513446808,0.436212,0.382383793592453,0.4523226022720337,0.43064926862716674,0.4707251968,0.32182493805885315,0.2520045131444931,0.36412675976753234,0.38758084177970886,0.6016034007072448,0.17862339913845063,0.4537544846534729
2429.0,0.8401624202728272,0.5429135322570801,0.8904979228973389,0.5890082120895386,0.23406724631786346,0.5740257978439331,0.4102882981300354,0.32968299388885497,0.5479154348373413,0.42595641016960145,0.7641108000000001,0.755652391910553,0.34659339785575866,0.4249051928520203,0.545203173160553,0.5829231858253479,0.3084917426109314,0.434946,0.38194239139556885,0.4514068067073822,0.43064396977424624,0.4691865984,0.32005196809768677,0.2491815209388733,0.3617101848125458,0.38654181361198425,0.602520203590393,0.1791391998529434,0.45347240567207336
2430.0,0.8396720290184021,0.541297972202301,0.8901961445808411,0.5912280082702637,0.2330615371465683,0.5742459297180176,0.4061695635318756,0.33007699251174927,0.5479378700256348,0.4258440136909485,0.764152,0.7551542520523071,0.34661799669265747,0.4243229925632477,0.5437219738960266,0.5821549892425537,0.308112233877182,0.43368,0.3815009891986847,0.4504910111427307,0.4306386709213257,0.467648,0.3182789981365204,0.24635852873325348,0.3592936098575592,0.38550278544425964,0.6034370064735413,0.17965500056743622,0.45319032669067383
2431.0,0.8387334227561951,0.539145314693451,0.8898943781852722,0.5927426099777222,0.23206615447998047,0.5744660496711731,0.4020510256290436,0.3304327964782715,0.5481098532676697,0.42595860958099363,0.7639130000000001,0.7546561241149903,0.3466307997703552,0.423756992816925,0.5420107841491699,0.5814287900924683,0.30773273706436155,0.432966,0.38035818934440613,0.44940961003303526,0.43060527443885804,0.4659196022,0.3165061056613922,0.24562377631664276,0.35687715411186216,0.38449286222457885,0.6034502029418946,0.17980940043926238,0.4530501842498779
2432.0,0.837794816493988,0.5369926571846009,0.8895926117897034,0.5942572116851806,0.23107077181339264,0.5746861696243286,0.39793248772621154,0.3307886004447937,0.5482818365097046,0.42607320547103883,0.7636740000000001,0.7541579961776733,0.34664360284805296,0.42319099307060243,0.5402995944023132,0.5807025909423829,0.30735324025154115,0.432252,0.37921538949012756,0.44832820892333985,0.4305718779563904,0.4641912044,0.314733213186264,0.24488902390003203,0.35446069836616517,0.38348293900489805,0.6034633994102478,0.17996380031108855,0.452910041809082
2433.0,0.836856210231781,0.5348399996757507,0.8892908453941345,0.5957718133926392,0.2300753891468048,0.5749062895774841,0.3938139498233795,0.33114440441131593,0.5484538197517395,0.426187801361084,0.763435,0.7536598682403565,0.34665640592575075,0.4226249933242798,0.5385884046554565,0.5799763917922973,0.3069737434387207,0.431538,0.378072589635849,0.4472468078136444,0.4305384814739227,0.4624628066,0.3129603207111359,0.24415427148342134,0.35204424262046813,0.3824730157852173,0.603476595878601,0.18011820018291474,0.45276989936828616
2434.0,0.8359176039695739,0.5326873421669006,0.8889890789985657,0.5972864151000976,0.22908000648021698,0.5751264095306396,0.38969541192054746,0.3315002083778381,0.5486258029937744,0.4263023972511292,0.763196,0.7531617403030395,0.3466692090034485,0.4220589935779572,0.5368772149085999,0.5792501926422119,0.3065942466259003,0.430824,0.37692978978157043,0.446165406703949,0.43050508499145507,0.4607344088,0.3111874282360077,0.2434195190668106,0.34962778687477114,0.3814630925655365,0.6034897923469543,0.1802726000547409,0.45262975692749025
2435.0,0.8349789977073669,0.5305346846580505,0.8886873126029968,0.5988010168075562,0.22808462381362915,0.5753465294837952,0.38557687401771545,0.33185601234436035,0.5487977862358093,0.4264169931411743,0.762957,0.7526636123657227,0.34668201208114624,0.4214929938316345,0.5351660251617432,0.5785239934921265,0.30621474981307983,0.43011,0.37578698992729187,0.44508400559425354,0.4304716885089874,0.459006011,0.3094145357608795,0.2426847666501999,0.3472113311290741,0.3804531693458557,0.6035029888153076,0.18042699992656708,0.45248961448669434
2436.0,0.8338160037994384,0.5286144495010376,0.888385534286499,0.6003492116928101,0.22709679305553437,0.5755666613578796,0.38145813941955564,0.332286012172699,0.5489877343177796,0.42656359672546384,0.7629032,0.7521654725074768,0.3467280089855194,0.42105799317359927,0.532118821144104,0.5779507994651795,0.30583524107933047,0.429792,0.3755431890487671,0.44397360682487486,0.430390989780426,0.458717006,0.30764156579971313,0.24508296847343444,0.344794762134552,0.37965072989463805,0.6031421899795533,0.1802024006843567,0.4523631393909454
2437.0,0.83265300989151,0.5266942143440246,0.8880837559700012,0.601897406578064,0.22610896229743957,0.5757867932319641,0.3773394048213959,0.3327160120010376,0.5491776823997497,0.42671020030975343,0.7628494,0.7516673326492309,0.3467740058898926,0.42062299251556395,0.5290716171264649,0.5773776054382325,0.30545573234558104,0.429474,0.37529938817024233,0.4428632080554962,0.43031029105186464,0.458428001,0.30586859583854675,0.247481170296669,0.34237819314002993,0.3788482904434204,0.6027813911437988,0.1799778014421463,0.45223666429519654
2438.0,0.8314900159835815,0.5247739791870117,0.8877819776535034,0.6034456014633178,0.2251211315393448,0.5760069251060486,0.3732206702232361,0.3331460118293762,0.54936763048172,0.42685680389404296,0.7627956,0.7511691927909852,0.3468200027942657,0.4201879918575287,0.5260244131088256,0.5768044114112854,0.3050762236118317,0.429156,0.3750555872917175,0.44175280928611754,0.4302295923233032,0.458138996,0.30409562587738037,0.24987937211990358,0.3399616241455078,0.3780458509922028,0.6024205923080445,0.1797532021999359,0.4521101891994476
2439.0,0.8303270220756531,0.5228537440299987,0.8874801993370056,0.6049937963485718,0.22413330078125,0.5762270569801331,0.3691019356250763,0.33357601165771483,0.5495575785636901,0.42700340747833254,0.7627418,0.7506710529327393,0.3468659996986389,0.4197529911994934,0.5229772090911865,0.5762312173843384,0.30469671487808225,0.428838,0.37481178641319274,0.4406424105167389,0.43014889359474184,0.457849991,0.302322655916214,0.2522775739431381,0.3375450551509857,0.3772434115409851,0.60205979347229,0.17952860295772552,0.45198371410369875
2440.0,0.8291640281677246,0.5209335088729858,0.8871784210205078,0.6065419912338257,0.2231454700231552,0.5764471888542175,0.3649832010269165,0.33400601148605347,0.5497475266456604,0.42715001106262207,0.762688,0.7501729130744934,0.3469119966030121,0.41931799054145813,0.5199300050735474,0.5756580233573914,0.3043172061443329,0.42852,0.37456798553466797,0.43953201174736023,0.4300681948661804,0.457560986,0.3005496859550476,0.2546757757663727,0.3351284861564636,0.37644097208976746,0.6016989946365356,0.17930400371551514,0.45185723900794983
2441.0,0.8282334208488464,0.5188551902770996,0.8870405554771423,0.6075979948043824,0.2222010999917984,0.5757293462753296,0.36145992279052735,0.3345270097255707,0.5498421311378479,0.4267848074436188,0.7624722,0.7498284101486206,0.3470029950141907,0.4189267933368683,0.5181506037712097,0.5754080176353454,0.30469255447387694,0.427922,0.37491078972816466,0.43864821195602416,0.42993338108062745,0.4561361906,0.29951717257499694,0.257354211807251,0.33347012400627135,0.37597336173057555,0.6003031969070435,0.1789534032344818,0.4517597734928131
2442.0,0.8273028135299683,0.5167768716812133,0.8869026899337769,0.6086539983749389,0.2212567299604416,0.5750115036964416,0.3579366445541382,0.3350480079650879,0.5499367356300354,0.42641960382461547,0.7622564000000001,0.7494839072227478,0.3470939934253693,0.4185355961322784,0.516371202468872,0.5751580119132995,0.305067902803421,0.42732400000000004,0.37525359392166135,0.4377644121646881,0.4297985672950745,0.4547113952,0.29848465919494627,0.2600326478481293,0.3318117618560791,0.37550575137138364,0.5989073991775513,0.17860280275344848,0.45166230797767637
2443.0,0.8263722062110901,0.5146985530853272,0.8867648243904114,0.6097100019454956,0.22031235992908477,0.5742936611175538,0.354413366317749,0.3355690062046051,0.5500313401222229,0.4260544002056122,0.7620406,0.749139404296875,0.34718499183654783,0.4181443989276886,0.5145918011665345,0.5749080061912537,0.3054432511329651,0.426726,0.3755963981151581,0.4368806123733521,0.42966375350952146,0.4532865998,0.29745214581489565,0.26271108388900755,0.33015339970588686,0.3750381410121918,0.597511601448059,0.17825220227241517,0.4515648424625397
2444.0,0.8254415988922119,0.5126202344894409,0.8866269588470459,0.6107660055160522,0.21936798989772796,0.5735758185386658,0.35089008808135985,0.3360900044441223,0.5501259446144104,0.42568919658660886,0.7618248,0.7487949013710022,0.34727599024772643,0.41775320172309877,0.5128123998641968,0.5746580004692078,0.30581859946250917,0.426128,0.3759392023086548,0.435996812582016,0.4295289397239685,0.4518618044,0.296419632434845,0.26538951992988585,0.3284950375556946,0.3745705306529999,0.5961158037185669,0.17790160179138184,0.45146737694740297
2445.0,0.8245109915733337,0.5105419158935547,0.8864890933036804,0.6118220090866089,0.21842361986637115,0.5728579759597778,0.3473668098449707,0.3366110026836395,0.5502205491065979,0.4253239929676056,0.761609,0.7484503984451294,0.34736698865890503,0.4173620045185089,0.5110329985618591,0.5744079947471619,0.3061939477920532,0.42553,0.3762820065021515,0.43511301279067993,0.4293941259384155,0.450437009,0.2953871190547943,0.26806795597076416,0.3268366754055023,0.374102920293808,0.5947200059890747,0.1775510013103485,0.45136991143226624
2446.0,0.8233459949493408,0.508916974067688,0.886351215839386,0.6109238028526306,0.21749787628650666,0.5721401095390319,0.34384337067604065,0.3373344004154205,0.5503637909889221,0.42542999386787417,0.7615314,0.7481058716773987,0.3474809885025024,0.4168668031692505,0.509665596485138,0.5740527987480164,0.3065693140029907,0.42494200000000004,0.37686180472373965,0.4341326117515564,0.42929306626319885,0.449051809,0.2943545520305634,0.2688268482685089,0.3251782298088074,0.3738995432853699,0.5923614025115966,0.17705579996109008,0.45120297074317933
2447.0,0.8221809983253479,0.5072920322418213,0.8862133383750915,0.6100255966186523,0.21657213270664216,0.5714222431182862,0.3403199315071106,0.33805779814720155,0.5505070328712464,0.4255359947681427,0.7614538,0.747761344909668,0.34759498834609986,0.41637160181999205,0.5082981944084167,0.5736976027488708,0.30694468021392823,0.424354,0.37744160294532775,0.4331522107124329,0.4291920065879822,0.447666609,0.2933219850063324,0.2695857405662537,0.3235197842121124,0.37369616627693175,0.5900027990341187,0.17656059861183165,0.45103603005409243
2448.0,0.821016001701355,0.5056670904159546,0.8860754609107971,0.6091273903846741,0.21564638912677764,0.5707043766975403,0.33679649233818054,0.33878119587898253,0.5506502747535705,0.42564199566841127,0.7613762000000001,0.7474168181419373,0.34770898818969725,0.41587640047073365,0.5069307923316956,0.5733424067497254,0.3073200464248657,0.42376600000000003,0.3780214011669159,0.4321718096733093,0.4290909469127655,0.446281409,0.29228941798210145,0.2703446328639984,0.3218613386154175,0.37349278926849366,0.5876441955566406,0.17606539726257325,0.45086908936500547
2449.0,0.8198510050773621,0.5040421485900879,0.8859375834465026,0.6082291841506958,0.21472064554691314,0.5699865102767945,0.3332730531692505,0.33950459361076357,0.5507935166358948,0.4257479965686798,0.7612986,0.7470722913742065,0.3478229880332947,0.4153811991214752,0.5055633902549743,0.5729872107505798,0.30769541263580324,0.423178,0.378601199388504,0.4311914086341858,0.42898988723754883,0.444896209,0.29125685095787046,0.2711035251617432,0.3202028930187225,0.3732894122600555,0.5852855920791626,0.17557019591331482,0.45070214867591857
2450.0,0.8186860084533691,0.5024172067642212,0.8857997059822083,0.6073309779167175,0.21379490196704865,0.5692686438560486,0.32974961400032043,0.34022799134254456,0.550936758518219,0.42585399746894836,0.761221,0.7467277646064758,0.3479369878768921,0.4148859977722168,0.5041959881782532,0.5726320147514343,0.3080707788467407,0.42259,0.37918099761009216,0.43021100759506226,0.42888882756233215,0.443511009,0.2902242839336395,0.2718624174594879,0.3185444474220276,0.37308603525161743,0.5829269886016846,0.1750749945640564,0.45053520798683167
2451.0,0.8172770023345948,0.5007896780967712,0.8856618285179139,0.6057921767234802,0.21294210553169252,0.5685508012771606,0.3262263357639313,0.3405467927455902,0.5508711218833924,0.4256477952003479,0.7614736000000001,0.746383261680603,0.34792839288711547,0.4139091968536377,0.5035767912864685,0.572677206993103,0.3084461271762848,0.422038,0.37972519993782045,0.42934760451316833,0.42875980138778685,0.4421004056,0.28919177055358886,0.2714582085609436,0.31688607931137086,0.37264926433563234,0.5797579884529114,0.17452239692211152,0.4504067003726959
2452.0,0.8158679962158203,0.4991621494293213,0.8855239510536194,0.6042533755302429,0.21208930909633636,0.5678329586982727,0.32270305752754214,0.3408655941486359,0.5508054852485657,0.42544159293174744,0.7617262,0.7460387587547302,0.34791979789733884,0.4129323959350586,0.5029575943946838,0.5727223992347718,0.30882147550582884,0.421486,0.38026940226554873,0.4284842014312744,0.42863077521324155,0.44068980220000004,0.2881592571735382,0.2710539996623993,0.31522771120071413,0.37221249341964724,0.5765889883041382,0.17396979928016662,0.4502781927585602
2453.0,0.8144589900970459,0.4975346207618713,0.885386073589325,0.6027145743370056,0.21123651266098023,0.5671151161193848,0.31917977929115293,0.3411843955516815,0.550739848613739,0.425235390663147,0.7619788000000001,0.7456942558288574,0.3479112029075623,0.4119555950164795,0.5023383975028992,0.5727675914764404,0.30919682383537295,0.420934,0.38081360459327696,0.4276207983493805,0.4285017490386963,0.4392791988,0.28712674379348757,0.270649790763855,0.31356934309005735,0.3717757225036621,0.573419988155365,0.17341720163822175,0.45014968514442444
2454.0,0.8130499839782714,0.4959070920944214,0.8852481961250305,0.6011757731437684,0.21038371622562407,0.5663972735404968,0.3156565010547638,0.3415031969547272,0.5506742119789123,0.4250291883945465,0.7622314,0.7453497529029847,0.34790260791778566,0.4109787940979004,0.5017192006111145,0.5728127837181092,0.309572172164917,0.420382,0.38135780692100524,0.4267573952674866,0.428372722864151,0.4378685954,0.2860942304134369,0.27024558186531067,0.3119109749794006,0.371338951587677,0.5702509880065918,0.17286460399627684,0.4500211775302887
2455.0,0.8116409778594971,0.49427956342697144,0.8851103186607361,0.599636971950531,0.20953091979026794,0.5656794309616089,0.31213322281837463,0.3418219983577728,0.5506085753440857,0.42482298612594604,0.762484,0.7450052499771118,0.34789401292800903,0.4100019931793213,0.5011000037193298,0.5728579759597778,0.30994752049446106,0.41983,0.3819020092487335,0.42589399218559265,0.4282436966896057,0.436457992,0.28506171703338623,0.26984137296676636,0.3102526068687439,0.3709021806716919,0.5670819878578186,0.17231200635433197,0.44989266991615295
2456.0,0.809974980354309,0.4930705428123474,0.8849724411964417,0.5984549760818482,0.20871005058288575,0.5649615526199341,0.3086097836494446,0.3420405983924866,0.5507801294326782,0.4243539869785309,0.762393,0.7446607232093811,0.34796221256256105,0.4092465937137604,0.5004558026790619,0.572777783870697,0.31032288670539854,0.41925599999999996,0.3821824073791504,0.4255269944667816,0.4280670940876007,0.4343771938,0.2840291500091553,0.2674937069416046,0.3085941672325134,0.3700031876564026,0.5644869923591613,0.17189730405807496,0.4496687471866608
2457.0,0.8083089828491211,0.4918615221977234,0.8848345637321472,0.5972729802131653,0.20788918137550355,0.5642436742782593,0.3050863444805145,0.3422591984272003,0.5509516835212708,0.4238849878311157,0.762302,0.7443161964416504,0.34803041219711306,0.40849119424819946,0.49981160163879396,0.5726975917816162,0.31069825291633607,0.418682,0.38246280550956724,0.42515999674797056,0.4278904914855957,0.4322963956,0.2829965829849243,0.2651460409164429,0.30693572759628296,0.36910419464111327,0.5618919968605042,0.17148260176181793,0.4494448244571686
2458.0,0.8066429853439331,0.49065250158309937,0.8846966862678528,0.5960909843444824,0.20706831216812133,0.5635257959365845,0.3015629053115845,0.34247779846191406,0.5511232376098633,0.42341598868370056,0.762211,0.7439716696739197,0.348098611831665,0.40773579478263855,0.499167400598526,0.5726173996925354,0.31107361912727355,0.418108,0.38274320363998415,0.42479299902915957,0.4277138888835907,0.43021559740000004,0.28196401596069337,0.2627983748912811,0.3052772879600525,0.368205201625824,0.5592970013618469,0.17106789946556092,0.44922090172767637
2459.0,0.8049769878387452,0.48944348096847534,0.8845588088035583,0.5949089884757995,0.20624744296073913,0.5628079175949097,0.2980394661426544,0.3426963984966278,0.5512947916984559,0.4229469895362854,0.76212,0.7436271429061889,0.34816681146621703,0.40698039531707764,0.4985231995582581,0.5725372076034546,0.3114489853382111,0.417534,0.383023601770401,0.4244260013103485,0.4275372862815857,0.4281347992,0.2809314489364624,0.2604507088661194,0.303618848323822,0.36730620861053465,0.5567020058631897,0.17065319716930388,0.4489969789981842
2460.0,0.8033109903335571,0.4882344603538513,0.8844209313392639,0.5937269926071167,0.20542657375335693,0.5620900392532349,0.29451602697372437,0.34291499853134155,0.5514663457870483,0.42247799038887024,0.762029,0.7432826161384583,0.34823501110076904,0.4062249958515167,0.4978789985179901,0.5724570155143738,0.31182435154914856,0.41696,0.38330399990081787,0.4240590035915375,0.4273606836795807,0.426054001,0.27989888191223145,0.25810304284095764,0.30196040868759155,0.36640721559524536,0.5541070103645325,0.17023849487304688,0.448773056268692
2461.0,0.8014233946800232,0.4873706638813019,0.8842830657958984,0.5920999884605408,0.2046536386013031,0.5613722085952759,0.2909927487373352,0.343301397562027,0.5515334844589234,0.4227167904376984,0.7617033999999999,0.7429381132125854,0.34825521111488345,0.4054975986480713,0.49741640090942385,0.5729944109916687,0.3121996998786926,0.416008,0.3830892026424408,0.4232322037220001,0.42707669734954834,0.4251254024,0.2788663685321808,0.25513729453086853,0.3003020405769348,0.3654778301715851,0.5531954050064087,0.1697792887687683,0.44854544997215273
2462.0,0.7995357990264893,0.48650686740875243,0.884145200252533,0.5904729843139649,0.20388070344924927,0.5606543779373169,0.28746947050094607,0.3436877965927124,0.5516006231307984,0.4229555904865265,0.7613778,0.7425936102867127,0.3482754111289978,0.40477020144462583,0.49695380330085753,0.5735318064689636,0.31257504820823667,0.415056,0.3828744053840637,0.4224054038524628,0.426792711019516,0.4241968038,0.2778338551521301,0.2521715462207794,0.2986436724662781,0.3645484447479248,0.5522837996482849,0.16932008266448975,0.4483178436756134
2463.0,0.7976482033729553,0.485643070936203,0.8840073347091675,0.5888459801673889,0.20310776829719543,0.5599365472793579,0.28394619226455686,0.3440741956233978,0.5516677618026733,0.4231943905353546,0.7610522,0.7422491073608398,0.3482956111431122,0.40404280424118044,0.49649120569229127,0.5740692019462585,0.3129503965377808,0.414104,0.38265960812568667,0.4215786039829254,0.42650872468948364,0.42326820519999997,0.2768013417720795,0.2492057979106903,0.2969853043556213,0.3636190593242645,0.5513721942901612,0.16886087656021118,0.4480902373790741
2464.0,0.7957606077194214,0.48477927446365354,0.883869469165802,0.587218976020813,0.2023348331451416,0.5592187166213989,0.2804229140281677,0.34446059465408324,0.5517349004745483,0.4234331905841827,0.7607266,0.7419046044349671,0.34831581115722654,0.403315407037735,0.49602860808372495,0.5746065974235535,0.31332574486732484,0.413152,0.3824448108673096,0.4207518041133881,0.4262247383594513,0.4223396066,0.2757688283920288,0.2462400496006012,0.2953269362449646,0.36268967390060425,0.5504605889320373,0.16840167045593263,0.44786263108253477
2465.0,0.7938730120658875,0.4839154779911041,0.8837316036224365,0.5855919718742371,0.20156189799308777,0.5585008859634399,0.27689963579177856,0.3448469936847687,0.5518020391464233,0.42367199063301086,0.760401,0.7415601015090942,0.34833601117134094,0.40258800983428955,0.4955660104751587,0.5751439929008484,0.3137010931968689,0.4122,0.3822300136089325,0.4199250042438507,0.42594075202941895,0.421411008,0.27473631501197815,0.24327430129051208,0.29366856813430786,0.36176028847694397,0.5495489835739136,0.16794246435165405,0.4476350247859955
2466.0,0.791536009311676,0.48293530344963076,0.8836797714233399,0.5834179759025574,0.20082297921180725,0.5571174025535583,0.27476590871810913,0.34533119201660156,0.5518626928329468,0.4234009921550751,0.7603252,0.7414094686508179,0.34842761158943175,0.40221020579338074,0.49479140639305114,0.5748357892036438,0.31404409408569334,0.41092,0.38151981234550475,0.41949840188026427,0.42569372057914734,0.42045520579999995,0.2757247507572174,0.24226842522621156,0.29290640354156494,0.3604741930961609,0.5497929811477661,0.1674820989370346,0.4473582863807678
2467.0,0.7891990065574646,0.48195512890815734,0.8836279392242432,0.5812439799308777,0.20008406043052673,0.5557339191436768,0.2726321816444397,0.34581539034843445,0.5519233465194702,0.42312999367713927,0.7602494,0.7412588357925415,0.34851921200752256,0.4018324017524719,0.4940168023109436,0.5745275855064392,0.31438709497451783,0.40964,0.380809611082077,0.41907179951667783,0.42544668912887573,0.4194994036,0.2767131865024567,0.241262549161911,0.292144238948822,0.3591880977153778,0.5500369787216186,0.16702173352241517,0.44708154797554017
2468.0,0.7868620038032532,0.48097495436668397,0.8835761070251464,0.579069983959198,0.19934514164924622,0.5543504357337952,0.27049845457077026,0.34629958868026733,0.5519840002059937,0.4228589951992035,0.7601736,0.7411082029342652,0.3486108124256134,0.4014545977115631,0.4932421982288361,0.5742193818092346,0.3147300958633423,0.40836,0.3800994098186493,0.41864519715309145,0.4251996576786041,0.41854360139999996,0.2777016222476959,0.24025667309761048,0.2913820743560791,0.35790200233459474,0.5502809762954712,0.1665613681077957,0.4468048095703125
2469.0,0.7845250010490418,0.47999477982521055,0.8835242748260498,0.5768959879875183,0.1986062228679657,0.5529669523239136,0.26836472749710083,0.3467837870121002,0.5520446538925171,0.4225879967212677,0.7600977999999999,0.7409575700759887,0.34870241284370423,0.4010767936706543,0.4924675941467285,0.5739111781120301,0.31507309675216677,0.40708,0.37938920855522157,0.418218594789505,0.4249526262283325,0.4175877992,0.27869005799293517,0.23925079703330993,0.2906199097633362,0.3566159069538116,0.5505249738693238,0.16610100269317626,0.44652807116508486
2470.0,0.7821879982948303,0.4790146052837372,0.8834724426269531,0.5747219920158386,0.19786730408668518,0.551583468914032,0.2662310004234314,0.3472679853439331,0.5521053075790405,0.4223169982433319,0.760022,0.7408069372177124,0.34879401326179504,0.4006989896297455,0.49169299006462097,0.5736029744148254,0.3154160976409912,0.4058,0.3786790072917938,0.4177919924259186,0.4247055947780609,0.416631997,0.27967849373817444,0.2382449209690094,0.28985774517059326,0.35532981157302856,0.5507689714431763,0.16564063727855682,0.4462513327598572
2471.0,0.7800583958625793,0.47825019955635073,0.8834421396255493,0.5730495929718018,0.19723458886146544,0.5500336289405823,0.2644448459148407,0.34774158596992494,0.5524884939193726,0.42257959842681886,0.7599614,0.7407047867774963,0.3486402094364166,0.4004047930240631,0.49080238938331605,0.5733739852905273,0.3157509922981262,0.40438799999999997,0.3776692032814026,0.4171251952648163,0.42426156997680664,0.41672139799999997,0.28117220401763915,0.24010138511657714,0.28931971192359923,0.3540033340454102,0.552554976940155,0.16508044302463531,0.4458750545978546
2472.0,0.7779287934303284,0.4774857938289642,0.8834118366241455,0.5713771939277649,0.19660187363624573,0.5484837889671326,0.26265869140625,0.34821518659591677,0.5528716802597046,0.4228421986103058,0.7599008,0.7406026363372803,0.3484864056110382,0.40011059641838076,0.48991178870201113,0.5731449961662293,0.31608588695526124,0.402976,0.37665939927101133,0.416458398103714,0.42381754517555237,0.41681079899999995,0.28266591429710386,0.2419578492641449,0.2887816786766052,0.35267685651779174,0.5543409824371338,0.1645202487707138,0.44549877643585206
2473.0,0.7757991909980774,0.47672138810157777,0.8833815336227417,0.569704794883728,0.195969158411026,0.5469339489936829,0.2608725368976593,0.34868878722190855,0.5532548666000366,0.4231047987937927,0.7598402,0.7405004858970642,0.3483326017856598,0.39981639981269834,0.48902118802070615,0.5729160070419311,0.31642078161239623,0.401564,0.37564959526062014,0.4157916009426117,0.4233735203742981,0.4169002,0.2841596245765686,0.24381431341171264,0.28824364542961123,0.35135037899017335,0.5561269879341125,0.1639600545167923,0.4451224982738495
2474.0,0.7736695885658265,0.47595698237419126,0.8833512306213379,0.5680323958396911,0.19533644318580629,0.5453841090202332,0.2590863823890686,0.3491623878479004,0.5536380529403686,0.42336739897727965,0.7597796,0.7403983354568482,0.3481787979602814,0.399522203207016,0.48813058733940123,0.5726870179176331,0.31675567626953127,0.400152,0.3746397912502289,0.4151248037815094,0.4229294955730438,0.416989601,0.28565333485603334,0.2456707775592804,0.2877056121826172,0.3500239014625549,0.5579129934310914,0.1633998602628708,0.44474622011184695
2475.0,0.7715399861335754,0.4751925766468048,0.8833209276199341,0.5663599967956543,0.19470372796058655,0.5438342690467834,0.2573002278804779,0.3496359884738922,0.5540212392807007,0.4236299991607666,0.759719,0.7402961850166321,0.34802499413490295,0.3992280066013336,0.4872399866580963,0.572458028793335,0.31709057092666626,0.39874,0.37362998723983765,0.4144580066204071,0.42248547077178955,0.417079002,0.28714704513549805,0.24752724170684814,0.28716757893562317,0.3486974239349365,0.5596989989280701,0.16283966600894928,0.44436994194984436
2476.0,0.7693851947784424,0.47445982694625854,0.8832906246185303,0.565913200378418,0.19409096837043763,0.54228435754776,0.25551398694515226,0.3500589907169342,0.5543542623519897,0.42351800203323364,0.7601594,0.740194034576416,0.3481783926486969,0.3993528068065643,0.48552699089050294,0.5727386236190796,0.3174254834651947,0.39754,0.37243338823318484,0.414067405462265,0.42193264365196226,0.4164820018,0.28864082098007204,0.25040441155433657,0.2866295278072357,0.3477229714393616,0.5607931971549988,0.1621896356344223,0.4439562201499939
2477.0,0.7672304034233093,0.4737270772457123,0.8832603216171264,0.5654664039611816,0.1934782087802887,0.5407344460487366,0.25372774600982667,0.3504819929599762,0.5546872854232788,0.4234060049057007,0.7605998,0.7400918841362,0.34833179116249086,0.399477607011795,0.48381399512290957,0.5730192184448242,0.31776039600372313,0.39633999999999997,0.37123678922653197,0.4136768043041229,0.421379816532135,0.41588500159999997,0.290134596824646,0.25328158140182494,0.28609147667884827,0.3467485189437866,0.5618873953819274,0.16153960525989533,0.4435424983501434
2478.0,0.7650756120681763,0.472994327545166,0.8832300186157227,0.5650196075439453,0.19286544919013976,0.5391845345497132,0.251941505074501,0.3509049952030182,0.5550203084945678,0.4232940077781677,0.7610402,0.7399897336959839,0.3484851896762848,0.3996024072170258,0.48210099935531614,0.5732998132705689,0.3180953085422516,0.39514,0.37004019021987916,0.41328620314598086,0.42082698941230773,0.4152880014,0.29162837266922,0.25615875124931337,0.2855534255504608,0.3457740664482117,0.5629815936088562,0.16088957488536834,0.443128776550293
2479.0,0.7629208207130432,0.47226157784461975,0.8831997156143189,0.564572811126709,0.19225268959999084,0.5376346230506897,0.25015526413917544,0.3513279974460602,0.555353331565857,0.42318201065063477,0.7614806,0.7398875832557679,0.34863858819007876,0.3997272074222565,0.48038800358772277,0.5735804080963135,0.31843022108078,0.39393999999999996,0.3688435912132263,0.41289560198783876,0.4202741622924805,0.41469100119999996,0.2931221485137939,0.25903592109680174,0.28501537442207336,0.3447996139526367,0.5640757918357849,0.16023954451084138,0.4427150547504425
2480.0,0.7607660293579102,0.4715288281440735,0.883169412612915,0.5641260147094727,0.19163993000984192,0.5360847115516663,0.2483690232038498,0.3517509996891022,0.555686354637146,0.4230700135231018,0.761921,0.7397854328155518,0.3487919867038727,0.3998520076274872,0.4786750078201294,0.5738610029220581,0.31876513361930847,0.39274,0.3676469922065735,0.41250500082969666,0.4197213351726532,0.414094001,0.2946159243583679,0.26191309094429016,0.2844773232936859,0.34382516145706177,0.5651699900627136,0.1595895141363144,0.44230133295059204
2481.0,0.7592450261116028,0.47071107029914855,0.8831391096115112,0.5652238130569458,0.19110596179962158,0.5345348715782166,0.24658287167549134,0.3522581994533539,0.5556967973709106,0.42307100892066957,0.7616026,0.7396832823753356,0.34879218935966494,0.4000618040561676,0.477031809091568,0.5738731980323791,0.31910002827644346,0.391978,0.3668033957481384,0.4120981991291046,0.4190333366394043,0.4128123998,0.29610963463783263,0.2633248269557953,0.2839392900466919,0.3436256289482117,0.5657587885856629,0.15889556109905242,0.4418237566947937
2482.0,0.7577240228652954,0.4698933124542236,0.8831088066101074,0.566321611404419,0.19057199358940125,0.5329850316047668,0.24479672014713288,0.3527653992176056,0.5557072401046753,0.4230720043182373,0.7612842,0.7395811319351197,0.34879239201545714,0.400271600484848,0.4753886103630066,0.5738853931427002,0.3194349229335785,0.391216,0.36595979928970335,0.4116913974285126,0.4183453381061554,0.4115307986,0.29760334491729734,0.2647365629673004,0.28340125679969785,0.34342609643936156,0.5663475871086121,0.15820160806179046,0.4413461804389954
2483.0,0.7562030196189881,0.46907555460929873,0.8830785036087037,0.5674194097518921,0.1900380253791809,0.5314351916313171,0.2430105686187744,0.3532725989818573,0.5557176828384399,0.42307299971580503,0.7609658,0.7394789814949035,0.3487925946712494,0.40048139691352846,0.47374541163444517,0.5738975882530213,0.3197698175907135,0.39045399999999997,0.36511620283126833,0.41128459572792053,0.4176573395729065,0.4102491974,0.2990970551967621,0.26614829897880554,0.2828632235527039,0.3432265639305115,0.5669363856315612,0.15750765502452851,0.440868604183197
2484.0,0.7546820163726806,0.4682577967643738,0.8830482006072998,0.5685172080993652,0.18950405716896057,0.5298853516578674,0.24122441709041595,0.353779798746109,0.5557281255722046,0.4230739951133728,0.7606474,0.7393768310546875,0.3487927973270416,0.4006911933422089,0.4721022129058838,0.5739097833633423,0.32010471224784853,0.389692,0.36427260637283326,0.4108777940273285,0.4169693410396576,0.4089675962,0.3005907654762268,0.26756003499031067,0.28232519030570985,0.34302703142166135,0.5675251841545105,0.15681370198726655,0.4403910279273987
2485.0,0.7531610131263733,0.46744003891944885,0.883017897605896,0.5696150064468384,0.18897008895874023,0.5283355116844177,0.2394382655620575,0.3542869985103607,0.5557385683059692,0.42307499051094055,0.760329,0.7392746806144714,0.34879299998283386,0.4009009897708893,0.4704590141773224,0.5739219784736633,0.3204396069049835,0.38893,0.3634290099143982,0.41047099232673645,0.4162813425064087,0.407685995,0.30208447575569153,0.2689717710018158,0.2817871570587158,0.3428274989128113,0.5681139826774597,0.15611974895000458,0.43991345167160034
2486.0,0.7521934151649475,0.4665160357952118,0.8829875946044922,0.5704692006111145,0.18843806982040406,0.5267856001853943,0.23765202462673188,0.3549574017524719,0.5559109687805176,0.4229233920574188,0.7602702,0.7391725301742553,0.3487666010856628,0.40095999240875246,0.46859421133995055,0.5740545868873597,0.320774519443512,0.387582,0.3627362072467804,0.4100503921508789,0.4156355619430542,0.406519395,0.3035782516002655,0.2666310489177704,0.2812490999698639,0.34288459420204165,0.5681561827659607,0.15542301237583162,0.43947023153305054
2487.0,0.7512258172035218,0.4655920326709747,0.8829572916030883,0.5713233947753906,0.18790605068206787,0.5252356886863708,0.23586578369140626,0.35562780499458313,0.556083369255066,0.4227717936038971,0.7602114,0.7390703797340393,0.34874020218849183,0.4010189950466156,0.4667294085025787,0.5741871953010559,0.3211094319820404,0.38623399999999997,0.3620434045791626,0.40962979197502136,0.4149897813796997,0.405352795,0.30507202744483947,0.264290326833725,0.28071104288101195,0.34294168949127196,0.5681983828544617,0.15472627580165862,0.43902701139450073
2488.0,0.7502582192420959,0.4646680295467377,0.8829269886016846,0.5721775889396667,0.1873740315437317,0.5236857771873474,0.23407954275608062,0.35629820823669434,0.5562557697296142,0.42262019515037536,0.7601526000000001,0.7389682292938232,0.3487138032913208,0.40107799768447877,0.46486460566520693,0.5743198037147522,0.32144434452056886,0.384886,0.3613506019115448,0.4092091917991638,0.4143440008163452,0.404186195,0.30656580328941346,0.26194960474967954,0.28017298579216005,0.34299878478050233,0.5682405829429626,0.15402953922748566,0.4385837912559509
2489.0,0.7492906212806701,0.4637440264225006,0.8828966856002808,0.5730317831039429,0.1868420124053955,0.5221358656883239,0.232293301820755,0.35696861147880554,0.5564281702041626,0.42246859669685366,0.7600938,0.7388660788536072,0.3486874043941498,0.4011370003223419,0.4629998028278351,0.5744524121284484,0.32177925705909727,0.383538,0.360657799243927,0.4087885916233063,0.41369822025299074,0.403019595,0.3080595791339874,0.25960888266563414,0.2796349287033081,0.34305588006973264,0.5682827830314636,0.15333280265331267,0.4381405711174011
2490.0,0.7483230233192444,0.46282002329826355,0.882866382598877,0.573885977268219,0.18630999326705933,0.5205859541893005,0.23050706088542938,0.35763901472091675,0.5566005706787109,0.4223169982433319,0.760035,0.7387639284133911,0.34866100549697876,0.4011960029602051,0.46113499999046326,0.5745850205421448,0.32211416959762573,0.38219,0.3599649965763092,0.40836799144744873,0.41305243968963623,0.401852995,0.3095533549785614,0.25726816058158875,0.2790968716144562,0.343112975358963,0.5683249831199646,0.1526360660791397,0.4376973509788513
2491.0,0.7474670171737671,0.4619914054870605,0.8828360795974731,0.5737815856933594,0.18587466776371003,0.5190361142158508,0.22872090935707093,0.3582174122333527,0.556716787815094,0.4221231997013092,0.7598142,0.738661777973175,0.3487410068511963,0.401214200258255,0.46094980239868166,0.5744022130966187,0.3224490642547607,0.38064,0.3593357980251312,0.40793259143829347,0.41249713897705076,0.4009547948,0.3110470652580261,0.25290230810642245,0.27855884432792666,0.34343847036361697,0.5675087809562683,0.15205515325069427,0.43705007433891296
2492.0,0.7466110110282898,0.46116278767585756,0.8828057765960693,0.5736771941184997,0.1854393422603607,0.5174862742424011,0.22693475782871247,0.35879580974578856,0.556833004951477,0.4219294011592865,0.7595934,0.738559627532959,0.34882100820541384,0.4012323975563049,0.4607646048069,0.5742194056510925,0.32278395891189576,0.37909,0.3587065994739532,0.4074971914291382,0.41194183826446534,0.4000565946,0.3125407755374908,0.2485364556312561,0.2780208170413971,0.34376396536827086,0.5666925787925721,0.15147424042224883,0.4364027976989746
2493.0,0.7457550048828125,0.46033416986465453,0.8827754735946656,0.5735728025436402,0.18500401675701142,0.5159364342689514,0.225148606300354,0.3593742072582245,0.5569492220878601,0.4217356026172638,0.7593726000000001,0.7384574770927429,0.3489010095596313,0.4012505948543549,0.4605794072151184,0.5740365982055664,0.32311885356903075,0.37754,0.3580774009227753,0.4070617914199829,0.41138653755187987,0.3991583944,0.3140344858169556,0.2441706031560898,0.27748278975486756,0.3440894603729248,0.5658763766288757,0.15089332759380342,0.43575552105903625
2494.0,0.7448989987373352,0.45950555205345156,0.8827451705932617,0.5734684109687805,0.1845686912536621,0.5143865942955017,0.22336245477199554,0.3599526047706604,0.5570654392242431,0.4215418040752411,0.7591518,0.7383553266525269,0.34898101091384887,0.4012687921524048,0.46039420962333677,0.5738537907600403,0.3234537482261658,0.37599,0.3574482023715973,0.4066263914108276,0.41083123683929446,0.3982601942,0.3155281960964203,0.23980475068092347,0.276944762468338,0.3444149553775787,0.5650601744651794,0.15031241476535798,0.4351082444190979
2495.0,0.7440429925918579,0.45867693424224854,0.8827148675918579,0.5733640193939209,0.1841333657503128,0.512836754322052,0.22157630324363708,0.3605310022830963,0.5571816563606262,0.4213480055332184,0.758931,0.7382531762123108,0.3490610122680664,0.4012869894504547,0.4602090120315552,0.5736709833145142,0.3237886428833008,0.37444,0.3568190038204193,0.40619099140167236,0.410275936126709,0.397361994,0.317021906375885,0.23543889820575714,0.27640673518180847,0.34474045038223267,0.5642439723014832,0.14973150193691254,0.43446096777915955
2496.0,0.743110191822052,0.45796934366226194,0.8825346827507019,0.5729258179664611,0.18367736041545868,0.5116279006004334,0.2207883507013321,0.36105300188064576,0.5571236729621887,0.42151400446891785,0.759023,0.737952995300293,0.34919161200523374,0.4012143909931183,0.45956540703773496,0.5734839916229248,0.3237392783164978,0.37313999999999997,0.3554016053676605,0.4053047955036163,0.4098787486553192,0.3967151942,0.3172444045543671,0.2320220172405243,0.2768323004245758,0.34521631598472596,0.5625603795051575,0.14906670451164244,0.4338523209095001
2497.0,0.7421773910522461,0.4572617530822754,0.8823544979095459,0.5724876165390015,0.18322135508060455,0.5104190468788147,0.2200003981590271,0.3615750014781952,0.5570656895637512,0.4216800034046173,0.759115,0.7376528143882751,0.34932221174240113,0.40114179253578186,0.4589218020439148,0.5732969999313354,0.3236899137496948,0.37184,0.35398420691490173,0.4044185996055603,0.4094815611839294,0.3960683944,0.3174669027328491,0.22860513627529144,0.2772578656673431,0.34569218158721926,0.5608767867088318,0.14840190708637238,0.4332436740398407
2498.0,0.7412445902824402,0.4565541625022888,0.8821743130683899,0.5720494151115417,0.18276534974575043,0.5092101931571961,0.2192124456167221,0.3620970010757446,0.5570077061653137,0.4218460023403168,0.7592070000000001,0.7373526334762573,0.34945281147956847,0.40106919407844543,0.4582781970500946,0.5731100082397461,0.32364054918289187,0.37054,0.35256680846214294,0.40353240370750426,0.4090843737125397,0.3954215946,0.3176894009113312,0.2251882553100586,0.2776834309101105,0.3461680471897125,0.5591931939125061,0.1477371096611023,0.43263502717018126
2499.0,0.7403117895126343,0.45584657192230227,0.8819941282272339,0.5716112136840821,0.1823093444108963,0.5080013394355773,0.2184244930744171,0.36261900067329406,0.5569497227668763,0.42201200127601624,0.7592990000000001,0.7370524525642395,0.34958341121673586,0.400996595621109,0.45763459205627444,0.5729230165481567,0.3235911846160889,0.36924,0.35114941000938416,0.40264620780944826,0.4086871862411499,0.3947747948,0.3179118990898132,0.22177137434482574,0.2781089961528778,0.3466439127922058,0.5575096011161804,0.14707231223583223,0.4320263803005219
2500.0,0.7393789887428284,0.4551389813423157,0.8818139433860779,0.5711730122566223,0.18185333907604218,0.5067924857139587,0.21763654053211212,0.3631410002708435,0.5568917393684387,0.4221780002117157,0.759391,0.7367522716522217,0.3497140109539032,0.4009239971637726,0.4569909870624542,0.5727360248565674,0.3235418200492859,0.36794,0.34973201155662537,0.4017600119113922,0.40828999876976013,0.394127995,0.3181343972682953,0.2183544933795929,0.27853456139564514,0.3471197783946991,0.5558260083198547,0.14640751481056213,0.4314177334308624
2501.0,0.7389885902404785,0.45490334630012513,0.8815962791442871,0.5707656145095825,0.1814606726169586,0.5056689143180847,0.21709820926189421,0.3634523987770081,0.5569684982299805,0.42213535904884336,0.7591058,0.7364025712013245,0.3496794760227203,0.40090850591659544,0.457124787569046,0.5732110142707825,0.32339637279510497,0.367484,0.3487188518047333,0.4010312080383301,0.4080382287502289,0.393258399,0.3180390238761902,0.2135122835636139,0.2792010724544525,0.3477225661277771,0.5521868109703064,0.14581629931926726,0.4308334767818451
2502.0,0.7385981917381287,0.4546677112579346,0.8813786149024964,0.5703582167625427,0.18106800615787505,0.5045453429222106,0.21655987799167634,0.3637637972831726,0.5570452570915222,0.4220927178859711,0.7588206000000001,0.7360528707504272,0.3496449410915375,0.40089301466941835,0.4572585880756378,0.5736860036849976,0.32325092554092405,0.36702799999999997,0.3477056920528412,0.40030240416526797,0.40778645873069763,0.392388803,0.31794365048408507,0.20867007374763488,0.2798675835132599,0.3483253538608551,0.5485476136207581,0.14522508382797242,0.43024922013282774
2503.0,0.7382077932357788,0.454432076215744,0.8811609506607055,0.5699508190155029,0.18067533969879152,0.5034217715263367,0.21602154672145843,0.36407519578933717,0.557122015953064,0.42205007672309874,0.7585354,0.73570317029953,0.3496104061603546,0.4008775234222412,0.45739238858222964,0.5741609930992126,0.3231054782867432,0.366572,0.3466925323009491,0.3995736002922058,0.4075346887111664,0.391519207,0.31784827709198,0.2038278639316559,0.28053409457206724,0.3489281415939331,0.5449084162712097,0.14463386833667755,0.42966496348381045
2504.0,0.737817394733429,0.45419644117355346,0.8809432864189148,0.5695434212684631,0.18028267323970795,0.5022982001304627,0.21548321545124055,0.3643865942955017,0.5571987748146057,0.42200743556022646,0.7582502,0.7353534698486328,0.3495758712291718,0.4008620321750641,0.4575261890888214,0.5746359825134277,0.32296003103256227,0.366116,0.345679372549057,0.39884479641914367,0.40728291869163513,0.390649611,0.31775290369987486,0.19898565411567687,0.2812006056308746,0.34953092932701113,0.5412692189216614,0.1440426528453827,0.4290807068347931
2505.0,0.7374269962310791,0.4539608061313629,0.880725622177124,0.5691360235214233,0.1798900067806244,0.5011746287345886,0.21494488418102264,0.36469799280166626,0.5572755336761475,0.4219647943973541,0.757965,0.7350037693977356,0.3495413362979889,0.40084654092788696,0.4576599895954132,0.5751109719276428,0.32281458377838135,0.36566,0.3446662127971649,0.39811599254608154,0.4070311486721039,0.389780015,0.3176575303077698,0.19414344429969788,0.281867116689682,0.3501337170600891,0.537630021572113,0.14345143735408783,0.42849645018577576
2506.0,0.7366341948509216,0.45455973148345946,0.8805079698562622,0.5682504177093506,0.17951684892177583,0.5000511050224304,0.21440657675266267,0.36526679396629336,0.5575742959976197,0.42189399600028993,0.7579236,0.7346540808677673,0.34967578053474424,0.400908887386322,0.45644559264183043,0.5752975821495057,0.32266914248466494,0.365814,0.34418792128562925,0.39746359586715696,0.40698570013046265,0.38898821499999997,0.3175621569156647,0.18937220573425292,0.282533597946167,0.35082665681838987,0.532910418510437,0.14294025301933289,0.427927702665329
2507.0,0.7358413934707642,0.455158656835556,0.8802903175354004,0.5673648118972778,0.17914369106292724,0.4989275813102722,0.21386826932430267,0.3658355951309204,0.5578730583190918,0.42182319760322573,0.7578822000000001,0.7343043923377991,0.34981022477149964,0.4009712338447571,0.45523119568824766,0.5754841923713684,0.3225237011909485,0.36596799999999996,0.34370962977409364,0.39681119918823243,0.4069402515888214,0.38819641499999996,0.31746678352355956,0.18460096716880797,0.283200079202652,0.3515195965766907,0.528190815448761,0.14242906868457794,0.4273589551448822
2508.0,0.7350485920906067,0.4557575821876526,0.8800726652145385,0.5664792060852051,0.17877053320407868,0.497804057598114,0.2133299618959427,0.3664043962955475,0.5581718206405639,0.4217523992061615,0.7578408,0.7339547038078308,0.349944669008255,0.40103358030319214,0.45401679873466494,0.5756708025932312,0.32237825989723207,0.366122,0.343231338262558,0.39615880250930785,0.4068948030471802,0.387404615,0.3173714101314545,0.17982972860336305,0.28386656045913694,0.35221253633499144,0.5234712123870849,0.141917884349823,0.4267902076244354
2509.0,0.7342557907104492,0.45635650753974916,0.8798550128936767,0.5655936002731323,0.1783973753452301,0.4966805338859558,0.2127916544675827,0.36697319746017454,0.5584705829620361,0.4216816008090973,0.7577994,0.7336050152778626,0.3500791132450104,0.4010959267616272,0.45280240178108216,0.575857412815094,0.3222328186035156,0.366276,0.34275304675102236,0.3955064058303833,0.40684935450553894,0.386612815,0.31727603673934934,0.1750584900379181,0.28453304171562194,0.35290547609329226,0.518751609325409,0.14140670001506805,0.42622146010398865
2510.0,0.7334629893302917,0.4569554328918457,0.8796373605728149,0.5647079944610596,0.17802421748638153,0.4955570101737976,0.21225334703922272,0.36754199862480164,0.5587693452835083,0.4216108024120331,0.757758,0.7332553267478943,0.35021355748176575,0.40115827322006226,0.4515880048274994,0.5760440230369568,0.3220873773097992,0.36643,0.3422747552394867,0.39485400915145874,0.4068039059638977,0.385821015,0.31718066334724426,0.17028725147247314,0.28519952297210693,0.353598415851593,0.5140320062637329,0.1408955156803131,0.42565271258354187
2511.0,0.7322021961212158,0.45823501944541933,0.8794196963310241,0.5637977957725525,0.1776447057723999,0.49443343877792356,0.21171501278877258,0.3681455969810486,0.5586718916893005,0.4215103089809418,0.7576432000000001,0.7329056262969971,0.35006082653999326,0.40114699602127074,0.45133140683174133,0.5762468218803406,0.3219419360160828,0.367178,0.34254117012023927,0.39424940943717957,0.40673444271087644,0.3845820132,0.31708528399467467,0.1690639942884445,0.2858660399913788,0.3541102230548859,0.5095742046833038,0.14063471257686616,0.42501640915870664
2512.0,0.7309414029121399,0.4595146059989929,0.8792020320892334,0.5628875970840455,0.17726519405841829,0.49330986738204957,0.21117667853832245,0.36874919533729555,0.5585744380950928,0.42140981554985046,0.7575284,0.7325559258460999,0.34990809559822084,0.4011357188224792,0.4510748088359833,0.5764496207237244,0.3217964947223663,0.367926,0.34280758500099184,0.3936448097229004,0.40666497945785524,0.3833430114,0.3169899046421051,0.16784073710441588,0.2865325570106506,0.35462203025817873,0.5051164031028748,0.14037390947341918,0.42438010573387147
2513.0,0.7296806097030639,0.46079419255256654,0.8789843678474426,0.5619773983955383,0.17688568234443663,0.4921862959861755,0.21063834428787231,0.36935279369354246,0.558476984500885,0.42130932211875916,0.7574136,0.7322062253952026,0.34975536465644835,0.40112444162368777,0.4508182108402252,0.5766524195671081,0.3216510534286499,0.368674,0.34307399988174436,0.3930402100086212,0.406595516204834,0.3821040096,0.31689452528953554,0.16661747992038728,0.2871990740299225,0.35513383746147154,0.5006586015224457,0.14011310636997223,0.42374380230903624
2514.0,0.728419816493988,0.4620737791061401,0.8787667036056519,0.5610671997070312,0.176506170630455,0.49106272459030154,0.21010001003742218,0.3699563920497894,0.5583795309066772,0.42120882868766785,0.7572987999999999,0.7318565249443054,0.3496026337146759,0.40111316442489625,0.45056161284446716,0.5768552184104919,0.32150561213493345,0.369422,0.34334041476249694,0.39243561029434204,0.40652605295181277,0.3808650078,0.31679914593696595,0.16539422273635865,0.28786559104919435,0.3556456446647644,0.4962007999420166,0.13985230326652526,0.42310749888420107
2515.0,0.7271590232849121,0.46335336565971375,0.8785490393638611,0.5601570010185242,0.1761266589164734,0.4899391531944275,0.20956167578697205,0.3705599904060364,0.5582820773124695,0.42110833525657654,0.757184,0.7315068244934082,0.34944990277290344,0.40110188722610474,0.4503050148487091,0.5770580172538757,0.32136017084121704,0.37017,0.3436068296432495,0.39183101058006287,0.4064565896987915,0.379626006,0.31670376658439636,0.16417096555233002,0.2885321080684662,0.35615745186805725,0.4917429983615875,0.1395915001630783,0.42247119545936584
2516.0,0.7248974204063415,0.465451055765152,0.8783313751220703,0.5574313998222351,0.1758088618516922,0.4888156294822693,0.20902336835861207,0.3711187899112701,0.5583084940910339,0.4210945725440979,0.757108,0.7311571359634399,0.34951440095901487,0.40114055275917054,0.4493188142776489,0.576633608341217,0.32121472954750063,0.371282,0.34428252577781676,0.39127000570297243,0.40631585717201235,0.379218805,0.3166083931922913,0.1664060175418854,0.2891985893249512,0.35721505284309385,0.49045220017433167,0.13910191357135773,0.4218816101551056
2517.0,0.722635817527771,0.4675487458705902,0.8781137108802796,0.554705798625946,0.175491064786911,0.4876921057701111,0.20848506093025207,0.3716775894165039,0.5583349108695984,0.4210808098316193,0.757032,0.7308074474334717,0.34957889914512635,0.40117921829223635,0.4483326137065887,0.5762091994285583,0.32106928825378417,0.372394,0.344958221912384,0.39070900082588195,0.40617512464523314,0.378811604,0.31651301980018615,0.16864106953144073,0.2898650705814362,0.3582726538181305,0.4891614019870758,0.13861232697963716,0.4212920248508453
2518.0,0.7203742146492005,0.46964643597602845,0.8778960466384887,0.551980197429657,0.17517326772212982,0.4865685820579529,0.2079467535018921,0.37223638892173766,0.5583613276481628,0.4210670471191406,0.756956,0.7304577589035034,0.3496433973312378,0.4012178838253021,0.4473464131355286,0.5757847905158997,0.32092384696006776,0.373506,0.3456339180469513,0.3901479959487915,0.406034392118454,0.378404403,0.31641764640808107,0.1708761215209961,0.2905315518379211,0.3593302547931671,0.48787060379981995,0.13812274038791655,0.4207024395465851
2519.0,0.7181126117706299,0.47174412608146665,0.877678382396698,0.5492545962333679,0.17485547065734863,0.48544505834579466,0.2074084460735321,0.37279518842697146,0.5583877444267273,0.421053284406662,0.75688,0.7301080703735352,0.34970789551734927,0.4012565493583679,0.4463602125644684,0.575360381603241,0.3207784056663513,0.374618,0.34630961418151857,0.389586991071701,0.4058936595916748,0.37799720200000003,0.31632227301597593,0.17311117351055144,0.2911980330944061,0.36038785576820376,0.4865798056125641,0.13763315379619598,0.4201128542423248
2520.0,0.7158510088920593,0.4738418161869049,0.8774607181549072,0.5465289950370789,0.17453767359256744,0.4843215346336365,0.20687013864517212,0.3733539879322052,0.5584141612052917,0.42103952169418335,0.756804,0.7297583818435669,0.3497723937034607,0.4012952148914337,0.4453740119934082,0.5749359726905823,0.3206329643726349,0.37573,0.3469853103160858,0.3890259861946106,0.40575292706489563,0.377590001,0.31622689962387085,0.1753462255001068,0.2918645143508911,0.36144545674324036,0.4852890074253082,0.1371435672044754,0.4195232689380646
2521.0,0.7127894043922425,0.4766786813735962,0.8772430539131164,0.5432225942611695,0.17424013316631318,0.48319796323776243,0.20633180439472198,0.37386239171028135,0.5586733222007751,0.42088791728019714,0.757049,0.7294086813926697,0.34985909461975095,0.40123674273490906,0.4447684109210968,0.5754479765892029,0.32048751711845397,0.376604,0.3478012442588806,0.38845359086990355,0.4056337237358093,0.3767866018,0.31613152623176577,0.18020770251750945,0.29253103137016295,0.3617234110832214,0.48787700533866885,0.13691527545452117,0.41891567707061766
2522.0,0.7097277998924255,0.4795155465602875,0.8770253896713257,0.53991619348526,0.1739425927400589,0.48207439184188844,0.20579347014427185,0.37437079548835756,0.5589324831962585,0.42073631286621094,0.757294,0.7290589809417725,0.34994579553604127,0.4011782705783844,0.4441628098487854,0.5759599804878235,0.32034206986427305,0.377478,0.3486171782016754,0.3878811955451965,0.40551452040672303,0.3759832026,0.31603615283966063,0.18506917953491211,0.2931975483894348,0.3620013654232025,0.4904650032520294,0.13668698370456694,0.41830808520317075
2523.0,0.7066661953926087,0.48235241174697874,0.8768077254295349,0.5366097927093506,0.17364505231380462,0.4809508204460144,0.20525513589382172,0.3748791992664337,0.5591916441917419,0.42058470845222473,0.757539,0.7287092804908752,0.35003249645233153,0.40111979842185974,0.443557208776474,0.5764719843864441,0.3201966226100922,0.378352,0.3494331121444702,0.3873088002204895,0.4053953170776367,0.3751798034,0.31594077944755555,0.18993065655231475,0.2938640654087067,0.3622793197631836,0.49305300116539,0.13645869195461274,0.4177004933357239
2524.0,0.7036045908927917,0.48518927693367003,0.8765900611877442,0.5333033919334411,0.17334751188755035,0.4798272490501404,0.20471680164337158,0.3753876030445099,0.5594508051872253,0.4204331040382385,0.757784,0.728359580039978,0.35011919736862185,0.4010613262653351,0.4429516077041626,0.5769839882850647,0.32005117535591127,0.379226,0.35024904608726504,0.3867364048957825,0.40527611374855044,0.3743764042,0.3158454060554504,0.19479213356971742,0.2945305824279785,0.3625572741031647,0.4956409990787506,0.1362304002046585,0.417092901468277
2525.0,0.7005429863929749,0.48802614212036133,0.8763723969459534,0.5299969911575317,0.17304997146129608,0.47870367765426636,0.20417846739292145,0.37589600682258606,0.5597099661827087,0.4202814996242523,0.758029,0.7280098795890808,0.3502058982849121,0.4010028541088104,0.4423460066318512,0.5774959921836853,0.31990572810173035,0.3801,0.3510649800300598,0.38616400957107544,0.4051569104194641,0.373573005,0.31575003266334534,0.19965361058712006,0.29519709944725037,0.36283522844314575,0.4982289969921112,0.13600210845470428,0.4164853096008301
2526.0,0.6974965929985046,0.4912967324256897,0.8760903000831604,0.5277373909950256,0.17271364331245423,0.4779039859771729,0.20398104190826416,0.3766280055046082,0.5597566366195679,0.42012699842453005,0.7577716,0.7276615500450134,0.35017430782318115,0.4011183261871338,0.4414186060428619,0.5774954080581665,0.3197590529918671,0.38122,0.3517650246620178,0.38588760495185853,0.40501813888549804,0.372649604,0.31580628752708434,0.20442164242267608,0.2958199381828308,0.3632470667362213,0.4997245788574219,0.1357033908367157,0.4160498261451721
2527.0,0.6944501996040344,0.49456732273101806,0.8758082032203675,0.5254777908325196,0.17237731516361238,0.47710429430007933,0.20378361642360687,0.37736000418663024,0.559803307056427,0.41997249722480773,0.7575142,0.727313220500946,0.3501427173614502,0.40123379826545713,0.44049120545387266,0.5774948239326477,0.3196123778820038,0.38234,0.3524650692939758,0.3856112003326416,0.40487936735153196,0.37172620300000003,0.31586254239082334,0.20918967425823212,0.29644277691841125,0.3636589050292969,0.5012201607227326,0.13540467321872712,0.41561434268951414
2528.0,0.6914038062095642,0.49783791303634645,0.8755261063575744,0.5232181906700134,0.1720409870147705,0.47630460262298585,0.20358619093894958,0.37809200286865235,0.5598499774932861,0.41981799602508546,0.7572568,0.7269648909568787,0.35011112689971924,0.40134927034378054,0.43956380486488345,0.5774942398071289,0.3194657027721405,0.38345999999999997,0.35316511392593386,0.38533479571342466,0.40474059581756594,0.370802802,0.3159187972545624,0.21395770609378814,0.2970656156539917,0.36407074332237244,0.5027157425880432,0.13510595560073851,0.4151788592338562
2529.0,0.688357412815094,0.5011085033416748,0.8752440094947815,0.5209585905075074,0.17170465886592864,0.4755049109458923,0.2033887654542923,0.3788240015506744,0.5598966479301453,0.41966349482536314,0.7569994,0.7266165614128113,0.3500795364379883,0.4014647424221039,0.4386364042758942,0.5774936556816102,0.3193190276622772,0.38458,0.35386515855789186,0.38505839109420775,0.40460182428359986,0.369879401,0.3159750521183014,0.2187257379293442,0.29768845438957214,0.364482581615448,0.5042113244533539,0.13480723798274993,0.41474337577819825
2530.0,0.6853110194206238,0.5043790936470032,0.8749619126319885,0.5186989903450012,0.1713683307170868,0.47470521926879883,0.203191339969635,0.37955600023269653,0.5599433183670044,0.41950899362564087,0.756742,0.7262682318687439,0.3500479459762573,0.40158021450042725,0.4377090036869049,0.5774930715560913,0.31917235255241394,0.3857,0.35456520318984985,0.38478198647499084,0.4044630527496338,0.368956,0.3160313069820404,0.2234937697649002,0.2983112931251526,0.36489441990852356,0.5057069063186646,0.13450852036476135,0.4143078923225403
2531.0,0.6842171387238938,0.5081138665025879,0.8745831070524274,0.5181399710250624,0.17112233738104504,0.47439127889546484,0.2035053254980029,0.38038366942694685,0.5597377726525972,0.41938931020823395,0.7561374545454546,0.7259218927585718,0.35041465000672767,0.40153686566786334,0.437343767195037,0.5773983362949255,0.31902381506833166,0.387096,0.3549249081900625,0.38433955745263537,0.40429710799997504,0.3686173818181819,0.31631508379271533,0.2263886364120422,0.2988687320189042,0.36479740431814484,0.5061577341773292,0.13405585243846438,0.4139155402328029
2532.0,0.6831233336673521,0.5123275436036947,0.8742043351739404,0.5175809487094725,0.17078451666890127,0.4740773538748424,0.2038192814443169,0.3812112641043778,0.5599091547291453,0.4192691912980584,0.7556498861788619,0.7255755880983865,0.350553002299332,0.4015036511227367,0.4369785640297867,0.5774857590838176,0.3188752682228399,0.388492,0.35516992768621053,0.3838971598846157,0.4040941886785554,0.36827877102439033,0.3165988272767726,0.22914989365310157,0.2994261282246286,0.36469239820309773,0.5063589404268962,0.13383968198687082,0.4134241197167374
2533.0,0.6820295534787643,0.5162275121096633,0.8738255693066506,0.5170219420425355,0.17039301763138473,0.4737634288687861,0.20413323059197386,0.38203883795968924,0.5602203742150337,0.41924473883644225,0.7556232096774192,0.7252292801295558,0.35037185588190645,0.40149816173699593,0.4366133715356551,0.5778223223263216,0.3187267261166727,0.38988799999999996,0.3552731881218572,0.3834547710514839,0.40378828683207124,0.3679401702661291,0.31688255287947187,0.2315006169580639,0.2999835148934394,0.3645842861263983,0.506850999689871,0.13384369556461606,0.4128860737527572
2534.0,0.6809482165882668,0.5194306863892454,0.8734468115914253,0.5164703351836052,0.17000949911532873,0.47344951019171755,0.20444717330317333,0.3828643901694203,0.5604867305486432,0.4193259499246074,0.7560280403225806,0.7248829684911237,0.34993527036520755,0.4015229353981633,0.4362466789541707,0.5781901151903215,0.3185782002345209,0.39128399999999997,0.3553385893183369,0.38301160258631567,0.4034013289117045,0.36760417170161286,0.3171662657010939,0.23333006075793652,0.30054088922277555,0.36447697373167165,0.5078050325955111,0.13394726488378741,0.41235763146992666
2535.0,0.6799137395235797,0.5224911926254157,0.8730681298240538,0.5159464872652483,0.1697041214473785,0.47313564847553924,0.20476105905348263,0.38368227164591534,0.5607569222488712,0.41936385174912794,0.7561901370967742,0.7245367328005452,0.349512678240576,0.4015560063623613,0.43587436623150294,0.5779240092923563,0.3184296933393324,0.39268,0.35566521315805383,0.3825655291157383,0.40310294517586304,0.36727793218548394,0.31744994054878917,0.23479699595801326,0.3010981686172948,0.3643696613369449,0.508619549293672,0.13392468481775252,0.4118653403655174
2536.0,0.6812077755889586,0.5261101876535725,0.8726893548042544,0.5168016562538763,0.16944333009662166,0.47282174013314704,0.20507501474311277,0.38412373969631813,0.5605154845022386,0.4192062032318884,0.7559548467741936,0.7241904504837529,0.34934119159175503,0.4016094063558886,0.4352183096831844,0.5779246053388042,0.31828116313103705,0.39332599999999995,0.3555889631952009,0.38197148735484765,0.40300717565321154,0.36743557951612904,0.31773368533580537,0.23626705511443086,0.3016555645773488,0.36438061633417684,0.5083952339426163,0.13371748825715432,0.41137295600868035
2537.0,0.6825738275243388,0.5305477318263817,0.8723105769003592,0.5176994752499364,0.1691725310539046,0.47250781280379145,0.2053889725958147,0.38455354854945206,0.5605866990743145,0.4190648589884081,0.7561817661290322,0.7238441316350814,0.3495242288035731,0.4017800035015229,0.43455347755262935,0.5782195723825885,0.3181326322017178,0.393972,0.35554794029843423,0.38137286925508135,0.4028040341311886,0.36760817534677415,0.3180174147409777,0.23783023403056186,0.30221294659760684,0.3643952115408836,0.509185519429945,0.1334680797111604,0.4109892068851379
2538.0,0.6839398794597193,0.5343138508258324,0.871931798996464,0.518597317799445,0.1688594993564391,0.4721938907619446,0.2057029245601546,0.3849833626900949,0.560934339319506,0.4189871090554422,0.7563945080645161,0.7234978233614276,0.3498592371902158,0.40184433902463607,0.4338886571987984,0.5782825148874714,0.31798410127239846,0.39461799999999997,0.3555213871502107,0.380774251155315,0.40250473613700566,0.3677807763225806,0.31830114943365895,0.2391543632313127,0.3027703339053738,0.3644092231988907,0.5101708966878151,0.1333000142007105,0.41064565075982007
2539.0,0.6853059291839599,0.5370367765426636,0.8715530157089233,0.519495177268982,0.16851604282855986,0.47187997698783873,0.2060168743133545,0.38541318774223327,0.5613072156906128,0.41896078586578367,0.7563552,0.7231515288352967,0.350122207403183,0.4017607867717743,0.4332238435745239,0.5779281973838806,0.31783556938171387,0.395264,0.3554885983467102,0.3801756322383881,0.40222660899162294,0.3679533898,0.3185848891735077,0.24045659899711608,0.30332773327827456,0.3644226312637329,0.510849404335022,0.13325560092926025,0.4103189170360565
2540.0,0.6866719722747803,0.5396519899368286,0.8711742162704468,0.5203930139541626,0.1682000309228897,0.4715660512447357,0.20633083581924438,0.3858430087566376,0.5612720251083374,0.4189159870147705,0.756152,0.7228052020072937,0.3500950038433075,0.4016999900341034,0.4325590133666992,0.5773770213127136,0.3176870346069336,0.39591,0.355446994304657,0.37957701086997986,0.4021809995174408,0.368126005,0.31886860728263855,0.24254700541496277,0.3038851320743561,0.3644360303878784,0.5112069845199585,0.1332859992980957,0.4100426137447357
2541.0,0.6910789666637289,0.5426390959370515,0.8707954383665516,0.5223137736320492,0.16804367688394364,0.47125211742616474,0.20664478165488084,0.3862349573642976,0.56122039979504,0.418992607824264,0.756185064516129,0.7224589182484535,0.35009017298298495,0.4016508162021637,0.4315632072187241,0.5775221874636988,0.3175385036776143,0.396546,0.3552195833575341,0.3797128037098915,0.4018923015363755,0.3668838251612901,0.31915235423272653,0.2448478047886198,0.30444250760539876,0.3643528482606334,0.5119973228823752,0.13313680743017506,0.40976631737524466
2542.0,0.6954859476089479,0.5457740178108217,0.8704166803359985,0.5242345604896547,0.1678881103992462,0.47093818974494933,0.20695873939991,0.3866269328594208,0.5611107063293457,0.41879089546203613,0.756134632,0.7221126017570495,0.3499765257835388,0.4017447979450226,0.43056740355491635,0.5774104743003845,0.31738996982574463,0.397182,0.35508109188079834,0.3798486044406891,0.4017470014095306,0.36564162331199973,0.31943607926368717,0.247368098139763,0.3049999008178711,0.36426781630516053,0.5120848445892334,0.133018918633461,0.40940695452690123
2543.0,0.6998929486274721,0.5486218686103822,0.8700379042625427,0.5261553559303285,0.1676718438863754,0.4706242640018463,0.20727269482612612,0.3871458117961884,0.5609994311332702,0.4185188465118408,0.75606028,0.7217662992477417,0.3497762911319733,0.40179138112068175,0.42957160067558287,0.5773343467712402,0.31724143505096436,0.397818,0.35506289672851565,0.37998440766334535,0.40146624827384947,0.3643994149199997,0.31971980953216556,0.24992913699150093,0.30555729961395267,0.3641784915924072,0.5119916443824768,0.13269182181358335,0.40902134799957274
2544.0,0.7042999606132501,0.5509653973579404,0.8696591172218323,0.528076151371002,0.16738515102863316,0.47031033825874335,0.20758664751052852,0.3876291515827179,0.5610789637565612,0.4183310489654541,0.7561028879999999,0.7214200077056885,0.34967876315116875,0.4017953703403473,0.42857580399513256,0.5773734722137451,0.3170929002761841,0.398454,0.3551559710502624,0.3801202046871185,0.40099271035194406,0.3631572129519997,0.32000355148315424,0.252108923435211,0.3061146984100341,0.36408553552627565,0.5122662787437438,0.132216413974762,0.4086611142158509
2545.0,0.7087211279869092,0.552783696174622,0.8692803649902343,0.52997789478302,0.1670652805566787,0.46999641251564017,0.20790060889720924,0.3876659982204438,0.5616552023887635,0.41833433485031124,0.756466104,0.7210736808776854,0.35001359605789184,0.4019308843612671,0.42758800220489496,0.5774166493415832,0.31694436550140376,0.39909,0.3553125898838043,0.38025135755538936,0.4004670286178588,0.3619253325999999,0.32028729343414314,0.25328061628341697,0.3066720972061158,0.36398639297485336,0.5134721479415896,0.13192051339149474,0.4083731281757354
2546.0,0.7145471720695487,0.5543541116714475,0.8689015655517579,0.5299934873580933,0.1668047963380814,0.46968248677253727,0.20821455848217005,0.38786679434776306,0.5621776251792907,0.41826874589920043,0.756276504,0.7207273540496827,0.35007441663742067,0.40201888465881347,0.42738994789123536,0.5769806294441224,0.31679583072662354,0.399612,0.35537259984016417,0.3799244856834412,0.40017103195190434,0.36171359259999997,0.3205710353851318,0.2543422226905821,0.3072294960021972,0.36329400157928476,0.5143849096298216,0.13187251973152161,0.4080851185321808
2547.0,0.7203810439109805,0.5560345506668092,0.8685228385925293,0.5299974107742309,0.16653015148639677,0.4693686153888702,0.20852847182750703,0.38836249041557314,0.5622397685050964,0.4183618321418762,0.75625228,0.7203810997009277,0.3498689122200012,0.40187462520599365,0.4271968221664429,0.5766036076545715,0.31664731407165525,0.400134,0.3553140337467194,0.3795948233604431,0.40019544792175293,0.36150821288799995,0.3208547229766846,0.25593399667739875,0.30778682231903076,0.3625866250991821,0.5144106340408325,0.13164698815345763,0.40783088421821595
2548.0,0.7262179713249219,0.5575698242187503,0.8681440858840942,0.529997624874115,0.16624614071846003,0.4690547246932983,0.20884239804744728,0.3889561886787416,0.5621124949455261,0.41840180563926693,0.7564255280000001,0.7200348196029662,0.3494650681018828,0.40159296512603754,0.4270052285194397,0.5764349269866943,0.3164987909793853,0.400656,0.35511317253112784,0.379264243364334,0.40015051198005674,0.361304817616,0.3211384298801423,0.25787801408767747,0.30834417438507095,0.3618787965774535,0.5140685238838195,0.1314804437160492,0.40758727931976313
2549.0,0.7320554594993599,0.5588317718505861,0.8677652988433837,0.5299978156089783,0.16597824668884276,0.46874079895019527,0.2091563507318497,0.38940980911254885,0.5621103281974793,0.4183627836704254,0.7567094160000001,0.7196885051727294,0.34898308110237114,0.4013094568252563,0.42681361150741576,0.5765067615509033,0.3163502562046051,0.401178,0.35483112430572505,0.37893362832069394,0.39985227894783015,0.36110140524799994,0.32142217183113103,0.2597491769790651,0.3089015731811524,0.361175148487091,0.5138807063102723,0.1314075937271118,0.4073633766174316
2550.0,0.7378951557098858,0.5598064784019711,0.8673865468729111,0.5299952583653587,0.16576894148001603,0.46842687305003883,0.2094703121554283,0.3894582430994698,0.5625751401696888,0.4183798070464816,0.7569066984126985,0.7193422256008027,0.3485947632127338,0.40119454217335543,0.4266209074902157,0.5767403982934498,0.31620172139198066,0.4017,0.35460456543498575,0.37860467012912513,0.3993061527846351,0.3608975318571428,0.3217059137329222,0.2609010608423323,0.30945897196966493,0.3604787611772144,0.514375714555619,0.13128522109417695,0.4071956492132611
2551.0,0.7439534474932955,0.5606540942948962,0.8670077735469455,0.5297206512519291,0.16549379035593972,0.4681129316015849,0.20978426543020065,0.3901828416283168,0.5620902138096946,0.41825995913573677,0.7566765396825398,0.7189959036925483,0.3485717491971122,0.40095011582450263,0.42632058996056754,0.5765808849107652,0.31605318283277845,0.401208,0.35436250434981453,0.3784397402926097,0.39942283124204664,0.36064631757142857,0.3219896507641626,0.2614074164912814,0.3100163700088622,0.3604819779358213,0.5152487333804842,0.13100664033776238,0.4070279283656014
2552.0,0.75001300573349,0.5616627931594849,0.8666289806365967,0.5294443964958191,0.16511000402996825,0.4677990019321442,0.21009822487831115,0.39081819653511046,0.56178297996521,0.4180265963077545,0.7565374,0.7186495780944824,0.3489001989364624,0.4009088039398193,0.4260195970535278,0.5764930129051209,0.3159046471118927,0.400716,0.3538843870162964,0.37827580571174624,0.39947299361228944,0.3603948116,0.3222733914852142,0.26154419779777527,0.31057376861572267,0.3605025947093964,0.5149060130119324,0.13083920180797576,0.40680164098739624
2553.0,0.7560730406216207,0.5625912121364048,0.8662501942543757,0.5289996455586147,0.16474255525580575,0.46748508016268414,0.21041218226864222,0.3913448131273663,0.561927648763808,0.4177834590276083,0.7564516507936508,0.7183032773789906,0.34927061720499913,0.4008608938209594,0.4256551090687041,0.5763384018625533,0.3157561104449015,0.40022399999999997,0.3533488460003384,0.3783142424765087,0.39936873742512297,0.3601499544444445,0.32255713097632877,0.2615609150084238,0.31113116703336197,0.3606520777656918,0.514373675225273,0.13079265635164958,0.406555825282657
2554.0,0.7621245355833134,0.5633498487018402,0.8658714209284102,0.5282412398429146,0.16447712197190242,0.4671711566902343,0.21072613838173088,0.39163110369727727,0.5624643989971705,0.41762895527340116,0.7565373333333332,0.717956991422744,0.3495469973200843,0.4007647704510462,0.4252530606020065,0.5761373582340422,0.3156075718856993,0.399732,0.3528951363904136,0.37857110159737717,0.3990259511130198,0.360099280095238,0.32284086800756906,0.2613011399904889,0.3116885650725591,0.3609260689644586,0.5144423189617336,0.13075052627495362,0.4063261420953842
2555.0,0.7681488148749822,0.5639950926341708,0.8654926476024446,0.5270214260570586,0.16436833166886888,0.46685721524178037,0.21104010348282162,0.391406498258076,0.5629992797261193,0.4176662554816594,0.7570928888888889,0.7176106695144896,0.34976367912595235,0.40075126479542444,0.4249324254573338,0.5760762398205106,0.31545903332649716,0.39924,0.35263323074295405,0.37887983946573167,0.3983466000784011,0.3606421554920635,0.3231246050388094,0.2601559029685126,0.31224596311175634,0.36120462606823633,0.5157312457523648,0.13045686696256908,0.40614756468742613
2556.0,0.7720036241743294,0.5639706783824496,0.8651139206356473,0.5261523193783232,0.16421427163812852,0.46654334333207875,0.21135399904516003,0.3917932311693827,0.5627984404563904,0.41747878326310056,0.7574291111111111,0.7172643939654033,0.34960311320092946,0.40075722999042934,0.4244196779198118,0.5757763253317939,0.3153105179468791,0.399032,0.3521496587329441,0.3787444565031264,0.39830343590842354,0.36048966644444447,0.32340829571088153,0.2584218813313381,0.3128032684326171,0.36060442195998305,0.5152662197748821,0.13018111387888595,0.4059689872794681
2557.0,0.7758146354130334,0.5643931542124067,0.8647351605551584,0.5260601214000157,0.163949368255479,0.4662294387817383,0.2116679442780358,0.39223756960460116,0.5628728440829686,0.41735472423689707,0.7575157142857143,0.7169181193624224,0.34934913686343605,0.4006538689136505,0.42397671512195045,0.5756332874298096,0.31516198601041523,0.398824,0.3516769920076643,0.37860457386289326,0.398404129913875,0.3602738548571429,0.3236920194966452,0.2572415598801205,0.31336063998086106,0.35997986367770607,0.5148025580814907,0.1300800016948155,0.40579870343208313
2558.0,0.7796258538488356,0.5649929075014023,0.8643563654687669,0.5262913599846855,0.16365062930281202,0.46591552098592126,0.21198190393902006,0.3926662518864586,0.5630408024031018,0.4172841144932641,0.7575124603174603,0.7165718229990157,0.3491972760548667,0.4004118196547978,0.42351350897834417,0.5756276164736066,0.31501344745121307,0.39861599999999997,0.3512541401007819,0.3784230323064895,0.3983983700237577,0.3597614806666667,0.32397575652788557,0.2563031519216205,0.31391803802005824,0.3592624049338084,0.5144234592952426,0.1299608728242299,0.4056316448582543
2559.0,0.7834462457754474,0.5656450109218987,,0.5263348869451389,0.16337933936926327,,,0.3931504530230844,0.5630913536379657,0.4172577137552847,0.7575156299212599,,0.3492763793374609,0.4000396606490369,0.4228815788359156,0.5756383627418459,,0.398408,0.3508888175637704,0.3782006314420325,0.39826993069310823,0.35896975368503947,,0.25544402848078523,,0.3584403236081283,0.5139603530328107,0.12974657505515996,0.40544289890236745
2560.0,0.7873032294859091,0.5665150979372459,,0.5255144548228408,0.1631760030515551,,,0.3940126553295164,0.5627630118309983,0.41728134441563464,0.7575187795275591,,0.34964332336515885,0.3995979292186227,0.4218044008795672,0.5753651200317023,,0.3982,0.35054787430237605,0.3780187434098852,0.3983896327769662,0.35836345211023635,,0.2547991484638275,,0.35762425623540817,0.5128319948677005,0.12955444394134163,0.40516740341824814
2561.0,0.7918886684236073,0.5676875540188381,,0.5223739757424308,0.1629077817002932,,,0.39535063647088553,0.5620262707982744,0.41693535872868126,0.7571005,,0.3500395261106037,0.3995323188248135,0.4201376729068302,0.5746079073065803,,0.400168,0.35050480493477415,0.37773806637241725,0.3983323070264998,0.35802649402380954,,0.2543982501540865,,0.3570239387807392,0.5116429116044725,0.12929226422593706,0.4048919202316375
2562.0,0.7965283867881047,0.5688247995113761,,0.5206659018524051,0.16253668046373088,,,0.3960445577234733,0.5620088079782921,0.4167428866146118,0.7572258031496062,,0.35012405242506917,0.39974896058322873,0.4186698308610543,0.5739545474840901,,0.402136,0.35066523091999563,0.37793314762002833,0.3976817281227414,0.3580232877795276,,0.2536858953828888,,0.35646779917356547,0.5110442990393151,0.12890751038010673,0.404644776751676
2563.0,0.8011681437492357,0.5694731937514411,,0.5208337628652174,0.1621638966931238,,,0.3961784106398386,0.5626349013949195,0.4166743310671004,0.757597984126984,,0.35000264124264796,0.3999787602159712,0.417535611088314,0.5737004904519943,,0.404104,0.35097880685140204,0.3782653775480058,0.3966609485565673,0.35819368495238096,,0.2524149805780446,,0.35626170417619124,0.5112108304387044,0.12850485008860402,0.40441157940834294
2564.0,0.8057601733470521,0.569485084278377,,0.5223126355118639,0.16188612216570247,,,0.39604643949373497,0.5635958872442169,0.4166654118402736,0.7578864330708661,,0.3498303458446593,0.40003917888393553,0.4167149533906322,0.5739624284383819,,0.406072,0.35139515409319416,0.3783901399514807,0.3955981492057561,0.3584298178976377,,0.2507937036630676,,0.35655738002671966,0.5119904551919051,0.1281725129508597,0.4042022493411237
2565.0,0.8100561663860406,0.5698283507129338,,0.5218527880240613,0.1617627358577383,,,0.396356665243314,0.5640880244923389,0.41670399059460855,0.7579966692913386,,0.3498185422476821,0.40009035909269736,0.41585038097824645,0.5743514074115302,,0.40804,0.3518534293324928,0.3781696496986029,0.39505642746377184,0.358892810023622,,0.2506700826911476,,0.3568367474661098,0.5121864934605876,0.12790479657687542,0.40413964099771393
2566.0,0.8117239972737833,0.5698284689835676,,0.5203735814319818,0.1615687314215607,,,0.39611819691545375,0.5644726114948905,0.4166288535425982,0.7583192677165356,,0.34945323969435493,0.3999860324258879,0.4152529896713616,0.5744067927983803,,0.407824,0.35225004896404244,0.3780183688862117,0.39462566539997185,0.3593777288897637,,0.25021558342956174,,0.35689919741134946,0.5117989266951252,0.12741376236667773,0.40407703265430417
2567.0,0.8129990861171814,0.569540602015698,,0.5187463370833807,0.16123358416662284,,,0.39631787716873057,0.5647229979357382,0.4165759368205634,0.75866131496063,,0.349215126178396,0.39985846909951034,0.41427881511177583,0.573907737656841,,0.407608,0.3528080047584895,0.37791002453781486,0.39470755842727007,0.3593731573937008,,0.25001541507525704,,0.3568491201231799,0.5110113850728731,0.12715344729385974,0.40399810577940753
2568.0,0.814274095930159,0.569267263635993,,0.5171495839022102,0.16080744790287768,,,0.39710500347428007,0.5646371631883086,0.41653221962042153,0.7587370156250001,,0.34910789667628706,0.3998245650436729,0.41282484750263415,0.573021348565817,,0.407392,0.3534820466302334,0.3777504181489349,0.3951219317968934,0.3588818718984375,,0.2505104467272757,,0.3563598855398597,0.5097559555433693,0.12718620011582968,0.4039083009120077
2569.0,0.8155474320171383,0.5693969998772686,,0.5156850322025028,0.1603792341440682,,,0.3983731114958212,0.5640508293166875,0.41645115965933316,0.7583280866141731,,0.349022085741749,0.3999732021741041,0.41098209605442293,0.5720653585561618,,0.407176,0.35415726618503945,0.37744395094593686,0.3955026498929723,0.3581198140708662,,0.2520066802426582,,0.35509548576798056,0.5079843566173647,0.12743926071745207,0.40381675325040745
2570.0,0.816791291781298,0.5705371851057519,,0.5156661652204558,0.16006309486280274,,,0.3994951572005206,0.563887033875533,0.41631413937553646,0.7586698188976378,,0.3489236442122872,0.3999771445285617,0.40954430999718294,0.5717519413767836,,0.40696,0.35476279305660824,0.3771628469932736,0.3951758803345087,0.358315875488189,,0.2535200515600642,,0.35398346021419425,0.506411122524832,0.12736446158153802,0.4036920528242907
2571.0,0.8179190792143346,0.5710865892469883,,0.5160258114337921,0.15986646409146488,,,0.39921124000102276,0.5650983909144999,0.41634372575208545,0.7595122031250001,,0.34878682950511575,0.39994997158646584,0.4085930231958627,0.5718341236934066,,0.407676,0.35516535164788365,0.3771582832559943,0.39390047546476115,0.35851379329687505,,0.2533880406990647,,0.3536301041021943,0.5060650110244751,0.1266606289427727,0.40356734953820705
2572.0,0.8190141216976436,0.5708653898689691,,0.5151609750244561,0.15971415155515897,,,0.39896667707623457,0.5657279167588302,0.4163658698712747,0.7597307716535433,,0.34853465420993296,0.399991050245255,0.4077371703827475,0.5720030463586642,,0.408392,0.35555295939520587,0.37719500064849854,0.39306363721532145,0.358236625023622,,0.2526773962918229,,0.35349692955730466,0.5053012267811092,0.12607236394262689,0.4033765541756247
2573.0,0.8201091070659459,0.570395854767412,,0.5130035215988755,0.15951699786819518,,,0.39954903465695674,0.5653001391328871,0.4162826093379408,0.7591516953125,,0.3482042870018631,0.4000918776728213,0.40667349984869366,0.5718775200657547,,0.409108,0.35602414491586387,0.37711270339787006,0.39311303151771426,0.3574562765,,0.25248151039704675,,0.353382867295295,0.5036845845170319,0.12586853851098567,0.4031196793075651
2574.0,0.8212039233185349,0.5711169312708079,,0.5109753804281357,0.1591342010069639,,,0.40144043439067867,0.5645790626294912,0.4160287075210363,0.7584634140625002,,0.3479621198493988,0.4001348582096398,0.4050539764575663,0.5708493865095081,,0.409824,0.35663353255949903,0.37675488926470285,0.39376537641510356,0.3565836265000002,,0.25439244462177124,,0.3533120402134955,0.5017697387374941,0.1259708792204037,0.40286284382455056
2575.0,0.8221980542875826,0.5715448879636824,,0.5123598333448172,0.15869375120382756,,,0.4007126674987376,0.5661661829799414,0.4161770602222532,0.75992821875,,0.3487708664033562,0.4005170101299882,0.4046315948944539,0.5705909025855362,,0.41054,0.3572770496830344,0.3769270000047982,0.3923017377965152,0.3573482413828125,,0.2541169023606926,,0.3532380722463131,0.5007952563464642,0.12532584404107183,0.40266592847183347
2576.0,0.8229820313863456,0.5711151608265936,,0.511451195459813,0.15831964649260044,,,0.40076986281201243,0.5664060176350176,0.41625289269723,0.7603359375000001,,0.3492276952601969,0.4008112787269056,0.4042962910607457,0.5703473119065166,,0.410182,0.35789932240732014,0.3768391099292785,0.3916265352163464,0.357363089515625,,0.2534373456146568,,0.3531563419383019,0.4987453913781793,0.12486497731879355,0.40247218240983784
2577.0,0.8236650372855365,0.5708760353736579,,0.5097947884351015,0.15800417179707438,,,0.40153903444297606,0.5659833578392863,0.41622377396561205,0.760184859375,,0.3492481126450002,0.40094499476253986,0.40365749876946216,0.5699292924255133,,0.409824,0.35846424545161426,0.3766828556545079,0.39146916032768786,0.35715359865625,,0.2533796282950788,,0.35301852133125067,0.4964431249536575,0.12453430547611789,0.4023140936624259
2578.0,0.8243479500524701,0.5714254141785203,,0.5091412314213813,0.15773724520113316,,,0.4025067102629691,0.5657956465147437,0.4161202968098223,0.7601638593750001,,0.34889622381888324,0.4009020000230521,0.40260075568221504,0.5693506537936628,,0.409466,0.358942952239886,0.3766720511484891,0.3913193040061741,0.35728146189062504,,0.2542290610726921,,0.3527595805935561,0.49472145410254587,0.12420415109954767,0.4022117620334029
2579.0,0.8250310285948217,0.5706926030106843,,0.5106521626003085,0.1575536000309512,,,0.4018223511520774,0.5667378189973533,0.41615936579182744,0.760971671875,,0.34851654688827693,0.40080199926160276,0.4021530922036618,0.5695202010683715,,0.409108,0.35930623789317906,0.376908770063892,0.39028569892980164,0.35776737907812495,,0.2527478158008308,,0.3521831384859979,0.4938800507225097,0.12362368102185431,0.4021094096824527
2580.0,0.8258775712907775,0.5700886850209199,,0.5107629447020302,0.15736482783343442,,,0.40222138027812154,0.5668362443761308,0.4161512043124946,0.7609893255813954,,0.34868427025255305,0.40115624897239743,0.40175078197043074,0.5695374423219252,,0.40875,0.3596137833687686,0.3765944831593092,0.39018914103507996,0.3573468486511628,,0.2516550592673842,,0.35177113127338794,0.49186145358307426,0.12338023361309555,0.40194827295088953
2581.0,0.8269492713734509,0.569930600002408,,0.5111093632876874,0.15708231600001452,,,0.4032398033887149,0.5666277902200818,0.41600041138008237,0.760722609375,,0.3489505317993462,0.40153116965666413,0.40090342983603466,0.5690260222181677,,0.409836,0.3599031399935484,0.376075264532119,0.3903038832359016,0.35672375748437496,,0.2513834829442203,,0.35161437559872866,0.48987657157704223,0.12315487570594995,0.4017751198261976
2582.0,0.8281843214072001,0.5699911468712857,,0.5121541531511059,0.15669082082057173,,,0.4042413867721262,0.5665266730988674,0.4157644970010417,0.7606037984496126,,0.3489954996016597,0.4018389765144319,0.3997890452543893,0.5682338161986003,,0.410922,0.3601934122022733,0.375505623891372,0.39016115942666674,0.3562675301472868,,0.25159679249275557,,0.3516124244346175,0.488227076770723,0.12278730295194197,0.40157081891399937
2583.0,0.8294195699137313,0.5696570374244867,,0.5139200216115911,0.15621386814949112,,,0.40423131404921064,0.5670560917188956,0.4156086701293324,0.7612030232558141,,0.3484435559705245,0.4021312240944353,0.39901617169380166,0.5678485576496567,,0.412008,0.3605027094829915,0.37501571067543904,0.38923867358717784,0.35632720379069766,,0.25139212677645123,,0.35151386884755864,0.4868658268174456,0.12213846711918348,0.4012778089490047
2584.0,0.8306548292748631,0.5699789170175791,,0.5128696057945489,0.15573690331075335,,,0.4058019495569171,0.566320224199444,0.4154107617214322,0.76092696875,,0.3479457881767302,0.40254089026711887,0.3986989569384604,0.5671966369263827,,0.413094,0.36077116895467043,0.3745235754176974,0.38935194932855666,0.35559619234375,,0.2527872014325114,,0.3512085047550499,0.48429919849149855,0.12194243021076544,0.40098481439054007
2585.0,0.8316834887792899,0.5707862238551296,,0.5138820160266966,0.15537848236948942,,,0.405808163936748,0.5676739562389465,0.41540837010671927,0.7617198372093025,,0.3477657929409382,0.4028818856838138,0.39874407233193865,0.5672749336375746,,0.41418,0.36113106649975446,0.37475237527558974,0.38828978081082177,0.35625418725581404,,0.2535500498705132,,0.3510956791944282,0.48331120263698485,0.12150837099829381,0.4008439800073934
2586.0,0.8324817289677702,0.5706676152325414,,0.5156513221504154,0.15513389540273087,,,0.4053342053594515,0.5692634226739869,0.41551580632379814,0.7626265038759691,,0.34787788663723673,0.40322079122528554,0.39860795657764103,0.5675988040229147,,0.41425,0.3616802100987398,0.3751829194930173,0.3871629573116006,0.3568343438449612,,0.2535669470942297,,0.351222600123679,0.48204330095024966,0.12100542561952453,0.40077150722806765
2587.0,0.8330735743045807,0.5691257531826314,,0.5169440966386062,0.1549683617857786,,,0.40541016390690454,0.5696687647929558,0.41562205942777486,0.7628955923076923,,0.3481260464741633,0.40360690882572764,0.39790247976779924,0.5676189876519715,,0.41432,0.36243393902595233,0.37535323317234326,0.3868526555024661,0.3563693847,,0.2532282141538769,,0.35156055276210496,0.47922431391019055,0.12062207913169494,0.4006761681575041
2588.0,0.8336654484272003,0.5698419259144709,,0.5169179622943585,0.15470728197923075,,,0.4069663265576729,0.5692395655008463,0.41545899487458743,0.7626009769230769,,0.3476537484389085,0.40400614532140583,0.3966886311769486,0.5662282278904548,,0.41439,0.36305164946959567,0.37490092561795163,0.3873495748409858,0.3561001547,,0.255348213819357,,0.3517809982483204,0.4760635483723421,0.12066823261288497,0.40039582000328944
2589.0,0.8342572214991547,0.5695428446281788,,0.5180997432664383,0.15437891732814701,,,0.40700078149174534,0.5695711651513743,0.41532565202823907,0.7628878372093023,,0.34767640260762944,0.4043595340362815,0.39596760480902915,0.5655546160631402,,0.41446,0.3634496733199718,0.37467433962711066,0.38659003654191665,0.35666686962790695,,0.25685864132504127,,0.3518944978713989,0.47498452802037083,0.12020921204672305,0.40011552669281186
2590.0,0.8354577348213788,0.5690459581308587,,0.5184821241585783,0.15397407842236896,,,0.4068451819493789,0.5699542668438697,0.4152887803177501,0.7632397441860465,,0.34803847263949783,0.40465057104132895,0.39546496484630794,0.5654490761054579,,0.41453,0.36394895139590716,0.3746861265611279,0.3858687353226566,0.3572591531317829,,0.25872068395910336,,0.35188148280446846,0.4740604601165121,0.11966797114573709,0.39986836702324624
2591.0,0.8374020012525412,0.5685729494461647,,0.5180451970833998,0.1535291041319187,,,0.4068837991127601,0.5702554349715893,0.4152751718576138,0.7635130769230769,,0.3485333176759573,0.4049059347464488,0.39493938982486726,0.5656536051860223,,0.41556,0.36456424410526567,0.37486468163820413,0.385517971103008,0.3574498199846154,,0.2610963956667826,,0.3517404093192174,0.4724407436755988,0.11918924657198099,0.39965177338856916
2592.0,0.8399549598877243,0.5680552143317004,,0.5182113564931429,0.15313731821683743,,,0.40705688183124245,0.5706746390232672,0.41506286469789655,0.7637438461538462,,0.3487825567905719,0.40520132161103756,0.3940193921327592,0.5656605284947616,,0.41659,0.3650957799874818,0.3750285256367463,0.38537874840773073,0.3568228938307693,,0.2636633155437612,,0.3514840634969565,0.46952229394362566,0.11880770807082842,0.3994351563545374
2593.0,0.842507416425749,0.5682013838790183,,0.5180564758389495,0.15291777079881627,,,0.40852959627328894,0.570107076057168,0.41476611481156467,0.7634485581395349,,0.3491049457428067,0.40565527317135824,0.3928418769392858,0.5649184348971346,,0.41762,0.3653982891592868,0.3744300888028257,0.38571577709774635,0.3556853592790699,,0.2675305598003914,,0.3509722130243169,0.4663838064947798,0.11853443935166962,0.3991729755734289
2594.0,0.8450601807007417,0.5688282948273877,,0.516566790067233,0.15259254047503848,,,0.4108397291256825,0.5682962023294894,0.4143827786812416,0.7623778461538465,,0.3489738881587983,0.4060415744781493,0.39135942825904296,0.5634017137380751,,0.41865,0.3658067198900075,0.3732699297941651,0.3864092615934517,0.35448416484615386,,0.27271135632808263,,0.35034023523330704,0.46314830596630463,0.11850792135183626,0.39890733773891746
2595.0,0.8469667453032272,0.5700903544059162,,0.5156778959127569,0.15213126677733216,,,0.41278048478640034,0.5674084755090562,0.4141005135499514,0.7619456615384611,,0.3483911257523759,0.406332897222959,0.3900404040630049,0.5619810223579408,,0.41968,0.36634012735806964,0.37222727995652427,0.3860983316714953,0.3543722099538464,,0.27817790920917695,,0.35000444421401383,0.4609055936336518,0.11829261642235996,0.39859981261766886
2596.0,0.8475916165571946,0.571918769983145,,0.5174488104306734,0.1515458996479328,,,0.4130297165650589,0.5696961806370661,0.41412746493632974,0.7636223076923075,,0.3474727832354032,0.40652518089000994,0.38942677974700923,0.5616464238900404,,0.4185,0.3669711342224708,0.37202553015488843,0.38343105499561025,0.356390914076923,,0.2826093522401957,,0.3503709339178525,0.46068261082355794,0.11742218778683593,0.39821100326684805
2597.0,0.8475702047348023,0.5690379858016963,,0.5207188129425054,0.1512110590934753,,,0.4092727899551385,0.5745507955551157,0.4147643864154817,0.7668800000000007,,0.34751739501953127,0.4066798090934754,0.3906459927558901,0.5640818238258366,,0.41731999999999997,0.36734960079193124,0.37331399917602565,0.37940719127654954,0.3581385909999997,,0.28074319958686794,,0.3511492788791658,0.46057259440422055,0.11587679982185335,0.3978221058845519
2598.0,0.8475487929124098,0.5664355874061581,,0.5203685109431925,0.15102687088342812,,,0.40849067247830906,0.5756297120681175,0.4150540805779971,0.7680531692307693,,0.34789159114544216,0.4069579381209154,0.3910455369032346,0.565036638883444,,0.41614,0.3676176291245681,0.37363989123931296,0.3790207321827229,0.35781827360000007,,0.2812000838609844,,0.350646150112152,0.4588328930047839,0.11546361583929796,0.3975471753340501
2599.0,0.8475273929479468,0.5647172850506906,,0.5186414896076874,0.1508407605285863,,,0.4090810204280241,0.5748555200700542,0.4149944975630928,0.7680356641221374,,0.34833091269922617,0.4072666377511643,0.3905215638739463,0.5646915558640284,,0.41496,0.367778577877365,0.37319265999866813,0.3801746291058663,0.35671945505343505,,0.28317724771172015,,0.34948383533317634,0.45629928858225605,0.11548354994249707,0.39731230535580003
