,Clinopyroxene NBPP22,Orthopyroxene LAPP47B,Fayalite LAPO05,Forsterite LASC02,Hematite GDS27,Plagioclase NCLS04,Alunite F1CC08B,Bassanite GDS145,Gypsum LASF41A,Jarosite LASF21A,Kieserite F1CC15,Mg-sulphate 799F366,Chlorite LACL14,Kaolinite LAKA04,Illite LAIL02,Margarite GDS106,Vermiculite c1cy29,Serpentine LALZ01,Montmorillonite LAMO02,Nontronite NCJB26,Saponite LASA58,Talc GDS23,Calcite CAGR01,Magnesite F1CC06B,Halite HS433,Prehnite LAZE03,Siliceous-sinter bkr1jb329c,Epidote GDS26,Analcime GDS1
Filepath,../data/spectral_library/MICA_new_dirtree/inosilicates/pyroxenes/clinopyroxene/NBPP22.csv,../data/spectral_library/MICA_new_dirtree/inosilicates/pyroxenes/orthopyroxene/LAPP47B.csv,../data/spectral_library/MICA_new_dirtree/nesosilicates/olivines/fayalite/LAPO05.csv,../data/spectral_library/MICA_new_dirtree/nesosilicates/olivines/forsterite/LASC02.csv,../data/spectral_library/MICA_new_dirtree/oxides/hematites/hematite/GDS27.csv,../data/spectral_library/MICA_new_dirtree/tectosilicates/feldspars/plagioclase/NCLS04.csv,../data/spectral_library/MICA_new_dirtree/sulphates/hydrous_sulphates/alunite/F1CC08B.csv,../data/spectral_library/MICA_new_dirtree/sulphates/hydrous_sulphates/bassanite/GDS145.csv,../data/spectral_library/MICA_new_dirtree/sulphates/hydrous_sulphates/gypsum/LASF41A.csv,../data/spectral_library/MICA_new_dirtree/sulphates/hydrous_sulphates/jarosite/LASF21A.csv,../data/spectral_library/MICA_new_dirtree/sulphates/hydrous_sulphates/kieserite/F1CC15.csv,../data/spectral_library/MICA_new_dirtree/sulphates/hydrous_sulphates/mg-sulphate/799F366.csv,../data/spectral_library/MICA_new_dirtree/phyllosilicates/chlorites/chlorite/LACL14.csv,../data/spectral_library/MICA_new_dirtree/phyllosilicates/kaolinites/kaolinite/LAKA04.csv,../data/spectral_library/MICA_new_dirtree/phyllosilicates/micas/illite/LAIL02.csv,../data/spectral_library/MICA_new_dirtree/phyllosilicates/micas/margarite/GDS106.csv,../data/spectral_library/MICA_new_dirtree/phyllosilicates/micas/vermiculite/c1cy29.csv,../data/spectral_library/MICA_new_dirtree/phyllosilicates/serpentines/serpentine/LALZ01.csv,../data/spectral_library/MICA_new_dirtree/phyllosilicates/smectites/montmorillonite/LAMO02.csv,../data/spectral_library/MICA_new_dirtree/phyllosilicates/smectites/nontronite/NCJB26.csv,../data/spectral_library/MICA_new_dirtree/phyllosilicates/smectites/saponite/LASA58.csv,../data/spectral_library/MICA_new_dirtree/phyllosilicates/talcs/talc/GDS23.csv,../data/spectral_library/MICA_new_dirtree/carbonates/calcites/calcite/CAGR01.csv,../data/spectral_library/MICA_new_dirtree/carbonates/calcites/magnesite/F1CC06B.csv,../data/spectral_library/MICA_new_dirtree/halides/chlorides/halite/HS433.csv,../data/spectral_library/MICA_new_dirtree/inosilicates/prehnites/prehnite/LAZE03.csv,../data/spectral_library/MICA_new_dirtree/mineraloids/hydrated-silicas/siliceous-sinter/bkr1jb329c.csv,../data/spectral_library/MICA_new_dirtree/sorosilicates/epidotes/epidote/GDS26.csv,../data/spectral_library/MICA_new_dirtree/tectosilicates/zeolites/analcime/GDS1.csv
Category,iron oxides & primary silicates,iron oxides & primary silicates,iron oxides & primary silicates,iron oxides & primary silicates,iron oxides & primary silicates,iron oxides & primary silicates,sulfates,sulfates,sulfates,sulfates,sulfates,sulfates,phyllosilicates,phyllosilicates,phyllosilicates,phyllosilicates,phyllosilicates,phyllosilicates,phyllosilicates,phyllosilicates,phyllosilicates,phyllosilicates,carbonates,carbonates,hydrated silicates & halides,hydrated silicates & halides,hydrated silicates & halides,hydrated silicates & halides,hydrated silicates & halides
Sample ID,NBPP22,LAPP47B,LAPO05,LASC02,GDS27,NCLS04,F1CC08B,GDS145,LASF41A,LASF21A,F1CC15,799F366,LACL14,LAKA04,LAIL02,GDS106,CY-PLH-029,LALZ01,LAMO02,NCJB26,LASA58,GDS23,CAGR01,F1CC06B,HS433,LAZE03,bkr1jb329c,GDS26,GDS1
Species,clinopyroxene,orthopyroxene,fayalite,forsterite,hematite,plagioclase,alunite,bassanite,gypsum,jarosite,kieserite,mg-sulphate,chlorite,kaolinite,illite,margarite,vermiculite,serpentine,montmorillonite,nontronite,saponite,talc,calcite,magnesite,halite,prehnite,siliceous-sinter,epidote,analcime
Subgroup,pyroxenes,pyroxenes,olivines,olivines,hematites,feldspars,hydrous_sulphates,hydrous_sulphates,hydrous_sulphates,hydrous_sulphates,hydrous_sulphates,hydrous_sulphates,chlorites,kaolinites,micas,micas,micas,serpentines,smectites,smectites,smectites,talcs,calcites,calcites,chlorides,prehnites,hydrated-silicas,epidotes,zeolites
Group,inosilicates,inosilicates,nesosilicates,nesosilicates,oxides,tectosilicates,sulphates,sulphates,sulphates,sulphates,sulphates,sulphates,phyllosilicates,phyllosilicates,phyllosilicates,phyllosilicates,phyllosilicates,phyllosilicates,phyllosilicates,phyllosilicates,phyllosilicates,phyllosilicates,carbonates,carbonates,halides,inosilicates,mineraloids,sorosilicates,tectosilicates
Library,MICA_new_dirtree,MICA_new_dirtree,MICA_new_dirtree,MICA_new_dirtree,MICA_new_dirtree,MICA_new_dirtree,MICA_new_dirtree,MICA_new_dirtree,MICA_new_dirtree,MICA_new_dirtree,MICA_new_dirtree,MICA_new_dirtree,MICA_new_dirtree,MICA_new_dirtree,MICA_new_dirtree,MICA_new_dirtree,MICA_new_dirtree,MICA_new_dirtree,MICA_new_dirtree,MICA_new_dirtree,MICA_new_dirtree,MICA_new_dirtree,MICA_new_dirtree,MICA_new_dirtree,MICA_new_dirtree,MICA_new_dirtree,MICA_new_dirtree,MICA_new_dirtree,MICA_new_dirtree
Sample Description,,,,,,,,,,,,,,,,,"LLANO,TX",,,,,,,,,,,,
Date Added,,,,,,,,,,,,,,,,,19-Jul-90,,,,,,,,,,,,
Viewing Geometry,,,,,,,,,,,,,,,,,"i=30, e=0",,,,,,,,,,,,
Other Information,,,,,,,,,,,,,,,,,,,,,,,,,,,,,
Composition,,,,,,,,,,,,,,,,,,,,,,,,,,,,,
Resolution,,,,,,,,,,,,,,,,,,,,,,,,,,,,,
Grain Size,,,,,,,,,,,,,,,,,0 - 500 µm,,,,,,,,,,,,
Locality,,,,,,,,,,,,,,,,,,,,,,,,,,,,,
Database of Origin,MICA Files (USGS/RELAB),MICA Files (USGS/RELAB),MICA Files (USGS/RELAB),MICA Files (USGS/RELAB),MICA Files (USGS/RELAB),MICA Files (USGS/RELAB),MICA Files (USGS/RELAB),MICA Files (USGS/RELAB),MICA Files (USGS/RELAB),MICA Files (USGS/RELAB),MICA Files (USGS/RELAB),MICA Files (USGS/RELAB),MICA Files (USGS/RELAB),MICA Files (USGS/RELAB),MICA Files (USGS/RELAB),MICA Files (USGS/RELAB),RELAB,MICA Files (USGS/RELAB),MICA Files (USGS/RELAB),MICA Files (USGS/RELAB),MICA Files (USGS/RELAB),MICA Files (USGS/RELAB),MICA Files (USGS/RELAB),MICA Files (USGS/RELAB),MICA Files (USGS/RELAB),MICA Files (USGS/RELAB),MICA Files (USGS/RELAB),MICA Files (USGS/RELAB),MICA Files (USGS/RELAB)
Reflectance,---,---,---,---,---,---,---,---,---,---,---,---,---,---,---,---,---,---,---,---,---,---,---,---,---,---,---,---,---
2100.0,0.3271630108356476,0.2981089949607849,0.43897101283073425,0.756351,0.8179493546485901,0.3347649872303009,0.4772360026836395,0.645473062992096,0.6901727914810181,0.7958070039749146,0.15530000627040863,0.6969536542892456,0.4879100024700165,0.7998660206794739,0.6643459796905518,0.566290557384491,0.60362,0.4986740052700043,0.5976799726486206,0.5121514797210693,0.687044024,0.5661978125572205,0.8747760057449341,0.6799110174179077,0.9039661288261414,0.7239900231361389,0.3541555404663086,0.6728408336639404,0.7136720418930054
2101.0,0.32683300971984863,0.2993641972541809,0.43889461159706117,0.7563978,0.8185770392417908,0.33474438786506655,0.4745052933692932,0.6447744727134704,0.6889631390571594,0.7949140071868896,0.15534660518169402,0.6974101305007935,0.48770660161972046,0.7990478157997132,0.6643747806549072,0.5660261511802673,0.603746,0.49838200211524963,0.5978049755096435,0.5121459603309632,0.6867698188,0.5672671675682068,0.8744176030158997,0.6803450107574462,0.9035257577896119,0.7237804174423218,0.3542811036109924,0.6731586694717407,0.7131107091903687
2102.0,0.3265030086040497,0.3006193995475769,0.4388182103633881,0.7564446,0.8192047238349914,0.33472378849983214,0.4717745840549469,0.6440758824348449,0.6877534866333008,0.7940210103988647,0.15539320409297944,0.6978666067123414,0.48750320076942444,0.7982296109199524,0.6644035816192627,0.5657617449760437,0.603872,0.498089998960495,0.5979299783706665,0.512140440940857,0.6864956136,0.5683365225791931,0.8740592002868652,0.6807790040969849,0.9030853867530823,0.7235708117485047,0.3544066667556763,0.6734765052795411,0.712549376487732
2103.0,0.32617300748825073,0.3018746018409729,0.43874180912971494,0.7564913999999999,0.8198324084281922,0.3347031891345978,0.4690438747406006,0.6433772921562195,0.6865438342094421,0.7931280136108398,0.15543980300426483,0.6983230829238891,0.4872997999191284,0.7974114060401917,0.6644323825836181,0.5654973387718201,0.603998,0.49779799580574036,0.5980549812316894,0.5121349215507507,0.6862214084,0.5694058775901795,0.8737007975578308,0.6812129974365234,0.9026450157165528,0.7233612060546875,0.3545322299003601,0.6737943410873413,0.7119880437850952
2104.0,0.3258430063724518,0.3031298041343689,0.43866540789604186,0.7565381999999999,0.8204600930213928,0.3346825897693634,0.4663131654262543,0.642678701877594,0.6853341817855835,0.7922350168228149,0.15548640191555024,0.698779559135437,0.4870963990688324,0.7965932011604309,0.6644611835479737,0.5652329325675964,0.604124,0.4975059926509857,0.5981799840927124,0.5121294021606445,0.6859472032,0.5704752326011657,0.8733423948287964,0.6816469907760621,0.9022046446800231,0.7231516003608703,0.35465779304504397,0.6741121768951416,0.7114267110824585
2105.0,0.32551300525665283,0.3043850064277649,0.4385890066623688,0.756585,0.8210877776145935,0.33466199040412903,0.46358245611190796,0.6419801115989685,0.6841245293617249,0.79134202003479,0.15553300082683563,0.6992360353469849,0.4868929982185364,0.7957749962806702,0.6644899845123291,0.5649685263633728,0.60425,0.4972139894962311,0.5983049869537354,0.5121238827705383,0.685672998,0.5715445876121521,0.872983992099762,0.6820809841156006,0.9017642736434937,0.7229419946670532,0.3547833561897278,0.6744300127029419,0.7108653783798218
2106.0,0.3252538025379181,0.3052488029003143,0.4386348068714142,0.756726,0.8210842609405518,0.3346967935562134,0.4601140022277832,0.6420203685760498,0.6830363512039185,0.7910006165504455,0.1554740011692047,0.6995821237564087,0.48676440119743347,0.7934829950332641,0.6643041849136353,0.5645434141159058,0.604364,0.4971341907978058,0.598085594177246,0.5121283769607544,0.6864581940000001,0.5703721046447754,0.8729375958442688,0.6825001835823059,0.9024724960327148,0.7228871941566467,0.3548466801643372,0.6741690516471863,0.7094096064567565
2107.0,0.3249945998191833,0.3061125993728638,0.4386806070804596,0.756867,0.82108074426651,0.3347315967082977,0.45664554834365845,0.6420606255531311,0.6819481730461121,0.7906592130661011,0.15541500151157378,0.6999282121658326,0.48663580417633057,0.7911909937858581,0.6641183853149414,0.5641183018684387,0.604478,0.4970543920993805,0.5978662014007569,0.5121328711509705,0.68724339,0.5691996216773987,0.8728911995887756,0.6829193830490112,0.903180718421936,0.7228323936462402,0.3549100041389465,0.6739080905914306,0.7079538345336914
2108.0,0.32473539710044863,0.3069763958454132,0.438726407289505,0.757008,0.8210772275924683,0.3347663998603821,0.4531770944595337,0.6421008825302124,0.6808599948883056,0.7903178095817566,0.15535600185394288,0.7002743005752563,0.48650720715522766,0.7888989925384522,0.6639325857162476,0.5636931896209717,0.604592,0.4969745934009552,0.5976468086242676,0.5121373653411865,0.688028586,0.568027138710022,0.8728448033332825,0.6833385825157166,0.9038889408111572,0.7227775931358338,0.3549733281135559,0.6736471295356751,0.7064980626106262
2109.0,0.3244761943817139,0.30784019231796267,0.4387722074985504,0.757149,0.8210737109184265,0.3348012030124664,0.44970864057540894,0.6421411395072937,0.6797718167304992,0.7899764060974122,0.15529700219631196,0.7006203889846802,0.48637861013412476,0.7866069912910462,0.6637467861175537,0.5632680773735046,0.604706,0.4968947947025299,0.5974274158477784,0.5121418595314026,0.688813782,0.5668546557426453,0.8727984070777893,0.6837577819824219,0.9045971632003784,0.7227227926254273,0.35503665208816526,0.6733861684799194,0.7050422906875611
2110.0,0.3242169916629791,0.3087039887905121,0.4388180077075958,0.75729,0.8210701942443848,0.3348360061645508,0.4462401866912842,0.642181396484375,0.6786836385726929,0.7896350026130676,0.15523800253868103,0.700966477394104,0.48625001311302185,0.7843149900436401,0.6635609865188599,0.5628429651260376,0.60482,0.4968149960041046,0.5972080230712891,0.5121463537216187,0.689598978,0.5656821727752686,0.8727520108222961,0.6841769814491272,0.9053053855895996,0.7226679921150208,0.35509997606277466,0.6731252074241638,0.7035865187644958
2111.0,0.3241017937660217,0.30971118807792664,0.43876940608024595,0.757349,0.821066677570343,0.33486520648002627,0.44142181873321534,0.6422216534614563,0.6775245904922486,0.7887942075729371,0.15494800209999085,0.7014212250709534,0.4863226115703583,0.7819655895233154,0.6634893894195557,0.5624178290367127,0.605332,0.4966437995433807,0.597547423839569,0.512295663356781,0.6895495776,0.564509642124176,0.8730300068855286,0.6844977855682373,0.9060136437416076,0.7224745988845825,0.3552059829235077,0.6728642225265503,0.7021306753158569
2112.0,0.3239865958690643,0.3107183873653412,0.43872080445289613,0.757408,0.8210631608963013,0.3348944067955017,0.4366034507751465,0.6422619104385376,0.6763655424118042,0.7879534125328064,0.15465800166130067,0.7018759727478028,0.4863952100276947,0.7796161890029907,0.6634177923202514,0.5619926929473877,0.605844,0.49647260308265684,0.5978868246078491,0.5124449729919434,0.6895001772,0.5633371114730835,0.873308002948761,0.6848185896873474,0.9067219018936157,0.7222812056541443,0.3553119897842407,0.6726032376289368,0.700674831867218
2113.0,0.32387139797210696,0.31172558665275574,0.43867220282554625,0.757467,0.8210596442222595,0.3349236071109772,0.4317850828170776,0.6423021674156189,0.6752064943313598,0.7871126174926758,0.15436800122261046,0.702330720424652,0.48646780848503113,0.7772667884826661,0.6633461952209473,0.5615675568580627,0.606356,0.496301406621933,0.5982262253761291,0.5125942826271057,0.6894507768,0.562164580821991,0.8735859990119934,0.6851393938064575,0.9074301600456238,0.722087812423706,0.35541799664497375,0.6723422527313232,0.6992189884185791
2114.0,0.32375620007514955,0.3127327859401703,0.43862360119819643,0.7575259999999999,0.8210561275482178,0.3349528074264526,0.4269667148590088,0.6423424243927002,0.6740474462509155,0.7862718224525451,0.15407800078392028,0.7027854681015014,0.48654040694236755,0.7749173879623413,0.663274598121643,0.5611424207687378,0.6068680000000001,0.4961302101612091,0.5985656261444092,0.5127435922622681,0.6894013764,0.5609920501708985,0.8738639950752258,0.6854601979255677,0.9081384181976319,0.7218944191932678,0.3555240035057068,0.6720812678337097,0.6977631449699402
2115.0,0.32364100217819214,0.31373998522758484,0.43857499957084656,0.757585,0.821052610874176,0.3349820077419281,0.42214834690093994,0.6423826813697815,0.6728883981704712,0.7854310274124146,0.1537880003452301,0.7032402157783508,0.486613005399704,0.7725679874420166,0.6632030010223389,0.5607172846794128,0.60738,0.49595901370048523,0.5989050269126892,0.5128929018974304,0.689351976,0.5598195195198059,0.8741419911384583,0.6857810020446777,0.9088466763496399,0.7217010259628296,0.3556300103664398,0.6718202829360962,0.6963073015213013
2116.0,0.3233438014984131,0.3148297905921936,0.4384566009044647,0.7576039999999999,0.8213171005249024,0.33494560718536376,0.4168732762336731,0.6425353050231933,0.6714009523391724,0.7846812248229981,0.15337400138378143,0.7035390734672546,0.4866886019706726,0.7721399903297425,0.6631718039512634,0.5598432421684265,0.607754,0.4959184110164642,0.5991770267486572,0.512921416759491,0.6897507788,0.5576642632484436,0.8736305952072143,0.686328399181366,0.9088322758674622,0.7216296195983887,0.35564022660255434,0.6720582365989685,0.6955671787261963
2117.0,0.323046600818634,0.31591959595680236,0.4383382022380829,0.7576229999999999,0.8215815901756287,0.3349092066287994,0.41159820556640625,0.6426879286766052,0.6699135065078735,0.7839314222335816,0.15296000242233276,0.7038379311561584,0.4867641985416412,0.7717119932174683,0.6631406068801879,0.5589691996574402,0.608128,0.4958778083324432,0.5994490265846253,0.5129499316215516,0.6901495816,0.5555090069770813,0.8731191992759705,0.6868757963180542,0.9088178753852845,0.7215582132339478,0.3556504428386688,0.6722961902618408,0.6948270559310913
2118.0,0.322749400138855,0.31700940132141114,0.43821980357170104,0.757642,0.8218460798263549,0.33487280607223513,0.4063231348991394,0.6428405523300171,0.6684260606765747,0.783181619644165,0.1525460034608841,0.7041367888450623,0.4868397951126099,0.771283996105194,0.6631094098091126,0.5580951571464539,0.608502,0.49583720564842226,0.5997210264205932,0.512978446483612,0.6905483844,0.553353750705719,0.8726078033447265,0.6874231934547425,0.9088034749031066,0.7214868068695068,0.35566065907478334,0.6725341439247131,0.6940869331359864
2119.0,0.32245219945907594,0.3180992066860199,0.43810140490531924,0.757661,0.8221105694770813,0.3348364055156708,0.40104806423187256,0.642993175983429,0.6669386148452758,0.7824318170547485,0.15213200449943542,0.7044356465339661,0.4869153916835785,0.7708559989929199,0.6630782127380371,0.5572211146354675,0.608876,0.49579660296440126,0.5999930262565613,0.5130069613456726,0.6909471871999999,0.5511984944343566,0.8720964074134827,0.6879705905914306,0.9087890744209289,0.7214154005050659,0.3556708753108978,0.6727720975875855,0.6933468103408813
2120.0,0.3221549987792969,0.31918901205062866,0.4379830062389374,0.75768,0.8223750591278076,0.33480000495910645,0.3957729935646057,0.6431457996368408,0.665451169013977,0.781682014465332,0.15171800553798676,0.7047345042228699,0.4869909882545471,0.7704280018806458,0.6630470156669617,0.5563470721244812,0.60925,0.49575600028038025,0.6002650260925293,0.5130354762077332,0.69134599,0.5490432381629944,0.8715850114822388,0.6885179877281189,0.9087746739387512,0.721343994140625,0.35568109154701233,0.6730100512504578,0.6926066875457764
2121.0,0.32201060056686404,0.319565612077713,0.437922602891922,0.7575478,0.8226395726203919,0.3349250018596649,0.3898811757564545,0.6432984352111817,0.6646191477775574,0.7812574148178101,0.15123340487480164,0.7050374507904053,0.4870147883892059,0.770358395576477,0.6630216121673584,0.555472993850708,0.60898,0.4959028005599976,0.6003312230110168,0.5130848288536072,0.6912737968,0.5468878865242004,0.8715544104576111,0.6888573884963989,0.9087602734565735,0.7213231921195984,0.35570762157440183,0.673248016834259,0.6918665289878845
2122.0,0.32186620235443114,0.31994221210479734,0.4378621995449066,0.7574156,0.822904086112976,0.3350499987602234,0.38398935794830324,0.6434510707855224,0.6637871265411377,0.7808328151702881,0.15074880421161652,0.7053403973579406,0.4870385885238647,0.7702887892723084,0.6629962086677551,0.5545989155769349,0.60871,0.49604960083961486,0.6003974199295044,0.5131341814994812,0.6912016035999999,0.5447325348854065,0.8715238094329834,0.689196789264679,0.9087458729743958,0.7213023900985718,0.3557341516017914,0.6734859824180603,0.6911263704299927
2123.0,0.3217218041419983,0.32031881213188174,0.4378017961978912,0.7572834,0.8231685996055603,0.33517499566078185,0.37809754014015196,0.6436037063598633,0.662955105304718,0.7804082155227661,0.1502642035484314,0.7056433439254761,0.4870623886585236,0.7702191829681396,0.6629708051681519,0.5537248373031616,0.60844,0.4961964011192322,0.600463616847992,0.5131835341453552,0.6911294104,0.5425771832466125,0.8714932084083558,0.689536190032959,0.908731472492218,0.7212815880775452,0.3557606816291809,0.6737239480018615,0.6903862118721008
2124.0,0.3215774059295654,0.3206954121589661,0.4377413928508759,0.7571512,0.8234331130981445,0.33529999256134035,0.3722057223320007,0.6437563419342041,0.6621230840682983,0.7799836158752441,0.14977960288524628,0.7059462904930115,0.4870861887931824,0.770149576663971,0.6629454016685485,0.5528507590293884,0.60817,0.49634320139884947,0.6005298137664795,0.5132328867912292,0.6910572171999999,0.5404218316078186,0.871462607383728,0.6898755908012391,0.9087170720100403,0.7212607860565186,0.35578721165657046,0.6739619135856628,0.689646053314209
2125.0,0.32143300771713257,0.3210720121860504,0.4376809895038605,0.757019,0.8236976265907288,0.3354249894618988,0.3663139045238495,0.6439089775085449,0.6612910628318787,0.7795590162277222,0.14929500222206116,0.7062492370605469,0.4871099889278412,0.7700799703598022,0.6629199981689453,0.5519766807556152,0.6079,0.4964900016784668,0.600596010684967,0.5132822394371033,0.690985024,0.5382664799690247,0.8714320063591003,0.690214991569519,0.9087026715278625,0.7212399840354919,0.35581374168395996,0.6741998791694641,0.6889058947563171
2126.0,0.3212526082992554,0.3222686111927032,0.4376015901565552,0.7571954,0.8239970684051514,0.3353423893451691,0.3625877559185028,0.6436199188232422,0.659965968132019,0.7786304116249084,0.14890700280666352,0.7065869212150574,0.4872549891471863,0.7686699748039245,0.663398802280426,0.549824059009552,0.60778,0.4961360037326813,0.6004600048065185,0.513104522228241,0.691243422,0.537296712398529,0.8714372038841247,0.6905781984329223,0.908742892742157,0.7213081836700439,0.35574943423271177,0.6741639018058777,0.6882757902145386
2127.0,0.32107220888137816,0.3234652101993561,0.43752219080924987,0.7573718,0.824296510219574,0.33525978922843935,0.35886160731315614,0.6433308601379395,0.6586408734321594,0.7777018070220947,0.14851900339126586,0.7069246053695679,0.4873999893665314,0.7672599792480469,0.6638776063919067,0.5476714372634888,0.60766,0.49578200578689574,0.6003239989280701,0.5129268050193787,0.6915018199999999,0.5363269448280334,0.8714424014091492,0.6909414052963256,0.9087831139564514,0.721376383304596,0.35568512678146363,0.6741279244422913,0.68764568567276
2128.0,0.320891809463501,0.3246618092060089,0.4374427914619446,0.7575482,0.8245959520339966,0.3351771891117096,0.35513545870780944,0.6430418014526367,0.6573157787322998,0.776773202419281,0.14813100397586823,0.7072622895240783,0.48754498958587644,0.7658499836921692,0.6643564105033875,0.5455188155174255,0.60754,0.49542800784111024,0.6001879930496216,0.5127490878105163,0.691760218,0.5353571772575378,0.8714475989341736,0.691304612159729,0.9088233351707459,0.7214445829391479,0.35562081933021544,0.6740919470787048,0.6870155811309815
2129.0,0.32071141004562376,0.32585840821266177,0.43736339211463926,0.7577246000000001,0.8248953938484191,0.33509458899497985,0.3514093101024628,0.642752742767334,0.6559906840324402,0.7758445978164673,0.14774300456047057,0.7075999736785888,0.48768998980522155,0.7644399881362915,0.6648352146148682,0.5433661937713623,0.60742,0.4950740098953247,0.6000519871711731,0.512571370601654,0.6920186159999999,0.5343874096870422,0.871452796459198,0.6916678190231323,0.9088635563850402,0.7215127825737,0.3555565118789673,0.6740559697151184,0.6863854765892029
2130.0,0.3205310106277466,0.3270550072193146,0.437283992767334,0.757901,0.8251948356628418,0.3350119888782501,0.3476831614971161,0.6424636840820312,0.6546655893325806,0.7749159932136536,0.14735500514507294,0.7079376578330994,0.48783499002456665,0.7630299925804138,0.6653140187263489,0.5412135720252991,0.6073,0.4947200119495392,0.5999159812927246,0.5123936533927917,0.692277014,0.5334176421165466,0.8714579939842224,0.6920310258865356,0.9089037775993347,0.721580982208252,0.3554922044277191,0.674019992351532,0.6857553720474243
2131.0,0.320181405544281,0.32815720438957213,0.4373389959335327,0.7579354,0.8254942655563354,0.33504239320755,0.3454433441162109,0.6421746492385865,0.6537928462028504,0.7742077946662903,0.14721740484237672,0.7082430720329285,0.4878141939640045,0.7609633922576904,0.6652560114860535,0.5390610575675965,0.60796,0.4946890115737915,0.5999659895896912,0.5125488638877869,0.6927604077999999,0.5324479103088379,0.8710315942764282,0.6925456166267395,0.9089439868927002,0.7214435815811158,0.3553887605667114,0.6739840149879456,0.6851253032684326
2132.0,0.31983180046081544,0.3292594015598297,0.4373939990997314,0.7579698,0.8257936954498291,0.33507279753685,0.3432035267353058,0.6418856143951416,0.6529201030731201,0.773499596118927,0.14707980453968048,0.7085484862327576,0.4877933979034424,0.7588967919349671,0.665198004245758,0.5369085431098938,0.6086199999999999,0.4946580111980438,0.6000159978866577,0.512704074382782,0.6932438016,0.5314781785011291,0.870605194568634,0.6930602073669434,0.9089841961860656,0.7213061809539795,0.35528531670570374,0.6739480376243592,0.6844952344894409
2133.0,0.31948219537734984,0.3303615987300873,0.4374490022659302,0.7580042,0.8260931253433228,0.3351032018661499,0.3409637093544006,0.6415965795516968,0.6520473599433899,0.7727913975715637,0.14694220423698426,0.7088539004325867,0.48777260184288024,0.7568301916122436,0.6651399970054627,0.5347560286521912,0.60928,0.49462701082229615,0.6000660061836243,0.5128592848777771,0.6937271953999999,0.5305084466934205,0.8701787948608398,0.6935747981071472,0.9090244054794312,0.7211687803268433,0.35518187284469604,0.6739120602607727,0.6838651657104492
2134.0,0.3191325902938843,0.33146379590034486,0.4375040054321289,0.7580386,0.8263925552368164,0.33513360619544985,0.3387238919734955,0.6413075447082519,0.6511746168136596,0.7720831990242004,0.146804603934288,0.7091593146324158,0.48775180578231814,0.7547635912895203,0.6650819897651672,0.5326035141944885,0.60994,0.49459601044654844,0.6001160144805908,0.5130144953727722,0.6942105892,0.5295387148857117,0.8697523951530457,0.694089388847351,0.9090646147727967,0.721031379699707,0.35507842898368835,0.6738760828971863,0.6832350969314576
2135.0,0.3187829852104187,0.3325659930706024,0.43755900859832764,0.758073,0.8266919851303101,0.33516401052474976,0.33648407459259033,0.6410185098648071,0.6503018736839294,0.7713750004768372,0.1466670036315918,0.7094647288322449,0.487731009721756,0.7526969909667969,0.6650239825248718,0.5304509997367859,0.6106,0.4945650100708008,0.6001660227775574,0.5131697058677673,0.694693983,0.5285689830780029,0.8693259954452515,0.6946039795875549,0.9091048240661621,0.7208939790725708,0.35497498512268066,0.6738401055335999,0.6826050281524658
2136.0,0.3185529887676239,0.33353119492530825,0.43760040402412415,0.7581142,0.8264486193656921,0.3351300060749054,0.33419466614723203,0.6413024425506592,0.6492627501487732,0.7705530047416687,0.14697940349578859,0.7097230076789856,0.48785820603370667,0.7489735960960389,0.6648957848548889,0.5278165817260743,0.6113660000000001,0.494635009765625,0.6001392126083374,0.5132630705833435,0.6953379872,0.5306097865104675,0.8686828017234802,0.695188581943512,0.908922016620636,0.7207847833633423,0.35478354096412656,0.6738034129142761,0.6828333735466003
2137.0,0.3183229923248291,0.334496396780014,0.43764179944992065,0.7581554,0.8262052536010742,0.33509600162506104,0.3319052577018738,0.6415863752365112,0.648223626613617,0.7697310090065003,0.14729180335998535,0.7099812865257263,0.48798540234565735,0.7452502012252807,0.664767587184906,0.5251821637153625,0.612132,0.4947050094604492,0.6001124024391175,0.5133564352989197,0.6959819913999999,0.5326505899429321,0.868039608001709,0.695773184299469,0.9087392091751099,0.7206755876541138,0.3545920968055725,0.6737667202949524,0.6830617189407349
2138.0,0.3180929958820343,0.33546159863471986,0.43768319487571716,0.7581966,0.8259618878364563,0.3350619971752167,0.3296158492565155,0.6418703079223633,0.6471845030784606,0.7689090132713318,0.14760420322418213,0.710239565372467,0.48811259865760803,0.7415268063545227,0.6646393895149231,0.5225477457046509,0.612898,0.49477500915527345,0.6000855922698974,0.5134498000144958,0.6966259956,0.5346913933753967,0.8673964142799377,0.696357786655426,0.9085564017295837,0.7205663919448853,0.3544006526470184,0.6737300276756286,0.6832900643348694
2139.0,0.3178629994392395,0.33642680048942564,0.43772459030151367,0.7582378000000001,0.8257185220718384,0.3350279927253723,0.32732644081115725,0.6421542406082154,0.6461453795433044,0.7680870175361634,0.1479166030883789,0.7104978442192078,0.4882397949695587,0.7378034114837646,0.6645111918449402,0.5199133276939392,0.613664,0.49484500885009763,0.6000587821006775,0.513543164730072,0.6972699998,0.5367321968078613,0.8667532205581665,0.6969423890113831,0.9083735942840576,0.7204571962356567,0.3542092084884644,0.6736933350563049,0.6835184097290039
2140.0,0.3176330029964447,0.33739200234413147,0.4377659857273102,0.758279,0.8254751563072205,0.33499398827552795,0.32503703236579895,0.6424381732940674,0.6451062560081482,0.7672650218009949,0.14822900295257568,0.7107561230659485,0.4883669912815094,0.7340800166130066,0.6643829941749573,0.5172789096832275,0.61443,0.4949150085449219,0.6000319719314575,0.5136365294456482,0.697914004,0.5387730002403259,0.8661100268363953,0.6975269913673401,0.9081907868385315,0.7203480005264282,0.3540177643299103,0.6736566424369812,0.6837467551231384
2141.0,0.31743280291557313,0.33840000033378603,0.4377073884010315,0.7582136,0.8252318024635314,0.3350787878036499,0.32315555214881897,0.6427220940589905,0.6443434238433838,0.7666758179664612,0.14935460090637206,0.7109471917152405,0.48840499520301817,0.7289032101631164,0.6645691990852356,0.5146446108818055,0.615216,0.4952802062034607,0.5999413728713989,0.5137539505958557,0.6980634090000001,0.5408136963844299,0.8657552242279053,0.6980733871459961,0.9080079913139343,0.7201604008674621,0.353739994764328,0.6736199498176575,0.683975100517273
2142.0,0.31723260283470156,0.33940799832344054,0.4376487910747528,0.7581482,0.8249884486198426,0.3351635873317719,0.321274071931839,0.6430060148239136,0.6435805916786194,0.7660866141319275,0.15048019886016845,0.7111382603645324,0.488442999124527,0.7237264037132263,0.6647554039955139,0.5120103120803833,0.616002,0.4956454038619995,0.5998507738113403,0.5138713717460632,0.698212814,0.542854392528534,0.8654004216194153,0.6986197829246521,0.9078251957893372,0.719972801208496,0.3534622251987457,0.6735832571983338,0.6842034459114075
2143.0,0.31703240275382993,0.3404159963130951,0.43759019374847413,0.7580828,0.8247450947761535,0.3352483868598938,0.319392591714859,0.6432899355888366,0.642817759513855,0.7654974102973938,0.15160579681396485,0.7113293290138245,0.48848100304603576,0.7185495972633362,0.6649416089057922,0.5093760132789612,0.616788,0.49601060152053833,0.5997601747512817,0.5139887928962708,0.6983622190000001,0.5448950886726379,0.8650456190109252,0.6991661787033081,0.90764240026474,0.7197852015495301,0.3531844556331635,0.67354656457901,0.684431791305542
2144.0,0.31683220267295836,0.3414239943027496,0.4375315964221954,0.7580174,0.8245017409324646,0.33533318638801574,0.31751111149787903,0.6435738563537597,0.6420549273490905,0.7649082064628601,0.15273139476776124,0.7115203976631165,0.4885190069675446,0.7133727908134461,0.6651278138160706,0.506741714477539,0.6175740000000001,0.49637579917907715,0.5996695756912231,0.5141062140464783,0.698511624,0.546935784816742,0.8646908164024353,0.6997125744819641,0.9074596047401429,0.719597601890564,0.3529066860675812,0.6735098719596863,0.6846601366996765
2145.0,0.3166320025920868,0.3424319922924042,0.43747299909591675,0.757952,0.8242583870887756,0.3354179859161377,0.31562963128089905,0.6438577771186829,0.6412920951843262,0.7643190026283264,0.15385699272155762,0.7117114663124084,0.48855701088905334,0.7081959843635559,0.6653140187263489,0.5041074156761169,0.61836,0.49674099683761597,0.5995789766311646,0.5142236351966858,0.698661029,0.548976480960846,0.8643360137939453,0.7002589702606201,0.9072768092155457,0.7194100022315979,0.3526289165019989,0.6734731793403625,0.684888482093811
2146.0,0.31640400290489196,0.3436091959476471,0.4374077975749969,0.7578408,0.8241259217262268,0.3354135870933533,0.31338714361190795,0.6432286500930786,0.6401996612548828,0.7634883999824524,0.15593679547309874,0.7120240330696106,0.48856220841407777,0.7011745929718017,0.6653118133544922,0.5026895523071289,0.61904,0.49739320278167726,0.5992663860321045,0.5143720030784606,0.6986584184,0.5503961086273194,0.8642098069190979,0.7009381771087646,0.9072924733161927,0.7191596031188965,0.3522322416305542,0.6725082278251648,0.6850025415420532
2147.0,0.3161760032176971,0.34478639960289004,0.43734259605407716,0.7577296,0.8239934563636779,0.33540918827056887,0.31114465594291685,0.6425995230674744,0.6391072273254395,0.7626577973365783,0.1580165982246399,0.7123365998268127,0.4885674059391022,0.6941532015800476,0.6653096079826355,0.5012716889381409,0.61972,0.49804540872573855,0.5989537954330444,0.5145203709602356,0.6986558078,0.5518157362937928,0.8640836000442504,0.7016173839569092,0.9073081374168396,0.7189092040061951,0.3518355667591095,0.671543276309967,0.6851166009902954
2148.0,0.31594800353050234,0.3459636032581329,0.43727739453315734,0.7576183999999999,0.8238609910011292,0.3354047894477844,0.3089021682739258,0.6419703960418701,0.6380147933959961,0.7618271946907044,0.16009640097618102,0.7126491665840149,0.48857260346412656,0.6871318101882935,0.6653074026107788,0.4998538255691528,0.6204,0.4986976146697998,0.5986412048339844,0.5146687388420105,0.6986531972,0.5532353639602661,0.8639573931694031,0.7022965908050537,0.9073238015174866,0.7186588048934937,0.3514388918876648,0.6705783247947693,0.6852306604385376
2149.0,0.3157200038433075,0.34714080691337584,0.43721219301223757,0.7575071999999999,0.8237285256385803,0.335400390625,0.3066596806049347,0.6413412690162659,0.6369223594665527,0.7609965920448303,0.16217620372772218,0.712961733341217,0.488577800989151,0.6801104187965393,0.6653051972389221,0.4984359622001648,0.62108,0.4993498206138611,0.5983286142349243,0.5148171067237854,0.6986505866,0.5546549916267395,0.8638311862945557,0.7029757976531983,0.9073394656181335,0.7184084057807922,0.35104221701622007,0.6696133732795715,0.6853447198867798
2150.0,0.31549200415611267,0.3483180105686188,0.43714699149131775,0.757396,0.8235960602760315,0.3353959918022156,0.3044171929359436,0.6407121419906616,0.6358299255371094,0.7601659893989563,0.1642560064792633,0.7132743000984192,0.4885829985141754,0.6730890274047852,0.6653029918670654,0.49701809883117676,0.62176,0.5000020265579224,0.5980160236358643,0.5149654746055603,0.698647976,0.5560746192932129,0.8637049794197083,0.7036550045013428,0.9073551297187805,0.7181580066680908,0.3506455421447754,0.6686484217643738,0.685458779335022
2151.0,0.3153148055076599,0.3494502067565918,0.4372051954269409,0.7575535999999999,0.8234636068344117,0.33539179563522337,0.2999259114265442,0.6400830507278442,0.6346651434898376,0.7596337914466857,0.16709440648555757,0.713504946231842,0.48860999941825867,0.6651932239532471,0.6647917985916137,0.49560030102729796,0.62234,0.5003306269645691,0.5975472211837769,0.5149823904037476,0.6990139841999999,0.5574941754341125,0.8635251879692077,0.7042922019958496,0.9073707818984985,0.718018400669098,0.3501597702503204,0.6676835179328918,0.6855728387832641
2152.0,0.31513760685920716,0.35058240294456483,0.4372633993625641,0.7577111999999999,0.8233311533927917,0.3353875994682312,0.29543462991714475,0.6394539594650268,0.6335003614425659,0.7591015934944153,0.1699328064918518,0.7137355923652648,0.4886370003223419,0.657297420501709,0.6642806053161621,0.49418250322341917,0.62292,0.5006592273712158,0.5970784187316894,0.5149993062019348,0.6993799923999999,0.5589137315750122,0.8633453965187072,0.7049293994903565,0.9073864340782165,0.717878794670105,0.3496739983558655,0.6667186141014099,0.6856868982315063
2153.0,0.3149604082107544,0.35171459913253783,0.43732160329818726,0.7578688,0.8231986999511719,0.335383403301239,0.2909433484077454,0.6388248682022095,0.6323355793952942,0.7585693955421448,0.17277120649814606,0.7139662384986878,0.48866400122642517,0.6494016170501709,0.6637694120407105,0.4927647054195404,0.6234999999999999,0.5009878277778625,0.5966096162796021,0.5150162220001221,0.6997460006,0.5603332877159118,0.8631656050682068,0.7055665969848632,0.9074020862579346,0.7177391886711121,0.3491882264614105,0.665753710269928,0.6858009576797486
2154.0,0.31478320956230166,0.3528467953205109,0.4373798072338104,0.7580264,0.823066246509552,0.33537920713424685,0.28645206689834596,0.6381957769393921,0.6311707973480225,0.7580371975898743,0.1756096065044403,0.7141968846321106,0.4886910021305084,0.6415058135986328,0.6632582187652588,0.49134690761566163,0.62408,0.5013164281845093,0.5961408138275146,0.5150331377983093,0.7001120088,0.5617528438568116,0.8629858136177063,0.7062037944793701,0.9074177384376526,0.7175995826721191,0.3487024545669556,0.6647888064384461,0.6859150171279907
2155.0,0.3146060109138489,0.3539789915084839,0.4374380111694336,0.758184,0.8229337930679321,0.33537501096725464,0.28196078538894653,0.6375666856765747,0.6300060153007507,0.7575049996376038,0.17844800651073456,0.7144275307655334,0.4887180030345917,0.6336100101470947,0.6627470254898071,0.48992910981178284,0.62466,0.501645028591156,0.5956720113754272,0.5150500535964966,0.700478017,0.5631723999977112,0.8628060221672058,0.706840991973877,0.9074333906173706,0.7174599766731262,0.3482166826725006,0.6638239026069641,0.6860290765762329
2156.0,0.3142988085746765,0.3549251914024353,0.4372552096843719,0.7581562,0.823052728176117,0.3354058086872101,0.28027442693710325,0.6369534730911255,0.6286433935165405,0.7565768003463745,0.18197860419750214,0.7146265625953674,0.48859440088272094,0.6285778045654297,0.6626562237739563,0.4880287706851959,0.625006,0.5019914269447326,0.595304012298584,0.5148680329322814,0.7002688166,0.5622386574745178,0.8627624154090882,0.7071359992027283,0.9073436856269836,0.717242980003357,0.3475286602973938,0.6631993293762207,0.686387813091278
2157.0,0.31399160623550415,0.35587139129638673,0.4370724081993103,0.7581283999999999,0.8231716632843018,0.33543660640716555,0.27858806848526,0.6363402605056763,0.6272807717323303,0.7556486010551453,0.18550920188426973,0.7148255944252014,0.4884707987308502,0.6235455989837646,0.6625654220581054,0.486128431558609,0.625352,0.5023378252983093,0.5949360132217407,0.5146860122680664,0.7000596162,0.5613049149513245,0.8627188086509705,0.7074310064315796,0.9072539806365967,0.7170259833335877,0.346840637922287,0.6625747561454773,0.6867465496063232
2158.0,0.3136844038963318,0.3568175911903381,0.43688960671424865,0.7581006,0.8232905983924865,0.33546740412712095,0.27690171003341674,0.635727047920227,0.6259181499481201,0.754720401763916,0.18903979957103728,0.7150246262550354,0.4883471965789795,0.6185133934020997,0.6624746203422547,0.4842280924320221,0.625698,0.502684223651886,0.5945680141448975,0.5145039916038513,0.6998504158,0.5603711724281311,0.8626752018928527,0.7077260136604309,0.9071642756462097,0.7168089866638183,0.3461526155471802,0.6619501829147338,0.6871052861213685
2159.0,0.3133772015571594,0.3577637910842896,0.43670680522918703,0.7580728,0.8234095335006714,0.3354982018470764,0.2752153515815735,0.6351138353347778,0.6245555281639099,0.7537922024726867,0.19257039725780487,0.7152236580848694,0.4882235944271088,0.6134811878204346,0.6623838186264038,0.4823277533054352,0.626044,0.5030306220054627,0.5942000150680542,0.5143219709396363,0.6996412154,0.5594374299049377,0.8626315951347351,0.7080210208892822,0.9070745706558228,0.716591989994049,0.34546459317207334,0.6613256096839905,0.6874640226364136
2160.0,0.31306999921798706,0.35870999097824097,0.43652400374412537,0.758045,0.8235284686088562,0.33552899956703186,0.2735289931297302,0.6345006227493286,0.6231929063796997,0.7528640031814575,0.19610099494457245,0.7154226899147034,0.48809999227523804,0.6084489822387695,0.662293016910553,0.48042741417884827,0.62639,0.5033770203590393,0.5938320159912109,0.5141399502754211,0.699432015,0.5585036873817444,0.8625879883766174,0.7083160281181335,0.9069848656654358,0.7163749933242798,0.34477657079696655,0.6607010364532471,0.6878227591514587
2161.0,0.31280519962310793,0.3596805930137634,0.4365242004394531,0.7578556,0.823647391796112,0.33552460074424745,0.2738471508026123,0.6338874340057373,0.6219933271408081,0.752758800983429,0.19967519640922546,0.7156499147415161,0.48800639510154725,0.6057801842689514,0.6619854092597961,0.478527170419693,0.626528,0.5032304167747498,0.592673408985138,0.5140200972557067,0.699410617,0.5575699925422668,0.8630667924880981,0.7085006237030029,0.9068951725959777,0.7161601901054382,0.34397772550582884,0.6600764870643616,0.688181483745575
2162.0,0.31254040002822875,0.3606511950492859,0.43652439713478086,0.7576662,0.8237663149833679,0.33552020192146303,0.27416530847549436,0.633274245262146,0.6207937479019165,0.7526535987854004,0.20324939787387847,0.7158771395683289,0.48791279792785647,0.6031113862991333,0.6616778016090393,0.47662692666053774,0.626666,0.5030838131904602,0.5915148019790649,0.5139002442359925,0.699389219,0.5566362977027893,0.8635455965995789,0.7086852192878723,0.9068054795265198,0.7159453868865967,0.3431788802146912,0.659451937675476,0.6885402083396912
2163.0,0.3122756004333496,0.36162179708480835,0.43652459383010866,0.7574768000000001,0.8238852381706238,0.33551580309867857,0.2744834661483765,0.6326610565185546,0.6195941686630249,0.7525483965873718,0.2068235993385315,0.7161043643951416,0.4878192007541656,0.6004425883293152,0.6613701939582824,0.4747266829013824,0.626804,0.5029372096061706,0.590356194972992,0.513780391216278,0.6993678210000001,0.5557026028633117,0.8640244007110596,0.7088698148727417,0.9067157864570617,0.7157305836677551,0.34238003492355346,0.6588273882865906,0.6888989329338073
2164.0,0.31201080083847044,0.3625923991203308,0.4365247905254364,0.7572874,0.8240041613578797,0.33551140427589415,0.27480162382125856,0.6320478677749634,0.6183945894241333,0.7524431943893433,0.21039780080318451,0.7163315892219544,0.48772560358047484,0.5977737903594971,0.6610625863075257,0.47282643914222716,0.626942,0.5027906060218811,0.5891975879669189,0.5136605381965638,0.699346423,0.5547689080238343,0.8645032048225403,0.7090544104576111,0.9066260933876038,0.7155157804489136,0.3415811896324158,0.658202838897705,0.6892576575279236
2165.0,0.3117460012435913,0.36356300115585327,0.43652498722076416,0.757098,0.8241230845451355,0.33550700545310974,0.2751197814941406,0.6314346790313721,0.6171950101852417,0.7523379921913147,0.21397200226783752,0.7165588140487671,0.48763200640678406,0.595104992389679,0.6607549786567688,0.4709261953830719,0.62708,0.5026440024375916,0.588038980960846,0.5135406851768494,0.699325025,0.5538352131843567,0.864982008934021,0.7092390060424805,0.9065364003181458,0.715300977230072,0.3407823443412781,0.6575782895088196,0.6896163821220398
2166.0,0.31157299876213074,0.36458860039711,0.43654438853263855,0.7568728,0.8238991260528564,0.3355294048786163,0.27412782311439515,0.6309389114379883,0.6160315752029419,0.7515879988670349,0.21744640171527863,0.7167874574661255,0.48754820227622986,0.5948759913444519,0.6600209832191467,0.46764349937438965,0.627244,0.5026453971862793,0.5868651866912842,0.5133660197257995,0.6990994214,0.5522294163703918,0.8648698091506958,0.7093860030174255,0.9065466284751892,0.714972984790802,0.33978564143180845,0.6561184048652648,0.6905724763870239
2167.0,0.31139999628067017,0.3656141996383667,0.43656378984451294,0.7566476,0.8236751675605773,0.3355518043041229,0.2731358647346497,0.6304431438446045,0.6148681402206421,0.7508380055427551,0.22092080116271973,0.7170161008834839,0.48746439814567566,0.5946469902992249,0.6592869877815246,0.4643608033657074,0.627408,0.5026467919349671,0.5856913924217224,0.5131913542747497,0.6988738178,0.550623619556427,0.8647576093673706,0.7095329999923706,0.9065568566322326,0.714644992351532,0.3387889385223389,0.6546585202217102,0.691528570652008
2168.0,0.3112269937992096,0.3666397988796234,0.43658319115638733,0.7564224,0.8234512090682984,0.33557420372962954,0.27214390635490415,0.6299473762512207,0.6137047052383423,0.7500880122184753,0.22439520061016083,0.7172447443008423,0.48738059401512146,0.5944179892539978,0.6585529923439026,0.46107810735702515,0.627572,0.5026481866836547,0.5845175981521606,0.5130166888237,0.6986482142,0.5490178227424621,0.8646454095840455,0.7096799969673157,0.9065670847892762,0.7143169999122619,0.33779223561286925,0.6531986355781555,0.6924846649169922
2169.0,0.311053991317749,0.3676653981208801,0.4366025924682617,0.7561972,0.8232272505760193,0.3355966031551361,0.2711519479751587,0.6294516086578369,0.6125412702560424,0.7493380188941956,0.22786960005760193,0.7174733877182007,0.48729678988456726,0.5941889882087708,0.6578189969062805,0.4577954113483429,0.627736,0.5026495814323425,0.5833438038825989,0.5128420233726502,0.6984226106,0.5474120259284974,0.8645332098007202,0.7098269939422608,0.9065773129463196,0.713989007472992,0.3367955327033997,0.6517387509346009,0.6934407591819763
2170.0,0.31088098883628845,0.36869099736213684,0.4366219937801361,0.755972,0.8230032920837402,0.3356190025806427,0.2701599895954132,0.6289558410644531,0.6113778352737427,0.7485880255699158,0.23134399950504303,0.7177020311355591,0.48721298575401306,0.5939599871635437,0.6570850014686584,0.45451271533966064,0.6279,0.5026509761810303,0.5821700096130371,0.5126673579216003,0.698197007,0.5458062291145325,0.864421010017395,0.7099739909172058,0.906587541103363,0.7136610150337219,0.33579882979393005,0.6502788662910461,0.6943968534469604
2171.0,0.31059839129447936,0.3694570004940033,0.4365261971950531,0.7559568,0.8227793335914612,0.3356220006942749,0.2721105873584747,0.6284600973129273,0.6104103207588196,0.7479424238204956,0.23428280055522918,0.7179485917091369,0.4872067868709564,0.593711793422699,0.6563639998435974,0.4512301743030548,0.627962,0.5030245780944824,0.5802122116088867,0.5123973608016967,0.6981236098,0.5442005038261414,0.8648888111114502,0.7099897980690002,0.9065977692604065,0.7132498145103454,0.33457929491996763,0.6488190531730652,0.6953529000282288
2172.0,0.31031579375267027,0.37022300362586974,0.43643040060997007,0.7559416,0.8225553750991821,0.3356249988079071,0.27406118512153627,0.6279643535614013,0.6094428062438965,0.7472968220710754,0.23722160160541533,0.7181951522827148,0.4872005879878998,0.5934635996818542,0.6556429982185363,0.447947633266449,0.628024,0.5033981800079346,0.5782544136047363,0.5121273636817932,0.6980502126,0.5425947785377503,0.8653566122055054,0.7100056052207947,0.9066079974174499,0.712838613986969,0.33335976004600526,0.6473592400550843,0.696308946609497
2173.0,0.31003319621086123,0.3709890067577362,0.4363346040248871,0.7559264,0.8223314166069031,0.33562799692153933,0.27601178288459777,0.6274686098098755,0.6084752917289734,0.7466512203216553,0.2401604026556015,0.7184417128562928,0.48719438910484314,0.5932154059410095,0.6549219965934754,0.44466509222984313,0.628086,0.5037717819213867,0.576296615600586,0.5118573665618896,0.6979768154,0.5409890532493591,0.8658244132995605,0.7100214123725891,0.9066182255744935,0.7124274134635925,0.33214022517204284,0.6458994269371032,0.6972649931907654
2174.0,0.30975059866905214,0.37175500988960264,0.4362388074398041,0.7559112,0.822107458114624,0.3356309950351715,0.2779623806476593,0.6269728660583496,0.6075077772140502,0.7460056185722351,0.24309920370578766,0.7186882734298706,0.4871881902217865,0.5929672122001648,0.6542009949684143,0.4413825511932373,0.628148,0.5041453838348389,0.5743388175964356,0.5115873694419861,0.6979034182,0.539383327960968,0.8662922143936157,0.7100372195243836,0.9066284537315369,0.7120162129402161,0.33092069029808047,0.6444396138191223,0.6982210397720336
2175.0,0.30946800112724304,0.3725210130214691,0.43614301085472107,0.755896,0.821883499622345,0.3356339931488037,0.2799129784107208,0.6264771223068237,0.6065402626991272,0.7453600168228149,0.24603800475597382,0.7189348340034485,0.48718199133872986,0.5927190184593201,0.6534799933433533,0.43810001015663147,0.62821,0.504518985748291,0.5723810195922852,0.5113173723220825,0.697830021,0.5377776026725769,0.8667600154876709,0.710053026676178,0.9066386818885803,0.7116050124168396,0.32970115542411804,0.6429798007011414,0.699177086353302
2176.0,0.309264600276947,0.37340341210365297,0.43626040816307066,0.7558852,0.8213049292564392,0.3356805920600891,0.2782508969306946,0.6257295846939087,0.6058849453926086,0.7446750164031982,0.24864540100097657,0.7191725969314575,0.4870491921901703,0.5927106142044067,0.652664589881897,0.4348664522171021,0.628236,0.5040939927101136,0.5705692172050476,0.5109170198440551,0.6983974216000001,0.5400742888450623,0.8667374134063721,0.7100744247436523,0.9065794825553894,0.7112884044647216,0.32821049690246584,0.6422034859657287,0.6988300204277038
2177.0,0.309061199426651,0.3742858111858368,0.4363778054714203,0.7558744000000001,0.8207263588905335,0.3357271909713745,0.2765888154506683,0.6249820470809937,0.60522962808609,0.7439900159835815,0.2512527972459793,0.7194103598594666,0.4869163930416107,0.5927022099494934,0.6518491864204407,0.4316328942775726,0.628262,0.503668999671936,0.5687574148178101,0.5105166673660279,0.6989648222,0.5423709750175476,0.8667148113250732,0.7100958228111267,0.9065202832221985,0.7109717965126038,0.3267198383808136,0.6414271712303161,0.6984829545021057
2178.0,0.308857798576355,0.3751682102680206,0.4364952027797699,0.7558636,0.8201477885246277,0.33577378988265993,0.2749267339706421,0.6242345094680786,0.6045743107795716,0.7433050155639649,0.25386019349098204,0.7196481227874756,0.48678359389305115,0.5926938056945801,0.6510337829589844,0.4283993363380432,0.6282880000000001,0.5032440066337586,0.5669456124305725,0.5101163148880005,0.6995322228,0.544667661190033,0.8666922092437744,0.7101172208786011,0.9064610838890076,0.7106551885604858,0.3252291798591614,0.6406508564949036,0.6981358885765075
2179.0,0.30865439772605896,0.37605060935020446,0.43661260008811953,0.7558528,0.819569218158722,0.3358203887939453,0.2732646524906158,0.6234869718551636,0.603918993473053,0.7426200151443482,0.2564675897359848,0.7198858857154846,0.4866507947444916,0.5926854014396667,0.650218379497528,0.42516577839851377,0.628314,0.502819013595581,0.565133810043335,0.5097159624099732,0.7000996234,0.5469643473625183,0.8666696071624755,0.7101386189460754,0.9064018845558166,0.710338580608368,0.32373852133750913,0.639874541759491,0.6977888226509095
2180.0,0.30845099687576294,0.3769330084323883,0.4367299973964691,0.755842,0.8189906477928162,0.3358669877052307,0.2716025710105896,0.6227394342422485,0.6032636761665344,0.7419350147247314,0.25907498598098755,0.7201236486434937,0.486517995595932,0.5926769971847534,0.6494029760360718,0.4219322204589844,0.62834,0.5023940205574036,0.5633220076560974,0.5093156099319458,0.700667024,0.5492610335350037,0.8666470050811768,0.7101600170135498,0.9063426852226257,0.71002197265625,0.32224786281585693,0.6390982270240784,0.6974417567253113
2181.0,0.30812439918518064,0.37817280888557436,0.4368047952651978,0.7560384,0.8184121131896973,0.3358743906021118,0.27276493310928346,0.6219919323921204,0.6030326247215271,0.7409468173980713,0.26097518801689146,0.720348572731018,0.48622379899024964,0.5924163937568665,0.6477711796760559,0.41869881749153137,0.62812,0.5024470210075378,0.5613304018974304,0.5090061068534851,0.7009752158,0.5515576124191284,0.8666498064994812,0.7100698113441467,0.9062834858894349,0.7097361803054809,0.3208289921283722,0.6383219599723816,0.6970947027206421
2182.0,0.3077978014945984,0.37941260933876036,0.4368795931339264,0.7562348,0.8178335785865783,0.33588179349899294,0.2739272952079773,0.6212444305419922,0.6028015732765197,0.7399586200714111,0.2628753900527954,0.7205734968185424,0.4859296023845673,0.5921557903289795,0.64613938331604,0.41546541452407837,0.6279,0.5025000214576721,0.5593387961387635,0.5086966037750245,0.7012834076,0.5538541913032532,0.8666526079177856,0.7099796056747436,0.9062242865562439,0.7094503879547119,0.31941012144088743,0.6375456929206849,0.696747648715973
2183.0,0.3074712038040161,0.3806524097919464,0.43695439100265504,0.7564312000000001,0.8172550439834595,0.335889196395874,0.2750896573066711,0.620496928691864,0.6025705218315125,0.738970422744751,0.26477559208869933,0.7207984209060669,0.48563540577888487,0.5918951869010926,0.6445075869560242,0.41223201155662537,0.62768,0.5025530219078064,0.5573471903800964,0.5083871006965637,0.7015915994,0.5561507701873779,0.8666554093360901,0.7098894000053406,0.906165087223053,0.7091645956039428,0.31799125075340273,0.636769425868988,0.6964005947113037
2184.0,0.30714460611343386,0.3818922102451324,0.43702918887138364,0.7566276000000001,0.8166765093803405,0.3358965992927551,0.276252019405365,0.6197494268417358,0.6023394703865051,0.7379822254180908,0.2666757941246033,0.7210233449935913,0.4853412091732025,0.5916345834732055,0.6428757905960083,0.40899860858917236,0.62746,0.5026060223579407,0.5553555846214294,0.508077597618103,0.7018997912,0.5584473490715027,0.8666582107543945,0.7097991943359375,0.906105887889862,0.7088788032531739,0.316572380065918,0.6359931588172912,0.6960535407066345
2185.0,0.30681800842285156,0.3831320106983185,0.4371039867401123,0.756824,0.8160979747772217,0.33590400218963623,0.27741438150405884,0.6190019249916077,0.6021084189414978,0.7369940280914307,0.2685759961605072,0.7212482690811157,0.48504701256752014,0.5913739800453186,0.6412439942359924,0.40576520562171936,0.62724,0.502659022808075,0.5533639788627625,0.5077680945396423,0.702207983,0.5607439279556274,0.866661012172699,0.7097089886665344,0.9060466885566711,0.7085930109024048,0.3151535093784332,0.6352168917655945,0.6957064867019653
2186.0,0.3066110074520111,0.38416720628738404,0.4370633900165558,0.7568654,0.8159142136573792,0.3360509991645813,0.2828640937805176,0.6183168530464173,0.6017933487892151,0.7359556198120117,0.27010599970817567,0.7214596271514893,0.4851026117801666,0.5904639840126038,0.6399971961975097,0.4006129324436188,0.626968,0.5026316165924072,0.5508533835411071,0.5074691772460938,0.7021163824,0.5612048387527466,0.8664952039718627,0.7094247937202454,0.9060614466667175,0.7082426071166992,0.31389991044998167,0.6342386603355408,0.6957679152488708
2187.0,0.30640400648117067,0.3852024018764496,0.43702279329299926,0.7569068,0.8157304525375366,0.3361979961395264,0.2883138060569763,0.6176317811012269,0.6014782786369324,0.7349172115325928,0.27163600325584414,0.7216709852218628,0.4851582109928131,0.5895539879798889,0.6387503981590271,0.3954606592655182,0.626696,0.5026042103767395,0.5483427882194519,0.5071702599525452,0.7020247817999999,0.5616657495498657,0.8663293957710266,0.7091405987739563,0.9060762047767639,0.7078922033309937,0.31264631152153016,0.6332604289054871,0.6958293437957763
2188.0,0.3061970055103302,0.3862375974655151,0.43698219656944276,0.7569482000000001,0.8155466914176941,0.3363449931144714,0.29376351833343506,0.6169467091560363,0.6011632084846497,0.7338788032531738,0.27316600680351255,0.7218823432922363,0.4852138102054596,0.5886439919471741,0.6375036001205444,0.3903083860874176,0.626424,0.5025768041610718,0.5458321928977966,0.5068713426589966,0.7019331812,0.5621266603469849,0.8661635875701904,0.7088564038276672,0.9060909628868103,0.7075417995452881,0.3113927125930786,0.6322821974754333,0.6958907723426819
2189.0,0.30599000453948977,0.3872727930545807,0.4369415998458862,0.7569896,0.8153629302978516,0.3364919900894165,0.2992132306098938,0.6162616372108459,0.6008481383323669,0.7328403949737549,0.274696010351181,0.7220937013626099,0.4852694094181061,0.5877339959144592,0.6362568020820618,0.385156112909317,0.626152,0.5025493979454041,0.5433215975761414,0.506572425365448,0.7018415806,0.562587571144104,0.8659977793693543,0.7085722088813782,0.9061057209968567,0.7071913957595826,0.3101391136646271,0.6313039660453796,0.6959522008895874
2190.0,0.3057830035686493,0.38830798864364624,0.4369010031223297,0.757031,0.815179169178009,0.3366389870643616,0.30466294288635254,0.6155765652656555,0.6005330681800842,0.7318019866943359,0.2762260138988495,0.7223050594329834,0.48532500863075256,0.5868239998817444,0.6350100040435791,0.38000383973121643,0.62588,0.5025219917297363,0.5408110022544861,0.5062735080718994,0.70174998,0.5630484819412231,0.8658319711685181,0.7082880139350891,0.9061204791069031,0.706840991973877,0.30888551473617554,0.6303257346153259,0.6960136294364929
2191.0,0.30562480092048644,0.3892875909805298,0.4368852019309998,0.7570052,0.8149954199790954,0.33667718768119814,0.30940629839897155,0.614891517162323,0.5999188303947449,0.7305047869682312,0.2774416089057922,0.7224771022796631,0.4850366055965424,0.5848036050796509,0.6332840085029602,0.3748518109321594,0.625602,0.5023115992546081,0.5380939960479736,0.5060595989227294,0.701687586,0.5635093808174133,0.8661011815071106,0.7078848123550415,0.9061352252960205,0.7064191937446594,0.3076911151409149,0.6293475508689881,0.6960750460624695
2192.0,0.3054665982723236,0.39026719331741333,0.4368694007396698,0.7569794,0.8148116707801819,0.33671538829803466,0.31414965391159055,0.6142064690589905,0.5993045926094055,0.7292075872421264,0.27865720391273496,0.7226491451263428,0.48474820256233214,0.5827832102775574,0.6315580129623413,0.3696997821331024,0.625324,0.50210120677948,0.5353769898414612,0.5058456897735596,0.701625192,0.5639702796936035,0.8663703918457031,0.7074816107749939,0.906149971485138,0.7059973955154419,0.3064967155456543,0.6283693671226501,0.6961364626884461
2193.0,0.3053083956241608,0.3912467956542969,0.43685359954833985,0.7569536,0.8146279215812683,0.3367535889148712,0.3188930094242096,0.613521420955658,0.5986903548240662,0.7279103875160218,0.27987279891967776,0.7228211879730224,0.48445979952812196,0.5807628154754638,0.6298320174217225,0.36454775333404543,0.625046,0.5018908143043518,0.5326599836349487,0.5056317806243896,0.701562798,0.5644311785697937,0.8666396021842957,0.7070784091949462,0.9061647176742553,0.7055755972862243,0.3053023159503937,0.6273911833763123,0.6961978793144226
2194.0,0.30515019297599794,0.3922263979911804,0.43683779835700987,0.7569277999999999,0.8144441723823548,0.33679178953170774,0.3236363649368286,0.6128363728523254,0.5980761170387268,0.726613187789917,0.2810883939266205,0.7229932308197021,0.4841713964939117,0.5787424206733703,0.6281060218811035,0.3593957245349884,0.624768,0.5016804218292237,0.5299429774284363,0.5054178714752198,0.7015004039999999,0.5648920774459839,0.8669088125228882,0.7066752076148987,0.9061794638633728,0.7051537990570068,0.30410791635513307,0.6264129996299743,0.6962592959403991
2195.0,0.3049919903278351,0.39320600032806396,0.43682199716567993,0.756902,0.8142604231834412,0.3368299901485443,0.32837972044944763,0.6121513247489929,0.5974618792533875,0.7253159880638123,0.28230398893356323,0.7231652736663818,0.48388299345970154,0.5767220258712769,0.6263800263404846,0.3542436957359314,0.62449,0.5014700293540955,0.5272259712219238,0.5052039623260498,0.70143801,0.5653529763221741,0.8671780228614807,0.7062720060348511,0.9061942100524902,0.7047320008277893,0.30291351675987244,0.6254348158836365,0.6963207125663757
2196.0,0.3049795925617218,0.3942272007465363,0.43683819770812987,0.7569332,0.8141819834709167,0.3368627905845642,0.3359602212905884,0.6115914225578308,0.5968011736869812,0.7239591956138611,0.2831621885299683,0.7232727885246277,0.48336819410324094,0.5745408177375794,0.6246190190315246,0.3496873676776886,0.624074,0.501201617717743,0.5239207744598389,0.5050293564796448,0.7014688135999999,0.5654366612434387,0.8671022176742553,0.705664598941803,0.9057960152626038,0.7036481976509095,0.30168881416320803,0.6238257169723511,0.6964794397354126
2197.0,0.3049671947956085,0.39524840116500853,0.4368543982505798,0.7569644,0.8141035437583923,0.3368955910205841,0.34354072213172915,0.6110315203666687,0.596140468120575,0.7226024031639099,0.2840203881263733,0.7233803033828735,0.4828533947467804,0.5723596096038819,0.6228580117225647,0.3451310396194458,0.623658,0.5009332060813904,0.5206155776977539,0.5048547506332397,0.7014996172,0.5655203461647034,0.86702641248703,0.7050571918487549,0.9053978204727173,0.7025643944740295,0.30046411156654357,0.6222166180610657,0.6966381669044495
2198.0,0.30495479702949524,0.39626960158348085,0.4368705987930298,0.7569956,0.8140251040458679,0.336928391456604,0.35112122297286985,0.6104716181755065,0.5954797625541687,0.7212456107139588,0.2848785877227783,0.7234878182411194,0.4823385953903198,0.5701784014701843,0.6210970044136047,0.340574711561203,0.623242,0.5006647944450379,0.517310380935669,0.5046801447868348,0.7015304207999999,0.565604031085968,0.8669506072998047,0.7044497847557067,0.9049996256828308,0.7014805912971497,0.29923940896987916,0.6206075191497803,0.6967968940734863
2199.0,0.30494239926338196,0.3972908020019531,0.43688679933547975,0.7570268,0.8139466643333435,0.3369611918926239,0.3587017238140106,0.6099117159843445,0.5948190569877625,0.7198888182640075,0.28573678731918334,0.7235953330993652,0.4818237960338593,0.5679971933364868,0.6193359971046448,0.3360183835029602,0.622826,0.5003963828086853,0.514005184173584,0.5045055389404297,0.7015612244,0.5656877160072327,0.8668748021125794,0.7038423776626587,0.9046014308929443,0.7003967881202697,0.2980147063732147,0.6189984202384948,0.6969556212425232
2200.0,0.3049300014972687,0.3983120024204254,0.4369029998779297,0.757058,0.8138682246208191,0.3369939923286438,0.36628222465515137,0.6093518137931824,0.5941583514213562,0.7185320258140564,0.2865949869155884,0.7237028479576111,0.4813089966773987,0.5658159852027893,0.6175749897956848,0.3314620554447174,0.62241,0.5001279711723328,0.510699987411499,0.5043309330940247,0.701592028,0.5657714009284973,0.866798996925354,0.7032349705696106,0.9042032361030579,0.6993129849433899,0.2967900037765503,0.6173893213272095,0.6971143484115601
2201.0,0.3045462012290955,0.399166601896286,0.437006402015686,0.7569434,0.8137897968292236,0.3369857966899872,0.3613184213638306,0.6087919473648071,0.5925440311431884,0.7174812197685242,0.28702878952026367,0.7238147616386413,0.4810285985469818,0.5586013913154602,0.6157325863838196,0.3269059419631958,0.621888,0.5002801775932312,0.5081791877746582,0.5038591861724854,0.7013098238,0.565855085849762,0.866791594028473,0.7026533722877503,0.9038050532341003,0.6980141878128052,0.2955793559551239,0.6157802939414978,0.697273063659668
2202.0,0.30416240096092223,0.4000212013721466,0.43710980415344236,0.7568288,0.8137113690376282,0.33697760105133057,0.3563546180725098,0.6082320809364319,0.5909297108650208,0.716430413722992,0.28746259212493896,0.7239266753196716,0.48074820041656496,0.5513867974281311,0.6138901829719543,0.3223498284816742,0.621366,0.5004323840141296,0.5056583881378174,0.5033874392509461,0.7010276195999999,0.5659387707710266,0.8667841911315918,0.7020717740058899,0.9034068703651428,0.6967153906822204,0.29436870813369753,0.6141712665557861,0.6974317789077759
2203.0,0.30377860069274903,0.4008758008480072,0.43721320629119875,0.7567142,0.8136329412460327,0.33696940541267395,0.35139081478118894,0.6076722145080566,0.589315390586853,0.7153796076774597,0.28789639472961426,0.724038589000702,0.48046780228614805,0.544172203540802,0.6120477795600892,0.3177937150001526,0.6208440000000001,0.5005845904350281,0.5031375885009766,0.5029156923294067,0.7007454154,0.5660224556922913,0.8667767882347107,0.7014901757240295,0.9030086874961853,0.6954165935516358,0.2931580603122711,0.6125622391700745,0.6975904941558838
2204.0,0.3033948004245758,0.4017304003238678,0.4373166084289551,0.7565995999999999,0.8135545134544373,0.33696120977401733,0.34642701148986815,0.6071123480796814,0.5877010703086853,0.7143288016319275,0.28833019733428955,0.7241505026817322,0.4801874041557312,0.536957609653473,0.6102053761482239,0.313237601518631,0.620322,0.5007367968559265,0.5006167888641357,0.5024439454078674,0.7004632112,0.5661061406135559,0.8667693853378295,0.7009085774421692,0.9026105046272278,0.694117796421051,0.2919474124908447,0.6109532117843628,0.6977492094039917
2205.0,0.3030110001564026,0.4025849997997284,0.4374200105667114,0.756485,0.8134760856628418,0.3369530141353607,0.34146320819854736,0.6065524816513062,0.5860867500305176,0.7132779955863953,0.28876399993896484,0.7242624163627625,0.47990700602531433,0.5297430157661438,0.6083629727363586,0.3086814880371094,0.6198,0.500889003276825,0.4980959892272949,0.5019721984863281,0.700181007,0.5661898255348206,0.8667619824409485,0.7003269791603088,0.9022123217582703,0.6928189992904663,0.29073676466941833,0.6093441843986511,0.6979079246520996
2206.0,0.3031153976917267,0.4036692023277283,0.43743600845336916,0.7567762,0.8133603096008301,0.33708041310310366,0.3367390513420105,0.6054563999176026,0.5847231268882751,0.7115911960601806,0.2890429973602295,0.724321472644806,0.4796244025230408,0.5178210139274597,0.6070097804069519,0.3139110028743744,0.619084,0.5002822041511535,0.4981693923473358,0.5015981197357178,0.7002504108,0.5651716709136962,0.8662655830383301,0.6993819832801819,0.9023393034934998,0.6905753970146179,0.28983539938926695,0.6079233527183533,0.6978390336036682
2207.0,0.3032197952270508,0.40475340485572814,0.43745200634002684,0.7570674,0.8132445335388183,0.33720781207084655,0.3320148944854736,0.6043603181838989,0.5833595037460327,0.7099043965339661,0.2893219947814941,0.7243805289268493,0.47934179902076723,0.5058990120887756,0.6056565880775452,0.3191405177116394,0.618368,0.4996754050254822,0.4982427954673767,0.5012240409851074,0.7003198145999999,0.564153516292572,0.8657691836357116,0.6984369874000549,0.9024662852287293,0.6883317947387695,0.2889340341091156,0.6065025210380555,0.6977701425552368
2208.0,0.3033241927623749,0.40583760738372804,0.4374680042266846,0.7573586,0.8131287574768067,0.3373352110385895,0.3272907376289368,0.6032642364501953,0.5819958806037903,0.7082175970077514,0.2896009922027588,0.7244395852088928,0.47905919551849363,0.49397701025009155,0.6043033957481384,0.3243700325489044,0.617652,0.4990686058998108,0.4983161985874176,0.5008499622344971,0.7003892184,0.5631353616714477,0.8652727842330933,0.697491991519928,0.9025932669639587,0.6860881924629212,0.2880326688289642,0.6050816893577575,0.6977012515068054
2209.0,0.303428590297699,0.4069218099117279,0.43748400211334226,0.7576497999999999,0.8130129814147949,0.3374626100063324,0.3225665807723999,0.6021681547164917,0.5806322574615479,0.7065307974815369,0.28987998962402345,0.7244986414909362,0.4787765920162201,0.48205500841140747,0.6029502034187317,0.3295995473861694,0.616936,0.4984618067741394,0.4983896017074585,0.5004758834838867,0.7004586222,0.5621172070503235,0.8647763848304748,0.696546995639801,0.9027202486991882,0.6838445901870728,0.2871313035488129,0.6036608576774597,0.6976323604583741
2210.0,0.30353298783302307,0.4080060124397278,0.4375,0.757941,0.8128972053527832,0.3375900089740753,0.31784242391586304,0.6010720729827881,0.5792686343193054,0.7048439979553223,0.2901589870452881,0.7245576977729797,0.47849398851394653,0.4701330065727234,0.601597011089325,0.33482906222343445,0.61622,0.497855007648468,0.4984630048274994,0.5001018047332764,0.700528026,0.5610990524291992,0.8642799854278564,0.6956019997596741,0.9028472304344177,0.6816009879112244,0.2862299382686615,0.6022400259971619,0.6975634694099426
2211.0,0.3032633900642395,0.4091006100177765,0.43744540214538574,0.7578136,0.8127814292907715,0.3376208066940308,0.32398630380630494,0.5999760389328003,0.5778005599975586,0.7029853940010071,0.29027758836746215,0.7246278882026672,0.4779577910900116,0.47957381010055544,0.600285804271698,0.34005833268165586,0.615308,0.4973422050476074,0.5004526019096375,0.49933401346206663,0.7005572202,0.5600809454917908,0.8644907832145691,0.6948248028755188,0.9029742002487182,0.6783715844154358,0.2858739495277405,0.6008192658424377,0.6974945902824402
2212.0,0.3029937922954559,0.4101952075958252,0.4373908042907715,0.7576862,0.8126656532287597,0.33765160441398623,0.33013018369674685,0.5988800048828125,0.5763324856758117,0.7011267900466919,0.2903961896896362,0.7246980786323547,0.47742159366607667,0.48901461362838744,0.598974597454071,0.34528760313987733,0.6143959999999999,0.49682940244674684,0.5024421989917756,0.49856622219085694,0.7005864144,0.5590628385543823,0.8647015810012817,0.6940476059913635,0.9031011700630188,0.6751421809196472,0.28551796078681946,0.5993985056877136,0.6974257111549378
2213.0,0.3027241945266724,0.4112898051738739,0.4373362064361572,0.7575588,0.8125498771667481,0.33768240213394163,0.3362740635871887,0.5977839708328248,0.574864411354065,0.6992681860923767,0.2905147910118103,0.7247682690620423,0.4768853962421417,0.4984554171562195,0.5976633906364441,0.35051687359809874,0.613484,0.4963165998458862,0.5044317960739135,0.4977984309196472,0.7006156085999999,0.5580447316169739,0.8649123787879944,0.6932704091072083,0.9032281398773193,0.6719127774238587,0.28516197204589844,0.5979777455329895,0.6973568320274353
2214.0,0.30245459675788877,0.4123844027519226,0.43728160858154297,0.7574314,0.8124341011047364,0.3377131998538971,0.3424179434776306,0.5966879367828369,0.5733963370323181,0.6974095821380615,0.2906333923339844,0.7248384594917298,0.4763491988182068,0.5078962206840515,0.5963521838188172,0.3557461440563202,0.612572,0.49580379724502566,0.5064213931560516,0.4970306396484375,0.7006448028,0.5570266246795654,0.865123176574707,0.6924932122230529,0.9033551096916199,0.6686833739280701,0.2848059833049774,0.5965569853782654,0.6972879528999328
2215.0,0.3021849989891052,0.4134790003299713,0.4372270107269287,0.757304,0.8123183250427246,0.33774399757385254,0.3485618233680725,0.5955919027328491,0.5719282627105713,0.6955509781837463,0.29075199365615845,0.7249086499214172,0.47581300139427185,0.5173370242118835,0.5950409770011902,0.3609754145145416,0.61166,0.49529099464416504,0.5084109902381897,0.4962628483772278,0.700673997,0.556008517742157,0.8653339743614197,0.6917160153388977,0.9034820795059204,0.6654539704322815,0.2844499945640564,0.5951362252235413,0.6972190737724304
2216.0,0.3020402014255524,0.4145262002944946,0.4371666073799133,0.7572974,0.8120166897773743,0.3378081977367401,0.36184281706809995,0.5950662732124329,0.5712109804153442,0.6939817786216735,0.29091039299964905,0.7248668789863586,0.47510340213775637,0.5371468186378479,0.594450581073761,0.3681460916996002,0.610702,0.4950551986694336,0.5115521907806396,0.4952446937561035,0.7002463934,0.5505034923553467,0.8652627825736999,0.6904802083969116,0.9036125898361206,0.6619509816169739,0.28438243865966795,0.5919598937034607,0.6966961622238159
2217.0,0.30189540386199953,0.41557340025901796,0.43710620403289796,0.7572908,0.811715054512024,0.3378723978996277,0.37512381076812745,0.5945406436920166,0.5704936981201172,0.6924125790596009,0.29106879234313965,0.7248251080513001,0.47439380288124083,0.5569566130638123,0.5938601851463318,0.3753167688846588,0.609744,0.49481940269470215,0.5146933913230896,0.49422653913497927,0.6998187898,0.5449984669685364,0.8651915907859802,0.6892444014549255,0.9037431001663208,0.6584479928016662,0.28431488275527955,0.5887835621833801,0.6961732506752014
2218.0,0.30175060629844663,0.41662060022354125,0.43704580068588256,0.7572842,0.8114134192466735,0.33793659806251525,0.3884048044681549,0.5940150141716003,0.5697764158248901,0.690843379497528,0.29122719168663025,0.7247833371162414,0.47368420362472535,0.5767664074897766,0.5932697892189026,0.3824874460697174,0.608786,0.4945836067199707,0.5178345918655396,0.49320838451385496,0.6993911862,0.5394934415817261,0.8651203989982605,0.6880085945129395,0.903873610496521,0.6549450039863587,0.2842473268508911,0.5856072306632996,0.6956503391265869
2219.0,0.3016058087348938,0.4176678001880646,0.4369853973388672,0.7572776,0.8111117839813232,0.33800079822540285,0.4016857981681824,0.5934893846511841,0.5690591335296631,0.6892741799354554,0.29138559103012085,0.7247415661811829,0.4729746043682098,0.596576201915741,0.5926793932914733,0.389658123254776,0.607828,0.49434781074523926,0.5209757924079895,0.4921902298927307,0.6989635826,0.5339884161949158,0.8650492072105408,0.6867727875709534,0.9040041208267212,0.651442015171051,0.2841797709465027,0.582430899143219,0.6951274275779724
2220.0,0.30146101117134094,0.4187150001525879,0.4369249939918518,0.757271,0.8108101487159729,0.3380649983882904,0.41496679186820984,0.5929637551307678,0.568341851234436,0.6877049803733826,0.29154399037361145,0.7246997952461243,0.47226500511169434,0.6163859963417053,0.5920889973640442,0.3968288004398346,0.60687,0.4941120147705078,0.5241169929504395,0.49117207527160645,0.698535979,0.5284833908081055,0.864978015422821,0.6855369806289673,0.9041346311569214,0.6479390263557434,0.28411221504211426,0.5792545676231384,0.6946045160293579
2221.0,0.3013700067996979,0.41958960294723513,0.43706939816474916,0.7573438,0.8105085372924805,0.33805999755859373,0.426194953918457,0.5924381494522095,0.5692990183830261,0.6858729839324951,0.2918113946914673,0.724637258052826,0.4711746037006378,0.6261107921600342,0.592127001285553,0.40399913787841796,0.605376,0.4934092104434967,0.5267871975898742,0.4901436507701874,0.69781698,0.5229786276817322,0.8645854115486145,0.6842805862426757,0.9042651414871216,0.6452436208724975,0.2842457711696625,0.5760783910751343,0.6940816283226013
2222.0,0.30127900242805483,0.4204642057418823,0.4372138023376465,0.7574166,0.810206925868988,0.3380549967288971,0.4374231159687042,0.5919125437736511,0.5702561855316162,0.6840409874916077,0.2920787990093231,0.7245747208595276,0.4700842022895813,0.635835587978363,0.5921650052070617,0.4111694753170013,0.603882,0.4927064061164856,0.529457402229309,0.4891152262687683,0.697097981,0.5174738645553589,0.864192807674408,0.6830241918563843,0.9043956518173217,0.6425482153892517,0.2843793272972107,0.5729022145271301,0.6935587406158448
2223.0,0.3011879980564117,0.42133880853652955,0.4373582065105438,0.7574894,0.8099053144454956,0.33804999589920043,0.44865127801895144,0.5913869380950928,0.5712133526802063,0.6822089910507202,0.292346203327179,0.7245121836662293,0.46899380087852477,0.6455603837966919,0.5922030091285706,0.41833981275558474,0.602388,0.4920036017894745,0.5321276068687439,0.48808680176734925,0.696378982,0.5119691014289856,0.8638002038002014,0.6817677974700928,0.904526162147522,0.6398528099060059,0.2845128834247589,0.569726037979126,0.6930358529090881
2224.0,0.30109699368476867,0.42221341133117674,0.43750261068344115,0.7575622,0.8096037030220031,0.3380449950695038,0.4598794400691986,0.5908613324165344,0.5721705198287964,0.6803769946098328,0.2926136076450348,0.7244496464729309,0.4679033994674683,0.6552851796150208,0.5922410130500794,0.4255101501941681,0.600894,0.49130079746246336,0.5347978115081787,0.48705837726593015,0.695659983,0.5064643383026123,0.8634075999259949,0.6805114030838013,0.9046566724777222,0.63715740442276,0.2846464395523071,0.5665498614311218,0.6925129652023315
2225.0,0.3010059893131256,0.423088014125824,0.4376470148563385,0.757635,0.8093020915985107,0.33803999423980713,0.4711076021194458,0.5903357267379761,0.5731276869773865,0.6785449981689453,0.2928810119628906,0.7243871092796326,0.46681299805641174,0.6650099754333496,0.5922790169715881,0.43268048763275146,0.5994,0.49059799313545227,0.5374680161476135,0.4860299527645111,0.694940984,0.500959575176239,0.8630149960517883,0.6792550086975098,0.9047871828079224,0.6344619989395142,0.28477999567985535,0.5633736848831177,0.691990077495575
2226.0,0.3010029911994934,0.42417221069335936,0.43752881288528445,0.7578661999999999,0.809152615070343,0.3381023943424225,0.47676390409469604,0.5902867317199707,0.5757779717445374,0.6774924039840698,0.29330281019210813,0.7242926359176636,0.46541000008583067,0.6688883781433106,0.5931258082389832,0.43378558158874514,0.5971500000000001,0.48956979513168336,0.5384452104568481,0.4852709352970123,0.6944197892,0.49788440465927125,0.862758994102478,0.6776986122131348,0.9044942617416382,0.6315593957901001,0.28490519523620605,0.5574677348136902,0.691673481464386
2227.0,0.30099999308586123,0.42525640726089475,0.43741061091423034,0.7580973999999999,0.8090031385421753,0.33816479444503783,0.4824202060699463,0.5902377367019653,0.5784282565116883,0.6764398097991944,0.2937246084213257,0.7241981625556946,0.46400700211524964,0.6727667808532715,0.5939725995063782,0.43489067554473876,0.5949,0.48854159712791445,0.5394224047660827,0.4845119178295135,0.6938985944,0.4948092341423035,0.8625029921531677,0.6761422157287598,0.904201340675354,0.6286567926406861,0.28503039479255676,0.5515617847442627,0.6913568854331971
2228.0,0.300996994972229,0.4263406038284302,0.4372924089431763,0.7583286,0.8088536620140075,0.3382271945476532,0.48807650804519653,0.59018874168396,0.5810785412788391,0.6753872156143188,0.2941464066505432,0.7241036891937256,0.46260400414466857,0.6766451835632324,0.5948193907737732,0.43599576950073243,0.59265,0.4875133991241455,0.5403995990753174,0.4837529003620148,0.6933773996,0.49173406362533567,0.8622469902038574,0.6745858192443848,0.9039084196090699,0.6257541894912719,0.28515559434890747,0.5456558346748352,0.691040289402008
2229.0,0.3009939968585968,0.4274248003959656,0.43717420697212217,0.7585598,0.8087041854858399,0.33828959465026853,0.4937328100204468,0.5901397466659546,0.58372882604599,0.6743346214294433,0.29456820487976076,0.7240092158317566,0.46120100617408755,0.6805235862731933,0.5956661820411682,0.43710086345672605,0.5903999999999999,0.4864852011203766,0.541376793384552,0.482993882894516,0.6928562048,0.4886588931083679,0.8619909882545471,0.6730294227600098,0.9036154985427857,0.6228515863418579,0.2852807939052582,0.5397498846054077,0.6907236933708191
2230.0,0.3009909987449646,0.428508996963501,0.4370560050010681,0.758791,0.8085547089576721,0.3383519947528839,0.499389111995697,0.5900907516479492,0.5863791108131409,0.6732820272445679,0.29499000310897827,0.7239147424697876,0.45979800820350647,0.6844019889831543,0.5965129733085632,0.4382059574127197,0.58815,0.48545700311660767,0.5423539876937866,0.4822348654270172,0.69233501,0.48558372259140015,0.8617349863052368,0.6714730262756348,0.9033225774765015,0.6199489831924438,0.2854059934616089,0.5338439345359802,0.6904070973396301
2231.0,0.30086600184440615,0.42930240035057066,0.43699140548706056,0.7585883999999999,0.8084052443504334,0.3383061945438385,0.502508544921875,0.5900417566299438,0.5884066343307495,0.6725690245628357,0.2954382002353668,0.7237693309783936,0.4577108085155487,0.6858629941940307,0.5980693817138671,0.43931100368499754,0.585098,0.4836448013782501,0.5430729866027832,0.48183136582374575,0.691544414,0.4825086951255798,0.8612939834594726,0.670058262348175,0.9030296802520752,0.6177011847496032,0.28546059131622314,0.5279382705688477,0.6900905132293701
2232.0,0.30074100494384765,0.4300958037376404,0.436926805973053,0.7583858,0.8082557797431946,0.3382603943347931,0.505627977848053,0.5899927616119385,0.5904341578483582,0.6718560218811035,0.29588639736175537,0.7236239194869996,0.45562360882759095,0.6873239994049072,0.5996257901191712,0.4404160499572754,0.582046,0.48183259963989256,0.5437919855117798,0.48142786622047423,0.690753818,0.47943366765975953,0.8608529806137085,0.6686434984207154,0.9027367830276489,0.6154533863067627,0.2855151891708374,0.5220326066017151,0.6897739291191101
2233.0,0.3006160080432892,0.43088920712471007,0.4368622064590454,0.7581832,0.8081063151359558,0.33821459412574767,0.5087474107742309,0.5899437665939331,0.5924616813659668,0.6711430191993714,0.2963345944881439,0.7234785079956054,0.45353640913963317,0.6887850046157837,0.6011821985244751,0.4415210962295532,0.578994,0.48002039790153506,0.5445109844207764,0.48102436661720277,0.6899632219999999,0.4763586401939392,0.8604119777679443,0.6672287344932556,0.9024438858032227,0.6132055878639221,0.28556978702545166,0.5161269426345825,0.6894573450088501
2234.0,0.3004910111427307,0.4316826105117798,0.43679760694503783,0.7579806,0.807956850528717,0.3381687939167023,0.5118668437004089,0.5898947715759277,0.5944892048835755,0.6704300165176391,0.29678279161453247,0.7233330965042114,0.45144920945167544,0.6902460098266602,0.6027386069297791,0.4426261425018311,0.575942,0.4782081961631775,0.5452299833297729,0.48062086701393125,0.689172626,0.4732836127281189,0.8599709749221802,0.6658139705657959,0.9021509885787964,0.6109577894210816,0.2856243848800659,0.5102212786674499,0.6891407608985901
2235.0,0.30036601424217224,0.4324760138988495,0.4367330074310303,0.757778,0.8078073859214783,0.33812299370765686,0.5149862766265869,0.5898457765579224,0.5965167284011841,0.669717013835907,0.297230988740921,0.7231876850128174,0.44936200976371765,0.6917070150375366,0.604295015335083,0.4437311887741089,0.57289,0.47639599442481995,0.5459489822387695,0.4802173674106598,0.68838203,0.4702085852622986,0.859529972076416,0.6643992066383362,0.9018580913543701,0.608709990978241,0.2856789827346802,0.5043156147003174,0.6888241767883301
2236.0,0.30027140974998473,0.4336302101612091,0.43664100766181946,0.757828,0.8073732376098632,0.3382431924343109,0.5164143323898316,0.589331328868866,0.5977650165557862,0.6692186117172241,0.297805392742157,0.7229633808135987,0.44689740538597106,0.6908052086830139,0.6054088115692139,0.44107651710510254,0.569886,0.47469099760055544,0.5472129821777344,0.4806191086769104,0.6881204251999999,0.4736806094646454,0.8589183807373046,0.6627124786376953,0.9023841619491577,0.6092127919197082,0.2856473863877441,0.4937268435955048,0.6883373260498047
2237.0,0.3001768052577972,0.43478440642356875,0.43654900789260864,0.7578779999999999,0.8069390892982483,0.338363391160965,0.5178423881530761,0.5888168811798096,0.5990133047103882,0.6687202095985413,0.29837979674339293,0.7227390766143799,0.44443280100822447,0.6899034023284912,0.6065226078033448,0.4384218454360962,0.566882,0.4729860007762909,0.5484769821166993,0.481020849943161,0.6878588204,0.4771526336669922,0.8583067893981934,0.6610257506370545,0.9029102325439453,0.6097155928611755,0.2856157900408081,0.4831380724906921,0.6878504753112793
2238.0,0.30008220076560976,0.4359386026859283,0.4364570081233978,0.757928,0.8065049409866333,0.338483589887619,0.5192704439163208,0.5883024334907532,0.6002615928649903,0.6682218074798584,0.2989542007446289,0.7225147724151612,0.4419681966304779,0.6890015959739685,0.6076364040374755,0.43576717376708984,0.563878,0.4712810039520264,0.549740982055664,0.4814225912094116,0.6875972156,0.480624657869339,0.857695198059082,0.6593390226364135,0.9034363031387329,0.6102183938026429,0.28558419369387206,0.4725493013858795,0.6873636245727539
2239.0,0.29998759627342225,0.43709279894828795,0.436365008354187,0.757978,0.8060707926750184,0.3386037886142731,0.5206984996795654,0.5877879858016968,0.6015098810195922,0.6677234053611756,0.29952860474586485,0.7222904682159423,0.43950359225273133,0.6880997896194458,0.6087502002716064,0.4331125020980835,0.560874,0.4695760071277618,0.5510049819946289,0.48182433247566225,0.6873356108,0.48409668207168577,0.8570836067199707,0.6576522946357727,0.9039623737335205,0.6107211947441101,0.28555259734693605,0.4619605302810669,0.6868767738342285
2240.0,0.29989299178123474,0.4382469952106476,0.4362730085849762,0.758028,0.8056366443634033,0.3387239873409271,0.5221265554428101,0.5872735381126404,0.6027581691741943,0.6672250032424927,0.30010300874710083,0.7220661640167236,0.43703898787498474,0.6871979832649231,0.6098639965057373,0.43045783042907715,0.55787,0.4678710103034973,0.5522689819335938,0.48222607374191284,0.687074006,0.4875687062740326,0.8564720153808594,0.6559655666351318,0.9044884443283081,0.6112239956855774,0.285521001,0.4513717591762543,0.6863899230957031
2241.0,0.29986379146575926,0.43914519548416137,0.4362530052661896,0.7578250000000001,0.8052025198936462,0.3387489914894104,0.5232682824134827,0.5867591261863708,0.6036039471626282,0.6668536067008972,0.30054460763931273,0.7217665433883667,0.43537219166755675,0.6874399900436401,0.6103525996208191,0.4278032839298248,0.556288,0.46628840565681456,0.553329586982727,0.4824868679046631,0.6868858102000001,0.491040563583374,0.8560334086418152,0.6540422320365906,0.9050144791603089,0.6139699935913085,0.2854745808273895,0.44078348875045775,0.6859030842781066
2242.0,0.2998345911502838,0.44004339575767515,0.43623300194740294,0.757622,0.8047683954238891,0.3387739956378937,0.5244100093841553,0.5862447142601013,0.604449725151062,0.6664822101593018,0.30098620653152464,0.7214669227600098,0.43370539546012876,0.6876819968223572,0.6108412027359009,0.4251487374305725,0.554706,0.4647058010101318,0.5543901920318604,0.4827476620674133,0.6866976144,0.49451242089271547,0.855594801902771,0.6521188974380493,0.9055405139923096,0.6167159914970398,0.28542816065477905,0.43019521832466123,0.6854162454605103
2243.0,0.29980539083480834,0.440941596031189,0.43621299862861634,0.7574190000000001,0.8043342709541321,0.33879899978637695,0.5255517363548279,0.5857303023338318,0.6052955031394959,0.6661108136177063,0.3014278054237366,0.7211673021316528,0.43203859925270083,0.6879240036010742,0.6113298058509826,0.4224941909313202,0.553124,0.4631231963634491,0.5554507970809937,0.4830084562301636,0.6865094186,0.4979842782020569,0.8551561951637268,0.6501955628395081,0.9060665488243103,0.619461989402771,0.2853817404821686,0.41960694789886477,0.6849294066429138
2244.0,0.2997761905193329,0.44183979630470277,0.4361929953098297,0.757216,0.803900146484375,0.33882400393486023,0.5266934633255005,0.5852158904075623,0.6061412811279296,0.6657394170761108,0.3018694043159485,0.7208676815032959,0.43037180304527284,0.6881660103797913,0.6118184089660644,0.4198396444320679,0.551542,0.46154059171676637,0.556511402130127,0.4832692503929138,0.6863212228,0.5014561355113983,0.8547175884246826,0.6482722282409668,0.906592583656311,0.6222079873085022,0.2853353203095581,0.40901867747306825,0.6844425678253174
2245.0,0.2997469902038574,0.44273799657821655,0.4361729919910431,0.757013,0.8034660220146179,0.3388490080833435,0.5278351902961731,0.5847014784812927,0.6069870591163635,0.6653680205345154,0.3023110032081604,0.720568060874939,0.42870500683784485,0.6884080171585083,0.6123070120811462,0.41718509793281555,0.54996,0.4599579870700836,0.5575720071792603,0.48353004455566406,0.686133027,0.5049279928207397,0.8542789816856384,0.6463488936424255,0.9071186184883118,0.6249539852142334,0.28528890013694763,0.39843040704727173,0.683955729007721
2246.0,0.2995441913604736,0.4435815989971161,0.4361773908138275,0.7573034000000001,0.8036924362182617,0.3388098061084747,0.5286180019378662,0.5838437795639038,0.6070016026496887,0.663273012638092,0.3027098000049591,0.7201897859573364,0.42791480422019956,0.6891826152801513,0.6126594066619873,0.41363049745559693,0.549544,0.45932319164276125,0.5591072082519531,0.48381145000457765,0.6859670162,0.5014024972915649,0.8539235830307007,0.6443110346794129,0.9069374442100525,0.6279159903526306,0.2852071225643158,0.39195663928985597,0.6840387582778931
2247.0,0.29934139251708985,0.4444252014160156,0.4361817896366119,0.7575938,0.8039188504219055,0.33877060413360593,0.5294008135795594,0.5829860806465149,0.6070161461830139,0.6611780047416687,0.30310859680175783,0.7198115110397338,0.42712460160255433,0.6899572134017944,0.6130118012428284,0.4100758969783783,0.5491280000000001,0.45868839621543883,0.560642409324646,0.48409285545349123,0.6858010054,0.49787700176239014,0.853568184375763,0.6422731757164002,0.9067562699317933,0.6308779954910279,0.28512534499168396,0.3854828715324402,0.6841217875480652
2248.0,0.29913859367370604,0.4452688038349152,0.4361861884593964,0.7578842,0.8041452646255494,0.3387314021587372,0.5301836252212524,0.582128381729126,0.6070306897163391,0.6590829968452454,0.3035073935985565,0.7194332361221314,0.42633439898490905,0.6907318115234375,0.6133641958236694,0.40652129650115965,0.548712,0.45805360078811647,0.5621776103973388,0.48437426090240476,0.6856349946,0.49435150623321533,0.8532127857208252,0.6402353167533874,0.9065750956535339,0.633840000629425,0.2850435674190521,0.3790091037750244,0.6842048168182373
2249.0,0.2989357948303223,0.4461124062538147,0.4361905872821808,0.7581745999999999,0.8043716788291931,0.3386922001838684,0.5309664368629455,0.5812706828117371,0.6070452332496643,0.656987988948822,0.3039061903953552,0.7190549612045288,0.4255441963672638,0.6915064096450806,0.6137165904045105,0.40296669602394103,0.548296,0.45741880536079405,0.5637128114700317,0.48465566635131835,0.6854689838,0.4908260107040405,0.8528573870658874,0.6381974577903747,0.9063939213752746,0.6368020057678223,0.2849617898464203,0.37253533601760863,0.6842878460884094
2250.0,0.2987329959869385,0.44695600867271423,0.4361949861049652,0.758465,0.8045980930328369,0.33865299820899963,0.5317492485046387,0.5804129838943481,0.6070597767829895,0.6548929810523987,0.30430498719215393,0.7186766862869263,0.42475399374961853,0.6922810077667236,0.6140689849853516,0.3994120955467224,0.54788,0.4567840099334717,0.5652480125427246,0.48493707180023193,0.685302973,0.4873005151748657,0.8525019884109497,0.6361595988273621,0.9062127470970154,0.6397640109062195,0.28488001227378845,0.36606156826019287,0.6843708753585815
2251.0,0.29875579476356506,0.44797960519790647,0.43607819080352783,0.7584072,0.8048245191574097,0.33877179622650144,0.5315438866615295,0.5795552849769592,0.6070556759834289,0.6511359810829163,0.3045671880245209,0.7182028293609619,0.42474499344825745,0.6924914121627808,0.6146301865577698,0.3958574950695038,0.547946,0.455948805809021,0.5663776159286499,0.4846582293510437,0.6844927789999999,0.48377501368522646,0.8517017960548401,0.6347719311714173,0.9060315728187561,0.6419308066368103,0.28483200669288633,0.3595877945423126,0.6844539046287537
2252.0,0.29877859354019165,0.44900320172309877,0.43596139550209045,0.7583494,0.8050509452819824,0.3388905942440033,0.5313385248184204,0.5786975860595703,0.6070515751838684,0.6473789811134338,0.3048293888568878,0.7177289724349976,0.42473599314689636,0.6927018165588379,0.615191388130188,0.3923028945922852,0.548012,0.4551136016845703,0.5675072193145752,0.48437938690185545,0.683682585,0.48024951219558715,0.8509016036987305,0.6333842635154724,0.9058503985404969,0.6440976023674011,0.28478400111198426,0.3531140208244324,0.6845369338989258
2253.0,0.29880139231681824,0.450026798248291,0.4358446002006531,0.7582916,0.8052773714065552,0.3390093922615051,0.5311331629753113,0.5778398871421814,0.6070474743843078,0.6436219811439514,0.30509158968925476,0.7172551155090332,0.4247269928455353,0.692912220954895,0.6157525897026062,0.3887482941150665,0.548078,0.4542783975601196,0.5686368227005005,0.48410054445266726,0.682872391,0.4767240107059479,0.8501014113426208,0.6319965958595276,0.9056692242622375,0.646264398097992,0.28473599553108214,0.3466402471065521,0.6846199631690979
2254.0,0.2988241910934448,0.4510503947734833,0.4357278048992157,0.7582338,0.8055037975311279,0.339128190279007,0.5309278011322022,0.5769821882247925,0.6070433735847474,0.639864981174469,0.3053537905216217,0.7167812585830688,0.4247179925441742,0.6931226253509521,0.6163137912750244,0.3851936936378479,0.548144,0.45344319343566897,0.5697664260864258,0.483821702003479,0.682062197,0.47319850921630857,0.8493012189865112,0.6306089282035827,0.9054880499839782,0.6484311938285827,0.2846879899501801,0.3401664733886719,0.68470299243927
2255.0,0.2988469898700714,0.45207399129867554,0.4356110095977783,0.758176,0.8057302236557007,0.3392469882965088,0.530722439289093,0.5761244893074036,0.6070392727851868,0.6361079812049866,0.30561599135398865,0.7163074016571045,0.4247089922428131,0.6933330297470093,0.6168749928474426,0.3816390931606293,0.54821,0.45260798931121826,0.5708960294723511,0.48354285955429077,0.681252003,0.4696730077266693,0.8485010266304016,0.6292212605476379,0.905306875705719,0.6505979895591736,0.28463998436927795,0.3336926996707916,0.6847860217094421
2256.0,0.2990247905254364,0.45301379561424254,0.4355288088321686,0.7582372,0.8052064538002014,0.3392785906791687,0.5304269790649414,0.5749200701713562,0.6061381578445435,0.6307533860206604,0.30567039251327516,0.7157493233680725,0.42512359619140627,0.6928880214691162,0.6177631974220276,0.3813526690006256,0.5468,0.4527023911476135,0.5717184185981751,0.4821238458156586,0.6804087998,0.4637979090213776,0.8480776190757752,0.6276520609855651,0.9053409576416016,0.6517071962356568,0.2846699893474579,0.33756219148635863,0.6841634154319763
2257.0,0.2992025911808014,0.45395359992980955,0.4354466080665588,0.7582983999999999,0.8046826839447021,0.33931019306182864,0.5301315188407898,0.5737156510353089,0.6052370429039001,0.6253987908363342,0.30572479367256167,0.7151912450790405,0.4255382001399994,0.6924430131912231,0.6186514019966125,0.38106624484062196,0.5453899999999999,0.45279679298400877,0.5725408077239991,0.48070483207702636,0.6795655966,0.45792281031608584,0.8476542115211487,0.6260828614234925,0.9053750395774841,0.6528164029121399,0.2846999943256378,0.34143168330192564,0.6835408091545105
2258.0,0.2993803918361664,0.4548934042453766,0.4353644073009491,0.7583596,0.8041589140892029,0.3393417954444885,0.5298360586166382,0.5725112318992615,0.6043359279632569,0.6200441956520081,0.3057791948318481,0.7146331667900085,0.42595280408859254,0.6919980049133301,0.6195396065711976,0.3807798206806183,0.54398,0.4528911948204041,0.573363196849823,0.4792858183383942,0.6787223934,0.45204771161079405,0.8472308039665222,0.6245136618614197,0.9054091215133667,0.653925609588623,0.28472999930381776,0.3453011751174927,0.6829182028770446
2259.0,0.29955819249153137,0.4558332085609436,0.43528220653533933,0.7584208,0.8036351442337036,0.3393733978271484,0.5295405983924866,0.5713068127632142,0.6034348130226135,0.6146896004676818,0.30583359599113463,0.7140750885009766,0.42636740803718565,0.691552996635437,0.6204278111457825,0.38049339652061465,0.54257,0.4529855966567993,0.574185585975647,0.47786680459976194,0.6778791902,0.4461726129055023,0.8468073964118957,0.622944462299347,0.9054432034492492,0.6550348162651062,0.28476000428199766,0.3491706669330597,0.6822955965995788
2260.0,0.29973599314689636,0.4567730128765106,0.4352000057697296,0.758482,0.8031113743782043,0.33940500020980835,0.529245138168335,0.5701023936271667,0.6025336980819702,0.6093350052833557,0.30588799715042114,0.7135170102119446,0.4267820119857788,0.691107988357544,0.6213160157203674,0.38020697236061096,0.54116,0.4530799984931946,0.575007975101471,0.47644779086112976,0.677035987,0.44029751420021057,0.8463839888572693,0.6213752627372742,0.9054772853851318,0.6561440229415894,0.2847900092601776,0.3530401587486267,0.681672990322113
2261.0,0.29961599707603453,0.4575994074344635,0.4350976049900055,0.7586006,0.8025875806808471,0.33944960236549376,0.5290332674980164,0.5688979148864746,0.6016818523406983,0.6051954030990601,0.3056697964668274,0.7128273248672485,0.4268988072872162,0.6904065847396851,0.622432816028595,0.37992053627967837,0.538078,0.4517978012561798,0.5753289818763733,0.4743447661399841,0.6750529882,0.4344221293926239,0.8450145959854126,0.6201094388961792,0.9055113673210144,0.6562564134597778,0.28486000895500185,0.35690982937812804,0.6810503482818604
2262.0,0.2994960010051727,0.4584258019924164,0.43499520421028137,0.7587192,0.80206378698349,0.3394942045211792,0.5288213968276978,0.5676934361457825,0.6008300065994263,0.6010558009147644,0.30545159578323366,0.7121376395225525,0.42701560258865356,0.6897051811218262,0.6235496163368225,0.3796341001987457,0.534996,0.450515604019165,0.5756499886512756,0.4722417414188385,0.6730699894000001,0.4285467445850372,0.843645203113556,0.6188436150550842,0.905545449256897,0.6563688039779663,0.28493000864982604,0.3607795000076294,0.6804277062416076
2263.0,0.29937600493431094,0.45925219655036925,0.43489280343055725,0.7588378,0.8015399932861328,0.33953880667686465,0.5286095261573791,0.5664889574050903,0.5999781608581543,0.5969161987304688,0.30523339509963987,0.7114479541778564,0.42713239789009094,0.6890037775039672,0.6246664166450501,0.3793476641178131,0.531914,0.4492334067821503,0.575970995426178,0.47013871669769286,0.6710869906,0.4226713597774506,0.8422758102416992,0.6175777912139893,0.9055795311927796,0.6564811944961548,0.2850000083446503,0.36464917063713076,0.679805064201355
2264.0,0.2992560088634491,0.46007859110832217,0.43479040265083313,0.7589564000000001,0.8010161995887757,0.33958340883255006,0.5283976554870605,0.5652844786643982,0.5991263151168823,0.5927765965461731,0.30501519441604613,0.7107582688331604,0.4272491931915283,0.6883023738861084,0.6257832169532775,0.37906122803688047,0.5288320000000001,0.4479512095451355,0.5762920022010803,0.46803569197654726,0.6691039918,0.41679597496986387,0.8409064173698425,0.6163119673728943,0.9056136131286621,0.6565935850143433,0.28507000803947447,0.3685188412666321,0.6791824221611023
2265.0,0.2991360127925873,0.460904985666275,0.434688001871109,0.759075,0.8004924058914185,0.3396280109882355,0.5281857848167419,0.564079999923706,0.5982744693756104,0.5886369943618774,0.3047969937324524,0.7100685834884644,0.4273659884929657,0.6876009702682495,0.6269000172615051,0.3787747919559479,0.52575,0.4466690123081207,0.5766130089759827,0.4659326672554016,0.667120993,0.4109205901622772,0.8395370244979858,0.6150461435317993,0.9056476950645447,0.6567059755325317,0.2851400077342987,0.3723885118961334,0.6785597801208496
2266.0,0.29906681180000305,0.46168258786201477,0.43475260138511657,0.759167,0.8007250428199768,0.3396458089351654,0.5279004216194153,0.564079999923706,0.5974125027656555,0.5875379920005799,0.30424219369888306,0.7092957377433777,0.4273707926273346,0.6870505809783936,0.6282628178596497,0.38070287704467776,0.52347,0.44432740807533266,0.5766404032707214,0.4629863083362579,0.6649907946,0.4020429730415344,0.8390514254570007,0.6142913222312927,0.9058069467544556,0.6555331826210022,0.2852840065956116,0.37544769048690796,0.6782503724098206
2267.0,0.2989976108074188,0.4624601900577545,0.4348172008991241,0.759259,0.8009576797485352,0.33966360688209535,0.5276150584220887,0.564079999923706,0.5965505361557006,0.5864389896392822,0.3036873936653137,0.708522891998291,0.4273755967617035,0.6865001916885376,0.6296256184577942,0.3826309621334076,0.52119,0.44198580384254454,0.5766677975654602,0.46003994941711424,0.6628605962,0.3931653559207916,0.8385658264160156,0.6135365009307862,0.9059661984443664,0.6543603897094726,0.2854280054569244,0.3785068690776825,0.6779409646987915
2268.0,0.2989284098148346,0.46323779225349426,0.43488180041313174,0.759351,0.8011903166770935,0.33968140482902526,0.5273296952247619,0.564079999923706,0.5956885695457459,0.5853399872779846,0.3031325936317444,0.7077500462532044,0.4273804008960724,0.6859498023986816,0.6309884190559387,0.38455904722213746,0.51891,0.4396441996097565,0.576695191860199,0.4570935904979706,0.6607303978,0.38428773880004885,0.8380802273750305,0.6127816796302795,0.9061254501342774,0.6531875967979431,0.2855720043182373,0.38156604766845703,0.6776315569877625
2269.0,0.29885920882225037,0.464015394449234,0.4349463999271393,0.759443,0.8014229536056519,0.3396992027759552,0.5270443320274353,0.564079999923706,0.594826602935791,0.584240984916687,0.30257779359817505,0.7069772005081176,0.4273852050304413,0.6853994131088257,0.6323512196540833,0.3864871323108673,0.51663,0.43730259537696836,0.5767225861549378,0.4541472315788269,0.6586001994,0.37541012167930604,0.8375946283340454,0.612026858329773,0.9062847018241882,0.6520148038864135,0.28571600317955015,0.38462522625923157,0.6773221492767334
2270.0,0.29879000782966614,0.46479299664497375,0.43501099944114685,0.759535,0.8016555905342102,0.33971700072288513,0.5267589688301086,0.564079999923706,0.5939646363258362,0.5831419825553894,0.3020229935646057,0.706204354763031,0.4273900091648102,0.6848490238189697,0.6337140202522278,0.38841521739959717,0.51435,0.4349609911441803,0.5767499804496765,0.4512008726596832,0.656470001,0.36653250455856323,0.8371090292930603,0.6112720370292664,0.9064439535140991,0.650842010974884,0.28586000204086304,0.3876844048500061,0.6770127415657043
2271.0,0.2988362073898315,0.46536279916763307,0.43487839698791503,0.7595812,0.8018882274627686,0.3397548019886017,0.5266283869743347,0.564079999923706,0.5945332288742066,0.5844609856605529,0.30126339197158813,0.705473530292511,0.42724400758743286,0.6833446145057678,0.634468412399292,0.3903433918952942,0.513648,0.433885395526886,0.5768915891647339,0.44801860451698305,0.6532495978,0.35765446424484254,0.8358854293823242,0.6105012774467469,0.906603217124939,0.6483456134796143,0.2860234022140503,0.3907437264919281,0.6767033100128174
2272.0,0.29888240694999696,0.4659326016902924,0.4347457945346832,0.7596274,0.8021208643913269,0.33979260325431826,0.5264978051185608,0.564079999923706,0.595101821422577,0.5857799887657166,0.30050379037857056,0.704742705821991,0.42709800601005554,0.6818402051925659,0.6352228045463562,0.3922715663909912,0.512946,0.4328097999095917,0.5770331978797912,0.4448363363742828,0.6500291946,0.34877642393112185,0.8346618294715882,0.6097305178642273,0.9067624807357788,0.6458492159843445,0.28618680238723754,0.3938030481338501,0.6763938784599304
2273.0,0.29892860651016234,0.46650240421295164,0.43461319208145144,0.7596736000000001,0.8023535013198853,0.33983040452003477,0.5263672232627868,0.564079999923706,0.5956704139709472,0.5870989918708801,0.299744188785553,0.704011881351471,0.4269520044326782,0.680335795879364,0.6359771966934205,0.39419974088668824,0.5122439999999999,0.43173420429229736,0.5771748065948487,0.44165406823158265,0.6468087914,0.3398983836174011,0.833438229560852,0.6089597582817078,0.9069217443466187,0.6433528184890747,0.2863502025604248,0.3968623697757721,0.6760844469070435
2274.0,0.2989748060703278,0.46707220673561095,0.4344805896282196,0.7597198000000001,0.8025861382484436,0.33986820578575133,0.526236641407013,0.564079999923706,0.5962390065193176,0.5884179949760437,0.2989845871925354,0.7032810568809509,0.4268060028553009,0.6788313865661622,0.6367315888404846,0.39612791538238523,0.5115419999999999,0.43065860867500305,0.577316415309906,0.4384718000888824,0.6435883882,0.3310203433036804,0.832214629650116,0.6081889986991882,0.9070810079574585,0.6408564209938049,0.28651360273361204,0.39992169141769407,0.6757750153541565
2275.0,0.29902100563049316,0.46764200925827026,0.4343479871749878,0.759766,0.802818775177002,0.3399060070514679,0.526106059551239,0.564079999923706,0.596807599067688,0.5897369980812073,0.2982249855995178,0.7025502324104309,0.4266600012779236,0.6773269772529602,0.6374859809875488,0.3980560898780823,0.51084,0.42958301305770874,0.5774580240249634,0.43528953194618225,0.640367985,0.3221423029899597,0.8309910297393799,0.6074182391166687,0.9072402715682983,0.6383600234985352,0.2866770029067993,0.4029810130596161,0.6754655838012695
2276.0,0.2989252030849457,0.46845280528068545,0.43448638916015625,0.7597860000000001,0.8021927237510681,0.3399386048316956,0.5251770496368409,0.5639177083969116,0.5992783308029175,0.5921533942222595,0.29712038636207583,0.7016998767852783,0.4259869992733002,0.6757667779922485,0.6385239839553833,0.3984744608402252,0.5097419999999999,0.4290302097797394,0.5767524242401123,0.4326872766017914,0.6351061822,0.3089243769645691,0.8294006228446961,0.6065585374832153,0.9073983788490295,0.6354872226715088,0.2868736028671265,0.40074742436408994,0.6747076272964477
2277.0,0.2988294005393982,0.4692636013031006,0.4346247911453247,0.7598060000000001,0.8015666723251342,0.3399712026119232,0.5242480397224426,0.5637554168701172,0.601749062538147,0.5945697903633118,0.2960157871246338,0.7008495211601258,0.42531399726867675,0.6742065787315369,0.6395619869232178,0.3988928318023682,0.508644,0.42847740650177,0.5760468244552612,0.4300850212574005,0.6298443794,0.29570645093917847,0.8278102159500123,0.6056988358497619,0.9075564861297607,0.6326144218444825,0.2870702028274536,0.39851383566856385,0.6739496707916259
2278.0,0.2987335979938507,0.47007439732551576,0.43476319313049316,0.759826,0.8009406208992005,0.3400038003921509,0.5233190298080445,0.5635931253433227,0.6042197942733765,0.596986186504364,0.2949111878871918,0.6999991655349731,0.42464099526405336,0.6726463794708252,0.6405999898910523,0.3993112027645111,0.5075459999999999,0.42792460322380066,0.5753412246704102,0.42748276591300965,0.6245825765999999,0.28248852491378784,0.8262198090553283,0.6048391342163086,0.907714593410492,0.629741621017456,0.2872668027877808,0.3962802469730377,0.6731917142868042
2279.0,0.2986377954483032,0.4708851933479309,0.4349015951156616,0.759846,0.8003145694732666,0.3400363981723785,0.5223900198936462,0.5634308338165284,0.606690526008606,0.5994025826454162,0.29380658864974973,0.6991488099098205,0.4239679932594299,0.6710861802101136,0.6416379928588867,0.3997295737266541,0.506448,0.4273717999458313,0.5746356248855591,0.42488051056861875,0.6193207738,0.2692705988883972,0.8246294021606445,0.6039794325828552,0.9078727006912232,0.6268688201904297,0.2874634027481079,0.3940466582775116,0.6724337577819824
2280.0,0.29854199290275574,0.47169598937034607,0.4350399971008301,0.759866,0.7996885180473328,0.3400689959526062,0.521461009979248,0.5632685422897339,0.6091612577438354,0.6018189787864685,0.29270198941230774,0.698298454284668,0.4232949912548065,0.6695259809494019,0.6426759958267212,0.400147944688797,0.50535,0.42681899666786194,0.573930025100708,0.4222782552242279,0.614058971,0.2560526728630066,0.8230389952659607,0.6031197309494019,0.9080308079719543,0.6239960193634033,0.28766000270843506,0.3918130695819855,0.6716758012771606
2281.0,0.29863319396972654,0.4720539927482605,0.43494060039520266,0.7599100000000001,0.7990624308586121,0.3401625990867615,0.5211402893066406,0.5631062388420105,0.6107821226119995,0.6072709798812866,0.29166778922080994,0.6973710894584656,0.42156699299812317,0.6685741901397705,0.6433023929595947,0.4005663335323334,0.5031979999999999,0.4260725975036621,0.5736238241195679,0.4210697293281555,0.605925977,0.2428341180086136,0.8220062017440796,0.6021187543869019,0.9081889271736145,0.6225910186767578,0.2878198027610779,0.38957937359809874,0.6709177970886231
2282.0,0.2987243950366974,0.4724119961261749,0.4348412036895752,0.759954,0.7984363436698914,0.34025620222091674,0.5208195686340332,0.5629439353942871,0.6124029874801635,0.6127229809761048,0.29063358902931213,0.6964437246322632,0.4198389947414398,0.6676223993301391,0.6439287900924683,0.40098472237586974,0.501046,0.4253261983394623,0.5733176231384277,0.4198612034320831,0.5977929829999999,0.22961556315422058,0.8209734082221984,0.6011177778244019,0.9083470463752746,0.6211860179901123,0.2879796028137207,0.387345677614212,0.6701597929000854
2283.0,0.2988155961036682,0.4727699995040894,0.43474180698394777,0.7599980000000001,0.7978102564811707,0.34034980535507203,0.5204988479614258,0.5627816319465637,0.6140238523483277,0.6181749820709228,0.28959938883781433,0.6955163598060607,0.41811099648475647,0.6666706085205079,0.6445551872253418,0.40140311121940614,0.49889399999999995,0.42457979917526245,0.5730114221572876,0.41865267753601076,0.589659989,0.21639700829982758,0.8199406147003174,0.6001168012619018,0.9085051655769348,0.6197810173034668,0.2881394028663635,0.38511198163032534,0.6694017887115479
2284.0,0.29890679717063906,0.4731280028820038,0.4346424102783203,0.760042,0.79718416929245,0.3404434084892273,0.5201781272888184,0.5626193284988403,0.6156447172164917,0.623626983165741,0.28856518864631653,0.6945889949798584,0.4163829982280731,0.6657188177108765,0.6451815843582154,0.4018215000629425,0.49674199999999996,0.4238334000110626,0.5727052211761474,0.41744415163993837,0.581526995,0.20317845344543456,0.8189078211784363,0.5991158246994018,0.9086632847785949,0.6183760166168213,0.28829920291900635,0.3828782856464386,0.6686437845230102
2285.0,0.29899799823760986,0.4734860062599182,0.43454301357269287,0.760086,0.7965580821037292,0.34053701162338257,0.5198574066162109,0.5624570250511169,0.6172655820846558,0.6290789842605591,0.2875309884548187,0.693661630153656,0.41465499997138977,0.6647670269012451,0.6458079814910889,0.4022398889064789,0.49459,0.4230870008468628,0.5723990201950073,0.41623562574386597,0.573394001,0.18995989859104156,0.8178750276565552,0.5981148481369019,0.9088214039802551,0.6169710159301758,0.28845900297164917,0.3806445896625519,0.6678857803344727
2286.0,0.29927579760551454,0.47355060577392577,0.4344986081123352,0.7600172000000001,0.7966795206069947,0.3405966103076935,0.5186982393264771,0.56284019947052,0.6184293866157532,0.6349681854248047,0.2864867925643921,0.6926734566688537,0.4122246026992798,0.6632858157157898,0.6456843852996826,0.399325031042099,0.492486,0.42192280292510986,0.5717986106872559,0.4171225607395172,0.5650493984,0.18594812452793122,0.8170022249221802,0.5971540570259094,0.908099102973938,0.6170748114585877,0.28864439725875857,0.3765127420425415,0.6669662237167359
2287.0,0.2995535969734192,0.4736152052879333,0.43445420265197754,0.7599484000000001,0.79680095911026,0.3406562089920044,0.5175390720367432,0.563223373889923,0.6195931911468506,0.6408573865890503,0.28544259667396543,0.6916852831840515,0.4097942054271698,0.6618046045303345,0.6455607891082764,0.3964101731777191,0.490382,0.42075860500335693,0.5711982011795044,0.41800949573516843,0.5567047958,0.18193635046482087,0.8161294221878052,0.596193265914917,0.9073768019676208,0.6171786069869996,0.2888297915458679,0.37238089442253114,0.6660466670989991
2288.0,0.29983139634132383,0.47367980480194094,0.4344097971916199,0.7598796,0.7969223976135253,0.3407158076763153,0.5163799047470092,0.5636065483093262,0.620756995677948,0.6467465877532959,0.28439840078353884,0.6906971096992492,0.4073638081550598,0.6603233933448791,0.6454371929168701,0.39349531531333926,0.488278,0.419594407081604,0.570597791671753,0.4188964307308197,0.5483601932000001,0.1779245764017105,0.8152566194534302,0.5952324748039246,0.9066545009613037,0.6172824025154113,0.2890151858329773,0.36824904680252074,0.6651271104812622
2289.0,0.3001091957092285,0.4737444043159485,0.4343653917312622,0.7598108,0.7970438361167907,0.3407754063606262,0.5152207374572754,0.5639897227287293,0.6219208002090454,0.6526357889175415,0.2833542048931122,0.6897089362144471,0.4049334108829498,0.6588421821594238,0.6453135967254638,0.39058045744895936,0.486174,0.4184302091598511,0.5699973821640014,0.41978336572647096,0.5400155906,0.17391280233860015,0.8143838167190551,0.5942716836929322,0.9059321999549865,0.6173861980438232,0.28920058012008665,0.3641171991825104,0.6642075538635254
2290.0,0.3003869950771332,0.47380900382995605,0.43432098627090454,0.759742,0.7971652746200562,0.34083500504493713,0.5140615701675415,0.5643728971481323,0.6230846047401428,0.6585249900817871,0.28231000900268555,0.6887207627296448,0.40250301361083984,0.6573609709739685,0.6451900005340576,0.38766559958457947,0.48407,0.41726601123809814,0.56939697265625,0.4206703007221222,0.531670988,0.1699010282754898,0.8135110139846802,0.5933108925819397,0.9052098989486694,0.6174899935722351,0.28938597440719604,0.3599853515625,0.6632879972457886
2291.0,0.30056599378585813,0.4745036005973816,0.4342931866645813,0.7597904,0.7972867250442505,0.34091960191726683,0.5122509360313415,0.5647560954093933,0.6239972114562988,0.6636631965637207,0.28160540461540223,0.6875662446022034,0.40047701001167296,0.6559203743934632,0.6451079964637756,0.38475059866905215,0.482638,0.41578260660171507,0.5685845732688903,0.42327192425727844,0.528329194,0.16588906347751617,0.8126750111579895,0.5923579812049866,0.9044875621795654,0.6182121992111206,0.28955038189888,0.3558533012866974,0.6623683929443359
2292.0,0.30074499249458314,0.4751981973648071,0.43426538705825807,0.7598388,0.7974081754684448,0.34100419878959654,0.5104403018951416,0.5651392936706543,0.6249098181724548,0.6688014030456543,0.2809008002281189,0.686411726474762,0.3984510064125061,0.6544797778129577,0.6450259923934937,0.38183559775352477,0.481206,0.41429920196533204,0.5677721738815308,0.4258735477924347,0.5249874,0.16187709867954253,0.8118390083312989,0.5914050698280334,0.9037652254104614,0.6189344048500061,0.28971478939056394,0.3517212510108948,0.6614487886428833
2293.0,0.3009239912033081,0.4758927941322327,0.4342375874519348,0.7598872,0.7975296258926392,0.3410887956619263,0.5086296677589417,0.5655224919319153,0.6258224248886108,0.6739396095275879,0.28019619584083555,0.6852572083473205,0.39642500281333926,0.6530391812324524,0.6449439883232116,0.37892059683799745,0.479774,0.41281579732894896,0.5669597744941711,0.42847517132759094,0.521645606,0.15786513388156892,0.8110030055046081,0.5904521584510803,0.9030428886413574,0.6196566104888916,0.28987919688224795,0.34758920073509214,0.6605291843414307
2294.0,0.3011029899120331,0.4765873908996582,0.4342097878456116,0.7599356,0.7976510763168335,0.341173392534256,0.5068190336227417,0.5659056901931763,0.6267350316047668,0.6790778160095214,0.27949159145355223,0.6841026902198791,0.3943989992141724,0.651598584651947,0.6448619842529297,0.37600559592247007,0.478342,0.41133239269256594,0.5661473751068116,0.4310767948627472,0.518303812,0.15385316908359528,0.8101670026779175,0.5894992470741272,0.9023205518722535,0.6203788161277771,0.2900436043739319,0.34345715045928954,0.659609580039978
2295.0,0.30128198862075806,0.47728198766708374,0.43418198823928833,0.759984,0.7977725267410278,0.3412579894065857,0.5050083994865417,0.5662888884544373,0.6276476383209229,0.6842160224914551,0.2787869870662689,0.6829481720924377,0.3923729956150055,0.6501579880714417,0.6447799801826477,0.37309059500694275,0.47691,0.40984898805618286,0.5653349757194519,0.43367841839790344,0.514962018,0.14984120428562164,0.8093309998512268,0.5885463356971741,0.9015982151031494,0.6211010217666626,0.29020801186561584,0.33932510018348694,0.6586899757385254
2296.0,0.30095199346542356,0.4782323896884918,0.43413119316101073,0.7603096,0.7972532749176026,0.3413555920124054,0.5028022289276123,0.5660055994987487,0.6283098220825195,0.686089813709259,0.2783415913581848,0.6818655133247375,0.3913953959941864,0.6489039897918701,0.644352388381958,0.3705222845077515,0.47493,0.4089267909526825,0.5646685838699341,0.43677446246147156,0.5160640124,0.14665685892105101,0.8084151983261109,0.5878379583358765,0.9027827620506287,0.6228310227394104,0.29036540985107423,0.33265618681907655,0.6577318668365478
2297.0,0.3006219983100891,0.4791827917098999,0.43408039808273313,0.7606352,0.7967340230941773,0.3414531946182251,0.5005960583686828,0.5657223105430603,0.6289720058441162,0.687963604927063,0.2778961956501007,0.6807828545570374,0.3904177963733673,0.6476499915122986,0.6439247965812683,0.36795397400856017,0.47295,0.40800459384918214,0.5640021920204162,0.4398705065250397,0.5171660068,0.1434725135564804,0.8074993968009949,0.5871295809745789,0.903967308998108,0.6245610237121582,0.2905228078365326,0.32598727345466616,0.6567737579345703
2298.0,0.3002920031547546,0.480133193731308,0.4340296030044556,0.7609608,0.7962147712707519,0.3415507972240448,0.4983898878097534,0.5654390215873718,0.6296341896057129,0.6898373961448669,0.2774507999420166,0.6797001957893372,0.3894401967525482,0.646395993232727,0.6434972047805786,0.3653856635093689,0.47097,0.40708239674568175,0.5633358001708985,0.4429665505886078,0.5182680011999999,0.14028816819190978,0.8065835952758789,0.5864212036132812,0.9051518559455871,0.626291024684906,0.29068020582199094,0.3193183600902557,0.6558156490325928
2299.0,0.2999620079994202,0.4810835957527161,0.433978807926178,0.7612863999999999,0.7956955194473266,0.3416483998298645,0.496183717250824,0.5651557326316834,0.6302963733673096,0.6917111873626709,0.2770054042339325,0.678617537021637,0.38846259713172915,0.6451419949531555,0.643069612979889,0.3628173530101776,0.46898999999999996,0.4061601996421814,0.5626694083213806,0.4460625946521759,0.5193699956,0.13710382282733918,0.8056677937507629,0.5857128262519836,0.9063364028930664,0.6280210256576538,0.29083760380744933,0.3126494467258453,0.6548575401306153
2300.0,0.2996320128440857,0.48203399777412415,0.4339280128479004,0.761612,0.7951762676239014,0.3417460024356842,0.49397754669189453,0.5648724436759949,0.6309585571289062,0.6935849785804749,0.2765600085258484,0.6775348782539368,0.38748499751091003,0.643887996673584,0.6426420211791992,0.36024904251098633,0.46701,0.40523800253868103,0.5620030164718628,0.449158638715744,0.52047199,0.13391947746276855,0.804751992225647,0.585004448890686,0.9075209498405457,0.6297510266304016,0.2909950017929077,0.30598053336143494,0.6538994312286377
2301.0,0.29985141158103945,0.48235719799995425,0.43373401165008546,0.7616428,0.7946569800376893,0.3417443990707397,0.4900202572345734,0.5645891308784485,0.6311704277992248,0.6934287786483765,0.27614720463752745,0.6762004256248474,0.3872785985469818,0.6421507954597473,0.642000412940979,0.3576806128025055,0.46413,0.403779399394989,0.5616758108139038,0.4519855499267578,0.5179345964,0.13073498159646987,0.8041781902313232,0.5842582821846009,0.9087055444717407,0.6333708167076111,0.29109880328178406,0.29931130409240725,0.6529412865638733
2302.0,0.30007081031799315,0.4826803982257843,0.43354001045227053,0.7616736,0.794137692451477,0.3417427957057953,0.4860629677772522,0.5643058180809021,0.6313822984695434,0.6932725787162781,0.2757344007492065,0.674865972995758,0.3870721995830536,0.6404135942459106,0.6413588047027587,0.35511218309402465,0.46125,0.402320796251297,0.5613486051559449,0.45481246113777163,0.5153972028,0.1275504857301712,0.8036043882369995,0.5835121154785157,0.9098901391029358,0.6369906067848206,0.2912026047706604,0.2926420748233795,0.6519831418991089
2303.0,0.3002902090549469,0.4830035984516144,0.43334600925445554,0.7617044000000001,0.7936184048652649,0.3417411923408508,0.482105678319931,0.5640225052833557,0.6315941691398621,0.6931163787841796,0.27532159686088564,0.6735315203666687,0.38686580061912534,0.638676393032074,0.6407171964645386,0.35254375338554383,0.45837,0.40086219310760496,0.5610213994979858,0.4576393723487854,0.5128598092,0.12436598986387253,0.8030305862426758,0.5827659487724304,0.9110747337341308,0.64061039686203,0.29130640625953674,0.2859728455543518,0.6510249972343445
2304.0,0.3005096077919006,0.48332679867744444,0.4331520080566406,0.7617352000000001,0.7930991172790527,0.3417395889759064,0.47814838886260985,0.5637391924858093,0.6318060398101807,0.6929601788520813,0.2749087929725647,0.6721970677375794,0.38665940165519713,0.6369391918182373,0.6400755882263184,0.34997532367706297,0.45549,0.39940358996391295,0.5606941938400268,0.4604662835597992,0.5103224156,0.12118149399757386,0.8024567842483521,0.5820197820663452,0.912259328365326,0.6442301869392395,0.2914102077484131,0.2793036162853241,0.6500668525695801
2305.0,0.30072900652885437,0.48364999890327454,0.4329580068588257,0.761766,0.7925798296928406,0.3417379856109619,0.4741910994052887,0.5634558796882629,0.6320179104804993,0.6928039789199829,0.2744959890842438,0.67086261510849,0.3864530026912689,0.6352019906044006,0.6394339799880981,0.34740689396858215,0.45261,0.39794498682022095,0.5603669881820679,0.463293194770813,0.507785022,0.11799699813127518,0.8018829822540283,0.58127361536026,0.913443922996521,0.647849977016449,0.29151400923728943,0.2726343870162964,0.6491087079048157
2306.0,0.3008584022521973,0.4833736002445221,0.43278880715370177,0.7619038,0.7931109309196472,0.34175018668174745,0.46747649908065797,0.5636434674263,0.6321893334388733,0.6937763810157775,0.27418479323387146,0.6694542765617371,0.38608700037002563,0.6331229925155639,0.6384493827819824,0.346622633934021,0.449384,0.39581298828125,0.5596269845962525,0.465023398399353,0.4983472166,0.11477386653423309,0.801667582988739,0.5811068177223205,0.9127697706222534,0.6501351833343506,0.2916516065597534,0.26595198810100557,0.6482611536979676
2307.0,0.30098779797554015,0.48309720158576963,0.43261960744857786,0.7620416,0.7936420321464539,0.341762387752533,0.46076189875602724,0.5638310551643372,0.6323607563972473,0.6947487831115723,0.27387359738349915,0.6680459380149841,0.38572099804878235,0.6310439944267273,0.6374647855758667,0.3458383738994598,0.446158,0.39368098974227905,0.558886981010437,0.46675360202789307,0.4889094112,0.111550734937191,0.8014521837234497,0.5809400200843811,0.9120956182479858,0.6524203896522522,0.2917892038822174,0.25926958918571474,0.6474135994911194
2308.0,0.30111719369888307,0.48282080292701723,0.432450407743454,0.7621794000000001,0.7941731333732605,0.34177458882331846,0.45404729843139646,0.5640186429023742,0.6325321793556213,0.6957211852073669,0.27356240153312683,0.6666375994682312,0.38535499572753906,0.6289649963378906,0.636480188369751,0.3450541138648987,0.442932,0.3915489912033081,0.5581469774246216,0.4684838056564331,0.4794716058,0.10832760334014893,0.8012367844581604,0.5807732224464417,0.9114214658737183,0.6547055959701538,0.2919268012046814,0.25258719027042387,0.6465660452842712
2309.0,0.30124658942222593,0.4825444042682648,0.4322812080383301,0.7623172,0.7947042346000671,0.341786789894104,0.44733269810676574,0.5642062306404114,0.6327036023139954,0.6966935873031617,0.2732512056827545,0.6652292609214783,0.3849889934062958,0.626885998249054,0.6354955911636353,0.34426985383033754,0.439706,0.38941699266433716,0.5574069738388061,0.47021400928497314,0.4700338004,0.10510447174310684,0.8010213851928711,0.5806064248085022,0.9107473134994507,0.6569908022880554,0.2920643985271454,0.24590479135513305,0.6457184910774231
2310.0,0.30137598514556885,0.48226800560951233,0.4321120083332062,0.762455,0.7952353358268738,0.3417989909648895,0.440618097782135,0.5643938183784485,0.6328750252723694,0.6976659893989563,0.2729400098323822,0.6638209223747253,0.3846229910850525,0.6248070001602173,0.6345109939575195,0.34348559379577637,0.43648,0.3872849941253662,0.5566669702529907,0.4719442129135132,0.460595995,0.10188134014606476,0.8008059859275818,0.5804396271705627,0.9100731611251831,0.659276008605957,0.2922019958496094,0.23922239243984222,0.644870936870575
2311.0,0.3014419853687286,0.4820068061351776,0.4320470094680786,0.7622124,0.7957664728164673,0.34181819558143617,0.43269129395484923,0.5645814180374146,0.6327139616012574,0.7019641876220704,0.272540408372879,0.6623413562774658,0.38348199129104615,0.6226696014404297,0.6333085894584656,0.34270129799842836,0.43428,0.3849027931690216,0.556108582019806,0.47293001413345337,0.4548535942,0.09865805357694626,0.7996377944946289,0.5812288403511048,0.9093989849090576,0.6578188061714172,0.29236059784889223,0.23253967463970185,0.644023334980011
2312.0,0.3015079855918884,0.4817456066608429,0.43198201060295105,0.7619698,0.7962976098060608,0.3418374001979828,0.42476449012756345,0.5647690176963807,0.6325528979301452,0.7062623858451843,0.27214080691337583,0.6608617901802063,0.3823409914970398,0.6205322027206421,0.6321061849594116,0.34191700220108034,0.43208,0.382520592212677,0.5555501937866211,0.47391581535339355,0.4491111934,0.09543476700782776,0.798469603061676,0.5820180535316467,0.9087248086929322,0.6563616037368775,0.29251919984817504,0.22585695683956147,0.643175733089447
2313.0,0.30157398581504824,0.4814844071865082,0.4319170117378235,0.7617271999999999,0.7968287467956543,0.3418566048145294,0.41683768630027773,0.5649566173553466,0.6323918342590332,0.7105605840682984,0.2717412054538727,0.6593822240829468,0.3811999917030334,0.6183948040008544,0.6309037804603577,0.3411327064037323,0.42988,0.3801383912563324,0.5549918055534363,0.47490161657333374,0.4433687926,0.09221148043870926,0.7973014116287231,0.5828072667121887,0.9080506324768066,0.6549044013023376,0.2926778018474579,0.21917423903942107,0.6423281311988831
2314.0,0.301639986038208,0.4812232077121735,0.4318520128726959,0.7614846,0.7973598837852478,0.34187580943107604,0.40891088247299195,0.5651442170143127,0.6322307705879211,0.7148587822914123,0.2713416039943695,0.6579026579856873,0.3800589919090271,0.6162574052810669,0.6297013759613037,0.34034841060638427,0.42768,0.3777561902999878,0.5544334173202514,0.4758874177932739,0.4376263918,0.08898819386959075,0.7961332201957703,0.5835964798927307,0.9073764562606812,0.6534471988677979,0.2928364038467407,0.2124915212392807,0.6414805293083191
2315.0,0.3017059862613678,0.48096200823783875,0.43178701400756836,0.761242,0.7978910207748413,0.3418950140476227,0.4009840786457062,0.5653318166732788,0.6320697069168091,0.7191569805145264,0.27094200253486633,0.6564230918884277,0.37891799211502075,0.6141200065612793,0.6284989714622498,0.33956411480903625,0.42548,0.3753739893436432,0.5538750290870667,0.4768732190132141,0.431883991,0.08576490730047226,0.7949650287628174,0.5843856930732727,0.9067022800445557,0.6519899964332581,0.29299500584602356,0.20580880343914032,0.6406329274177551
2316.0,0.3017015874385834,0.4820744037628174,0.43179880976676943,0.7613184,0.797508156299591,0.34196341037750244,0.3958950340747833,0.5654022932052613,0.6319309353828431,0.7230501890182495,0.2703532040119171,0.654660415649414,0.377348792552948,0.6129118084907532,0.6272877812385559,0.3385894656181335,0.424536,0.3725369930267334,0.5527834177017212,0.4771859347820282,0.433536792,0.09703254699707031,0.7938500285148621,0.5853922605514527,0.9063244700431824,0.6460179924964905,0.29311880467681883,0.20135040879249572,0.6407032966613769
2317.0,0.301697188615799,0.483186799287796,0.43181060552597045,0.7613947999999999,0.7971252918243408,0.3420318067073822,0.3908059895038605,0.5654727697372437,0.6317921638488769,0.7269433975219727,0.2697644054889679,0.6528977394104004,0.37577959299087527,0.611703610420227,0.626076591014862,0.33761481642723085,0.423592,0.3696999967098236,0.5516918063163757,0.4774986505508423,0.435189593,0.10830018669366837,0.7927350282669068,0.5863988280296326,0.9059466600418091,0.640045988559723,0.2932426035076141,0.19689201414585114,0.6407736659049987
2318.0,0.3016927897930145,0.48429919481277467,0.4318224012851715,0.7614712,0.7967424273490906,0.34210020303726196,0.3857169449329376,0.565543246269226,0.6316533923149109,0.7308366060256958,0.26917560696601867,0.6511350631713867,0.37421039342880247,0.610495412349701,0.6248654007911683,0.3366401672363281,0.422648,0.3668630003929138,0.5506001949310303,0.47781136631965637,0.436842394,0.11956782639026642,0.7916200280189514,0.5874053955078125,0.9055688500404357,0.6340739846229553,0.29336640233840944,0.19243361949920654,0.6408440351486206
2319.0,0.3016883909702301,0.4854115903377533,0.43183419704437254,0.7615476,0.7963595628738404,0.3421685993671417,0.38062790036201477,0.5656137228012085,0.6315146207809448,0.734729814529419,0.2685868084430695,0.6493723869323731,0.3726411938667297,0.6092872142791748,0.6236542105674744,0.33566551804542544,0.421704,0.36402600407600405,0.5495085835456848,0.47812408208847046,0.438495195,0.13083546608686447,0.7905050277709961,0.5884119629859924,0.9051910400390625,0.6281019806861877,0.2934902011692047,0.18797522485256196,0.6409144043922425
2320.0,0.3016839921474457,0.48652398586273193,0.4318459928035736,0.761624,0.7959766983985901,0.3422369956970215,0.3755388557910919,0.5656841993331909,0.6313758492469788,0.7386230230331421,0.26799800992012024,0.6476097106933594,0.371071994304657,0.6080790162086487,0.6224430203437805,0.3346908688545227,0.42076,0.36118900775909424,0.5484169721603394,0.47843679785728455,0.440147996,0.14210310578346252,0.7893900275230408,0.5894185304641724,0.9048132300376892,0.6221299767494202,0.293614,0.18351683020591736,0.6409847736358643
2321.0,0.30179899334907534,0.4879901885986328,0.4317651927471161,0.7616836,0.7955938220024109,0.34226999878883363,0.3755534887313843,0.5657546758651734,0.6311315894126892,0.7403684139251709,0.267343008518219,0.6457868814468384,0.370197594165802,0.6076300144195557,0.6211822152137756,0.3337161779403687,0.421288,0.35940340757369993,0.5480843782424927,0.47867698073387144,0.44781179439999996,0.15337128341197967,0.7875922203063965,0.5911580204963685,0.9044354081153869,0.610904586315155,0.2936486005126953,0.1790582239627838,0.6410551548004151
2322.0,0.30191399455070494,0.48945639133453367,0.43168439269065856,0.7617432,0.7952109456062317,0.3423030018806458,0.37556812167167664,0.5658251523971558,0.6308873295783997,0.7421138048171997,0.26668800711631774,0.6439640522003174,0.369323194026947,0.6071810126304626,0.6199214100837708,0.3327414870262146,0.421816,0.3576178073883057,0.547751784324646,0.4789171636104584,0.4554755928,0.16463946104049682,0.7857944130897522,0.5928975105285644,0.9040575861930847,0.5996791958808899,0.29368320102539064,0.17459961771965027,0.6411255359649658
2323.0,0.3020289957523346,0.4909225940704346,0.43160359263420106,0.7618028,0.7948280692100524,0.34233600497245786,0.375582754611969,0.5658956289291381,0.6306430697441101,0.7438591957092285,0.2660330057144165,0.6421412229537964,0.36844879388809204,0.6067320108413696,0.6186606049537658,0.33176679611206056,0.422344,0.35583220720291137,0.5474191904067993,0.4791573464870453,0.4631393912,0.175907638669014,0.7839966058731079,0.5946370005607605,0.9036797642707824,0.5884538054466247,0.2937178015380859,0.17014101147651672,0.6411959171295166
2324.0,0.3021439969539642,0.49238879680633546,0.4315227925777435,0.7618623999999999,0.7944451928138733,0.34236900806427,0.37559738755226135,0.5659661054611206,0.6303988099098206,0.7456045866012573,0.26537800431251524,0.6403183937072754,0.36757439374923706,0.6062830090522766,0.617399799823761,0.33079210519790647,0.422872,0.3540466070175171,0.5470865964889526,0.4793975293636322,0.4708031896,0.18717581629753113,0.7821987986564636,0.5963764905929565,0.9033019423484803,0.5772284150123597,0.29375240205078124,0.16568240523338318,0.6412662982940673
2325.0,0.30225899815559387,0.49385499954223633,0.431441992521286,0.761922,0.7940623164176941,0.34240201115608215,0.3756120204925537,0.566036581993103,0.630154550075531,0.7473499774932861,0.264723002910614,0.6384955644607544,0.3666999936103821,0.6058340072631836,0.6161389946937561,0.32981741428375244,0.4234,0.3522610068321228,0.546754002571106,0.4796377122402191,0.478466988,0.19844399392604828,0.7804009914398193,0.5981159806251526,0.902924120426178,0.5660030245780945,0.29378700256347656,0.16122379899024963,0.6413366794586182
2326.0,0.3024675965309143,0.49529080390930175,0.43112499117851255,0.7618592,0.7934348344802856,0.3424004077911377,0.3791792690753937,0.5652508497238159,0.6297934770584106,0.7485401868820191,0.2638142049312592,0.6364088892936707,0.36625019311904905,0.6056218028068543,0.6150335907936096,0.3275508999824524,0.424822,0.35180880427360534,0.5459410071372985,0.47943916320800783,0.4875817898,0.2148115813732147,0.7783331990242004,0.5999071478843689,0.9026743292808532,0.553378415107727,0.29377360345078124,0.15846329629421235,0.6399952292442321
2327.0,0.30267619490623476,0.49672660827636717,0.43080798983573915,0.7617963999999999,0.7928073525428772,0.34239880442619325,0.38274651765823364,0.5644651174545288,0.6294324040412903,0.749730396270752,0.2629054069519043,0.634322214126587,0.3658003926277161,0.6054095983505249,0.6139281868934632,0.32528438568115237,0.426244,0.35135660171508787,0.5451280117034912,0.4792406141757965,0.49669659159999996,0.23117916882038117,0.7762654066085816,0.6016983151435852,0.9024245381355286,0.5407538056373596,0.2937602043380859,0.15570279359817504,0.6386537790298462
2328.0,0.30288479328155515,0.49816241264343264,0.4304909884929657,0.7617336,0.7921798706054688,0.34239720106124877,0.3863137662410736,0.5636793851852417,0.6290713310241699,0.7509206056594848,0.26199660897254945,0.6322355389595031,0.36535059213638305,0.6051973938941956,0.6128227829933166,0.3230178713798523,0.427666,0.35090439915657046,0.5443150162696838,0.4790420651435852,0.5058113933999999,0.2475467562675476,0.7741976141929626,0.6034894824028015,0.9021747469902038,0.5281291961669922,0.29374680522539065,0.15294229090213776,0.6373123288154602
2329.0,0.3030933916568756,0.49959821701049806,0.4301739871501923,0.7616708,0.7915523886680603,0.34239559769630434,0.3898810148239136,0.5628936529159546,0.6287102580070496,0.7521108150482178,0.26108781099319456,0.6301488637924194,0.36490079164505007,0.6049851894378662,0.6117173790931701,0.32075135707855223,0.429088,0.350452196598053,0.5435020208358765,0.4788435161113739,0.5149261951999999,0.26391434371471406,0.7721298217773438,0.6052806496620178,0.9019249558448792,0.5155045866966248,0.2937334061126953,0.15018178820610045,0.6359708786010743
2330.0,0.30330199003219604,0.5010340213775635,0.4298569858074188,0.761608,0.7909249067306519,0.34239399433135986,0.39344826340675354,0.5621079206466675,0.6283491849899292,0.7533010244369507,0.2601790130138397,0.6280621886253357,0.36445099115371704,0.6047729849815369,0.6106119751930237,0.3184848427772522,0.43051,0.3499999940395355,0.5426890254020691,0.4786449670791626,0.524040997,0.2802819311618805,0.7700620293617249,0.6070718169212341,0.9016751646995544,0.5028799772262573,0.293720007,0.14742128551006317,0.6346294283866882
2331.0,0.3036207914352417,0.5018076181411744,0.4298391878604889,0.7618621999999999,0.7902974009513855,0.34236839413642883,0.39792580604553224,0.5613221526145935,0.6278562903404236,0.753747820854187,0.2592728078365326,0.6258744835853577,0.3646057903766632,0.6051585912704468,0.6090699791908264,0.31621821522712706,0.43191,0.3501521944999695,0.5418568253517151,0.4784883201122284,0.529966402,0.29665030241012574,0.7685684204101563,0.6090695858001709,0.9014253735542297,0.4940655827522278,0.29364346270372926,0.14466064870357515,0.6332879066467285
2332.0,0.30393959283828736,0.5025812149047851,0.42982138991355895,0.7621163999999999,0.7896698951721192,0.3423427939414978,0.40240334868431094,0.5605363845825195,0.6273633956909179,0.7541946172714233,0.25836660265922545,0.6236867785453797,0.3647605895996094,0.6055441975593567,0.6075279831886291,0.31395158767700193,0.43331000000000003,0.35030439496040344,0.5410246253013611,0.4783316731452942,0.5358918069999999,0.313018673658371,0.7670748114585877,0.6110673546791077,0.901175582408905,0.48525118827819824,0.2935669184074585,0.1419000118970871,0.6319463849067688
2333.0,0.304258394241333,0.503354811668396,0.42980359196662904,0.7623706,0.7890423893928528,0.3423171937465668,0.4068808913230896,0.5597506165504456,0.6268705010414124,0.7546414136886597,0.25746039748191835,0.6214990735054016,0.36491538882255553,0.6059298038482666,0.6059859871864319,0.31168496012687685,0.43471,0.3504565954208374,0.5401924252510071,0.47817502617836,0.541817212,0.3293870449066162,0.765581202507019,0.6130651235580444,0.9009257912635803,0.4764367938041687,0.2934903741111877,0.13913937509059907,0.6306048631668091
2334.0,0.3045771956443787,0.5041284084320068,0.4297857940196991,0.7626248,0.7884148836135865,0.34229159355163574,0.4113584339618683,0.5589648485183716,0.6263776063919068,0.755088210105896,0.2565541923046112,0.6193113684654236,0.36507018804550173,0.6063154101371765,0.6044439911842346,0.3094183325767517,0.43611,0.35060879588127136,0.5393602252006531,0.47801837921142576,0.5477426169999999,0.34575541615486144,0.7640875935554504,0.6150628924369812,0.9006760001182557,0.46762239933013916,0.293413829814917,0.136378738284111,0.6292633414268494
2335.0,0.3048959970474243,0.5049020051956177,0.42976799607276917,0.762879,0.7877873778343201,0.3422659933567047,0.415835976600647,0.5581790804862976,0.6258847117424011,0.7555350065231323,0.2556479871273041,0.6171236634254456,0.3652249872684479,0.6067010164260864,0.6029019951820374,0.3071517050266266,0.43751,0.3507609963417053,0.5385280251502991,0.4778617322444916,0.553668022,0.3621237874031067,0.7625939846038818,0.617060661315918,0.9004262089729309,0.4588080048561096,0.29333728551864624,0.13361810147762299,0.6279218196868896
2336.0,0.30495319962501527,0.5062114000320435,0.4298391997814178,0.7626535999999999,0.7872367143630982,0.342276394367218,0.4204235732555389,0.557193660736084,0.6247807741165161,0.7557546019554138,0.25449898838996887,0.6147256851196289,0.3659185886383057,0.607270610332489,0.6018342018127442,0.3059276044368744,0.441118,0.35186379551887514,0.537648618221283,0.4775091052055359,0.5564854144,0.3655705749988556,0.7622705936431885,0.6187875986099243,0.900794780254364,0.4546554028987885,0.29315983057022094,0.13475029468536376,0.6271690726280212
2337.0,0.3050104022026062,0.5075207948684692,0.42991040349006654,0.7624282,0.7866860508918763,0.3422867953777313,0.4250111699104309,0.5562082409858704,0.6236768364906311,0.7559741973876953,0.25334998965263367,0.6123277068138122,0.3666121900081635,0.6078402042388916,0.600766408443451,0.3047035038471222,0.444726,0.3529665946960449,0.5367692112922668,0.4771564781665802,0.5593028068,0.3690173625946045,0.7619472026824952,0.6205145359039307,0.9011633515357971,0.4505028009414673,0.29298237562179563,0.13588248789310456,0.6264163255691528
2338.0,0.3050676047801971,0.508830189704895,0.4299816071987152,0.7622028,0.7861353874206543,0.34229719638824463,0.42959876656532286,0.5552228212356567,0.6225728988647461,0.7561937928199768,0.25220099091529846,0.6099297285079956,0.3673057913780212,0.6084097981452942,0.5996986150741577,0.30347940325737,0.448334,0.35406939387321473,0.5358898043632507,0.4768038511276245,0.5621201992,0.3724641501903534,0.7616238117218017,0.622241473197937,0.9015319228172303,0.44635019898414613,0.2928049206733704,0.13701468110084533,0.6256635785102844
2339.0,0.3051248073577881,0.5101395845413208,0.4300528109073639,0.7619774,0.7855847239494324,0.34230759739875793,0.43418636322021487,0.5542374014854431,0.6214689612388611,0.7564133882522583,0.25105199217796326,0.607531750202179,0.367999392747879,0.6089793920516968,0.5986308217048645,0.3022553026676178,0.451942,0.3551721930503845,0.5350103974342346,0.4764512240886688,0.5649375916,0.3759109377861023,0.7613004207611084,0.6239684104919434,0.9019004940986634,0.44219759702682493,0.2926274657249451,0.13814687430858613,0.624910831451416
2340.0,0.30518200993537903,0.5114489793777466,0.4301240146160126,0.761752,0.7850340604782104,0.34231799840927124,0.4387739598751068,0.5532519817352295,0.6203650236129761,0.7566329836845398,0.24990299344062805,0.6051337718963623,0.3686929941177368,0.6095489859580994,0.5975630283355713,0.3010312020778656,0.45555,0.3562749922275543,0.5341309905052185,0.47609859704971313,0.567754984,0.3793577253818512,0.760977029800415,0.6256953477859497,0.9022690653800964,0.4380449950695038,0.2924500107765198,0.1392790675163269,0.6241580843925476
2341.0,0.30546060800552366,0.5123661875724792,0.42997761368751525,0.7618744,0.7844833731651306,0.34234519600868224,0.4420440375804901,0.552266526222229,0.6192883253097534,0.7565023899078369,0.2486997961997986,0.6026450872421265,0.3697139978408813,0.6081775903701783,0.5964940190315247,0.29980704188346863,0.46022,0.3593951940536499,0.5329673886299133,0.4755267918109894,0.5692045928,0.38280467987060546,0.762127423286438,0.6271100521087647,0.9026376485824585,0.43592479825019836,0.2922043681144714,0.140411314368248,0.6234052896499633
2342.0,0.30573920607566835,0.5132833957672119,0.4298312127590179,0.7619968,0.7839326858520508,0.34237239360809324,0.4453141152858734,0.5512810707092285,0.6182116270065308,0.756371796131134,0.2474965989589691,0.6001564025878906,0.3707350015640259,0.6068061947822571,0.595425009727478,0.29858288168907166,0.46489,0.36251539587974546,0.5318037867546082,0.47495498657226565,0.5706542016,0.3862516343593597,0.763277816772461,0.6285247564315796,0.9030062317848205,0.43380460143089294,0.2919587254524231,0.14154356122016906,0.6226524949073792
2343.0,0.306017804145813,0.5142006039619446,0.42968481183052065,0.7621192,0.783381998538971,0.3423995912075043,0.44858419299125674,0.550295615196228,0.6171349287033081,0.7562412023544312,0.24629340171813965,0.5976677179336548,0.3717560052871704,0.605434799194336,0.5943560004234314,0.2973587214946747,0.46956,0.3656355977058411,0.530640184879303,0.47438318133354185,0.5721038104,0.38969858884811404,0.7644282102584838,0.6299394607543946,0.9033748149871826,0.4316844046115875,0.2917130827903748,0.14267580807209015,0.6218997001647949
2344.0,0.30629640221595766,0.5151178121566773,0.4295384109020233,0.7622416000000001,0.7828313112258911,0.3424267888069153,0.45185427069664,0.5493101596832275,0.6160582304000854,0.7561106085777283,0.24509020447731017,0.5951790332794189,0.37277700901031496,0.6040634036064148,0.5932869911193848,0.2961345613002777,0.47423,0.36875579953193666,0.5294765830039978,0.4738113760948181,0.5735534192,0.3931455433368683,0.7655786037445068,0.6313541650772094,0.9037433981895446,0.4295642077922821,0.2914674401283264,0.14380805492401122,0.6211469054222107
2345.0,0.3065750002861023,0.5160350203514099,0.429392009973526,0.762364,0.7822806239128113,0.3424539864063263,0.4551243484020233,0.548324704170227,0.6149815320968628,0.7559800148010254,0.2438870072364807,0.5926903486251831,0.3737980127334595,0.6026920080184937,0.5922179818153381,0.29491040110588074,0.4789,0.3718760013580322,0.5283129811286926,0.47323957085609436,0.575003028,0.39659249782562256,0.7667289972305298,0.6327688694000244,0.9041119813919067,0.4274440109729767,0.2912217974662781,0.1449403017759323,0.6203941106796265
2346.0,0.3066578030586243,0.5165488123893738,0.4293444097042084,0.7622446,0.7820330262184143,0.34235618710517884,0.45689181685447694,0.5467843651771546,0.6133597612380981,0.7557344079017639,0.24251260459423066,0.5899905562400818,0.37503700852394106,0.6001090049743653,0.5915879845619202,0.2955544352531433,0.48262,0.37554740309715273,0.5274199843406677,0.47257242202758787,0.5745482208,0.39215714335441587,0.7690101981163024,0.6331356883049011,0.9041409254074096,0.42506080865859985,0.29100889557302245,0.15162891149520874,0.6197063088417053
2347.0,0.30674060583114626,0.5170626044273376,0.42929680943489074,0.7621252000000001,0.7817854285240173,0.3422583878040314,0.45865928530693056,0.5452440261840821,0.6117379903793335,0.7554888010025025,0.2411382019519806,0.5872907638549805,0.3762760043144226,0.5975260019302369,0.5909579873085022,0.2961984694004059,0.48634,0.3792188048362732,0.5265269875526428,0.47190527319908143,0.5740934136,0.38772178888320924,0.7712913990020752,0.6335025072097779,0.9041698694229126,0.422677606344223,0.29079599367976683,0.15831752121448517,0.6190185070037841
2348.0,0.3068234086036682,0.5175763964653015,0.42924920916557313,0.7620058,0.7815378308296204,0.3421605885028839,0.46042675375938413,0.5437036871910095,0.6101162195205688,0.7552431941032409,0.23976379930973052,0.5845909714698792,0.3775150001049042,0.5949429988861084,0.5903279900550842,0.29684250354766845,0.49006,0.3828902065753937,0.5256339907646179,0.47123812437057494,0.5736386064000001,0.38328643441200255,0.7735725998878479,0.6338693261146545,0.9041988134384156,0.4202944040298462,0.29058309178651126,0.1650061309337616,0.6183307051658631
2349.0,0.3069062113761902,0.5180901885032654,0.42920160889625547,0.7618864,0.7812902331352234,0.34206278920173644,0.46219422221183776,0.542163348197937,0.6084944486618042,0.7549975872039795,0.23838939666748046,0.5818911790847778,0.3787539958953857,0.59235999584198,0.5896979928016662,0.29748653769493105,0.49378,0.38656160831451414,0.524740993976593,0.4705709755420685,0.5731837992000001,0.3788510799407959,0.7758538007736206,0.6342361450195313,0.9042277574539185,0.41791120171546936,0.29037018989325564,0.17169474065303802,0.6176429033279419
2350.0,0.30698901414871216,0.5186039805412292,0.42915400862693787,0.761767,0.7810426354408264,0.341964989900589,0.4639616906642914,0.5406230092048645,0.6068726778030396,0.754751980304718,0.2370149940252304,0.5791913866996765,0.3799929916858673,0.5897769927978516,0.5890679955482483,0.2981305718421936,0.4975,0.39023301005363464,0.5238479971885681,0.469903826713562,0.572728992,0.37441572546958923,0.7781350016593933,0.634602963924408,0.9042567014694214,0.41552799940109253,0.290157288,0.17838335037231445,0.6169551014900208
2351.0,0.3074250102043152,0.519261384010315,0.42897140979766846,0.7617436,0.7807950258255005,0.3420703947544098,0.46436710357666017,0.5390825867652893,0.6055337429046631,0.7537855863571167,0.23559019565582276,0.5765829086303711,0.3811925947666168,0.5873475909233093,0.588785195350647,0.29877463579177854,0.499222,0.3927784085273743,0.5226887941360474,0.4691279649734497,0.5717495922,0.36998016238212583,0.781862199306488,0.6344651222229004,0.9042856454849243,0.4117900013923645,0.2898704228,0.18507227897644044,0.6162672758102417
2352.0,0.3078610062599182,0.5199187874794007,0.42878881096839905,0.7617202,0.7805474162101745,0.3421757996082306,0.46477251648902895,0.5375421643257141,0.6041948080062867,0.7528191924095153,0.2341653972864151,0.5739744305610657,0.38239219784736633,0.5849181890487671,0.5885023951530457,0.29941869974136354,0.500944,0.3953238070011139,0.5215295910835266,0.4683521032333374,0.5707701924,0.3655445992946625,0.7855893969535828,0.6343272805213929,0.9043145895004272,0.40805200338363645,0.28958355760000004,0.19176120758056642,0.6155794501304627
2353.0,0.30829700231552126,0.5205761909484863,0.42860621213912964,0.7616968000000001,0.7802998065948487,0.3422812044620514,0.4651779294013977,0.5360017418861389,0.6028558731079101,0.7518527984619141,0.23274059891700744,0.5713659524917603,0.38359180092811584,0.5824887871742248,0.5882195949554443,0.3000627636909485,0.502666,0.3978692054748535,0.5203703880310059,0.4675762414932251,0.5697907926,0.3611090362071991,0.7893165946006775,0.6341894388198852,0.9043435335159302,0.40431400537490847,0.2892966924,0.19845013618469237,0.6148916244506836
2354.0,0.3087329983711243,0.521233594417572,0.42842361330986023,0.7616734000000001,0.7800521969795227,0.34238660931587217,0.46558334231376647,0.5344613194465637,0.6015169382095337,0.7508864045143128,0.2313158005475998,0.5687574744224548,0.38479140400886536,0.5800593852996826,0.587936794757843,0.30070682764053347,0.504388,0.40041460394859313,0.5192111849784851,0.4668003797531128,0.5688113928,0.35667347311973574,0.7930437922477722,0.6340515971183777,0.9043724775314331,0.40057600736618043,0.2890098272,0.20513906478881835,0.6142037987709046
2355.0,0.3091689944267273,0.5218909978866577,0.4282410144805908,0.76165,0.7798045873641968,0.342492014169693,0.46598875522613525,0.5329208970069885,0.6001780033111572,0.7499200105667114,0.22989100217819214,0.5661489963531494,0.38599100708961487,0.5776299834251404,0.5876539945602417,0.3013508915901184,0.50611,0.40296000242233276,0.5180519819259644,0.4660245180130005,0.567831993,0.35223791003227234,0.7967709898948669,0.6339137554168701,0.904401421546936,0.3968380093574524,0.288722962,0.21182799339294434,0.6135159730911255
2356.0,0.3094897925853729,0.5225927948951721,0.42803741097450254,0.7617572,0.7796087741851807,0.34254100918769836,0.4659182012081146,0.5308604121208191,0.5982421278953552,0.7486692070960999,0.22841140031814575,0.5635968446731567,0.3873042047023773,0.5758919835090637,0.5881085991859436,0.30225496292114257,0.505988,0.40436460375785827,0.5170015811920166,0.46546521186828616,0.5663567899999999,0.35027281641960145,0.8002283930778503,0.6335163354873657,0.9044753313064575,0.39571300745010374,0.2883850990597626,0.22216953635215758,0.6121537804603576
2357.0,0.30981059074401857,0.5232945919036865,0.4278338074684143,0.7618644,0.7794129610061645,0.34259000420570374,0.46584764719009397,0.5287999272346496,0.5963062524795533,0.7474184036254883,0.22693179845809935,0.5610446929931641,0.38861740231513975,0.5741539835929871,0.5885632038116455,0.3031590342521667,0.5058659999999999,0.40576920509338377,0.5159511804580689,0.46490590572357177,0.564881587,0.34830772280693056,0.8036857962608337,0.6331189155578614,0.904549241065979,0.39458800554275514,0.28804723611952515,0.23251107931137086,0.6107915878295899
2358.0,0.3101313889026642,0.5239963889122009,0.42763020396232604,0.7619716000000001,0.7792171478271485,0.3426389992237091,0.4657770931720734,0.5267394423484802,0.5943703770637512,0.7461676001548767,0.225452196598053,0.5584925413131714,0.38993059992790224,0.5724159836769104,0.5890178084373474,0.30406310558319094,0.505744,0.4071738064289093,0.5149007797241211,0.46434659957885743,0.563406384,0.3463426291942596,0.8071431994438172,0.6327214956283569,0.9046231508255005,0.3934630036354065,0.28770937317928774,0.2428526222705841,0.609429395198822
2359.0,0.31045218706130984,0.5246981859207154,0.4274266004562378,0.7620788000000001,0.7790213346481323,0.3426879942417145,0.46570653915405275,0.5246789574623107,0.5924345016479492,0.7449167966842651,0.2239725947380066,0.5559403896331787,0.3912437975406647,0.5706779837608338,0.5894724130630493,0.3049671769142151,0.5056219999999999,0.4085784077644348,0.5138503789901734,0.46378729343414304,0.5619311810000001,0.34437753558158873,0.8106006026268006,0.6323240756988525,0.904697060585022,0.3923380017280579,0.2873715102390503,0.2531941652297974,0.6080672025680542
2360.0,0.31077298521995544,0.5253999829292297,0.42722299695014954,0.762186,0.7788255214691162,0.34273698925971985,0.4656359851360321,0.5226184725761414,0.5904986262321472,0.7436659932136536,0.2224929928779602,0.553388237953186,0.3925569951534271,0.5689399838447571,0.5899270176887512,0.30587124824523926,0.5055,0.4099830090999603,0.5127999782562256,0.4632279872894287,0.560455978,0.34241244196891785,0.8140580058097839,0.6319266557693481,0.9047709703445435,0.39121299982070923,0.28703364729881287,0.2635357081890106,0.6067050099372864
2361.0,0.3109855890274048,0.5258805871009826,0.4272063970565796,0.762082,0.7786296963691711,0.3427561938762665,0.4642553985118866,0.5205578804016113,0.5886433601379395,0.742111599445343,0.22099179327487944,0.5508766889572143,0.39394659399986265,0.5693737864494324,0.5901870131492615,0.30677536129951477,0.504222,0.41047040820121766,0.5119115829467773,0.46256932616233826,0.5590431810000001,0.3404472529888153,0.8170464038848877,0.6306367874145508,0.9048448920249939,0.3949003994464874,0.28660492300987245,0.2738777458667755,0.6053427457809448
2362.0,0.3111981928348541,0.5263611912727356,0.42718979716300964,0.761978,0.778433871269226,0.34277539849281313,0.4628748118877411,0.5184972882270813,0.5867880940437317,0.7405572056770324,0.2194905936717987,0.5483651399612427,0.39533619284629823,0.5698075890541077,0.5904470086097717,0.3076794743537903,0.502944,0.410957807302475,0.5110231876373291,0.4619106650352478,0.557630384,0.3384820640087128,0.8200348019599915,0.6293469190597534,0.9049188137054444,0.3985877990722656,0.28617619872093203,0.2842197835445404,0.6039804816246033
2363.0,0.3114107966423035,0.5268417954444885,0.4271731972694397,0.7618739999999999,0.778238046169281,0.3427946031093597,0.46149422526359557,0.5164366960525513,0.584932827949524,0.739002811908722,0.21798939406871795,0.545853590965271,0.39672579169273375,0.570241391658783,0.590707004070282,0.3085835874080658,0.501666,0.4114452064037323,0.5101347923278808,0.46125200390815735,0.556217587,0.3365168750286102,0.8230232000350952,0.6280570507049561,0.9049927353858948,0.40227519869804385,0.28574747443199155,0.2945618212223053,0.6026182174682617
2364.0,0.3116234004497528,0.5273223996162415,0.42715659737586975,0.76177,0.778042221069336,0.34281380772590636,0.4601136386394501,0.5143761038780212,0.5830775618553161,0.7374484181404114,0.21648819446563722,0.5433420419692994,0.39811539053916933,0.5706751942634583,0.5909669995307922,0.3094877004623413,0.5003879999999999,0.4119326055049896,0.5092463970184327,0.4605933427810669,0.5548047899999999,0.3345516860485077,0.826011598110199,0.6267671823501587,0.9050666570663453,0.40596259832382203,0.28531875014305114,0.3049038589000702,0.6012559533119202
2365.0,0.31183600425720215,0.5278030037879944,0.4271399974822998,0.761666,0.7778463959693909,0.342833012342453,0.45873305201530457,0.5123155117034912,0.5812222957611084,0.7358940243721008,0.21498699486255646,0.5408304929733276,0.39950498938560486,0.5711089968681335,0.5912269949913025,0.3103918135166168,0.49911,0.41242000460624695,0.5083580017089844,0.45993468165397644,0.553391993,0.33258649706840515,0.8289999961853027,0.6254773139953613,0.9051405787467957,0.4096499979496002,0.2848900258541107,0.3152458965778351,0.5998936891555786
2366.0,0.31190980076789854,0.5280336022377015,0.4271795988082886,0.7617558,0.7777637243270874,0.3428770124912262,0.456477677822113,0.510667359828949,0.5789109706878662,0.7336112141609192,0.21328759491443633,0.5384772300720215,0.40082399249076844,0.5709656000137329,0.591595196723938,0.31205250024795533,0.497442,0.4118496060371399,0.5077864050865173,0.4594096660614014,0.550505793,0.32367687225341796,0.830966591835022,0.6245855331420899,0.904623293876648,0.4162271976470947,0.2843971252441406,0.32538906335830686,0.5982352018356323
2367.0,0.311983597278595,0.5282642006874084,0.42721920013427733,0.7618456,0.7776810526847839,0.3429210126399994,0.4542223036289215,0.5090192079544067,0.5765996456146241,0.7313284039497375,0.21158819496631623,0.5361239671707153,0.40214299559593203,0.5708222031593323,0.5919633984565735,0.31371318697929385,0.495774,0.4112792074680328,0.5072148084640503,0.4588846504688263,0.547619593,0.31476724743843076,0.8329331874847412,0.6236937522888184,0.9041060090065003,0.42280439734458924,0.28390422463417053,0.3355322301387787,0.5965767145156861
2368.0,0.31205739378929137,0.5284947991371155,0.4272588014602661,0.7619353999999999,0.7775983810424805,0.34296501278877256,0.45196692943572997,0.5073710560798645,0.5742883205413818,0.7290455937385559,0.2098887950181961,0.5337707042694092,0.40346199870109556,0.5706788063049316,0.5923316001892089,0.3153738737106323,0.494106,0.4107088088989258,0.5066432118415832,0.4583596348762512,0.544733393,0.3058576226234436,0.8348997831344604,0.6228019714355468,0.9035887241363525,0.42938159704208373,0.28341132402420044,0.3456753969192505,0.5949182271957397
2369.0,0.3121311902999878,0.5287253975868225,0.42729840278625486,0.7620252,0.777515709400177,0.34300901293754577,0.4497115552425385,0.5057229042053223,0.5719769954681396,0.7267627835273742,0.208189395070076,0.531417441368103,0.40478100180625914,0.570535409450531,0.5926998019218445,0.3170345604419708,0.492438,0.41013841032981874,0.5060716152191163,0.45783461928367614,0.541847193,0.29694799780845643,0.8368663787841797,0.6219101905822754,0.9030714392662048,0.43595879673957827,0.28291842341423035,0.3558185636997223,0.5932597398757935
2370.0,0.3122049868106842,0.5289559960365295,0.42733800411224365,0.762115,0.7774330377578735,0.34305301308631897,0.4474561810493469,0.50407475233078,0.5696656703948975,0.7244799733161926,0.20648999512195587,0.5290641784667969,0.40610000491142273,0.5703920125961304,0.59306800365448,0.3186952471733093,0.49077,0.40956801176071167,0.5055000185966492,0.4573096036911011,0.538960993,0.28803837299346924,0.8388329744338989,0.6210184097290039,0.9025541543960571,0.44253599643707275,0.28242552280426025,0.3659617304801941,0.5916012525558472
2371.0,0.31226779222488404,0.5293045997619629,0.42705480456352235,0.762064,0.7773503661155701,0.34316681027412416,0.4435842752456665,0.5024265229701996,0.567138385772705,0.722491979598999,0.20465899705886842,0.5267461776733399,0.40715980529785156,0.5688202142715454,0.5935881972312927,0.3203560173511505,0.48909199999999997,0.4084830105304718,0.5048788189888,0.4566850781440735,0.5348275898,0.27912831902503965,0.8399513840675354,0.6202164888381958,0.9020368456840515,0.44802339673042296,0.28187533020973204,0.37610538601875304,0.5899426817893982
2372.0,0.3123305976390839,0.5296532034873962,0.42677160501480105,0.7620129999999999,0.7772676944732666,0.34328060746192934,0.4397123694419861,0.5007782936096191,0.5646111011505127,0.7205039858818054,0.20282799899578094,0.5244281768798829,0.4082196056842804,0.5672484159469604,0.5941083908081055,0.3220167875289917,0.48741399999999996,0.40739800930023196,0.5042576193809509,0.4560605525970459,0.5306941866,0.2702182650566101,0.8410697937011719,0.6194145679473877,0.9015195369720459,0.45351079702377317,0.28132513761520384,0.386249041557312,0.5882841110229492
2373.0,0.31239340305328367,0.5300018072128296,0.4264884054660797,0.761962,0.7771850228309631,0.3433944046497345,0.43584046363830564,0.4991300642490387,0.5620838165283203,0.7185159921646118,0.2009970009326935,0.5221101760864257,0.40927940607070923,0.5656766176223755,0.5946285843849182,0.3236775577068329,0.485736,0.40631300806999204,0.5036364197731018,0.4554360270500183,0.5265607834,0.26130821108818053,0.8421882033348084,0.6186126470565796,0.9010022282600403,0.45899819731712344,0.2807749450206757,0.396392697095871,0.5866255402565003
2374.0,0.3124562084674835,0.530350410938263,0.4262052059173584,0.761911,0.7771023511886597,0.34350820183753966,0.43196855783462523,0.49748183488845826,0.559556531906128,0.7165279984474182,0.199166002869606,0.5197921752929687,0.41033920645713806,0.5641048192977905,0.5951487779617309,0.3253383278846741,0.484058,0.4052280068397522,0.5030152201652527,0.4548115015029907,0.5224273802,0.252398157119751,0.8433066129684448,0.6178107261657715,0.9004849195480347,0.46448559761047364,0.28022475242614747,0.40653635263442994,0.5849669694900512
2375.0,0.31251901388168335,0.5306990146636963,0.4259220063686371,0.76186,0.7770196795463562,0.34362199902534485,0.4280966520309448,0.4958336055278778,0.5570292472839355,0.7145400047302246,0.19733500480651855,0.5174741744995117,0.4113990068435669,0.5625330209732056,0.5956689715385437,0.32699909806251526,0.48238,0.40414300560951233,0.5023940205574036,0.45418697595596313,0.518293977,0.2434881031513214,0.8444250226020813,0.6170088052749634,0.899967610836029,0.46997299790382385,0.27967455983161926,0.4166800081729889,0.5833083987236023
2376.0,0.31281101107597353,0.5310368061065673,0.4261872053146362,0.7619504,0.7764842748641968,0.3435926020145416,0.42252997159957884,0.49365983009338377,0.5539435386657715,0.7119350075721741,0.19521300494670868,0.5153068661689758,0.4118228077888489,0.5597704172134399,0.5959973812103272,0.3270136177539825,0.48092399999999996,0.4032906055450439,0.5014260172843933,0.4533572316169739,0.5142885806,0.23849937915802003,0.8452920198440552,0.6159145712852478,0.8998364806175232,0.47152639627456666,0.2790558100652954,0.42279155254364015,0.5809154629707336
2377.0,0.31310300827026366,0.5313745975494385,0.42645240426063535,0.7620408,0.7759488701820374,0.3435632050037384,0.4169632911682129,0.4914860546588898,0.5508578300476075,0.7093300104141236,0.1930910050868988,0.5131395578384399,0.4122466087341309,0.5570078134536743,0.5963257908821106,0.32702813744544984,0.479468,0.4024382054805756,0.500458014011383,0.45252748727798464,0.5102831842,0.23351065516471864,0.846159017086029,0.6148203372955322,0.8997053503990173,0.47307979464530947,0.27843706029897153,0.4289030969142914,0.578522527217865
2378.0,0.31339500546455384,0.5317123889923095,0.42671760320663454,0.7621312,0.7754134654998779,0.3435338079929352,0.4113966107368469,0.48931227922439574,0.5477721214294433,0.706725013256073,0.19096900522708893,0.5109722495079041,0.4126704096794128,0.5542452096939087,0.5966542005538941,0.3270426571369171,0.478012,0.40158580541610717,0.4994900107383728,0.45169774293899534,0.5062777878,0.22852193117141723,0.847026014328003,0.6137261033058167,0.8995742201805115,0.4746331930160522,0.2778183105326477,0.4350146412849426,0.5761295914649963
2379.0,0.31368700265884397,0.5320501804351807,0.4269828021526337,0.7622215999999999,0.7748780608177185,0.34350441098213197,0.405829930305481,0.48713850378990176,0.5446864128112793,0.7041200160980224,0.18884700536727905,0.5088049411773682,0.4130942106246948,0.5514826059341431,0.5969826102256774,0.3270571768283844,0.47655600000000004,0.4007334053516388,0.49852200746536257,0.4508679986000061,0.5022723914,0.22353320717811584,0.8478930115699768,0.612631869316101,0.8994430899620056,0.47618659138679503,0.27719956076632385,0.44112618565559386,0.5737366557121277
2380.0,0.31397899985313416,0.5323879718780518,0.4272480010986328,0.762312,0.7743426561355591,0.34347501397132874,0.400263249874115,0.4849647283554077,0.5416007041931152,0.7015150189399719,0.18672500550746918,0.5066376328468323,0.4135180115699768,0.5487200021743774,0.5973110198974609,0.3270716965198517,0.4751,0.3998810052871704,0.4975540041923523,0.45003825426101685,0.498266995,0.21854448318481445,0.8487600088119507,0.6115376353263855,0.8993119597434998,0.47773998975753784,0.276580811,0.4472377300262451,0.571343719959259
2381.0,0.31433039903640747,0.5322617769241333,0.4270925998687744,0.7623518,0.7738072752952576,0.3435658097267151,0.39353800415992735,0.4827910602092743,0.5384291529655456,0.6984262108802796,0.18431300520896912,0.5046878457069397,0.4133634090423584,0.546681797504425,0.5971606135368347,0.32708621621131895,0.47433400000000003,0.3995236039161682,0.49670600295066836,0.44913896918296814,0.4946083964,0.21355599761009217,0.8490876078605651,0.6102838397026062,0.8991808295249939,0.4771341919898987,0.27590737979999996,0.45334898829460146,0.5689509034156799
2382.0,0.3146817982196808,0.5321355819702148,0.426937198638916,0.7623916000000001,0.773271894454956,0.3436566054821014,0.38681275844573976,0.48061739206314086,0.5352576017379761,0.6953374028205872,0.18190100491046907,0.5027380585670471,0.41320880651474,0.5446435928344726,0.5970102071762085,0.32710073590278627,0.47356800000000004,0.399166202545166,0.49585800170898436,0.44823968410491943,0.4909497978,0.20856751203536988,0.8494152069091797,0.6090300440788269,0.899049699306488,0.4765283942222595,0.2752339486,0.45946024656295775,0.5665580868721009
2383.0,0.3150331974029541,0.5320093870162964,0.42678179740905764,0.7624314,0.7727365136146546,0.3437474012374878,0.3800875127315521,0.47844372391700746,0.5320860505104065,0.6922485947608947,0.17948900461196898,0.5007882714271545,0.41305420398712156,0.5426053881645203,0.5968598008155823,0.32711525559425353,0.472802,0.39880880117416384,0.4950100004673004,0.4473403990268707,0.4872911992,0.20357902646064757,0.8497428059577942,0.6077762484550476,0.8989185690879822,0.4759225964546204,0.2745605174,0.4655715048313141,0.5641652703285217
2384.0,0.3153845965862274,0.5318831920623779,0.42662639617919923,0.7624712,0.772201132774353,0.34383819699287416,0.3733622670173645,0.476270055770874,0.528914499282837,0.6891597867012024,0.17707700431346893,0.49883848428726196,0.41289960145950316,0.5405671834945679,0.5967093944549561,0.32712977528572085,0.472036,0.39845139980316163,0.49416199922561643,0.446441113948822,0.4836326006,0.1985905408859253,0.8500704050064087,0.6065224528312683,0.8987874388694763,0.4753167986869812,0.2738870862,0.4716827630996704,0.5617724537849427
2385.0,0.31573599576950073,0.5317569971084595,0.4264709949493408,0.762511,0.7716657519340515,0.3439289927482605,0.3666370213031769,0.4740963876247406,0.5257429480552673,0.68607097864151,0.17466500401496887,0.4968886971473694,0.41274499893188477,0.5385289788246155,0.5965589880943298,0.3271442949771881,0.47127,0.3980939984321594,0.4933139979839325,0.4455418288707733,0.479974002,0.193602055311203,0.8503980040550232,0.605268657207489,0.8986563086509705,0.47471100091934204,0.273213655,0.47779402136802673,0.5593796372413635
2386.0,0.3160277962684631,0.5318390011787415,0.42634299397468567,0.7623106000000001,0.7712292909622193,0.3439595937728882,0.3603545844554901,0.47182207703590395,0.5219674706459045,0.6823411822319031,0.17211840450763702,0.4950879395008087,0.4127507984638214,0.5390295863151551,0.596762192249298,0.3267010927200317,0.47049,0.397666996717453,0.4923089981079102,0.44450838565826417,0.477967203,0.19585975110530854,0.850812804698944,0.6042818784713745,0.8983148574829102,0.474466598033905,0.27250255365774534,0.4820504724979401,0.556956696510315
2387.0,0.31631959676742555,0.5319210052490234,0.4262149930000305,0.7621102000000001,0.770792829990387,0.34399019479751586,0.35407214760780337,0.46954776644706725,0.5181919932365417,0.6786113858222962,0.16957180500030516,0.493287181854248,0.41275659799575803,0.5395301938056946,0.5969653964042664,0.32625789046287534,0.46971,0.3972399950027466,0.4913039982318878,0.443474942445755,0.475960404,0.19811744689941407,0.851227605342865,0.60329509973526,0.8979734063148499,0.47422219514846803,0.27179145231549073,0.4863069236278534,0.5545337557792663
2388.0,0.31661139726638793,0.5320030093193054,0.42608699202537537,0.7619098,0.7703563690185546,0.34402079582214357,0.34778971076011655,0.4672734558582306,0.514416515827179,0.6748815894126892,0.16702520549297334,0.4914864242076874,0.4127623975276947,0.5400308012962342,0.5971686005592346,0.325814688205719,0.46893,0.39681299328804015,0.4902989983558655,0.4424414992332458,0.473953605,0.20037514269351958,0.8516424059867859,0.6023083209991456,0.8976319551467895,0.473977792263031,0.2710803509732361,0.49056337475776673,0.5521108150482178
2389.0,0.31690319776535036,0.5320850133895874,0.4259589910507202,0.7617094,0.7699199080467224,0.3440513968467712,0.3415072739124298,0.4649991452693939,0.5106410384178162,0.6711517930030823,0.16447860598564149,0.4896856665611267,0.41276819705963136,0.5405314087867736,0.5973718047142029,0.32537148594856263,0.46815,0.39638599157333376,0.4892939984798431,0.4414080560207367,0.471946806,0.20263283848762512,0.8520572066307068,0.601321542263031,0.8972905039787292,0.473733389377594,0.27036924963098147,0.49481982588768003,0.5496878743171691
2390.0,0.31719499826431274,0.5321670174598694,0.42583099007606506,0.761509,0.7694834470748901,0.3440819978713989,0.33522483706474304,0.46272483468055725,0.5068655610084534,0.6674219965934753,0.16193200647830963,0.48788490891456604,0.412773996591568,0.5410320162773132,0.5975750088691711,0.32492828369140625,0.46737,0.3959589898586273,0.4882889986038208,0.44037461280822754,0.469940007,0.20489053428173065,0.8524720072746277,0.6003347635269165,0.896949052810669,0.473488986492157,0.2696581482887268,0.4990762770175934,0.5472649335861206
2391.0,0.31756719946861267,0.5324280142784119,0.4260441899299622,0.7616382,0.7690717458724976,0.34421499967575075,0.3311847925186157,0.46042550802230836,0.5027693152427674,0.6633931994438171,0.15966760516166686,0.4862945079803467,0.41295740008354187,0.542859411239624,0.5978228092193604,0.3243706881999969,0.46666,0.3956149935722351,0.4874859988689423,0.4393123388290405,0.4699244084,0.20895942449569702,0.8523344039916992,0.5989649176597596,0.8965550422668457,0.475617790222168,0.2688818097114563,0.5028688311576843,0.5448346018791199
2392.0,0.3179394006729126,0.5326890110969543,0.42625738978385924,0.7617674,0.768660044670105,0.34434800148010253,0.3271447479724884,0.45812618136405947,0.4986730694770813,0.6593644022941589,0.1574032038450241,0.4847041070461273,0.41314080357551575,0.5446868062019348,0.5980706095695496,0.32381309270858766,0.46595000000000003,0.3952709972858429,0.4866829991340637,0.4382500648498535,0.4699088098,0.21302831470966338,0.8521968007087708,0.5975950717926025,0.8961610317230224,0.47774659395217894,0.2681054711341858,0.5066613852977753,0.5424042701721191
2393.0,0.3183116018772125,0.5329500079154968,0.42647058963775636,0.7618966,0.7682483434677124,0.34448100328445436,0.3231047034263611,0.4558268547058105,0.4945768237113953,0.6553356051445007,0.15513880252838136,0.48311370611190796,0.4133242070674896,0.5465142011642456,0.5983184099197387,0.32325549721717833,0.46524,0.39492700099945066,0.4858799993991852,0.4371877908706665,0.4698932112,0.21709720492362977,0.8520591974258422,0.5962252259254456,0.8957670211791993,0.47987539768218995,0.26732913255691526,0.5104539394378662,0.5399739384651184
2394.0,0.31868380308151245,0.5332110047340393,0.4266837894916534,0.7620258,0.7678366422653198,0.34461400508880613,0.3190646588802338,0.45352752804756163,0.4904805779457092,0.6513068079948425,0.1528744012117386,0.4815233051776886,0.4135076105594635,0.5483415961265564,0.598566210269928,0.32269790172576907,0.46453,0.39458300471305846,0.4850769996643066,0.4361255168914795,0.4698776126,0.22116609513759614,0.8519215941429138,0.5948553800582885,0.895373010635376,0.4820042014122009,0.26655279397964476,0.5142464935779572,0.5375436067581176
2395.0,0.3190560042858124,0.5334720015525818,0.42689698934555054,0.762155,0.7674249410629272,0.34474700689315796,0.31502461433410645,0.45122820138931274,0.4863843321800232,0.6472780108451843,0.15060999989509583,0.47993290424346924,0.4136910140514374,0.5501689910888672,0.5988140106201172,0.32214030623435974,0.46382,0.39423900842666626,0.4842739999294281,0.4350632429122925,0.469862014,0.2252349853515625,0.8517839908599854,0.5934855341911316,0.8949790000915527,0.4841330051422119,0.26577645540237427,0.5180390477180481,0.5351132750511169
2396.0,0.31915040612220763,0.5346570014953613,0.4266417920589447,0.7625166,0.7670132279396057,0.34486180543899536,0.31360727548599243,0.44892876148223876,0.48180068731307985,0.6431926131248474,0.14933300018310547,0.4785138428211212,0.41425501108169555,0.5519107937812805,0.5987358093261719,0.32158268690109254,0.463496,0.3937700092792511,0.4833797991275787,0.43424439430236816,0.471810609,0.22930406928062438,0.851570987701416,0.5921672463417054,0.8945849657058715,0.4888694047927856,0.2649324059486389,0.5218317747116089,0.5326828241348267
2397.0,0.3192448079586029,0.5358420014381409,0.42638659477233887,0.7628782,0.7666015148162841,0.34497660398483276,0.3121899366378784,0.4466293215751648,0.4772170424461365,0.6391072154045105,0.1480560004711151,0.4770947813987732,0.4148190081119537,0.5536525964736938,0.5986576080322266,0.32102506756782534,0.46317200000000003,0.39330101013183594,0.48248559832572935,0.43342554569244385,0.473759204,0.23337315320968627,0.8513579845428467,0.590848958492279,0.8941909313201905,0.4936058044433594,0.2640883564949036,0.5256245017051697,0.5302523732185364
2398.0,0.3193392097949982,0.5370270013809204,0.42613139748573303,0.7632398,0.7661898016929627,0.34509140253067017,0.3107725977897644,0.44432988166809084,0.4726333975791931,0.6350218176841735,0.14677900075912476,0.47567571997642516,0.41538300514221194,0.5553943991661072,0.5985794067382812,0.3204674482345581,0.462848,0.3928320109844208,0.48159139752388,0.43260669708251953,0.475707799,0.23744223713874818,0.8511449813842773,0.5895306706428528,0.8937968969345093,0.4983422040939331,0.2632443070411682,0.5294172286987304,0.5278219223022461
2399.0,0.31943361163139344,0.5382120013237,0.4258762001991272,0.7636014,0.7657780885696411,0.34520620107650757,0.3093552589416504,0.44203044176101686,0.46804975271224974,0.6309364199638366,0.1455020010471344,0.47425665855407717,0.4159470021724701,0.5571362018585205,0.5985012054443359,0.3199098289012909,0.462524,0.3923630118370056,0.48069719672203065,0.4317878484725952,0.477656394,0.24151132106781006,0.850931978225708,0.5882123827934265,0.8934028625488282,0.5030786037445069,0.26240025758743285,0.5332099556922912,0.5253914713859558
2400.0,0.3195280134677887,0.5393970012664795,0.42562100291252136,0.763963,0.7653663754463196,0.34532099962234497,0.3079379200935364,0.43973100185394287,0.4634661078453064,0.6268510222434998,0.14422500133514404,0.4728375971317291,0.41651099920272827,0.5588780045509338,0.5984230041503906,0.3193522095680237,0.4622,0.39189401268959045,0.4798029959201813,0.4309689998626709,0.479604989,0.24558040499687195,0.8507189750671387,0.5868940949440002,0.893008828163147,0.5078150033950806,0.2615562081336975,0.537002682685852,0.5229610204696655
2401.0,0.31975641250610354,0.5399765968322754,0.42554200291633604,0.7635145999999999,0.76513112783432,0.3454006016254425,0.30756369829177854,0.43687333464622496,0.4593536913394928,0.6238946199417115,0.1444894015789032,0.47168161869049074,0.4175539970397949,0.5601600050926209,0.5979892015457153,0.3189807772636414,0.461882,0.39212821125984193,0.47895299792289736,0.43049203157424926,0.4826079902,0.2508010804653168,0.850892174243927,0.5857233047485352,0.8930537462234497,0.5119773983955384,0.26065080761909487,0.5389249682426452,0.5192184567451477
2402.0,0.3199848115444183,0.5405561923980713,0.42546300292015077,0.7630661999999999,0.7648958802223206,0.34548020362854004,0.30718947649002076,0.43401566743850706,0.4552412748336792,0.6209382176399231,0.14475380182266234,0.4705256402492523,0.4185969948768616,0.5614420056343079,0.59755539894104,0.318609344959259,0.46156400000000003,0.3923624098300934,0.4781029999256134,0.4300150632858276,0.48561099139999997,0.2560217559337616,0.8510653734207153,0.5845525145530701,0.8930986642837524,0.5161397933959961,0.2597454071044922,0.5408472537994384,0.5154758930206299
2403.0,0.32021321058273317,0.5411357879638672,0.42538400292396544,0.7626178,0.764660632610321,0.3455598056316376,0.30681525468826293,0.4311580002307892,0.4511288583278656,0.6179818153381348,0.14501820206642152,0.4693696618080139,0.4196399927139282,0.5627240061759948,0.5971215963363647,0.3182379126548767,0.461246,0.3925966084003448,0.4772530019283295,0.42953809499740603,0.4886139926,0.26124243140220643,0.8512385725975037,0.5833817243576049,0.8931435823440552,0.5203021883964538,0.25884000658988954,0.5427695393562317,0.511733329296112
2404.0,0.32044160962104795,0.5417153835296631,0.4253050029277802,0.7621694,0.7644253849983216,0.3456394076347351,0.30644103288650515,0.4283003330230713,0.447016441822052,0.6150254130363464,0.14528260231018067,0.4682136833667755,0.4206829905509949,0.5640060067176819,0.5966877937316895,0.31786648035049436,0.460928,0.3928308069705963,0.4764030039310455,0.4290611267089844,0.49161699379999996,0.2664631068706512,0.851411771774292,0.5822109341621399,0.8931885004043579,0.5244645833969116,0.25793460607528684,0.5446918249130249,0.5079907655715943
2405.0,0.3206700086593628,0.542294979095459,0.42522600293159485,0.761721,0.764190137386322,0.34571900963783264,0.3060668110847473,0.4254426658153534,0.4429040253162384,0.6120690107345581,0.14554700255393982,0.4670577049255371,0.4217259883880615,0.5652880072593689,0.5962539911270142,0.31749504804611206,0.46061,0.3930650055408478,0.4755530059337616,0.42858415842056274,0.494619995,0.27168378233909607,0.8515849709510803,0.5810401439666748,0.8932334184646606,0.5286269783973694,0.2570292055606842,0.5466141104698181,0.5042482018470764
2406.0,0.3210032045841217,0.5428987860679626,0.42512879967689515,0.761919,0.7639548778533936,0.34576340913772585,0.3052129685878754,0.4225848615169525,0.4389346718788147,0.6100742101669312,0.14715420305728913,0.46617332100868225,0.42278038859367373,0.5655638098716735,0.5962427973747253,0.3171235978603363,0.460024,0.3927048027515411,0.47444560527801516,0.42846991419792174,0.4955793974,0.27690470814704893,0.8512947797775269,0.5795579314231872,0.8932783484458924,0.5312295794487,0.2561557173728943,0.548536479473114,0.5005054533481598
2407.0,0.3213364005088806,0.5435025930404663,0.42503159642219546,0.762117,0.7637196183204651,0.345807808637619,0.3043591260910034,0.41972705721855164,0.43496531844139097,0.6080794095993042,0.14876140356063844,0.4652889370918274,0.4238347887992859,0.5658396124839783,0.5962316036224365,0.31675214767456056,0.459438,0.3923445999622345,0.47333820462226867,0.42835566997528074,0.4965387998,0.28212563395500184,0.8510045886039734,0.5780757188796997,0.893323278427124,0.5338321805000306,0.25528222918510435,0.5504588484764099,0.4967627048492432
2408.0,0.3216695964336395,0.54410640001297,0.4249343931674957,0.762315,0.7634843587875366,0.3458522081375122,0.3035052835941315,0.41686925292015076,0.4309959650039673,0.6060846090316773,0.15036860406398772,0.46440455317497253,0.4248891890048981,0.5661154150962829,0.5962204098701477,0.3163806974887848,0.458852,0.3919843971729279,0.47223080396652223,0.4282414257526398,0.4974982022,0.2873465597629547,0.8507143974304199,0.5765935063362122,0.8933682084083557,0.536434781551361,0.2544087409973145,0.5523812174797058,0.4930199563503265
2409.0,0.32200279235839846,0.5447102069854737,0.424837189912796,0.762513,0.7632490992546082,0.3458966076374054,0.3026514410972595,0.4140114486217499,0.4270266115665436,0.6040898084640502,0.15197580456733703,0.4635201692581177,0.42594358921051023,0.5663912177085877,0.5962092161178589,0.31600924730300906,0.458266,0.3916241943836212,0.47112340331077573,0.4281271815299988,0.4984576046,0.2925674855709076,0.8504242062568664,0.5751112937927246,0.8934131383895874,0.5390373826026916,0.25353525280952455,0.5543035864830017,0.48927720785140993
2410.0,0.32233598828315735,0.5453140139579773,0.4247399866580963,0.762711,0.7630138397216797,0.3459410071372986,0.3017975986003876,0.411153644323349,0.4230572581291199,0.6020950078964233,0.15358300507068634,0.4626357853412628,0.42699798941612244,0.5666670203208923,0.5961980223655701,0.3156377971172333,0.45768,0.3912639915943146,0.4700160026550293,0.4280129373073578,0.499417007,0.2977884113788605,0.850134015083313,0.5736290812492371,0.8934580683708191,0.5416399836540222,0.2526617646217346,0.5562259554862976,0.4855344593524933
2411.0,0.3226713895797729,0.5452630162239075,0.4248173892498016,0.7626392000000001,0.7627786040306092,0.34592920541763306,0.2998106122016907,0.40829597115516664,0.4202427327632904,0.6006864070892334,0.15548540353775026,0.4619377672672272,0.42763959169387816,0.5664298176765442,0.5959968209266663,0.315266364812851,0.45667199999999997,0.3910063922405243,0.4691030025482178,0.42823477983474734,0.49866820580000004,0.3030090868473053,0.85000981092453,0.5722703814506531,0.8935029864311218,0.5440201878547668,0.2516875982284546,0.5581482291221619,0.4817918956279755
2412.0,0.32300679087638856,0.5452120184898377,0.42489479184150697,0.7625674,0.7625433683395386,0.34591740369796753,0.29782362580299376,0.4054382979869843,0.41742820739746095,0.5992778062820434,0.15738780200481414,0.46123974919319155,0.4282811939716339,0.5661926150321961,0.5957956194877625,0.3148949325084686,0.45566399999999996,0.39074879288673403,0.46819000244140624,0.42845662236213683,0.4979194046,0.3082297623157501,0.8498856067657471,0.5709116816520691,0.8935479044914245,0.5464003920555115,0.2507134318351746,0.5600705027580262,0.47804933190345766
2413.0,0.32334219217300414,0.5451610207557678,0.42497219443321227,0.7624956,0.762308132648468,0.345905601978302,0.2958366394042969,0.40258062481880186,0.41461368203163146,0.5978692054748536,0.15929020047187806,0.46054173111915586,0.42892279624938967,0.5659554123878479,0.5955944180488586,0.3145235002040863,0.454656,0.3904911935329437,0.46727700233459474,0.4286784648895264,0.4971706034,0.31345043778419496,0.8497614026069641,0.5695529818534851,0.8935928225517273,0.5487805962562561,0.24973926544189454,0.5619927763938903,0.4743067681789398
2414.0,0.3236775934696198,0.545110023021698,0.4250495970249176,0.7624238,0.7620728969573974,0.3458938002586365,0.29384965300559995,0.3997229516506195,0.411799156665802,0.5964606046676636,0.16119259893894194,0.45984371304512023,0.4295643985271454,0.5657182097434997,0.5953932166099548,0.31415206789970396,0.453648,0.39023359417915343,0.4663640022277832,0.42890030741691587,0.4964218022,0.31867111325263975,0.8496371984481812,0.5681942820549011,0.89363774061203,0.5511608004570008,0.2487650990486145,0.5639150500297546,0.470564204454422
2415.0,0.32401299476623535,0.5450590252876282,0.4251269996166229,0.762352,0.7618376612663269,0.34588199853897095,0.2918626666069031,0.39686527848243713,0.40898463129997253,0.5950520038604736,0.16309499740600586,0.4591456949710846,0.4302060008049011,0.5654810070991516,0.595192015171051,0.31378063559532166,0.45264,0.38997599482536316,0.4654510021209717,0.4291221499443054,0.495673001,0.3238917887210846,0.8495129942893982,0.5668355822563171,0.8936826586723328,0.5535410046577454,0.24779093265533447,0.5658373236656189,0.4668216407299042
2416.0,0.3245937943458557,0.5456088185310364,0.42529159784317017,0.7622494000000001,0.7614972472190857,0.3459495961666107,0.2886221885681152,0.39418397545814515,0.40676832795143125,0.5953935980796814,0.16477799713611602,0.45855979323387147,0.43031840324401854,0.5643618106842041,0.594264817237854,0.31340596079826355,0.451384,0.38938799500465393,0.4644302010536194,0.4293027758598328,0.4935936036,0.32631508708000184,0.8488083958625794,0.5652299165725708,0.8935889005661011,0.5560338020324707,0.24680853486061097,0.5670787930488587,0.4629284977912903
2417.0,0.3251745939254761,0.5461586117744446,0.4254561960697174,0.7621468,0.7611568331718445,0.3460171937942505,0.28538171052932737,0.39150267243385317,0.40455202460289,0.5957351922988892,0.1664609968662262,0.45797389149665835,0.43043080568313596,0.5632426142692566,0.593337619304657,0.31303128600120544,0.450128,0.3887999951839447,0.46340939998626707,0.4294834017753601,0.49151420619999997,0.3287383854389191,0.8481037974357605,0.5636242508888245,0.8934951424598694,0.5585265994071961,0.24582613706588746,0.5683202624320984,0.4590353548526764
2418.0,0.3257553935050964,0.5467084050178528,0.42562079429626465,0.7620442000000001,0.7608164191246033,0.34608479142189025,0.2821412324905396,0.38882136940956114,0.40233572125434874,0.5960767865180969,0.16814399659633636,0.45738798975944517,0.43054320812225344,0.5621234178543091,0.5924104213714599,0.31265661120414734,0.448872,0.3882119953632355,0.4623885989189148,0.42966402769088746,0.4894348088,0.3311616837978363,0.8473991990089417,0.5620185852050781,0.8934013843536377,0.5610193967819214,0.24484373927116393,0.5695617318153381,0.4551422119140625
2419.0,0.3263361930847168,0.547258198261261,0.4257853925228119,0.7619416,0.760476005077362,0.34615238904953005,0.2789007544517517,0.38614006638526915,0.4001194179058075,0.5964183807373047,0.16982699632644654,0.45680208802223204,0.43065561056137086,0.5610042214393616,0.591483223438263,0.31228193640708923,0.44761599999999996,0.38762399554252625,0.4613677978515625,0.4298446536064148,0.4873554114,0.33358498215675353,0.8466946005821228,0.5604129195213318,0.893307626247406,0.5635121941566468,0.24386134147644042,0.5708032011985779,0.4512490689754486
2420.0,0.32691699266433716,0.5478079915046692,0.42594999074935913,0.761839,0.7601355910301208,0.3462199866771698,0.27566027641296387,0.3834587633609772,0.39790311455726624,0.5967599749565125,0.1715099960565567,0.4562161862850189,0.4307680130004883,0.5598850250244141,0.5905560255050659,0.31190726161003113,0.44636,0.387035995721817,0.4603469967842102,0.43002527952194214,0.485276014,0.3360082805156708,0.845990002155304,0.5588072538375854,0.8932138681411743,0.5660049915313721,0.24287894368171692,0.5720446705818176,0.4473559260368347
2421.0,0.3271549940109253,0.5478115320205689,0.42604119181632993,0.7622604000000001,0.759637463092804,0.3462749898433685,0.2726229190826416,0.38104230761528013,0.39646207690238955,0.59717857837677,0.1726231962442398,0.45589309334754946,0.43006120920181273,0.5581336140632629,0.5896440148353577,0.31152776479721067,0.44509,0.3863703966140747,0.4592915952205658,0.43015325665473936,0.4832890096,0.3342353940010071,0.8452167987823487,0.5569209575653076,0.8929121017456054,0.5688297986984253,0.24192117154598236,0.5722647905349731,0.4432373881340027
2422.0,0.3273929953575134,0.5478150725364686,0.4261323928833008,0.7626818000000001,0.759139335155487,0.34632999300956724,0.26958556175231935,0.37862585186958314,0.3950210392475128,0.5975971817970276,0.1737363964319229,0.45557000041007994,0.4293544054031372,0.5563822031021118,0.5887320041656494,0.31114826798439027,0.44382,0.3857047975063324,0.45823619365692136,0.43028123378753663,0.4813020052,0.3324625074863434,0.8444435954093933,0.5550346612930298,0.8926103353500366,0.5716546058654786,0.2409633994102478,0.5724849104881287,0.43911885023117064
2423.0,0.32763099670410156,0.5478186130523681,0.4262235939502716,0.7631032,0.7586412072181702,0.346384996175766,0.26654820442199706,0.3762093961238861,0.3935800015926361,0.5980157852172852,0.17484959661960603,0.4552469074726105,0.4286476016044617,0.5546307921409607,0.5878199934959412,0.3107687711715698,0.44255,0.3850391983985901,0.457180792093277,0.43040921092033385,0.4793150008,0.3306896209716797,0.843670392036438,0.5531483650207519,0.8923085689544678,0.5744794130325317,0.24000562727451324,0.5727050304412842,0.43500031232833863
2424.0,0.3278689980506897,0.5478221535682678,0.42631479501724245,0.7635246,0.7581430792808532,0.34643999934196473,0.2635108470916748,0.3737929403781891,0.3921389639377594,0.5984343886375427,0.17596279680728913,0.45492381453514097,0.42794079780578614,0.5528793811798096,0.5869079828262329,0.3103892743587494,0.44128,0.3843735992908478,0.4561253905296326,0.4305371880531311,0.4773279964,0.32891673445701597,0.8428971886634826,0.5512620687484742,0.892006802558899,0.5773042201995849,0.2390478551387787,0.5729251503944397,0.43088177442550657
2425.0,0.32810699939727783,0.5478256940841675,0.42640599608421326,0.763946,0.7576449513435364,0.34649500250816345,0.26047348976135254,0.37137648463249207,0.3906979262828827,0.5988529920578003,0.17707599699497223,0.4546007215976715,0.4272339940071106,0.5511279702186584,0.5859959721565247,0.31000977754592896,0.44001,0.38370800018310547,0.45506998896598816,0.43066516518592834,0.475340992,0.3271438479423523,0.8421239852905273,0.5493757724761963,0.8917050361633301,0.5801290273666382,0.23809008300304413,0.5731452703475952,0.42676323652267456
2426.0,0.32850099802017213,0.547848129272461,0.4262935996055603,0.7639872,0.7571468114852905,0.34651960134506227,0.2576504975557327,0.36895990967750547,0.3896588981151581,0.5997697949409485,0.17759179770946504,0.454318642616272,0.426651793718338,0.5496467709541321,0.5852277755737305,0.3096302688121796,0.438744,0.3832665979862213,0.45415419340133667,0.4306598663330078,0.47380239360000004,0.3253708779811859,0.8416335940361023,0.5477602124214173,0.8914032578468323,0.5823488235473633,0.23708437383174896,0.5733654022216796,0.42264450192451475
2427.0,0.32889499664306643,0.5478705644607544,0.4261812031269073,0.7640284,0.7566486716270446,0.3465442001819611,0.2548275053501129,0.36654333472251893,0.38861986994743347,0.6006865978240967,0.17810759842395782,0.45403656363487244,0.4260695934295654,0.5481655716896057,0.5844595789909363,0.30925076007843016,0.43747800000000003,0.38282519578933716,0.4532383978366852,0.4306545674800873,0.4722637952,0.32359790802001953,0.8411432027816772,0.5461446523666382,0.8911014795303345,0.5845686197280884,0.2360786646604538,0.5735855340957642,0.418525767326355
2428.0,0.32928899526596067,0.5478929996490478,0.4260688066482544,0.7640696,0.7561505317687989,0.34656879901885984,0.2520045131444931,0.36412675976753234,0.38758084177970886,0.6016034007072448,0.17862339913845063,0.4537544846534729,0.42548739314079287,0.5466843724250794,0.5836913824081421,0.3088712513446808,0.436212,0.382383793592453,0.4523226022720337,0.43064926862716674,0.4707251968,0.32182493805885315,0.8406528115272522,0.5445290923118591,0.8907997012138367,0.5867884159088135,0.23507295548915863,0.5738056659698486,0.4144070327281952
2429.0,0.32968299388885497,0.5479154348373413,0.42595641016960145,0.7641108000000001,0.755652391910553,0.34659339785575866,0.2491815209388733,0.3617101848125458,0.38654181361198425,0.602520203590393,0.1791391998529434,0.45347240567207336,0.4249051928520203,0.545203173160553,0.5829231858253479,0.3084917426109314,0.434946,0.38194239139556885,0.4514068067073822,0.43064396977424624,0.4691865984,0.32005196809768677,0.8401624202728272,0.5429135322570801,0.8904979228973389,0.5890082120895386,0.23406724631786346,0.5740257978439331,0.4102882981300354
2430.0,0.33007699251174927,0.5479378700256348,0.4258440136909485,0.764152,0.7551542520523071,0.34661799669265747,0.24635852873325348,0.3592936098575592,0.38550278544425964,0.6034370064735413,0.17965500056743622,0.45319032669067383,0.4243229925632477,0.5437219738960266,0.5821549892425537,0.308112233877182,0.43368,0.3815009891986847,0.4504910111427307,0.4306386709213257,0.467648,0.3182789981365204,0.8396720290184021,0.541297972202301,0.8901961445808411,0.5912280082702637,0.2330615371465683,0.5742459297180176,0.4061695635318756
2431.0,0.3304327964782715,0.5481098532676697,0.42595860958099363,0.7639130000000001,0.7546561241149903,0.3466307997703552,0.24562377631664276,0.35687715411186216,0.38449286222457885,0.6034502029418946,0.17980940043926238,0.4530501842498779,0.423756992816925,0.5420107841491699,0.5814287900924683,0.30773273706436155,0.432966,0.38035818934440613,0.44940961003303526,0.43060527443885804,0.4659196022,0.3165061056613922,0.8387334227561951,0.539145314693451,0.8898943781852722,0.5927426099777222,0.23206615447998047,0.5744660496711731,0.4020510256290436
2432.0,0.3307886004447937,0.5482818365097046,0.42607320547103883,0.7636740000000001,0.7541579961776733,0.34664360284805296,0.24488902390003203,0.35446069836616517,0.38348293900489805,0.6034633994102478,0.17996380031108855,0.452910041809082,0.42319099307060243,0.5402995944023132,0.5807025909423829,0.30735324025154115,0.432252,0.37921538949012756,0.44832820892333985,0.4305718779563904,0.4641912044,0.314733213186264,0.837794816493988,0.5369926571846009,0.8895926117897034,0.5942572116851806,0.23107077181339264,0.5746861696243286,0.39793248772621154
2433.0,0.33114440441131593,0.5484538197517395,0.426187801361084,0.763435,0.7536598682403565,0.34665640592575075,0.24415427148342134,0.35204424262046813,0.3824730157852173,0.603476595878601,0.18011820018291474,0.45276989936828616,0.4226249933242798,0.5385884046554565,0.5799763917922973,0.3069737434387207,0.431538,0.378072589635849,0.4472468078136444,0.4305384814739227,0.4624628066,0.3129603207111359,0.836856210231781,0.5348399996757507,0.8892908453941345,0.5957718133926392,0.2300753891468048,0.5749062895774841,0.3938139498233795
2434.0,0.3315002083778381,0.5486258029937744,0.4263023972511292,0.763196,0.7531617403030395,0.3466692090034485,0.2434195190668106,0.34962778687477114,0.3814630925655365,0.6034897923469543,0.1802726000547409,0.45262975692749025,0.4220589935779572,0.5368772149085999,0.5792501926422119,0.3065942466259003,0.430824,0.37692978978157043,0.446165406703949,0.43050508499145507,0.4607344088,0.3111874282360077,0.8359176039695739,0.5326873421669006,0.8889890789985657,0.5972864151000976,0.22908000648021698,0.5751264095306396,0.38969541192054746
2435.0,0.33185601234436035,0.5487977862358093,0.4264169931411743,0.762957,0.7526636123657227,0.34668201208114624,0.2426847666501999,0.3472113311290741,0.3804531693458557,0.6035029888153076,0.18042699992656708,0.45248961448669434,0.4214929938316345,0.5351660251617432,0.5785239934921265,0.30621474981307983,0.43011,0.37578698992729187,0.44508400559425354,0.4304716885089874,0.459006011,0.3094145357608795,0.8349789977073669,0.5305346846580505,0.8886873126029968,0.5988010168075562,0.22808462381362915,0.5753465294837952,0.38557687401771545
2436.0,0.332286012172699,0.5489877343177796,0.42656359672546384,0.7629032,0.7521654725074768,0.3467280089855194,0.24508296847343444,0.344794762134552,0.37965072989463805,0.6031421899795533,0.1802024006843567,0.4523631393909454,0.42105799317359927,0.532118821144104,0.5779507994651795,0.30583524107933047,0.429792,0.3755431890487671,0.44397360682487486,0.430390989780426,0.458717006,0.30764156579971313,0.8338160037994384,0.5286144495010376,0.888385534286499,0.6003492116928101,0.22709679305553437,0.5755666613578796,0.38145813941955564
2437.0,0.3327160120010376,0.5491776823997497,0.42671020030975343,0.7628494,0.7516673326492309,0.3467740058898926,0.247481170296669,0.34237819314002993,0.3788482904434204,0.6027813911437988,0.1799778014421463,0.45223666429519654,0.42062299251556395,0.5290716171264649,0.5773776054382325,0.30545573234558104,0.429474,0.37529938817024233,0.4428632080554962,0.43031029105186464,0.458428001,0.30586859583854675,0.83265300989151,0.5266942143440246,0.8880837559700012,0.601897406578064,0.22610896229743957,0.5757867932319641,0.3773394048213959
2438.0,0.3331460118293762,0.54936763048172,0.42685680389404296,0.7627956,0.7511691927909852,0.3468200027942657,0.24987937211990358,0.3399616241455078,0.3780458509922028,0.6024205923080445,0.1797532021999359,0.4521101891994476,0.4201879918575287,0.5260244131088256,0.5768044114112854,0.3050762236118317,0.429156,0.3750555872917175,0.44175280928611754,0.4302295923233032,0.458138996,0.30409562587738037,0.8314900159835815,0.5247739791870117,0.8877819776535034,0.6034456014633178,0.2251211315393448,0.5760069251060486,0.3732206702232361
2439.0,0.33357601165771483,0.5495575785636901,0.42700340747833254,0.7627418,0.7506710529327393,0.3468659996986389,0.2522775739431381,0.3375450551509857,0.3772434115409851,0.60205979347229,0.17952860295772552,0.45198371410369875,0.4197529911994934,0.5229772090911865,0.5762312173843384,0.30469671487808225,0.428838,0.37481178641319274,0.4406424105167389,0.43014889359474184,0.457849991,0.302322655916214,0.8303270220756531,0.5228537440299987,0.8874801993370056,0.6049937963485718,0.22413330078125,0.5762270569801331,0.3691019356250763
2440.0,0.33400601148605347,0.5497475266456604,0.42715001106262207,0.762688,0.7501729130744934,0.3469119966030121,0.2546757757663727,0.3351284861564636,0.37644097208976746,0.6016989946365356,0.17930400371551514,0.45185723900794983,0.41931799054145813,0.5199300050735474,0.5756580233573914,0.3043172061443329,0.42852,0.37456798553466797,0.43953201174736023,0.4300681948661804,0.457560986,0.3005496859550476,0.8291640281677246,0.5209335088729858,0.8871784210205078,0.6065419912338257,0.2231454700231552,0.5764471888542175,0.3649832010269165
2441.0,0.3345270097255707,0.5498421311378479,0.4267848074436188,0.7624722,0.7498284101486206,0.3470029950141907,0.257354211807251,0.33347012400627135,0.37597336173057555,0.6003031969070435,0.1789534032344818,0.4517597734928131,0.4189267933368683,0.5181506037712097,0.5754080176353454,0.30469255447387694,0.427922,0.37491078972816466,0.43864821195602416,0.42993338108062745,0.4561361906,0.29951717257499694,0.8282334208488464,0.5188551902770996,0.8870405554771423,0.6075979948043824,0.2222010999917984,0.5757293462753296,0.36145992279052735
2442.0,0.3350480079650879,0.5499367356300354,0.42641960382461547,0.7622564000000001,0.7494839072227478,0.3470939934253693,0.2600326478481293,0.3318117618560791,0.37550575137138364,0.5989073991775513,0.17860280275344848,0.45166230797767637,0.4185355961322784,0.516371202468872,0.5751580119132995,0.305067902803421,0.42732400000000004,0.37525359392166135,0.4377644121646881,0.4297985672950745,0.4547113952,0.29848465919494627,0.8273028135299683,0.5167768716812133,0.8869026899337769,0.6086539983749389,0.2212567299604416,0.5750115036964416,0.3579366445541382
2443.0,0.3355690062046051,0.5500313401222229,0.4260544002056122,0.7620406,0.749139404296875,0.34718499183654783,0.26271108388900755,0.33015339970588686,0.3750381410121918,0.597511601448059,0.17825220227241517,0.4515648424625397,0.4181443989276886,0.5145918011665345,0.5749080061912537,0.3054432511329651,0.426726,0.3755963981151581,0.4368806123733521,0.42966375350952146,0.4532865998,0.29745214581489565,0.8263722062110901,0.5146985530853272,0.8867648243904114,0.6097100019454956,0.22031235992908477,0.5742936611175538,0.354413366317749
2444.0,0.3360900044441223,0.5501259446144104,0.42568919658660886,0.7618248,0.7487949013710022,0.34727599024772643,0.26538951992988585,0.3284950375556946,0.3745705306529999,0.5961158037185669,0.17790160179138184,0.45146737694740297,0.41775320172309877,0.5128123998641968,0.5746580004692078,0.30581859946250917,0.426128,0.3759392023086548,0.435996812582016,0.4295289397239685,0.4518618044,0.296419632434845,0.8254415988922119,0.5126202344894409,0.8866269588470459,0.6107660055160522,0.21936798989772796,0.5735758185386658,0.35089008808135985
2445.0,0.3366110026836395,0.5502205491065979,0.4253239929676056,0.761609,0.7484503984451294,0.34736698865890503,0.26806795597076416,0.3268366754055023,0.374102920293808,0.5947200059890747,0.1775510013103485,0.45136991143226624,0.4173620045185089,0.5110329985618591,0.5744079947471619,0.3061939477920532,0.42553,0.3762820065021515,0.43511301279067993,0.4293941259384155,0.450437009,0.2953871190547943,0.8245109915733337,0.5105419158935547,0.8864890933036804,0.6118220090866089,0.21842361986637115,0.5728579759597778,0.3473668098449707
2446.0,0.3373344004154205,0.5503637909889221,0.42542999386787417,0.7615314,0.7481058716773987,0.3474809885025024,0.2688268482685089,0.3251782298088074,0.3738995432853699,0.5923614025115966,0.17705579996109008,0.45120297074317933,0.4168668031692505,0.509665596485138,0.5740527987480164,0.3065693140029907,0.42494200000000004,0.37686180472373965,0.4341326117515564,0.42929306626319885,0.449051809,0.2943545520305634,0.8233459949493408,0.508916974067688,0.886351215839386,0.6109238028526306,0.21749787628650666,0.5721401095390319,0.34384337067604065
2447.0,0.33805779814720155,0.5505070328712464,0.4255359947681427,0.7614538,0.747761344909668,0.34759498834609986,0.2695857405662537,0.3235197842121124,0.37369616627693175,0.5900027990341187,0.17656059861183165,0.45103603005409243,0.41637160181999205,0.5082981944084167,0.5736976027488708,0.30694468021392823,0.424354,0.37744160294532775,0.4331522107124329,0.4291920065879822,0.447666609,0.2933219850063324,0.8221809983253479,0.5072920322418213,0.8862133383750915,0.6100255966186523,0.21657213270664216,0.5714222431182862,0.3403199315071106
2448.0,0.33878119587898253,0.5506502747535705,0.42564199566841127,0.7613762000000001,0.7474168181419373,0.34770898818969725,0.2703446328639984,0.3218613386154175,0.37349278926849366,0.5876441955566406,0.17606539726257325,0.45086908936500547,0.41587640047073365,0.5069307923316956,0.5733424067497254,0.3073200464248657,0.42376600000000003,0.3780214011669159,0.4321718096733093,0.4290909469127655,0.446281409,0.29228941798210145,0.821016001701355,0.5056670904159546,0.8860754609107971,0.6091273903846741,0.21564638912677764,0.5707043766975403,0.33679649233818054
2449.0,0.33950459361076357,0.5507935166358948,0.4257479965686798,0.7612986,0.7470722913742065,0.3478229880332947,0.2711035251617432,0.3202028930187225,0.3732894122600555,0.5852855920791626,0.17557019591331482,0.45070214867591857,0.4153811991214752,0.5055633902549743,0.5729872107505798,0.30769541263580324,0.423178,0.378601199388504,0.4311914086341858,0.42898988723754883,0.444896209,0.29125685095787046,0.8198510050773621,0.5040421485900879,0.8859375834465026,0.6082291841506958,0.21472064554691314,0.5699865102767945,0.3332730531692505
2450.0,0.34022799134254456,0.550936758518219,0.42585399746894836,0.761221,0.7467277646064758,0.3479369878768921,0.2718624174594879,0.3185444474220276,0.37308603525161743,0.5829269886016846,0.1750749945640564,0.45053520798683167,0.4148859977722168,0.5041959881782532,0.5726320147514343,0.3080707788467407,0.42259,0.37918099761009216,0.43021100759506226,0.42888882756233215,0.443511009,0.2902242839336395,0.8186860084533691,0.5024172067642212,0.8857997059822083,0.6073309779167175,0.21379490196704865,0.5692686438560486,0.32974961400032043
2451.0,0.3405467927455902,0.5508711218833924,0.4256477952003479,0.7614736000000001,0.746383261680603,0.34792839288711547,0.2714582085609436,0.31688607931137086,0.37264926433563234,0.5797579884529114,0.17452239692211152,0.4504067003726959,0.4139091968536377,0.5035767912864685,0.572677206993103,0.3084461271762848,0.422038,0.37972519993782045,0.42934760451316833,0.42875980138778685,0.4421004056,0.28919177055358886,0.8172770023345948,0.5007896780967712,0.8856618285179139,0.6057921767234802,0.21294210553169252,0.5685508012771606,0.3262263357639313
2452.0,0.3408655941486359,0.5508054852485657,0.42544159293174744,0.7617262,0.7460387587547302,0.34791979789733884,0.2710539996623993,0.31522771120071413,0.37221249341964724,0.5765889883041382,0.17396979928016662,0.4502781927585602,0.4129323959350586,0.5029575943946838,0.5727223992347718,0.30882147550582884,0.421486,0.38026940226554873,0.4284842014312744,0.42863077521324155,0.44068980220000004,0.2881592571735382,0.8158679962158203,0.4991621494293213,0.8855239510536194,0.6042533755302429,0.21208930909633636,0.5678329586982727,0.32270305752754214
2453.0,0.3411843955516815,0.550739848613739,0.425235390663147,0.7619788000000001,0.7456942558288574,0.3479112029075623,0.270649790763855,0.31356934309005735,0.3717757225036621,0.573419988155365,0.17341720163822175,0.45014968514442444,0.4119555950164795,0.5023383975028992,0.5727675914764404,0.30919682383537295,0.420934,0.38081360459327696,0.4276207983493805,0.4285017490386963,0.4392791988,0.28712674379348757,0.8144589900970459,0.4975346207618713,0.885386073589325,0.6027145743370056,0.21123651266098023,0.5671151161193848,0.31917977929115293
2454.0,0.3415031969547272,0.5506742119789123,0.4250291883945465,0.7622314,0.7453497529029847,0.34790260791778566,0.27024558186531067,0.3119109749794006,0.371338951587677,0.5702509880065918,0.17286460399627684,0.4500211775302887,0.4109787940979004,0.5017192006111145,0.5728127837181092,0.309572172164917,0.420382,0.38135780692100524,0.4267573952674866,0.428372722864151,0.4378685954,0.2860942304134369,0.8130499839782714,0.4959070920944214,0.8852481961250305,0.6011757731437684,0.21038371622562407,0.5663972735404968,0.3156565010547638
2455.0,0.3418219983577728,0.5506085753440857,0.42482298612594604,0.762484,0.7450052499771118,0.34789401292800903,0.26984137296676636,0.3102526068687439,0.3709021806716919,0.5670819878578186,0.17231200635433197,0.44989266991615295,0.4100019931793213,0.5011000037193298,0.5728579759597778,0.30994752049446106,0.41983,0.3819020092487335,0.42589399218559265,0.4282436966896057,0.436457992,0.28506171703338623,0.8116409778594971,0.49427956342697144,0.8851103186607361,0.599636971950531,0.20953091979026794,0.5656794309616089,0.31213322281837463
2456.0,0.3420405983924866,0.5507801294326782,0.4243539869785309,0.762393,0.7446607232093811,0.34796221256256105,0.2674937069416046,0.3085941672325134,0.3700031876564026,0.5644869923591613,0.17189730405807496,0.4496687471866608,0.4092465937137604,0.5004558026790619,0.572777783870697,0.31032288670539854,0.41925599999999996,0.3821824073791504,0.4255269944667816,0.4280670940876007,0.4343771938,0.2840291500091553,0.809974980354309,0.4930705428123474,0.8849724411964417,0.5984549760818482,0.20871005058288575,0.5649615526199341,0.3086097836494446
2457.0,0.3422591984272003,0.5509516835212708,0.4238849878311157,0.762302,0.7443161964416504,0.34803041219711306,0.2651460409164429,0.30693572759628296,0.36910419464111327,0.5618919968605042,0.17148260176181793,0.4494448244571686,0.40849119424819946,0.49981160163879396,0.5726975917816162,0.31069825291633607,0.418682,0.38246280550956724,0.42515999674797056,0.4278904914855957,0.4322963956,0.2829965829849243,0.8083089828491211,0.4918615221977234,0.8848345637321472,0.5972729802131653,0.20788918137550355,0.5642436742782593,0.3050863444805145
2458.0,0.34247779846191406,0.5511232376098633,0.42341598868370056,0.762211,0.7439716696739197,0.348098611831665,0.2627983748912811,0.3052772879600525,0.368205201625824,0.5592970013618469,0.17106789946556092,0.44922090172767637,0.40773579478263855,0.499167400598526,0.5726173996925354,0.31107361912727355,0.418108,0.38274320363998415,0.42479299902915957,0.4277138888835907,0.43021559740000004,0.28196401596069337,0.8066429853439331,0.49065250158309937,0.8846966862678528,0.5960909843444824,0.20706831216812133,0.5635257959365845,0.3015629053115845
2459.0,0.3426963984966278,0.5512947916984559,0.4229469895362854,0.76212,0.7436271429061889,0.34816681146621703,0.2604507088661194,0.303618848323822,0.36730620861053465,0.5567020058631897,0.17065319716930388,0.4489969789981842,0.40698039531707764,0.4985231995582581,0.5725372076034546,0.3114489853382111,0.417534,0.383023601770401,0.4244260013103485,0.4275372862815857,0.4281347992,0.2809314489364624,0.8049769878387452,0.48944348096847534,0.8845588088035583,0.5949089884757995,0.20624744296073913,0.5628079175949097,0.2980394661426544
2460.0,0.34291499853134155,0.5514663457870483,0.42247799038887024,0.762029,0.7432826161384583,0.34823501110076904,0.25810304284095764,0.30196040868759155,0.36640721559524536,0.5541070103645325,0.17023849487304688,0.448773056268692,0.4062249958515167,0.4978789985179901,0.5724570155143738,0.31182435154914856,0.41696,0.38330399990081787,0.4240590035915375,0.4273606836795807,0.426054001,0.27989888191223145,0.8033109903335571,0.4882344603538513,0.8844209313392639,0.5937269926071167,0.20542657375335693,0.5620900392532349,0.29451602697372437
2461.0,0.343301397562027,0.5515334844589234,0.4227167904376984,0.7617033999999999,0.7429381132125854,0.34825521111488345,0.25513729453086853,0.3003020405769348,0.3654778301715851,0.5531954050064087,0.1697792887687683,0.44854544997215273,0.4054975986480713,0.49741640090942385,0.5729944109916687,0.3121996998786926,0.416008,0.3830892026424408,0.4232322037220001,0.42707669734954834,0.4251254024,0.2788663685321808,0.8014233946800232,0.4873706638813019,0.8842830657958984,0.5920999884605408,0.2046536386013031,0.5613722085952759,0.2909927487373352
2462.0,0.3436877965927124,0.5516006231307984,0.4229555904865265,0.7613778,0.7425936102867127,0.3482754111289978,0.2521715462207794,0.2986436724662781,0.3645484447479248,0.5522837996482849,0.16932008266448975,0.4483178436756134,0.40477020144462583,0.49695380330085753,0.5735318064689636,0.31257504820823667,0.415056,0.3828744053840637,0.4224054038524628,0.426792711019516,0.4241968038,0.2778338551521301,0.7995357990264893,0.48650686740875243,0.884145200252533,0.5904729843139649,0.20388070344924927,0.5606543779373169,0.28746947050094607
2463.0,0.3440741956233978,0.5516677618026733,0.4231943905353546,0.7610522,0.7422491073608398,0.3482956111431122,0.2492057979106903,0.2969853043556213,0.3636190593242645,0.5513721942901612,0.16886087656021118,0.4480902373790741,0.40404280424118044,0.49649120569229127,0.5740692019462585,0.3129503965377808,0.414104,0.38265960812568667,0.4215786039829254,0.42650872468948364,0.42326820519999997,0.2768013417720795,0.7976482033729553,0.485643070936203,0.8840073347091675,0.5888459801673889,0.20310776829719543,0.5599365472793579,0.28394619226455686
2464.0,0.34446059465408324,0.5517349004745483,0.4234331905841827,0.7607266,0.7419046044349671,0.34831581115722654,0.2462400496006012,0.2953269362449646,0.36268967390060425,0.5504605889320373,0.16840167045593263,0.44786263108253477,0.403315407037735,0.49602860808372495,0.5746065974235535,0.31332574486732484,0.413152,0.3824448108673096,0.4207518041133881,0.4262247383594513,0.4223396066,0.2757688283920288,0.7957606077194214,0.48477927446365354,0.883869469165802,0.587218976020813,0.2023348331451416,0.5592187166213989,0.2804229140281677
2465.0,0.3448469936847687,0.5518020391464233,0.42367199063301086,0.760401,0.7415601015090942,0.34833601117134094,0.24327430129051208,0.29366856813430786,0.36176028847694397,0.5495489835739136,0.16794246435165405,0.4476350247859955,0.40258800983428955,0.4955660104751587,0.5751439929008484,0.3137010931968689,0.4122,0.3822300136089325,0.4199250042438507,0.42594075202941895,0.421411008,0.27473631501197815,0.7938730120658875,0.4839154779911041,0.8837316036224365,0.5855919718742371,0.20156189799308777,0.5585008859634399,0.27689963579177856
2466.0,0.34533119201660156,0.5518626928329468,0.4234009921550751,0.7603252,0.7414094686508179,0.34842761158943175,0.24226842522621156,0.29290640354156494,0.3604741930961609,0.5497929811477661,0.1674820989370346,0.4473582863807678,0.40221020579338074,0.49479140639305114,0.5748357892036438,0.31404409408569334,0.41092,0.38151981234550475,0.41949840188026427,0.42569372057914734,0.42045520579999995,0.2757247507572174,0.791536009311676,0.48293530344963076,0.8836797714233399,0.5834179759025574,0.20082297921180725,0.5571174025535583,0.27476590871810913
2467.0,0.34581539034843445,0.5519233465194702,0.42312999367713927,0.7602494,0.7412588357925415,0.34851921200752256,0.241262549161911,0.292144238948822,0.3591880977153778,0.5500369787216186,0.16702173352241517,0.44708154797554017,0.4018324017524719,0.4940168023109436,0.5745275855064392,0.31438709497451783,0.40964,0.380809611082077,0.41907179951667783,0.42544668912887573,0.4194994036,0.2767131865024567,0.7891990065574646,0.48195512890815734,0.8836279392242432,0.5812439799308777,0.20008406043052673,0.5557339191436768,0.2726321816444397
2468.0,0.34629958868026733,0.5519840002059937,0.4228589951992035,0.7601736,0.7411082029342652,0.3486108124256134,0.24025667309761048,0.2913820743560791,0.35790200233459474,0.5502809762954712,0.1665613681077957,0.4468048095703125,0.4014545977115631,0.4932421982288361,0.5742193818092346,0.3147300958633423,0.40836,0.3800994098186493,0.41864519715309145,0.4251996576786041,0.41854360139999996,0.2777016222476959,0.7868620038032532,0.48097495436668397,0.8835761070251464,0.579069983959198,0.19934514164924622,0.5543504357337952,0.27049845457077026
2469.0,0.3467837870121002,0.5520446538925171,0.4225879967212677,0.7600977999999999,0.7409575700759887,0.34870241284370423,0.23925079703330993,0.2906199097633362,0.3566159069538116,0.5505249738693238,0.16610100269317626,0.44652807116508486,0.4010767936706543,0.4924675941467285,0.5739111781120301,0.31507309675216677,0.40708,0.37938920855522157,0.418218594789505,0.4249526262283325,0.4175877992,0.27869005799293517,0.7845250010490418,0.47999477982521055,0.8835242748260498,0.5768959879875183,0.1986062228679657,0.5529669523239136,0.26836472749710083
2470.0,0.3472679853439331,0.5521053075790405,0.4223169982433319,0.760022,0.7408069372177124,0.34879401326179504,0.2382449209690094,0.28985774517059326,0.35532981157302856,0.5507689714431763,0.16564063727855682,0.4462513327598572,0.4006989896297455,0.49169299006462097,0.5736029744148254,0.3154160976409912,0.4058,0.3786790072917938,0.4177919924259186,0.4247055947780609,0.416631997,0.27967849373817444,0.7821879982948303,0.4790146052837372,0.8834724426269531,0.5747219920158386,0.19786730408668518,0.551583468914032,0.2662310004234314
2471.0,0.34774158596992494,0.5524884939193726,0.42257959842681886,0.7599614,0.7407047867774963,0.3486402094364166,0.24010138511657714,0.28931971192359923,0.3540033340454102,0.552554976940155,0.16508044302463531,0.4458750545978546,0.4004047930240631,0.49080238938331605,0.5733739852905273,0.3157509922981262,0.40438799999999997,0.3776692032814026,0.4171251952648163,0.42426156997680664,0.41672139799999997,0.28117220401763915,0.7800583958625793,0.47825019955635073,0.8834421396255493,0.5730495929718018,0.19723458886146544,0.5500336289405823,0.2644448459148407
2472.0,0.34821518659591677,0.5528716802597046,0.4228421986103058,0.7599008,0.7406026363372803,0.3484864056110382,0.2419578492641449,0.2887816786766052,0.35267685651779174,0.5543409824371338,0.1645202487707138,0.44549877643585206,0.40011059641838076,0.48991178870201113,0.5731449961662293,0.31608588695526124,0.402976,0.37665939927101133,0.416458398103714,0.42381754517555237,0.41681079899999995,0.28266591429710386,0.7779287934303284,0.4774857938289642,0.8834118366241455,0.5713771939277649,0.19660187363624573,0.5484837889671326,0.26265869140625
2473.0,0.34868878722190855,0.5532548666000366,0.4231047987937927,0.7598402,0.7405004858970642,0.3483326017856598,0.24381431341171264,0.28824364542961123,0.35135037899017335,0.5561269879341125,0.1639600545167923,0.4451224982738495,0.39981639981269834,0.48902118802070615,0.5729160070419311,0.31642078161239623,0.401564,0.37564959526062014,0.4157916009426117,0.4233735203742981,0.4169002,0.2841596245765686,0.7757991909980774,0.47672138810157777,0.8833815336227417,0.569704794883728,0.195969158411026,0.5469339489936829,0.2608725368976593
2474.0,0.3491623878479004,0.5536380529403686,0.42336739897727965,0.7597796,0.7403983354568482,0.3481787979602814,0.2456707775592804,0.2877056121826172,0.3500239014625549,0.5579129934310914,0.1633998602628708,0.44474622011184695,0.399522203207016,0.48813058733940123,0.5726870179176331,0.31675567626953127,0.400152,0.3746397912502289,0.4151248037815094,0.4229294955730438,0.416989601,0.28565333485603334,0.7736695885658265,0.47595698237419126,0.8833512306213379,0.5680323958396911,0.19533644318580629,0.5453841090202332,0.2590863823890686
2475.0,0.3496359884738922,0.5540212392807007,0.4236299991607666,0.759719,0.7402961850166321,0.34802499413490295,0.24752724170684814,0.28716757893562317,0.3486974239349365,0.5596989989280701,0.16283966600894928,0.44436994194984436,0.3992280066013336,0.4872399866580963,0.572458028793335,0.31709057092666626,0.39874,0.37362998723983765,0.4144580066204071,0.42248547077178955,0.417079002,0.28714704513549805,0.7715399861335754,0.4751925766468048,0.8833209276199341,0.5663599967956543,0.19470372796058655,0.5438342690467834,0.2573002278804779
2476.0,0.3500589907169342,0.5543542623519897,0.42351800203323364,0.7601594,0.740194034576416,0.3481783926486969,0.25040441155433657,0.2866295278072357,0.3477229714393616,0.5607931971549988,0.1621896356344223,0.4439562201499939,0.3993528068065643,0.48552699089050294,0.5727386236190796,0.3174254834651947,0.39754,0.37243338823318484,0.414067405462265,0.42193264365196226,0.4164820018,0.28864082098007204,0.7693851947784424,0.47445982694625854,0.8832906246185303,0.565913200378418,0.19409096837043763,0.54228435754776,0.25551398694515226
2477.0,0.3504819929599762,0.5546872854232788,0.4234060049057007,0.7605998,0.7400918841362,0.34833179116249086,0.25328158140182494,0.28609147667884827,0.3467485189437866,0.5618873953819274,0.16153960525989533,0.4435424983501434,0.399477607011795,0.48381399512290957,0.5730192184448242,0.31776039600372313,0.39633999999999997,0.37123678922653197,0.4136768043041229,0.421379816532135,0.41588500159999997,0.290134596824646,0.7672304034233093,0.4737270772457123,0.8832603216171264,0.5654664039611816,0.1934782087802887,0.5407344460487366,0.25372774600982667
2478.0,0.3509049952030182,0.5550203084945678,0.4232940077781677,0.7610402,0.7399897336959839,0.3484851896762848,0.25615875124931337,0.2855534255504608,0.3457740664482117,0.5629815936088562,0.16088957488536834,0.443128776550293,0.3996024072170258,0.48210099935531614,0.5732998132705689,0.3180953085422516,0.39514,0.37004019021987916,0.41328620314598086,0.42082698941230773,0.4152880014,0.29162837266922,0.7650756120681763,0.472994327545166,0.8832300186157227,0.5650196075439453,0.19286544919013976,0.5391845345497132,0.251941505074501
2479.0,0.3513279974460602,0.555353331565857,0.42318201065063477,0.7614806,0.7398875832557679,0.34863858819007876,0.25903592109680174,0.28501537442207336,0.3447996139526367,0.5640757918357849,0.16023954451084138,0.4427150547504425,0.3997272074222565,0.48038800358772277,0.5735804080963135,0.31843022108078,0.39393999999999996,0.3688435912132263,0.41289560198783876,0.4202741622924805,0.41469100119999996,0.2931221485137939,0.7629208207130432,0.47226157784461975,0.8831997156143189,0.564572811126709,0.19225268959999084,0.5376346230506897,0.25015526413917544
2480.0,0.3517509996891022,0.555686354637146,0.4230700135231018,0.761921,0.7397854328155518,0.3487919867038727,0.26191309094429016,0.2844773232936859,0.34382516145706177,0.5651699900627136,0.1595895141363144,0.44230133295059204,0.3998520076274872,0.4786750078201294,0.5738610029220581,0.31876513361930847,0.39274,0.3676469922065735,0.41250500082969666,0.4197213351726532,0.414094001,0.2946159243583679,0.7607660293579102,0.4715288281440735,0.883169412612915,0.5641260147094727,0.19163993000984192,0.5360847115516663,0.2483690232038498
2481.0,0.3522581994533539,0.5556967973709106,0.42307100892066957,0.7616026,0.7396832823753356,0.34879218935966494,0.2633248269557953,0.2839392900466919,0.3436256289482117,0.5657587885856629,0.15889556109905242,0.4418237566947937,0.4000618040561676,0.477031809091568,0.5738731980323791,0.31910002827644346,0.391978,0.3668033957481384,0.4120981991291046,0.4190333366394043,0.4128123998,0.29610963463783263,0.7592450261116028,0.47071107029914855,0.8831391096115112,0.5652238130569458,0.19110596179962158,0.5345348715782166,0.24658287167549134
2482.0,0.3527653992176056,0.5557072401046753,0.4230720043182373,0.7612842,0.7395811319351197,0.34879239201545714,0.2647365629673004,0.28340125679969785,0.34342609643936156,0.5663475871086121,0.15820160806179046,0.4413461804389954,0.400271600484848,0.4753886103630066,0.5738853931427002,0.3194349229335785,0.391216,0.36595979928970335,0.4116913974285126,0.4183453381061554,0.4115307986,0.29760334491729734,0.7577240228652954,0.4698933124542236,0.8831088066101074,0.566321611404419,0.19057199358940125,0.5329850316047668,0.24479672014713288
2483.0,0.3532725989818573,0.5557176828384399,0.42307299971580503,0.7609658,0.7394789814949035,0.3487925946712494,0.26614829897880554,0.2828632235527039,0.3432265639305115,0.5669363856315612,0.15750765502452851,0.440868604183197,0.40048139691352846,0.47374541163444517,0.5738975882530213,0.3197698175907135,0.39045399999999997,0.36511620283126833,0.41128459572792053,0.4176573395729065,0.4102491974,0.2990970551967621,0.7562030196189881,0.46907555460929873,0.8830785036087037,0.5674194097518921,0.1900380253791809,0.5314351916313171,0.2430105686187744
2484.0,0.353779798746109,0.5557281255722046,0.4230739951133728,0.7606474,0.7393768310546875,0.3487927973270416,0.26756003499031067,0.28232519030570985,0.34302703142166135,0.5675251841545105,0.15681370198726655,0.4403910279273987,0.4006911933422089,0.4721022129058838,0.5739097833633423,0.32010471224784853,0.389692,0.36427260637283326,0.4108777940273285,0.4169693410396576,0.4089675962,0.3005907654762268,0.7546820163726806,0.4682577967643738,0.8830482006072998,0.5685172080993652,0.18950405716896057,0.5298853516578674,0.24122441709041595
2485.0,0.3542869985103607,0.5557385683059692,0.42307499051094055,0.760329,0.7392746806144714,0.34879299998283386,0.2689717710018158,0.2817871570587158,0.3428274989128113,0.5681139826774597,0.15611974895000458,0.43991345167160034,0.4009009897708893,0.4704590141773224,0.5739219784736633,0.3204396069049835,0.38893,0.3634290099143982,0.41047099232673645,0.4162813425064087,0.407685995,0.30208447575569153,0.7531610131263733,0.46744003891944885,0.883017897605896,0.5696150064468384,0.18897008895874023,0.5283355116844177,0.2394382655620575
2486.0,0.3549574017524719,0.5559109687805176,0.4229233920574188,0.7602702,0.7391725301742553,0.3487666010856628,0.2666310489177704,0.2812490999698639,0.34288459420204165,0.5681561827659607,0.15542301237583162,0.43947023153305054,0.40095999240875246,0.46859421133995055,0.5740545868873597,0.320774519443512,0.387582,0.3627362072467804,0.4100503921508789,0.4156355619430542,0.406519395,0.3035782516002655,0.7521934151649475,0.4665160357952118,0.8829875946044922,0.5704692006111145,0.18843806982040406,0.5267856001853943,0.23765202462673188
2487.0,0.35562780499458313,0.556083369255066,0.4227717936038971,0.7602114,0.7390703797340393,0.34874020218849183,0.264290326833725,0.28071104288101195,0.34294168949127196,0.5681983828544617,0.15472627580165862,0.43902701139450073,0.4010189950466156,0.4667294085025787,0.5741871953010559,0.3211094319820404,0.38623399999999997,0.3620434045791626,0.40962979197502136,0.4149897813796997,0.405352795,0.30507202744483947,0.7512258172035218,0.4655920326709747,0.8829572916030883,0.5713233947753906,0.18790605068206787,0.5252356886863708,0.23586578369140626
2488.0,0.35629820823669434,0.5562557697296142,0.42262019515037536,0.7601526000000001,0.7389682292938232,0.3487138032913208,0.26194960474967954,0.28017298579216005,0.34299878478050233,0.5682405829429626,0.15402953922748566,0.4385837912559509,0.40107799768447877,0.46486460566520693,0.5743198037147522,0.32144434452056886,0.384886,0.3613506019115448,0.4092091917991638,0.4143440008163452,0.404186195,0.30656580328941346,0.7502582192420959,0.4646680295467377,0.8829269886016846,0.5721775889396667,0.1873740315437317,0.5236857771873474,0.23407954275608062
2489.0,0.35696861147880554,0.5564281702041626,0.42246859669685366,0.7600938,0.7388660788536072,0.3486874043941498,0.25960888266563414,0.2796349287033081,0.34305588006973264,0.5682827830314636,0.15333280265331267,0.4381405711174011,0.4011370003223419,0.4629998028278351,0.5744524121284484,0.32177925705909727,0.383538,0.360657799243927,0.4087885916233063,0.41369822025299074,0.403019595,0.3080595791339874,0.7492906212806701,0.4637440264225006,0.8828966856002808,0.5730317831039429,0.1868420124053955,0.5221358656883239,0.232293301820755
2490.0,0.35763901472091675,0.5566005706787109,0.4223169982433319,0.760035,0.7387639284133911,0.34866100549697876,0.25726816058158875,0.2790968716144562,0.343112975358963,0.5683249831199646,0.1526360660791397,0.4376973509788513,0.4011960029602051,0.46113499999046326,0.5745850205421448,0.32211416959762573,0.38219,0.3599649965763092,0.40836799144744873,0.41305243968963623,0.401852995,0.3095533549785614,0.7483230233192444,0.46282002329826355,0.882866382598877,0.573885977268219,0.18630999326705933,0.5205859541893005,0.23050706088542938
2491.0,0.3582174122333527,0.556716787815094,0.4221231997013092,0.7598142,0.738661777973175,0.3487410068511963,0.25290230810642245,0.27855884432792666,0.34343847036361697,0.5675087809562683,0.15205515325069427,0.43705007433891296,0.401214200258255,0.46094980239868166,0.5744022130966187,0.3224490642547607,0.38064,0.3593357980251312,0.40793259143829347,0.41249713897705076,0.4009547948,0.3110470652580261,0.7474670171737671,0.4619914054870605,0.8828360795974731,0.5737815856933594,0.18587466776371003,0.5190361142158508,0.22872090935707093
2492.0,0.35879580974578856,0.556833004951477,0.4219294011592865,0.7595934,0.738559627532959,0.34882100820541384,0.2485364556312561,0.2780208170413971,0.34376396536827086,0.5666925787925721,0.15147424042224883,0.4364027976989746,0.4012323975563049,0.4607646048069,0.5742194056510925,0.32278395891189576,0.37909,0.3587065994739532,0.4074971914291382,0.41194183826446534,0.4000565946,0.3125407755374908,0.7466110110282898,0.46116278767585756,0.8828057765960693,0.5736771941184997,0.1854393422603607,0.5174862742424011,0.22693475782871247
2493.0,0.3593742072582245,0.5569492220878601,0.4217356026172638,0.7593726000000001,0.7384574770927429,0.3489010095596313,0.2441706031560898,0.27748278975486756,0.3440894603729248,0.5658763766288757,0.15089332759380342,0.43575552105903625,0.4012505948543549,0.4605794072151184,0.5740365982055664,0.32311885356903075,0.37754,0.3580774009227753,0.4070617914199829,0.41138653755187987,0.3991583944,0.3140344858169556,0.7457550048828125,0.46033416986465453,0.8827754735946656,0.5735728025436402,0.18500401675701142,0.5159364342689514,0.225148606300354
2494.0,0.3599526047706604,0.5570654392242431,0.4215418040752411,0.7591518,0.7383553266525269,0.34898101091384887,0.23980475068092347,0.276944762468338,0.3444149553775787,0.5650601744651794,0.15031241476535798,0.4351082444190979,0.4012687921524048,0.46039420962333677,0.5738537907600403,0.3234537482261658,0.37599,0.3574482023715973,0.4066263914108276,0.41083123683929446,0.3982601942,0.3155281960964203,0.7448989987373352,0.45950555205345156,0.8827451705932617,0.5734684109687805,0.1845686912536621,0.5143865942955017,0.22336245477199554
2495.0,0.3605310022830963,0.5571816563606262,0.4213480055332184,0.758931,0.7382531762123108,0.3490610122680664,0.23543889820575714,0.27640673518180847,0.34474045038223267,0.5642439723014832,0.14973150193691254,0.43446096777915955,0.4012869894504547,0.4602090120315552,0.5736709833145142,0.3237886428833008,0.37444,0.3568190038204193,0.40619099140167236,0.410275936126709,0.397361994,0.317021906375885,0.7440429925918579,0.45867693424224854,0.8827148675918579,0.5733640193939209,0.1841333657503128,0.512836754322052,0.22157630324363708
2496.0,0.36105300188064576,0.5571236729621887,0.42151400446891785,0.759023,0.737952995300293,0.34919161200523374,0.2320220172405243,0.2768323004245758,0.34521631598472596,0.5625603795051575,0.14906670451164244,0.4338523209095001,0.4012143909931183,0.45956540703773496,0.5734839916229248,0.3237392783164978,0.37313999999999997,0.3554016053676605,0.4053047955036163,0.4098787486553192,0.3967151942,0.3172444045543671,0.743110191822052,0.45796934366226194,0.8825346827507019,0.5729258179664611,0.18367736041545868,0.5116279006004334,0.2207883507013321
2497.0,0.3615750014781952,0.5570656895637512,0.4216800034046173,0.759115,0.7376528143882751,0.34932221174240113,0.22860513627529144,0.2772578656673431,0.34569218158721926,0.5608767867088318,0.14840190708637238,0.4332436740398407,0.40114179253578186,0.4589218020439148,0.5732969999313354,0.3236899137496948,0.37184,0.35398420691490173,0.4044185996055603,0.4094815611839294,0.3960683944,0.3174669027328491,0.7421773910522461,0.4572617530822754,0.8823544979095459,0.5724876165390015,0.18322135508060455,0.5104190468788147,0.2200003981590271
2498.0,0.3620970010757446,0.5570077061653137,0.4218460023403168,0.7592070000000001,0.7373526334762573,0.34945281147956847,0.2251882553100586,0.2776834309101105,0.3461680471897125,0.5591931939125061,0.1477371096611023,0.43263502717018126,0.40106919407844543,0.4582781970500946,0.5731100082397461,0.32364054918289187,0.37054,0.35256680846214294,0.40353240370750426,0.4090843737125397,0.3954215946,0.3176894009113312,0.7412445902824402,0.4565541625022888,0.8821743130683899,0.5720494151115417,0.18276534974575043,0.5092101931571961,0.2192124456167221
2499.0,0.36261900067329406,0.5569497227668763,0.42201200127601624,0.7592990000000001,0.7370524525642395,0.34958341121673586,0.22177137434482574,0.2781089961528778,0.3466439127922058,0.5575096011161804,0.14707231223583223,0.4320263803005219,0.400996595621109,0.45763459205627444,0.5729230165481567,0.3235911846160889,0.36924,0.35114941000938416,0.40264620780944826,0.4086871862411499,0.3947747948,0.3179118990898132,0.7403117895126343,0.45584657192230227,0.8819941282272339,0.5716112136840821,0.1823093444108963,0.5080013394355773,0.2184244930744171
