,CAGR01 Calcite,F1CC06B Magnesite,HS433 Halite,LAZE03 Prehnite,bkr1jb329c Siliceous-sinter,GDS26 Epidote,GDS1 Analcime,NBPP22 Clinopyroxene,LAPP47B Orthopyroxene,LAPO05 Fayalite,LASC02 Forsterite,GDS27 Hematite,NCLS04 Plagioclase,LACL14 Chlorite,LAKA04 Kaolinite,LAIL02 Illite,GDS106 Margarite,c1cy29 Vermiculite,LALZ01 Serpentine,LAMO02 Montmorillonite,NCJB26 Nontronite,LASA58 Saponite,GDS23 Talc,F1CC08B Alunite,GDS145 Bassanite,LASF41A Gypsum,LASF21A Jarosite,F1CC15 Kieserite,799F366 Mg-sulphate
Category,carbonates,carbonates,hydrated silicates & halides,hydrated silicates & halides,hydrated silicates & halides,hydrated silicates & halides,hydrated silicates & halides,iron oxides & primary silicates,iron oxides & primary silicates,iron oxides & primary silicates,iron oxides & primary silicates,iron oxides & primary silicates,iron oxides & primary silicates,phyllosilicates,phyllosilicates,phyllosilicates,phyllosilicates,phyllosilicates,phyllosilicates,phyllosilicates,phyllosilicates,phyllosilicates,phyllosilicates,sulfates,sulfates,sulfates,sulfates,sulfates,sulfates
Sample ID,CAGR01,F1CC06B,HS433,LAZE03,bkr1jb329c,GDS26,GDS1,NBPP22,LAPP47B,LAPO05,LASC02,GDS27,NCLS04,LACL14,LAKA04,LAIL02,GDS106,CY-PLH-029,LALZ01,LAMO02,NCJB26,LASA58,GDS23,F1CC08B,GDS145,LASF41A,LASF21A,F1CC15,799F366
Species,calcite,magnesite,halite,prehnite,siliceous-sinter,epidote,analcime,clinopyroxene,orthopyroxene,fayalite,forsterite,hematite,plagioclase,chlorite,kaolinite,illite,margarite,vermiculite,serpentine,montmorillonite,nontronite,saponite,talc,alunite,bassanite,gypsum,jarosite,kieserite,mg-sulphate
Subgroup,calcites,calcites,chlorides,prehnites,hydrated-silicas,epidotes,zeolites,pyroxenes,pyroxenes,olivines,olivines,hematites,feldspars,chlorites,kaolinites,micas,micas,micas,serpentines,smectites,smectites,smectites,talcs,hydrous_sulphates,hydrous_sulphates,hydrous_sulphates,hydrous_sulphates,hydrous_sulphates,hydrous_sulphates
Group,carbonates,carbonates,halides,inosilicates,mineraloids,sorosilicates,tectosilicates,inosilicates,inosilicates,nesosilicates,nesosilicates,oxides,tectosilicates,phyllosilicates,phyllosilicates,phyllosilicates,phyllosilicates,phyllosilicates,phyllosilicates,phyllosilicates,phyllosilicates,phyllosilicates,phyllosilicates,sulphates,sulphates,sulphates,sulphates,sulphates,sulphates
Library,MICA_new_dirtree,MICA_new_dirtree,MICA_new_dirtree,MICA_new_dirtree,MICA_new_dirtree,MICA_new_dirtree,MICA_new_dirtree,MICA_new_dirtree,MICA_new_dirtree,MICA_new_dirtree,MICA_new_dirtree,MICA_new_dirtree,MICA_new_dirtree,MICA_new_dirtree,MICA_new_dirtree,MICA_new_dirtree,MICA_new_dirtree,MICA_new_dirtree,MICA_new_dirtree,MICA_new_dirtree,MICA_new_dirtree,MICA_new_dirtree,MICA_new_dirtree,MICA_new_dirtree,MICA_new_dirtree,MICA_new_dirtree,MICA_new_dirtree,MICA_new_dirtree,MICA_new_dirtree
Sample Description,,,,,,,,,,,,,,,,,,"LLANO,TX",,,,,,,,,,,
Date Added,,,,,,,,,,,,,,,,,,19-Jul-90,,,,,,,,,,,
Viewing Geometry,,,,,,,,,,,,,,,,,,"i=30, e=0",,,,,,,,,,,
Other Information,,,,,,,,,,,,,,,,,,,,,,,,,,,,,
Composition,,,,,,,,,,,,,,,,,,,,,,,,,,,,,
Resolution,,,,,,,,,,,,,,,,,,,,,,,,,,,,,
Grain Size,,,,,,,,,,,,,,,,,,0 - 500 µm,,,,,,,,,,,
Locality,,,,,,,,,,,,,,,,,,,,,,,,,,,,,
Database of Origin,MICA Files (USGS/RELAB),MICA Files (USGS/RELAB),MICA Files (USGS/RELAB),MICA Files (USGS/RELAB),MICA Files (USGS/RELAB),MICA Files (USGS/RELAB),MICA Files (USGS/RELAB),MICA Files (USGS/RELAB),MICA Files (USGS/RELAB),MICA Files (USGS/RELAB),MICA Files (USGS/RELAB),MICA Files (USGS/RELAB),MICA Files (USGS/RELAB),MICA Files (USGS/RELAB),MICA Files (USGS/RELAB),MICA Files (USGS/RELAB),MICA Files (USGS/RELAB),RELAB,MICA Files (USGS/RELAB),MICA Files (USGS/RELAB),MICA Files (USGS/RELAB),MICA Files (USGS/RELAB),MICA Files (USGS/RELAB),MICA Files (USGS/RELAB),MICA Files (USGS/RELAB),MICA Files (USGS/RELAB),MICA Files (USGS/RELAB),MICA Files (USGS/RELAB),MICA Files (USGS/RELAB)
Reflectance,---,---,---,---,---,---,---,---,---,---,---,---,---,---,---,---,---,---,---,---,---,---,---,---,---,---,---,---,---
900.0,1.0,1.0,1.0,1.0,1.0,1.0,1.0,1.0,1.0,1.0,1.0,1.0,1.0,1.0,1.0,1.0,1.0,1.0,1.0,1.0,1.0,1.0,1.0,1.0,1.0,1.0,1.0,1.0,1.0
903.28574336,0.99960053507592,0.9998402447863719,0.9996176986196916,0.9997366878486996,1.0,0.9915891382632459,1.0,0.98224009587425,0.9394258236352316,0.9919554337703441,0.9870833051590816,0.9860511586119598,0.9996425831159557,0.9982578344322838,0.9999676158396296,0.9981994119606665,0.99797725313997,0.9997042970463451,0.9991125599600402,0.9998017320407527,0.9953443895335629,0.9992177738563065,1.0,0.9995709637067302,0.999436931838131,0.9997230200980999,0.9899328489462542,0.999948522864304,0.9999496505716758
906.618278421,0.99935619118928,0.9994025124804788,0.9991356051131336,0.9995842179891183,1.0,0.9834834383874086,0.999621551674694,0.9641892380662477,0.8875596484995871,0.9843108068282599,0.9741102835910184,0.9734922756079416,0.9991446661688484,0.9970500147685044,0.9998560813338825,0.9966220223405987,0.995721697683312,0.99968751211446,0.9979656895088491,0.9990667350214754,0.9909380588648818,0.9981678667482365,1.0,0.9991865949981964,0.998891520956399,0.9994599886371427,0.980728014839887,0.9999759373314453,0.999651829004119
909.999291084,0.9993159823498209,0.9988176871889448,0.9986459895048345,0.9996434820341349,0.9999776586459104,0.9755351754988539,0.9985659843897096,0.9456482433027262,0.8430889871579047,0.9769982353102006,0.9606532099250819,0.9621415891756495,0.9985335372250627,0.9962015871839355,0.9997188683658997,0.9952943660193243,0.9934498640547983,0.9999509301140801,0.9968632932353371,0.9982072050155488,0.9866301946749247,0.9974815018028949,0.9999801926572498,0.9989109509510632,0.9983517708574969,0.9991831040869945,0.972273341062922,0.9999920626350632,0.9991763762291797
913.430570243,0.9992299250537542,0.9986778897672268,0.9983350150395762,0.9997844803405217,0.9999579159674002,0.9671137192596548,0.9973047528278893,0.9265579137339139,0.8028851170751266,0.9694348895902956,0.9460035146269348,0.9515174523093654,0.9980624081646103,0.9955391074493465,0.9994499074994584,0.993689384226661,0.9915914261762114,1.0,0.9962243297903742,0.9977068094385841,0.9823332903534966,0.9977299654370477,0.9997288918841999,0.9989049036106404,0.9977367938122217,0.9989265173362827,0.9647777588406349,1.0,0.9989766914336491
916.914016797,0.9991426427502547,0.9985259676686252,0.9983847004779809,0.9998065943741299,1.0,0.9577058328436054,0.9960808000074474,0.9066199506098884,0.7679058923511587,0.9614326973220515,0.9305641459391439,0.9414896763249194,0.997711951191829,0.9947767231839578,0.9990555291816238,0.9917047652938813,0.990548210622256,1.0,0.9956328514833054,0.9973179288199753,0.9785179880018685,0.9976333367659973,0.9992728749092847,0.9992911594339431,0.9969981543071417,0.9988738710032293,0.9575948964550474,1.0,0.9988011657182473
920.451653694,0.9993209637056454,0.99819770370098,0.9987571444668178,0.9997604108606276,1.0,0.9475143992412076,0.994846378979205,0.8862936407745592,0.7377280081429584,0.9531984677371327,0.9150309807768489,0.9325048009132888,0.9972413940089547,0.9938921919770355,0.9989040241142827,0.9897343215341954,0.9901321925439769,1.0,0.9949038963079746,0.9970695689962015,0.9751200963405573,0.9968013180704869,0.9986847972838577,0.9997671396441093,0.9962888848516674,0.9988090646129236,0.9507559502740055,1.0,0.998521702966752
924.045637162,0.999797037102281,0.9979536294718944,0.9992578377742303,0.999846399746451,0.9997368277057533,0.9372485415635243,0.9933615417489039,0.8661862927808648,0.7107710445208759,0.9451289284955452,0.8995699281606105,0.9255087055029719,0.9963654179040098,0.9934510320268215,0.9991337978993023,0.9881002139437903,0.9897204323115381,0.9995899906611856,0.9939317955698518,0.9972979354878516,0.9717188682595409,0.9958776671722561,0.9980901768421733,0.9998990077474085,0.9959409387961914,0.9984033001149966,0.9447142397576478,0.9999685820344455,0.9982027933367713
927.698269301,0.9998443913427979,0.997822084124753,0.9997557932373894,1.0,0.9990250052485371,0.9273596222714559,0.9914338353743191,0.8456689538752928,0.6869769348636444,0.9374341979392263,0.8831346523757557,0.9212731306166162,0.9951192986518208,0.994465652348862,0.9987576221238442,0.9862593142562418,0.9889722645123985,0.9988481853919732,0.9922109068826672,0.998051348038323,0.9684971666732521,0.9950609653049413,0.9974647596030632,0.9998808351634673,0.9961480567374729,0.9980263056114842,0.9390352443169364,0.999988853484525,0.997726121674479
931.412012249,0.9996976842157834,0.9976515977936938,1.0,0.9999468053141433,0.99840529017338,0.9179821597331387,0.9891641796145995,0.825424973632897,0.6658064960300027,0.9300931452863245,0.8658133017983523,0.9185439130746642,0.9939725715874604,0.995758520006442,0.9980972279460956,0.9846162393022562,0.9880662701542785,0.9979437823016186,0.9912321973576743,0.9992127157896671,0.965656875772075,0.9941658162474724,0.9962723855153308,0.9999230326814278,0.99627445798512,0.9979394583487468,0.9333895524298229,0.9999022419692037,0.9971103397697239
935.189504163,0.9996716778660849,0.9975219227847886,0.9997472784246182,0.9996337716799132,0.9978849145933497,0.9090883344389439,0.9867471231488528,0.8059965227299236,0.6477276020423564,0.9229069416836471,0.8481202395047456,0.9157228990425214,0.9929667437571839,0.9963690007280127,0.9976358831408092,0.9833469908195386,0.9872738404907028,0.9965695506885605,0.9916878698732818,0.9997717388642815,0.9629728519978632,0.993104967006995,0.9937341867473708,1.0,0.9955438562338478,0.9981111272783982,0.9282654387770695,0.9995284788281,0.99634207622816
939.033577299,0.9995405443784422,0.9976378299755261,0.9989340852019688,0.9995446712943818,0.9968521964520948,0.900393610446094,0.984338105564296,0.7867831272038228,0.6338500952092934,0.9156768142542828,0.830159672602845,0.912373285660639,0.9915340286093376,0.9969850674866304,0.9970933471445019,0.9818365733202898,0.9865152211833409,0.994146313652145,0.9920143694853839,0.9987038797967502,0.9600520313757528,0.9914761193579331,0.9888813399657898,0.9998117008034572,0.993872978212257,0.9981852216425398,0.9242371223807324,0.9988464560499014,0.99536513806884
942.947278561,0.9994845459396727,0.9975538807101951,0.9978488177929428,0.999582020049242,0.9958717614126168,0.891206764831389,0.982115126714994,0.7676789168346565,0.6226078736759594,0.9084380841542891,0.812049213863859,0.9089645086136879,0.9897557988993236,0.9974861475332812,0.9965495502223833,0.9803556445943644,0.9853974527792712,0.9913260858233116,0.991780445798891,0.9978879207990623,0.95737812049189,0.9877482597205812,0.9809447132684951,0.9990488410067323,0.9919816789904006,0.99764654869913,0.9199756970941939,0.9978114595785887,0.9944426429614471
946.933892918,0.9994274689530847,0.9974453695220644,0.9970628085008452,0.9996129697058178,0.9955594528276597,0.8818067463582612,0.9798481454611014,0.7486573819111758,0.6136144461167001,0.9009065395045999,0.7939885312007594,0.9064419148117112,0.9876680439779512,0.9975659583545163,0.9958986029254813,0.9788795048136525,0.9841622314685504,0.9895839836721791,0.9915470474351304,0.997810673132311,0.9552291224676213,0.9838685456808941,0.9734396274895284,0.9981884495064021,0.9903344792171681,0.9968082424529219,0.9155958726742791,0.9965439776823506,0.9935544080397996
950.996970209,0.9992916175735721,0.9975094797336549,0.9972669872999018,0.9996694052941818,0.9956970926736323,0.8730517984358543,0.9769540662077367,0.7301530368764023,0.6070331718015481,0.8930683679387315,0.7759297929829571,0.9060130135599207,0.9855577859107043,0.9975491887184296,0.9947719066149112,0.9771557193750978,0.9834077497637959,0.9899234166455093,0.9919026643428914,0.9977090344110299,0.9532528688245292,0.9829050677858467,0.9724203977366096,0.9975821656704875,0.9891330332411993,0.996114665694629,0.9114448434762579,0.995200494713792,0.9922810534499438
955.140355948,0.9991834550018671,0.9975394392825888,0.9983734707916838,0.9997780990348155,0.9956045688143368,0.8648613522706418,0.9726586542180949,0.7126151578406854,0.6028491677512547,0.885411060759693,0.7575834851816129,0.9082699590258434,0.9836529989339047,0.9981038528486081,0.993449944670104,0.9752739538090704,0.9828873903708161,0.9916290830271441,0.992912483893156,0.997148824784586,0.9511726073004428,0.9842227821162952,0.9787742396233962,0.9969691522288332,0.988333400994837,0.9952648684838724,0.9075248972863312,0.9938707701092079,0.9902319902842892
959.368226885,0.9991624780654182,0.997467524359873,0.9992087821789617,0.9998542449774329,0.9952035046015993,0.8559370657219346,0.9663622872136279,0.6957896870968847,0.6013968952894995,0.8782046220763405,0.7388993760732288,0.9124283863714217,0.9815854169693377,0.9991840190981298,0.9928578403883784,0.9736910816886295,0.9814622123042268,0.9929372485029239,0.994291784655167,0.9964391926599023,0.9493684538527256,0.9841424998107181,0.9853273802769039,0.9960248501263481,0.9875202287686625,0.9938404778400277,0.9043495728536523,0.9925416008295258,0.9875690488475708
963.685132242,0.9992077349935952,0.9974424582645863,0.9995372581261113,0.9999056737812578,0.9949018595076278,0.8462569647491728,0.958490071499198,0.679806072445372,0.602861989343828,0.8711862386343876,0.7201334656790058,0.9172775253226785,0.9794118119189327,1.0,0.9925311592218168,0.9725836798042442,0.9796849918574417,0.9938109087066279,0.9958557005801393,0.9959226186915205,0.9478110021394374,0.9836630995731025,0.9891766646959556,0.9945643443612302,0.9863732337740935,0.9926147498003396,0.901631156776203,0.9910352960579442,0.9847962500562055
968.096041789,0.9990125952498243,0.9974931483004813,0.9997338793890256,0.999808248178857,0.9949133326998413,0.8365394628304706,0.9510717053722957,0.6645429336588343,0.6070582217989501,0.8641830646107838,0.7011995980839599,0.9217170048843135,0.9768527468380027,1.0,0.9931576145482655,0.9717807626125331,0.9790228095365069,0.9944804632698946,0.9974877509878058,0.9953532654539557,0.9465134996220568,0.98425008136789,0.9906607048835642,0.9926559342801106,0.9848510326925022,0.9912359952429427,0.8995658679741864,0.9895240428329882,0.9821182082556131
972.606402173,0.998989192476382,0.9974884108425086,0.9997339084935282,0.9996940738986267,0.9952662722479579,0.8268492364407698,0.9484267160815822,0.6502091345650546,0.6136710063708836,0.8560760780172135,0.6825332493880552,0.9261727447685822,0.9739146872495659,1.0,0.9949425805078518,0.9708532415125799,0.9792410449503754,0.995069595682945,0.9988762785991275,0.9950905636956059,0.9457041290890444,0.9856168944760229,0.9904138677582103,0.9903342447074633,0.9837455576845808,0.9897862435010987,0.8988315119503204,0.9881406787018565,0.9795251524305464
977.222203311,0.9991188424378474,0.9972852859124286,0.9990157240685176,0.9997599664063186,0.9958132355494218,0.8181587354504519,0.9508346757344461,0.6367674828408572,0.6230507268477741,0.8475400746952452,0.6645619681597732,0.9310791600620036,0.9708608109597692,1.0,0.9966639470975696,0.9695936841636451,0.9794373125018907,0.9955243396008191,0.9997386949009472,0.9958914284174494,0.9450963886462221,0.9867059660546648,0.9893050407615581,0.9875167613948214,0.9836758296999787,0.9884019643683498,0.8987728977036524,0.986965340674263,0.9773118664392536
981.950057134,0.9989843993399059,0.9971041397876218,0.9982216026591509,0.9998875249749544,0.9964687353889693,0.8104891843632003,0.9557183717805234,0.624107570127619,0.6350171464652834,0.8393868631592526,0.6466873507863794,0.9362329923364089,0.9680471547026808,0.9998997627760104,0.9976273253740433,0.9681319153986679,0.9792565196723252,0.9958226238022854,1.0,0.9970251707390084,0.9445230304334118,0.9873403262306394,0.9884088258916282,0.9841400722798398,0.9845480846552321,0.9867361092219746,0.8982236168746475,0.9860827276447037,0.9761880101463932
986.797291589,0.998810224409527,0.9969636511259264,0.998425076149734,0.9998202596282618,0.9970233569273572,0.8027182510010911,0.9621294840504329,0.6121867832493438,0.6487033298007399,0.8312055839165627,0.62870816962784,0.9416567560153231,0.9652094118961472,0.9994399596330968,0.997883714863452,0.9665045000553035,0.9786302463949089,0.9960669355105095,1.0,0.9972266240583905,0.9444956672863991,0.9878383866059467,0.9879303184391466,0.9804607162874734,0.9860048158821596,0.9850889185849981,0.8977591240782303,0.9852646389237498,0.9761790229751328
991.720028203,0.9987465589714465,0.996757730957608,0.9989622477680746,0.9995324829061577,0.9972745267164844,0.7953922835424646,0.9690657419593021,0.6011986293880546,0.6641397845399286,0.8229334228860435,0.6113681476803654,0.9476403636377995,0.9616514276015707,0.9985118579186572,0.9977656127191153,0.9646603125222813,0.9775674275427155,0.9961643116477049,0.9999732119193029,0.9964228494379737,0.9450204815496077,0.9884492391792284,0.9872646695627202,0.9771257982039464,0.9876842521650576,0.9838308284051492,0.8980013061974357,0.9843171303955602,0.9767155380696628
996.671068522,0.9986377901193462,0.9967372497949731,0.9984801192697851,0.9991383523951083,0.9976157020174719,0.7883309441290101,0.975209510420391,0.5916791871701024,0.6820009138349845,0.8143973152856505,0.5950570384315962,0.9540315970549815,0.9576976872354062,0.9970153330969003,0.9981734547266127,0.9627922681432403,0.9756716871562295,0.9960175842355498,0.9998918649797287,0.9959865492211207,0.9455041179631642,0.9892841024197369,0.9863193763269397,0.9748616767062521,0.9894893234586131,0.9832268203130304,0.8984352157886336,0.9835324035512136,0.9774554218260084
1001.65061855,0.9982345045134211,0.9970200271796662,0.9976223661544276,0.998766413998685,0.9982238536829151,0.7807628959599915,0.980450570220989,0.5837423870957922,0.702288509787996,0.8060308685142192,0.5799873502853633,0.960318680235819,0.9540901113241878,0.9952017333447158,0.9984545397115845,0.9610508457861422,0.9730928693947215,0.9956412481874984,0.9996858795838776,0.9965998215203812,0.9461067020415954,0.9901197701992014,0.9857006521300122,0.9742647498447417,0.9913698037915266,0.9837979766468168,0.8993259619222953,0.9833263675846671,0.9782611052240479
1006.65888632,0.9973721427758524,0.9976127880531117,0.9976848432582879,0.9985815174856965,0.9986623014878572,0.773236095042084,0.9849741079571244,0.5773647779782921,0.7242814807573407,0.7978891219090294,0.5659595201775616,0.9661099731401502,0.9507423316097359,0.9931330386006796,0.9979560959643902,0.959352368446628,0.9706703931812816,0.9949015026166151,0.9991840607946991,0.9961795628660205,0.9472216808282449,0.9911159993721712,0.9854682252799924,0.9753880370412973,0.9929888430791013,0.9853229280500222,0.9009101635905307,0.9835154772899869,0.9795396770630286
1011.69608192,0.9967146287497628,0.9981121355071351,0.9981093613617944,0.9985183708260746,0.9987162289415894,0.7667964948676821,0.9882724573862276,0.5722668795164778,0.7475631986609959,0.7902865331185956,0.5531430545480545,0.9709681637018094,0.9472542699836746,0.9909003009332163,0.9976422127737962,0.9577060866550741,0.9682892519172541,0.9940091198771503,0.9986105906508623,0.9950132733042281,0.9484740904056145,0.992235956377193,0.9849104747850972,0.9780182663725745,0.9942141790187982,0.9873216937461854,0.9030018863793444,0.9834407683196215,0.9813709758712305
1016.76241755,0.9966528135053401,0.9984239287621032,0.9984427504079819,0.9984943576858951,0.9988987062083644,0.7622097779021175,0.9908895040337005,0.5682688950637048,0.7716312311620802,0.7832985719592079,0.5414469523711187,0.9749552509296151,0.9439728266624557,0.9884964294711216,0.9978964773394552,0.9558362630898719,0.9659632254748557,0.9934803810898656,0.9982169443559261,0.994221859847764,0.9497260808120391,0.9933849145891821,0.9838048414935349,0.9818726718044948,0.9952453440160208,0.9889908411501042,0.9053705982273821,0.9832391881345637,0.9834056532768208
1021.85810749,0.9968822199574914,0.9984702048338087,0.998104169818792,0.9986853159141027,0.9992494237774477,0.7581569312015135,0.992904064346714,0.5655180736044193,0.7962380797335391,0.7764403276227931,0.5303602783529533,0.978225905223702,0.9407770136413232,0.9857597994607494,0.9983398231474463,0.9535055586939146,0.9643096164308826,0.9930850912282246,0.9981688498872046,0.9937885078879096,0.9513921910900958,0.9940442984414407,0.9829413077747203,0.9865207587645203,0.996183489281862,0.9903481298276949,0.9080789795893376,0.9833260793702641,0.9854670111322535
1026.97288016,0.9971201881537696,0.9984955253913959,0.9971938905395424,0.9991071151340023,0.9992763404472782,0.7538819418238836,0.9941991586031593,0.5638792371343296,0.8205042360368774,0.7698644686902776,0.5203437937601496,0.9805664269554671,0.9375080645567933,0.9827353849271895,0.9986171041906633,0.951071472815927,0.9628677505900893,0.9927722937847596,0.9977885902090111,0.9939363767693326,0.9533377020897708,0.9945601561557731,0.9826292648729111,0.9911399196715659,0.9970116635982527,0.992102171037372,0.9113424646549624,0.9838350659166031,0.9876448854850939
1032.10649695,0.9971101530001558,0.998597991854332,0.9966395126250612,0.9993718308712704,0.9992855432315624,0.7502744799383408,0.9946256456686858,0.5634901078541129,0.8445325881273504,0.7630251486727899,0.5118888751308653,0.9820562307268054,0.9344662632347129,0.9794987465895763,0.9989914551269269,0.9490527908967331,0.9606904450085981,0.9927675211016664,0.9964415915579202,0.9942324100129384,0.9552981422831898,0.9954531153873502,0.9826491297185097,0.9943825127240522,0.997735105034089,0.9940017458538436,0.915187423424803,0.9845510887444863,0.9897809152526018
1037.25897753,0.9969993744739888,0.9986611197297388,0.9968571403410129,0.9994197760841426,0.9996515369296595,0.7472251746153765,0.9947382374376378,0.564417788023754,0.8683611563176968,0.7562350573118488,0.5049186579878266,0.9824844400774821,0.931410825668375,0.9763236431171052,0.999164464316521,0.9471459607424275,0.9581709546516052,0.9929698184143362,0.9948112638279457,0.9945354469375783,0.957555753895248,0.9961607609583044,0.9831350858472788,0.99645469969699,0.9984005414029135,0.9955387368928341,0.9193010008597705,0.9853729683761339,0.9918495358065472
1042.4303413,0.9966207762857224,0.9988276439353432,0.9974342176708004,0.9994785895344828,0.9999384163316906,0.7444486251573625,0.9954009493564615,0.5664421954300397,0.8912012847348806,0.750460196311586,0.49889497084272555,0.9820001421075725,0.928131482775035,0.9731986762343243,0.9993620484131162,0.9447540822160534,0.9559595544581382,0.9932990366024776,0.9935104216460736,0.994245540120746,0.959987665550376,0.9966290006383245,0.9838283792058152,0.9978444367137694,0.9989447290888628,0.9969871325135321,0.9235776477450003,0.9863576566624064,0.9938471372863806
1047.62060737,0.9962673403654481,0.9989069432187845,0.9975691387371195,0.9995539993945384,0.9999721463312868,0.7423708753583425,0.9960737048890406,0.5695132262749325,0.9125584478055228,0.7448684769727058,0.4937110810556786,0.9808965592780098,0.9249190928639599,0.9703348206702553,0.9995252537472834,0.9422388027043552,0.9540875558574513,0.9936655410153461,0.9917490681680249,0.9931840970841772,0.9624927076275371,0.9972299697478192,0.9839343080555754,0.9987401861019726,0.9992961891310166,0.997954178884164,0.9280660646503814,0.9875686296082643,0.995604232175831
1052.82979459,0.996177995939348,0.998867705800038,0.997413868883747,0.9995392659810863,1.0,0.7411864357125155,0.9960217176848329,0.5737646622965995,0.9320652287536112,0.739308482134646,0.48972060101614406,0.9790503813860771,0.9220134559937836,0.9671910614919891,0.999636254693694,0.9394271063708126,0.9521368577823508,0.9941885876160266,0.9895192522336754,0.9920106373779802,0.9651664606894506,0.9977559572297641,0.983330083625027,0.9992242360361006,0.9993690996564109,0.998492385967828,0.9322382183033646,0.9890333978515957,0.9970306491605955
1058.05208946,0.9958250042840239,0.99897130946112,0.9977813071363085,0.9996329795220602,0.9998718660428894,0.7405387718731584,0.9957088949703007,0.5793498989646034,0.9493631820506264,0.7342800641084347,0.486630449867184,0.9774672278399706,0.9193393791954985,0.9633371386683496,0.9997022671318492,0.9366687543387942,0.9499840792752228,0.9949078023477352,0.9881499183161978,0.9916907778187167,0.967844694208348,0.9982536416037762,0.9830902230110304,0.999425541192664,0.9993875733546066,0.9988726562131963,0.9365143399088186,0.9906339444695924,0.9981358103289952
1063.2810895,0.9957839877121973,0.9993104936363975,0.9986310294453665,0.9997071809327017,0.9997637522852846,0.7406095653664837,0.995538692786437,0.5861659351547446,0.9642717623131487,0.7299879831330462,0.48496309857252845,0.9761849553068689,0.9166149287850646,0.9599260473863297,0.9995879750596145,0.9343501197117198,0.9476087090996466,0.9957141399665149,0.986606920947231,0.9923810844877372,0.9705251350112493,0.9985661496401763,0.9833655625721114,0.9996586900421505,0.9996401365702402,0.9992692858555833,0.9411777911022267,0.9923119188886084,0.9989906754616614
1068.51675432,0.995696611507615,0.9996324223252215,0.9991888068422138,0.9997619991295486,0.9998658104635922,0.7416773390140073,0.9952245926917727,0.5939287829942475,0.9765489195871099,0.7260965912553962,0.4843986958168173,0.9747751494626514,0.9137250533680276,0.9572962226340757,0.9992712793064021,0.932478869731518,0.9448097514022828,0.9963384567938862,0.9850285422356229,0.9933973630343699,0.9735380198574254,0.9989713857814475,0.9838910859802019,0.9999069870354941,0.9999135126956392,0.9996830040041322,0.9455650305313543,0.9938579556776561,0.9995461805660523
1073.75904388,0.9959256187947705,0.9996482215724564,0.998709830348552,0.9999042945207848,0.9998895989824889,0.7435236026392144,0.9949079786829335,0.6025578036453696,0.9860292254398472,0.7226613838620807,0.48432414726570255,0.9733968910169055,0.9108541449061714,0.9544321476197261,0.9986115379272311,0.9309854233291913,0.9421298316192817,0.9968315086925499,0.9836195457127017,0.9940722851707634,0.9765353846479757,0.9994000583609336,0.9846053695103276,1.0,1.0,1.0,0.9496191638381422,0.9952460145166501,0.9999147430392512
1079.00791838,0.996620261033981,0.9995584411649859,0.9978187499148861,1.0,0.9999295851719621,0.7455963989948632,0.9946008845232713,0.6122386541990522,0.9928650937697174,0.719946359484596,0.4854177157286656,0.9724130689440963,0.9082307818412353,0.9513212280499992,0.998130322819785,0.9289154833597847,0.9397528345789249,0.9972617710871325,0.9819156074049515,0.9946662857303521,0.9792295920944329,0.9997388859071911,0.9850518156571753,1.0,1.0,1.0,0.9540481248652061,0.9965459643734961,1.0
1084.26333836,0.9969121659878831,0.9996548120798044,0.9972349309565187,0.9999661683632779,1.0,0.7479457854944483,0.9940692508591884,0.6228940331273881,0.9970888180492706,0.7178477706664576,0.48767590105758735,0.971830134235051,0.9056676924710849,0.9483697004081427,0.9982757282969269,0.9269830003733789,0.9379181400360926,0.9976227698824487,0.9802048922045536,0.9941284633071324,0.9820436772533694,0.9998224238615849,0.985221295468274,0.999812127301489,1.0,1.0,0.9583698212058654,0.9975735197982423,1.0
1089.52507305,0.9969452421298295,0.9997284700283172,0.9979013552651623,0.9999247571708505,1.0,0.751895943931279,0.9931935311664739,0.6342228703233498,0.9995084042982153,0.7155624617436711,0.4907581801266033,0.9712749411410861,0.903325616574158,0.9456732310548785,0.9991322884216192,0.9254979692277612,0.9368604569785463,0.9978480775657649,0.9788627680832349,0.9941650675247637,0.9847983652442884,0.9998146070019537,0.9857940481434683,0.9994505921775262,1.0,0.9998425029225307,0.9620633957867789,0.9984299508121789,1.0
1094.78823545,0.9966911101640027,0.9996195520829458,0.9988708686890215,0.9998969479636809,1.0,0.7569058994607966,0.9918047854051047,0.6463550279850191,1.0,0.7138392875280812,0.4945678900343782,0.9708273660433022,0.9013876780572619,0.943633846830577,0.9994575441302818,0.9238974211564118,0.936024961758753,0.9978863597772446,0.9780213439310905,0.9942506910419516,0.9870971604576433,0.9999680902045492,0.9868484476727764,0.9992006607119527,0.9994304053813409,0.9995308198159323,0.9657403508757859,0.9991393056619122,1.0
1100.05281299,0.996368541335724,0.9996238193237639,0.9990595375676562,0.9999826025714057,1.0,0.763016930578435,0.9896278886544675,0.659132072525156,1.0,0.7130305305812266,0.4988472777732272,0.9708178585019517,0.8994036186147877,0.9416312411915131,0.9993265925744674,0.9226147666400873,0.9354013947091592,0.9980037838496089,0.9772152048649769,0.9937207354194487,0.98930749378393,0.9999445392889428,0.9877329015644525,0.9990046128146826,0.9986846868245011,0.9996256075519034,0.9692401225987578,0.9996527167023955,1.0
1105.31879326,0.9962045824756963,0.9997992577564152,0.9992005336468606,1.0,0.9999568496248605,0.7701403092840494,0.9871028428091528,0.6722022662653366,1.0,0.7125853483320365,0.5033594407964644,0.971431387480305,0.8973871907037927,0.9393157991555968,0.9992672941604717,0.9216497395603255,0.9348729218873374,0.9982559701217593,0.9764974031255247,0.993300170051472,0.9914701821793264,1.0,0.9886951696587039,0.9987257489985285,0.9980050816366794,0.9998401329601702,0.9729725592093503,0.9999340984877213,1.0
1110.586164,0.9962210647599586,1.0,0.9993038381626108,0.9999850180115912,0.9998896792566777,0.777673559845791,0.9846035004535271,0.6855586332313662,1.0,0.7123618638346318,0.5078948780908119,0.9723153345382232,0.8954852103732425,0.9373083072486591,0.999360324039729,0.9209389607014783,0.9341967957289355,0.9988486339643379,0.9761149839965556,0.9926946860056376,0.9935551576328175,0.9997155574040871,0.9896752251552453,0.9985941707661096,0.9973353701016202,0.9997876628936794,0.9762820391294815,1.0,1.0
1115.8549131,0.9958831018366167,1.0,0.999463344971835,0.9999837196390973,0.9998066649662185,0.7851886982351526,0.9825537870228283,0.6990730859375653,1.0,0.7124417843070255,0.5127629232187744,0.9731532738537654,0.8935637031889353,0.9359712360036571,0.9996160634000456,0.9207321044285958,0.9330405572446672,0.9995975746450042,0.9759658503296319,0.9918230138372852,0.9958852128270855,0.9990761186015672,0.9905992654711283,0.9986114246941901,0.9967604256430171,0.9995127041647799,0.979187722867697,1.0,0.9998351387862605
1121.12502863,0.9959602578224176,0.9999690945459317,0.9992956311026591,0.9998818470838031,0.9994557837202757,0.7926747438115412,0.9804162536060387,0.7128258388696923,1.0,0.7124796632896855,0.5180004916542222,0.9740897953551948,0.8916530462948534,0.9353286070425282,0.9997575146332607,0.9204472913360052,0.9322613061236785,1.0,0.9751859003472,0.9909637395830947,0.9976007585695025,0.9983905694674668,0.9913708744451311,0.998937652446367,0.9967429929805557,0.9992845848682962,0.982054495823194,1.0,0.9993640183124468
1126.42117712,0.9961700740406713,1.0,0.9987628403443243,0.9996449465123733,0.9987878187025733,0.8002930763078349,0.977640965094727,0.7265971170060859,1.0,0.7128613476377704,0.5230464755569696,0.9755771364941279,0.8898676826045377,0.9347662762649882,1.0,0.9197063987372492,0.9321422291683238,0.9997926731692268,0.974679519287603,0.991012046986718,0.9985360573201217,0.9972866356737561,0.9922413802949657,0.9994029287625494,0.99633349282757,0.998804343403252,0.9850902200101093,1.0,0.9984909189159189
1131.75559815,0.9962350420817389,1.0,0.9985508052625859,0.9995324739263123,0.9977937056554291,0.808207488529551,0.9737576631139434,0.7400229571453965,1.0,0.713608626683765,0.5275176455450683,0.9779186599445052,0.8880235919855032,0.934020867472299,0.9997128163229917,0.918755060361992,0.9318791585126824,0.998854822488252,0.9744621849863864,0.9914256521093137,0.9994615172091176,0.9949693743081219,0.9931326129065868,0.9998524870938659,0.9944609321807971,0.9979784405923867,0.98759721900926,1.0,0.9974006084549897
1137.12876151,0.9963043920329714,0.9999298876015619,0.9981381889341934,0.9996001126662709,0.9963123688791762,0.8162751634809462,0.9679746099172782,0.7530963570260852,1.0,0.7148783755558271,0.5319167299820461,0.9807535942325774,0.8861502055562145,0.9331363311145207,0.999700776769416,0.9183999931883268,0.9315724431187578,0.9978350872055886,0.9745002317127394,0.9908615174607244,1.0,0.9913391745899138,0.993745992555867,1.0,0.9914455263713311,0.9968582686238755,0.9894629567729849,1.0,0.9956713100186798
1142.54114608,0.996510543927218,0.9999273599616402,0.9977123503055272,0.9996599087390693,0.9942522982684588,0.8247555694541739,0.9587152369899139,0.7660611567069286,1.0,0.7170895226714606,0.5364306704796155,0.9831288353592569,0.8843618322969419,0.9329729853545757,0.9997868070653374,0.9182099370776406,0.931597382401021,0.9967404892673121,0.9741565236762884,0.9896907617706021,0.999935290086581,0.9865805222982942,0.9941787399514487,1.0,0.9875372641510223,0.9952049566577521,0.9912530390219019,0.9995075158872447,0.9928524454034597
1147.99324008,0.9966663355090029,0.9998316157426633,0.9978081481167494,0.9995478794312309,0.9921202431775137,0.833830889461511,0.9433548640759846,0.778660190208229,1.0,0.7199151719552848,0.5406001667069621,0.9850770376238548,0.8825248355927311,0.9333748141556137,0.9994941246122083,0.9183043488612119,0.9321177997438453,0.9955293708454894,0.9736815990012654,0.9885508385695726,0.9995077578819622,0.98126530753652,0.9947568062134088,1.0,0.9824319163531947,0.9925730049407044,0.993138924399946,0.9981394864020864,0.9886984641074005
1153.48554133,0.9963567734366441,0.9997239098933911,0.9981513484766522,0.9994267436877846,0.9910120995581448,0.8434707782355575,0.9225818631886946,0.7906623565401535,1.0,0.7222304498564623,0.5445902409706027,0.9874137713267567,0.8807456538779467,0.9339480874029599,0.9994288750059379,0.9186336941439138,0.9327068932722908,0.9944790373870056,0.9730757889254295,0.9887973446449602,0.9989782668623985,0.9777685292535626,0.9953587095222046,0.9999611346726158,0.9751059659517938,0.9886408613004125,0.9946448478246489,0.9961076412246193,0.9833029691507391
1158.99647413,0.9957952862339632,0.9997760542594979,0.998725750825969,0.9993758115674812,0.9911937008218507,0.8528342464624791,0.905425762515757,0.8022077580659043,1.0,0.7236187730949678,0.5482962619589601,0.9898827128753003,0.878798521880124,0.9346225970053005,0.9996343186672906,0.9190580443502819,0.9331807376927852,0.9937188049754605,0.9731208619070284,0.9899320400490218,0.9990060756595718,0.9775030754897143,0.9958209811711208,1.0,0.9664053562272729,0.9839467448577919,0.99546899750743,0.9939378222784152,0.9773647429260865
1164.48107738,0.9959477370550851,0.9997971306261291,0.9996138827289577,0.9993428526810987,0.9920440018714253,0.861772696858914,0.9042208835562767,0.8132307875113028,1.0,0.7250098701959519,0.551257283247253,0.9919409540009304,0.8767226328284253,0.9355353591705726,0.9999432328627513,0.919590847203748,0.9336214974985848,0.99332637633414,0.9740307339702732,0.9906261678955334,0.9996448453614785,0.9797985118862549,0.9964671112272023,1.0,0.9599784551499349,0.9782768266851558,0.99596755443874,0.9920940836122731,0.9716045283606497
1169.93996942,0.9965648458326997,0.9998473189753087,0.9999434155191818,0.9993870513697007,0.9929820783767392,0.8713964522108861,0.9169650829386204,0.8238403460405891,1.0,0.7266886510654416,0.5535568664510898,0.9938927295411034,0.8746111512093265,0.9365840920594505,0.9999349500046569,0.9202609695921576,0.9340419566583485,0.9933822030136945,0.9747751382930837,0.9899157691381179,1.0,0.982714922497514,0.9971027529026283,1.0,0.9592624359051303,0.972345041947486,0.9966386658829947,0.990728685682992,0.9665276395868344
1175.3737451,0.9969132968071536,0.9999866475992595,0.9999096124662585,0.9994654907242296,0.9938814610139813,0.8820103599113779,0.9324904292583621,0.8335666645337562,1.0,0.7279094291851568,0.5556931729343936,0.9961102892518884,0.8729038562846525,0.9376363008120774,0.9996260744917517,0.9207630186806336,0.9345772048255638,0.9937906946633069,0.9754174490386128,0.9896015580766377,1.0,0.9854602251865168,0.997635847565033,1.0,0.9637981044220045,0.9676451308620142,0.9968983987684805,0.989576326578246,0.9630919304427378
1180.78297699,0.9965462491334048,0.9999890259096811,0.99942274134759,0.9995935710168583,0.9946513404346008,0.8933090695285982,0.9446556905268929,0.8426423774110319,1.0,0.7283510800150266,0.5576230170039876,0.9982643605870366,0.8714623303161685,0.9387511436380954,0.9997246574830344,0.921682514215604,0.936080559049921,0.994451180079308,0.976214638983564,0.9899305780797729,1.0,0.9878643827348937,0.9985952541718836,1.0,0.9700100852183898,0.9648765175716194,0.997259161791333,0.9884197156360165,0.9614868328743106
1186.16821657,0.9964218106759015,0.9998967908820592,0.9985066605904531,0.9996737037545731,0.9951386781969357,0.9049381633628061,0.9521116741227816,0.8511927102443702,1.0,0.7292375334025932,0.5593463258013595,0.9998341490321075,0.8697980065075673,0.9400494464298501,1.0,0.9235179118917312,0.9382130387175027,0.9952160647867889,0.9770670828215132,0.9905665509449275,1.0,0.9894828525177506,0.9996894316878959,1.0,0.9751525050412598,0.9631022613061652,0.9976281194274768,0.9872843062863728,0.9608510897738946
1191.52999524,0.9967738445085003,0.9997914220974811,0.9978066025617995,0.9997351049423338,0.9955175551174038,0.9163184148645391,0.9562985420489502,0.85916224538378,1.0,0.7298995643338482,0.5606618604346265,1.0,0.8679212952118265,0.9413672381263926,1.0,0.9250370246714609,0.9399505069417421,0.9961846967992845,0.9780747233041188,0.9920039559817996,0.9999192237221401,0.9908180516856053,1.0,0.9999818352634359,0.9785831970283342,0.9623383269192634,0.9980817641093886,0.9859928626729402,0.96050743616616
1196.89576018,0.9970795591854623,0.9995903372571245,0.9975145612768191,0.9997349568558886,0.996041999531809,0.926710487242458,0.9598000270164491,0.8668903681270721,1.0,0.7297712746815453,0.5620881181593589,1.0,0.8660985119391064,0.9430253436501085,0.9999044611134623,0.9260491437580874,0.9408860912335208,0.9976577551034286,0.9785977992547836,0.9937849762055759,1.0,0.992047596091892,1.0,0.9996724505658247,0.9808594312782897,0.9622209864315852,0.9987002873954777,0.9842054010386417,0.9604320233735002
1202.26638934,0.9974320315140817,0.9994945201897841,0.9983003921197807,0.9996055422709018,0.9966337701222551,0.9359101702020064,0.9649601587969533,0.8742103260869648,1.0,0.72910873529462,0.5635335562170881,1.0,0.8646431903120395,0.9450162594137566,0.9996851150010956,0.9272377343255899,0.9419010525534374,0.9991278720573968,0.9793218753807262,0.9962155494357495,1.0,0.9932465270413455,0.9997200388863391,0.9989334601527182,0.9824646190649368,0.9623817809289692,0.9991714740163509,0.9823324915334093,0.9607723747043109
1207.64185238,0.9973607601713318,0.9994734745199505,0.9988406710180743,0.9994437426982581,0.9971818713120872,0.9452216946982193,0.9704080990964817,0.8806474015130685,0.9999180573896208,0.7281467185960574,0.5647042068167685,1.0,0.8634590782002373,0.9471735722895152,0.9992146536906202,0.9287641382756041,0.9435263064139269,0.9996050177456164,0.9806848357232684,0.9987228081378788,1.0,0.9941160005170644,0.9995449344048012,0.9975625558689998,0.9841925746560717,0.963068148608544,0.9995435712212538,0.9810103864951558,0.9614625457661271
1213.0221192,0.9970102109622906,0.9991752381963478,0.998833754680604,0.9992889617154403,0.9976436788910759,0.954064198257882,0.974507925025984,0.8866486739112781,1.0,0.7273764560522634,0.5657267462635156,1.0,0.8624619152684226,0.9493030983205378,0.9990951514740634,0.9306827554687015,0.9453835166972083,0.9997412462785803,0.9818962154398776,1.0,1.0,0.9952992148320281,0.9997902240199024,0.9956342422360079,0.986572284655397,0.9652084172518243,1.0,0.9797615242293161,0.962066876798164
1218.40715994,0.9971272777915066,0.9988668155353768,0.9983987967776121,0.9993085520011059,0.9980250373821679,0.9622169135713824,0.9774409594177522,0.892332386069414,1.0,0.7263663853469687,0.5669152307647121,1.0,0.8614107930621911,0.9512126652768478,0.9984760338942811,0.9321398132071851,0.9471262103064129,0.9999654902423105,0.9828105315589898,0.9999032555073915,1.0,0.9964078091803272,1.0,0.992778335209364,0.9890258224686183,0.968042453578537,1.0,0.978342939086654,0.9624507683983754
1223.79694502,0.9971962166249784,0.9988568453554477,0.9977680107003591,0.9994762538529217,0.9982470994191761,0.9700879202498653,0.9794804351639489,0.8977240185192943,1.0,0.7246435036034651,0.5682343920119526,1.0,0.8602201204005119,0.9529896066723569,0.9970539364034763,0.933228063631072,0.9486040160199097,1.0,0.983093805990564,0.9991493642842041,1.0,0.9973908474163482,0.9998550595786578,0.9890109204879626,0.9912084914035144,0.9702060362161377,1.0,0.9768502850069201,0.9631459400232856
1229.190873,0.9971834733856046,0.99899449888498,0.9975183723001806,0.9997672752282939,0.9983595273049102,0.9771027297823952,0.9804297585217087,0.9030533900796395,1.0,0.7226381019820732,0.5697707581522863,1.0,0.8592691592961665,0.9548668689058926,0.995252913099734,0.9347005540808403,0.9502121745721946,0.999961897946043,0.9830156978565532,0.9985818767285628,1.0,0.9980604373499952,0.9994691189736595,0.9851885890957458,0.9930024513135898,0.9719186271565387,0.9999993295277206,0.9756274778327158,0.9641898977127186
1234.58829679,0.9972425588551977,0.9992327838522221,0.9971477558968943,0.9999496753933247,0.9984368796085953,0.9825714337600989,0.980887410936509,0.9080187791517104,1.0,0.7212525661786356,0.5713714539572589,1.0,0.8584210513712475,0.9567645894518334,0.9937387420685703,0.9361344288891136,0.9519670704773925,1.0,0.9834523144663319,0.9991962599133919,1.0,0.9987192326200167,0.9995678230336386,0.9818785781400331,0.9944677016776957,0.9742287302423601,0.9999395423753051,0.9745682390227054,0.9652973262973009
1239.98919257,0.9976247251548844,0.9995672483511029,0.9970427585122096,1.0,0.9984796647791335,0.9871151796757219,0.9818194175811484,0.9126536154211871,1.0,0.7204749047271957,0.5729930921168184,1.0,0.857473174758293,0.9586704741359561,0.9926728692430232,0.9374915134521149,0.9540303743063625,1.0,0.9844185752575888,1.0,1.0,0.9991174662573129,0.9999190994978394,0.978831941205286,0.9962038676385815,0.9773881418237537,0.9999555966195195,0.9736200779501826,0.9666198711186103
1245.39353673,0.997846486427308,0.9997499880453861,0.9974424823063803,1.0,0.9985421055576003,0.9910274814647508,0.9832350130384012,0.9174519177794553,1.0,0.71923802137221,0.5746544453620788,1.0,0.8566320170448926,0.960431050088492,0.9927066743628746,0.9392040346068691,0.955936958510061,0.9998030653053444,0.9857200149362267,1.0,1.0,0.9993875004115513,1.0,0.9754993625126386,0.9977140458253778,0.9806340379967036,1.0,0.9727912463522621,0.9680684745497661
1250.80130588,0.9979013503001949,0.9997755387068668,0.9981710533737406,0.9999784712493093,0.9987693997035021,0.9944300620604443,0.984513880108564,0.9222042953865691,0.9999579956562747,0.7177905742244652,0.5766060887423258,1.0,0.8559601666109462,0.9617808869777993,0.9933624169858605,0.9408494456813784,0.9573159706264686,0.9992086437855111,0.9873534666540773,0.9997138044341781,0.9999413898274757,0.9999508899983031,1.0,0.9710785300172028,0.9989290294423857,0.9834035743253032,1.0,0.9718762445622791,0.9695819482219006
1256.21247686,0.9980989112600652,0.9998539498516339,0.9989418504678527,0.9998805671063917,0.9991873110702991,0.9974266037117969,0.9850653522507845,0.9265799594817316,1.0,0.716150050961188,0.578953395354958,1.0,0.8553550608246513,0.9631382561804235,0.9940870425613236,0.9423657724588681,0.9588573045513168,0.9984775489817963,0.9886451129473149,0.9997484595932531,0.9999611202534604,1.0,0.9992874177128717,0.9645515850604244,0.9998177980067052,0.9858275636869139,1.0,0.9712154611251148,0.9710994646637173
1261.62708732,0.9980734626148615,1.0,0.9997126001062782,0.9995130993825748,0.9996051439471019,0.9994448176541832,0.9852666301921134,0.9305939313325274,1.0,0.7146133928528996,0.5814918103774168,1.0,0.8548680154912085,0.9649055867005405,0.9941042571093993,0.943614113847289,0.9608774295021962,0.9979415890467428,0.989217859919597,1.0,1.0,1.0,0.997304353845062,0.9568804226776036,1.0,0.9878035547688503,0.9998487218707405,0.9710627298056688,0.9725755503050144
1267.05580532,0.9978497529233042,1.0,1.0,0.9988784233573605,0.9999192218400262,1.0,0.9853364245705325,0.9343331305904514,0.9997108625026302,0.7129029031085226,0.58406129225056,1.0,0.8544344723820448,0.9667870819552463,0.9933113274940127,0.945026679351755,0.9629097429150186,0.9973770537313256,0.9894318072748265,0.9992930050958992,1.0,0.9995915804334022,0.9934654995136838,0.9529768213929054,0.9997643072221825,0.9891639535173664,0.9999478296072318,0.971346459029877,0.9739549818295435
1272.49861965,0.9976372927560315,0.9998837830569444,0.9998409728117936,0.9980472216073069,1.0,1.0,0.9850005836449375,0.937981306021321,0.9989699223005956,0.7109756823967597,0.5869305151218577,1.0,0.8541274658328073,0.9686271815666083,0.9915047487779259,0.946541927049982,0.9647989272635419,0.9960285542238857,0.9900640179336555,0.9986635476010278,1.0,0.9986685639698382,0.9889645511475434,0.9566854239466608,0.9996222973222078,0.9901655407985506,1.0,0.971730995613284,0.9751851734442267
1277.95551888,0.9973970815799607,0.9996397458008668,0.9995143149575868,0.9969740135819359,1.0,1.0,0.9840230525872434,0.9413672720068386,0.9978957151348345,0.709335277667543,0.590126194589334,1.0,0.8540560097098447,0.9704645227677231,0.9893773803843046,0.9479832786826925,0.9668527610018118,0.9943655739948808,0.9903317778219982,0.9987360477601859,1.0,0.9981693925215608,0.9870300410905637,0.9661851133340884,0.9995301080525066,0.9909835916651526,1.0,0.9720202840716182,0.9763079063175252
1283.42649147,0.9974347586353739,0.9997029644861802,0.9990887003216241,0.9957810596049695,1.0,0.999854849019565,0.9819604914293646,0.9448275938616882,0.9964148571116384,0.7080329231414534,0.5935696613950214,1.0,0.8542792771201265,0.9724041080875209,0.986894407721711,0.9497449249438016,0.9688041713459716,0.9941462173361169,0.9909715026884431,0.998036155831917,0.9999956065372465,0.9984754964800333,0.9897322235596506,0.9778060103702648,0.9990863683032638,0.9916236778822888,1.0,0.9724007858688039,0.97735311235854
1288.9115257,0.9977245043744926,0.9999397191722603,0.9987884488200476,0.9950814420948519,1.0,0.9993417692570187,0.9789481844856459,0.9483986775005503,0.994877579734321,0.7070638862085633,0.5972658020790688,1.0,0.854881415854117,0.9741362366643315,0.9836521270282503,0.9515760730696017,0.9701487623148061,0.996457263020704,0.9922626577392967,0.9970312451496489,1.0,0.9984450054668714,0.9925312875496869,0.988376323169968,0.9981814584339836,0.9922227378299433,0.9997904647785649,0.972885935582281,0.9781717118407275
1294.41060969,0.9978837088660383,1.0,0.9984278363445829,0.9950200812273622,1.0,0.9988439871129727,0.9755043012672197,0.9516663242129249,0.9932673674308011,0.7059060077569559,0.601622383697661,1.0,0.8556320851393058,0.9759457183576705,0.9794306785975894,0.9529800857014279,0.9713892632589836,0.9988989833106182,0.9939555175479962,0.9961667071005776,0.9998853960017341,0.9969778756704303,0.9925897398931919,0.9954561413649166,0.9969470509068747,0.9923652892470776,0.9997912315669157,0.9732369558106273,0.9787408456321216
1299.91690127,0.9980286068581616,0.9999224251274167,0.9981116471690133,0.9951253554772257,0.9999829009235415,0.9974866238675123,0.9720675631303747,0.9547811336655722,0.991223078421202,0.7043953880348733,0.6063550062925721,1.0,0.8563363302861393,0.977910484659511,0.9751456432737222,0.9545657340034701,0.9728797338966328,0.999980739942703,0.9952450510800841,0.9951329053589952,0.9997158842510615,0.9954968168458519,0.9926155808428075,0.9989852350365632,0.9950858424453985,0.9919999848932793,0.9998303578252626,0.9735217415345693,0.9790674277624449
1305.42577023,0.9975490046696279,0.9998141474843557,0.9982198694521816,0.9952792914548664,0.9995812977394798,0.9954237635382818,0.9684416812912047,0.9578935575336186,0.988840551874297,0.7034266261457784,0.6109886349663426,1.0,0.8572360782158517,0.9798385265209667,0.9714669219488204,0.9565037247840064,0.9746910145352666,1.0,0.9956831249969998,0.9949949612727451,0.9994335268114912,0.994097659671111,0.9940154288048019,1.0,0.9924324246428781,0.9910495358737891,1.0,0.9736303184609626,0.9791128515678631
1310.93719838,0.9973918642447682,0.9999329475486008,0.9981036313458067,0.9956676020141236,0.9986170225281622,0.9929638074482864,0.9638702489668927,0.9609372577051923,0.9863304568673351,0.7030752170097077,0.615753787462249,1.0,0.8583970303969953,0.9817339682100201,0.9685286115018735,0.9581614700830043,0.976485145230705,1.0,0.9960219153229866,0.9950169846326989,0.9987547661036005,0.9917174886539244,0.9947900764981081,0.9990982338079776,0.9890849845346845,0.9897023481452133,1.0,0.9734848359864123,0.978866777471443
1316.45116775,0.997579230789943,1.0,0.9978800458417788,0.9961339135528826,0.9969814754274184,0.9908318007535332,0.9574724929214599,0.9639742375282364,0.9831289849852328,0.7025309360626083,0.6209814308753869,0.9999846192233289,0.8596546544837046,0.9837552211546601,0.9659351436283934,0.9593305454743587,0.9780473591673828,0.9998334610523796,0.9970143627708963,0.9939354944664082,0.99761390760189,0.9877310792323643,0.9942029167063335,0.9955979842703461,0.9848753614920567,0.9876892658146793,1.0,0.9730833791387493,0.9783872704193088
1321.96766053,0.9976054541075592,1.0,0.9979220383248039,0.9963409457307769,0.9946917611626986,0.9892799718249349,0.948343372997465,0.9667132108880032,0.9792917902085224,0.7018960927072982,0.6263347935953153,1.0,0.8609097968376602,0.9854505184972615,0.9632357256876405,0.960779017198062,0.9794577753094055,0.9994893732208131,0.9980537921052518,0.9929304645506788,0.9961716834810219,0.982574775437453,0.9936342401203094,0.9914300458303034,0.9791060596032651,0.9847911866255581,0.9998121991905924,0.9721309399527096,0.9776436609846679
1327.4866591,0.9974662047902936,1.0,0.9978216707545942,0.9964141968609005,0.9917199208199504,0.9877412393802747,0.9361271410560807,0.9692793634171436,0.9750597469794391,0.7015231024519486,0.6318830713670416,1.0,0.8620534496245702,0.9870353726329516,0.9607409486725759,0.9624613078971159,0.9806607340574832,0.9986999018807108,0.998448252040883,0.9923270921631181,0.9948157393029168,0.9769834156567544,0.9936332323510078,0.9875959465923609,0.9713859141828486,0.9810359146692744,0.9999560537261138,0.9704504168499151,0.9767257528334644
1333.01349556,0.9970797529682005,1.0,0.9978366702982572,0.9964265260891734,0.9881110677491233,0.9854610583721035,0.9213662238555296,0.9718008094936046,0.9705859017252362,0.7020756501561058,0.6383551613921865,1.0,0.8630797840297681,0.9886638055803013,0.9584127318106873,0.9643361713676237,0.9820596983382043,0.9969102132712967,0.9982838897049569,0.9920931953419508,0.9936764419252424,0.9713373876748909,0.9935877374277968,0.9820551157935256,0.9623329498014705,0.9765617706859256,1.0,0.9678269496326168,0.9756796141675301
1338.5688161,0.9966565757180686,1.0,0.9976253718935497,0.9964971960268392,0.9840119444691955,0.9828605877800788,0.9062288634220892,0.9742384161032632,0.9657390875033746,0.7032390104805734,0.6450951919099607,0.999843624518396,0.8643764826720596,0.9902500392823954,0.9554270239050929,0.965546541257152,0.9834441390240316,0.993840226714562,0.9977885776234596,0.991708638172962,0.9925218659889499,0.9656555966075885,0.9926527543331185,0.9776216441900151,0.9536196306517645,0.9714487412056564,1.0,0.9640875440201636,0.9744868901809184
1344.15282419,0.9960191058186708,1.0,0.9973365858654669,0.9964054634270728,0.9795608042424654,0.9807468472984455,0.8924976411679028,0.976293709310561,0.9600755776897991,0.7039518782915728,0.6518229114927526,0.9999447946971376,0.8659475450027488,0.9914909383278513,0.9509218585754926,0.9656445769583355,0.9844217422798115,0.9886794436163161,0.9967042267161894,0.9910072959226227,0.9912696730812359,0.9593838917867087,0.9909697042743705,0.9769938062023167,0.9475838024833831,0.9659391845281594,0.999944872879747,0.9593133698501268,0.9731839978719463
1349.76572543,0.9949703969441096,0.9996024953075613,0.9970113103729407,0.9961367003418189,0.9747956067838186,0.9793249111105786,0.8806867972766049,0.977889075715172,0.9534014858299097,0.7043789777370791,0.6583654362102047,1.0,0.8676237667975414,0.9918549159608149,0.9436919408765156,0.9659205063567807,0.9853024807192529,0.9802108931635088,0.9950918720043835,0.9896705243980598,0.9900066858360865,0.9522328434593955,0.9885250152024601,0.977775722469964,0.9446962395163687,0.9597960497413371,0.9994978008722131,0.9537806265989368,0.9717454060733636
1355.4077275,0.9935406259559106,0.9989696282481116,0.9964671034374574,0.9960376020909738,0.9690778749561112,0.9785379132222497,0.8709897913679577,0.9791553468631652,0.9464243927217707,0.7051717420255817,0.6650278496898124,1.0,0.8693104657343799,0.9917384112593552,0.9344111502765661,0.9663443883341861,0.985844556586463,0.9696903389536508,0.9921230939824072,0.9880395314875056,0.9886507718150308,0.9442220324450014,0.9847991214827939,0.9790764900183729,0.9428880847704736,0.9535324477306503,0.9992289279788001,0.9484141336694406,0.9701046593389665
1361.07904029,0.992553624346014,0.9981394944599501,0.9964616184168196,0.9954652155152852,0.960692397320283,0.9776559718792509,0.8633700052397467,0.9803992245015558,0.9397409530185328,0.7072318647599424,0.6723457276799043,0.9999849769624949,0.8711701271550735,0.9915777972844833,0.926903321990585,0.9677641913004498,0.9855050322099507,0.9607210448309376,0.9881046333135128,0.9841197875030115,0.9860298573757826,0.9355205136925571,0.978748129184177,0.9817879454119406,0.9401478824884377,0.94777197599075,0.9995284142336741,0.9434039751622458,0.9683216379911287
1366.77987583,0.9925851938994232,0.996905915203411,0.9964339111191465,0.9946430305233325,0.948049510212386,0.9761882419582101,0.8566028568673605,0.9824548801417777,0.9328314321294406,0.7099616877232461,0.6803639779806244,0.9993115854698954,0.8734185659347178,0.9910959584324845,0.9200273896913078,0.9690676843747819,0.9844228975123087,0.9501523964981201,0.9836129682660946,0.9785000749716434,0.9815122893258738,0.924252658319993,0.9694232525170176,0.98534371127334,0.9349793944786776,0.9425593531409557,0.9999220694409683,0.9385199676473112,0.9663309897624517
1372.46681289,0.9930325885608718,0.9956164061806396,0.996176757525504,0.9943774528258991,0.9325023708894208,0.9739689203279641,0.8487852885285616,0.9845974421534205,0.9254258160776965,0.7129814482543859,0.688494923691463,0.997458709976231,0.8762340573754711,0.989847288189393,0.9095236623764243,0.9694298308870829,0.9813255718387703,0.9272617406435564,0.9755253195691473,0.9729471231463734,0.9757931634425372,0.9063572348641818,0.9523494383257289,0.9867100517684463,0.9262871698995291,0.937694187948605,1.0,0.9333261871783122,0.9638329442165086
1378.13342967,0.9931596691741278,0.9934672289423359,0.9961515207542518,0.9942484555201119,0.9152418167761893,0.9709377725647272,0.8374387664051421,0.9862054236349105,0.9173765594027907,0.7159933893243384,0.6966231779765116,0.9945075625279907,0.8787552085397684,0.9859472991280451,0.8934461896079597,0.9689929656839738,0.9765677640613898,0.8828635290628737,0.9566368446871112,0.9658030940662984,0.9686573820467271,0.8764720513002464,0.9162478843890078,0.9848827861383144,0.913320346595145,0.9332000213991096,0.9996951392052424,0.9269684160661769,0.9604754874641106
1383.78010777,0.9931759417159944,0.9896105448529219,0.9956487138024624,0.9934135179681822,0.8949941668796569,0.9683941934505359,0.820804792795634,0.9877350829951964,0.90846431553624,0.7195749933445639,0.7046268997022244,0.9919263543408557,0.8809998471663784,0.9756295161090461,0.8743773240342118,0.9686474058657875,0.9692011057508699,0.8413210298191668,0.9301692711993168,0.9531185063526177,0.957204351441792,0.8272698279000299,0.8451148349923789,0.9801983594580604,0.8958734096979415,0.9291850584438504,1.0,0.9183926565357123,0.9560954357603663
1389.40721715,0.9931406446724853,0.9860239736646287,0.9943076947084009,0.9930041472602565,0.871543069828283,0.966976784384646,0.7989800102310008,0.9894274342062479,0.8970213312298678,0.7223912697876116,0.7124998011125632,0.9910887135032348,0.8834215853538538,0.9616730809419226,0.8556694056905133,0.9659485452198889,0.9556705723304737,0.8228855563687728,0.9134118623450522,0.9376570641897348,0.940431869412972,0.7736133515375212,0.7592214920660867,0.9730358808703207,0.8768456853144494,0.9252663034003721,1.0,0.9075506045492261,0.9502712197880724
1395.0151167,0.9929472747598178,0.9829557538938498,0.9933462699163529,0.9929343176528997,0.8458220291586483,0.9659285039054565,0.7714306935427961,0.990696142739352,0.8852402567611367,0.7244085548916616,0.7201710692448531,0.9908942805810678,0.8857295801609754,0.9604822241951114,0.842125730004415,0.9598928934363284,0.9315946291430335,0.8291670140123514,0.9127332868562227,0.9206355167640636,0.9187870894184699,0.7600367083227582,0.7443703273856364,0.962671984698436,0.8604409362066132,0.919649115589178,0.9997645406450301,0.8941017497718798,0.9425363023425627
1400.60415467,0.9932858041484759,0.9794389916993482,0.9921945390370676,0.9919277073889681,0.8211163415616337,0.9653055137768486,0.7363418501148753,0.9919956244826521,0.8773722362278134,0.7269103885312591,0.7286026784443647,0.990377703414305,0.8882940986575066,0.9689564272368658,0.8386366147244169,0.9534063210799316,0.8923727736723093,0.8496584197611421,0.926033585676446,0.9011406701797111,0.8933892694330309,0.7638525219344166,0.8151482715356726,0.9475000631310625,0.8459137436158084,0.9107592592975396,0.9994306558255909,0.8774367697028577,0.9327185405268289
1406.19775036,0.9937060484068996,0.9752555533870287,0.991380615802906,0.9906879387562253,0.8026508790530987,0.9649701405649994,0.6911525616846715,0.993676212599407,0.8717469953538034,0.7307960258893789,0.737822749716617,0.9894056680250447,0.8909659641049644,0.9753777012450671,0.8380657974319158,0.947912138195121,0.8497884910038923,0.8670754880130667,0.942216657994042,0.8823839763512152,0.8689573452771765,0.7575507483229253,0.8805372040456491,0.9255875838641772,0.8288421575165368,0.898434667001456,0.9998292759394191,0.8576365924986512,0.9210100804271951
1411.81328293,0.9937517722740999,0.9718752119484722,0.9913213562468932,0.9895603817057232,0.7935423438560458,0.9636203665725197,0.6391384033228228,0.9953175417287695,0.8650581276770741,0.7352474594291799,0.7470636234773278,0.9890708217425503,0.8940892949091239,0.9787015962723922,0.8313953161730614,0.9440418976221656,0.8362795265445001,0.8783354489153705,0.9558974556852047,0.8713470897306885,0.8502223043280979,0.7501805843476702,0.9125454517254346,0.894575270301336,0.8077146582247956,0.8827083094765433,1.0,0.8359083889297739,0.9081085592929711
1417.45083527,0.994047102291809,0.969460238413725,0.9908750261306571,0.9881113938933964,0.7923913126031374,0.9613243703689455,0.593311275469792,0.9963621893372355,0.8569768957099613,0.7395926614098592,0.7560151972067156,0.9896812841628211,0.8971127669075324,0.981259445480509,0.841232199623938,0.9438516631984427,0.8641393907215201,0.8837969232282774,0.9661653422211965,0.8733707633165141,0.8391898470103766,0.7505495114729372,0.9268089481058516,0.8481420428076668,0.7865515442714387,0.8641509450755432,1.0,0.8140529751515503,0.8953174171033059
1423.11049053,0.9948740200356337,0.9671350038101035,0.9903317909504379,0.9863154697395676,0.7958618531116498,0.9590992773291137,0.5705117972202458,0.9970645892491291,0.8487053375212494,0.7439433111480459,0.7649946262933652,0.9902521146899199,0.8999013743330683,0.9827986626776696,0.8800437505543314,0.948424008744272,0.9060262939956212,0.8865577069068934,0.9732515630146403,0.8867253296625128,0.8343278202507549,0.7589481029709482,0.9348699382040876,0.7896544845787208,0.7708665823992827,0.843917647469936,1.0,0.7936174344018347,0.8839956017754065
1428.79233216,0.9955014710763791,0.9651059453217398,0.9897409330657341,0.984107451815496,0.8013007128365589,0.9568694440627261,0.578131492220148,0.997683943490494,0.8398464567307382,0.7484971491268503,0.7741689948947443,0.9901753945418312,0.9028177590496039,0.9831365549930668,0.9139214760685161,0.955549523172787,0.9370539217497728,0.8889547905339491,0.9785758230348867,0.9030964424930692,0.8338362302324056,0.7714815931434298,0.9410570459701825,0.7632741373535129,0.7650904358269431,0.824019884423718,1.0,0.775559649052288,0.8750738069057211
1434.4964439,0.9957366061892421,0.9632662626959115,0.9886679581834258,0.9817027393573391,0.8073707477163965,0.9546260597799963,0.6081521733265268,0.9982589333027636,0.8303217512406402,0.7534294872472713,0.7836102718094715,0.9897927559382231,0.9056943379359439,0.9832225882581882,0.9355594319550782,0.962869375234302,0.9551186327382579,0.8917906686491086,0.9828168180872151,0.9173654639078391,0.8390607742218237,0.7846875612605533,0.9462659415776706,0.7785384808481837,0.770167890171337,0.8023979473780899,0.999365906748187,0.7597400401995302,0.8691810999675086
1440.21938683,0.9957441992115823,0.9615557041490053,0.987593836517507,0.9801297244198423,0.8132715933729792,0.9524450548509907,0.6466050693636923,0.9987665420125765,0.8200297484264463,0.7584612207747415,0.7928997901540032,0.9903842313294832,0.9084119594783614,0.9839949972175527,0.9487235783367527,0.9682079012843252,0.9665395753111544,0.8948484932252491,0.9863423851247949,0.9287323299003429,0.853476969118211,0.7966789671701806,0.9515068406325436,0.7999627081198375,0.7825691219660696,0.7781680285427384,0.9974140896631122,0.7458970591400473,0.8666555923500221
1445.9515979,0.9958033765626388,0.9598368305911645,0.9870900377161135,0.9782891025387713,0.8184322920771427,0.9497633934900817,0.6826160573071094,0.9992994253888292,0.8094001879633478,0.7638124052189247,0.8017455202905321,0.9907717815066956,0.9113022227708378,0.9852915056631577,0.9564540987783315,0.9718075537745685,0.9745200522192179,0.8979763075445755,0.98934882830785,0.9364072428245073,0.8735068811867552,0.8064514572238947,0.9573222126383027,0.8029812644644604,0.7983047782075945,0.7603098791691496,0.993716853196827,0.7335581759841353,0.8672402394273948
1451.69304835,0.9958444854953559,0.958427079852627,0.9870071005639447,0.9747352044537285,0.8227032770063245,0.9468086856591247,0.709571033598197,0.999795302428644,0.79871947881112,0.7689546751446721,0.8104563569021668,0.9904647987387492,0.9142384384059896,0.9875387364069739,0.9616452831770305,0.9748412076255996,0.9799031259250411,0.901218358241439,0.9916428169842145,0.9407211950748982,0.8901026794035636,0.8137889736584633,0.9625119575367667,0.7904517689777837,0.8151510256430938,0.7594811522192162,0.9874095076199593,0.7225967319152439,0.8697719379047932
1457.44370948,0.995925227662439,0.9573459762691987,0.9868843923510371,0.9692755920987581,0.8267015480388171,0.9439574915737887,0.7241174637852047,1.0,0.7879185321686138,0.7744314139465592,0.8191646116309739,0.9911343078262447,0.9169878133021839,0.9899799588123853,0.9662923923553077,0.9774545404116146,0.9832608842264651,0.9043534961612956,0.9932532869246693,0.9431105075237582,0.900208173826203,0.819065507160224,0.966355563586135,0.7734631400869763,0.8299719405771622,0.7706310985299942,0.9771217725700931,0.71299212764421,0.873308802472721
1463.20355265,0.9959363849493102,0.9564981253525952,0.9871001225639114,0.960645775418446,0.8319853160906684,0.9410893715066893,0.729362499714405,1.0,0.7766662581070897,0.7800452472773619,0.8280443252531415,0.9922838191390339,0.9195921072022638,0.9919617714039008,0.9698569098084203,0.9795316329838449,0.9856368994467417,0.9074617233381971,0.9943713940788277,0.9460391797268388,0.9068974617250917,0.8244960399598787,0.9691165427292023,0.7566236974672261,0.839662467010711,0.7818833501341222,0.9628471223913937,0.7044481732664191,0.877196978768298
1468.97254925,0.9962583550852881,0.9559042016427248,0.9878597967925461,0.9466419680261758,0.839652361830701,0.9377755833629304,0.7395733367301607,1.0,0.7654328887465365,0.7853129104479414,0.8371650986919448,0.9929730849385797,0.9222262803487072,0.993823949824198,0.9727732654974918,0.981339464221168,0.9878355889522031,0.9109080857517857,0.9949834355846313,0.9500082822472475,0.9135521297694263,0.8327912968585347,0.97179547206641,0.7304873597509126,0.8438264746597822,0.7897034370331457,0.9468391417928617,0.6970733465812575,0.8812865931072291
1474.75040717,0.9968225417447626,0.9553564009406124,0.9884968099538866,0.9288906213253016,0.8490079002472545,0.9333351420832219,0.76448931910823,0.999995673234394,0.7544558312764419,0.7910241053181082,0.8464114439214705,0.9937775537962482,0.924970029327582,0.9951901800759603,0.9757798172129059,0.9835651611443548,0.990251945926103,0.9147056704662456,0.9955008882785096,0.9555951522406134,0.921064342052486,0.8441550145235496,0.9747541529525644,0.6982183833781705,0.8465804066394382,0.7945564483141904,0.9336531945217388,0.6912940784524295,0.8859248601980672
1480.53455271,0.9968716531017888,0.9549210829632874,0.9893915585426666,0.9213572719699962,0.8588722131836739,0.928026401137693,0.7956200142991959,1.0,0.7430880808136068,0.7967516737149423,0.8554263640550916,0.9949118639318151,0.9279872511208094,0.9963842082366606,0.9784593531599922,0.9853920623617667,0.9921659611005486,0.9188629406208081,0.9967980835703846,0.9610007523022772,0.9286408327087676,0.8568404516952605,0.9779520918803508,0.7062760480984828,0.8542292316344564,0.796672177060402,0.9307895912435399,0.6871068309630447,0.8912939211423813
1486.32495713,0.9967433017855696,0.9546215200142144,0.9907484651164367,0.9332256057521228,0.868761359347048,0.9227626558138877,0.8242242707618672,0.9998799732141159,0.7317545188708034,0.8025453705535378,0.8642983821024138,0.9962759328665645,0.9310680602570156,0.9970950277774128,0.9803960881004042,0.9866009947855865,0.9934161762631947,0.9231187404883927,0.9979001208032561,0.9654844428790664,0.9354669557151046,0.8687611687389163,0.9809213171619997,0.763134766909571,0.8664195046625628,0.7963653602580586,0.9422764255680858,0.6836864841229682,0.8972520186948658
1492.12159183,0.9970493306856875,0.9544302161936357,0.991707414609246,0.9535404746428673,0.8783436037828442,0.9166401604387765,0.8484923962556635,0.9997383726530794,0.7204887818148794,0.8088457036021733,0.8729658080770025,0.9971047806618811,0.9340025669645177,0.9974705141020648,0.9818865639229892,0.9880029072757728,0.9940007529768111,0.9273050152386274,0.9985447222473975,0.9694044110955627,0.9414228560335722,0.8793809710124766,0.9829499704987731,0.8140995873450845,0.8785289070604971,0.7974906466547754,0.9585904444159526,0.6802076633849913,0.9035555708438091
1497.92442836,0.9974356516357433,0.9544582690621913,0.9919403894686637,0.9685330411632018,0.8875151947761483,0.9088690691102079,0.8684209628194207,0.9999066855207756,0.7091022310072367,0.8154619738064721,0.8810621413587686,0.9967446872934393,0.9365109734118567,0.9975808066508175,0.9828593893898626,0.9894103192981677,0.9936517941701024,0.9316211977798697,0.9991094721162199,0.972695611309982,0.9466684214727802,0.8890558984768735,0.9843909373291424,0.8470369076339256,0.8899662198888668,0.8051940171198999,0.9689294332765274,0.6764056677645068,0.9099076532320429
1503.73343845,0.997619532957446,0.9545067179711147,0.9924314285481416,0.9772128238839737,0.8962026114438303,0.9001104295749766,0.8844865064084803,1.0,0.6975681008044632,0.8220832671019105,0.8887689331160464,0.9961110174862364,0.9389969819951437,0.9969485498357865,0.9845439757319882,0.9907664588264081,0.9929303204526057,0.9361254976401265,0.9994456544211469,0.9757109591533719,0.951477657315519,0.8976850061265232,0.9855118916866774,0.873757041285954,0.9009160106770089,0.8177521142518981,0.9738783116050836,0.6720609100698862,0.9160559672059871
1509.54899004,0.9976911849826154,0.9547666380156555,0.9929237524328115,0.9824064976030452,0.9043723141164234,0.8909657372031708,0.8978420953400682,1.0,0.6861054527076055,0.8284863134642335,0.896208653484834,0.9960086466751221,0.9416068987820593,0.99651835478782,0.986668483815343,0.9920410312989668,0.9925932814433294,0.9408602655154139,0.9997333294023729,0.9787572931951103,0.9558069602002879,0.9056380982676923,0.9862631373534333,0.8990871744685568,0.9102913350811945,0.8293077257878089,0.9761173018877991,0.6670051249493051,0.92184015760243
1515.38336105,0.9976202088773963,0.9553384826230071,0.9930844567696216,0.9862404287531182,0.9120929129299195,0.8819048995703701,0.9096741158741999,1.0,0.6747666057990196,0.8352769441317779,0.903721880690484,0.9968038093660266,0.9440981268757891,0.9965457682145258,0.9882797344987503,0.9931298413161419,0.9918405600481472,0.9459390128020696,1.0,0.9808027545556005,0.9596265766111194,0.9129795213213768,0.9868044254355387,0.9197244812259505,0.91748320812709,0.8367853689106436,0.976347996188564,0.6614377109441504,0.9271947630176381
1521.23658861,0.9976843450700112,0.956190835243926,0.9932651777253645,0.9891746154004147,0.9193532171404838,0.8725423293512505,0.9207858824192836,1.0,0.6632714879601602,0.842096751141269,0.9109268545425131,0.9975847024847255,0.9465995298624393,0.9963040554430336,0.9893166337190878,0.9937442123336425,0.9907696308634397,0.9509989297331798,1.0,0.9829380166560987,0.9630939613540597,0.9197767042121334,0.9868140597458027,0.9348924901539215,0.9224647252875569,0.8401073655845133,0.975138168203346,0.6552424340836112,0.9320912720597082
1527.10870977,0.9977054994113393,0.9571704825347456,0.9940623069301018,0.991224322031013,0.9261377455469023,0.8629485093632876,0.9306029799315853,1.0,0.6519826955492811,0.8484452395304126,0.9180019782425417,0.9979801083610588,0.9491699450260288,0.9958692897279965,0.990335429281801,0.9939443504678139,0.9893858191052662,0.9560169271732941,0.9998556768126113,0.9849541913896137,0.9661124376597545,0.9263644355955385,0.9856716266263105,0.945781906334728,0.9256740700608375,0.840973460902567,0.9737900729715502,0.6485552137670685,0.9365516066732575
1532.99976154,0.9977492677394845,0.9582380465376317,0.9952837679968981,0.9927552815272346,0.9325039055420593,0.8533227577193502,0.9389760966036272,0.9998604115200829,0.640653568935599,0.8550622715476102,0.9250476753738832,0.9980749792035554,0.9513587885656151,0.9955805027979089,0.9916049565911929,0.9948580754465531,0.9878156588128576,0.9606481379733859,0.9996411079380917,0.9865234203906659,0.9687720512424739,0.9325928116300978,0.9841542434810914,0.9540590825176979,0.9280469302595672,0.8411610928910686,0.9725167444909489,0.6416636133223907,0.9406213197924513
1538.90978084,0.9979955942924252,0.9594989419224861,0.9962745722230499,0.9935520491280524,0.938512453951959,0.8455766167493196,0.9459385135933409,0.9999276352628532,0.629332136957842,0.8618298127995809,0.9317106041154368,0.99889114193496,0.9534912074926966,0.9954734748572149,0.992779151904753,0.9963392251769706,0.9872176019715573,0.9647093717050156,0.9995389301493711,0.9883651038779935,0.9714039377083735,0.9387441194694947,0.9840689121813028,0.9614186068591734,0.9311118837341094,0.843592685053068,0.9715155064729023,0.6349150403179182,0.944391757141376
1544.8387776,0.9979705099623496,0.9610399877848742,0.996540017637145,0.9942203680649757,0.9442251208027529,0.8436974655554376,0.9524378050013345,1.0,0.6183649339860408,0.8682571413782314,0.9379953817252226,0.999557440902798,0.9558111163660632,0.9957016542100002,0.9941293652902481,0.997055860600549,0.9880069895385383,0.9679829592928352,0.9996240052577573,0.9897358734150964,0.9736163550025765,0.9445789961294099,0.9862531076816389,0.9673565312932932,0.9360502137980165,0.8508245024998871,0.9713397350804035,0.6297152120224646,0.9479665055646055
1550.78660554,0.9978990881558729,0.9630037804831583,0.9968416183076095,0.9953102896131049,0.9495189927708454,0.8479876215700269,0.9586565309009961,1.0,0.6074071065790329,0.8744949581243053,0.9440651076764158,0.9995748714066259,0.9575924660469917,0.9960099475529456,0.9949691819402183,0.9973921723956496,0.9893035078391366,0.9707205680647039,0.9995906845343036,0.9898983865419997,0.9756436883029846,0.9498010915024981,0.9891644361781531,0.9720643614310633,0.9427731118038104,0.8626730608203227,0.9718797380712637,0.6281075814884505,0.9513270205237279
1556.75329898,0.9979550811786413,0.9651192290837806,0.9973300987492705,0.9961988319337676,0.9544166178085552,0.8560690209892335,0.9639722833264995,0.9998362561666668,0.5964282393251528,0.8804531690448284,0.9499257043536828,0.9997194131778848,0.9591753586553209,0.9962765897214971,0.9952204256439364,0.9976297306421157,0.9905717421713502,0.9726640543150664,0.999564143897309,0.9905553975873475,0.9776927063186626,0.9546695258653277,0.9913348005148632,0.9759496685483638,0.9498340395650157,0.8766288758521068,0.9733356208291979,0.6296266800310923,0.9544591633469629
1562.73889214,0.9981234115825197,0.9670734518395736,0.9979078245854005,0.996925566383837,0.9590176457726948,0.8649870996009104,0.968439350165118,0.9999172699205792,0.5856117592132067,0.8857910485183553,0.955439203741548,1.0,0.9609998129508166,0.9963846451683998,0.9959006730805016,0.9979310568780247,0.9912166035356935,0.9741645935551108,0.9998215146780596,0.9914976517911777,0.9797410468214942,0.9596153227693112,0.9926335873818686,0.9790406980942978,0.9563387326145205,0.8897392296098867,0.975996304483802,0.6320812608574671,0.9574465319704017
1568.7434192,0.9981141353531713,0.9691991791702579,0.9975942918257362,0.9974821134799136,0.9632387873045242,0.8730383111418552,0.9723206329851576,1.0,0.5749936313568037,0.891050555501429,0.9605576854481505,0.9998100867675379,0.9624473749741568,0.9966803045347138,0.9967629503530763,0.9980596242669075,0.9915179340780763,0.9758289853485433,1.0,0.9931472741854029,0.9817315724359846,0.9640828602800473,0.9934536031774011,0.9813551370785343,0.9621571976273601,0.9010354682782332,0.9789636969430804,0.6340798918367454,0.960342020675757
1574.76691423,0.9979618610663901,0.9715184061866438,0.9970671192394137,0.9979433693852932,0.9671087042476415,0.8801030681806857,0.9761987060987872,1.0,0.5642921820675352,0.8966751304433656,0.9655220035582879,0.9996554208240485,0.9638408469070917,0.9969751321169975,0.9974023944457151,0.9984894151901637,0.9923969358680341,0.977755091761666,1.0,0.9947727527959048,0.9834831659862056,0.9677349850456631,0.9942061484748251,0.9832467490413617,0.9673402502051355,0.9106660299401584,0.9819972772130239,0.635108086624011,0.9630998792795591
1580.80672696,0.9978281864544767,0.9736025148382658,0.997256238130527,0.9982156374269429,0.9707672014022791,0.8867106073473623,0.9802966641748675,1.0,0.5537829382959556,0.9022591922039421,0.9702193812133099,0.9998451993542625,0.9653003037172088,0.9976339935317774,0.9980884583777101,0.9992679295187089,0.9935893158006764,0.979712075296467,1.0,0.9951598618195677,0.9850806611068834,0.9712675596938412,0.9948404784296404,0.984684076382211,0.9717109977291147,0.9198003150253056,0.9846672426757337,0.6351482592578543,0.9657278421954836
1586.85843732,0.9979050684869711,0.9754358754767273,0.9977983999859309,0.9985184308060577,0.9741572505978782,0.8929536115155423,0.9843084617703313,1.0,0.5436244553371644,0.9078971912611382,0.9744424467553793,0.9999527532782744,0.9665655007251591,0.9983597944119893,0.9982660422599571,0.9996016251462441,0.9947995703473101,0.9814203544061884,0.99988140009263,0.9958540262162696,0.9864952376780781,0.9750337023157021,0.9951551399346734,0.9858768363015908,0.9751531325147751,0.9283046224929284,0.9872351176958276,0.6342930239399145,0.9683137841143938
1592.92202448,0.9983823572627922,0.9772117080950117,0.9978120432449922,0.9987906888548173,0.977291911081161,0.8985406728466492,0.987395575349507,1.0,0.533593224051564,0.9136375240934944,0.9781182143461301,0.999864914577819,0.96789662826537,0.9987644701841305,0.9987454797546537,0.9996744659920754,0.9958954784421612,0.9831788783912644,0.9996381063522626,0.9967443807127343,0.9878074008889893,0.9785634882660762,0.9953513475266056,0.9872822075261266,0.9785706478317643,0.9362273340959895,0.9898861363303528,0.6330208407282977,0.9708008148999816
1598.99746754,0.9992144628908127,0.9789738167350428,0.9971174213652892,0.9985093492464373,0.9801918752115246,0.9034324982267032,0.9893297289486529,1.0,0.5235718835435362,0.9191210838260211,0.981548157562255,0.9996521656545492,0.969604360947654,0.9993184117752889,0.9993603529380646,0.9995898075109363,0.9964676512493673,0.9848043222804742,0.9997546813415245,0.9981818922315797,0.9891518298675945,0.9817013444244458,0.9958134688974318,0.98838100051016,0.9826560443168724,0.9441390268591103,0.9922646260862724,0.6318890299151236,0.973272894775832
1605.08474557,0.9994259655911267,0.980794297997922,0.9966034488796934,0.9984739675587341,0.9828465339256821,0.9077187405661767,0.9912730337146746,0.9999952833009459,0.5135619153412473,0.9241207820289801,0.9850636014014128,0.9997353558206407,0.971358328196776,0.9995972132316957,0.9998301789659043,0.9994311284572122,0.9968194214008265,0.9860512412433468,0.999745367368948,0.9989599770778157,0.990266419989097,0.9844149130396461,0.9964934046294194,0.9886640029789171,0.9863633179469105,0.9520404414869436,0.9942091209570147,0.630936207870059,0.9756549513516548
1611.18383758,0.9991811060499999,0.9824856164184634,0.996681029493992,0.999007530280086,0.9852755028210759,0.911521950969583,0.9936613610582615,1.0,0.5039684253529118,0.9292554644738121,0.9880914996430961,1.0,0.9729705549356898,0.999633912626319,1.0,1.0,0.9977441340427717,0.9872334913556597,1.0,0.9994089209882848,0.9913064456931817,0.9865909739175973,0.9969531970496736,0.9898359338015261,0.9890832920526328,0.9597197117008003,0.9958346148464612,0.630856880262091,0.9779564149066065
1617.31109985,0.9989434000632614,0.984118879938933,0.9973070445736515,0.9993458162542713,0.9875221239622262,0.9146419372837848,0.9960790827714989,1.0,0.4948425825791759,0.9344816550699683,0.9905583271765581,0.999990260092694,0.9741201095201649,0.9995572665089923,0.9999041897727547,1.0,0.9987763814485878,0.9881826203936692,1.0,0.9991243241695908,0.9923017229290518,0.9890774026371132,0.9971265039745472,0.9914188416855696,0.9916207864536727,0.9669573668343334,0.9971432829403596,0.6318241919345118,0.9802133902979759
1623.47024896,0.9989887217714263,0.985492168293332,0.9976474240276814,0.9993765237688946,0.9896617315476797,0.9175712346625601,0.997922042495797,0.9997738359790459,0.48585262766965764,0.9395050841796625,0.9925434921970647,0.9995276537386286,0.974682916848436,0.9995450793528722,0.999533663436894,0.9996571858017752,0.9995229660682569,0.9888112523509881,0.9997308331566561,0.9983385134727605,0.9929760718215029,0.9915002619621817,0.9972315511440105,0.9926479732662705,0.994100839460036,0.9732930373475835,0.9981630287077337,0.6338734105773427,0.9824265245010709
1629.66154068,0.9990081572169939,0.9865725262721751,0.9975200597217887,0.9994506884575295,0.9916518652289293,0.9207962335197858,0.9990719526687669,0.9994973878623625,0.47727650700064456,0.9441583277789207,0.9944663180605987,0.999074355342771,0.9751089458617369,0.9996962783384841,0.9993200617406215,0.9994843674081945,0.9999820177054192,0.9895428824477,0.9997006151410021,0.9979810370187916,0.9936163445091448,0.993626299439291,0.9972567728049118,0.9935882712308259,0.996423569349765,0.9792583478337864,0.9988540875193828,0.6368980293625867,0.9845568539728471
1635.88523392,0.9994814791905275,0.9872940186214658,0.9969874958814018,0.999713761404192,0.9934373301619915,0.9239391997836806,0.9997983765191628,0.9995328310371233,0.4689988355089131,0.9490136985260196,0.9962865444155313,0.9989258548673441,0.9755027239541179,0.9998625702287639,0.9994064453273808,0.9998900204950435,1.0,0.9905183907937063,0.9998496483786898,0.9982606100923541,0.9944704463519246,0.99602350100755,0.9972455323908335,0.9944811880093496,0.9983010681251119,0.9849995175816472,0.9993899092217484,0.6411830387375745,0.9865477231529048
1642.14159076,1.0,0.9877745559403479,0.9961818367062117,0.9999494728920519,0.9948958878681774,0.9269693901188968,1.0,0.9998757415817089,0.4610590412642117,0.9535624670921461,0.9975606715808177,0.9988890924305802,0.9759477189797997,1.0,0.999779056502088,1.0,0.9999020292829977,0.9913370557232262,1.0,0.998473308359572,0.9953824644942592,0.9979542302183977,0.9973207463341461,0.9951240464317836,0.9993873742173854,0.990055532761922,1.0,0.6464650545419092,0.9883920566661085
1648.57498892,1.0,0.9885103199194489,0.9958958591464768,1.0,0.9961134469160645,0.9302025354649973,1.0,1.0,0.45332791118629584,0.9577423311751149,0.9986164174969934,0.9988629086012242,0.9764060269450381,1.0,0.9997740701560396,1.0,0.9999719016456527,0.992250925669423,1.0,0.9985259588469177,0.9959415804351724,0.9993933379339687,0.9973591242289761,0.994917765970802,1.0,0.9940534802400377,1.0,0.6515677309981229,0.990125499014845
1655.33520858,0.9997969049375228,0.9891796867368052,0.9961256150670015,1.0,0.9971691225650752,0.9332240448966623,1.0,0.9999963628975959,0.44557716856210083,0.962764181156878,0.9991759190104615,0.9987105753963466,0.9770690227986316,1.0,1.0,0.9996880953438886,1.0,0.9934565108672794,0.9999095448350288,0.9989350892195313,0.9965141124363845,0.9998752710677355,0.9973964419202751,0.9940230144451033,1.0,0.9972693769531679,0.9995957382166539,0.6558456127430855,0.9916480409670909
1662.47344048,0.9993748573920678,0.9896322148119806,0.9967788763082128,0.9996810579697869,0.9980317679056235,0.935608313778469,1.0,0.9996735553872805,0.4375560487650012,0.967838023000058,0.9995960357833752,0.9981739539179598,0.9776480269729817,1.0,0.9999483197268306,0.9989976831201288,0.9999226673998083,0.9946450559532873,0.9999121936874342,0.9995483999979179,0.9971103109524132,1.0,0.997361770499658,0.99228816339317,0.9999973403542346,0.9994289729732998,0.9985385766038085,0.6595352927027506,0.9928857636678804
1670.05561049,0.9993612336606121,0.9902406262188921,0.9973831515404911,0.9994597207634057,0.9986898084400068,0.9374363827614395,0.9994953681926169,0.9994576328683782,0.4291903663364706,0.9719722700165151,1.0,0.9974383323786894,0.9782545776134296,0.9997720445815812,0.9992612479215746,0.9980346174205295,0.9993826543603919,0.9954705908460911,0.999870240581818,0.999977290482201,0.9975091481970577,1.0,0.9967302555728307,0.9891574221334953,0.9989296692736188,1.0,0.9976131304189241,0.6631445519953274,0.9937288633587409
1678.16902352,0.9995217153450502,0.990748014370235,0.9968592121252468,0.9995372704868573,0.9993052005995251,0.9398253984554992,0.9981877054995256,0.999009519439187,0.4200455269781024,0.9759301729196606,1.0,0.9968418554135574,0.9794781664289586,0.9996615070517527,0.9994785967447378,0.9977450144620815,0.9988892811213804,0.99626583796681,0.9999374221494464,1.0,0.9979492560188438,1.0,0.9962754173062911,0.9852437602688876,0.9980693510844205,1.0,0.9976824570326391,0.6666458428223463,0.9943818767230611
1686.55255666,0.9995250224011714,0.9912459619803562,0.9961320666101758,0.9997159582966771,0.9998234807311124,0.9444708004488043,0.9967714144926508,0.9984482823804853,0.4108686096092518,0.9796319571808776,1.0,0.9974159412155017,0.9804053542804709,0.9997785544775082,0.9996361663289465,0.9980326008447535,0.9992338311495809,0.997178549622115,1.0,1.0,0.9984758110589457,1.0,0.9971921295983944,0.9808742966289032,0.9971177035055594,0.9988194846538166,0.9983887783193137,0.6701252238265701,0.9947076175696167
1694.9652068,0.9997653581299845,0.991807100018911,0.9962353728506136,0.9998359842353848,1.0,0.9510686759433596,0.9944254089522859,0.9977266338609198,0.4024003433969529,0.9830005778720845,1.0,0.9989730251600888,0.9812077032758626,1.0,0.9998583135214614,0.9986337046655267,1.0,0.9979880439727198,1.0,1.0,0.9991236504149014,1.0,0.9993611092029939,0.9758974062634556,0.9950397931492728,0.9938771115541994,0.999034416966897,0.673694546111949,0.9946049490998261
1703.40698655,1.0,0.9927698675840638,0.997180315823445,0.999984326276703,1.0,0.9557021018904769,0.9904177303347023,0.9967963979963702,0.39477471324713714,0.9861979651867204,1.0,1.0,0.9821628207967129,1.0,1.0,0.9994524089219866,1.0,0.998707384319796,1.0,1.0,0.9998590873902643,1.0,1.0,0.9694004541070201,0.9909780546478016,0.984386003969195,0.9997530132623904,0.6776139514993919,0.9944306879475662
1711.87790799,1.0,0.9936671578910232,0.9981112502265661,1.0,1.0,0.9585649028708148,0.9836067405748986,0.9955586022765727,0.38741390896890093,0.9891938203293265,1.0,1.0,0.9827467126902648,1.0,1.0,0.9999156413435055,0.9998856320698803,0.9993786787516011,0.9998690193867358,1.0,1.0,0.9990247664646641,0.9989504206690997,0.9594728385052108,0.9846685663561414,0.9705451022060072,1.0,0.6824227208101414,0.9944725306094092
1720.37798277,1.0,0.9944524170603553,0.9987297576235632,0.9998047974655635,1.0,0.9621332714370617,0.9742675621786587,0.9940304299015363,0.3803067572676835,0.9918487236220979,1.0,0.998839381536633,0.9830456378489847,0.9998169803427158,1.0,1.0,0.9994399505603742,1.0,0.9998791800100139,1.0,1.0,0.9971846890445538,0.9976531727083217,0.9442617878642209,0.976388997176178,0.9531151440942284,1.0,0.6888528289121301,0.9946507172080599
1728.90722205,1.0,0.9953720532305106,0.999269677974723,0.999421467760169,0.9995100162497734,0.966662362403706,0.9618437356229214,0.9923079081661346,0.37350158506522896,0.9938347637726458,1.0,0.9982043683333452,0.9833578373709206,0.9998931095310886,1.0,0.9999131017246237,0.9996176312977262,1.0,1.0,1.0,1.0,0.9945538272729723,0.997662122853134,0.922890740606633,0.9661180833766982,0.9341580831855706,1.0,0.6966152008824635,0.9948800333989136
1737.46563653,1.0,0.9965029445836701,0.9999138417798324,0.9990504076988838,0.9986180298438703,0.9712630684707249,0.9452651848250219,0.990007606473774,0.3669659275065839,0.9954187848678371,0.9999986777022564,0.9990526994863878,0.9833951704494057,1.0,1.0,0.9999945300563978,1.0,0.9999697701881014,1.0,0.9993630754927296,1.0,0.9910756934604094,0.9990928443972058,0.8975291163081227,0.9546139456574378,0.9165805005889516,1.0,0.7053246359489699,0.9952330113772127
1746.04891596,0.9999048948597917,0.9978443767982114,1.0,0.9990006853285966,0.9973064422366537,0.9748824907097391,0.9237289160304887,0.9869058216474909,0.3608661336858655,0.9973301957906693,1.0,0.9993369334883064,0.983118672602992,1.0,1.0,1.0,1.0,0.9997573432784429,0.9998947288622015,0.9986669712465455,1.0,0.9871547036963139,0.9999183628218182,0.8718628756167831,0.9434443746587338,0.9047293911057637,0.9999309290709948,0.7150355200957239,0.9958225893870426
1754.65358123,0.9995537673998591,0.9989395782991487,0.9998828846094644,0.9991795872295559,0.9956331181050262,0.9770971453322667,0.8988831960972722,0.9838738508325282,0.3552372498958245,0.9989018628177001,1.0,0.9989307513645673,0.9825148052832454,1.0,1.0,0.999883953348893,1.0,0.9995934992042274,0.9995954384536117,0.99851377065528,0.9998797791483487,0.983012073891983,1.0,0.8519351119616603,0.934357015031711,0.9022076648125067,0.9995332729973782,0.7255095221521921,0.9967266096968465
1763.27958128,0.9992593581724754,0.9996307290582916,0.9991018836891497,0.9994745123448395,0.9938995439895368,0.9788285003513902,0.8738733447260619,0.9806106062715887,0.3499246407671663,0.9996684485039651,1.0,0.9985753277881414,0.9818915500330583,0.9998370687104273,0.9997002965020675,0.9999602008803942,0.9998210213136267,0.999698913278272,0.9992710132399181,0.9982721763640452,0.9997482738704485,0.9787462843500483,1.0,0.8428995022160558,0.9287103530942377,0.9076560961623064,0.9988917971976388,0.7362112859804947,0.9977086767791224
1771.92686491,0.9994453907419633,1.0,0.9976795310712093,0.9996843465378504,0.9924672755714894,0.9804779893054808,0.85216354905809,0.9770674572039528,0.34500870149696267,1.0,1.0,0.9986860872970613,0.9813853309727262,0.9998039601449028,0.9989501111369334,0.9998862666757958,0.9998817396154256,0.9998518527756108,0.9989232156805838,0.9977871625299728,0.9997029362384675,0.9746155279043816,0.9996534799235252,0.8503263321385707,0.9274173509219058,0.9160357397415274,0.9983043950261875,0.7469252370362315,0.9985263791843997
1780.59538078,0.9995263597252482,1.0,0.9961002263922941,0.9999078224504173,0.9915216615206309,0.9834283537012721,0.8373176996390208,0.9731523028182665,0.34033641250627505,1.0,0.9999288457574494,0.9992278811692243,0.9810600467807749,0.999773208809345,0.9979271655388442,0.9997407300512376,1.0,1.0,0.9987508878745588,0.9974693277004505,0.999159842628352,0.9706539637574455,0.999755153766666,0.8759430854901252,0.9307358904097139,0.9262016028020768,0.9977603829255126,0.7578488827010896,0.9991905813045452
1789.28507741,0.99922707341199,1.0,0.995540659390605,1.0,0.9911899158030885,0.9867420749016638,0.8299674693974846,0.9689861658403456,0.3360137912946973,1.0,0.9999935438299917,0.9994983282548856,0.9808798672983717,0.999964493810006,0.9966758035464928,0.9997130357821286,1.0,1.0,0.9992001078538612,0.9971909626310845,0.9985853940023741,0.9669212872419579,1.0,0.9133555373468388,0.9387005002760734,0.9392967644670196,0.9968518084469596,0.7689122589716778,0.9996934661958192
1797.9959032,0.9988061411585318,1.0,0.9957734035159523,1.0,0.991273030768066,0.9865456494130457,0.8278037669660823,0.964833472819435,0.33218128827915544,1.0,1.0,0.9989461045020693,0.9805225634124715,1.0,0.9960029026622702,0.9999890100692869,1.0,1.0,0.9997632691640345,0.9967070399267511,0.9977603061019509,0.9633459772201101,0.9999028111208349,0.9500870685590875,0.9495368626391304,0.954067820011789,0.994885477879404,0.7799397960171447,0.999978986351179
1806.7210252,0.9988570365662295,1.0,0.9957481779006883,0.9997527654601305,0.9914795009785387,0.9821202492603659,0.8326662107813935,0.960411106686168,0.32918644307221745,0.9997858696332483,1.0,0.9978745415184553,0.9802086655075746,1.0,0.9960303833784906,1.0,0.9992887767640417,0.999868007026201,1.0,0.9960273851203644,0.9969894519023266,0.9599499541121815,0.9985236925693664,0.975193312499183,0.9612012271103676,0.9672238336155067,0.99069881497781,0.7905427620479722,1.0
1815.45600983,0.9991768138905278,0.9997810626464516,0.9948228991975674,0.9991122621270538,0.9912636520966839,0.9729136630855045,0.844902058411308,0.9556436515882559,0.32670055296906025,0.9999311647554091,1.0,0.996838369828728,0.9797222151391833,1.0,0.996598788983502,1.0,0.998075548749427,0.999470023563018,1.0,0.9951335656510001,0.9962357044240124,0.9562045307055284,0.9968021065801757,0.9893646436841412,0.9708247234444042,0.9771936035851326,0.9833413055892336,0.8000613674351105,0.9998155105251036
1824.20079533,0.9991589712200055,0.9994331403398856,0.9943585508990929,0.9981471679516392,0.9898935202069569,0.9622970562058833,0.8585100082305214,0.9505290065265586,0.3245865816333704,1.0,0.9998840155105946,0.9954302696598731,0.9791222923479954,0.9993469598123356,0.9977310310395391,1.0,0.996796326170412,0.998693220648228,0.9999755472507407,0.9938206210092649,0.9950907284299854,0.9517509959543199,0.9955319656277237,0.9967001915676664,0.9762092380573115,0.9837149918287547,0.9717739829066495,0.8073234572683158,0.9989977473748718
1832.95532041,0.998348327306453,0.9986694839309553,0.9945775716611195,0.9971585422693545,0.9864656483972801,0.9573779480176036,0.8668570523276039,0.9450905138916462,0.3224808473644967,0.9998194515591493,0.999729601156283,0.993868531322426,0.9787370279318686,0.9984840937793001,0.9985919940005742,1.0,0.9955997245108221,0.9965555144896575,1.0,0.9911167700555921,0.9933414422026844,0.9450350769322963,0.9963720450159425,0.999918381942335,0.9762865714454764,0.9863227363730724,0.9539640320948714,0.8112587335862931,0.9971364622163029
1841.71952428,0.9971159074143514,0.9971846169285274,0.9941928722479639,0.9959774992082311,0.9794189063006782,0.9623636235663717,0.8664099905917624,0.9400808287155819,0.32070673896105273,1.0,0.9998845566971618,0.9925990804677189,0.9783041480809941,0.9970359941844501,0.9992107811049781,0.9993897373972597,0.9944064952322718,0.9928330544628284,0.9998530663338026,0.9860648465221913,0.9910292959503231,0.9356674220294741,0.9971441401016683,1.0,0.9706690391372855,0.9838990848641467,0.9332886190131527,0.8107643841164681,0.9936232959117288
1850.49334662,0.9961152349350777,0.9955312253983526,0.993265352690492,0.9950179112721137,0.966172701396801,0.9723869438591423,0.8558601606422653,0.9349333094883644,0.3196986474527636,1.0,1.0,0.9907982658140375,0.9779597334223942,0.995431318211795,0.9997784249849369,0.9983476811220199,0.9934989024692976,0.9867860596107499,0.9986207881895381,0.9789376482986684,0.9871021657004321,0.9205142302686714,0.9969452468025758,0.9998861906067726,0.9594361446392901,0.9753856443321032,0.9242437282156354,0.8050712120756288,0.9876623801120864
1859.27672761,0.9950155994523074,0.9951863104244711,0.9916095895648182,0.9940258035269949,0.9426469990970382,0.9795162219996418,0.8335219244492783,0.9291220777301387,0.31940277578869386,1.0,0.9999290857259816,0.9868517737178543,0.9776281763260438,0.9940639578206705,1.0,0.9969018614663571,0.9930202676882702,0.9767443793587697,0.9972113718076542,0.967473988601803,0.9803766489962481,0.8954927812607788,0.995203817250831,0.9977398182509436,0.94196757954646,0.9589164053189947,0.9311197038863377,0.7930323003680564,0.9781055830145688
1868.06353858,0.9934181780722241,0.9941190308056735,0.9895000685569618,0.9920549792753038,0.9028329471789192,0.9819694344423333,0.7956340528467696,0.9229408694059833,0.31985338859818524,1.0,1.0,0.9792799986954381,0.9771271017960974,0.9930847152533048,0.9972016524714074,0.9937615793556263,0.9925290630570909,0.9600543116923935,0.9950915466177568,0.9469020585405853,0.9692886493084956,0.8558215858478266,0.9905252208187629,0.9930559744942247,0.9161372109106695,0.9325511450274682,0.9481772766108557,0.7721939131262153,0.9635443905482451
1876.84916726,0.9920403822412269,0.988300916591414,0.9873499350321766,0.987946404849398,0.840672609611902,0.983071919006331,0.7382363478980538,0.9179843509044052,0.32073567452865037,1.0,1.0,0.9686397460205916,0.9765382134988365,0.9909781069524718,0.9905922769996892,0.9861220340068206,0.9915197697629617,0.9358486226955176,0.9892636581834648,0.9104007749188806,0.950447600076036,0.7980005451571575,0.9815486582126834,0.9839959378643147,0.8792173079449713,0.8953771722901797,0.9697091349659867,0.7397259692667832,0.9422174909556286
1885.63362519,0.9925147060368894,0.9776109504747736,0.9840958071529065,0.9853161711960693,0.7576682261185465,0.9856699305861919,0.6619440271415803,0.9122766018984663,0.32202452050628394,1.0,1.0,0.9600945341645942,0.9761042051906962,0.9901752342743673,0.9823977473234785,0.9756414680555997,0.9904334698657383,0.9038916022875735,0.9810479190266364,0.8549229910597036,0.9192724262578734,0.7184938519971572,0.9666789400085612,0.9719531589005501,0.8287405865312754,0.8504228402093255,0.9873341591652438,0.6984991038539866,0.9126490051531898
1894.41692373,0.993499162910816,0.9640035427023221,0.9796461256134456,0.9834173756986841,0.6748173412668202,0.9908266902683402,0.5737891646793498,0.9054491245350511,0.3236451090222436,0.9999841495900028,0.9997520884077673,0.9585869431909789,0.9757023100033556,0.9904502781476322,0.9747948696494197,0.9614419915523628,0.989775566248116,0.8670105242581571,0.9707769842799613,0.7862798645809317,0.8763391276160576,0.6324189204581292,0.9473884725733923,0.9588463533818332,0.7625237054265583,0.8002347309942566,0.9969563301889345,0.6522214997347818,0.8736839438993462
1903.19907409,0.994148715293926,0.9481937442464269,0.9747762922958724,0.9802667869172579,0.623976453465021,0.9956863827734985,0.48984934102167815,0.8987238792692376,0.3257836635138824,1.0,0.9999240489195756,0.9594855784261782,0.9752506376938563,0.9898774351837636,0.9668025379504234,0.9461125640648073,0.9882302761838061,0.8338781113708386,0.9588998099355297,0.7348080194179114,0.8393173949155522,0.5727284252279292,0.9320195543007802,0.9445823208363204,0.6822037639569126,0.7462409910588709,1.0,0.6044077957897268,0.8258274527805162
1911.98008732,0.9943266933259073,0.9317819624550613,0.9703349981812838,0.9775050656114622,0.6091350284512655,0.9970893186029725,0.445588655280683,0.892402009972598,0.32839197960691374,1.0,1.0,0.9594292208379642,0.9750397472837541,0.9884291141645868,0.9600709320559765,0.937634750881335,0.986824329454757,0.8123646634061407,0.9486960592369544,0.7295736775392516,0.8293005165479221,0.5578528522917141,0.9270867697953135,0.9297551655603925,0.6029508989390153,0.6890008324755883,0.9994194964984336,0.5597302403082667,0.775280173939495
1920.75997429,0.9942728611787675,0.9169601653262545,0.9664586349044285,0.976516315363887,0.6140128132355213,0.9945354239155985,0.4600002365744,0.8859890737375826,0.33180168882198446,0.9997464386752325,0.9998654651409934,0.9578663822343273,0.9746650149815951,0.9873399025772491,0.9582231141171942,0.9383366795717065,0.9852863211693386,0.8031248668323935,0.9435132286802796,0.7583675733047889,0.8416222863855238,0.5752637013075657,0.9313996344511499,0.9169766792976451,0.5572041197337244,0.6287448207217048,0.9974979767400098,0.5234251470568724,0.7327407750253264
1929.54914243,0.9942182320675856,0.905518570511067,0.9636683064851435,0.9763593049033025,0.6267242109178902,0.9879684195202433,0.5119039542446362,0.8796127149358665,0.33577514149771553,0.9996946316278031,0.9997383658674178,0.9568857419310038,0.9743696454143638,0.9858731246844463,0.9594772453510897,0.9426453427446073,0.9833663715410507,0.8021079743145192,0.9423952354937175,0.7919791780709367,0.8614546610349452,0.6036897274825093,0.938706482267801,0.9079136797353405,0.5608285987845417,0.5683827218839997,0.9951196191203252,0.49723855941787914,0.7059065985940002
1938.35679058,0.9936241977221565,0.8977656683422954,0.9622071631914736,0.9770995165766951,0.6424809693965783,0.9775358661393931,0.5717228154056543,0.8733132320446332,0.3398201897553485,0.9995475797532608,0.9993472467397737,0.9572656755755292,0.9742622499512216,0.9841776535807591,0.9628934504672874,0.9477495799260728,0.9809501647277785,0.8053805693181451,0.9432484390951397,0.8171234765651187,0.8801268806180002,0.6295481957253238,0.9452875102303058,0.9017928349205278,0.5922268330137784,0.5210465647065018,0.9932651400535257,0.4773635450620193,0.6960855383569745
1947.18286652,0.9926458190283951,0.8923088873420717,0.9611813003886676,0.9787903418058119,0.6601475445886249,0.9691904252005095,0.627950091262087,0.866793719418602,0.34424756751531543,0.9996617279323218,0.9992347596995658,0.9577877366051709,0.9741373304311062,0.9818498871108373,0.9670016042521387,0.9520798144835776,0.9786094793602393,0.810686474846823,0.9443260928545949,0.8340883118451353,0.8956956301516383,0.6507369911812806,0.9511823813106094,0.8964688257109512,0.6276688437312123,0.5036342281482655,0.9927643775364787,0.45793817702519835,0.700181352446868
1956.02731804,0.9918680457318636,0.8883773570274196,0.9605157552065289,0.981104421402876,0.6799295745135059,0.9715073951893699,0.6804752783546107,0.8599748400623345,0.34933305913862855,0.9994866303088247,0.9990783729594247,0.958958613884933,0.9738237445186639,0.9792911790683326,0.9718292061831054,0.9561391474383109,0.9772915918243972,0.8166063794417261,0.9453418622509269,0.8468921015591878,0.9082230825094922,0.6695783796042062,0.9568147662568514,0.8916197676424344,0.666744779884472,0.5190052414946982,0.9938304569652047,0.43854332629842857,0.7125626241661892
1964.89009294,0.9914700053743006,0.8856405795260298,0.9610607398142547,0.9834934095001808,0.7018633845969452,0.9828796132993892,0.7312834498500718,0.8529552456961895,0.35502184565143086,0.9994709225981901,0.9990984709700436,0.9613077098268268,0.9736529343410599,0.9770918071204262,0.9767955258777195,0.9602678570903548,0.9757917725147163,0.8232922013741241,0.9461711999461654,0.8591165169805158,0.9184428827076603,0.6893248590053948,0.962056231338676,0.889293084314778,0.7068961383630896,0.552055006971654,0.9954307706726016,0.42403387760195427,0.7285433426907284
1973.77113898,0.9911452401047783,0.8841008827273705,0.9617116754864633,0.9855462282760021,0.725832575879649,0.9938650755597297,0.778615289591645,0.8458770143920175,0.36143653919876356,0.9995042035614105,0.9992600819990343,0.9631357356115448,0.9735436148097084,0.9747276188509484,0.981564577445745,0.9646934079418472,0.9739067199908112,0.8312802542169166,0.9470405868749969,0.8722941658774378,0.9271759498541639,0.7112682283609316,0.965628642076323,0.8898003080800696,0.7421720648488279,0.5835073616656686,0.9970912894605466,0.4184813231328151,0.7462540549396817
1982.67040395,0.9907736091571695,0.8840157169448566,0.9632173223654485,0.9871519827825115,0.7512372336093724,0.9988866814416796,0.8209918408950636,0.8388508328696045,0.3686254993008806,0.9996967895715962,0.9997105394235315,0.9652640762546221,0.9733397418111208,0.9726778149549721,0.9857429857392034,0.968873167237968,0.971654409829045,0.8407868250826132,0.9488577948394108,0.8869106517974513,0.935312063130028,0.7351710960940874,0.9681631370713711,0.8881484521967613,0.7762282967053135,0.6177916578632627,0.9984541616725461,0.4199170389288758,0.7649649802830828
1991.57932378,0.9903417240881809,0.8853793808784719,0.9657379555523982,0.9885020001156587,0.7772822610796836,1.0,0.8559440992590781,0.8320466615649064,0.37630522725966536,0.9998794343357332,0.9999269489807883,0.9676892185872904,0.9732126120607882,0.9719253895383383,0.989704048239324,0.9730006263151136,0.9702024093187812,0.8517407241578256,0.9523949705209025,0.9024690078919534,0.9429291098483119,0.7601957371231965,0.9692373881668049,0.8802994197583264,0.8145961107124909,0.6645826997088623,0.9993955437323986,0.42429291452727375,0.7840860072479987
2000.48893957,0.991091593436853,0.8875445862998187,0.9697640950738435,0.9899455308734129,0.8030362819230347,1.0,0.883012267219046,0.825272006000081,0.38448411355904794,0.999991615776675,0.9997589607112365,0.9696989145994128,0.9732830263772013,0.9724814747725201,0.9930451846742672,0.9771869517703701,0.9710003892555586,0.863634607358647,0.9571598645618207,0.9178904932913844,0.95039835710234,0.7857490373198233,0.9691901031168417,0.8684394972027364,0.8570726713041087,0.7277616196194212,0.9997455538406917,0.4279954555705126,0.8029565787489602
2009.39924527,0.9930830324442336,0.8901468719437439,0.9746329796911324,0.9915136258299813,0.8276353502675865,1.0,0.9037837191305801,0.8185261519411401,0.3933695322284251,1.0,0.9998604802792872,0.9716931609920525,0.9732719853329499,0.974665777461585,0.9956921367473492,0.9814995496320227,0.9742934602966908,0.8755590589542751,0.9623406084118422,0.932579242553575,0.9578577753576109,0.8103045251089661,0.9714872466340588,0.8591637716326698,0.896519230351249,0.7933238341265798,1.0,0.42756511648934226,0.820817293821137
2018.31023493,0.995036568752935,0.8929892574034911,0.9783949769349713,0.9930796326114292,0.8504863369250331,0.9996630703533322,0.920083913686129,0.8117962497381498,0.4027395902995367,1.0,1.0,0.9740355773378309,0.9730759272418408,0.9781818970360934,0.998122761703688,0.985665793261397,0.9792946063487391,0.887066941542914,0.9675645176987013,0.9460053661900082,0.9647395736717741,0.8329309399816907,0.9801921052514182,0.8556773669606995,0.927984194156984,0.8461625504369924,1.0,0.4216402634328551,0.8372241159375378
2027.22190266,0.9964438734176294,0.8962693959427963,0.9810755026794236,0.9946610484746553,0.8712637572329434,0.9988995222120791,0.9324034479563079,0.8049210127949142,0.41243845786494704,0.9999736364580857,0.9999254059485844,0.9761397662689206,0.9729829268715303,0.9823510793182411,0.9997135946736786,0.9893569073836708,0.9853010501095206,0.897991911617974,0.9725075576023029,0.9574059539575269,0.971068292574692,0.8535025659963249,0.9926177831337251,0.8539237142967653,0.9519230268651416,0.8849071950261879,0.9992274727036157,0.41057881509598926,0.8520336738242171
2036.13424266,0.9975786543154592,0.9001305259797249,0.9839073396568716,0.9962553884971537,0.8898385166743554,0.9996782966526482,0.9414003923047518,0.7981879391763482,0.4225750494581452,0.9998066820357349,1.0,0.9781180879848783,0.9730333929750893,0.98691818427897,1.0,0.9924759091492577,0.9915293135446422,0.9085599784773467,0.9774793904133503,0.9665416241993248,0.9767620877264022,0.8716694512000056,1.0,0.8497648129176832,0.9691431003692977,0.913245017908552,0.9973119625051262,0.39637962353487266,0.8653985501046088
2045.04724919,0.9982256505244959,0.9045192767684122,0.9862978425980802,0.9976682861024042,0.9062472680185699,0.9999224798213237,0.9493742649083126,0.7917076912833104,0.43328654621036783,0.9998822285500274,0.9999552275414191,0.9807032937687015,0.9729842447840832,0.9910668606570351,1.0,0.9951560687747856,0.9963552459404162,0.9188148232258708,0.9825240282254805,0.9738211074654229,0.9815724159163856,0.8871356173488782,1.0,0.8437206021980019,0.9809886899067873,0.9339840935449771,0.9949590547982753,0.38225945900363684,0.8774952574656371
2053.96130725,0.9983170239357023,0.9093322602240523,0.9879935336749809,0.9986836257595381,0.9208169012417046,1.0,0.9558334790744141,0.7853534425307157,0.44464794730845225,1.0,0.9997352079759959,0.9830233527786871,0.9726373691272515,0.994649241543877,0.999895545903317,0.9970182579832042,0.9987548592798543,0.9284265725092942,0.9876432413847236,0.9796520429982553,0.9856298999541462,0.9000993131840106,0.994507298035482,0.837215840968201,0.9882533188477112,0.9481331335703366,0.9930730718071578,0.3715988601470554,0.8885160457680042
2062.87694233,0.9983166240734348,0.9146913608257379,0.9891211367898791,0.9993531618867513,0.9339588960252908,1.0,0.9616276163350904,0.7790146648042057,0.45653511081330433,1.0,0.9996868877605928,0.9849855643985688,0.9724084989120114,0.9972840693770747,0.997930995013677,0.9981513889848209,0.9996098026579486,0.9363291607466206,0.9912927880240299,0.9845063194494683,0.9887151779842152,0.9110085375687665,0.9805186104676977,0.8325257461910449,0.9912241630168422,0.9566936654939037,0.9912807946655717,0.3661789445164772,0.8987162837535878
2071.79414164,0.9985745940387782,0.9205240910318503,0.9912375259322574,0.9998264571354647,0.9459990226677725,1.0,0.9667765895619667,0.7728275503492783,0.46894248676411654,1.0,0.9997582041226422,0.98688607538903,0.9724561215778812,0.9989610194428677,0.9941588013580163,0.9991201305646883,1.0,0.9415744604871613,0.9927893231279044,0.9882381817511872,0.9910342055465616,0.9203686848677612,0.95774071671618,0.8304095632152148,0.9910923394043917,0.9623487700439575,0.9896710983147458,0.36542018448003044,0.908200933260226
2080.71289251,0.9986477871205763,0.9268494026871095,0.9931096081597596,1.0,0.9571118206476521,1.0,0.9704122223883485,0.7670251179073068,0.48177445228232807,0.9997841947946656,0.9996874563784643,0.9882089940044205,0.9726797872867134,1.0,0.9897826773199738,1.0,1.0,0.9441862533124866,0.992611985454913,0.9904654828810647,0.9928012595875539,0.9276374991375701,0.9458390305285382,0.8272351990824169,0.9889056512303941,0.9664442262115367,0.9887601119876174,0.367146691040976,0.917099141688574
2089.63318245,0.9984764411341706,0.9337081309207129,0.9944355377851227,1.0,0.9673039480404938,0.9999544340858021,0.9716564557664188,0.7611559373337905,0.49512427396398423,0.9997318983278511,0.9998302771270745,0.9895077596656849,0.9728946801714673,1.0,0.9845903013190714,1.0,1.0,0.946263281449514,0.9901416868513737,0.992200325734915,0.9943379935514265,0.9337622520599779,0.9511316064590155,0.8172534953722498,0.9856985116142482,0.9672700011320645,0.9882915035194363,0.369954886090779,0.9254237871783365
2098.55499911,0.9981878800849814,0.9405881427182822,0.9953794121675119,1.0,0.9764473127370213,1.0,0.970494584908028,0.7553235098939909,0.5090356678344131,0.9999844635585703,0.9999311260764108,0.9918778333732966,0.9729583260262277,0.9997780569358358,0.9782571119480099,0.9998834477631802,1.0,0.9495672988977264,0.9871961712484683,0.9940350955161686,0.9957529209108243,0.9403488733019033,0.9613323484429528,0.7967153084120033,0.9833253305776312,0.9645669580708901,0.9874059113984426,0.3735001953202358,0.933189346055544
2107.47833028,0.9976346639019209,0.9475903900763921,0.9963836931190984,0.9998655495487595,0.9845698907874632,1.0,0.9669738005828087,0.7497362127492956,0.5234408934322227,1.0,1.0,0.9945713701082854,0.9728978642558909,0.9989593815323615,0.9693304960032888,0.9996375832378341,1.0,0.9540003792942304,0.9854191204937109,0.9960526764543565,0.9967720370482391,0.947000419715891,0.9656641164970198,0.7642674929870701,0.9837283323723846,0.9592849163222044,0.9851487100624574,0.3769142072160526,0.9404035738828225
2116.41133382,0.9971179950086904,0.9548464447220544,0.9981983009396883,0.9998322678936564,0.9915340682666607,1.0,0.9621283312325628,0.744759180547619,0.5377156443843367,0.9998077235179595,0.9999886171958431,0.9965753624085962,0.9729593821088635,0.9988290541705496,0.9580840377859663,0.9994129546420595,0.9970038994217781,0.9592716719130776,0.9848525147220812,0.9982022548524705,0.9977543145087244,0.9535135086780672,0.9606384567198302,0.7201773199006626,0.9870224066708636,0.9524146581174205,0.9816745335769089,0.37945179073689633,0.9471346539591536
2125.37093026,0.9961836643100628,0.9623038886274224,0.9991876945412977,1.0,0.9969025619143007,1.0,0.9588949981226189,0.7400078328924061,0.5517106944918253,0.9993450894947328,0.999752215089457,0.9985154745221754,0.9730614507823249,0.9992638503731118,0.9462962892580683,0.9996801495532459,0.9874855998897952,0.9643700400867561,0.985187063032148,0.999788652028527,0.9984375685155291,0.959792084948601,0.9526773753922002,0.6722361059674065,0.9912260024978129,0.9451014365112733,0.9775843432458327,0.38275923654332766,0.953403200942393
2134.35713173,0.9946784031259981,0.9700706603270677,0.9994692906773027,1.0,0.9999997912160355,1.0,0.9582420071631117,0.7351214901063803,0.5664665134725454,0.9991637634519007,0.9995379622599121,0.9999118496618851,0.9730316565863271,0.9997601241818994,0.9270924962260755,1.0,0.9699674922038123,0.9707905523554917,0.986240156548641,1.0,0.9990355710620491,0.9665459174984742,0.9520809345014828,0.632942300706404,0.9950463427390067,0.9380059844013723,0.9729542246816155,0.39167567792934777,0.9593176665688327
2143.36995005,0.9927654873713072,0.9782397189382445,0.9992471220746487,1.0,1.0,1.0,0.9608842927646797,0.7302443343747455,0.5817690102822493,0.9990912243311654,0.9990829740691529,1.0,0.9731084669878092,1.0,0.8950038455447356,1.0,0.9478867612741587,0.9792909303952784,0.9893798167590276,0.9999345393694694,0.9998217816521365,0.9731950023597995,0.9629814132134935,0.6026016555612244,0.9986546172867783,0.9311250427364443,0.9681762431959853,0.4129811634856339,0.9648556695816961
2152.40939672,0.9917094690633376,0.9861657472666486,0.9990067763512148,1.0,0.9967833366031964,0.9964182994906922,0.9656246939958048,0.7254971863629103,0.5974148494567986,0.998831252633605,0.9984412525180036,0.9999730866336395,0.9732425372372538,1.0,0.8533094177410386,0.9997430031615158,0.9259459166460513,0.9876046411742274,0.994074120952066,0.9970153230221105,1.0,0.9786387105672302,0.975669724667642,0.5762315656303714,1.0,0.9236704958502276,0.9634506655033178,0.45141653529683406,0.9701564697541626
2161.47548295,0.9918658245240572,0.9925992871218425,0.9987667549412664,1.0,0.9886244243828538,0.9901428139547954,0.9719802711435944,0.7206426465214609,0.6127875795548956,0.998471107924021,0.9975885615470239,1.0,0.973377026214607,1.0,0.8177126226688788,0.9974547668311469,0.9015778902495323,0.9939876005982474,0.9976789299309652,0.989947206277042,1.0,0.9829588246093549,0.9804434821032562,0.5595560228708424,0.9998361868889065,0.9155946964421942,0.9588917804066126,0.5040385093065737,0.9752256915988837
2170.56821963,0.9928304130102098,0.9970626244446995,0.9985466240309923,1.0,0.9749143611160906,0.9811556403816892,0.9796564834265508,0.7158603975877522,0.6277552366224813,0.9983695973340118,0.9964620559497226,1.0,0.9736041139995437,1.0,0.7986714187635293,0.9924433468254975,0.8700605267481067,0.9980913732278246,0.9995290909619404,0.977179448086646,1.0,0.9867245782699612,0.9800525682279255,0.5587651965829791,0.9989863552267378,0.9083582992663287,0.9541425710990372,0.5610453044388033,0.980152436281691
2179.68761735,0.9937287823255481,0.9996401962587782,0.9983108406988385,0.9992404422162017,0.9562440624426015,0.9705852998897843,0.9858707001211203,0.7111727146894387,0.6427187190877659,0.9986700680287575,0.9957967866730766,0.9993703861940249,0.9740692591760157,1.0,0.7897127784545682,0.9840425607952551,0.8319863890914178,1.0,1.0,0.9591296423121946,0.9997109086079626,0.9911353685281313,0.9860175213764948,0.5718255458333038,0.9973714895810643,0.9034019551284188,0.9481356802457117,0.6128884107255957,0.984919920967915
2188.8336864,0.9941018357965985,1.0,0.9979431900389842,0.9968376351624159,0.9360106659299029,0.9588148863967768,0.99011636836792,0.7067988280155562,0.6582544097766805,0.9991092032797618,0.9955504245073131,0.9985752575700224,0.9748992906540225,0.9991171198905596,0.7815433633890142,0.9722106550751859,0.789329919202571,1.0,1.0,0.9375555777303022,0.9987620260178349,0.9952442606349027,0.9962686719984005,0.6048146810201156,0.9950707179050579,0.9003779252550232,0.9402369109553371,0.6548231143301042,0.9893412888955897
2198.00643675,0.9941790598648055,0.9989302506848472,0.9972099053857358,0.9905727846099143,0.9173411084747584,0.9433730267277466,0.9942545317165128,0.703169304737998,0.673719315082358,0.9994727652972034,0.9952332664683944,0.9985248276830198,0.9757799399853619,0.9963865837744504,0.768691947475604,0.9584600696567488,0.7517007582090856,1.0,1.0,0.9159242263551047,0.9973007737548926,0.998046783748472,1.0,0.6507521327768426,0.9926101540878629,0.8967104506808067,0.9304293040405582,0.686566896334279,0.9931817643308315
2207.20587807,0.9935594681282621,0.9951258117496149,0.996475250696904,0.9776954644510565,0.9028567580120922,0.9225185538881141,0.9978205475569839,0.6999679345225309,0.6891240943887641,0.9998998467806528,0.9949637571651168,0.9988365518714899,0.9766096381428792,0.9914873835045123,0.7576286144557982,0.9455966253579963,0.7467028585093254,0.9984884155341662,1.0,0.9051718918770066,0.9941642169462725,0.999752986787908,0.9979663291348386,0.6876388720782193,0.9895881638110807,0.8916079902316716,0.9190629429685924,0.7095370541305871,0.9963122182858237
2216.43201972,0.9924302819231285,0.9884705483943449,0.996541710731605,0.9580840351371397,0.8965311169965957,0.8930276556618661,0.9997271821557816,0.6971163130243351,0.7047181862773608,1.0,0.9947272008152439,0.9989446485324183,0.9774817639086775,0.9832255292148795,0.7893149733836599,0.9375486114836686,0.7872863750133728,0.9926451786132466,0.9972772578707529,0.914509568796541,0.9884373855633821,1.0,0.9788008237871217,0.7518108583478103,0.9863888374924575,0.8895732679624986,0.9062928496317206,0.7270544617320011,0.9986167374414531
2225.68487077,0.9904055729167369,0.9788151289046417,0.9967337167963405,0.9382056614093698,0.8978638147002242,0.8476862784783473,1.0,0.6947335696098276,0.7200384095410954,1.0,0.9945389356740515,0.9987249379341784,0.9781503942682818,0.9693411472624697,0.8500583727988937,0.9375402366311042,0.8383991222559305,0.9807244083418647,0.9904669282778678,0.9341258216148391,0.9815797878689082,1.0,0.945403168450409,0.845334505113965,0.9852267288180734,0.8975193153393661,0.8940324799631726,0.7430110487400795,0.9998968749384696
2234.96443997,0.9871717906240548,0.9666373641381799,0.9969339892644858,0.9272870826698464,0.902573252608063,0.7821607288749324,0.9999086703511453,0.6928173018993503,0.735070276643513,1.0,0.9942279777155436,0.9984492411519991,0.9787333204051082,0.9495694173118365,0.8881440805447389,0.9450593699677269,0.862296025090914,0.9625647025919429,0.9778881979433075,0.9519767781279279,0.9775056047270314,1.0,0.9206529114752994,0.91680968183566,0.9854917807203422,0.9133259389356937,0.8838166226751627,0.7592136337348766,1.0
2244.27015399,0.9829405972333035,0.9526168053812507,0.9978786286119161,0.9329100953767717,0.908017169966061,0.70540194795843,0.9997950132410289,0.691160454659346,0.7498558743590773,0.9999954859006592,0.9938050653461856,0.9982397697621381,0.9794008166587879,0.9300248557160027,0.9059212541618776,0.9546138350078512,0.8562193876884042,0.9454298705462351,0.9633893674943886,0.9686107496775535,0.9764122969312282,0.9992797564620003,0.9067790079574529,0.9591994806545429,0.984477738523352,0.9270344847555226,0.8728104451013879,0.7746643414905333,1.0
2253.60010501,0.9777414236702792,0.9386852125132974,0.9983414415844856,0.9468455406791432,0.9141834003290208,0.6494876055289948,1.0,0.6900437887750086,0.764153410283481,0.999907197788871,0.9936946436024778,0.9986890669817142,0.980103496389872,0.9190308738725487,0.9155356575905095,0.9641089425325232,0.8394168522559058,0.933528588622592,0.951702226809456,0.9839454971347201,0.9716617812435309,0.9948694418159109,0.8688618130666039,0.9829365236255649,0.9814572383123585,0.9350388491439177,0.8550589930218847,0.7868944782761633,1.0
2262.95428072,0.9710690417151229,0.9270442301303325,0.9986563264621233,0.9544663562160127,0.921942894867408,0.6342388139620123,1.0,0.6895848164842716,0.7776971661270089,0.9997178215092877,0.9937415326425291,0.9987530190375603,0.9808992480829143,0.9146750667844364,0.9186021769334737,0.9752129681079896,0.8339346794533549,0.9188911775967205,0.9400907655267403,0.9947968721688474,0.9564886301804397,0.9819600784951603,0.7959885390150585,0.9950010967473902,0.9781966746602476,0.939257675043899,0.835596335721339,0.7932493381588404,1.0
2272.33266852,0.962989699975788,0.9183747217973482,0.9992327883207955,0.9503505767481453,0.9315252645470083,0.6347872625906801,1.0,0.6892618327323556,0.78982162790765,0.9997967583113753,0.9938305092838873,0.999031009720503,0.9816582968447989,0.9093566291075984,0.9159643117404207,0.9868436862794273,0.8422074197775401,0.9019768571077748,0.9251394673660808,0.9999169507741421,0.9335790872254833,0.9557693537488621,0.6916374265511457,1.0,0.978423561119433,0.9463511836119173,0.8325967037694637,0.7921207137278471,1.0
2281.73525558,0.9539188675135432,0.9114264839799832,0.999557593326913,0.9408645342455032,0.9423290801367158,0.6192997402273492,1.0,0.6895827635573809,0.800350600697909,1.0,0.9937786944424549,0.9987869805473366,0.9825899142966332,0.8971015233678169,0.9091515962220393,0.995946636435464,0.8473066292356141,0.8858950024615717,0.9114832469844513,1.0,0.9173544975161307,0.912484621253532,0.569877389861893,0.9987263881163566,0.9817722788237737,0.9612082875354984,0.8530594247790962,0.7848900426618984,0.9988304270788906
2291.16202877,0.945533264706897,0.9057169757781165,0.9991200282264814,0.9379623660014748,0.953576404521989,0.5806575306758947,1.0,0.6907970101092001,0.8095686694804698,1.0,0.9937253757073836,0.9986609950540893,0.9837282910138946,0.8777246428736084,0.9001972533542834,1.0,0.8350929436383515,0.8677541569741131,0.8968975558134322,0.999316793138349,0.9231611734724081,0.8638641704680111,0.4730467446299486,0.9867928900141113,0.9869846641275322,0.9771986219712284,0.8877348527334088,0.7760357890980979,0.9956638606572634
2300.61297471,0.9381776724566409,0.9028429276817341,0.9998533312016317,0.9423656263880607,0.9647131661134619,0.5238793425110193,0.9993130015321744,0.6918402966184495,0.8187640826709296,0.9996843681108469,0.9939663002154597,0.9987591891783203,0.984758946797263,0.8608970838754535,0.8894594063797802,0.9997926483506455,0.8123042046227824,0.8481218900507301,0.8795081154798292,0.9967860843855956,0.9480248614911878,0.8297311534457814,0.41731874724035495,0.9581355706341093,0.9920557950979813,0.9893490700281321,0.918264703095634,0.7693114221748705,0.9902375421732265
2310.08279923,0.9313580542293951,0.9056758525644683,1.0,0.9386544827456584,0.9754231574396774,0.45999095591069555,0.9989504149618145,0.6932936783672667,0.8267540190268362,0.9989339324585703,0.9939682183316767,0.9995494528316083,0.9854009447482711,0.8492322856677248,0.8772911404522493,0.9947208696577394,0.7929393785230837,0.8288603253450988,0.8581324885034898,0.9933203938422539,0.9740202459872224,0.8002260636835926,0.4021967189287704,0.9105766259438073,0.9965327495010209,0.9967918722352545,0.9429338895360495,0.7638983632201051,0.9821094750259343
2319.55711841,0.9233543093361197,0.9165840039271148,0.9988939630815092,0.8996527363595753,0.9852289105440527,0.4052021662062024,1.0,0.6951500320407723,0.8371009200486016,0.9983534347762605,0.9936046725485607,1.0,0.985923021373942,0.8384738044688826,0.8672133666267985,0.9862168432729119,0.7782217623494951,0.8212184602825621,0.8364075128596684,0.9884780551586163,0.9905538469119968,0.7982253024085423,0.46015304128681833,0.86974253776265,1.0,1.0,0.9691542438090484,0.7565295950424541,0.9707588932918791
2329.03590187,0.9151784905138813,0.9336629401294249,0.9979537717830156,0.8273315067518291,0.9929741616697577,0.3718059103464109,1.0,0.6978634636028446,0.8515844471386977,0.9975910092015426,0.9932993379265265,0.9998431245693045,0.9862295705931469,0.8333672852725462,0.8622923907554383,0.9764041248603449,0.7621159164917936,0.8328426650525462,0.8269721386776154,0.9826716523327654,0.9983104198851446,0.8387482311004968,0.5898269492813693,0.8722205585959287,1.0,1.0,0.9886183335282138,0.7447408838798781,0.9558076023566046
2338.51911953,0.9128519942511507,0.9517862644145484,0.9982379130120973,0.7625137820778016,0.997915147829853,0.3702870562765365,1.0,0.7013714237259899,0.8662086888125229,0.997089605670769,0.9929199224989009,0.9987358488003881,0.9862979007217807,0.8387147677495397,0.8591380207492648,0.9671302259332423,0.747939140721248,0.8620880293494086,0.8383452221986409,0.9752251114733718,1.0,0.8823085671889072,0.7096994072221524,0.906757796845225,1.0,0.9980827803745838,0.9983610188217481,0.7277135996026929,0.9373297504571285
2348.0067416,0.9220058647901848,0.9647273429700247,0.9993453122201852,0.7248960964399237,1.0,0.411350960307869,1.0,0.7053321113708625,0.8790338568518563,0.9965806998458573,0.9923460050253374,0.9980618340589619,0.986389968176623,0.853276860719877,0.8506157153962958,0.9611409716594411,0.7458880698101465,0.8994300795267922,0.8683364592300932,0.9662593676227054,0.9994819303886853,0.9041210413003952,0.7552092263648883,0.9391901501816557,1.0,0.9901814069649053,1.0,0.7054171127778595,0.9160004544501065
2357.49873856,0.9404212914039428,0.969138155288522,1.0,0.7109185788836031,1.0,0.4946638445144448,1.0,0.7099519675663893,0.8896690206748138,0.9957835207675473,0.9917830130936006,0.9982790507940406,0.9868501787947551,0.8728108917090577,0.8390823209554561,0.9604704601524465,0.7577370130581622,0.9239722843147468,0.8988261294277855,0.9568029490656085,0.996418732551707,0.9058110093307901,0.7421140514449264,0.950038955963573,0.9949949742784573,0.9764918001610977,0.9990652898049414,0.6784554571628664,0.8933627806070257
2366.9950812,0.9591670612663662,0.9664483958135313,1.0,0.7284290678147592,0.9975802457381987,0.6028017735380068,1.0,0.714325230080461,0.8983102035330189,0.995371940022537,0.9912947399511761,0.9989506366081666,0.9876087636311959,0.8934499117934508,0.8313360622477922,0.9640385452234959,0.7777185659043692,0.9290955045420615,0.9148599202829842,0.948179545895989,0.9923847851198994,0.892985926216713,0.6968889458748945,0.933978624578826,0.9860148617204372,0.9565219398428804,0.9904525152738155,0.6471774769914275,0.871141066461834
2376.49574055,0.9721445148995425,0.959975896761636,0.99942823330816,0.76137617732781,0.9916589695583514,0.7096327966879312,1.0,0.7185660954543671,0.9051023093341095,0.9954172149381719,0.990866794600785,0.999285198026672,0.988555902172163,0.9106739911190235,0.8231525126298052,0.9690313596144148,0.7981759194878589,0.924389276107682,0.918025149895891,0.940129650425984,0.9871503868137657,0.8691944631096622,0.6338323728197293,0.8887728684323221,0.9744471345583109,0.9292220461871593,0.974887390394663,0.6111117728903958,0.8505927423259534
2386.00068793,0.9793435298254421,0.9508730759195622,0.9988234650308941,0.7870971715769804,0.9823256877447296,0.7972787294021484,0.9995607607561418,0.7237358150397619,0.9107640869566527,0.9957282581874154,0.9904261377301697,0.9986959343826598,0.989645870252404,0.9221359678033234,0.8172762028699311,0.9732697294012032,0.8105091473683947,0.9192654401177501,0.9176904322174915,0.9312650560999086,0.9802551535313359,0.847263522789915,0.6027478082132631,0.8235474719182322,0.9589828068119239,0.8941405039630219,0.9526949203321867,0.5723473094499094,0.8328879340682859
2395.50989495,0.9823515200896649,0.939707829426437,0.9981369123004075,0.8165334697071813,0.9697133964146866,0.8649899467676286,0.9937743593336883,0.7292758574506251,0.9174222077154562,0.9960321531969766,0.9900690938048867,0.9980004253793345,0.99107431302744,0.9323091488275617,0.8219239169536566,0.9764027372312318,0.8162195293122856,0.9161909624044788,0.9177736281624512,0.9218660027583283,0.9734732320823042,0.8418503623030861,0.6289073166520904,0.7656987019107306,0.9397075396319634,0.8524447203124886,0.9263176316716727,0.5415856880036102,0.8189803804738143
2405.02333345,0.9826542601172163,0.9267947781730462,0.9980350791153867,0.8557764377159535,0.9540523393617933,0.9157938867381016,0.9800696458162936,0.7349264588878404,0.9254610834689698,0.996189343378633,0.989620663003853,0.9976981794411862,0.9924760628322947,0.9447007715401915,0.8297761403469242,0.9775453013491542,0.8197933267286516,0.9139656172970553,0.9186995379797044,0.9119469520105385,0.9704907746523116,0.8506056663834594,0.6900353311116184,0.7293690229762231,0.9162959585326456,0.8092909516109417,0.9033987072402969,0.5353387766108331,0.8095617625168637
2414.54097557,0.9806246750278341,0.9119837525870113,0.998464004829453,0.893884327112634,0.9359449604587176,0.9525854859980276,0.957946634528834,0.7415680463566463,0.9319800362177103,0.9970404955568717,0.9890980405054949,0.9975505786315975,0.9934532819468127,0.9553551024079361,0.8311471263822361,0.9764672288545595,0.8234650718695521,0.909358628174011,0.9187151021098634,0.9012819294873029,0.9728930867505526,0.8539451070460394,0.7538796887158852,0.6989347155535954,0.8900123611728937,0.7729164378421222,0.8909749487351053,0.5539792864700451,0.8048601790190694
2424.0627937,0.9759424323615048,0.8949097062630565,0.9984369671765513,0.9283215070469948,0.9160602795351293,0.9772317821455948,0.9296598607938787,0.7489830833766241,0.9367603761022358,0.9985039807641269,0.9888171521856847,0.996880578363077,0.994299188616183,0.9586086920884622,0.8237490672556315,0.9726582202539492,0.8277171666359046,0.9020556542362048,0.9167040190687203,0.8902040130597811,0.9780587921696111,0.8457661518440708,0.7878478349772026,0.6669261519405182,0.8641506482452037,0.7479507876200773,0.8892020576812433,0.5781247580335189,0.8043134758739348
2433.58876046,0.9689922365748262,0.8760361985775238,0.9979136728067587,0.9565571647928609,0.8952106120453076,0.9920700208121682,0.8973095123684335,0.7567652834929572,0.9404210212975379,0.9996301270207849,0.9881754500665038,0.9957655966487892,0.9950844044042735,0.9561698576731181,0.8102946897981925,0.968385927665944,0.8335655058298135,0.895652028204523,0.9145106204236508,0.8790021132191312,0.9831729341337088,0.8344004969904896,0.7920889079113571,0.6487578400208096,0.8403119569838543,0.7326741618979826,0.890556352673634,0.5935122283950779,0.8069646580406833
2443.11884877,0.9597506917192481,0.8568233604896552,0.9975101923352078,0.9747274082138555,0.8743741535951886,0.9993702970504124,0.8643021138822645,0.7653871022382843,0.9437114071157057,1.0,0.9869750354586502,0.9948515248508318,0.9960348678094282,0.9517827379783059,0.7944453221134069,0.9658945394390175,0.8436188641838535,0.8918646486877502,0.9165663010359711,0.8681816124885106,0.9874817765423718,0.8237755402594606,0.7879216022790316,0.6534912612486083,0.8202710503120271,0.7237614564819764,0.8866463737800828,0.5984733714884845,0.8115138832559231
2452.65303176,0.948207944089663,0.8398250008775601,0.9974951689483652,0.9794756297122313,0.8546274227721073,1.0,0.833109086556358,0.7743334558356696,0.9465622739488558,0.999578394793167,0.9859152985239205,0.9944576470637776,0.9970295354441829,0.9456573265859344,0.7820912777637389,0.9659282412852928,0.8589152638139058,0.8883849127150129,0.9231777329100199,0.8587976772894843,0.9909414430537815,0.8119501204468229,0.7857690890605608,0.6578534110067188,0.8054508570578078,0.7182686804060003,0.8756729055428325,0.5966609987277536,0.8167367765095721
2462.19128285,0.9339174063481476,0.8267601075498939,0.9977535046615108,0.9746378081365609,0.8367377492783012,1.0,0.8055257227050557,0.7826457670916322,0.9493372281583871,0.9988710158672008,0.9847575483534003,0.9945767074523129,0.9977479793639988,0.9389767462088524,0.7733947684598659,0.9681504073604058,0.8768075219302663,0.8831651764829327,0.9274046754918476,0.8514704402438694,0.9931564152583816,0.8003279926358331,0.7903674920580256,0.6485077309980891,0.7956608635960427,0.7122236602085645,0.8663184332455252,0.591765591961221,0.8218192462526016
2471.73357568,0.9176747058199933,0.8173869221007143,0.9983168668456446,0.9669845169365978,0.8212076346494357,1.0,0.7876917411137021,0.7914674178229447,0.952532237734275,0.9990532782225017,0.9835455338361371,0.9954833829588229,0.9981736327373759,0.9351592186757344,0.764628455611186,0.9709494797794042,0.8956817905190153,0.874797772341009,0.9244431030783823,0.8455431154384905,0.9935383709029498,0.7925915420862637,0.8103661642971529,0.643986121413699,0.7939009310561523,0.7053731435148458,0.8677736262301845,0.5847942638589381,0.8262165310405131
2481.27988414,0.9022445354800932,0.8106625152574191,0.9990784014477171,0.9648384299437546,0.8083711791803206,0.9970064650103491,0.780572993013659,0.8010246175391226,0.9559963109782119,0.999531049218857,0.9827008173643832,0.9970030374165396,0.9985290492318023,0.9354830677013248,0.7534320137635451,0.9741553826203432,0.9148185241474523,0.8655465524810916,0.9164556587665412,0.840685247635557,0.9917716440280974,0.786537813480182,0.8440335385963716,0.6498981879090991,0.8002792609290048,0.7019588142062194,0.8749543998524181,0.575450174105548,0.8296092889897589
2490.83018234,0.8901138958604119,0.8064014747760706,0.9997550072758997,0.968131194325984,0.798064643328474,0.9928165969864562,0.7818271342866301,0.8113645427423665,0.958853158027772,0.9995888679805498,0.9814267543853781,0.9985458920611552,0.9989903114188854,0.9379950966200888,0.7425577253227955,0.9776585374813331,0.9333660224115006,0.8571523405702173,0.9080522554295941,0.8360716577978747,0.9891748527365491,0.7791405883252823,0.8809659541885354,0.6352194634779409,0.813447033742168,0.7058176795234195,0.8766890717131943,0.5648379696758006,0.8320034862718292
2500.38444467,0.8806567136308786,0.807158460798956,1.0,0.9684166356674134,0.7899650786148847,0.9896008512460341,0.7954537048943551,0.8217049280119535,0.9611989927170824,0.9998243616754889,0.9800042012709526,0.9995138671699682,0.9996388253045282,0.9406969306410686,0.7355727634577259,0.9813549379309987,0.949469923392143,0.8525425725914215,0.9002029133675685,0.8303835752606944,0.9881474560092537,0.7723762154606089,0.9117971668501398,0.5962515451991142,0.8365097712036085,0.7158791170666348,0.8664279457509538,0.5546488789391301,0.8335710651189924
2509.94264572,0.8716388344691833,0.8179060361774407,1.0,0.9627796550115755,0.7836676177886273,0.9881730782232615,0.823674893662266,0.8320180631166227,0.9634888904994036,1.0,0.9786054878358651,0.9998190070968441,0.999991053885591,0.9436231265559654,0.7299266021522317,0.9858868770938263,0.9628792440435112,0.8584445467906925,0.8976983382566294,0.8243634746818044,0.9896770819029672,0.7660821133176837,0.9346153841032887,0.5618801855602362,0.8699146303594745,0.7296581911275503,0.8459911029976316,0.546360525535967,0.8349252035416701
2519.50476033,0.860536507279744,0.8418492964641402,1.0,0.9496336458136789,0.778824808708169,0.9884470544383936,0.8645711459945264,0.8429251306781687,0.9656559257503479,1.0,0.9775100957430668,0.9998663095983054,1.0,0.946751502193914,0.7238488915858544,0.9900100644760809,0.9752773017847369,0.875265161357346,0.9048924803091384,0.8192855635984714,0.9925027182487387,0.7606084063095054,0.9547724142785285,0.5691437351358906,0.909631578808641,0.7446662141852373,0.8335925792870273,0.5407615750123727,0.8364556212637952
2529.07076355,0.8512234162364894,0.8771347232754985,1.0,0.9351856109320759,0.7750152553636316,0.9918942060594136,0.921423705170826,0.8542961906196116,0.9679877466027754,0.9998678437177682,0.9765912483085826,0.9998823354731883,1.0,0.9500098565827325,0.7175757856162842,0.9939785597359541,0.9875293184045696,0.8980077794309559,0.9168213889663203,0.8156578452962341,0.9952432025685416,0.7568117068585487,0.9759702708921016,0.616102573703658,0.953345957786064,0.7577714888363324,0.8392963579612598,0.537597999787139,0.8388174188248044
2538.64063068,0.8563611343482854,0.9161478922863289,1.0,0.9321244706664775,0.7719290961379411,1.0,1.0,0.8652915937643991,0.9703436675256816,0.9998072857157853,0.9758583414303552,1.0,1.0,0.9532372774943672,0.7115941538155984,0.9971246758503816,1.0,0.9217588163522856,0.9265846999813813,0.8135431123059653,0.9973037702014229,0.7554034242646391,1.0,0.6653401799897083,1.0,0.7674186889422476,0.8497652250163991,0.5366114748208063,0.8424992284021885
2548.21433723,0.881586919560266,0.9482849315691975,,0.9366743070577804,0.7695575198069627,,,0.8748259074251883,0.97268141632067,0.9998091095494906,0.9757090187396594,,0.9999109371733227,0.9559408442988342,0.7057672155373902,0.9990664219621911,,0.9424012640124377,0.9332604600489668,0.8134277754042455,0.998851902890176,0.7552405202119747,,0.7031482837833559,,0.7740251689702637,0.8586705924321604,0.5363004744675629,0.8477108521668656
2557.79185893,0.9150210244163963,0.9698767348056666,,0.9379350879840729,0.7673127811884791,,,0.883863930413193,0.975017444349853,0.9997100500565737,0.9760742926154388,,1.0,0.9582478123341079,0.6995143231836808,1.0,,0.9604678641940733,0.9389101759012687,0.8147168116878858,1.0,0.7573062688081084,,0.7244051709252164,,0.7789062078288939,0.8637429960734782,0.5357291441967161,0.8541923969523779
2567.37317174,0.9427428355849582,0.9840931059934441,,0.9363999200942141,0.7646162472757771,,,0.8928500861346966,0.9778040576900189,0.9997155124271347,0.9769326790790477,,0.9998584937242887,0.9613799630480478,0.6908340018637208,1.0,,0.9806143755521675,0.9482424107987738,0.816432060456856,1.0,0.7611337492581617,,0.7381896903089549,,0.7831925922572733,0.8633653355496363,0.5339503005829112,0.8614441010301568
2576.95825182,0.9608783223727954,0.9929938713713368,,0.9364799673306369,0.7610576845356383,,,0.9016822910455482,0.9810743693219898,0.9999208876907192,0.9782929526921345,,0.9994139749694813,0.9661893953796696,0.6815597268727561,1.0,,1.0,0.9613111600572746,0.8177413981301815,1.0,0.7656419540000153,,0.7564659742117193,,0.7878974818471182,0.8562014978289428,0.5306056317222816,0.8689152524750501
2586.54707556,0.9741797342291786,0.9980602380659076,,0.9419080027004197,0.7563110307305284,,,0.910398278006158,0.9848473342555264,1.0,0.9801474652113175,,0.999085460558178,0.9728465356313487,0.6732218512584708,1.0,,,0.974766178900079,0.818251193258101,1.0,0.7705805330591101,,0.7841707416399712,,0.7936425729255971,0.8437521334384901,0.525623965877448,0.8759498807711803
2596.13961955,0.9853134338453724,1.0,,0.9484580662281444,0.749929784455059,,,0.9188210908770158,0.9889990791919095,1.0,0.9825970544550623,,0.9990698219575539,0.9803888587009746,0.6646614923826026,0.9998130585431946,,,0.9869337086467004,0.8175676561646018,0.9986982848925681,0.7754606648669872,,0.8281190250469613,,0.7993185063198949,0.8288706815059986,0.519518761563203,0.8818590171179258
2605.7358606,0.9925951094101338,1.0,,0.9536864124897056,0.741093658973285,,,0.9268576356265147,0.9929451817092391,1.0,0.9854198248022082,,0.9990823051189813,0.9879120577848268,0.6550715664290921,0.999647450374031,,,0.9954170689960937,0.8150438937227368,0.9960312387120571,0.7791304095650251,,0.8719611470337411,,0.8038486807973252,0.8154064330720426,0.512982586214061,0.8858192908484881
2615.33577571,0.996577632608433,1.0,,0.9612744354830753,0.7290969354984111,,,0.9346002009887564,0.9963108847266737,1.0,0.9882885985398752,,0.9995112149285098,0.9945933104377753,0.6432018502517269,0.9998563354787137,,,1.0,0.8110222510144789,0.9912750545881933,0.7808558494015801,,0.913085843146651,,0.8074134674957614,0.810265596657936,0.5065773047966758,0.8867305426201777
2624.93934211,0.9988579730602792,1.0,,0.9744432112773905,0.712960249535237,,,0.9419160866883368,0.9987847842040868,1.0,0.9910777934721262,,0.9998396259956984,0.998996356801915,0.6271062468300208,1.0,,,1.0,0.8053393325708588,0.9839688098490114,0.7794738239123254,,0.9526584157510557,,0.8097702148681362,0.8168310599010085,0.5008979508533057,0.8838297310687271
2634.5465372,1.0,1.0,,0.9893102473639033,0.6917860499814026,,,0.948792721897382,1.0,1.0,0.9935726682240822,,1.0,1.0,0.6043211975083006,1.0,,,0.9920850427267077,0.7973445455328125,0.9737471701219323,0.7740452102439207,,0.9860603883538466,,0.8096127436549332,0.8351480484898731,0.4969354572903545,0.8763688671100544
2644.1573386,1.0,0.9983956714586161,,0.9993606506388021,0.6644573026949236,,,0.9554981734612861,1.0,1.0,0.9956848114503742,,1.0,1.0,0.5737748431312432,0.9971720401044281,,,0.9698707081240021,0.7861844886565351,0.9596404826745194,0.762142790554573,,1.0,,0.8043858933903777,0.8622614163312262,0.4951025009378837,0.8636218345335546
2653.77172414,1.0,0.9930820561173956,,1.0,0.6288662459845853,,,0.9622058877269308,1.0,1.0,0.9974418563154637,,1.0,0.9993910715724587,0.5349354616227734,0.9890912375888434,,,0.9313136936528373,0.7696032626934841,0.9394665659247455,0.7399872327271646,,0.9774926963646436,,0.7932443344868999,0.8909838103869613,0.49513075344948804,0.844861315027417
2663.3896718,1.0,0.9840459097475349,,0.9952543220666011,0.5821597099771375,,,0.968661738839675,0.9955968515742081,1.0,0.9988540999744135,,1.0,0.9923300382972504,0.4846320574222844,0.9725625502671905,,,0.8732026031220067,0.743224964580551,0.9104848712482448,0.7003558880058014,,0.9402950560385982,,0.7761261654044667,0.917652868316371,0.4950254102155462,0.8195273399823534
2673.0111598,0.9987836285243243,0.9687579728230679,,0.9874193568035418,0.5228065097288168,,,0.9738062706816268,0.9826203074906085,0.9996103330669794,0.9998674187325262,,1.0,0.9737712064587035,0.41951678098282713,0.9429070927813862,,,0.7731936510148757,0.698348373590731,0.8686614026839915,0.636699589286259,,0.910003264597848,,0.754442507697558,0.9426854177735259,0.49245414389739206,0.7863624156505954
2682.63616654,0.9940602677952805,0.9435821563070208,,0.9776815931588837,0.46087094215210966,,,0.9774987363204015,0.9528139811130706,0.997794526764822,1.0,,1.0,0.9371608990470789,0.3415655022594598,0.8957176794796881,,,0.6159799974827643,0.6223263555031296,0.8157055180116719,0.5568660139514203,,0.8908587375802192,,0.7283136681496147,0.9664897357869542,0.485927979134593,0.7444782383364515
2692.26467058,0.9834925771646389,0.9058882966154247,,0.9658812066098688,0.4007289419314186,,,0.980616928081972,0.8981722301444138,0.9953307505945909,1.0,,0.9999893959831015,0.8745346078033126,0.25734747781600464,0.827209991545694,,,0.43956054762341823,0.5142955362820466,0.7496681569046519,0.4837778099901974,,0.8805680559547944,,0.6949012500006021,0.9882182945918286,0.47447910771726043,0.6929900453637796
2701.8966507,0.9687529200385627,0.857507940234939,,0.9503522261357801,0.34544605114019344,,,0.9835838283577082,0.8230739987840909,0.991912806823006,1.0,,1.0,0.7686672067191752,0.1861636127783395,0.7426144969422253,,,0.29619826061998944,0.41146418131770296,0.6694194823219949,0.42042542374876374,,0.8471568051398896,,0.6522258615879417,1.0,0.4569744801480398,0.6328777354374319
2711.53208585,0.9550808797257712,0.8109995244647854,,0.9276910770488969,0.2999894423446861,,,0.986817551882325,0.7526618824215396,0.9870374954335223,0.9996363523638241,,0.999941971373927,0.6130123666366925,0.1483781519835829,0.6498368862597531,,,0.2171324403339924,0.33712712363562136,0.5795789212268098,0.34434963786409717,,0.7812379534873466,,0.6009297293329856,1.0,0.4335414584829573,0.5666889353216593
2721.17095516,0.9437556285906702,0.7726248609634045,,0.8967262195567821,0.2671615103604691,,,0.9889155297832554,0.7103917283825041,0.9795737266580115,0.9992627901265837,,0.9997000851829642,0.49196769280749914,0.13608991383199268,0.5488398376866976,,,0.18778081430281104,0.2773658802142771,0.48870113121869535,0.2869517489470969,,0.6975717389019614,,0.54503025159307,0.9881439725578934,0.4051009894296538,0.49571734190998473
2730.81323795,0.9350816831484152,0.7309287503700314,,0.8574884299297516,0.24590553559425335,,,0.9886211871768158,0.7090574405843533,0.9669790471249909,0.9984480836074395,,0.9989815334172139,0.4316526251039895,0.13047537634693746,0.4531639114849652,,,0.1817137882705336,0.22625855448781046,0.41343304487007776,0.2845846337235028,,0.6091669963755619,,0.4890195002319297,0.9669778725805183,0.37212649489411925,0.42123127873177335
2740.45891371,0.9280795761435494,0.6796396918616927,,0.8122141739348376,0.2335332340860423,,,0.9866729811430855,0.7228082810046788,0.9464326916910147,0.9967997422548036,,0.9977336417852868,0.3921923361362483,0.13220681732662712,0.38089633594740024,,,0.18502534738993134,0.1917579518835226,0.3585689117966968,0.29978701640127864,,0.5183222535074565,,0.4324380250092252,0.9380435629335138,0.3360308716180327,0.34848467976759884
2750.10796212,0.9218441661103915,0.6254213593489208,,0.7655406073240957,0.22707421562332258,,,0.9832898724523931,0.7358958519375575,0.9184444608810964,0.9946879266472272,,0.9963979864621284,0.358602000083364,0.14025335335127018,0.333148900368062,,,0.19500073258210296,0.17490159731138458,0.31877098073762217,0.30487876274108794,,0.43526063870717085,,0.37762758510669187,0.9006904001651962,0.29910676682360327,0.28375769351156727
2759.76036301,0.9138860959617554,0.5796665389879453,,0.7203743889594492,0.2240552699765943,,,0.9801503046474153,0.7472925609692718,0.8911644821663833,0.9923472273705018,,0.9949311329159738,0.32906907792327655,0.15128767086364253,0.3062824932044467,,,0.20869748182548203,0.17384971979253008,0.2926739072130212,0.3060735539980123,,0.3640713896474123,,0.32843756912695954,0.8539913543495005,0.263192644270172,0.23232366429453855
2769.4160964,0.9036385159440958,0.5427893062636416,,0.6801150435426667,0.22306096278447102,,,0.9775528692079793,0.7582848627555857,0.8717314081577668,0.99004828120445,,0.99343165376484,0.3029046949953625,0.18923447210378747,0.30018578774558313,,,0.22185399961808897,0.18698093388076278,0.2781955214621021,0.30907503866718383,,0.30033771111332735,,0.2903697041327766,0.7999856776567489,0.23054383179074942,0.1945844879446947
2779.07514249,0.8914698338319383,0.5095684012096863,,0.6464904963550727,0.22354322165067647,,,0.9756847240088699,0.7695116199244717,0.8622929612109363,0.987673503828243,,0.9920931937102814,0.2799861936756852,0.238460694731431,0.3138057866574163,,,0.2335850169652855,0.21250089075304054,0.2703843878430434,0.3134460768233944,,0.2541407054445963,,0.26303939286291045,0.7456289977104622,0.2047971207180045,0.16858834502968573
2788.73748162,0.8835142568182077,0.4780977509449094,,0.6217213593084807,0.22457862577438975,,,0.9745299438891573,0.7816835269488325,0.8553924747200775,0.9856656091350252,,0.9908738457552922,0.26318877138815844,0.28292981625891156,0.34379996059862994,,,0.24530778140100035,0.2495482981574216,0.26860609106965344,0.3187871478813047,,0.22404488630475528,,0.24366719413157079,0.6974016629144149,0.18544335303316076,0.1515191238540941
2798.40309433,0.8884059147762975,0.44842366960429164,,0.605672082034646,0.22570761985695278,,,0.9731326408345704,0.7946126001128287,0.8512900138643144,0.9839509923406228,,0.9897738113035806,0.2542069208413506,0.32147821487601846,0.3841545023164005,,,0.25766408513324335,0.29664753956825674,0.27677347027481064,0.32568479863589195,,0.20251823841672104,,0.23002225275373242,0.6613034100405758,0.1721234510990421,0.14022618424297525
2808.07196129,0.8998596162302076,0.42057168825658875,,0.5924728507691809,0.22726656919504515,,,0.9709157502955785,0.8071693006375206,0.8502526174393376,0.9827973318468066,,0.9886392542961169,0.25221437837466804,0.35313861059362167,0.4304203111643646,,,0.271159504384074,0.3489384974357434,0.29818492364294996,0.33409731945917387,,0.18646609746473397,,0.2198684785671501,0.632824746060949,0.16197016924367172,0.13284160698176462
2817.74406337,0.9104465955409121,0.3980574586133461,,0.5733012604680234,0.22923891145563963,,,0.9675960550832273,0.8183291779100833,0.8511711679343682,0.9822195713726622,,0.9873561388189847,0.2558412726647222,0.3789815794922012,0.48032593444782357,,,0.2864683375054508,0.3999443497100134,0.33150780805738683,0.34311913758097035,,0.17663796220274672,,0.2120655587376571,0.6004357078454315,0.15331287463415427,0.12845472480811884
2827.41938157,0.9188058459230594,0.38387325408049616,,0.5373047298548875,0.23133427551226077,,,0.9636144641006841,0.8277765565516153,0.8531084482778445,0.9818143139998209,,0.9858071768079963,0.2635184925927586,0.4011828733229066,0.5314508850235355,,,0.30316829025234426,0.4439366073290411,0.36836603196079887,0.35200334843167885,,0.17809770438516825,,0.20539887457342118,0.5589617629389422,0.14579893082199585,0.126185459260696
2837.09789707,0.9251149830536362,0.37341084654444734,,0.4753271559330422,0.2339374382051694,,,0.9602452498973525,0.83512477300074,0.8558310793269784,0.9815090089193449,,0.9845240733765337,0.2731409747693246,0.4213703027573761,0.5809201161506857,,,0.3202855789733653,0.4794389392124836,0.3997062404062742,0.36054159789648177,,0.20637488569708445,,0.19969500138854335,0.511954093478443,0.13942286620499078,0.12524045490901778
2846.7795912,0.9296854864522524,0.363073812868703,,0.39296234438277283,0.23727692095554515,,,0.9585333678597169,0.8413586660618442,0.8586432216049037,0.9814482150906026,,0.982992048117602,0.2827288710737162,0.4401186181995135,0.6252776136704011,,,0.3373738481902565,0.5076862258436284,0.4241032403311126,0.36894655425691847,,0.2511771168207709,,0.19438161135529594,0.46870539770345976,0.13462520127436886,0.12545101942903988
2856.46444545,0.9328259674463086,0.35234627109018674,,0.32137179637485397,0.24109116079747903,,,0.9586164430664544,0.8499129530109916,0.8610315785797571,0.9816441461374128,,0.9815307951753127,0.2905557383331819,0.4581829638173361,0.6619414075714153,,,0.3542625695288242,0.5301692718352453,0.44439853941330454,0.3774795599237592,,0.3201762049257607,,0.19129030901820812,0.43220697911632344,0.13111195585436236,0.12693336273400807
2866.15244146,0.9352092598749719,0.3415497023196716,,0.28295978137403227,0.24567471557914156,,,0.9596238497980625,0.8600046106298727,0.8630878144076459,0.9819913293193245,,0.9802097028566231,0.2956384709207394,0.4760933669054426,0.6899486797149332,,,0.37119632527695606,0.5491279728016798,0.4633064090387804,0.3864209012563482,,0.4107377953978601,,0.19423930277653126,0.39789715016547533,0.12857153745118938,0.12941767819236863
2875.84356103,0.9371338062017408,0.3309510294966849,,0.2805745874340303,0.2512360608116103,,,0.9608844386671666,0.8690858921300544,0.8650633209892267,0.9825414701699706,,0.9791099884669624,0.29773787143312713,0.49328062294528247,0.7102922169819674,,,0.388081501970155,0.5661635013510943,0.48182956843634345,0.3955823038753075,,0.39929708877881526,,0.2031751225126742,0.3631146564265596,0.12703369755278673,0.13261389226255904
2885.5377861,0.938846936262711,0.32110400471748257,,0.3138387597026635,0.2577255310795139,,,0.9621834495658013,0.8768522062322467,0.8672434076231822,0.9832363468269314,,0.9782703640277073,0.2974499160184867,0.5088549075261918,0.7254529362624185,,,0.40492955088059585,0.5825059971175609,0.4995674275231963,0.40486642674160694,,0.351205376925491,,0.21409229996331613,0.3301151363702581,0.12654986270612031,0.1368293784987852
2895.23509877,0.9406372693980465,0.312289794397337,,0.37033513368011517,0.2652511032955696,,,0.9637114079909581,0.8840652918231049,0.8699404377572871,0.9839447441620669,,0.9780408035155641,0.29646879109015317,0.5222740090620868,0.737508820863232,,,0.42206567455774874,0.5987425360138485,0.5153194667091795,0.41368424695229133,,0.32117730765558056,,0.22593885033540873,0.30217421340539063,0.12725295732033695,0.141726214305784
2904.9354813,0.9425508045650393,0.30421784747161495,,0.43689894465060686,0.2736953010653262,,,0.965579789442193,0.8906627073947196,0.8730795909573505,0.9846828401037107,,0.9779294630057156,0.29699750146492077,0.531810117599563,0.7480272994309252,,,0.43945066122184256,0.6149057428408257,0.5292280576219859,0.42254380059627367,,0.3067219264749268,,0.24036305765400304,0.28085790067296995,0.12894793631475926,0.14788215523924525
2914.63891606,0.944832718677052,0.297244069050012,,0.5028647760607616,0.28285897207953736,,,0.9676459344152445,0.8965996475235303,0.8767044570529688,0.9853294169991045,,0.9780233443096569,0.30051227203250575,0.5444607188824959,0.7581256218775864,,,0.4572625174108928,0.6308102573687663,0.5424651187795874,0.43209780020098004,,0.30218313894507365,,0.2574584409215662,0.26453254958945027,0.1320944794464354,0.1557204287708363
2924.3453856,0.9475051973865822,0.29178706141380534,,0.5578410437598739,0.29344758338191373,,,0.9699594241082516,0.902153746578422,0.8809268413894447,0.9859326220486927,,0.9783018603152458,0.3078044568037871,0.5751112740867549,0.768500469794825,,,0.4759081030104657,0.6465868139183898,0.5559098155635265,0.44259925350588447,,0.3030130579065621,,0.2732766616754315,0.2520950180208304,0.1363164032955597,0.16552821511876062
2934.05487259,0.9505859747670184,0.288113709067798,,0.5938117483464389,0.3052993891933484,,,0.9722382295924061,0.907604149729599,0.8854599191045441,0.9864750632659326,,0.9785134748310071,0.3191414685634606,0.6097272913307199,0.7793889469510864,,,0.49583338655728765,0.6623754354014589,0.5695277463615123,0.4544546017179543,,0.3071967770532042,,0.28423325231650903,0.2423021110824364,0.14169392015516283,0.17661211593372958
2943.76735987,0.9538965069957941,0.2864040115405661,,0.6118834969956917,0.31840241637040434,,,0.9744623023880326,0.9129245055931287,0.8902143784141514,0.986853194419182,,0.978983805904587,0.33400501534873744,0.6385710180010792,0.7908042646913425,,,0.5168193953014558,0.6786103480098569,0.5829626136988673,0.4675558349492583,,0.31451512487214284,,0.29338452933136344,0.2358100280703142,0.14829781263360986,0.18847074090689808
2953.48283039,0.9575921228048334,0.2876064648537896,,0.6221011375888709,0.3326548464964517,,,0.9766345159841091,0.9180594951123249,0.8953340059641888,0.9871182806822949,,0.979723775806402,0.35167265656927316,0.6630927218237356,0.802914450799963,,,0.5391381044287609,0.6956060481724756,0.5968883775119215,0.4822857261656114,,0.3256377330411664,,0.3043898763099168,0.23560641032626234,0.15614873019623443,0.20245308003956952
2963.20126726,0.9618621191087857,0.29231222180672845,,0.6361391060494441,0.34863781664467475,,,0.9786367883532439,0.9229536197474295,0.9005386799824272,0.9872264194096203,,0.9806118490344277,0.3720636175878691,0.685340493138279,0.8152555804950794,,,0.5626713774373164,0.7132377335233407,0.6137347396090963,0.4991037513653098,,0.3398451116214505,,0.3213428459304533,0.24528727194021616,0.165837843319918,0.2186983846213693
2972.92265372,0.966374257650093,0.3013957033846768,,0.6553447265007324,0.3666365304192665,,,0.9804971090767709,0.9278738940452195,0.9059980839614423,0.9872691750604602,,0.981548805699494,0.39513577587187926,0.7063694082837916,0.827448381905947,,,0.5873773477560144,0.7311736980323519,0.6342135043218231,0.5181443193027252,,0.35662440839781584,,0.342429691810346,0.264257283918733,0.17701951256806941,0.2377930042880366
2982.64697313,0.9710896993677145,0.315549869760794,,0.6762146093291617,0.3863235575069603,,,0.9823047795600994,0.9329169961659924,0.9118114549502695,0.9873353581724728,,0.9825138326344759,0.42122824662124375,0.7273345108152397,0.8392583181616421,,,0.613092666392738,0.7491842836774597,0.6561337000618024,0.5398185950282329,,0.37722870879293763,,0.36548072743202265,0.28923540403303044,0.1901277732967679,0.2589497213332978
2992.37420903,0.975670070169841,0.3348978073061842,,0.699856718166484,0.40849138101156107,,,0.9839551321386966,0.9382525440135663,0.9178498607983445,0.9875175738893994,,0.9835045449703106,0.45115387653014644,0.7493683768390623,0.8504258641259069,,,0.6399286403890438,0.767249611760084,0.6783235327976147,0.5639312851973347,,0.40113939477780464,,0.3906220473002713,0.31777312073895214,0.20518313215429487,0.2828109479580408
3002.10434504,0.9801203352627789,0.35929277288437167,,0.7274420354494533,0.43312886753499075,,,0.9856237440060773,0.943880437427267,0.9242073438194112,0.9879088517549951,,0.9846497817756619,0.485078120083201,0.772470395536573,0.8612151694158034,,,0.667831159629414,0.785540604242113,0.7011212006053243,0.5905729994820127,,0.42714050538740017,,0.41847871726880187,0.3481491230628936,0.22232395737448524,0.3096948805392355
3011.83736494,0.9843401891333168,0.38810016317853474,,0.759563455162232,0.4600218110811378,,,0.9872356152310282,0.9496978929167951,0.9308737852611711,0.9885707384873632,,0.9859895310201798,0.522724893803623,0.7955653669010226,0.871893458389149,,,0.6967322859197356,0.8040699185053761,0.7253435817487471,0.6199726753656118,,0.4542723264123682,,0.45082620420293745,0.3775869079665776,0.2426046296538287,0.3406942106303245
3021.57325265,0.9882082804059721,0.4211526747695431,,0.7948229877823424,0.48951784867627546,,,0.9886600426511876,0.9557069226408987,0.9377173641567775,0.9894727101887779,,0.9873805539634929,0.5634748224085004,0.8182153376252829,0.8829083466238211,,,0.7263806716418051,0.8228271895008542,0.7515552749690256,0.6522910535201534,,0.48681923418197526,,0.48750352544073694,0.4072419681674315,0.2653254251049909,0.37631777029154384
3031.3119922,0.9916522214846548,0.4587996103303637,,0.8277518577084527,0.5235738734992553,,,0.9899522958760113,0.9616749885283541,0.9447186932796027,0.9904909559216878,,0.9887705597172369,0.6069818996121323,0.840666046168843,0.894539619875851,,,0.7569943599780785,0.8420445235153637,0.7795765941175447,0.6876261880311733,,0.5241555951069493,,0.5288390096459398,0.44006524046034745,0.29233114862533344,0.41506532848405053
3041.05356775,0.9945643032533856,0.5013376311056184,,0.8565523290689907,0.5630403173683913,,,0.9912713340270739,0.9675399235760599,0.9520562578855747,0.9916855739412135,,0.9901780003101492,0.6531912211129013,0.86310034902531,0.9067773192229274,,,0.788585552747692,0.8617738061961642,0.8087389109078936,0.7252230469174695,,0.5639550627763313,,0.5750202052339831,0.48055298289630854,0.3261252563933973,0.4591351444086698
3050.79796359,0.9968674813937036,0.5490744252972743,,0.8824345740742283,0.6071993122721948,,,0.9925754933704299,0.9732512813482784,0.9595753937218312,0.9929452481200906,,0.9917003614733014,0.7022836653700653,0.8857460385397797,0.9200106803898193,,,0.8212924070674694,0.8821270394612476,0.8384401653317508,0.7645386487074866,,0.6064416138892126,,0.6246019637670144,0.5321381324665976,0.3691144934150131,0.5107637919007522
3060.54516415,0.9985761488419119,0.6044518533942081,,0.9074756557027274,0.6587019966167527,,,0.9939053247228467,0.9786985418884764,0.9671451343058586,0.9941935634072285,,0.9934581439537992,0.7547424261701167,0.9085184181975904,0.9340840436830004,,,0.8550078824059625,0.9030515378850055,0.8686663738862889,0.8054225634499604,,0.6544678941976312,,0.6767635676864798,0.5957628350324211,0.42411554139363533,0.5697588595580878
3070.29515395,0.9998522719020909,0.670616056180184,,0.9318974384803774,0.7209877394943148,,,0.9953746373657321,0.9839694438830929,0.9749071427361584,0.9955113906901286,,0.9950515941359594,0.8109784900640274,0.9312754483433304,0.9489765097101238,,,0.8897099066469784,0.9247982702601264,0.8993780170586142,0.848155877518983,,0.7129890617466835,,0.7305414460396344,0.673273169201196,0.4974838755619802,0.6414929487960599
3080.04791767,1.0,0.7529240491728364,,0.954820221235663,0.7954465475623483,,,0.9968669951654839,0.9891649487875205,0.9830095954700766,0.9968977945346814,,0.9965604140994369,0.8708287040047313,0.9540973495253785,0.9648131058493357,,,0.9251530631570238,0.9477747904201025,0.9310100447667082,0.8933174484973301,,0.7844446385316964,,0.7907921335674519,0.7667798474582603,0.5997449093674497,0.7317713364739755
3089.80344009,1.0,0.858903750476595,,0.9769175004616356,0.8858786007388412,,,0.9984063260965228,0.9945077701608682,0.9913236681455281,0.9984370946869314,,0.9982904103600874,0.9339086972118229,0.9769054549732888,0.9818330356190248,,,0.9616953934429631,0.9727364624426504,0.9641958941184283,0.9433130110721653,,0.8771072448082692,,0.8777119982713055,0.8751072991425565,0.7513121201566677,0.8488190554701016
3099.5617061,1.0,1.0,,1.0,1.0,,,1.0,1.0,1.0,1.0,,1.0,1.0,1.0,1.0,,,1.0,1.0,1.0,1.0,,1.0,,1.0,1.0,1.0,1.0
