,CAGR01 Calcite.,F1CC06B Magnesite.,HS433 Halite.,LAZE03 Prehnite.,bkr1jb329c Siliceous-sinter.,GDS26 Epidote.,GDS1 Analcime.,NBPP22 Clinopyroxene.,LAPP47B Orthopyroxene.,LAPO05 Fayalite.,LASC02 Forsterite.,GDS27 Hematite.,NCLS04 Plagioclase.,LACL14 Chlorite.,LAKA04 Kaolinite.,LAIL02 Illite.,GDS106 Margarite.,c1cy29 Vermiculite.,LALZ01 Serpentine.,LAMO02 Montmorillonite.,NCJB26 Nontronite.,LASA58 Saponite.,GDS23 Talc.,F1CC08B Alunite.,GDS145 Bassanite.,LASF41A Gypsum.,LASF21A Jarosite.,F1CC15 Kieserite.,799F366 Mg-sulphate.
Category,carbonates,carbonates,hydrated silicates & halides,hydrated silicates & halides,hydrated silicates & halides,hydrated silicates & halides,hydrated silicates & halides,iron oxides & primary silicates,iron oxides & primary silicates,iron oxides & primary silicates,iron oxides & primary silicates,iron oxides & primary silicates,iron oxides & primary silicates,phyllosilicates,phyllosilicates,phyllosilicates,phyllosilicates,phyllosilicates,phyllosilicates,phyllosilicates,phyllosilicates,phyllosilicates,phyllosilicates,sulfates,sulfates,sulfates,sulfates,sulfates,sulfates
Root Data ID,CAGR01 Calcite,F1CC06B Magnesite,HS433 Halite,LAZE03 Prehnite,bkr1jb329c Siliceous-sinter,GDS26 Epidote,GDS1 Analcime,NBPP22 Clinopyroxene,LAPP47B Orthopyroxene,LAPO05 Fayalite,LASC02 Forsterite,GDS27 Hematite,NCLS04 Plagioclase,LACL14 Chlorite,LAKA04 Kaolinite,LAIL02 Illite,GDS106 Margarite,c1cy29 Vermiculite,LALZ01 Serpentine,LAMO02 Montmorillonite,NCJB26 Nontronite,LASA58 Saponite,GDS23 Talc,F1CC08B Alunite,GDS145 Bassanite,LASF41A Gypsum,LASF21A Jarosite,F1CC15 Kieserite,799F366 Mg-sulphate
Sample ID,CAGR01,F1CC06B,HS433,LAZE03,bkr1jb329c,GDS26,GDS1,NBPP22,LAPP47B,LAPO05,LASC02,GDS27,NCLS04,LACL14,LAKA04,LAIL02,GDS106,CY-PLH-029,LALZ01,LAMO02,NCJB26,LASA58,GDS23,F1CC08B,GDS145,LASF41A,LASF21A,F1CC15,799F366
Species,calcite,magnesite,halite,prehnite,siliceous-sinter,epidote,analcime,clinopyroxene,orthopyroxene,fayalite,forsterite,hematite,plagioclase,chlorite,kaolinite,illite,margarite,vermiculite,serpentine,montmorillonite,nontronite,saponite,talc,alunite,bassanite,gypsum,jarosite,kieserite,mg-sulphate
Subgroup,calcites,calcites,chlorides,prehnites,hydrated-silicas,epidotes,zeolites,pyroxenes,pyroxenes,olivines,olivines,hematites,feldspars,chlorites,kaolinites,micas,micas,micas,serpentines,smectites,smectites,smectites,talcs,hydrous_sulphates,hydrous_sulphates,hydrous_sulphates,hydrous_sulphates,hydrous_sulphates,hydrous_sulphates
Group,carbonates,carbonates,halides,inosilicates,mineraloids,sorosilicates,tectosilicates,inosilicates,inosilicates,nesosilicates,nesosilicates,oxides,tectosilicates,phyllosilicates,phyllosilicates,phyllosilicates,phyllosilicates,phyllosilicates,phyllosilicates,phyllosilicates,phyllosilicates,phyllosilicates,phyllosilicates,sulphates,sulphates,sulphates,sulphates,sulphates,sulphates
Library,MICA_new_dirtree,MICA_new_dirtree,MICA_new_dirtree,MICA_new_dirtree,MICA_new_dirtree,MICA_new_dirtree,MICA_new_dirtree,MICA_new_dirtree,MICA_new_dirtree,MICA_new_dirtree,MICA_new_dirtree,MICA_new_dirtree,MICA_new_dirtree,MICA_new_dirtree,MICA_new_dirtree,MICA_new_dirtree,MICA_new_dirtree,MICA_new_dirtree,MICA_new_dirtree,MICA_new_dirtree,MICA_new_dirtree,MICA_new_dirtree,MICA_new_dirtree,MICA_new_dirtree,MICA_new_dirtree,MICA_new_dirtree,MICA_new_dirtree,MICA_new_dirtree,MICA_new_dirtree
Sample Description,,,,,,,,,,,,,,,,,,"LLANO,TX",,,,,,,,,,,
Date Added,,,,,,,,,,,,,,,,,,19-Jul-90,,,,,,,,,,,
Viewing Geometry,,,,,,,,,,,,,,,,,,"i=30, e=0",,,,,,,,,,,
Other Information,,,,,,,,,,,,,,,,,,,,,,,,,,,,,
Composition,,,,,,,,,,,,,,,,,,,,,,,,,,,,,
Resolution,,,,,,,,,,,,,,,,,,,,,,,,,,,,,
Grain Size,,,,,,,,,,,,,,,,,,0 - 500 µm,,,,,,,,,,,
Locality,,,,,,,,,,,,,,,,,,,,,,,,,,,,,
Database of Origin,MICA Files (USGS/RELAB),MICA Files (USGS/RELAB),MICA Files (USGS/RELAB),MICA Files (USGS/RELAB),MICA Files (USGS/RELAB),MICA Files (USGS/RELAB),MICA Files (USGS/RELAB),MICA Files (USGS/RELAB),MICA Files (USGS/RELAB),MICA Files (USGS/RELAB),MICA Files (USGS/RELAB),MICA Files (USGS/RELAB),MICA Files (USGS/RELAB),MICA Files (USGS/RELAB),MICA Files (USGS/RELAB),MICA Files (USGS/RELAB),MICA Files (USGS/RELAB),RELAB,MICA Files (USGS/RELAB),MICA Files (USGS/RELAB),MICA Files (USGS/RELAB),MICA Files (USGS/RELAB),MICA Files (USGS/RELAB),MICA Files (USGS/RELAB),MICA Files (USGS/RELAB),MICA Files (USGS/RELAB),MICA Files (USGS/RELAB),MICA Files (USGS/RELAB),MICA Files (USGS/RELAB)
Reflectance,---,---,---,---,---,---,---,---,---,---,---,---,---,---,---,---,---,---,---,---,---,---,---,---,---,---,---,---,---
900.0,1.0,1.0,1.0,1.0,1.0,1.0,1.0,1.0,1.0,1.0,1.0,1.0,1.0,1.0,1.0,1.0,1.0,1.0,1.0,1.0,1.0,1.0,1.0,1.0,1.0,1.0,1.0,1.0,1.0
903.28574336,0.9995123682912115,0.9998807541918975,0.9995479140288501,0.9997824569148581,0.9998673205208728,0.9914745945415603,1.0,0.9823112869291812,0.9407986364385209,0.9920711044247515,0.9871419171697778,0.9859549902099606,0.9996598683479667,0.9982632310247903,0.9998549531303225,0.9982699495242326,0.9980035715481839,0.999528227623435,0.9991381939615135,0.9998989514961649,0.9953303065156622,0.9991019965251136,1.0,0.9997840637065187,0.9995020253665504,0.9997013036167051,0.9899171539901731,0.9999098384001971,0.9998809691987648
906.618278421,0.9994208275423395,0.9993747365923576,0.9992237828611786,0.9996679754436527,1.0,0.9835402421396178,0.9996266806820715,0.9644199600751195,0.8899129144619693,0.9842983403907288,0.9741155139662548,0.9734376734672614,0.9991851175529257,0.9971168977611233,0.9997396454582096,0.9966621262801184,0.9957801899564239,0.999670273865094,0.99794025722528,0.9991207501222586,0.9908488747436907,0.9980103783970866,1.0,0.9992391516172678,0.9988185378758184,0.9995739695638508,0.9807694708610208,0.9998557386739335,0.9996181286066589
909.999291084,0.9992841812968858,0.9988968156006571,0.9986735469522847,0.9996166819572674,0.9999440494055322,0.9756360694959862,0.9985381697299731,0.9459614683016658,0.8460731224269135,0.9770712547277512,0.9606532873787802,0.9620207311120259,0.9985392651192314,0.9962059915346707,0.9995830876163161,0.9953833027849986,0.99351823413002,0.9999470372461986,0.9969668199787316,0.9983839978514156,0.9865444447463528,0.9974281373174191,1.0,0.9989034955013261,0.9983882729676338,0.9990726945964974,0.9721571267332939,1.0,0.999214528185574
913.430570243,0.999165345291698,0.9986868623484007,0.9983721665030743,0.9998793703145169,0.9999784803186514,0.967211280456473,0.9973385973464569,0.926897856980214,0.8065214698854593,0.9694665240706193,0.9461919340415825,0.9513556960865963,0.9979842083711404,0.9955441737957191,0.9993128284019722,0.993707299550967,0.9916244630538781,1.0,0.9963084357233096,0.9977540761806725,0.9824010081374656,0.9975059712639935,0.9996886263758195,0.9989308649507724,0.997702626701848,0.9989807986464204,0.9648175499241497,0.9999554488556708,0.9989992483434339
916.914016797,0.9991444726583066,0.9985971997645706,0.9984088423765215,0.999880367299522,1.0,0.9578769246274028,0.9961318502160588,0.9071515774770216,0.7718434761038694,0.9614189160444071,0.9307792121727897,0.9413677482504333,0.9977181370960299,0.9948708082955535,0.9989933829811907,0.9917215243689845,0.9906120434362157,1.0,0.9957150387389269,0.9974056787936941,0.9785113776116227,0.9975393532872088,0.999289530870682,0.9993617071667484,0.9970455192624749,0.9987246281797701,0.9574671881083056,0.9998952814546095,0.998679533342121
920.451653694,0.9992584042713721,0.9981854423783963,0.9987075519157123,0.9998246690350946,1.0,0.9477197329836909,0.9949005938006575,0.8868924181648138,0.7418972895936787,0.9532951069081235,0.9153417701002273,0.9321897079015945,0.997271498213043,0.9939979008324328,0.9987872576015633,0.9898943245544232,0.9902122057005023,0.9999360874764379,0.9950031790672185,0.9971561605600324,0.9751023503432479,0.9966796457210811,0.9986343424892853,0.9998176684147728,0.9963889318475707,0.9988314703410198,0.9506094795894097,1.0,0.9985049283804703
924.045637162,0.9996810562030307,0.9979850973294847,0.9992684021466378,0.9998256416315983,0.9997695709263308,0.9375097642707588,0.9934510879060665,0.8669409373050805,0.715135653423728,0.945201205367478,0.8999690473518548,0.9251740891126824,0.9962869458109056,0.9934621412011524,0.9991083739570061,0.9881715814427715,0.9897323155692648,0.9995972335402888,0.9940627449102827,0.9972884712092451,0.9716817161135355,0.9958495712248457,0.9980575317751204,0.9998867274448189,0.9959603353510742,0.9983239727887442,0.9445990028877089,0.9999212569370254,0.9981336526446966
927.698269301,0.9997229174378947,0.997878940422589,0.9998523255148689,1.0,0.9990910133890943,0.9275863685656968,0.991489445428015,0.8464184183481491,0.6913963011898572,0.9374780467071143,0.8836368060184153,0.9208237592357331,0.9951286084140256,0.9945065989984362,0.9986466984154128,0.9863597478558602,0.9890633264762556,0.9988079163500373,0.9922881628070329,0.9980704511497093,0.968467771891248,0.9949751160956041,0.9974502324739662,1.0,0.996182275729349,0.9980149740843627,0.9389134520554674,0.9998495070312106,0.9976655361432207
931.412012249,0.9996785795079143,0.9976288122041463,1.0,0.9999611057094846,0.9983133660264021,0.9181318431634525,0.9892199326420827,0.8262847296434384,0.6701914795849978,0.930120141442278,0.8663719104828145,0.9180795488323912,0.994028138833246,0.9956655039328646,0.998103237143568,0.9846324882442206,0.9881511784926971,0.9979012869639343,0.9914074911777768,0.9991576578371989,0.9656483992088617,0.9940452985589645,0.9962331445750977,0.9999258382619144,0.9963063949803505,0.9980143940344813,0.9332396366605441,0.9997606671729931,0.9970833701570619
935.189504163,0.9996035848870491,0.9975915368545432,0.9996921638390746,0.9996625636259028,0.9978877927444313,0.9092363425697786,0.9868931014302764,0.8068888356425163,0.6521575599704847,0.9229245451431574,0.8487704887860464,0.9152750157598014,0.9928971329642465,0.9963739947628544,0.9975872726713215,0.983397744276597,0.9872535906159002,0.9965185836349169,0.9917145796188928,0.9998273674820485,0.9630271863775184,0.9930382579443023,0.9937250640719004,0.9999737705719305,0.9955148655960404,0.9981090682106991,0.9280871445680569,0.999498502366039,0.9963092773150932
939.033577299,0.9994696624509845,0.997680608356414,0.9988372798157495,0.9996004633913415,0.9968167340080997,0.900586560133056,0.9844765293650601,0.7878157265449462,0.6381954895355718,0.9156147679042596,0.8308763786715768,0.9118218045228509,0.9914759970207487,0.9970321442280254,0.9970401555341607,0.9819398980587961,0.9864760894031216,0.9941182225230338,0.9921171151259988,0.9987586249256006,0.9601175881455307,0.991346222103214,0.988940951266704,0.9998938466064794,0.9939705621045144,0.998207550401416,0.9241399299923513,0.998731115632751,0.9954092322681746
942.947278561,0.9994715926135164,0.9975262412342188,0.9978138218932787,0.999698033514856,0.9958267382833206,0.8914848702608287,0.982272287371221,0.7687541344838905,0.6268555208165595,0.9083864039375403,0.8129226752813985,0.9083306455979246,0.9896668414270873,0.9974909479034667,0.996427144098022,0.9805017749818341,0.9853002101550198,0.9913607681491541,0.9918773010863452,0.9979732450998677,0.9573463691782425,0.9878046287442831,0.9810287041808129,0.999150477807661,0.9920975379726958,0.9976894154239959,0.9197056817913097,0.9978158132040553,0.9944598159575018
946.933892918,0.9992953978232627,0.9974406148664934,0.9969741511635156,0.9996866223379482,0.9955747848666805,0.8820905729038865,0.9800625900731703,0.7497998777077746,0.6177479116143564,0.9007973679430499,0.7948711706801533,0.9057740689177168,0.9876761758811438,0.9975436017004152,0.9958566300644396,0.9789068388122504,0.9841385408397276,0.9897384416746391,0.9916911311265116,0.9978170149794875,0.9553238214215863,0.9838434007373854,0.9735680493094087,0.998179685719766,0.9904050204304492,0.9967911225985566,0.9153170830742829,0.9965215746414531,0.9935471987806093
950.996970209,0.9991754483323129,0.9976024093244962,0.9973062269642942,0.999690695753932,0.9957673964703668,0.8733618791738652,0.9770799943028903,0.7313383635459164,0.6110354593270813,0.8930445002887886,0.77693142267683,0.9052176472646689,0.9855297981118966,0.997497113824378,0.9947221428729337,0.9771776032480639,0.9833639775727777,0.9900113211575887,0.9919727080385731,0.9976950913158601,0.9531951188702116,0.9829323182418636,0.9724916389405731,0.9975420495299948,0.9891745047047933,0.996063962082685,0.9112146197886283,0.9951824748363699,0.9923014083184242
955.140355948,0.9990802198116864,0.9976465734147488,0.9983983581815017,0.9997870243135033,0.9955745696329208,0.8651334897846197,0.9728184051252181,0.7138367214523473,0.6066382769790671,0.8854333631351533,0.7586549661696247,0.9074433055854835,0.9836235741608417,0.9980307876290048,0.9934380859773462,0.9753341380936126,0.98289227920207,0.991706519588861,0.9930542003535023,0.9971725706157978,0.951185129771633,0.9841742114675779,0.978874216397759,0.9970530200794919,0.9883479132393141,0.9952651209915074,0.9072668476279808,0.9938540193797627,0.9902624954933074
959.368226885,0.9990782556592513,0.9975215686428445,0.9991380016218987,0.9999621447109992,0.9951997265203516,0.8562085600907604,0.9666642850476843,0.6971021056597687,0.6049996586904106,0.8781350014144567,0.7401472628790035,0.911548469995099,0.9816011861075373,0.9991245040273483,0.9927904120035816,0.9736723469995328,0.9813472478200284,0.992825624595901,0.9943560694050914,0.9965009477029905,0.9493175392650678,0.9841484083541734,0.9853718849925783,0.9959503756371814,0.9875266623832563,0.9938637372050129,0.9040817913501303,0.9925216740104617,0.9876781692711339
963.685132242,0.9991101434317867,0.9975236878483577,0.9995360054210343,0.9999607986740033,0.9949095866177616,0.8465905720617474,0.9587010564890466,0.6811397770755702,0.6062802612893426,0.871134713236841,0.7214609351259428,0.9163226554780629,0.9794317568346902,0.9998608480009722,0.9924168656289899,0.9726334161585337,0.9796307257385818,0.9938502679512002,0.9959153472665808,0.9959062633305391,0.9478062914147679,0.9836450068224615,0.9892093815077303,0.9945348033400405,0.9865006212576357,0.9926419318987034,0.9014506767463406,0.9910591299077043,0.9848387522621429
968.096041789,0.998897335861978,0.997564181174137,0.9996645905742845,0.9998927785545859,0.9948184943595847,0.8368809531740861,0.9513330355576728,0.6659271933611031,0.6102773680486844,0.8640874242309359,0.7026778075996478,0.9206144751442927,0.976815104857636,1.0,0.9931273421889929,0.9718199645688799,0.9790227701448079,0.9944231219407719,0.9975333120980167,0.9954108677059944,0.9464626489750405,0.9843301032408491,0.9905908165484342,0.9927433910637764,0.9849672325081534,0.9913302673169976,0.8993344731096728,0.9894880511602545,0.9822061095796824
972.606402173,0.9988791945541265,0.9975642993435402,0.9996861806409428,0.9996809097753596,0.9952425072255284,0.8271535416909107,0.9488048149625438,0.6516203102475395,0.6166626568204722,0.8559818518449774,0.6841226384250626,0.9250907492361053,0.973898669230785,0.999997432172825,0.9948941783781245,0.97092332790753,0.9791412930638833,0.9950732148927135,0.9989552169627174,0.9951504501565764,0.945645782968435,0.9855160133349808,0.9903682983991225,0.9903757374711035,0.9837879502520925,0.9897721489555751,0.8985244837358679,0.9881394979655616,0.9795725209585293
977.222203311,0.9989990122464394,0.997410887699312,0.9989876007840703,0.9997991766641622,0.9957401999331927,0.8184688997962017,0.9511676491807605,0.6382176481910804,0.6258076640055918,0.8474535543832664,0.6663212197137526,0.9299271910048208,0.9708717607348868,1.0,0.9966101772527955,0.9696907896376509,0.9793221160702361,0.9954074106809881,0.9998182295960149,0.995958769557741,0.9450310623599483,0.9866522424859007,0.9893015164680112,0.9875561573945251,0.9836362661811445,0.9884819691364299,0.898370037876833,0.9870038390989764,0.9772897884224927
981.950057134,0.9988268912672521,0.9970865379748336,0.9981496445502425,0.999873074703381,0.9964364728081181,0.8108089312199591,0.9560142929999718,0.6255660005556668,0.6375492010532607,0.8392512416579674,0.6484568816466397,0.9349822983527836,0.968027333860755,0.9998486097862824,0.9976064077310002,0.9681797635626127,0.9790951091946537,0.9958099103509592,1.0,0.9970204726238651,0.9445244145097622,0.9872778744987756,0.9883414643777644,0.984221742771079,0.984434239141073,0.9867100020013394,0.8978424535678408,0.9861154772688093,0.9763369967228186
986.797291589,0.9986430447695506,0.9970588428021353,0.9983914428118433,0.9998321949754108,0.9970643238906836,0.8030460753693636,0.962376292377594,0.6136428626739218,0.6508917423340588,0.8311727214349204,0.6305748309191466,0.9403824447035606,0.9651703963881768,0.9993999136913377,0.9977631290196588,0.9665599917304023,0.9786666318546723,0.9959777285442241,1.0,0.9972419456319728,0.9444192419591112,0.9877376735809458,0.9878816347319962,0.9805320887007061,0.9859666037921262,0.985242892897873,0.8972598136941113,0.9852123797003783,0.9763400113573822
991.720028203,0.9986309337129856,0.9967998883498205,0.9988140738994233,0.9995193770855099,0.9972637830313448,0.7956667779388539,0.9692775240426169,0.602610147418699,0.6660460638667637,0.8228346235075508,0.6132347987756134,0.9462775564053164,0.9615572969457497,0.9985074068197575,0.9975759449270709,0.9646869973286702,0.9774309693662225,0.9960578266044788,0.9999935207038124,0.9965028852490462,0.9449257743983713,0.9884042157672047,0.9873280118340872,0.9771552041885438,0.9876815349578213,0.9838940045083255,0.8975156116225692,0.9843058426429055,0.9767925520473116
996.671068522,0.9984578999743545,0.9967878234935152,0.998424049636,0.9991498182054526,0.9976793273674982,0.7886354381466076,0.9753804209611744,0.5931120582590605,0.6835638363688968,0.814325329431236,0.5969703776359528,0.9526561422659988,0.9575413462012278,0.9970155916097714,0.998132951897208,0.9628038498793774,0.9755093026311878,0.9960149245267369,0.9999698375324721,0.9959715172054254,0.9454104653234673,0.9892877572989185,0.9863881068192305,0.9750299287404636,0.9895515951836152,0.9832218876003219,0.8979990602554546,0.9835638110501491,0.977680344125936
1001.65061855,0.9980381552997291,0.9970653293724198,0.9975593928232379,0.9987745476532798,0.9981418049288395,0.7810600993351396,0.9806664220803218,0.5852000942720677,0.703544320688524,0.8059162513380658,0.5818415638238017,0.9590155428606694,0.9541157912844731,0.9950989111247633,0.9984134665094875,0.9609859226728001,0.9729610116113296,0.995702393896537,0.999753674157051,0.996617390579387,0.9459735683139608,0.9900416700867251,0.9857356660165617,0.9744358173424706,0.991314351885283,0.983830292845439,0.8987886178713714,0.9833255061854004,0.9782946004906335
1006.65888632,0.997218691431627,0.997651616021916,0.9975145920518629,0.9985277905260964,0.9986624013517805,0.7735743633555167,0.9850782640700427,0.5787643888447837,0.7253194652204914,0.797713935975055,0.5677675376959007,0.9647663801219681,0.9507448385548011,0.9930230873339891,0.9978766289834169,0.9593465677366161,0.9705446493762583,0.994883855481458,0.9992604904553961,0.9963056185012767,0.947153665778281,0.9910727179996888,0.9854886134079721,0.9754949500193691,0.9929812371256149,0.985321608787613,0.9003649459413686,0.9836241439591592,0.9796429642825614
1011.69608192,0.9965671912689696,0.9981052879424436,0.9979453555731276,0.9984729530760823,0.998700671646211,0.7671941511525108,0.9883727061283412,0.573599639457429,0.7482666494533406,0.7901141121624748,0.5549163646723015,0.9696637327516313,0.9472818421920759,0.9909424499925122,0.9976018436856247,0.9577582286532483,0.9681928928201938,0.9940154971852049,0.9986433949743723,0.995059300837075,0.9483726259337325,0.9922144802437087,0.9848344442123236,0.9781024868268186,0.9942383951885623,0.9872145910836295,0.9024736201162636,0.9834403680791654,0.9814544423989272
1016.76241755,0.9966236353529104,0.9984881663535768,0.9982705636501853,0.9985281117347761,0.9988349918171068,0.7625977441874316,0.9910772862924612,0.569583542673481,0.7720880315093325,0.7830549879435239,0.5432357998576466,0.9737062082401189,0.9439779242611589,0.9884878390485383,0.9977968631981471,0.9558014039765406,0.9659248927989341,0.9935464455797117,0.9983275161168668,0.9943056270901046,0.9495841785256247,0.993366521117462,0.9838115330081142,0.9820528919508209,0.9952019690928123,0.9889448557048313,0.9046760706690956,0.9832515231353891,0.9835673955890367
1021.85810749,0.9966952915480248,0.9986109603587519,0.9980462179151446,0.9987003842084263,0.9992844757842504,0.7584820709061135,0.9929937709330263,0.5668163209134551,0.7965780234953523,0.7762702296162706,0.5321389977691795,0.9769493829958439,0.940697427084026,0.985728947255,0.9981887788785753,0.9535703283053487,0.9642164822647665,0.9929805504423289,0.9982291140943705,0.9938435453990956,0.9511930206560472,0.9939726374210784,0.982908756528774,0.9865477323319757,0.9961194990394442,0.9904029585333227,0.9075135360037904,0.9833852047540136,0.985617595828738
1026.97288016,0.9970110263562031,0.9985482938958633,0.9971213242050102,0.9990692638719987,0.9992558435839083,0.7542712669572424,0.9943965708139461,0.5651044119974976,0.8206073745195023,0.7696462287299987,0.5220340464166258,0.9791859597834875,0.9375812280778473,0.9826621775471372,0.9984908745905875,0.9511119986646742,0.9627438071842939,0.9927571208586841,0.9977752214587318,0.9940288308687328,0.9531637975825713,0.9943939280209949,0.9825638493301031,0.9911475146747097,0.9968819819380742,0.9920349919376138,0.9107655270480527,0.9838699442821228,0.9877210563664615
1032.10649695,0.9969855965214376,0.9986536679077691,0.9965729027595294,0.9993448340233843,0.9991699237722997,0.7506468781150373,0.9947034236735175,0.5646748233628489,0.8445386446033748,0.7627514609959294,0.5135434793099505,0.9808418294742657,0.934565539883329,0.9794797327558113,0.9989572289305305,0.9490684212867262,0.9605441284405615,0.9926822262250851,0.9965242638335314,0.9942990720855793,0.9552027873532032,0.9953874733211722,0.9826125290047719,0.9944084356839913,0.9976054114642116,0.994022263065896,0.9146069089709797,0.984559068686301,0.9898612421097347
1037.25897753,0.9967713516250313,0.9986821365612835,0.9967038285325623,0.9994406780234737,0.9995782611250241,0.7475734085551408,0.9948915364871425,0.565524729234884,0.8682159629608001,0.7559152726607675,0.506480812780245,0.9812903767821942,0.9313547041710017,0.9761952229691336,0.9992026824401061,0.9471929116173604,0.9581018254991925,0.9929401282735827,0.9949192145839884,0.9945672122347156,0.9574099111596329,0.9962244491045824,0.9831292545545824,0.9965289256751887,0.9983481946112414,0.9955566949079143,0.9187594780702255,0.9853469953817968,0.9918595579940057
1042.4303413,0.9964886558323099,0.9988775774765991,0.9973993324264789,0.9995399791185218,0.9999032864499963,0.7447596031511303,0.9953993571171602,0.5675502174087027,0.8908656938868736,0.7501531876106686,0.5003661917715146,0.9808585769315021,0.9281111200775989,0.9732093247058199,0.9993139657565014,0.9448648745141165,0.9558948309659172,0.9932810284574046,0.9936016915880451,0.9942795525835253,0.9598790497545604,0.9965423638554273,0.9837882241674496,0.9979198627305369,0.9988563521665615,0.9970057382728558,0.9229221598880185,0.9863811077114354,0.9937964855324682
1047.62060737,0.9960320256667513,0.9989867675438544,0.9975212113951354,0.9995880606710327,0.9999801587601604,0.7427241434478719,0.9961622398474154,0.5705586474749257,0.9122499811877085,0.744518425165599,0.49515502709184994,0.9798535958257957,0.9248019096032851,0.9702662376966311,0.9995424771624858,0.942363136770472,0.9540969267999813,0.9937596292387636,0.9918448846815149,0.9932249109289205,0.9623477127772238,0.9971397579194654,0.9838956473349851,0.9987187393870872,0.9992204641819015,0.9979326439481481,0.9274164418690428,0.9876245772400405,0.9956323827667629
1052.82979459,0.9958629892656327,0.9989058885416863,0.9972735505258095,0.9995183713419581,1.0,0.7415665510586295,0.9960238130695572,0.5747136464341098,0.931733759618275,0.7389824143862208,0.49099139536938635,0.9779310003540046,0.9219609403278203,0.967162794861941,0.9995865911682963,0.939424097701799,0.9520789454588933,0.9941962569589827,0.9896270341448966,0.992102790698298,0.9649592996879163,0.9977320193828738,0.9833633536647669,0.9992307537542535,0.9992822409558829,0.9984082967276794,0.9315573029993881,0.9890560575190834,0.9970822249114875
1058.05208946,0.9956710435871596,0.9990055330758072,0.997733589077229,0.9996242667970001,0.9998213504126806,0.7408067867122519,0.9958362500980736,0.5802440240537692,0.9489842163827074,0.733884201514076,0.48784825308033847,0.9764868150723784,0.9193386972359815,0.9633041823938869,0.9996849757517193,0.9367584120477196,0.9499203597914153,0.9949209787550755,0.9881977391431749,0.9917547146052965,0.9677180064936964,0.9982227823349709,0.9830950002418523,0.9993471642570477,0.9993345997221892,0.9987814053322016,0.9358402906810156,0.9905880697374523,0.998241317011353
1063.2810895,0.9955052761971658,0.9993875795368993,0.9985033617660595,0.9996397891573758,0.9996661170204776,0.7409376026448287,0.9955638548980928,0.5869944377619668,0.9639359674943835,0.7296792301218131,0.48609616878771994,0.975317329674358,0.9166179949354389,0.9598556454778152,0.9996195377713496,0.9344957752261513,0.9475034847005779,0.9956902467083889,0.9867889237814538,0.9924429711381693,0.9703323245511798,0.9985038910046375,0.9833768996427082,0.9996348525064144,0.9995104848792404,0.9992303254097056,0.9404989987409206,0.9923872700494855,0.9990955466475911
1068.51675432,0.9955240798299493,0.9996421033475759,0.9989774874664639,0.999764327638844,0.9997342419354854,0.7420968301897687,0.9953275078977522,0.594767561743155,0.9762722483287372,0.7257192338936406,0.4853974600242244,0.973845827513327,0.9136699387713959,0.9572213010893887,0.9992754453379052,0.9325728466362142,0.9447461307704117,0.9963368561941077,0.985122017858483,0.9934631477010927,0.9734606491130471,0.998946594515349,0.9838977875477838,0.999856745584556,0.9998033695211345,0.9997070781021916,0.9448899911327543,0.993768461909699,0.9995725661451027
1073.75904388,0.9956894184664358,0.9997177929853852,0.9985033101885541,0.9999044496351353,0.9998179056844975,0.7438744593345399,0.9949844447895227,0.6032533594766667,0.9858166520166989,0.7222043862138433,0.4852488507461327,0.9725678019615425,0.9107833816441899,0.9544228387868103,0.9985889659953439,0.9310991734486285,0.9420651020165506,0.9968651788096737,0.9838058734795015,0.9941481169403488,0.9765526796563395,0.9993711152573745,0.9845739298016034,0.9999421870964539,1.0,1.0,0.9488915824230549,0.9951459469765861,0.9999483512214188
1079.00791838,0.9964936019764062,0.9996576270363577,0.9977301630606569,0.9999654171567163,0.9998694245880437,0.7459226506598998,0.9946353227007445,0.6128820571982557,0.9926840919486202,0.7194169102742626,0.4862475282835751,0.9716527210214938,0.9082076836995314,0.9513010738754398,0.9980980786771807,0.9289581997765479,0.9396953672554841,0.9972586809638956,0.9820058993501464,0.9948073884989097,0.9791516222370849,0.9997407510840858,0.9849881402390372,1.0,0.9999196936918797,1.0,0.95336737732141,0.9965704760662318,1.0
1084.26333836,0.9967490074624039,0.9997814180221986,0.9971015436766097,0.9999080913638693,1.0,0.7482254789230329,0.9940832788287166,0.6234850644135215,0.9969038145642184,0.7173343345434958,0.4883634154065231,0.9710759429483695,0.9055963953658711,0.9482138778619563,0.9982867328692646,0.927076926343132,0.9378349481994521,0.9976138628722445,0.9803743896350747,0.994149098897379,0.9820206960321533,0.9998323172436115,0.9852444322516303,0.9996945831860271,1.0,1.0,0.9577922560516672,0.997558926317463,1.0
1089.52507305,0.9967001122740943,0.999782612674085,0.9978103083294798,0.9998842747726346,1.0,0.7521673020063299,0.9932666067053311,0.6347361562290802,0.9994579149998924,0.7149506349541851,0.4913219642974524,0.9705216562306571,0.9032114066531693,0.9455191365549055,0.99920947754978,0.9257017337093368,0.9368474130191956,0.9978573068784913,0.9789995352220267,0.9942885630756259,0.9847392826154542,0.9997528939137691,0.9857791444535787,0.999354013265154,1.0,0.9999093953372568,0.9614454564762828,0.9983750838968349,1.0
1094.78823545,0.996429604267487,0.9997478024082417,0.9987232363660974,0.9998740423378581,1.0,0.7571881366638041,0.9919948039491074,0.646804933625907,1.0,0.7133022823169327,0.4950088420277412,0.9701166087607499,0.901312017185644,0.9435107741717947,0.9994007451011437,0.9239823863542755,0.9359789025620316,0.9978392918015684,0.9781527642732786,0.994301581639693,0.9869689253216125,1.0,0.9867603947235769,0.9991563081534266,0.9994861909167504,0.9996217160539281,0.9651309081534303,0.999056151449944,1.0
1100.05281299,0.9960763461700827,0.9997359515349351,0.9989243202589462,0.999941348284366,1.0,0.7633508917671198,0.9897239839397177,0.6595435951593986,1.0,0.712447333928859,0.4991619649019839,0.9702197965155135,0.899270310771488,0.9415061105057412,0.9993967282134213,0.9226714551302737,0.9353511387835458,0.9979264042183013,0.9772971647762775,0.9937804312249591,0.9892830408879602,0.9999481394675023,0.9877268426002538,0.9990136624256543,0.9987734709185104,0.9997312870354412,0.9686511101876993,0.9997403775983829,0.9999874449288532
1105.31879326,0.9959457737250879,0.9998101281611218,0.9991525303125814,1.0,0.999921737941494,0.7704176460432317,0.987266409862172,0.6726089261377978,1.0,0.7119886282815507,0.5035708387479501,0.9708663427721159,0.8973558422381502,0.939176483986295,0.9993136776257413,0.9217805698011637,0.9347504855416433,0.9982071431064018,0.9766849859715416,0.9933729406630118,0.9913931750245691,1.0,0.9886565743002452,0.9987009237093695,0.9980217602210674,0.9999003376433483,0.9724380152320299,0.999912162604737,1.0
1110.586164,0.9959644502802184,1.0,0.999214275080006,0.9999067132997252,0.9998753921034772,0.7778861609066179,0.9847263641836226,0.6860126745815306,1.0,0.7116574937888587,0.5079859078440818,0.9717229658473671,0.8953170139773597,0.9372293515035863,0.9993488768949034,0.9210992181900409,0.9341763037732213,0.9988738324536898,0.9762642134394678,0.9927120216368452,0.9934497691587033,0.9997985277032089,0.9897270645617118,0.9986889456394521,0.9973589237752478,0.9998498319863323,0.9756882359133374,1.0,0.9999656240321801
1115.8549131,0.9956176445255891,1.0,0.9992773791891112,0.9999266100055055,0.9998171931804878,0.7854688649518529,0.982727836820879,0.6993606360687252,1.0,0.7117490675742475,0.5127479505723779,0.9725810393953717,0.8934408418456427,0.9358514062764873,0.9996559578416049,0.9209097120348855,0.9330202876388478,0.999583538283152,0.9760897521552598,0.9918807674556397,0.9958859444119523,0.9991056870724284,0.9906448443860861,0.9985711414707293,0.996794576574192,0.9995129976590356,0.9787251041774875,1.0,0.9998774290795676
1121.12502863,0.9957141421433742,1.0,0.9991447130199527,0.9998636054747638,0.9993855599187285,0.7928814850404159,0.9804641311754998,0.7131153291865785,1.0,0.7117740850734463,0.5179586159467324,0.9735415357090619,0.8914740125384113,0.9352762165449631,0.9997916095486402,0.9205441090866631,0.9321786178850638,1.0,0.9753717002326165,0.9910494151251764,0.9976071822504995,0.9984029770019508,0.991416996606109,0.9989173650736618,0.9968179406250604,0.9994363661445673,0.9814654925944578,1.0,0.9992642888096391
1126.42117712,0.9959376698006094,1.0,0.9986135084969604,0.9995812496296875,0.998894939520215,0.8005606751113223,0.9777651156226008,0.7268475743245896,1.0,0.712058515017993,0.5228262806819188,0.9751944010282024,0.8896867835636147,0.9347141955563455,1.0,0.9198347651405682,0.9321408383579713,0.9997835007611682,0.9748087532437439,0.9910754131946287,0.9984887915002478,0.9973038911160758,0.9922314825183771,0.9993858652998218,0.9963474093721107,0.9988676094065037,0.9846693381865131,1.0,0.9984382263558877
1131.75559815,0.995984669876509,0.999979899452813,0.9984092411813513,0.9995195235387627,0.9977857687552607,0.8083674983381353,0.9739566910827974,0.7401910275499893,1.0,0.712761280990943,0.5272409530630843,0.9774748418671677,0.8879094516779406,0.9338898903842892,0.9997223535544572,0.9188962990981852,0.9317667091981323,0.9988482840563068,0.9746903075372575,0.9915811302922499,0.999478008288263,0.9950287277006896,0.9931923893417304,0.9998950959446049,0.9944983587176821,0.9981016853469218,0.9871668512652063,1.0,0.9972922175757726
1137.12876151,0.9959926046570974,1.0,0.9979577431918624,0.9995790918663555,0.9962915520875966,0.8163999890061345,0.9681346708545329,0.7532331202219873,1.0,0.7140685687657323,0.531556586433436,0.9804488338547256,0.8860116730499602,0.9330740975781218,0.9996634712137465,0.9185428261285999,0.9315194116891363,0.997845977588148,0.974667067662613,0.990915062426252,0.9999570534196912,0.991387902175224,0.993787550191118,1.0,0.9913939129695851,0.9969206687518608,0.9889328300465687,1.0,0.9956054298305674
1142.54114608,0.9961585075949139,0.9999382392819519,0.9974992509637366,0.9996453924302698,0.9942530584507987,0.8249103527587678,0.9589021637809242,0.7661682586143482,1.0,0.7161981766940054,0.5360403149308657,0.9827593925771346,0.8842490166039868,0.9328227094110858,0.9996973863297345,0.918295213035894,0.9315297658383834,0.996677936886557,0.9742557767693755,0.9897796068188632,1.0,0.9866622623507493,0.9941871394463118,1.0,0.9875447510087785,0.995305455023547,0.9908494608997764,0.9995213863842726,0.9927249049588971
1147.99324008,0.9964447504641692,0.9997174194485396,0.9976126244669181,0.999474666334263,0.9920946649086279,0.8340011564227227,0.9435641358437518,0.778747513874374,1.0,0.7189924744928639,0.5400549891619129,0.9847249529515603,0.8823310332472029,0.9331903240691284,0.9995030593532539,0.9184878574196834,0.9319978384926456,0.9955533207074407,0.9738592661438109,0.9886214544714571,0.9994606296226146,0.9812359453099739,0.9947653705631779,1.0,0.9825143861780669,0.9926641895107369,0.9927728675399489,0.9980939782380724,0.9885242476995071
1153.48554133,0.9960289559478559,0.9997431345086891,0.9979255830722575,0.9994685567692322,0.9909857868615782,0.843630206420095,0.9229136431888214,0.7907260710622356,1.0,0.7212501722734342,0.5439902599672082,0.9870853844036303,0.8806102493960647,0.9337745901918835,0.9994706293892304,0.918705676467006,0.9326524738873073,0.9944773613225069,0.9731903619629608,0.9889589366496229,0.9988976495862657,0.977887090407569,0.9954367342638745,0.9999612621952343,0.9752554965973113,0.988769116072037,0.9942280324106498,0.996123050350421,0.98317356846301
1158.99647413,0.9954651423188804,0.9998085877690648,0.9985994194796085,0.9992713856170578,0.9911564779682216,0.8529539027035354,0.9057563000555995,0.802162933402048,1.0,0.7225609184618793,0.5475878769177918,0.9896332694011329,0.8786007584046448,0.9344804112965932,0.999694514334514,0.9191929693048336,0.9331938880697987,0.9937246211088077,0.973329129883138,0.989968236471882,0.9989583315440995,0.9775605906045116,0.9958384960984634,1.0,0.9665469840885201,0.9840182139880759,0.9951440160745157,0.9940184679582643,0.9772461511082362
1164.48107738,0.9956177030686182,0.9998186069012578,0.9994584037666933,0.9993061371837815,0.9920457024307734,0.8618415795372059,0.9045372113655761,0.8132800558682306,1.0,0.7240004976168045,0.5504935969340549,0.9916405418079097,0.8764842722440378,0.935266395496294,0.9998581256869735,0.9196926390738496,0.9335583780339913,0.9934240802077863,0.974146012735634,0.9907495681802264,0.9996417622279794,0.9798778290858315,0.9965285690314426,0.9999516852884422,0.9600687317390074,0.9783981889461666,0.9956086388981648,0.9922246322534756,0.9714564932687938
1169.93996942,0.9961624298835132,0.9998830983231749,0.9997111431158882,0.999408425231663,0.9929271218806639,0.8714828630893904,0.9172728387497807,0.8239165318063789,1.0,0.7255327005354613,0.5527408255114378,0.9937883620041117,0.8743306271139409,0.9363702027125853,1.0,0.9203367808766995,0.9339533672993727,0.9934610440451451,0.9748820327665018,0.9900819891463034,1.0,0.9828249745384119,0.997206043561547,1.0,0.9593384306543172,0.9724570552248109,0.9964326035436839,0.990848059716082,0.9663764311225078
1175.3737451,0.9965708994952533,1.0,0.9997034008133766,0.9993874885252767,0.9938258558313241,0.8820275900044917,0.932756034563591,0.8335263305470783,1.0,0.7268298228239881,0.554760636683761,0.9959376760380058,0.8727017887437263,0.9374366034021576,0.9996880969325018,0.9208362511759547,0.9345292808057348,0.9937583072913475,0.9755321897917747,0.98978189374417,0.9999603530010323,0.9855598532482897,0.9977885062103788,0.9999949703324208,0.9639362305384104,0.9677628952991311,0.9967209826074375,0.9896594115709558,0.9628770533450911
1180.78297699,0.996198894276718,0.9999445533682538,0.9991833393519419,0.9996342383797547,0.9946301226062998,0.8933705449624024,0.9448734660958237,0.8426170790032056,1.0,0.7271983266163979,0.5566404563474806,0.9981032875942935,0.8712319015912778,0.9385454644613127,0.9998078315253964,0.9217575760051597,0.9360137844836613,0.994461750117425,0.9763433270528697,0.9900532244632877,1.0,0.9878223147716108,0.9987412808595494,1.0,0.9700454740370098,0.9650638010243279,0.9970824601789123,0.988466951834203,0.9612605005126001
1186.16821657,0.9961228823093856,0.9999029645251505,0.9983310854818702,0.9996141889963087,0.9951322651326028,0.9050288341101211,0.9523731340333073,0.8511543042220183,1.0,0.728059794943793,0.5583331502711403,0.9997631465696337,0.8695868913399373,0.9398007301654059,1.0,0.9235970007776877,0.938138452044964,0.9952244059616829,0.9772503035305146,0.9907665829847605,1.0,0.9895506492572463,0.9998031041809025,1.0,0.9753056557339613,0.9632585979058051,0.9973622703271311,0.9872665385562552,0.9605831058957321
1191.52999524,0.9964718208020871,0.9997728259013208,0.9976200469693178,0.9996510505326627,0.9954632240586261,0.9164266308899549,0.9564736112497015,0.8590755427862313,1.0,0.7286836779053574,0.5595780255803089,1.0,0.8676438377288022,0.9411475280944648,1.0,0.9250864521610443,0.9398508399628411,0.9962830879569816,0.9781946535490094,0.9920718476677326,1.0,0.9908431745492399,1.0,1.0,0.9786799046502743,0.9624162004790376,0.9979687891544324,0.9861750177784662,0.9602271836991885
1196.89576018,0.9967362800465431,0.999576025276972,0.9972992999052992,0.9997923574574498,0.995938574462217,0.9267785069862897,0.9599820968808149,0.866850983135771,1.0,0.7285719139953926,0.5609596583078456,1.0,0.8658223560904146,0.942785196323439,0.999835782784901,0.9261750418318663,0.9408707651931552,0.9976892539192372,0.9786963152901557,0.9938706468446991,1.0,0.9921048081218469,1.0,0.9995184217733384,0.9808688480379955,0.9623457756903301,0.9986112689648814,0.9843118266557994,0.9601021814524915
1202.26638934,0.9971280386764291,0.9994670301834898,0.9980927398892345,0.9995774849301697,0.9966189180712741,0.9359857376241686,0.9650855856169808,0.8741541182204734,1.0,0.7278860795916746,0.562336283718954,1.0,0.8643458072071382,0.9447225010450606,0.9997227746382614,0.9272962040753554,0.9418385478714228,0.999212853695208,0.9793990192565485,0.9962988866920522,1.0,0.9931683684111675,0.9997139956762892,0.9988331351360675,0.9825008678662028,0.9624914574586942,0.9990876339911102,0.9824549616145829,0.9603693149117908
1207.64185238,0.9970212090763186,0.9995355904430769,0.9986155525048794,0.9993981037736998,0.9971312649643906,0.945275810600831,0.970559597735091,0.8806193134630983,0.9998609486162482,0.7269508740916131,0.5635305952797884,1.0,0.8631376545069213,0.9470001301270385,0.9992234894536373,0.92882350817467,0.9434139425970582,0.9996523484147198,0.9808217294015319,0.9988433584279521,1.0,0.9940616707810129,0.9996366416696472,0.9975371079978256,0.984236137190401,0.9631971366816868,0.9994498256315641,0.9811692805064396,0.9611212282114521
1213.0221192,0.9966473263996062,0.999223518371456,0.9986288847646427,0.999365715647327,0.9976564917875045,0.954168999674246,0.9747212197493278,0.8865581566949344,1.0,0.7260970461493468,0.5644585911694715,1.0,0.8621716542133964,0.9490348869770474,0.9991318579542446,0.9307905441040276,0.9452877608109682,0.9997584226880738,0.9819635881628802,1.0,1.0,0.9953018598417631,0.9997492095793705,0.9955867268577504,0.986607631793087,0.9652686323337802,0.9999667840454508,0.9798514854370571,0.9616675235739146
1218.40715994,0.9967666476912137,0.9988916832095796,0.9981560807133347,0.9992520172234142,0.9980151074866227,0.9622382244088586,0.9775374715067412,0.8923629235980329,1.0,0.7250708659030318,0.5656123179170031,1.0,0.8610831705243209,0.9508964791391016,0.9984634358638479,0.9322169032621412,0.9469974966298847,1.0,0.9828453974334089,1.0,1.0,0.9963470362429431,1.0,0.9927688163869651,0.9890204087337894,0.9681968313364477,1.0,0.9784930939398913,0.9619630047200387
1223.79694502,0.9968116318558681,0.998875363986106,0.9975016148848221,0.9994623800705608,0.998200764733323,0.9701897351314046,0.9795485091309577,0.8976190523586071,1.0,0.7233288708188186,0.5668922968285551,1.0,0.8598687622113449,0.9526516570795796,0.9971185053213086,0.9332424905500684,0.9484796502606002,1.0,0.9831389173520889,0.9992416365891951,0.9999918690502576,0.9973506796761359,0.9998572323680596,0.9889487425128549,0.9912290991621991,0.9703142106589544,1.0,0.9771231290456037,0.9627286999089679
1229.190873,0.9967826015375925,0.9990471353814083,0.9972105574545691,0.9997898822583304,0.9983257401758442,0.9772564861964169,0.9805984455976405,0.9029320869851952,1.0,0.7213283168385531,0.5684252421464222,0.9999715531620299,0.85886295604571,0.9545939303393262,0.9953036636113699,0.9347353572740585,0.950084146135382,1.0,0.9830834167583341,0.9985806084897284,1.0,0.9981042510195492,0.9994370741580054,0.9851598415537643,0.9930285157604759,0.9719573354939377,1.0,0.9758332187809403,0.9636761504420579
1234.58829679,0.9968415141962391,0.9993424508363614,0.9967860812542044,0.9999369639807452,0.9983686846472557,0.9826524108807342,0.9809989367170973,0.9079057069983466,1.0,0.7199096026333425,0.5699930818025776,1.0,0.8580671892162678,0.9564376025891503,0.9937187076670371,0.93620122304582,0.9518136835641391,1.0,0.983534967286154,0.9992505950132314,1.0,0.998798477560543,0.9996166497240397,0.9818654456116587,0.9944891939707605,0.9742886960222011,0.9999659014566964,0.9747730114179072,0.9647976914484075
1239.98919257,0.9971744318465869,0.999528436780233,0.9967508089772606,1.0,0.9984960214612066,0.9871474418573389,0.9819401409382236,0.9125333644323005,1.0,0.7191729725741507,0.5715396705421644,1.0,0.8570661058855571,0.958448189338317,0.9927074592083839,0.9375389952850516,0.953963663677016,1.0,0.9845556933239681,1.0,1.0,0.9990739209881276,0.9999842444350223,0.9789040824311402,0.9963114024620422,0.9775827056338713,0.9999880758069122,0.9737378750513913,0.9661201750869817
1245.39353673,0.9974581856514327,0.9998308522741508,0.9971086838244276,1.0,0.998468316656181,0.9910592330563035,0.9833455482438475,0.9173394410279547,1.0,0.7179301731447574,0.5731700174253673,1.0,0.8562024946855734,0.9600587746529163,0.9927563375791194,0.939310159071588,0.955818012182822,0.9998458749213673,0.9857755969129625,1.0,1.0,0.9993960316181758,1.0,0.9755399628432392,0.9977682908106389,0.9808010121532305,0.9999988769578796,0.9730969831426397,0.9675078385590308
1250.80130588,0.9974442763612543,0.9998144546538817,0.9978687379378349,0.999974347102882,0.9987772973351711,0.9945471813536373,0.984627329895394,0.9220877001527846,0.9998830083683206,0.7163547383229707,0.5750986548887782,1.0,0.8555537541703258,0.9613616893943465,0.9934939164754527,0.9408836217624854,0.9572354854969515,0.9992546773831104,0.9874916629224677,0.9997071393269735,0.9999607000443608,0.9999166842862659,1.0,0.9711362949884974,0.9989267397106582,0.9834806920317221,1.0,0.9720125535718855,0.969036539041132
1256.21247686,0.9977247335808418,0.9998304014707264,0.9986846769841327,0.9998283044722232,0.9991723958731608,0.9974301833006707,0.9852142757246289,0.926449327137256,1.0,0.7147253916393066,0.5773987281310228,1.0,0.854989300585284,0.962767544488665,0.9941231660904389,0.9423886580312965,0.9587180029175872,0.9985264878307681,0.9886433074152237,0.9997295521062816,1.0,1.0,0.9991012570706362,0.9645556887799297,0.9998455662113008,0.9859329742225668,1.0,0.9715158974070734,0.9704083237487777
1261.62708732,0.9976394541644399,0.9999764402392203,0.9994001677020032,0.9993460453490985,0.9995581919152929,0.9994556003312706,0.9853327455983012,0.9304245899335924,1.0,0.7131871290853112,0.579917197924584,1.0,0.8544773302817827,0.96453431572643,0.9940885510076521,0.9436327742130194,0.9607643319510963,0.9980194095232398,0.9894208550727959,1.0,1.0,1.0,0.9971690356993195,0.9569776351009858,1.0,0.9879205166670375,0.9998691759571163,0.9711749427153531,0.9719297142346518
1267.05580532,0.9974242927867125,1.0,0.9996517988005119,0.9987251451991903,0.9998704752639948,1.0,0.9853931209884196,0.9342186511622224,0.9995924816314076,0.7115251511409648,0.5824597343945215,1.0,0.8539458347676072,0.9662967713050977,0.9933259504304653,0.94510865804279,0.9627635527365226,0.9973458937621451,0.9894281085324821,0.9992835561515171,0.9999518143709581,0.9994832084174795,0.9933869700758448,0.9530491436697743,0.9997945830509152,0.9891413662301927,1.0,0.9716296433363465,0.9732247323525586
1272.49861965,0.9972275092944501,0.9999166683221193,0.9994457036509006,0.9978803010604705,1.0,1.0,0.9851100186718221,0.9378363307131014,0.9989127002697279,0.7095345096105052,0.5852420613545661,1.0,0.8536171989438535,0.9682126379395352,0.9915347335456649,0.9466251965674878,0.9647185777912028,0.9960313953247452,0.990144666311977,0.9986012661344086,1.0,0.9986636191705089,0.9887620682113846,0.9568102918892867,0.999712061740377,0.9902393090798327,0.9999324283428456,0.9720275273965384,0.9744136054566873
1277.95551888,0.9969885842498953,0.9996585821102014,0.9990653150847163,0.9967909008044892,0.9999004883479702,1.0,0.9840510474839117,0.9412314464889292,0.9977955345722035,0.7079345265565902,0.5884113211286468,1.0,0.8535845235882695,0.9700371643370489,0.9894042070606954,0.9479636393765217,0.966724331679878,0.9943642765074487,0.9903902419780432,0.9985692606527385,1.0,0.9980372165079789,0.9868799174492312,0.9663293929373246,0.9995908029202786,0.9910106737043787,1.0,0.9722030015337524,0.9755180747687269
1283.42649147,0.996910516368415,0.9996327856062175,0.9987508552676934,0.9955836911553694,1.0,0.9999597562037815,0.9820020998779571,0.9446467691300537,0.9962956226175596,0.7066497693813082,0.5918208846040842,1.0,0.8537495793075978,0.9719666719732744,0.986840180749535,0.9498301712035,0.96865081821611,0.9941832310358905,0.990999751756113,0.9978657101303237,0.9999847467105951,0.9982982332906452,0.9894711780066759,0.9778255318559764,0.9992495872336886,0.9916597682778457,1.0,0.9726462672829683,0.9765439563112839
1288.9115257,0.9972601691285571,0.9999427011377744,0.9982714721831097,0.994869160299422,1.0,0.9994765380130503,0.9791506647111142,0.9482822570041048,0.9948346125908113,0.7056477643345046,0.5954643886876891,1.0,0.8543486962592409,0.9736765728046959,0.983674824468154,0.9516702056290941,0.9699507483190052,0.996401069893078,0.9923594646034969,0.9967855942909236,1.0,0.9983685021190867,0.9922983498983353,0.9883789297761018,0.9982531719542527,0.9922356902419684,0.9998163931507351,0.9731402224579323,0.9773486019841542
1294.41060969,0.9974663583154632,1.0,0.9979270283000089,0.9947917204678552,1.0,0.9989048427798938,0.9756571395975135,0.9515665184811443,0.9933040609023913,0.7044151622763664,0.5997245794685422,1.0,0.8549876178817564,0.9754421752367515,0.9794404076264991,0.9529519267552944,0.9712833369283611,0.9988665887702943,0.9940681662238587,0.9959903926857978,0.9998413012254688,0.9968050904737505,0.9922211067900667,0.995429796256084,0.9969580596481299,0.9923254192236836,0.9997890570053942,0.973428137892974,0.9778269340371044
1299.91690127,0.997475984488216,0.9998796764971855,0.9975165140778824,0.994916154336836,1.0,0.9976087988104334,0.9721870800244973,0.9546290851096509,0.9910675082837995,0.7028894294206803,0.6044543083527812,1.0,0.855764244750801,0.9775003203476991,0.97518107937576,0.9545835363585586,0.9727257941113573,0.9999327192801161,0.9952944459094716,0.9948200594881145,0.9996831422892988,0.9953623002492271,0.9922936561925984,0.9989940540639161,0.9951865882600484,0.992028353339598,0.9997245917024234,0.9736844853079606,0.978223337445613
1305.42577023,0.9970948267095314,0.9997302110695468,0.9976980089873955,0.9950585160234884,0.9995492470583922,0.9955898058123321,0.9686259582782051,0.957785132760124,0.9887097793742098,0.701857458480678,0.6090430302160574,1.0,0.8566788792509253,0.9793538812696551,0.9716220339810329,0.956621472786633,0.9745701524787138,1.0,0.9958002284501014,0.9946573717793493,0.9993223090536765,0.9939277899419131,0.9936302253898581,1.0,0.9925518697681568,0.9909893970072556,1.0,0.9738020464780713,0.9782172714788433
1310.93719838,0.9967985634893725,0.9999433336664695,0.9975545458319511,0.995472910826207,0.9986787731838555,0.9931129525999256,0.9639489539833409,0.9608071104074208,0.9861671072471188,0.7016040989104286,0.613796230958966,1.0,0.8577750096605185,0.9812188028068596,0.968541830881844,0.9582579484365914,0.97634036507127,1.0,0.996080540478237,0.994627744417745,0.9986795103120414,0.991453340249846,0.9944346389472558,0.9991355763164234,0.989211212162656,0.9896975459637669,1.0,0.9737507599524845,0.9778429067990534
1316.45116775,0.9970406100512232,1.0,0.9973020704115064,0.9957365453323783,0.9969351661323144,0.9909433683169883,0.9575940837229618,0.9638549109670478,0.9828832201909358,0.700985467317318,0.6189841973022282,0.9999440256770367,0.8590209623264485,0.9832441356525446,0.9660611261496135,0.9593789339630463,0.9779740980803291,0.999802385595151,0.9970139676989892,0.9934611061073495,0.997609607695586,0.9874185200718937,0.9938218596797085,0.9956133660622637,0.9848993662667378,0.9877742079044912,1.0,0.9733219944011805,0.9774838863374653
1321.96766053,0.9971138452463647,1.0,0.9973350956051038,0.9960317973771647,0.9945441610602301,0.9893801303308923,0.9485216650703113,0.9665716553656117,0.9791984938887206,0.7003850205212733,0.6242876109818316,1.0,0.8602860693651252,0.9849455298659884,0.9633499618729003,0.9608498711924292,0.9793646234892831,0.9993344951233138,0.9981011761422135,0.9924735426129421,0.9961365516277096,0.982416218865545,0.9932150631023756,0.9914385269626333,0.9791864247975057,0.9848591916077388,0.9998764142992979,0.9723498742327801,0.9767325564293861
1327.4866591,0.9968812286720488,1.0,0.9971698044546203,0.9959777084910563,0.9916048087294247,0.9879807155934976,0.9363331794029852,0.9691407790256824,0.9748489328001679,0.7000063503045871,0.629789717750044,1.0,0.8613936774275367,0.9865514820115886,0.9608330076226024,0.962610628163037,0.98056324370316,0.998659391003424,0.998470977035518,0.9918762265145481,0.9948339838412891,0.9767577254841165,0.9932629587259154,0.9876801180218153,0.9715417273524615,0.9810407503167669,0.9999723099205745,0.9707508335031755,0.9757512011137983
1333.01349556,0.9965226992233603,0.9998634185438302,0.9971532103428661,0.9960004399033219,0.9880506313917728,0.9856846047525195,0.9215721987815683,0.9716307184240126,0.9704479191622484,0.7004874431168162,0.6361749880244673,1.0,0.8624263805334434,0.9881989361699349,0.9584718150433995,0.9644030067402194,0.981907465743208,0.9967891630896908,0.99835527034907,0.9915503708212953,0.9935835249677581,0.9711367184332658,0.993104276648029,0.9820424835246823,0.9623613381067821,0.9766672660132838,1.0,0.9681114424566024,0.9746094881545606
1338.5688161,0.9960677425179278,1.0,0.9970574476484186,0.9961804571251848,0.9838253727768381,0.9830983978260251,0.9063086010380529,0.9741446466448817,0.9656163413941486,0.7017151547742965,0.642847227437905,0.9998302191174587,0.8636810521712868,0.9896921786083249,0.9555200264514058,0.9655244546885412,0.983346393293605,0.9938101707071502,0.9978134856238106,0.9910480385569395,0.9924267878287332,0.9653583216278302,0.9922223459424026,0.9776821225537947,0.9537195012150358,0.9714594432501741,1.0,0.9643168116115614,0.9733443267747345
1344.15282419,0.9955873965866637,0.9997812800230187,0.9966303765715119,0.9959804869051857,0.9793932092975737,0.9809075100019969,0.8926681743627393,0.9761149869025079,0.9598684951713463,0.7023392414080506,0.6496033406562713,0.9998790192862974,0.8652390730748822,0.9909482978116041,0.9509630732819644,0.9657522635579406,0.9843887813296667,0.9886385143109065,0.9967447289631371,0.9903804502345613,0.9912211959172227,0.9591456096953113,0.9905672236532911,0.9770094290935952,0.9476457598068133,0.9659400783478761,0.9998874035067205,0.9595294327378441,0.9721227622604511
1349.76572543,0.9944559011851215,0.9994299888319268,0.9963444664175862,0.9956735976079638,0.9747357598354633,0.9795643593480412,0.8809384076985689,0.9777844217062751,0.953136630738369,0.7027677228221542,0.6560204248011144,1.0,0.8668718565854995,0.9912587677096245,0.943735092640083,0.9659127103657554,0.9851370081298908,0.9802198129138827,0.9950780637989757,0.9889774813107197,0.9898433204051001,0.9520070240217605,0.988021862177879,0.9778460787948551,0.9447866345096303,0.9599662368559762,0.9994713713208768,0.9540942561629406,0.9705825161201713
1355.4077275,0.9930433649179564,0.9988903353745876,0.9956814113028418,0.9955734449866728,0.9689285901963766,0.9788072732464844,0.8712125123824266,0.9790971849963321,0.9460624469670967,0.7035219904432162,0.6627576537019416,0.9999654452216585,0.8686070752715838,0.9910254018902751,0.9344534208201496,0.9664315366151891,0.9857322588181433,0.9696916486711392,0.9922243882229037,0.9873474093714752,0.9884760024136146,0.9438869877363197,0.9842224290035749,0.9791776084959868,0.9429765020916245,0.9536278033190765,0.9992684841459611,0.9486836936014972,0.9689998125947615
1361.07904029,0.9920087285821827,0.997913613541577,0.9957810448160391,0.9950226804553076,0.9604383554428458,0.9779178561975148,0.863736134313506,0.9802580041945004,0.9395427153344813,0.7056083334830636,0.6699664688763209,1.0,0.8704407109819025,0.991047370441734,0.9270038090541818,0.96783182517914,0.9852966233524267,0.9606949496624108,0.9881312735854011,0.9834417354718066,0.985855286770829,0.9351757628939646,0.9781335454998086,0.9817934251781486,0.9403554484008475,0.9478717832083959,0.9994720722996896,0.9437153719844477,0.9671377344376831
1366.77987583,0.9920261007920834,0.996677880160478,0.9957220238564177,0.9941911892805596,0.9478472881951462,0.976408990386614,0.8568978083240492,0.9824312468852657,0.9327004466647276,0.7082878834117188,0.6779215110797158,0.999077172553128,0.8726368678345575,0.9906367865213518,0.9201091370438711,0.9691487342846196,0.9843833122769958,0.9501967042714642,0.9836051071758858,0.9777023594261739,0.9814681299852837,0.9239219024215646,0.9688277983299246,0.9853823519967493,0.9351170235989388,0.9426747981960374,0.9999380071171676,0.9389151363107698,0.9651610862871477
1372.46681289,0.9923959400673785,0.995216916371781,0.9953684146862676,0.9938053260222466,0.9323508821320904,0.974300912274271,0.8490683666822323,0.9844811869853525,0.9251533544696426,0.7114002296673752,0.6860060416964322,0.9973335730043285,0.8754649482659489,0.9893323042420544,0.909613856141675,0.9695483539930674,0.981195583768648,0.927213304366624,0.9757260747735869,0.9721487913438465,0.9756381235064048,0.9060271790151025,0.9518335429795716,0.9867304400956359,0.9264026688369646,0.937794769023636,1.0,0.9336732009605274,0.9626045877428313
1378.13342967,0.9925889930451574,0.9930172554160073,0.9952424292347852,0.9937324726488708,0.9151691450181475,0.9711477287674787,0.8376525881833009,0.9861091716329368,0.9171438326252568,0.7142738635416844,0.6940455785917065,0.9942696944042493,0.8779255824308249,0.9853778162887082,0.8936359242557993,0.9689513380039954,0.9765111145109282,0.8829211988164043,0.9566369966350311,0.964989327090193,0.9685633852127197,0.8760420335224869,0.9157408865039496,0.9848489741327855,0.9134424403858143,0.9332364168675934,0.9996095094810807,0.9272528842805722,0.9592428598469306
1383.78010777,0.9925721287128321,0.9891980062185283,0.9947802367036702,0.9928161915715346,0.8947955781284997,0.9687532461364656,0.8210848196692966,0.9876567078502174,0.9081816994501897,0.7178642944908566,0.7020415898427571,0.9918180857696435,0.8801385815503693,0.9751047633358148,0.8744805271846978,0.9686839013988403,0.9690190908005049,0.8413624598942893,0.9302959319719494,0.9522110193445736,0.9571657187524145,0.826989331360152,0.8447450497905059,0.9802249431339184,0.8960755486080407,0.9292248883542336,1.0,0.918740815233207,0.9548051925303765
1389.40721715,0.9926208881603953,0.985669805904304,0.9934132836574306,0.9924098475990125,0.8714038037792934,0.9673590632807271,0.7992934550253701,0.989379139714317,0.896725217169566,0.7206402178884541,0.7098280581631445,0.9911005648124099,0.8826149103710853,0.9610954817599155,0.8558610262424734,0.9660994920902962,0.9556977032573861,0.8229966396728479,0.9134142487028022,0.9368365346317419,0.9402500184486785,0.773460909266537,0.7589678698756265,0.973070774261982,0.8770610940506052,0.9253608104083795,1.0,0.9078542513729082,0.9490602768515827
1395.0151167,0.9924373344430931,0.982488468843025,0.9924382905117048,0.9923050972503463,0.845688356141858,0.9663522693560158,0.7718093803801956,0.9906528564668862,0.8850502356979774,0.7226871491242916,0.7174199615951677,0.9907878515981925,0.8848348879468992,0.9599595724661045,0.8422681217761753,0.9599976515598576,0.931534267709127,0.8293025766850524,0.912862586691628,0.9197765907841411,0.9187242028944154,0.7598851032808958,0.7440917662992083,0.9627226652567963,0.8607397994687715,0.9197548356781513,0.999793551683137,0.8945513451726749,0.9412257134106876
1400.60415467,0.9927871428166034,0.9789147150341861,0.991193474992068,0.9914069542739781,0.8209662904489697,0.9656345434791486,0.7367435157742466,0.9919926964607528,0.8771054459833361,0.7251327074221241,0.7258517172625191,0.9903642849534566,0.8874365503470046,0.9683994117093856,0.8387275683835703,0.9534729954168177,0.8924021091567639,0.8497018094120354,0.9261426305117496,0.9002494895721774,0.8933317300484284,0.7636700087050964,0.814735489087366,0.9475315958111199,0.8461860127211558,0.9108953023293642,0.99948829778049,0.877795611112667,0.9314188002078074
1406.19775036,0.9931648060275764,0.9747561840086568,0.9903237485241939,0.9900433996360025,0.80249863315336,0.9652709154183959,0.691604760016968,0.9935955692093578,0.8714608728259177,0.7289323103846334,0.7351125954487558,0.9893304035497954,0.8900734039323963,0.9747814743550758,0.8381615871901941,0.9479173215938703,0.8498421515811161,0.867161683044486,0.9422851066674752,0.8814751331707599,0.8689494245454382,0.7573335155426283,0.8800534042274785,0.9256564799730926,0.829040471868171,0.898529701159751,1.0,0.8580568170936205,0.9197903111367686
1411.81328293,0.9931210362666476,0.9713928135479477,0.9903331444074565,0.9888455037639505,0.7933776077583571,0.9640279077767118,0.6395694208460435,0.9953762669734932,0.8647678264206912,0.7334260894888157,0.7441368690677669,0.9889794317592641,0.8931516599191079,0.9781646101722145,0.8315397611251335,0.9441104354051553,0.8363271899756212,0.8783113966070356,0.9558904410252298,0.8704892016937997,0.8502451379503849,0.7498808225756032,0.9119586550464952,0.8946122676921245,0.807973931162489,0.8829188533082623,1.0,0.8363577699232002,0.9067260767522465
1417.45083527,0.9933783709078529,0.9688026037491678,0.9898510425024684,0.9874653573245616,0.7921633562166682,0.961656929530397,0.5938702155301987,0.9962946678372788,0.8566786512751355,0.7377554100926429,0.753073246450493,0.9896028649017774,0.8961687830779624,0.9808380223564076,0.8414158575629207,0.9438636588540282,0.8642547339698741,0.883806531239346,0.9661732675218512,0.8725137789686311,0.839045386456874,0.7503197528931103,0.9260801893022471,0.848269020324129,0.7869104396567953,0.8642216772038306,1.0,0.8145193730511772,0.8939449371284817
1423.11049053,0.9943061877617997,0.9664552557864438,0.9892826462358343,0.985681004416983,0.7956775464704121,0.9594810242586679,0.5709948014377991,0.9968980148320187,0.8483126151591858,0.7420047613316506,0.7620703067251645,0.9901571908025395,0.8988862865187549,0.9823176249981147,0.8801831535119731,0.9483990869836325,0.9059262355623435,0.8865483615416425,0.9732527255442022,0.8857843172249936,0.8342993470186979,0.7586851675522523,0.934171209302903,0.789887116850259,0.771163474628119,0.8441728990412695,1.0,0.794006456644768,0.8827418925901531
1428.79233216,0.9949016490687145,0.9644147512606774,0.988726895638438,0.9834931059968389,0.8011140957209459,0.9572379142307763,0.5786285547024402,0.9976534390804429,0.8395196630656597,0.7465409692047833,0.7711088868462718,0.9900809931964643,0.9018172672714457,0.9825478638196105,0.9139734668438656,0.9556337539003044,0.9370284906626352,0.8890916645624618,0.9785473901064047,0.9019898325884681,0.8336936810101757,0.7711215315552946,0.9402990270857218,0.7635467113837917,0.7654997308964264,0.8242692209897619,1.0,0.7759923035890471,0.8737033020128571
1434.4964439,0.9950002278110137,0.9626498797960709,0.9874788440672394,0.9809828192667746,0.807160079809567,0.9549679289119551,0.6086460370860486,0.9982267751192435,0.8300855351029527,0.7514619083146375,0.7805838860836457,0.9896590404445383,0.9046700255591137,0.982685271790997,0.935633285896354,0.9629181229819035,0.9551127409711969,0.8917464672753117,0.982794789684449,0.9162314581149312,0.8391351013427621,0.7843392803938668,0.9455044086211273,0.7787274394031034,0.770437850833803,0.8026161879843191,0.9994243982325512,0.7602353964566408,0.8679621325833222
1440.21938683,0.9951301061201681,0.9608527823257241,0.9865302299397174,0.9793843784535314,0.812968028303036,0.9528673039916511,0.6470302243022544,0.9989312988021066,0.8197422866773734,0.7565075917400872,0.7898080626868756,0.990427680309488,0.9073408262391561,0.9834502409471306,0.9487493182880068,0.968202825529332,0.9664691896430715,0.894838067060768,0.9864596795953477,0.9275772243931967,0.853346307136466,0.7962805581450121,0.9506826137912402,0.8001474247687702,0.7829027572956414,0.7784096145040146,0.9973454924317592,0.7464411642122207,0.8652878102034826
1445.9515979,0.9952095638112699,0.959208218540935,0.9858945885836566,0.9776038478653621,0.8181812653110002,0.9500952245068862,0.6829623635929069,0.9992358407842105,0.8090417693542162,0.7618012018454253,0.7985518112319298,0.9907048167801884,0.9102333609075475,0.9846488869029232,0.9564491528732333,0.9718691680189194,0.9744385641467194,0.8980246571755032,0.9893985972692151,0.93523535440197,0.8733195320438201,0.8059721931457751,0.9563647947693039,0.8031632097217334,0.7985504476165689,0.7605419909439122,0.9937931270981656,0.7340926986624193,0.8658222352773178
1451.69304835,0.9951977766024266,0.9576913760811038,0.9858056679823003,0.9739126984871376,0.8224714519250822,0.9472628914234875,0.7098913291617373,0.9998223811526955,0.7983948900983618,0.7668281855642203,0.8072045853602159,0.9904437609506127,0.9130399055483838,0.9869646093451138,0.9616965833918821,0.9748479530717389,0.9798170387058667,0.9012777403574128,0.9917447150874982,0.9395155895690039,0.8898631395532828,0.8132926502241447,0.9614813458810162,0.7906405689254866,0.8153942007784731,0.7596831473438636,0.9874173885395617,0.7231054295445604,0.8684544608758741
1457.44370948,0.9952568625381076,0.9565170741614449,0.9856312470076806,0.9685614631133321,0.8263380088870949,0.9443324655234522,0.7243871809810154,1.0,0.787640493928804,0.772344551585975,0.815918064536207,0.9910489893029332,0.9158683192120719,0.9892751334902109,0.9663545625071966,0.9775915550106165,0.9831108157974273,0.9042683892936902,0.9932152413995142,0.9417854330130395,0.9000412574833441,0.8185818561344516,0.9654169663897809,0.7736801699709533,0.8302770122858052,0.7708314538846555,0.977156546125114,0.7134935211351424,0.8719252377623925
1463.20355265,0.9952249567925266,0.9557034589099711,0.9858722323776936,0.9598978728862451,0.8316233377578662,0.9414314162260509,0.7297113121115343,0.9999721919303405,0.7763429029453608,0.7780147291096985,0.8246664158031464,0.9923182839739901,0.9184246172437913,0.9912867357363238,0.9699023571363399,0.9795629857321898,0.9855599961503859,0.9074722147422908,0.9943638269846098,0.9447131917758578,0.9066478321753342,0.823951778915447,0.9682205089646596,0.7567487186073494,0.8398962853641785,0.7821043988846343,0.9628876141122921,0.7049965487454705,0.875788981717111
1468.97254925,0.9955019794761599,0.9550122869370284,0.9864879365466912,0.945910587529748,0.8392839591325617,0.9382175377667406,0.7399395681453776,0.9999949639600775,0.765204257592846,0.7832316441216143,0.833811845563494,0.9929313233725214,0.9210000646568743,0.9932015392530397,0.9727383799183151,0.9814617082433421,0.987786068322509,0.9108484584569864,0.9948979377519895,0.9484949420248812,0.9133897051988371,0.8321477339938546,0.9707165092279508,0.7307128023576862,0.844100985987506,0.7899952345263781,0.9468624285979927,0.6976245220063952,0.879785642472136
1474.75040717,0.9961886465479812,0.9543743808329561,0.9871728575975429,0.9281754564190227,0.8486576571858455,0.9338111568386274,0.7647680148057859,0.9999202839472093,0.7541287643384375,0.7889144443044204,0.8430404282169704,0.993750583066056,0.9237357637740732,0.9945230510004202,0.9757890854771873,0.9835491905912251,0.9901768728877174,0.9146313659280488,0.9954449956911949,0.9541325073451694,0.9208440814988811,0.8435874982453669,0.9736759102179582,0.698484317815132,0.8468341884002272,0.7947757176489912,0.933608280823424,0.6918886042580644,0.8842865026648867
1480.53455271,0.996165834010296,0.9539770788905167,0.9880409214588416,0.9205561502781534,0.8584681422670403,0.9285176222123227,0.7958504729374105,1.0,0.7427558898536817,0.7945796490986856,0.851999597062277,0.9947874822944461,0.9266777434370135,0.9958372438458687,0.9783088122250694,0.9854573617034115,0.9920715831582257,0.9188678379509381,0.9967920037145638,0.9595443264570158,0.9284266281470817,0.8562045112041359,0.9767921804633003,0.706475880598175,0.8544886358649798,0.7967758275156817,0.9307556009616217,0.6876694334623085,0.8897507741636845
1486.32495713,0.99603489885818,0.9535606632373018,0.9894704865738738,0.9324416857906719,0.8682405315952229,0.9232739955396329,0.8243711924039525,0.9997095458168351,0.7313643951793565,0.8004485031202777,0.8608137742714678,0.9962851985821511,0.9298206699723515,0.9964776550303721,0.9803744451981595,0.9867373132701992,0.9933101508817477,0.9230534861641803,0.997884067985505,0.9638831112327703,0.9351675635118484,0.8679769185667795,0.9798558754034473,0.7633845130025294,0.8665831162449972,0.7964852121392536,0.9422723156037723,0.6842877170922593,0.8955440010671565
1492.12159183,0.9964484451066519,0.9533519496941113,0.9903348207125449,0.9526226454151506,0.8777416829540634,0.9169867958452315,0.8487302106121267,0.9996969380954334,0.7200737089622579,0.8066119536880495,0.8693350305905527,0.997200818843341,0.9327887880456665,0.9967874219726859,0.9818704968544067,0.988047435482567,0.9939086954673335,0.9272161837829873,0.9986557783913881,0.967831943484569,0.9411987195596366,0.8785551732967064,0.9816526716548677,0.8142222204975138,0.878713951519777,0.7976954100078351,0.9585513483421239,0.6807620753697875,0.9018516513521885
1497.92442836,0.9967654979937397,0.9534299506061118,0.9905713306725082,0.9676901719446962,0.8869409233271812,0.9092949908863666,0.8687047445270936,0.9999158580649491,0.7088006726624545,0.8131880424594358,0.8774742472817691,0.9966873116304543,0.9351738024636713,0.9968875377981796,0.9828277454927347,0.989504642826538,0.9936520497460808,0.931623058756974,0.99912057330998,0.9710718178796505,0.946414924774265,0.888189555184625,0.9830661004030924,0.8471894943472479,0.8901735011488661,0.8053427611681112,0.9689417902377487,0.6769751807609785,0.9081586442353378
1503.73343845,0.9969235087544306,0.9533572464565204,0.9909933211547433,0.9762381092041722,0.8955806118353212,0.9006012869425551,0.8845462180141618,1.0,0.6972076963069775,0.8197652844304887,0.8851026878095435,0.9960813132887135,0.9376292647222086,0.9962898430026302,0.9844864425862663,0.9906925753631763,0.9927377257366745,0.9360444150945025,0.9994330310904653,0.9739956986808237,0.9512300673744662,0.8968399175305196,0.9843105774567797,0.8737576458851456,0.9010453043321307,0.8178315499769451,0.9737236594465251,0.6726287553894459,0.9141951530837932
1509.54899004,0.9969743186007247,0.9535361117927984,0.9913948400020927,0.9815064650300277,0.9036258666578879,0.8915348053332436,0.897924717871152,1.0,0.6857310853587507,0.8261398286879461,0.8924523043259686,0.9959405325574441,0.9403546079254042,0.9957815790138781,0.9866951681536992,0.9921088799567638,0.9925270136482885,0.9408236545279809,0.999761160264477,0.9770523813048725,0.9553965131853815,0.9047567219722608,0.9850065301116311,0.899048743512557,0.9105445683436577,0.8293732244652333,0.976107980578807,0.667559446840921,0.919969358672875
1515.38336105,0.9969779111179918,0.954084368895239,0.9916422026566599,0.9852574853241942,0.9113339748824568,0.8824387144534264,0.9097636308079126,0.999979576807373,0.6744467200605022,0.8329555148237195,0.8999757483852293,0.9968117430670084,0.9426599877706119,0.9959008286175065,0.9882206269442674,0.9931569461615727,0.9917548189951279,0.9458868205892101,1.0,0.9789361440806866,0.9592919661764028,0.912053130300762,0.98549609485883,0.9197199587919103,0.9175996581793744,0.8368266369907051,0.9763095282295494,0.6620514265685715,0.9252905459216298
1521.23658861,0.9970475758055793,0.9549783520444641,0.9916904975312947,0.9880885308743057,0.918474036120775,0.8731381552792143,0.920869015214052,1.0,0.6629059086669566,0.8395980399976135,0.9070738042879267,0.997590101367546,0.945240975689084,0.9955362430925373,0.9892510065401778,0.9938144693421276,0.9907924557623764,0.9509025744700669,0.9999763967139652,0.9810262244208223,0.9627221168843182,0.9188177508495526,0.985488655665967,0.934760435891925,0.9226023504103962,0.8402893611878405,0.9750882116562882,0.6558037811942781,0.9301075813197269
1527.10870977,0.9970144424159639,0.9558231675279256,0.9924762804708089,0.9901110564546836,0.9253235527856424,0.8634199011263403,0.9307196668238183,1.0,0.6516709101255369,0.8459594086069467,0.9141819842024312,0.9980256384240731,0.9478186920543994,0.9952165849724077,0.9902599311384802,0.9940206957931863,0.9893278677160912,0.955912834589941,0.9998527444894504,0.9830984464115278,0.965812571099922,0.9252539805637485,0.9843712437597836,0.945740221497594,0.9257687834117784,0.8410597468474512,0.9737454170719745,0.6491327787455166,0.9344356736724905
1532.99976154,0.9970299072239303,0.9568556082566427,0.9937092635883558,0.9916256358257961,0.9316246707154867,0.853838686565449,0.9391633944608033,0.9999531006402301,0.6403250496835302,0.8526778662360154,0.9211958759671942,0.9981125764589601,0.949950417706104,0.9948750368291229,0.9916026465522704,0.9947439717544699,0.987846741977894,0.9604375531027458,0.9997551095366655,0.984552589465362,0.9683454853971509,0.9314831173423523,0.9827727839022176,0.9539969999527256,0.928074533852493,0.8412450469224633,0.9723442260873353,0.6422636279166982,0.9385369587669478
1538.90978084,0.9971048781587114,0.9580637454561653,0.9947158639049075,0.9924231457305949,0.9376352260309275,0.8460241545926751,0.9460839547372208,0.9999598141118413,0.62897214687096,0.8592986811193857,0.9278637132385867,0.9988463058008457,0.9520230004482604,0.9947979715957411,0.9926925675373706,0.9963338433711614,0.9870325797389875,0.9645404462302094,0.9996407748895778,0.9862472432552898,0.971027530730478,0.9375167308151058,0.9826189512672424,0.9613979179360634,0.9313608574353119,0.8436534583250364,0.9715112631922418,0.6354719180426822,0.9423195866964323
1544.8387776,0.9972079782984253,0.9595991067220941,0.9948822956052549,0.9931258218368193,0.9433217849398584,0.8441856886630842,0.9525482127891348,1.0,0.6180405523337886,0.8656755489227035,0.9341482394575331,0.9995769933744953,0.954417734556135,0.9949335426399678,0.9940058647864158,0.9970359099206628,0.9879792528888338,0.9678311063919497,0.9996549177287338,0.9876474742444412,0.973187433657602,0.9434703821782402,0.9847811021968894,0.9673060538099001,0.9361806487274278,0.850860341227318,0.9712920012680691,0.630313329880205,0.9457304744425037
1550.78660554,0.9971137175956404,0.9614815582716327,0.9952587508767349,0.9940425533999475,0.9485824647466052,0.8484648439865234,0.9586868640400766,1.0,0.6070202617641622,0.8719331754410192,0.9400474148642243,0.9995615041468064,0.9559855175606753,0.9953125135626757,0.9948862171835741,0.9974217287286408,0.9892655916866976,0.9706081725305389,0.9996614969997449,0.9879443249067495,0.9752865701954504,0.948664621755738,0.9877678494853767,0.9719374583680553,0.942883771374915,0.8626446449510138,0.9719717462446187,0.6286912187375652,0.9490757080979354
1556.75329898,0.9971758894298178,0.9634746462514373,0.9955899301006135,0.9949711918245776,0.9534836596496462,0.8565580008666757,0.9639716220582546,0.9998114810828697,0.596114992301347,0.8778293803057284,0.9458822780329074,0.999658790393776,0.9576768295675205,0.9957083974633957,0.9952471254657148,0.997528615918984,0.9906035374103582,0.9723730646781801,0.9996684416140743,0.9882296641154331,0.9772835920553378,0.9535013211361305,0.989819580956485,0.9757713516705704,0.9499529320253298,0.8766791890093917,0.9733207547165188,0.6302203246043715,0.952144309482808
1562.73889214,0.9973905045753895,0.9654219306645477,0.9962152038208838,0.9957151975835036,0.9580047019336291,0.8654961705415082,0.9684516076956653,1.0,0.5852654850290359,0.8831970583515885,0.9513241249562799,1.0,0.9594771236463067,0.9956320154866225,0.9957987912461082,0.9978808194032722,0.9910598969667227,0.9739050254611966,0.9997882844112463,0.9893548275522283,0.9791998055293686,0.9583189843799548,0.991032542773247,0.9790274312294636,0.9565507274151597,0.8898287828188681,0.9759456209349276,0.6326850444430937,0.955223860458147
1568.7434192,0.9971368967402654,0.9674942838101068,0.9958316319923944,0.9963677213142663,0.9621680622745407,0.8735769844877734,0.9724747833417969,0.9999584643891708,0.5746675907354196,0.8883439145128683,0.9565948217994752,0.9999978438957314,0.9609171026886976,0.995971397116462,0.9967162667642362,0.9981429627440547,0.9914563633980886,0.9757473137676166,1.0,0.9908395560163185,0.9813828669575841,0.9627940110108038,0.9919168657904628,0.9811768380209391,0.9622179604417864,0.9010162521735069,0.9788252014630966,0.6346509488314147,0.958002156053935
1574.76691423,0.9971168270089831,0.9699006768716228,0.9953779259388129,0.9966927412784111,0.9660899279249081,0.8806506302481284,0.9762467922114247,1.0,0.5640161184872065,0.8940968786326925,0.9614409989469979,0.9996830433858542,0.9622368276605296,0.9963387935673433,0.9972943606383364,0.9985191123354181,0.9923507346118514,0.977545973046016,1.0,0.9924831397492969,0.9831646299992183,0.9664135860334315,0.9926661870668557,0.9830436391276923,0.9675003620815474,0.9106751408857048,0.9818648610242858,0.635701089743891,0.9606978034546386
1580.80672696,0.9970308390130126,0.971907103325878,0.9954504399798133,0.9969497777645945,0.9696145742532059,0.8872966801905913,0.9803150845414527,1.0,0.5534649061581984,0.8994870991194877,0.9661248442715908,0.9996637254779264,0.9636454658495255,0.9969431936075925,0.9979770892602744,0.9992140003884682,0.9935074792583697,0.9794778601004813,0.9999557533059468,0.9928444139875485,0.984646006150492,0.9699821117578608,0.993325088302914,0.9844711324107234,0.9717974988758221,0.9198445485347786,0.9845261179317503,0.6358038884836338,0.9632049822895067
1586.85843732,0.9970516879248161,0.973676072685139,0.9958251133938963,0.9971319444275728,0.972949835551618,0.8935242108904702,0.9843391202754858,1.0,0.5432842397369476,0.905169397582524,0.9703620918594869,0.9998100896447986,0.9648760318708481,0.9976415192829575,0.9981330547681875,0.9996023202407726,0.99483084806163,0.9811795993604244,0.9999131670821649,0.9933502481880435,0.9860744594404979,0.9734919003375572,0.9935385402061713,0.9857996550870088,0.975225954825095,0.9283179716794652,0.9872746225665285,0.6348922260780375,0.9658275475620431
1592.92202448,0.9974568863413146,0.9753311423186395,0.9960050062944779,0.9974844893944366,0.9760545860830285,0.8990902411069543,0.9874886014794382,1.0,0.5333139652222606,0.9108895193669568,0.9740245214670603,0.9995383615533945,0.9662903716553505,0.9979448956541097,0.9985650111143283,0.9997649683265888,0.9958258106442771,0.982962636741933,0.999556513097399,0.9941783069203853,0.9872616345082036,0.9771558074140705,0.9936483832639823,0.9870911353518025,0.9787163791761642,0.9361291653768141,0.9897409803451434,0.6336692641189313,0.9681903386484602
1598.99746754,0.9984332072598082,0.9770215024659632,0.9952052970794018,0.9971146495708298,0.9788983604970427,0.9039782916829149,0.9892773782340213,0.9999452508010916,0.5232586736462022,0.9163573533114573,0.9774856335582347,0.9992584008137404,0.9679751151650811,0.9984742051638764,0.9992501354111488,0.9994822275810211,0.9965595814261335,0.9846018193837841,0.999748404927438,0.9956115483461454,0.9886561089652353,0.9801866204219578,0.9941571923446881,0.988166581101468,0.9828277585950868,0.9440587269119307,0.9920664503065281,0.6325035197902036,0.9706614218744261
1605.08474557,0.9985968451186193,0.9788108827053245,0.9946313345139915,0.9971846746007459,0.9814806794805285,0.9082848752428302,0.9914021157663371,0.999900133102234,0.5132957906027041,0.9213120141727721,0.9807955478441469,0.9991445472825802,0.9696675847413694,0.9988379841465511,0.9997734139326124,0.9994337768780347,0.9968475676672686,0.9858459667080732,0.999705852800548,0.9963947858203247,0.9898579726107387,0.9828636432502521,0.994825181948817,0.9885032042674484,0.9864318523570355,0.9519794163880861,0.9941712653348835,0.6315688939209716,0.9729522787849666
1611.18383758,0.9982585038078868,0.9804138851874651,0.9948014192434047,0.9977920989876606,0.9840113399056655,0.9120846866186855,0.9937017730254734,1.0,0.5036372676060141,0.9264230543245022,0.9839427695844106,0.9994072001410698,0.9712406696731751,0.9988332046280177,1.0,1.0,0.9977666379239147,0.9869066119185248,1.0,0.9966879179113716,0.9908896038352136,0.9850720790455825,0.9952031553014535,0.9896444255566949,0.9891322448319816,0.9597507955360486,0.9957879465297308,0.6314224773161057,0.9752955234172742
1617.31109985,0.9981022731814841,0.9822368029730292,0.9952891541701131,0.9979983875746564,0.9861481315335062,0.9152693810423389,0.9960905907652892,1.0,0.494530212054216,0.9316175105760598,0.9863292560968261,0.9992968005127073,0.9723557248854482,0.9987815213116396,0.9997454619716193,1.0,0.998772252402776,0.9879971897965544,0.9999145127189704,0.9965205883038208,0.9917484830651517,0.9875095182200246,0.9953470635784823,0.9911874225497516,0.9916408739303805,0.9669490164044582,0.9970231057816397,0.6324282136206074,0.9774991491465809
1623.47024896,0.9981742400954419,0.9832382513066731,0.9956627059429555,0.9978911778468602,0.9883765060575599,0.918227388608019,0.9979759723243862,0.9996663184271897,0.485520691575027,0.936702452188045,0.9885057358859101,0.9987823819618054,0.9729627561674669,0.9987788795557959,0.9992081899589185,0.9996943259966156,0.9994080198781092,0.9886003780296246,0.9997015216776057,0.9956874655167549,0.9924143817051294,0.9898097209404727,0.9954439768006111,0.9925069217345228,0.9942748754745747,0.9731849822415012,0.9981078845394363,0.6344779543787845,0.9796124909369461
1629.66154068,0.9981298682705905,0.9844578594307775,0.9954121252838558,0.9980631473079078,0.9902896471249981,0.9214842569312156,0.9991083817621386,0.9995981740768857,0.47693624071991275,0.9412380556339961,0.9903431281068342,0.9982088949595963,0.9732719749479362,0.99886328351849,0.9990211531204646,0.9996341554207705,0.9999111530876231,0.9891966547601279,0.9998351632608129,0.9952658358671923,0.9930047289388856,0.9919940670781644,0.9954177496123362,0.9934617298374026,0.9964814994818834,0.979021488042167,0.9987472962122934,0.6374684761027669,0.9817366442661304
1635.88523392,0.9986498787509432,0.98500284227314,0.9948459096679901,0.9981986482913795,0.9920697414202756,0.9245001122339115,0.9997938300119681,0.9994422570529563,0.46870959142466334,0.9461388210011636,0.9921449326849534,0.9979044929564422,0.9736908881728458,0.9991045603728418,0.9990061067981254,0.999961774070172,1.0,0.9902423927106919,0.9998429089178135,0.9954939586736355,0.9938597549680348,0.9943474263193015,0.9953997659569469,0.9943426925020873,0.9982688881313445,0.9848771459799013,0.9991692157899428,0.6417415428169883,0.9835787587654299
1642.14159076,0.9991085093996526,0.9855161396792699,0.9941964694971462,0.9984490658981605,0.9933116852055721,0.9276056686718404,1.0,0.9998766494960992,0.4607526765039501,0.9505426831719522,0.9935400517244953,0.9977365443180118,0.974113213166816,0.9993252075853334,0.9993617561202975,1.0,0.9998885383616717,0.9910469912025479,1.0,0.9955490790805223,0.9948036949659399,0.9963305298018383,0.9953533171801714,0.994964321044701,0.9995833815509092,0.989871997376667,1.0,0.6470014454693396,0.9853502803438103
1648.57498892,0.9990307899187598,0.9861405466236423,0.9936960920648819,0.9985084221664515,0.9946884097719332,0.9306968221578963,1.0,0.9998151935885606,0.45303308817278143,0.9547329377057916,0.9944245798347808,0.9975919713920447,0.9746595868991925,0.9990137305827206,0.9993200344721449,1.0,0.9999766329815049,0.9920933507334649,0.9999220147519664,0.9956188489002243,0.9952814304726538,0.9976361198682993,0.9953451038411351,0.9947272694026859,1.0,0.9939897308799606,0.9995315661629177,0.6522624938931464,0.9871756233355711
1655.33520858,0.998663136400351,0.9866873119395196,0.9938760036479252,0.9985697659405014,0.9954133870205029,0.9338305876433491,1.0,0.9993901125863011,0.4453310751553147,0.9596952702416787,0.9950950431288363,0.9971265806626448,0.9753903888443306,0.9988878084292305,0.9994521578252715,0.9992191820817576,0.9998254422453252,0.9932600518708615,0.99961722597772,0.995997884370666,0.9959087590856821,0.998160520126068,0.9953240241020767,0.9935853511760393,1.0,0.9970309165708361,0.998851683655483,0.6564185059101009,0.9886438860896738
1662.47344048,0.9981750868405646,0.9852435577313791,0.9915663854680334,0.9981684633481922,0.9930722163410104,0.9379318121457734,0.999366599062972,0.997620982598144,0.43650685037199305,0.9664369129733481,0.9928354102281662,0.9955111738877795,0.9789617599280673,0.9984867819383312,0.9982604016627156,0.9991095259271214,0.9978678076014644,0.9927668446437244,1.0,0.9979026372495536,0.9972498579169339,0.9955467836926586,0.9964748789735954,0.9949793208891099,1.0,0.9981029278540522,1.0,0.6617821256353598,0.9909256659597246
1670.05561049,0.9986158110006969,0.9910213445698102,0.9981574745840461,0.9987550510133186,0.9977034699222398,0.9376776292741738,0.9979348217474279,0.9998273069489103,0.4289183175203948,0.9677572538806475,0.9961681839957074,0.9949575321390229,0.9788013846893444,1.0,0.9976482584148401,1.0,1.0,0.9929482882476455,0.998205672601405,0.9971508073450717,0.9979511996483441,0.9972457759023672,0.9951541008873147,0.9894864374298528,0.9990752281252828,1.0,0.9998608577100929,0.6632806954644496,0.9950317400627914
1678.16902352,1.0,0.987975934895093,0.9953081150203673,0.9977076843148307,0.9962132839499531,0.9422201253589888,0.9986449262276829,0.9982162571219811,0.4194372034338335,0.9714722960860067,1.0,0.9925604728108284,0.9772550561783441,0.995911884525991,1.0,0.9985242869768612,0.9959446544060591,0.9911198384970852,0.9984943261969824,1.0,0.9994162330362174,0.9960301004938436,0.9961273524505593,0.9861417370349229,0.9964996065089421,1.0,0.9942145438691538,0.6662924529645254,0.9929837439616399
1686.55255666,0.9983213165492159,0.9872133466311115,0.9942465141533582,0.9987978519193357,0.9983342219229208,0.942925916861589,0.9993521441588797,1.0,0.41211439435401553,0.9761288448949968,0.9980168189781474,0.994700805312606,0.9782425235056076,0.996643224550268,0.9969490600863904,0.9980475945140824,0.9990293335430067,0.9980589564251067,0.9985164488468019,0.9983084500459779,1.0,0.9974957414945552,0.9947000217377712,0.9827201076890417,0.9972579644373931,0.9972860573359562,0.9963441136185941,0.6716488417438133,0.9897656142589373
1694.9652068,0.9998452450764854,0.9902038712673673,0.9957241111779092,0.9974083886616383,1.0,0.949954474332595,0.9943074179811656,0.9953781245602827,0.40156371653949346,0.9797247561261482,0.996698940497083,0.9951279641578633,0.9763773317522537,0.995133351831922,0.9977992457739038,0.9925528730065449,1.0,0.9959925418076837,0.9990920017224083,0.9972718550176736,0.9981836979964503,1.0,0.9949843351928004,0.9783506368430802,0.9912145948768045,0.9968796941888834,0.9948024830971351,0.6736015821440599,0.9934604785414097
1703.40698655,0.9975111363143911,0.9900581721593843,0.9921874163932806,1.0,0.9988020791285374,0.9559716320141144,0.9891362531179322,0.9903923079023828,0.3935405765780531,0.9789180862603323,0.9969432595473562,1.0,0.9767282037363791,0.998674911682978,0.9993765684336978,0.9971759565785951,0.9989536506380485,0.9982774178170953,1.0,0.997946925835335,0.9993616997468808,0.993443401136355,1.0,0.9699518794353204,0.9913976854712958,0.98242304923068,1.0,0.6790873271412388,0.9885625815325565
1711.87790799,0.9978040957493968,0.9922700323509882,0.9945871317707478,0.9950057994179041,1.0,0.9610279814120574,0.984198991033226,0.9884637571591424,0.38680041348173316,0.9842471637316252,0.9961486841204107,0.9971660803758617,0.9815091428907479,1.0,1.0,0.9964027810625931,0.9967372461897459,0.9983641177752992,0.996548426793181,1.0,0.9993654626292648,0.9952586455786535,0.9963620296758913,0.9600617307069972,0.9868976125891828,0.9647289792101981,0.9989909892358049,0.682693991839593,0.9901850903151374
1720.37798277,0.9988582446909906,0.9879709078107703,0.996042604957363,0.9963019007132579,0.9990861908587159,0.9618727089920676,0.9777614304598828,0.992265102133115,0.38023169100060716,0.9907384189012102,0.9999744919151546,0.9960165616992471,0.9844383177225374,1.0,0.9990309996324377,1.0,0.9965640115543469,0.9961343284074337,0.9996696683794724,0.9950738667672089,0.9963847035037942,0.993988038998078,0.997319604724407,0.9429094821818076,0.9772477266343679,0.9498716490484693,0.9982833218351566,0.6902279727647841,0.9910723032082419
1728.90722205,0.9965158742588924,0.9930339112369253,0.9936043052584209,0.9953797473874794,1.0,0.9663268265008876,0.9586833018758375,0.9898127790281961,0.37264580771687505,0.9900093806776264,1.0,0.996525679552747,0.9847205236014376,0.99888667056205,0.9932916127033475,0.9990253692292508,0.9973400749871828,1.0,1.0,0.9966743850115224,0.9972096284858468,0.9904906849964835,0.9956501046431304,0.9227459463452454,0.9612523291883122,0.9345763963265928,1.0,0.6959605482377934,0.9948090767152677
1737.46563653,0.999835340051882,0.9950536711609057,1.0,0.9960246672719365,0.994452362147358,0.9698508257569414,0.9455976259330127,0.9861016778692674,0.3663536359270305,0.9915965805742726,0.9987234529920238,0.9975518579620398,0.9786496010663083,0.9972554077248814,1.0,0.9980002197021609,0.9960342351826877,0.9983233018358777,0.9988105464753958,0.9959978157940402,1.0,0.9908912299703369,1.0,0.8957762167738539,0.9516990825574528,0.9164315535492683,0.995695785694902,0.7072288254471598,0.9901603223439542
1746.04891596,0.9985306488457321,0.9913163801077887,0.9973997859855803,0.9955512583876874,0.9953741109816252,0.9758638496859005,0.9236585498215204,0.9871176950438436,0.3597117917891125,0.9951590923600887,0.9969833733976952,0.9930112758270243,0.9814074101972655,0.9999970689286017,0.9987777630125753,0.9991717574101062,1.0,0.9968223492849169,1.0,0.9945766347153722,0.9990714559603756,0.9865162536060831,0.9967365079360456,0.8703989288934765,0.9420187544487554,0.9015940567377083,0.996008987815154,0.716456242536314,0.9904985480366145
1754.65358123,0.997313323124635,0.9967082830178784,0.9965143686641246,0.9989869067960085,0.9951580899208214,0.9802448994758685,0.9005694871190147,0.9771814152396544,0.35440069168574084,0.9966725881401003,0.9990282984403883,0.9953122264212915,0.9786271663474941,0.9986310444939288,0.9971299080223995,0.9960043110186307,0.9944636376437999,0.9993014474731189,0.997660571471757,0.9937499194550389,0.9940762023430191,0.9822363870935124,1.0,0.8501860988323648,0.9341877278757234,0.8986069356730406,0.9986250584135322,0.7247908331694466,0.9928363359832048
1763.27958128,0.9966605245683262,1.0,0.9967907969374722,0.9970416869060515,0.9947435363837918,0.9808854244136909,0.8751673808842729,0.9769717417765058,0.3499713976916123,1.0,0.9966179220176623,0.9937163532168003,0.980049342733727,0.9935048256013991,0.9986547997880595,0.9987570845958743,0.9951341832294083,0.9974371688866085,0.9973502345005902,0.996734433971828,0.9974466466417286,0.9753086835716148,1.0,0.8424744375851028,0.9272961789908305,0.9075556261914816,1.0,0.7410582115917022,0.9925502336071563
1771.92686491,1.0,0.9973646697881821,0.9931152479864385,0.9987531965361197,0.9909480899226417,0.9825614083698492,0.8512139478076788,0.9734953672140151,0.3454608753443432,0.9986138498729094,1.0,0.9953518165403153,0.9785161243809772,0.9944742385701308,1.0,0.997494692955747,0.9961254091483848,0.9974969537297774,0.9963888237443225,0.9939353811531898,1.0,0.9716514831072459,0.9978052877199489,0.8521015226264745,0.9251356123208837,0.9187458168386488,0.9959802100525372,0.7484771234671227,0.99715074149318
1780.59538078,0.9946054959597337,0.9998407668554934,0.9931396025818927,0.9980655634116798,0.9896405383445044,0.9835859830109863,0.8335431005091373,0.9691613088815192,0.3404169630469005,0.9968767470020399,0.9963975992513902,0.9949283818145809,0.9791636178235028,1.0,0.994251540131244,0.9933942783442855,0.9979756799456712,0.9988635280104425,0.9959888491182393,0.9958937903865173,0.9970562011739654,0.9690941069243779,1.0,0.8818727786563386,0.9305703274132388,0.9268827970196769,0.9965763932766284,0.7623550408912647,0.9929416845846235
1789.28507741,0.9903432006797812,1.0,1.0,0.9978304532235023,0.9894433139303048,0.9861091659493262,0.8307406623657516,0.9663177205740514,0.3365166860505625,0.9984462577553472,0.9954080770955811,0.9966322637522808,0.97735315470915,0.9979536527294932,0.9992397946392049,0.9978043860902966,0.9951595346708135,0.9985938256936069,0.9965515220062624,0.9931890327504971,0.9925371193643071,0.9646117044873477,0.998795496443109,0.9134811547587384,0.9396524413125643,0.937271027726928,0.9924631829421853,0.7723416056010912,0.993188483666465
1797.9959032,0.9952316933122481,0.9971466142286776,0.9939086284492017,0.9997814628212521,0.9899688470090015,0.9887019906008822,0.8254129246980642,0.9633187805338248,0.33188925777453027,0.9998566877619874,0.9961674423939874,0.9933977433660858,0.9762654599068257,0.9944970231708036,0.9974317872341113,0.9988818806417242,0.9988638516404573,0.9985674081088642,0.9933263716949695,0.9908090716742423,0.9943602407962191,0.9589854893334687,0.9979889196354573,0.9468346638610811,0.9474094591668487,0.9547036421215058,0.9966669646767657,0.7802570543163486,0.9949818025238788
1806.7210252,0.9946401840302805,0.9988573428590366,0.9963007719998324,0.9961987717689985,0.9881925488643357,0.9826800734725306,0.8299339781694577,0.9585865054232443,0.3294375466165339,0.9996329010635233,0.998140082509767,0.9931564868033708,0.9798705542779252,0.999546374202438,0.9975811792067671,1.0,0.9980872164300633,1.0,0.9991937264424898,0.9957080963516313,0.987368075318306,0.9591070724228159,1.0,0.9776925194263969,0.9610729489154973,0.9649628576017719,0.990275145094828,0.7904341278040259,0.9947884839905466
1815.45600983,0.9937924599865954,0.9947924605424969,0.9906557976699891,0.9959634492739554,0.9868714349910866,0.9731531210817146,0.8461643951884761,0.9546806791255331,0.32675897359534845,0.9949696987555208,0.9940280760786195,0.9919556177638112,0.9760683462231344,1.0,0.9942760863572541,0.9989206456801146,0.9985826922930224,0.9952469283001625,0.9970044002390617,0.9961961466919105,0.9879157062348696,0.949030124022624,0.9997347055121691,0.988272842205449,0.963069499061089,0.9714876399776943,0.9839232574657543,0.7999448671339638,1.0
1824.20079533,0.9925896752750466,0.9969755981125182,0.9891916418332481,0.9935236012574504,0.9864462933757774,0.9650018613885343,0.8555102789817868,0.947675031562411,0.32430592660211177,0.9982867664514912,0.9978928451796644,0.9943986585377173,0.9758964528605131,0.995732925977279,0.9969139257258623,1.0,0.9981218641265037,0.9964404536854555,0.9941826127968976,0.9911667580959966,0.9853708521905794,0.9518043491353774,0.9980090928757478,0.9947167650581878,0.972035550334483,0.9839225328229134,0.9730359164305954,0.8044342465242785,0.9969829999132017
1832.95532041,0.9929751362326136,0.9978571143441786,0.9918807650659435,0.9947308414861016,0.9849787000214197,0.9575637639934816,0.8685613510316532,0.940030535252673,0.3202968046101138,1.0,0.9950069829394159,0.9910668400858383,0.9759454462380164,0.9974079593964167,0.9976412518775377,0.994143087398758,0.9929390120584518,0.9917470068065976,1.0,0.9891406088693938,0.9857936548951268,0.9466917037525707,0.9980432836602381,1.0,0.9734303887474536,0.9863315579791359,0.9507123688003546,0.8105252872228459,0.9931488565187192
1841.71952428,0.9931808204459139,0.9974300667295741,0.9874254239646834,0.9949878779325753,0.9753460854816518,0.9610326586141053,0.8657905451633795,0.9387671932800745,0.3202875559092465,0.996641601186862,0.9955290726204671,0.9897173236410978,0.972938588931193,0.985122608482423,0.9993879569194024,0.9968179481890813,0.9969597620739307,0.9907444065547348,0.9950896940105708,0.9870013337378537,0.9863566906685094,0.9342638591495234,1.0,0.9976550859383676,0.9673219303901234,0.9855497381258806,0.9296908202333128,0.8118982122306165,0.986516082196698
1850.49334662,0.9904288145468322,0.9939919226469587,0.9840418667227067,0.9970130183524979,0.9654206968774048,0.975258012283195,0.855139204119383,0.9342741261077292,0.3201288039453248,0.9978593280902744,0.994633845276653,0.9862233014742625,0.9745278395757333,0.994998400810448,1.0,0.9963430960804539,0.9983121663683981,0.9867985397016212,0.998373454078795,0.9768761049147693,0.9810943839013825,0.9203835979638724,0.9962351909369901,1.0,0.9579800123495605,0.9765374580163512,0.9166877363717618,0.8087765152383627,0.9856997207369866
1859.27672761,0.9965436206331953,0.9953184164747171,0.9898500857250082,0.9909804736374686,0.9430694981110601,0.9803976196735308,0.8327371077621892,0.9256437685203285,0.3184332821889799,0.9957454042824329,1.0,0.9819421057310996,0.9735804098257179,0.994085009779057,0.9998280440796607,0.9944250970491286,0.992861148492939,0.9742750352442233,0.9929570412694485,0.9670066907943597,0.9782306751779332,0.8934200640896863,0.9952913336516631,0.9970585076031732,0.9420810641002838,0.9581900001242074,0.9270159603839226,0.7921359795217511,0.9717208238121233
1868.06353858,0.9863755203133843,0.9895259946324506,0.9875125390587782,0.9951124228730839,0.8990670666669235,0.9800139652631159,0.7908386518009985,0.9171674665701129,0.32102272200957543,0.9955536392593892,0.993834655417444,0.9766812619223876,0.9732876599980864,0.9871834259651479,0.9971989943750588,0.9918923876410879,0.9969609907845167,0.9593658972238048,0.9951648564779355,0.9453715565519091,0.9605725951102613,0.8516790548553733,0.9932167501110305,0.9928350037531344,0.915030978323075,0.9337382934726239,0.9465497887853377,0.7746315502452352,0.9559028988977675
1876.84916726,0.9853062663049992,0.9862202414495047,0.9858701134215234,0.9865309809447543,0.8381894873298322,0.9808454800634326,0.7333999005742173,0.9170320599869012,0.3210840660349038,0.9985067419613445,0.996255220060057,0.9665732417165068,0.9742244817805524,0.9886319808115922,0.9903193163876507,0.9829794756114717,0.9924274833353945,0.9404341527011714,0.9918755210017866,0.9104205149882841,0.9466332465465046,0.799249219388306,0.9834966188484979,0.9845136313116617,0.8754792157556012,0.8927399276027089,0.9690006538611776,0.7379333718370212,0.9415686639560847
1885.63362519,0.9817112749852341,0.9758007213965864,0.9804601809638983,0.9853180479637511,0.7548303276721594,0.9866332124888721,0.6611358505890846,0.9105981168623879,0.3229586418016506,1.0,1.0,0.9560037954976937,0.9686483955933336,0.9860994871501995,0.9832243092168885,0.9759717421049945,0.9961278447111995,0.9042725191492691,0.974455334483385,0.8526361229334465,0.915835495258049,0.7154452978522713,0.9669581049327542,0.9716381354742621,0.8231571021844954,0.8465782695142595,0.9843323866858739,0.6981053460552626,0.9099928882430944
1894.41692373,0.9893748034306389,0.9668924262031339,0.9811000266777887,0.9826491044329156,0.6729089319301265,0.9977847832545903,0.5736700437119473,0.9030600611879431,0.32477532929599806,0.9965379472169458,0.994156094184877,0.9573001992502363,0.9744259631887813,0.9869110740713483,0.9704132278498593,0.9573107197260518,0.9931488077540735,0.863750291974773,0.9677381586524785,0.784152158678174,0.8731690928013293,0.6351168736180074,0.9516000036354931,0.9583918607099832,0.7616236204061274,0.7957935854471769,0.9927165566556205,0.6521532219110543,0.8726459614474205
1903.19907409,0.9838936361067585,0.9457152213984783,0.9707757701440046,0.9804978127274654,0.6221563877043715,0.9953614261537238,0.48916475878875015,0.8984274404754249,0.3235103886474241,0.9998059859419341,0.9979698162449465,0.9584520848625588,0.9714474448981937,0.9853925868286113,0.9678581543478213,0.9448928742327183,0.9844600071746141,0.8326215186049585,0.9590157482782857,0.7334282551902216,0.8355301835684499,0.5713168485293096,0.9296211220821489,0.944806986035875,0.6770091671860116,0.7443197697983723,0.9985549161156183,0.6057767592576743,0.82361240760403
1911.98008732,0.987922469137215,0.9285527913568427,0.9650667187899696,0.981045769904027,0.6084251501210203,0.9969114552737893,0.44388205645009604,0.8944627415316666,0.32879732824753044,0.9986326039923835,0.9931847571482749,0.9506626072849605,0.9739350714840211,0.981401243029744,0.9641498385633117,0.9363008862823496,0.9872862753492516,0.8099332613384368,0.947080141313581,0.7242828728907795,0.8269897793607374,0.5571522828978679,0.9266417523873766,0.9303092995707357,0.6024417038679066,0.6896948721899151,0.9959899431212355,0.5612163344898459,0.774446485285524
1920.75997429,0.9885014827189491,0.9150246046173492,0.9546047237540974,0.9789302984079733,0.6134014191848814,0.9994830671421525,0.45921584328435455,0.8812634522681225,0.33154724675462593,0.994079986156206,0.9947334527981913,0.9544982621194265,0.9728624816855063,0.9889720253217934,0.9605189981355919,0.9371873133340988,0.9885844325948351,0.8009858095195186,0.941906796696525,0.7537609267264456,0.8356305327975291,0.5744564822999364,0.931559743080585,0.9138505059881591,0.5554442368754579,0.6298519509490319,0.9907830841967188,0.5256258959933409,0.7290133393992715
1929.54914243,0.9871290920922478,0.9011232609921769,0.9596648103382901,0.9721532943133657,0.625094661311229,0.9885557607179384,0.5107396966670291,0.8853933529782393,0.33639338273397856,0.9962920254233378,0.9905084898431107,0.9521723584500956,0.9747552199215714,0.9814016294046655,0.9561680495701294,0.9385713721274459,0.9838782022845561,0.8012935581314488,0.9424942270982088,0.7920629712238283,0.8585988334064836,0.603530499695994,0.9418059884439562,0.9036986606702332,0.5574019030512336,0.5667149803870765,0.989277323726141,0.49914941659278717,0.7015841667366265
1938.35679058,0.9936221192060755,0.8962050116075274,0.960679725282831,0.9743076823145653,0.6381499037570938,0.9740336725606223,0.5687636296051607,0.8706679143039475,0.34027436921506293,0.9928783083924463,0.9882332517397457,0.9536775003182243,0.9711175781981758,0.9808014144895919,0.9650025997784423,0.9501781804249639,0.9812748676842099,0.8039789323380269,0.9386490892786679,0.81745273884227,0.8773608910626615,0.6275586405578052,0.9462285543094666,0.9010947454268797,0.5909788418998497,0.5215033278188151,0.9882001267153316,0.4785392058871702,0.6953414731411568
1947.18286652,0.9907386473751786,0.889075282762053,0.9572381733674179,0.9785691100156425,0.6586582915524578,0.9647837747767508,0.6284986905102015,0.8698134881236321,0.3430083667168334,0.9928760130246902,0.9879405234064464,0.9565835701427167,0.9680001080473724,0.9747499041041219,0.9733868361490153,0.9498008582578836,0.9832517223293792,0.809166764255517,0.9378485932178003,0.8320284589032174,0.8925783434438249,0.6490950473731799,0.9480782093412086,0.8915832026187123,0.6256757956632601,0.504474440838651,0.9827738729875123,0.4593799341186195,0.6961489019976548
1956.02731804,0.9913865463150331,0.8803093552062823,0.9604794073113088,0.975533711337577,0.6768075654889463,0.976675693235841,0.6742589008155581,0.8567818200897724,0.3474558239665364,0.995516643425485,0.9906987693601714,0.9508064685002313,0.9745492882099677,0.9717102381513819,0.9696795955725112,0.9494978753729234,0.9751718056605866,0.818984088633729,0.9404401019158033,0.8405422109617784,0.9046189322085808,0.671643449079629,0.9596129241219001,0.8913449319027723,0.6644120323360108,0.5203969321136993,0.9769720228426385,0.4419706657395662,0.7086067412428856
1964.89009294,0.9827728438478527,0.8831802213892725,0.9653997286227401,0.9831652376934829,0.6969828958478295,0.9861591375963362,0.730771886690668,0.8501174178141095,0.353029270293628,1.0,0.9916467239991009,0.9503608884590463,0.9751116812391306,0.9747103174668807,0.9780160442197595,0.9616382265374127,0.9763113331495973,0.8200610655938197,0.948556941295921,0.8595655718836323,0.9135160494859476,0.6846082422114087,0.9670645801910673,0.891902863073884,0.7041551540192738,0.5524722414968593,0.991024467965323,0.42405546845749126,0.7251130861812355
1973.77113898,0.9896622714710511,0.880773183513387,0.9569989813462004,0.9834076514781588,0.7241594262064536,0.9975704016723366,0.7772419413138292,0.8435794932984142,0.3609704583614196,0.9859523410732788,0.9865459889635849,0.9617780675318844,0.9696127954307265,0.9725487131296503,0.9879090672584392,0.9631022472532612,0.9754888066580667,0.8299501472667089,0.9420236545515996,0.8689341774597847,0.9244925017259251,0.7085860113088113,0.9691902590492877,0.8911109939691274,0.7405025737636258,0.5810217509789919,0.985889495337974,0.42049137553204063,0.7441128502454958
1982.67040395,0.9869537887088546,0.8766296308471654,0.9631202817160959,0.9817909645001971,0.7482418591180761,0.9994805245882648,0.8211455548031014,0.8318358750227782,0.36671386840184367,0.9900168560420628,0.9859579589108398,0.956710791502362,0.968602350579986,0.9715455966413322,0.9873856925802776,0.9669602168691894,0.9709997757455685,0.838277528450181,0.9413588702243059,0.8796032457350574,0.9332938362798633,0.7319453327815784,0.9712809188553764,0.8842994648689226,0.7756658419013716,0.6169663181337245,0.9933498092158829,0.41813861311754336,0.7618185327464513
1991.57932378,0.9875960639056846,0.8826686886053948,0.9557987058628896,0.9877373789833382,0.7781339581793083,0.9980858010720641,0.8497886750949578,0.8314440201965155,0.37419609426277256,0.9957128113857192,0.9837103555885779,0.959872501245375,0.9731292861517679,0.9717565452424782,0.9933590886119283,0.9710558364125566,0.9706042990862987,0.8538561137545381,0.9539957959096584,0.9006836816865345,0.9400080122700442,0.7589043563578775,0.9635099276473769,0.8768300357711367,0.8127713870000421,0.6612336619682012,0.993135082914847,0.4257956349383954,0.7778361366842763
2000.48893957,0.9901308666589314,0.8910769898387038,0.9700590356898303,0.992290642787463,0.800628218585232,0.9991904692629786,0.8802484564119375,0.8206441012227293,0.38257679867922134,0.990494293343344,1.0,0.9651500662935822,0.9692254062162202,0.9672919886817729,0.9857536134930678,0.9773687607419835,0.9749709308021938,0.8697916016064662,0.9523606373612278,0.9176727182032461,0.9477715814739579,0.7849920613506349,0.966227583100849,0.8691090720066529,0.857420144377586,0.7227282740811816,0.9899745722416049,0.42788194147300707,0.7983130234955431
2009.39924527,0.9825488178058416,0.8899521518688964,0.9705660196596345,0.9843464734301188,0.8218718553255445,1.0,0.9108316230261176,0.8189434092135148,0.3931844801517524,0.9894407979289195,0.9906984497634083,0.9625820758397137,0.9752626928909103,0.9680232899018042,0.994476050864149,0.9796066878768097,0.9770330575957756,0.8711439540102675,0.957474811731388,0.9327896180994758,0.9499937715939557,0.8084002532712029,0.9750930501650179,0.8566651451398225,0.8923326092053148,0.7984047566386994,1.0,0.42841663151478965,0.8088414135906365
2018.31023493,0.987117044314086,0.8929416636772025,0.9728572405564365,0.9986926593754385,0.8526486981290969,0.994498521805173,0.9195296591532127,0.811775726919111,0.4002195368636505,1.0,0.9795120278716888,0.9606907385533894,0.976023274995001,0.9773447922623529,0.997393268840866,0.9802638773521074,0.9758574023833191,0.8920644628227312,0.9582861404935251,0.940302790052784,0.9617756544519293,0.8331257308835043,0.9810555471517871,0.8536521927279991,0.9311396739952502,0.8476484311364858,0.9943361039483654,0.4246687940178319,0.8375429035639308
2027.22190266,0.9941690355348324,0.8883119341929216,0.9758609278588657,0.9933174616170719,0.8710466483594924,1.0,0.9290621152822792,0.8051715505525563,0.41330368963570685,0.9917477157062231,0.9897234044400542,0.9704763876489002,0.9707448197797621,0.9751373208534425,0.9992453243263677,0.9817458300469205,0.9811615664212152,0.8973803921180391,0.9720679191027282,0.9509198912843898,0.968654830549555,0.8559703326719542,0.9959929296337722,0.8553921444680632,0.9497072337000374,0.8835442877151759,0.9890602573718756,0.41171841175502644,0.8439569700795257
2036.13424266,0.9813164790190202,0.8988575892739271,0.9787095464150848,0.9933295183517391,0.8840608986060395,0.9941425583087364,0.9394691002052846,0.7929294325605848,0.4202595347512182,0.9951250335094834,0.9890012084293559,0.9692389153140628,0.9739268141908833,0.9855896932672193,1.0,0.9920099455542541,0.9889910830624469,0.9075665984439607,0.9769687779968418,0.9571615330117962,0.9724786919702592,0.8733916322887203,0.9962462232871366,0.845775189217869,0.9623487658879827,0.9083871513893101,0.9952009012944494,0.39860501691837924,0.8594273664355848
2045.04724919,0.9981340260705894,0.9020142916849596,0.980421409918536,0.996716883150258,0.9011990162449579,0.9986159026194225,0.9456398251642878,0.7886240164220492,0.4345536381554238,0.991174096626753,0.9839119532025187,0.9769907538785562,0.974077656909839,0.9877674463096606,0.9985018992513678,0.9874945659788765,0.9968796008551861,0.9189530266904395,0.9776702475437783,0.9751166440751254,0.9833741565941938,0.885572864376418,1.0,0.8416310882286522,0.9717749409762242,0.9302890349977456,0.9826399901051037,0.38537241087853225,0.8754384630127326
2053.96130725,0.9944378303239351,0.908182513679502,0.9840758844486753,0.9853685194111135,0.9171235486974129,0.9998240004326752,0.9602793543287448,0.7823006321432069,0.44161309944789495,0.986331103979769,0.9936700964054791,0.9748149193431901,0.972890803589601,0.9945181355175085,0.9921552807897587,1.0,0.9986178307697063,0.9279171937415208,0.9800237670960286,0.9758397630186912,0.975672613342825,0.9000222685157163,0.9890184979314228,0.8336807842812461,0.9839601518119434,0.946196399567733,0.9750190103385478,0.37306410597702644,0.8835786653859563
2062.87694233,0.991888050473601,0.9130960797493802,0.9835974854665328,1.0,0.9305202678411575,0.998185398360872,0.9612975624964889,0.780376227584427,0.4549245494140422,0.9907919077783431,0.986700301756932,0.9758260522912131,0.9631904119109793,0.9951550719018745,1.0,0.9929057176961199,0.9965767506571306,0.9311547122487549,0.9805082181450554,0.9863226826998858,0.9881205975901174,0.9067184152096998,0.9725673789771605,0.8280320463842079,0.9804112186144398,0.9585108150564065,0.9823850314432232,0.36888604952718984,0.9024603617742019
2071.79414164,0.9931659468603203,0.9120207947389504,0.9816791825695862,0.9985044146149255,0.9461601931703535,0.9911552150837899,0.9619178709690519,0.7712328207999587,0.46785427948207076,0.9957564659919693,0.9886559658236139,0.9796491245970673,0.9690309190263352,0.9895580817984021,0.9932547425772232,0.9949297616210738,0.9980709422145352,0.9399680587010003,0.9923207139987753,0.9823407651121552,0.9865762364617514,0.9245315237070102,0.9591849708708547,0.8266768759576255,0.9817011009136475,0.9628744696441358,0.9864480038687455,0.36579042003315226,0.9012127521717544
2080.71289251,0.9882052652785045,0.9232290190620335,0.9898282281679038,0.9960338006178473,0.9533191633800373,1.0,0.9667141778402092,0.7624658165075063,0.4785815105541178,0.9933287063101149,0.9870815685945808,0.9858069524159788,0.9686941275447587,0.9914128746048083,0.9827393020165561,0.995897029327176,0.9941775876319803,0.9420651638167642,1.0,0.9922346962138091,0.9901571810073331,0.9274946424093665,0.9492850812307649,0.8286364384900363,0.9842779505251393,0.96440350126458,0.9837122166684077,0.36799726535287447,0.9159516743576586
2089.63318245,0.9906878731372103,0.9274306028168668,0.9871616379492241,0.9990175484595303,0.9681400584196791,0.9937499384589071,0.965414072692266,0.7595520479595558,0.4923098965596848,0.9893223124751732,0.9882912368319859,0.9863025277289845,0.9681314628079243,0.9973666908918228,0.9850409802990895,0.994799253084362,1.0,0.9442864546716816,0.9891509911956841,0.980339927118692,0.994136368848561,0.9243090284981154,0.9523119482159819,0.8165857690790483,0.977739607877832,0.9682741677119256,0.9808390327172016,0.3700757964629742,0.9232083955640594
2098.55499911,0.9956860008406954,0.9367100462948974,0.9941817715083513,0.9984988361148016,0.9692911102933863,1.0,0.9698929953968556,0.750667473565404,0.5079935011496564,1.0,0.9917128903598408,0.9811611817404471,0.9654302451963906,1.0,0.9778906871843842,0.996601030140491,1.0,0.9469575065995584,0.9871897468625833,0.9895619635366694,0.9944489758715885,0.9384282813621062,0.9615066328394757,0.7933092843885904,0.9741374752750517,0.9600898093068803,0.9838310173675618,0.37580339337555124,0.9271332772136858
2107.47833028,0.9956901633808449,0.9406935495812797,0.9911669940026302,0.992186663501352,0.9792263927104008,0.995108526867662,0.9570379742610076,0.7514563592359255,0.5209743160543091,0.9935242839593906,0.990012017340952,0.9977412004113233,0.966735013401263,0.9879634594514138,0.968893030841397,0.9977523359773878,0.9966053037471413,0.9522619454721125,0.9840091940277411,0.9879835054009812,0.9942044052826022,0.9432247293904978,0.9604893052344966,0.762844590920259,0.9776426317137383,0.9634442913168056,0.9766031325800266,0.3783399527054187,0.940197218981166
2116.41133382,1.0,0.9553665278210566,0.9934909320604463,0.9954639884386924,0.9888496869632064,0.9948229761984381,0.9514960673187911,0.7408121916358288,0.5349631075600151,0.9897039352010074,0.9859762344912381,0.9884420085869963,0.972963792041347,0.9932209448092758,0.9548298087252617,0.9898025071832695,0.9981770408750622,0.9587796787781622,0.9844380782760803,0.9908243410995553,1.0,0.9562744899916952,0.9644045327081119,0.7152321286794678,0.9811429870951066,0.9521558095055981,0.9720821450391846,0.37962060987183893,0.9446167329016045
2125.37093026,0.9892712207508798,0.9552967826333213,0.9867169899568524,0.9887999442237401,0.9887030545785652,0.9974326151740488,0.9586042313583469,0.7376738340395904,0.5491520323788934,0.9977169902789699,0.992620978399341,0.9873476921892262,0.9712440852847384,0.9951126172610101,0.9495671487954228,0.9892678213579632,0.9931677444632857,0.9615100200898609,0.9830127021452303,0.9897879837447326,0.990878900404115,0.9572045748912064,0.9528389264611167,0.669830884309554,0.9841885826137088,0.9350520147173784,0.9705486203872978,0.38383128225122587,0.9541332660398683
2134.35713173,0.9857307955519191,0.9627546943591,0.9897217089076348,1.0,0.995798307115523,1.0,0.96021556401006,0.7319477878869344,0.5650101948662103,0.9965397765292433,0.992055778352215,0.9958504549855005,0.9687191674195151,0.9897209731764453,0.9268324115980543,0.9952823461467637,0.9682353099437195,0.974279971059117,0.9862078837704906,0.9923380822100425,0.9897528115084137,0.9636992622198463,0.9590794827351024,0.6372128015309229,0.9872128082942191,0.9337334229330941,0.9656459639947731,0.39399964828955,0.9603112127756858
2143.36995005,0.984343551329511,0.9741606667732939,0.9973092616288766,0.9955972889586637,1.0,0.994380976813954,0.9569861903724537,0.7315712503340881,0.5780897480677495,0.9915284697703842,0.9806728107046917,0.9913695283432079,0.9695899462949242,0.9976745102720402,0.8903997429851429,1.0,0.9531369079341981,0.9818231591140425,0.9857239989105008,1.0,0.9950537941617655,0.970963900256685,0.9665972992586338,0.6018481963054559,0.9950508838820428,0.9276260268076786,0.9601787691268943,0.41377804613865493,0.9706461194082465
2152.40939672,0.9814594247461761,0.9777861596729479,0.9909362598502627,0.9966753610379879,0.9931603553308836,0.9966655948944428,0.9603354411914174,0.7218364528953313,0.5990665642516739,0.9960279930976808,0.9809686077476957,1.0,0.9730733074651924,0.9957670671029181,0.8465551786584753,0.9919661436336384,0.9254471818726149,0.9850600080753075,0.9890361740894736,0.988355657397154,0.9987110599112434,0.9719148385829997,0.9687756759946069,0.577262153581914,0.9944033905411683,0.9271287762028013,0.9588053265768766,0.4506798791066861,0.9732190816898445
2161.47548295,0.985051856622713,0.986426104320079,0.9913622107343254,0.9938179071818585,0.9820606757019008,0.9920900621443924,0.9684774911612016,0.7192164125349645,0.606410698352484,0.9965406362713252,0.9816793794597354,0.9965527511467357,0.9672559638689128,0.9876281700999977,0.8135870117816475,0.9943851429139134,0.9027369822527225,0.9939168815040585,0.9978980160050422,0.9875571795987065,1.0,0.9772764746639532,0.9835327808901688,0.5589100837130114,0.9915604579159292,0.9130289423161916,0.9596234574707023,0.5051198719471885,0.9722363027571336
2170.56821963,0.9877201807898177,0.9892727496437752,0.9920343743701936,0.9980064062460565,0.9678416858849164,0.9815335677149056,0.9712570749876602,0.7172945958375031,0.6256657455855305,0.9955624017455197,0.9881136913904371,0.9932908518087376,0.9673749431415524,1.0,0.7899356803366909,0.995130293150043,0.8707614470537419,0.9968425037743976,1.0,0.9640675950498613,0.9955877194865872,0.9884121591811387,0.9753068742420892,0.5589568685125649,1.0,0.9058879038083492,0.9496485154300369,0.557733907288222,0.9776960541270194
2179.68761735,0.9871091239491283,1.0,0.9977908026642185,0.9982359957726759,0.9458662787878349,0.973339469423915,0.98024589901292,0.7134977106113163,0.6400948636709178,0.9949796590904992,0.9809723005839355,0.9992476765347098,0.9755671167299996,0.9912161391444488,0.7872640357911516,0.9768802229880369,0.8365944598599993,1.0,0.996894463386301,0.961997751396941,0.9973519483492498,0.9879978438169387,0.9835813048060289,0.5726494191486687,0.9903124545374054,0.904172257397446,0.941883427325127,0.6154461973353679,0.9874090295459012
2188.8336864,0.9916605491334315,0.9991701680012399,0.9937314947131468,0.9972084145489534,0.9308642651509481,0.9604721076562821,0.9838363994997561,0.7062586190807817,0.6550201607417353,0.9887317213930039,0.9790469881748688,0.9958373814956607,0.9703148539255044,0.9888555174886271,0.7802666135196366,0.9685154410839601,0.789982953478337,0.9991822267118685,0.9994917348572504,0.9320605786114736,0.9969013218634449,0.9994421616320427,0.9956852550658768,0.6016502344201871,0.9917532878467937,0.9017192215735218,0.9356901998188569,0.6545947783598524,0.9902975896228552
2198.00643675,0.9868607092236765,0.994870441535624,0.9964416531447798,0.9841291648967851,0.9203716480771882,0.9459258187908464,0.9899772211296521,0.7028296689220666,0.6677290581333388,0.994785541932702,0.9804403782834976,0.9881150722729459,0.9797637139726552,0.9925277976499025,0.7636122892910184,0.9539131179989988,0.7485776000069878,1.0,0.9990791481152165,0.9139300364913251,0.9902075961474056,0.9940698874009269,1.0,0.6498659524629502,0.9833495646329854,0.8871884707340966,0.9273366785707985,0.6861520967824217,0.9941807466239769
2207.20587807,0.985841929136581,0.9897269319039682,0.9897771232645556,0.975689599239072,0.8990834121955795,0.9254603763608117,0.9852107803396015,0.7000330925337657,0.6881767216051413,0.9965703520483992,0.9792114072854708,0.9963829508602631,0.9791158488193247,0.9882502087570244,0.7545119548946088,0.9471260770662583,0.7430071057899484,0.9906124149179898,1.0,0.9045260755074715,0.9912829773522606,1.0,0.9997907882068636,0.6908100468160291,0.9776451334612895,0.8909464416384176,0.9190410676174443,0.7126818997731041,0.9889226756573234
2216.43201972,0.9838613564765916,0.9879820041555519,0.9915927236023169,0.9601712594296508,0.8949378964991491,0.8912820753417378,0.9908702704570669,0.6952429913072296,0.6976035557942193,0.9950089211557224,0.978968492332137,0.9912536250118716,0.9663383469667932,0.9807754230188409,0.792332999541141,0.9377624369841774,0.7825745868204396,0.9868698959516014,0.9952754957725839,0.9077991145441299,0.9860433223936573,1.0,0.9752931094055595,0.748432562403221,0.9768635701695346,0.8824371706100564,0.9073746317716604,0.7240727230343261,0.9972884907669909
2225.68487077,0.9779056333053665,0.9762550519563798,0.9863622744330464,0.9387670845829047,0.8979560986068494,0.844069457632042,0.9961107012376718,0.6931594071807398,0.7187196535970493,0.9961232459090231,0.975097125013953,0.992715160943678,0.9652502713857481,0.96288478146018,0.8486209037905144,0.9385158512452558,0.8326349753072999,0.9775583074933692,0.9873392145806731,0.9309943214887788,0.9821463260269394,0.9967780289993561,0.9415164059085906,0.8421362474516922,0.9779423551745525,0.8943318221843688,0.8988201285947197,0.7493501615877757,0.995918596515036
2234.96443997,0.9749461340162175,0.9643628097715338,0.9955623641354789,0.9272116468407845,0.899772333247149,0.773404278796725,0.9899595338155723,0.6930201289336739,0.7319308074198224,1.0,0.9755513230015064,0.9933053369883134,0.9706636782716651,0.9446839935638218,0.8915081336559816,0.9530847319181275,0.8620345823735421,0.9550949388618772,0.9695387014195282,0.9464488005006689,0.9754015551325982,1.0,0.9230364199212255,0.9141416171147387,0.9776293399856051,0.9091962630180709,0.8809903728405066,0.7586074802887328,1.0
2244.27015399,0.9722219683541663,0.9483624642398227,0.9923683614332405,0.9347102722480942,0.9029732560763474,0.7001117627580647,0.988334684134581,0.6866019002687936,0.7453464365817608,0.9954012000484206,0.9768503242276106,0.9892595977629078,0.9767337748823912,0.9227393595095236,0.9033667360808704,0.9597864485084718,0.8525062149679375,0.9437484772644755,0.9621551037908607,0.9616362443333859,0.9718918205151881,0.996232939787534,0.9069613627294191,0.9584654417028099,0.9838640479770733,0.9271775684831675,0.8739573951823856,0.7738920548325499,0.99817084056677
2253.60010501,0.9764880010754666,0.9283265036742728,0.9925251070567563,0.9447216596477325,0.9123177413037011,0.6468863563409186,1.0,0.6901824318141178,0.7573058108822571,0.9906603809628932,0.9827712690618587,0.9879636644170369,0.9754791987177277,0.9098215266895731,0.9129891979030322,0.9630814018895368,0.8385118176283635,0.9285409585943685,0.9515429951683496,0.9737770959104612,0.9703435141967172,0.9943794176237376,0.8696652810343396,0.9831102259265532,0.9756348941406178,0.9425985241720369,0.8541990073271338,0.7908418651032947,1.0
2262.95428072,0.9683448744581868,0.9223941014138369,0.993932170472684,0.9507915724354973,0.9232624524773071,0.6319309845217798,0.9956075670697063,0.6965834238788142,0.7723565819990276,0.9946521163546694,0.9822396326745176,0.9946864930996708,0.9728122657173951,0.9141134753432162,0.9087602991670392,0.9739868581740042,0.830865848616221,0.9157270576195179,0.9462027533085912,0.9902822943599087,0.9561997450078924,0.9831535257776922,0.7893218339978099,0.9980385622703641,0.97492591511075,0.9301210972061897,0.8323901961645641,0.7962738888332311,0.99880990059114
2272.33266852,0.962164526648833,0.9121402909002794,0.9988278157890689,0.9475882497347228,0.9273491842506894,0.6331185829933147,0.9954073885041882,0.6877254378220138,0.7792511064851878,0.9950955351466237,0.9806580012122159,0.9880999548724111,0.9720185213505049,0.9046646185434954,0.9167269815161297,0.9809305906332224,0.8387309016810567,0.9006014622793582,0.9248960161003705,0.998944658865237,0.9296388659154012,0.9519549654612052,0.6913725097718643,1.0,0.9735160503020787,0.9448040985788103,0.8330150401524689,0.8006498695770302,1.0
2281.73525558,0.942907321050662,0.9093929406466685,0.9925402299536256,0.942872994332994,0.9421208217025651,0.6156479088152325,0.9915509957716041,0.6864796208555527,0.7990020721148686,0.9967996413755765,0.978215355594417,0.9831488241624533,0.982372905629994,0.8922666085328915,0.9112973156485747,0.9890962075738261,0.8446325954881222,0.8869549050593678,0.9130875724173652,1.0,0.9110549357144085,0.9210874230717799,0.5680959399031625,0.9964312582877682,0.9756499961224794,0.9625032085726504,0.8462624961998058,0.7850519256704109,0.9938754676371756
2291.16202877,0.9321968621117147,0.9049418781757556,0.9995549358568657,0.9406471757750459,0.9527620722385844,0.5759005414445515,1.0,0.6898089483634812,0.8066229207311282,0.9924415697983704,0.9662048779073571,0.9899548546742692,0.9814479183487913,0.8666736179912641,0.8971511040449021,1.0,0.8362942777026079,0.8683338348239671,0.8986304212654174,0.9965837532578095,0.9175753121335707,0.8614977038989943,0.47156502945590323,0.9897005457459761,0.9830064550336751,0.9727788421344918,0.887443493452758,0.7764935526244666,0.9888084814057737
2300.61297471,0.929868398295825,0.8958989510487997,0.9901353243915185,0.941687955993569,0.9615939374893863,0.5227465104340285,0.9999588705146614,0.690421610386159,0.8169874913627497,0.9955738070069236,0.9835200106340094,0.994784366632145,0.9811484904015357,0.8564218659889493,0.8865789174013168,0.9946203528908366,0.8141076964402137,0.8471645169114581,0.8715339978295168,0.9948607462393977,0.9421953136665783,0.8321068698336301,0.4191681000765414,0.9587880937151276,0.9951168465923987,0.9829495243987982,0.9194361452256518,0.7655268060418149,0.9855442340840813
2310.08279923,0.9262837678169104,0.9027345269186382,0.9953791545247659,0.9341673486725989,0.9689896381981038,0.4589508471884475,0.9963059401735292,0.6945520612863145,0.8191542624337057,0.9922794480299354,0.9806708362317899,0.993184648468856,0.9816262017456424,0.8425905962132325,0.8784943798026876,0.9972805589529615,0.792788040064854,0.8273478740590308,0.8563179689903375,0.9910397024686504,0.9725400949147928,0.7997373945675823,0.40066795965423535,0.902992940545568,0.9899097850252172,1.0,0.9437772865816927,0.7637082848930621,0.9790304657537924
2319.55711841,0.9195835377524184,0.9182881675649411,1.0,0.8983281885450688,0.9873991241619369,0.40330876042277114,0.994796044026134,0.6911979341369205,0.8314077611589091,0.998262614916233,0.9740902843387267,1.0,0.980274578042143,0.8342724510326602,0.8629045411680757,0.9829032148138839,0.7735788888494136,0.8196512701802096,0.8345735880930898,0.9820005791087143,0.9861096071127378,0.7983027245046905,0.4582984021086516,0.8768526304922684,1.0,0.9977416199422372,0.968536333524337,0.755126035144948,0.9693172773079382
2329.03590187,0.9135737346560983,0.9260063648178418,0.9892743543837165,0.8299448981776698,0.9950814288066753,0.3702122219225226,1.0,0.6948721106769712,0.849950145302229,0.9932605957669478,0.9723796826403125,0.9950355163361807,0.9904711980691724,0.8291074245233427,0.8578370730298258,0.9738525043502079,0.7626019264640675,0.8334302114309621,0.8242413478148575,0.9729808804272767,0.9920880800768684,0.8391078506275615,0.5891381872481045,0.8766127226755547,0.9978690346246308,1.0,0.9933937015137774,0.7442094785559471,0.961908132394561
2338.51911953,0.9083875311006403,0.9531952101193865,0.9930972970207692,0.7643021134337333,0.9972456337693366,0.3684295742208557,0.9979924906788432,0.700476829031431,0.8632054935656013,0.9956279827738961,0.9751531906218713,0.9896106113789804,0.9814997796785838,0.8336967892378717,0.858666806146716,0.960544158058412,0.748442021780103,0.8671941334729834,0.8402903304325194,0.9695993512532946,1.0,0.8793722842425132,0.7110664100094031,0.9038874892256497,1.0,1.0,0.9993645161750043,0.7232386629367131,0.9343424392772184
2348.0067416,0.9231866891375818,0.9557629937466942,0.9973571062654463,0.7212955388800234,0.9972015424501868,0.4102657225232146,0.9982695793140657,0.7048264564858872,0.8791611460994916,0.9937667050861306,0.9737517292092733,0.9899382112222705,0.9860926807869673,0.8532245986741414,0.8468561162158864,0.9693778246491266,0.7449560210576388,0.894558233288243,0.8732833380178575,0.9564883765250978,0.9851715332670045,0.9036664314671442,0.7523369293639733,0.9382753762340771,1.0,0.9896557895185811,1.0,0.7112755944540934,0.9095658597402708
2357.49873856,0.9338482129230665,0.9635814803750673,0.9942169211199071,0.7111680909818646,0.9920880024402542,0.49242555591403364,1.0,0.7095629026832907,0.8872294945113294,0.9861366551070029,0.9698768638462812,0.9855530100351269,0.9803836030804682,0.8710340305971414,0.8397366524154467,0.9631325595601578,0.7538072747749582,0.9218162545757027,0.8942962846279524,0.9570029792841863,0.9862974732311254,0.9056279995362627,0.7459602969712993,0.9528661711344342,0.9965504729206781,0.9807080153807259,1.0,0.6752420523929695,0.8894023864566306
2366.9950812,0.9496347675362165,0.9606421122455047,0.9885296177348889,0.7274553766001711,1.0,0.6056062427278904,0.9979411179643303,0.7074151763022222,0.89547942481607,0.9907598586795187,0.9782763375149789,0.9965840775188933,0.9803017542739019,0.8943306915454314,0.8265485381152735,0.9605407771561932,0.7778893985138139,0.9219786606337382,0.9133401466547411,0.955246227686202,0.9889593371833485,0.8933803120700128,0.7011776119076324,0.930722699642014,0.9926762713918688,0.953278012468418,0.9907604925074263,0.640263161252919,0.8668517405520485
2376.49574055,0.9592490929892042,0.9541790061142386,0.9895734182057968,0.7595138370547708,0.9820416526290026,0.7099044119048966,1.0,0.720606982149628,0.9014409666647654,0.9979407334156354,0.9685782238850408,0.9859589951501917,0.9838668298723516,0.9020265346407568,0.8270791001997164,0.9690142695736091,0.7972076996921089,0.9313243608441872,0.918911230389679,0.9412452722090872,0.9844501895082028,0.8675390933902561,0.6313632684603144,0.8890946129785936,0.9747883337545389,0.9277960025624423,0.9813342299352842,0.6088768470470215,0.8498948649702458
2386.00068793,0.9696955651394067,0.9414992001202092,0.9957935132963552,0.7773649039549735,0.97574671507875,0.7934557305344553,1.0,0.7287213398313387,0.9120653539222304,0.9838521494813619,0.9717130270836933,0.9869633103062789,0.9846816496631335,0.9161404104400709,0.8181906583217778,0.9781430343869695,0.7968498552521571,0.9130402818677632,0.9138611371550778,0.9272005947536515,0.9697934951983901,0.8469627149224387,0.6020561087445592,0.825182451787792,0.9561935224563267,0.8940128107570824,0.9578668571438255,0.571769390169305,0.8248908706996319
2395.50989495,0.977537188215804,0.9313136312494186,0.9962224959659052,0.8122912409625731,0.9743194781067555,0.8635607775295449,0.9877323046399409,0.7296599132075438,0.9111477124169446,0.9950449934962948,0.9648971806756786,0.989192295101846,0.9874988095206757,0.9288057093510488,0.8207398019013238,0.971554247130957,0.815689117676621,0.9190705012108108,0.908623387426638,0.9190930468428998,0.9644204357394759,0.8369355586491827,0.6266480843271317,0.7600894340568345,0.9433566998960718,0.8566456755593672,0.9348384037656855,0.5397852782293918,0.8168678553185996
2405.02333345,0.9729708824055878,0.9180692056181714,0.995411206116169,0.8603468083559451,0.9490020350175216,0.9107398079701885,0.9716171157941658,0.7296217135583715,0.9183938224468277,0.9912642058571921,0.9682513408960108,0.9892272682369538,0.9929360395623933,0.9397072732749139,0.8251437994523952,0.9848405635452574,0.8098251708134706,0.9060176746374249,0.9173346002977386,0.9138423891243819,0.9660861940975348,0.8493583576969429,0.6846809571522925,0.7252962868193646,0.915970206942635,0.8130609475972604,0.9046142728426299,0.5389065842099868,0.8078242255603307
2414.54097557,0.9789027747602624,0.9072851295401255,0.997195172449893,0.8928384989876429,0.9330871389722303,0.956742464532916,0.9619524820779656,0.7401088612103873,0.9275257292486988,0.9847633721884548,0.9732568630813349,0.9820658757212267,0.9906566377636369,0.9517751212381708,0.8258242766866489,0.9709124404820805,0.8226548472686406,0.9046793081363197,0.9138124554682879,0.8962006296791707,0.9694954895737478,0.851537426999742,0.7545928786239149,0.699716096618711,0.8923167959358761,0.7791978033370522,0.8942179478185527,0.5545978339347184,0.8034188611728027
2424.0627937,0.9763484250132111,0.8902037087991148,0.992149790842654,0.9280786894013334,0.9087772259215365,0.9832877782338751,0.9229918534269035,0.7434635075148246,0.9320275651285848,0.9952194061848273,0.9682347092865079,0.9836369408072172,0.9944351517602619,0.9503799794290263,0.8190663613786949,0.970723873305226,0.8236975083416125,0.9009136794156232,0.908467351759558,0.8881467554744467,0.969976683336484,0.8458085142449788,0.7900519955116504,0.666276014056825,0.8652529105959722,0.7482194810080983,0.8947335410824989,0.5791545921328667,0.7999022180400404
2433.58876046,0.9530189565466919,0.8787679657484203,0.9919752895453258,0.9552677108444724,0.8901352354557319,0.997803118874663,0.8917885443433222,0.7545504342513725,0.9347542648330998,0.9980497065416899,0.9646048237959034,0.9873414397265076,0.9976831466121342,0.9500299438638914,0.8037424976245299,0.9599249752981682,0.8343585396786602,0.888586053313248,0.9180783139393799,0.8679184880503904,0.9822924218964886,0.835715444441346,0.7988372358840643,0.6494345555078602,0.834680015853968,0.7351734025994167,0.8990866487216327,0.5961193791924004,0.8038378059038652
2443.11884877,0.9579045197893351,0.8561349140761781,0.9835451608709185,0.9755999459833863,0.8751180753430475,0.994445017078791,0.8621792902518152,0.7650945110295112,0.9427633714140432,0.9934079521416912,0.9571921623280455,0.9899249779201268,0.9835358931559887,0.9417582707562134,0.7980036068046826,0.9534160627510977,0.8393106241826244,0.8972642139498285,0.9233336726182065,0.8613743118335099,0.9777050841360657,0.8237478164389181,0.7842307251201454,0.6509888610476927,0.8241263896976028,0.7292050902032983,0.9010370449786859,0.6002292781906274,0.8040097851631173
2452.65303176,0.9330600715545073,0.8319029594618692,0.991531131179421,0.9813558900441848,0.8534150992494566,1.0,0.8323178003687551,0.7782689478314643,0.9434731235773095,0.9942198533835321,0.9629423699868507,0.9856644930039771,0.9894145820456186,0.9389846202134845,0.782087543403457,0.9689193774250012,0.8512205037074361,0.8867292880087893,0.9254843827271815,0.8542297996999039,0.9840242875188882,0.8184478792339392,0.7900384372248254,0.6547847159625665,0.8097772184908973,0.7197418082169269,0.874493561813223,0.600320873969933,0.8126199987919552
2462.19128285,0.9302506241064483,0.8219891864267145,0.992874094672236,0.9762462951970042,0.8430470077786247,0.9995496820736556,0.8013812479493908,0.777866081797083,0.942330450247876,1.0,0.9614883761067391,0.983704410873443,0.9872452352799442,0.9392473989280553,0.7760112835099201,0.9669587930963679,0.871661011085376,0.8909301699977706,0.9293723728864421,0.8516904684529906,0.9827005271785555,0.7953278840565722,0.7946604558172805,0.6403285439069083,0.8014660906332073,0.7162110614917692,0.8717293087904618,0.5897343051325711,0.8174835492763971
2471.73357568,0.9175945131369967,0.8150907491091499,0.9876955736464986,0.9713366191455869,0.816211582307759,1.0,0.7859755852789772,0.7895311116907808,0.9571315302752779,0.9886781163981313,0.9648899607593364,0.9771975070125467,0.9873516648358217,0.9316198574717457,0.7696299684880497,0.9614768220371217,0.8951544401424717,0.8748043767153906,0.9266166989901519,0.8403441170750126,0.9846682944365491,0.7969521779092624,0.8104396622663148,0.6382883031798597,0.803206063551894,0.7029562101804749,0.8808366218348929,0.5843128270980378,0.8255107127435062
2481.27988414,0.8973750398557953,0.8046651588974546,0.9938396309249036,0.9659555628602743,0.8063678724553336,0.9896456566282975,0.7754523516069731,0.8104109173815549,0.9485269191364157,1.0,0.9664805965537304,0.9825853226222248,0.9890273287371251,0.9395302098144748,0.7569176627200517,0.9648989508841337,0.909662125242111,0.8573602845022503,0.9165584618757504,0.84097455991533,0.9841355483926423,0.7883618306298634,0.8456287149536672,0.6476448504098878,0.7987445982659908,0.7059726578080185,0.8870240745846307,0.5782596257789698,0.8228418812248731
2490.83018234,0.8797251496332096,0.799938668942397,0.98276336083849,0.9749378559547422,0.7956610655542355,0.9869052648220225,0.7742393593372496,0.8127249748920095,0.9565055682789684,0.9995875368152627,0.9535330853373639,0.9889799465470457,0.9952702522737683,0.9329358109581,0.7430624611109674,0.9810148545982711,0.9272170517452666,0.8491037980735805,0.9105349817319383,0.8347210110532065,0.9835568402881221,0.7791820341753339,0.8836915468529749,0.635277372618658,0.8187247940180948,0.7078384467684941,0.8810271285241459,0.5590964254800059,0.8327672058554831
2500.38444467,0.8732513951731552,0.8010249496799641,0.994770628613781,0.9743906617533546,0.7846205063476593,0.984822797511006,0.7963063140955496,0.8258965582679235,0.9522661013506372,0.9861967798730032,0.9610598245096419,0.9921831894057995,0.9968220271554187,0.9388880228979353,0.7330998061530366,0.9786171351426125,0.9467778770479336,0.8524778724122464,0.9003186319267913,0.8357107601664279,0.983476215242833,0.7654806234241565,0.9193352349672842,0.595465055317927,0.8418309182334448,0.7155233717076499,0.8738388018862661,0.5520473289619875,0.837195343458326
2509.94264572,0.8656620545045908,0.8147348784184631,0.9921338296856627,0.9618780493245653,0.783016415123009,0.9859695247828751,0.8282530182751945,0.8349875221893669,0.9558894349943111,0.9935424176845725,0.9513455872865886,0.9912106441370179,1.0,0.9358910819411768,0.7315420326334588,0.9904867786293816,0.9574317741694616,0.8611014573426056,0.8952631059871675,0.8181811397892251,0.9791043937767928,0.7678296217824255,0.9356224067496212,0.5593475986355122,0.8723155632454292,0.7268699065266113,0.8547162635393367,0.5487235362297652,0.8243694502325313
2519.50476033,0.8549820381405386,0.8315330618241004,1.0,0.9430800740316659,0.7764408609854433,0.9887293261800955,0.8655196586924648,0.8415200929991165,0.9588535685874813,0.9933650460733144,0.9597796762459957,0.9872924368460971,0.996548871577616,0.9564825342987253,0.7236120971994886,0.9907707810047138,0.9684445960203829,0.870330835140324,0.9114294492649577,0.8094250598225874,0.9855239570466664,0.7593369382945223,0.9532461611626671,0.5660967399179292,0.916101228800582,0.7458342459449624,0.8456614718688392,0.5405597171712644,0.8358990897244638
2529.07076355,0.8456613621548894,0.8684115115554398,0.998274250161597,0.9289132155242512,0.7685837497430467,0.9871625005998486,0.9147445433985069,0.8515229130617009,0.9715127802696457,0.9990704459405281,0.9512876747088179,0.9920437279068316,0.9959978871990601,0.9471155859544701,0.7157177649447852,0.991247848087982,0.9868643895904696,0.8917006419196137,0.921257841773441,0.804147467675679,0.9980199201274264,0.7577863168803777,0.9704700590205132,0.6141190202663289,0.961035269893188,0.7610093092554586,0.8525639700524995,0.5411322243064276,0.8393119716640741
2538.64063068,0.8511668346803203,0.9104285659294422,1.0,0.9265468562995676,0.7735184746119507,1.0,1.0,0.8596814887504932,0.9655698066382881,0.9983564026787539,0.9549875477529997,1.0,0.9971700861443452,0.9551727903737653,0.7088667416749358,0.9947508583162159,1.0,0.9174875936883607,0.9400120991117086,0.8111929811470232,0.9971851093629268,0.7502514968112799,1.0,0.6625993717924975,1.0,0.7696268553373372,0.8689117329114049,0.5398457164464784,0.8375719631395169
2548.21433723,0.8776668794696862,0.9414692422428371,,0.9365205818609461,0.7652717355002077,,,0.872055708642126,0.9682488049821267,1.0,0.9593524588154114,,1.0,0.9560414732112127,0.7086938408613774,0.9936390853987974,,0.9371623279270546,0.9307930963798743,0.8164092801920796,0.9894363721079197,0.7531845842110035,,0.7047617156365386,,0.7749046464359085,0.8828391092870456,0.534166399692006,0.8437469199744992
2557.79185893,0.9043877705281954,0.9624073679604638,,0.9309066658294478,0.7647131645526651,,,0.8817368315668691,0.9625081858162272,0.9842564717515816,0.9438112759424976,,0.9874672853074012,0.9536269314142275,0.7039182785690391,0.9977185626089079,,0.9646503474776663,0.9335023399568738,0.8138345509982878,0.9958634337236457,0.7570669152821952,,0.7214008311632697,,0.7843827391938741,0.8839253751215738,0.5379449841872922,0.8513247009936163
2567.37317174,0.9363954130386855,0.9732802583388596,,0.9353104426442727,0.7597010932784167,,,0.8914698232581578,0.9734893686719397,0.999594786534983,0.9533887097359305,,0.9867707816558999,0.9530710792736196,0.6890294462262405,0.9965714059357716,,0.9863514495774534,0.9565333272919998,0.8176181203905016,0.9999480728159955,0.7667613913630638,,0.7288038082548866,,0.7888375198594694,0.8833770381375361,0.53840522586168,0.8578126764715956
2576.95825182,0.9633107458695859,0.9888666078235575,,0.941472649668043,0.754880537732615,,,0.9059978182211144,0.9702230710997441,0.9957379222840224,0.9617061916394106,,0.9919714688467017,0.9654069209276258,0.679201433250097,1.0,,1.0,0.9626181094270864,0.8159798848127316,1.0,0.7641226470327077,,0.7474266840852143,,0.7856098336174527,0.875010597413814,0.5321504934354185,0.8651819899808431
2586.54707556,0.9668723881248246,1.0,,0.9439712842145005,0.7503631163245432,,,0.8949404318308981,0.9756856331594892,0.9830574420487621,0.9593047980158241,,0.9892385842508331,0.9684520871828747,0.6749994631972402,0.9946806351616205,,,0.983919163849597,0.8178022663244869,0.9954751196980596,0.7628896623588135,,0.7862748436152027,,0.7940829918442509,0.8622270438222088,0.523996517007172,0.865744876488115
2596.13961955,0.9776014272517806,0.9960546992758956,,0.9463046223224941,0.7502382948333464,,,0.9121875473265417,0.9857104802832312,1.0,0.9687457256790188,,0.9947781426411294,0.9781718688995522,0.6616470696625569,0.9997208586635079,,,1.0,0.8094068560078721,0.9882701171716879,0.7768965186457617,,0.8181686451854214,,0.7988142550303552,0.8506455506024986,0.5231731875368976,0.8850544690167573
2605.7358606,0.9930885235437742,0.9948657258581769,,0.952246016790358,0.7365197801117623,,,0.9258382367609832,0.9846495735709515,0.9883165856095508,0.9573206305177776,,0.9832428778917441,0.9901561927568292,0.6565634557231069,1.0,,,0.9913441687307396,0.8223138570140593,0.98708626279039,0.785793766636424,,0.8704701417092635,,0.8056924642024051,0.8370075339276647,0.5159502407616889,0.8887312333607073
2615.33577571,0.9772377594499178,1.0,,0.9542300121799333,0.7290305142531457,,,0.9351359403912552,0.998769967172652,0.999843239203495,0.9682421905081023,,0.9854939288012288,0.9938384271503937,0.6487164057511554,0.9972313508852988,,,1.0,0.8118728125629855,0.9790690236704098,0.7798541469827286,,0.9061671607839644,,0.8083456351072617,0.8402119427139796,0.5092840070507318,0.8804469160053222
2624.93934211,1.0,0.9976180672791957,,0.9752355066811926,0.7126178629567527,,,0.9390038155681888,1.0,0.9934439831428784,0.9687767822889565,,0.9962002815569211,1.0,0.6250675010454303,0.9902301971624266,,,0.9968733795050556,0.7982644856286631,0.9684669789789571,0.7765640766544809,,0.9457423034651012,,0.8140289632823449,0.849463167756564,0.5040861526637486,0.8744004523926023
2634.5465372,0.9918420243959153,0.9979529691843648,,0.9893941478213811,0.6936385941609077,,,0.9436005328688396,0.9982198136319114,0.9962375089312712,0.9673965327065064,,0.9980717444322041,1.0,0.6038661325358674,0.9966851108437174,,,0.9974013722865354,0.7875797509646041,0.9635967531592528,0.7757474660687721,,0.9788789627616737,,0.8061362883796261,0.8575747160420985,0.4899420963867677,0.8766270532063215
2644.1573386,0.9967468767140075,1.0,,0.9899908056755309,0.6585156897101209,,,0.9601954747214672,1.0,1.0,0.9634660151899044,,0.9908286164733896,0.9893334544859009,0.579663613432362,0.9841852961701519,,,0.9719388320774982,0.7874402766047678,0.9583138926444785,0.7565134372815226,,1.0,,0.8068759158208231,0.8818250265434314,0.49877613140538624,0.8586681885411822
2653.77172414,0.9951879497378526,0.978266594188752,,1.0,0.6290824021263403,,,0.9638871715037621,0.998602111182041,0.9958381623485498,0.9717645872776164,,0.9969540825174107,1.0,0.5332854311210962,0.9791674773303299,,,0.9255502471046314,0.7680849113441932,0.9292537314479773,0.741056443792828,,0.9697124569792409,,0.809213837888134,0.9179069434935392,0.5020629986269475,0.8435089435772929
2663.3896718,1.0,0.974915629444442,,0.9960827496409909,0.5766503600486993,,,0.9693843397241227,0.9982829841130987,0.9824533579887073,0.9889764430578925,,0.9947645454134934,0.9950812844836237,0.48497455227214603,0.9768060003646065,,,0.8793986283632008,0.7403888697653155,0.8967773512603388,0.6997671560429494,,0.9336859231409538,,0.7633406334866879,0.9347751687991995,0.4983135233902737,0.8150942402641411
2673.0111598,0.9841582196517664,0.9624906638989013,,0.9813095349629168,0.5314430428444117,,,0.9619748729500407,0.992803966497147,1.0,1.0,,1.0,0.9409334594799733,0.4103210224345263,0.95127807641066,,,0.8007480645381134,0.7204379202675979,0.8767834673289753,0.6334086698455536,,0.8723091825072135,,0.7530687734177505,1.0,0.49592070701274404,0.7968730329947856
2682.63616654,,,,,,,,,,,,,,,,,,,,,,,,,,,,,
2692.26467058,,,,,,,,,,,,,,,,,,,,,,,,,,,,,
2701.8966507,,,,,,,,,,,,,,,,,,,,,,,,,,,,,
2711.53208585,,,,,,,,,,,,,,,,,,,,,,,,,,,,,
2721.17095516,,,,,,,,,,,,,,,,,,,,,,,,,,,,,
2730.81323795,0.9159111795415403,0.7257311329183002,,0.8771908555414786,0.2492853794772349,,,0.9762057443082502,0.7079705263344569,0.9932887624428748,0.9721531542813101,,0.9571506900892727,0.4360880926460055,0.12847184428703573,0.4557884579854032,,,0.18163768430626331,0.22935339975722102,0.40577198674588527,0.2855404502216633,,0.6083542586866458,,0.49457225762662,1.0,0.36730833537656854,0.4123464041950128
2740.45891371,,,,,,,,,,,,,,,,,,,,,,,,,,,,,
2750.10796212,,,,,,,,,,,,,,,,,,,,,,,,,,,,,
2759.76036301,,,,,,,,,,,,,,,,,,,,,,,,,,,,,
2769.4160964,,,,,,,,,,,,,,,,,,,,,,,,,,,,,
2779.07514249,,,,,,,,,,,,,,,,,,,,,,,,,,,,,
2788.73748162,,,,,,,,,,,,,,,,,,,,,,,,,,,,,
2798.40309433,,,,,,,,,,,,,,,,,,,,,,,,,,,,,
2808.07196129,0.9051784751432552,0.4206884950729774,,0.5987370312604479,0.22299516109101683,,,0.9414985859956995,0.8162284108786743,0.8396982126033272,0.989805457166027,,0.9240691136824168,0.25288323569873655,0.35788654258072067,0.41945855448172753,,,0.2790846987500658,0.3575917330380454,0.2994383625725738,0.33667380135782266,,0.18724380332882498,,0.21736547694421476,0.6325675917434603,0.16397837537332302,0.13244765926210114
2817.74406337,0.904263529986731,0.4010466817123187,,0.5730009919250622,0.22846414765995232,,,0.9607124488816892,0.830642332508091,0.8465538131574825,0.951262919852114,,1.0,0.25587721025261617,0.37675098973878146,0.49652815967076663,,,0.29529844682574274,0.40790373010064296,0.32885356662023324,0.3377725604337433,,0.18054448520790825,,0.21330915323539432,0.6199076458258536,0.1534393687437647,0.1291586637284815
2827.41938157,0.91829589320842,0.37871425997005587,,0.5246981119892383,0.2335482437200301,,,0.9487020188021363,0.8257414502358185,0.8578923319115647,0.9828605282016506,,0.9679058628687349,0.25913056949028684,0.39719318806101706,0.5228629810669926,,,0.3056161812304453,0.44581478253199674,0.36366307136980874,0.3556011216186818,,0.17848128551063996,,0.20440704239147597,0.5740316470944508,0.14761078334475072,0.12733150220057626
2837.09789707,0.9232936016789695,0.3779528506137571,,0.47013650992858214,0.23234766807075155,,,0.9749614076464121,0.8417670985730829,0.8468119134581679,0.9613383160592858,,0.9668739561949292,0.2767837205021268,0.41996726599387707,0.5798510562203832,,,0.32228010745023306,0.4688342573986411,0.39863075231938866,0.36020480728040455,,0.20626240571679366,,0.20239856044518356,0.5184879468359396,0.1423049902935993,0.12215951999570507
2846.7795912,0.9075393684311669,0.36797652888888294,,0.3911966668116721,0.24073884972137743,,,0.9637393854763062,0.8501121419287034,0.8576771989835591,0.9888226421972692,,0.9650354854893298,0.28169424766264184,0.4434229231879076,0.6272400474252888,,,0.34115177415910225,0.5119269805539104,0.4229580725739242,0.37410079433738036,,0.25058233941971186,,0.19401702841079652,0.48793585853268834,0.13635768146331026,0.12838141633823177
2856.46444545,0.9271163062824431,0.3516043300733263,,0.3199946891985597,0.24397461463560124,,,0.954470103239811,0.8486727465131925,0.8630415594894802,0.9668911309417292,,0.9647043423182378,0.2913140754773872,0.46066499627839924,0.6654993253988867,,,0.3557290710125061,0.5232426540752987,0.4357772620351032,0.3748553219594126,,0.3191916239715669,,0.1927279550572962,0.4462733426061651,0.13332265171469806,0.1279704156358396
2866.15244146,0.9349356887850432,0.3420856675631611,,0.28022524684398886,0.2490275560696232,,,0.9573339848628395,0.8778357289546876,0.8517113970353698,0.9691513186722801,,0.961752464337783,0.2972050548259673,0.4761482171847289,0.6923273219485505,,,0.37196571382273524,0.5528805900745787,0.4605360368729887,0.3872068245411268,,0.404779890242518,,0.1932929726728734,0.41160942711980003,0.1313629755142719,0.12937735953605828
2875.84356103,0.9354291637876465,0.32998317951152806,,0.2792029475705765,0.25338105156420554,,,0.9739672454581424,0.8563107590154738,0.8512835807789809,0.9767010426297216,,0.9626409617792383,0.2945735181971472,0.49457665662158873,0.7063047526471683,,,0.3857337239048953,0.5710589501374665,0.473839891594773,0.3971702740770055,,0.3994452025375441,,0.20402979092355947,0.3682317471896697,0.1287087549147853,0.13287384706685818
2885.5377861,0.9307240461855365,0.32394497039350345,,0.31265212696916583,0.25596483790140606,,,0.9665862809942408,0.8704185580837884,0.8644074685001056,0.9631107080607285,,0.9769251592477805,0.29401980764982605,0.514860802037,0.72862234415417,,,0.4102576343282644,0.5872156829818417,0.49516329661485053,0.4040568151081204,,0.349147452758476,,0.21553606966623595,0.3366470408093078,0.12881130063309965,0.13798327832309326
2895.23509877,0.9297973730071983,0.31120293534142945,,0.36449183042544314,0.26646222966584937,,,0.9608380161795954,0.8752207236600019,0.8714062668722256,0.9752979229198302,,0.9570884665994472,0.29734591735767646,0.5158271400495995,0.7320170343306832,,,0.42462267729091685,0.5885467196559035,0.5084537587805069,0.4187831900361207,,0.32377963175288466,,0.22854370657174192,0.3093878294704345,0.1290392157362022,0.14229524364286678
2904.9354813,0.929885310473476,0.3050146785996445,,0.43697178296372374,0.2760001413570125,,,0.9584347780319159,0.8959559148267501,0.860310397213749,0.968414982628755,,0.9590050191457526,0.29843648504349674,0.5273776087669311,0.7436534146474328,,,0.43705044521461683,0.612682138477495,0.524780120801219,0.43188371236222134,,0.30522307512871966,,0.24197633989951994,0.28758001066253963,0.13106283644059585,0.14650886363254936
2914.63891606,0.9386508783926091,0.2967830528096646,,0.5003383055542162,0.2826562754573458,,,0.9514012615288782,0.8964873903115407,0.8759468884248555,0.9809425185057247,,0.9550755404563497,0.2963333192201706,0.5445937164086365,0.7588414631562154,,,0.45407849289717583,0.634970196772599,0.5396477842087312,0.43630856619072633,,0.3017625234430097,,0.2595153189705891,0.2677283194011365,0.13401918374161645,0.15864741225076218
2924.3453856,0.9495863516110697,0.2932127995692589,,0.5549684301873378,0.2925309986196568,,,0.9727880912424061,0.8956434605018535,0.8751241408141122,0.9809952434589589,,0.9562085188623229,0.31067305993921673,0.5780633272568818,0.7747580045312941,,,0.48430129736995603,0.6472744451567888,0.54920670535677,0.44134464134232587,,0.3022466114949457,,0.27378587096219315,0.2573981328992597,0.1381283447516,0.1661370232225652
2934.05487259,0.9327719026057003,0.28589941380613393,,0.5883218616195158,0.3034847499094753,,,0.969255771972885,0.9106039143584927,0.8808894084485077,0.9803332560505341,,0.9700315136668755,0.31727478224168904,0.6090331615323713,0.7764825517681174,,,0.502179459912046,0.6565657256404177,0.575137332641436,0.4522923159828048,,0.3045875662421517,,0.2850096340761179,0.24835761793227865,0.14428085054230402,0.17860837819437192
2943.76735987,0.9445584149031042,0.2904577788633938,,0.6094185243099418,0.31715088787410367,,,0.9878873908475034,0.9090175720775516,0.8931141992087437,0.9882357117142407,,0.9680072778059187,0.334236835999087,0.6428044959629475,0.784224129194499,,,0.5209207854697007,0.6778098085756792,0.5707408695315955,0.467864352059685,,0.31533706967901,,0.2933089010239667,0.2412206385301343,0.1514178233209111,0.18833199066857217
2953.48283039,0.9450876877144736,0.28710618211378636,,0.6190424285540614,0.3345516580360959,,,0.9808848656690686,0.9328303440094882,0.8928506100082936,0.9817239758432473,,0.9662824170994945,0.35167819944009726,0.649337560163188,0.8079938572177908,,,0.5363395643229071,0.6969639016405867,0.591520253527794,0.48311797901643644,,0.3285692552373522,,0.3058147714871641,0.24202902017553835,0.1589654466709678,0.20543574359342126
2963.20126726,0.9624848405530222,0.2939605204481132,,0.6281459659872768,0.35021958223342103,,,0.9763191137939038,0.9173924530718542,0.8917641627580704,0.9660538948575575,,0.9643358987432529,0.3680795560193873,0.6741826413622801,0.806132704741488,,,0.5644513395288161,0.7059813906303413,0.6117719731041682,0.4989154591209393,,0.3383020698204753,,0.32342371138639703,0.2506686802191836,0.1692367512946326,0.21995866505146053
2972.92265372,0.9578310339349101,0.3025241032161513,,0.6550929545852807,0.37197995653826216,,,0.9800241545173323,0.9329300860435933,0.9027264796001803,0.9767582628354579,,0.9677727326599873,0.3912177602180149,0.703754652324737,0.8367869081446779,,,0.5858362956637402,0.741969021271467,0.6263878244215116,0.5146146797992139,,0.35421336894790645,,0.3446437699802973,0.2678615074460197,0.17900582586344183,0.23968864566891263
2982.64697313,0.9631919430713614,0.3154479695114234,,0.6671032431560917,0.3878729278579576,,,0.9814447874913462,0.9235410984103931,0.9071329383194326,0.9758835935089339,,0.964500096748721,0.4132804989077895,0.7421157217137182,0.8313403734803987,,,0.6144099469724826,0.7554954664658224,0.645265693659065,0.5435338787833097,,0.3744509273236075,,0.367514944056826,0.2956533881203678,0.19154413317688782,0.2577908097346732
2992.37420903,0.9697009098286777,0.3344687368227161,,0.7031443968230299,0.409655746254822,,,0.977319298089673,0.9395209597756916,0.9129151250428199,0.9886102777160984,,0.9693584091661269,0.4458068744958477,0.7497695322027952,0.8526826667539819,,,0.6419345235399108,0.7700443207256885,0.6710830390008831,0.5636050343433123,,0.39350924645377094,,0.39515568604530726,0.3256522774639331,0.20919381989784291,0.286273634491687
3002.10434504,0.9791194455350504,0.3637749919278448,,0.7208598707217223,0.4367037704364983,,,0.9835828512713121,0.9381016813861588,0.9294428529976619,0.983277889101299,,0.9750751745063434,0.47820692755297706,0.7599191740799192,0.8653574050117044,,,0.6672920655011256,0.7832877911045956,0.6928584473271645,0.5937887043774449,,0.42438643326691655,,0.4184325728195584,0.3543983429296227,0.22710019551678828,0.3122328473516568
3011.83736494,0.9773209874214503,0.3886632614012063,,0.7512578419314667,0.4589060095325157,,,0.9959462537019868,0.9377354627849583,0.9234851655760132,0.9813252184365633,,0.9687822301262088,0.521376134615825,0.7939037276852614,0.8751805409800206,,,0.6925660849611456,0.8044321549698575,0.7075743543058679,0.6334495441898164,,0.45271281549340936,,0.45725141041146244,0.38552480532338385,0.2466037032251932,0.34501799787315884
3021.57325265,0.9614644272135616,0.4243203304449251,,0.7783069621227711,0.4957696323275216,,,0.9848052620975121,0.9380795104961325,0.929368863836782,0.981560743265874,,0.9768190933101792,0.5678095532369004,0.8225988309935488,0.8825589406375061,,,0.7336957859196931,0.8211707831102218,0.755900696265072,0.6451379287471137,,0.4880018457548479,,0.48894945886438856,0.4241123202292964,0.2723442619562417,0.37555729913511043
3031.3119922,0.9919107728613319,0.45849808973504563,,0.8178552971949595,0.5298160122571843,,,0.9786035047542341,0.9566854901702796,0.9439042220509234,0.9867640060968074,,0.9675828586450557,0.605366765089769,0.8474504202791229,0.8929908048226375,,,0.761715021121242,0.8382737760330098,0.7801316939772884,0.6895937048523776,,0.5249488451008908,,0.5262692909542428,0.4532480846959207,0.29908125655432216,0.41465578737776837
3041.05356775,0.994217647760103,0.5016249439947127,,0.8634120595257038,0.5613935409954847,,,0.9806823273144675,0.9718123559504612,0.9542067719463618,0.9944255063710897,,0.9708066982155262,0.653437230191973,0.8668848432514499,0.8933773099260353,,,0.7952388942487668,0.8655859058262299,0.788333971003078,0.7280621304500033,,0.558763353937113,,0.5767599813303532,0.48682851039723324,0.33817764663455196,0.46850872250627784
3050.79796359,0.991644799502964,0.5542190075436885,,0.8817075009606978,0.6116845501357511,,,0.9922559971464393,0.9704375206116559,0.9561809663552471,1.0,,0.9836701051837698,0.705124761760459,0.8848513758529085,0.9125242809035415,,,0.8319009665510545,0.8927321536827192,0.8159786328671884,0.7672989192771996,,0.601338659222996,,0.6244342164373998,0.535325376364645,0.374446140915673,0.5079153485566671
3060.54516415,0.9867581465950012,0.612412880827507,,0.8989052782483972,0.6613731592622629,,,0.9936794421471189,0.9646654495908018,0.9555516584899134,0.9953925063336649,,0.9811970195422927,0.7574594272435494,0.9141470598995786,0.9374219415471067,,,0.8658038580076933,0.9049593289374486,0.8502469264840423,0.807982173709088,,0.6558929654314422,,0.6765132892645673,0.6035264597116244,0.4275675463350693,0.5706932878101697
3070.29515395,0.9994261677399258,0.6737320165050832,,0.9260386740936886,0.7267957314241824,,,0.993635375174497,0.9915984932122416,0.9735745950277418,0.9936292004711805,,0.9913752085000433,0.8073380572287838,0.9406559847293442,0.9519724563251695,,,0.9048701448965096,0.9252633342505011,0.8884893947080239,0.8529729868104844,,0.7070926482310801,,0.7356567866436848,0.6789761092693082,0.5025960169819509,0.6490679100245615
3080.04791767,1.0,0.7490416618470666,,0.9532101345198106,0.8080896108830017,,,0.9868216797464708,0.9890870130666293,1.0,0.9995382050513881,,0.9835288471325195,0.8596381234101477,0.9508021867669337,0.9548092828733596,,,0.9354462989061094,0.9528845226252303,0.9228066680103824,0.8886801663845677,,0.775530306727973,,0.7863844732236218,0.7703828186412065,0.6068864608984069,0.7344631801508901
3089.80344009,0.9958558433165611,0.8785944091357031,,0.9679702441601595,0.8872788247459664,,,1.0,0.9972467177958917,1.0,0.9916562677244672,,1.0,0.9298737678540986,0.9769556197171725,0.9825548280157465,,,0.9686931352630715,0.9829464189935689,0.9526612617454697,0.9471218575325633,,0.880072744556068,,0.8696936580333683,0.8839516087606744,0.7670586015387358,0.8554283751393137
3099.5617061,1.0,1.0,,1.0,1.0,,,1.0,1.0,1.0,1.0,,1.0,1.0,1.0,1.0,,,1.0,1.0,1.0,1.0,,1.0,,1.0,1.0,1.0,1.0
