,CAGR01 Calcite,F1CC06B Magnesite,HS433 Halite,LAZE03 Prehnite,bkr1jb329c Siliceous-sinter,GDS26 Epidote,GDS1 Analcime,NBPP22 Clinopyroxene,LAPP47B Orthopyroxene,LAPO05 Fayalite,LASC02 Forsterite,GDS27 Hematite,NCLS04 Plagioclase,LACL14 Chlorite,LAKA04 Kaolinite,LAIL02 Illite,GDS106 Margarite,c1cy29 Vermiculite,LALZ01 Serpentine,LAMO02 Montmorillonite,NCJB26 Nontronite,LASA58 Saponite,GDS23 Talc,F1CC08B Alunite,GDS145 Bassanite,LASF41A Gypsum,LASF21A Jarosite,F1CC15 Kieserite,799F366 Mg-sulphate
Category,carbonates,carbonates,hydrated silicates & halides,hydrated silicates & halides,hydrated silicates & halides,hydrated silicates & halides,hydrated silicates & halides,iron oxides & primary silicates,iron oxides & primary silicates,iron oxides & primary silicates,iron oxides & primary silicates,iron oxides & primary silicates,iron oxides & primary silicates,phyllosilicates,phyllosilicates,phyllosilicates,phyllosilicates,phyllosilicates,phyllosilicates,phyllosilicates,phyllosilicates,phyllosilicates,phyllosilicates,sulfates,sulfates,sulfates,sulfates,sulfates,sulfates
Sample ID,CAGR01,F1CC06B,HS433,LAZE03,bkr1jb329c,GDS26,GDS1,NBPP22,LAPP47B,LAPO05,LASC02,GDS27,NCLS04,LACL14,LAKA04,LAIL02,GDS106,CY-PLH-029,LALZ01,LAMO02,NCJB26,LASA58,GDS23,F1CC08B,GDS145,LASF41A,LASF21A,F1CC15,799F366
Species,calcite,magnesite,halite,prehnite,siliceous-sinter,epidote,analcime,clinopyroxene,orthopyroxene,fayalite,forsterite,hematite,plagioclase,chlorite,kaolinite,illite,margarite,vermiculite,serpentine,montmorillonite,nontronite,saponite,talc,alunite,bassanite,gypsum,jarosite,kieserite,mg-sulphate
Subgroup,calcites,calcites,chlorides,prehnites,hydrated-silicas,epidotes,zeolites,pyroxenes,pyroxenes,olivines,olivines,hematites,feldspars,chlorites,kaolinites,micas,micas,micas,serpentines,smectites,smectites,smectites,talcs,hydrous_sulphates,hydrous_sulphates,hydrous_sulphates,hydrous_sulphates,hydrous_sulphates,hydrous_sulphates
Group,carbonates,carbonates,halides,inosilicates,mineraloids,sorosilicates,tectosilicates,inosilicates,inosilicates,nesosilicates,nesosilicates,oxides,tectosilicates,phyllosilicates,phyllosilicates,phyllosilicates,phyllosilicates,phyllosilicates,phyllosilicates,phyllosilicates,phyllosilicates,phyllosilicates,phyllosilicates,sulphates,sulphates,sulphates,sulphates,sulphates,sulphates
Library,MICA_new_dirtree,MICA_new_dirtree,MICA_new_dirtree,MICA_new_dirtree,MICA_new_dirtree,MICA_new_dirtree,MICA_new_dirtree,MICA_new_dirtree,MICA_new_dirtree,MICA_new_dirtree,MICA_new_dirtree,MICA_new_dirtree,MICA_new_dirtree,MICA_new_dirtree,MICA_new_dirtree,MICA_new_dirtree,MICA_new_dirtree,MICA_new_dirtree,MICA_new_dirtree,MICA_new_dirtree,MICA_new_dirtree,MICA_new_dirtree,MICA_new_dirtree,MICA_new_dirtree,MICA_new_dirtree,MICA_new_dirtree,MICA_new_dirtree,MICA_new_dirtree,MICA_new_dirtree
Sample Description,,,,,,,,,,,,,,,,,,"LLANO,TX",,,,,,,,,,,
Date Added,,,,,,,,,,,,,,,,,,19-Jul-90,,,,,,,,,,,
Viewing Geometry,,,,,,,,,,,,,,,,,,"i=30, e=0",,,,,,,,,,,
Other Information,,,,,,,,,,,,,,,,,,,,,,,,,,,,,
Composition,,,,,,,,,,,,,,,,,,,,,,,,,,,,,
Resolution,,,,,,,,,,,,,,,,,,,,,,,,,,,,,
Grain Size,,,,,,,,,,,,,,,,,,0 - 500 µm,,,,,,,,,,,
Locality,,,,,,,,,,,,,,,,,,,,,,,,,,,,,
Database of Origin,MICA Files (USGS/RELAB),MICA Files (USGS/RELAB),MICA Files (USGS/RELAB),MICA Files (USGS/RELAB),MICA Files (USGS/RELAB),MICA Files (USGS/RELAB),MICA Files (USGS/RELAB),MICA Files (USGS/RELAB),MICA Files (USGS/RELAB),MICA Files (USGS/RELAB),MICA Files (USGS/RELAB),MICA Files (USGS/RELAB),MICA Files (USGS/RELAB),MICA Files (USGS/RELAB),MICA Files (USGS/RELAB),MICA Files (USGS/RELAB),MICA Files (USGS/RELAB),RELAB,MICA Files (USGS/RELAB),MICA Files (USGS/RELAB),MICA Files (USGS/RELAB),MICA Files (USGS/RELAB),MICA Files (USGS/RELAB),MICA Files (USGS/RELAB),MICA Files (USGS/RELAB),MICA Files (USGS/RELAB),MICA Files (USGS/RELAB),MICA Files (USGS/RELAB),MICA Files (USGS/RELAB)
Reflectance,---,---,---,---,---,---,---,---,---,---,---,---,---,---,---,---,---,---,---,---,---,---,---,---,---,---,---,---,---
900.0,0.8844465653529832,0.9017521139683302,0.9012546857418777,0.7345271072610926,0.5695147913930968,0.25750773481286543,0.9075542007640955,0.21679974442029148,0.12254291999692588,0.2234764598973209,0.3323038662783792,0.2449453872555862,0.329807267173349,0.2760093862039935,0.9327610845932287,0.4385964840479819,0.4096110806295555,0.7417878410247426,0.40115730205543026,0.5793212805652004,0.3840978489503779,0.9118397853307646,0.5598947163643354,0.8695142317684063,0.9227886034746879,0.9438270023065839,0.4101048568846839,0.8542379634414976,0.9493098299587747
903.28574336,0.8841484693269889,0.901642503477871,0.9009594168959905,0.7344324767867617,0.5695432071599954,0.25657467764595543,0.9077223254455071,0.21396549384328908,0.12171724169919367,0.22239115956716712,0.3295583669789883,0.2467945424532113,0.329728490792207,0.27638640423295907,0.9329146496368583,0.4386309888926279,0.40943719189072275,0.7420443679436289,0.4014884653671605,0.5795543120349291,0.3835336825693215,0.9111108521150372,0.5609863521582414,0.869445532615508,0.9221954213255039,0.9435113823827338,0.40910704773255374,0.8542546445455734,0.9491650936947792
906.618278421,0.8839883286134986,0.9012826867620657,0.9005748638722783,0.7344206393369273,0.5695447982151194,0.25571745965338455,0.9072349825324786,0.21104502272706407,0.12131895473600394,0.22139432274514106,0.32677523016953824,0.248924058928262,0.3296038940876765,0.2769210328466945,0.9329969620927713,0.43877250206419327,0.40917428468067235,0.7425145536304371,0.40172375327735355,0.5794808440692646,0.38307178070998005,0.9101376467774368,0.5619133932522064,0.8694197710804721,0.9216175660311211,0.9432081842611495,0.4084488265221765,0.8543395849761563,0.948784107359236
909.999291084,0.8840095555338298,0.900790690433411,0.9001842085807255,0.734565816226291,0.5695275828826842,0.25489882787583856,0.906131217492919,0.20799330961515217,0.1213327269506958,0.22047163014563273,0.3238099169995221,0.251308818227159,0.32944248259674275,0.2775663178132719,0.9330579774870172,0.43903365514505843,0.4089112909329338,0.7432000009463806,0.40198549049199606,0.5793397060671156,0.38265497579706226,0.909495719011479,0.5626410187913118,0.8694928974920417,0.9210439300906609,0.9428911432072148,0.4080917500697998,0.8544157780095943,0.9482331755647111
913.430570243,0.88399106136143,0.9007005463017208,0.8999552936119652,0.7347725853194782,0.5695117810230905,0.2539540072404275,0.9048389999327069,0.2047953778606702,0.12143492930930191,0.21949200504637,0.3204199613456408,0.25384033210819446,0.32932781444462356,0.27827516465534113,0.9329987630259302,0.43918253810355196,0.4088256170029361,0.7437335722629087,0.4024433569040791,0.5794118266893239,0.38225001394737756,0.90970592825032,0.5632491742973398,0.8698052566482948,0.9203998560463139,0.9425924576831913,0.408132004117156,0.8544859045527818,0.9479425374481396
916.914016797,0.883972349612479,0.900600002739064,0.9000522657796932,0.7348935679283262,0.569531122289474,0.25274591621556003,0.903578729601422,0.20138282399828672,0.1218615991450487,0.2184123083125752,0.3167364496376501,0.2564955934138915,0.3292535501813245,0.27896838010069896,0.932825257589845,0.439173538075222,0.4090843817678397,0.7442031828724751,0.4029303941372815,0.5795538954955926,0.3820411427154816,0.9096012398585479,0.5637528525679519,0.8704641689837469,0.9196406434762574,0.9424853691683257,0.40830415348450116,0.8545244779996717,0.9476733248727344
920.451653694,0.884189540888565,0.9003409609276698,0.9004410416666692,0.7349659760438029,0.5694671734935831,0.2513246362079237,0.9023070054744077,0.19785497156533743,0.12265054697135598,0.21727882666841494,0.3129932059088209,0.259409466117855,0.3291402611136327,0.27963992766332973,0.9328814459225544,0.43918083168562144,0.4096118686509185,0.7445611511503492,0.4033721173786111,0.5797831095708417,0.3820056135692948,0.9088258105969271,0.5641930577012676,0.871206537482702,0.918907425293456,0.9423659207469819,0.40862552081587694,0.8544989045577647,0.9473039459873706
924.045637162,0.8846711665245551,0.9001584238610624,0.9009463333791675,0.7351372480252434,0.5691231174084266,0.24987621447171887,0.9008061574190885,0.1943463321184699,0.12362858735015761,0.21618191907224493,0.3092465107768317,0.26286946089667196,0.32889377488043453,0.2804496355035678,0.9332968767998903,0.4393481569164531,0.41015166594320435,0.7446159803464146,0.403725723442081,0.5802954773637579,0.3819802676685132,0.9079665982366903,0.5646409408710571,0.8716544637280117,0.9185062928878913,0.9419238811614239,0.4092969092820114,0.8544239912019226,0.9468955465661184
927.698269301,0.8847744570081427,0.9000779878253862,0.9014500902405984,0.7353600207924406,0.5685206796948673,0.24852145798849767,0.8989017232805618,0.1907153507158041,0.12485303228854705,0.21517037584900342,0.3051349362591621,0.2671357279097418,0.3285257107906469,0.28168610119411763,0.9331495333796117,0.43943493185956706,0.4105627994683445,0.7444291047637248,0.40378533377596376,0.5811199249903873,0.3820378436244986,0.9072046453280724,0.5650832261056445,0.8719770652272502,0.9186157702582137,0.9415080646999948,0.4101379077524677,0.8543924600499471,0.9463358519235563
931.412012249,0.884707041054546,0.8999630531053235,0.9017260070506359,0.735377519800808,0.5679676233882869,0.24729836474579278,0.8966853066536051,0.18711502374768357,0.12629024356251367,0.21424043212017302,0.3006836411503237,0.27188866967006203,0.3281910788200677,0.2830195013096141,0.9327398415454281,0.4396217721982585,0.41091926127015915,0.7441265573537359,0.40415759334495477,0.5821891136088656,0.3822596720231488,0.9063709114221893,0.5652161716979628,0.8723579850827975,0.9186494216450702,0.9413649861590905,0.4110085399312119,0.8542687938657977,0.9456425321480666
935.189504163,0.8847475026700915,0.8998855886561641,0.9015448461146109,0.7352048797401358,0.5674678695800777,0.24620181369266617,0.894333305832267,0.18366935967989723,0.12809057475699828,0.21334722437563952,0.2960670263885691,0.27667581831959537,0.3279036275473003,0.28417741138859454,0.932519489099896,0.4399885581133255,0.4113342584698021,0.7434791976141979,0.40512752362634824,0.5829147735149561,0.38255865704919184,0.9053858428713879,0.5645964042432995,0.8727751875124051,0.9178914717782203,0.9414647131444364,0.412127304703219,0.8538989696749043,0.9448028790312729
939.033577299,0.884696031464352,0.9000303650770476,0.9008590401952593,0.735197928280901,0.5666734915670445,0.2451567276231969,0.8919865486424156,0.1802432386069681,0.13055394054475064,0.21244528572150478,0.2913191587631587,0.2813641037960412,0.327475883167445,0.28535548796029375,0.9322267459533271,0.4402612249446347,0.4117752858379003,0.7420544364996536,0.40605912783495657,0.5826987215494338,0.38277957009254404,0.9038826796111687,0.562669840803916,0.8729583861505156,0.9162653075549368,0.9414712913781916,0.413758530038363,0.8532649625920891,0.9437635848764037
942.947278561,0.8847122202058028,0.8999955683423135,0.8999286415703334,0.7352850423818188,0.56590550523804,0.24397511853838474,0.8898061923510399,0.17681258545844167,0.1334463668940353,0.21154301981808593,0.2864795280649742,0.2860947838683001,0.3269346984953589,0.28651994149196286,0.9319364713349911,0.4405613791210438,0.4120786607772616,0.7403382504473144,0.4067758645264413,0.5826362331133346,0.3831158277381198,0.9004657147680186,0.5589927996368792,0.8726458824572523,0.9144346930228786,0.940898801255304,0.415316381744483,0.8523285866625175,0.9427740838536467
946.933892918,0.8847286717364373,0.8999393665022625,0.8992689433289288,0.7353685646230073,0.5655135329918028,0.24273195501976486,0.8875836437156195,0.17337118275695426,0.13674714484141587,0.21057429063611482,0.28161755405732275,0.2911740781970368,0.3262919490959327,0.28758300702971334,0.9315497935361887,0.4408787134408985,0.4123454062368903,0.7394326687050196,0.4075075671041053,0.5830123900428036,0.38368114389398383,0.8969101139021615,0.5555639762419723,0.8722541939683545,0.9128277879638719,0.9400426111688569,0.41685248833072214,0.851192770845484,0.9418151346452629
950.996970209,0.8846766608361499,0.9000397092750282,0.8995032283425785,0.7354720063438982,0.5653730705436815,0.24166423110367247,0.8847907092110623,0.1700200264027143,0.14055198170512492,0.2095354248243992,0.27671589232227983,0.29701939564485225,0.32564246331751223,0.2886382451043876,0.9307219646601776,0.44110008101457554,0.4128270009621395,0.7400894693878741,0.4084973218304709,0.5833822988601715,0.38433697030207453,0.896012733466871,0.5558455986157345,0.8720909230520062,0.9116303102470248,0.9393217526525919,0.41852710620017497,0.8499911605735043,0.9404891365190922
955.140355948,0.8846504951124117,0.900110082410977,0.9005524214791065,0.7356151295132383,0.5650975862319108,0.24075299253887697,0.8807265289770818,0.16686582941011407,0.14492186982563035,0.20854077499301094,0.2716701484844245,0.3038758425452976,0.325061614364089,0.2898803620842778,0.9297153485396928,0.44126613577998997,0.4134216030223447,0.741776513023079,0.4097743506123654,0.5834922668992283,0.38497328331671127,0.8971944956019573,0.5603636567881037,0.871928561120493,0.9108015660181338,0.9384523651794603,0.4203464219358763,0.8488003789422357,0.9384259697538404
959.368226885,0.8847029311975724,0.9000894129755527,0.9013581560645206,0.7357356042552232,0.564642543133247,0.2396380036605154,0.8748488865939299,0.16385213071978214,0.1500071339862956,0.20765507445552683,0.26645986733161164,0.3115369525065506,0.32442775889586295,0.2912989514754078,0.9293960142835197,0.44158449133415845,0.41365056560896596,0.7431758713046429,0.4112235197596591,0.5835231567333469,0.3857453428835763,0.897101455398713,0.5650256916407654,0.8714834868585025,0.9099586241148535,0.9370399537527282,0.42255587505742437,0.8476090973921835,0.9357791553542231
963.685132242,0.8848155108507185,0.9001119456706289,0.9017078505782877,0.7358392565700552,0.5642392800289885,0.23831015546706558,0.8675435284645701,0.1610120657096289,0.1559349172311073,0.20681764934336974,0.261175153961633,0.31962853134944597,0.32375968596058835,0.2926659043163228,0.9293298631350756,0.4421373832236043,0.41374586616841746,0.744259812915379,0.412770207130989,0.5836759443615356,0.3866439065964323,0.8966441900002037,0.5681660822417037,0.8705938421591162,0.9088062961944824,0.9358135775298624,0.42503210166662175,0.8462655261635567,0.9330263358060619
968.096041789,0.8847167828648775,0.9002038266333757,0.9019397864350892,0.7358347955106291,0.5640086089076742,0.2369698454671521,0.860647946226177,0.15831984529018184,0.162743332846444,0.20598836139095916,0.25578334687397486,0.327783360178367,0.322965043244615,0.2938137738497481,0.9301614499459935,0.442849578755874,0.41432834693058723,0.7452009394404052,0.41436765103247225,0.5838072122497833,0.3876772010477674,0.897158526298174,0.5699732965532771,0.8693192465025434,0.90730645141192,0.9344415796080321,0.4278777319566493,0.8449166594718324,0.9303612622715702
972.606402173,0.8847717974487042,0.9002467285148328,0.9019956016490557,0.7358195093492241,0.5639660760846358,0.23563598492299354,0.8580697532187588,0.1558282865262509,0.17043193229542608,0.20490000789997828,0.2504424009508189,0.33615744732816727,0.32204596254818,0.29485059380382866,0.9320841921132542,0.4435273369880999,0.41530247739515935,0.7460922788041542,0.41588751552019837,0.584128432754155,0.38894214943577754,0.8983831814769434,0.5708073711174338,0.8676899398477861,0.9061885881352559,0.9330012341009396,0.43143057290914627,0.8436758487971793,0.9277745078376514
977.222203311,0.8849641446853714,0.9001116758592081,0.9014046821828258,0.7359383642207079,0.5640275923959428,0.23458829942456014,0.860058830742656,0.1535322354443645,0.17918355839800407,0.20371209593899844,0.24531110560901936,0.3449233027356018,0.32108948149499084,0.2959071708961643,0.933954115359115,0.4440766199152706,0.4162882821085022,0.7468938489660807,0.41721252113235546,0.5850853551474341,0.3903249275535267,0.899354127748291,0.5711661101201705,0.8656335587972884,0.9060226097127947,0.9316210963178291,0.435395537011983,0.8426114135929679,0.9255450583143116
981.950057134,0.8849244541691401,0.8999976134282857,0.9007465428487647,0.7361043341708841,0.5641442491429809,0.2338391382148546,0.8642812106736095,0.15140875713674679,0.18904176408603787,0.20261991143511454,0.2401711418488878,0.3540267952280259,0.3202134165160769,0.29693625089316317,0.9351206882798685,0.44455739477958833,0.4171357464207297,0.747589568390438,0.41831121083430545,0.5862506196238885,0.39175947691008145,0.8999100517022539,0.5716697768635485,0.8630943777832898,0.9067216971090928,0.9299739662401474,0.4392169818764968,0.8417955385565092,0.9243445601088833
986.797291589,0.8848515480424609,0.8999214809790766,0.9009900246958195,0.7361287013418056,0.5641970522900674,0.23306936451422436,0.8698776091185205,0.1494510120468902,0.19983667115586978,0.20152576136289962,0.23494729735251846,0.36349635029188165,0.3193304377975811,0.29788468046864386,0.935631554606808,0.4449874319119405,0.41781601107080185,0.7482569458407683,0.41923682236927073,0.5868809742296683,0.39346162655309874,0.9003411570384557,0.5724393849569647,0.8602973244692588,0.9079561746691086,0.9283427450626581,0.4431784322545537,0.8410332807937974,0.9241964421614516
991.720028203,0.8848777910684427,0.899787057525345,0.9015356170770086,0.7359918388994469,0.5640738571747587,0.2324238207178209,0.8759428488088987,0.14770027751352008,0.21157964392981643,0.20040572525678052,0.22990267227144817,0.3733881744740958,0.31820966927367456,0.29870891046887776,0.9357955426854384,0.445331739808539,0.41832299794397193,0.7488216487781229,0.4200619578553537,0.586927396897678,0.3954214117216838,0.9008746822580191,0.5731156328523785,0.8578060921602793,0.9093937169833687,0.9270772168979211,0.4475529555443422,0.8401596692741796,0.92456252667678
996.671068522,0.8848645338480996,0.89982031657949,0.901161672484546,0.7357770442889833,0.5639998869252612,0.23183724853722112,0.8812877823139476,0.1462838595110655,0.224486656529469,0.19920836283249774,0.2251739951098378,0.3835835093117031,0.31695782786712584,0.29936674119561235,0.9364544690950856,0.44566729005819455,0.41847616456864495,0.74920565932572,0.42086889255206295,0.5871926135200307,0.39737584107102053,0.9016122036729863,0.5736339118989816,0.8562549009922663,0.9109459236407154,0.9264277312880077,0.4520507131276518,0.8394247410953393,0.9251201190716459
1001.65061855,0.8845907494815398,0.9001276587658288,0.9004489839413158,0.7355789685026993,0.5640750590755221,0.2310826764328954,0.8858133061785869,0.14523675573086736,0.23863884160655108,0.1980392309026622,0.22084887016119514,0.39388348938846807,0.31582043054573467,0.29993205008350515,0.9369962590272225,0.44606384702472757,0.4183374676849716,0.749419543687598,0.42162796579122985,0.5880797165443599,0.39939236986528737,0.9023502841436413,0.5743465688255808,0.8561692956156168,0.9125665112686648,0.9268850630582353,0.4568093209542378,0.8391834043731201,0.9257389393888714
1006.65888632,0.8839105279105579,0.900715205770637,0.9005671961029524,0.7355190416560331,0.5640525035279496,0.23032027326803692,0.8896872459447108,0.14456036204974593,0.2538649567107897,0.1969123466056384,0.21685911658177598,0.4041229640216427,0.3147689430077678,0.3004225367577172,0.9368080452935598,0.44648295548643746,0.4182665760056746,0.7493621964170172,0.42226654462754953,0.5883600786865175,0.40163858460788854,0.9032345136260724,0.575289570605038,0.8575981585834304,0.9139454100862151,0.9282403735598997,0.46195693188130016,0.8392789134328384,0.9268041229116641
1011.69608192,0.8834122071703736,0.9012187726718883,0.9010125945081421,0.7355492127866717,0.563811073101569,0.22986363595675416,0.8924515972677386,0.14419149943604312,0.2700736354608196,0.19590628264785592,0.21327703595303282,0.41410446112199645,0.31367092999745694,0.3008649954912265,0.9367944701060739,0.4469291082951208,0.4182142848885268,0.7491919454036905,0.42287883590187714,0.5882020293923698,0.40395777907244446,0.9042313125303757,0.5760480180761094,0.8603562404798034,0.9149609812207574,0.930041286515483,0.4674076460097311,0.8391489057480873,0.9283909790665754
1016.76241755,0.8834422959032203,0.9015533404321202,0.9013761361573549,0.7356086481609823,0.5636405761314208,0.2299498282163102,0.8945981705685918,0.14409056565201497,0.2871242153086632,0.19504150414850469,0.2100755753849928,0.4238330364718488,0.3126412574753116,0.3012567136505066,0.9373160000940277,0.44727349038268777,0.4181866843141553,0.7492979598431824,0.42357139114137293,0.5882676118719898,0.40629187459223187,0.905254347742365,0.5764904567570249,0.8641967630493431,0.9157969550243603,0.9315309239399552,0.4730487539623693,0.838910276986724,0.930168814231494
1021.85810749,0.8837310324111651,0.9016484787806549,0.9011333978880336,0.7358269166252287,0.5635632794914666,0.23018894178232252,0.8961985338239294,0.1443003248366595,0.3049523116042207,0.19419867299241458,0.2070629434924035,0.43335659764583706,0.31163988357154765,0.3015476673269832,0.9380169693429328,0.44740389395661545,0.4184518139841593,0.7495070762989703,0.4244151717058197,0.5885474866933441,0.4088191160082683,0.9058310594030596,0.577078885820167,0.8687423595532977,0.9165464557954273,0.932726088835846,0.4789177519880591,0.8389173968661335,0.931970419728005
1026.97288016,0.884027718740828,0.9017248973006969,0.9003746609933637,0.7362156059867663,0.5633022288921594,0.23034999561353886,0.8971479574607428,0.14479016889722718,0.3232156695961773,0.19341471763772286,0.20442158509318112,0.4425449924911613,0.3106141035695854,0.30174821193377444,0.9385631792291215,0.44748424815661314,0.4188093465320321,0.7497799892346407,0.4251205818823722,0.589173430220417,0.4114801145781287,0.9062768625347939,0.5779938801228849,0.8732684639412537,0.9171941488832441,0.9342943477990352,0.48512553947430154,0.8392843325387911,0.9338810231455765
1032.10649695,0.8841048654761742,0.9018711891977705,0.8999374100788494,0.7364888853334655,0.5630301650956601,0.23070510817422044,0.8973123758282141,0.14560098410886502,0.34194731347934876,0.19255271640604613,0.20235324461399523,0.45141136479662425,0.3096634072748357,0.3018805551219117,0.9392018608489879,0.44775882306624654,0.41884691048336253,0.7502872467890424,0.42541578983069395,0.5898894253342091,0.41416177175490887,0.907066169418144,0.5791078259577743,0.8765870395989578,0.9177448944976591,0.9359990430201238,0.49169445214118773,0.8398275535855491,0.9357508585403134
1037.25897753,0.884092992080045,0.9019821594022241,0.9001974697729159,0.736602727147631,0.562958005722904,0.23122425363483137,0.897192680557586,0.14675627400910463,0.36115816832636066,0.1916909618746752,0.20083859435515589,0.45983589110937245,0.30870802873688835,0.3020286162741732,0.9396524623867192,0.44808559482367843,0.41873408169168447,0.7509529773781932,0.4255906261897057,0.5906118882624962,0.41698713023796974,0.9076864878727882,0.5805010746138433,0.8788780235150638,0.9182417035932464,0.937361711265601,0.4984636998661241,0.8404607168756032,0.93755577556504
1042.4303413,0.8838439025363599,0.9021867264721849,0.9007824089502162,0.7367248753098744,0.5628400905017904,0.23182176275750357,0.8975681758804976,0.1482048842012511,0.38050782796007393,0.1910754943186731,0.1996730031231901,0.4678630020800684,0.3076782587960095,0.302189033109415,0.940127337404803,0.4481818120036994,0.41875463000465046,0.7517168490235006,0.425907041380189,0.5909842227617825,0.41990421939023764,0.908088544605414,0.5820221344378516,0.8805704000110562,0.9186264363535127,0.9386403969784861,0.5053797642200641,0.841232372028066,0.9392923892334576
1047.62060737,0.8836173808335391,0.9023127193354761,0.9009683158505792,0.7368595554746297,0.5625785727070138,0.23263268953870575,0.8979516166891643,0.1499390199192187,0.39974969120742254,0.19049688522398497,0.1988203340532645,0.4756118506452127,0.30667049243611394,0.302427699576467,0.9405710324711665,0.4482175875729461,0.4189232365996744,0.7525111818061612,0.42602653494133363,0.590899200555688,0.42286966102216733,0.9086114227486114,0.583200682828791,0.8818296218281171,0.9188334102983415,0.939465386126683,0.5124722226843131,0.8421966164766307,0.9408005701839681
1052.82979459,0.8836253674737813,0.902331838351183,0.9008923650096642,0.7369280762069933,0.5623127090412878,0.23372244786945984,0.8976807556372832,0.15199931106492512,0.4186719926183261,0.1899167949817205,0.19842996785629038,0.48300585861850737,0.30576426420441,0.3025762427253011,0.9409667397928327,0.4481098781338385,0.4190569232183244,0.7534264136872193,0.4259444521526405,0.5907482928755575,0.42592612081516984,0.9090658644754623,0.5839618072406235,0.8827276941641776,0.9187837902823492,0.9398862290694904,0.5194502868428016,0.843376861030921,0.9419952314939708
1058.05208946,0.8833996756030162,0.9024801343505494,0.9012887143739416,0.7370767574193431,0.5619254117531011,0.23498153236385808,0.8971743309339503,0.15443147030477114,0.4370384836900241,0.1894633053484914,0.1983898575200478,0.49052141670096644,0.30493462490555495,0.302497282274134,0.9413208835118929,0.4480234077903857,0.41909988811391446,0.7544922636095491,0.4262317841566855,0.5911062619837915,0.42899974050813067,0.9094944310525935,0.5849411681639156,0.8833774935214225,0.9186838187980632,0.9401581102488793,0.5265404577597401,0.8446725004287782,0.9428855949904021
1063.2810895,0.8834508155144172,0.902841350526049,0.9021208689636443,0.7372111669789221,0.5615490355345896,0.23646933079487095,0.8967962338646566,0.15721333842267404,0.4546783263744309,0.18919023972913754,0.19891949716476823,0.4981742827494341,0.30408801477903585,0.3025503197367793,0.9415056130582155,0.4481421726452031,0.4190412007913741,0.755625651335244,0.42644274751123384,0.5920672593562143,0.4320872480931672,0.9097542340060591,0.5862285557247299,0.8840562503331707,0.9187988514294599,0.9404452117114408,0.5338994085782619,0.8460338413205323,0.9435390175540466
1068.51675432,0.8834609258301217,0.9031870830974712,0.9026894663664469,0.7373313947031295,0.561290308644964,0.23827957825180732,0.8962883343648244,0.16027439428051757,0.4713951252686087,0.1890127241326743,0.19989751236058909,0.5057497448084931,0.3031862477273868,0.302843951940039,0.9414999463050248,0.4484715725008419,0.4187910546854164,0.7566223229577861,0.42663676023916397,0.5932243818925185,0.4353363337450136,0.9100984681940512,0.5876674370295857,0.8847492337942039,0.9189328028551513,0.9407482158830508,0.5411532919325569,0.8472823796254644,0.9439092827298875
1073.75904388,0.8837518800167397,0.903256309826821,0.9023215241304358,0.7375162541880752,0.5609872041665246,0.24034756882303462,0.8957780288782985,0.1635974673747322,0.48701927354539326,0.18894662077520535,0.20107761115363695,0.5133283303985651,0.3022904869336223,0.3030584523166532,0.9411711506606547,0.44897979814942557,0.4185891918143589,0.7575205599680934,0.4269025856762371,0.5941792926607739,0.4385926781234487,0.9104640013784553,0.5892219063257284,0.8853055776944352,0.9188948104817977,0.9409600275785899,0.5482651316655123,0.8483959451488963,0.944102672716916
1079.00791838,0.8844562151648687,0.9032302024605261,0.9015812437018474,0.7376668689817859,0.560692769667522,0.24249841869615052,0.8952761531172249,0.16723760639211335,0.501534068466381,0.18906280456084235,0.20274675099063535,0.5211052066167352,0.30147660878554716,0.30318896072791174,0.9410106454901953,0.44920684504045927,0.41851786073086167,0.7583722248864491,0.42703872880528937,0.5950872328714962,0.44172644558055263,0.9107476341710323,0.5906188393870401,0.8857101864169933,0.9186631975308159,0.9408283866340392,0.5556422304884512,0.8494341260716433,0.9440283059294925
1084.26333836,0.8848033355900021,0.9033723758417167,0.9011185750074074,0.737716824523365,0.5604149673313272,0.24474986218766864,0.8945720703985914,0.17117883493058572,0.5148673903585508,0.18933637257127467,0.20491223456299448,0.529093886529346,0.3006824842731479,0.30336453144964276,0.9414411683759701,0.4494966089978526,0.4186848556379913,0.759172288845715,0.4271699695332205,0.5953187483023383,0.4449275163370494,0.9107986600343694,0.5918518240567775,0.8859199549833927,0.9184297397191007,0.9405362203863653,0.5630071056931062,0.8502398731731658,0.9437778985164983
1089.52507305,0.8849208686070693,0.9034940994402281,0.9017857308917572,0.7377612726808827,0.560028498151885,0.2475394488526594,0.8935583900418819,0.17534277362298742,0.5273572188965013,0.18955664357517807,0.20743884994251102,0.5370979168356412,0.29996149744810957,0.30361637993774776,0.9425430053455943,0.4500002987197992,0.4191968533568115,0.7598700348783003,0.42746016529717595,0.5958946362869446,0.4481149575463258,0.9107664332482669,0.5933292792990851,0.8859760887497308,0.9178570970200554,0.9397877197509397,0.5700493750281423,0.8508995528248896,0.9434204530727668
1094.78823545,0.8847834707784903,0.90345083501312,0.9027269071701944,0.7378157717691414,0.5595658430904508,0.2506961902221711,0.8920836026016058,0.17976796067651385,0.5388655981058129,0.18992143957980953,0.210290574850458,0.5451551351502516,0.29937445712986,0.3040739120843163,0.9431440577643568,0.4504440726444612,0.419806546769493,0.7604256412115672,0.42796729720992327,0.5965001244832884,0.45110543230999567,0.9108811299140267,0.5950988065605679,0.886131026837775,0.9167137560066513,0.9388944130268129,0.5771204524856944,0.8514337593692479,0.9428103512202547
1100.05281299,0.8845852928009859,0.9035098758133857,0.9029624901653374,0.7379540193894087,0.5590884514892291,0.25424017663044574,0.8899006586735233,0.18441407614854124,0.5491555665471578,0.19052682963423456,0.21336264787860765,0.5534566673603177,0.2987718682552301,0.30453882966084533,0.9433147437808289,0.451039349463511,0.4205100209731718,0.7610417802301723,0.4284886310023323,0.5967361975974843,0.45406488617454543,0.9108345543796579,0.5967683867385453,0.886333684192594,0.9154095176797595,0.9383828874839183,0.5841233233140671,0.8518008840289223,0.9419973215824955
1105.31879326,0.8845279106686021,0.9037236543028246,0.9031550247028504,0.738041923202726,0.5585718747578488,0.2581482530466147,0.8874056583741048,0.18918534768797676,0.5584533496892043,0.19122814488468254,0.21655669155525684,0.5621207715486032,0.2981582911948834,0.30489777475849406,0.9435530891889355,0.45178725621715593,0.4212552957882414,0.761761019463143,0.42904756849336045,0.5970375779380176,0.4570116094378849,0.9108599418606288,0.5984874080922026,0.8864627871747097,0.9141665999253576,0.937983417922054,0.5913043736525048,0.8519702225794598,0.9410878973193773
1110.586164,0.8846307520712827,0.9039603403893077,0.9033135237870128,0.7380874537746205,0.5580418048629056,0.26222333017862476,0.8849348486647521,0.19408127311577067,0.5669113193887634,0.1919884013592773,0.21978380735855654,0.5709563677667125,0.2975825086967865,0.30535187267970143,0.9439353574745485,0.4526578980465459,0.4219330306773206,0.7627406595366156,0.42975311061058397,0.5972273841853346,0.45993140030630536,0.9104068655869526,0.600219732319892,0.886722564598406,0.9129334193254443,0.9373332149570502,0.5982653802475193,0.8519559231982121,0.9400855240795752
1115.8549131,0.8844188455614707,0.9039641965363284,0.9035228607022863,0.7381430980896191,0.5575028375239504,0.2663227020976135,0.8828691291994373,0.19906681706526988,0.5741875533992108,0.19283047776118725,0.2231788134310968,0.5797818690096195,0.2970000120488501,0.3060207205044664,0.9444714911181041,0.4537753310430792,0.42239225111384204,0.7638404821718459,0.4305611139210252,0.5972563664822799,0.46297385995087265,0.9096306349174788,0.6019205742429126,0.8871145560793775,0.9117875972394337,0.9364744612866847,0.6050117505425344,0.8518276648414917,0.9388989900503113
1121.12502863,0.8845755955380211,0.903904681435355,0.9034364038652114,0.7381245118954362,0.5568145907952583,0.2704425223150598,0.8807253940945572,0.2041657559708266,0.5804811884828827,0.1936615236424547,0.22676038383694672,0.5886834618622703,0.29642089592493676,0.3069145701039476,0.9448998348819304,0.45485400872693016,0.42302035409789723,0.764676260854131,0.4310902184133161,0.5972919921549722,0.4657391302237665,0.9088126290079006,0.603531042002032,0.8877812511474634,0.9111519671465625,0.9356597395924219,0.6117646445530499,0.8514733349464313,0.9374252508507152
1126.42117712,0.8848506308421787,0.9039008832402944,0.9030201668100672,0.7380065068342805,0.5559477615624259,0.27464547877728845,0.8780087712282758,0.2093216242604192,0.5861646318831882,0.1945905604501039,0.23029042632153035,0.5979799782298917,0.2958834761379241,0.3078387961793393,0.9454252381801982,0.4557119657614683,0.4239519153800445,0.764725992043585,0.43174341594899623,0.5978769317433438,0.46815509288778384,0.9076131678867049,0.6052092518188574,0.888573683441652,0.9101551422904007,0.9346064071689282,0.6186774106712842,0.8507565933397299,0.9355707438192459
1131.75559815,0.8849976697598352,0.9037308187322571,0.9028943614153386,0.7379807541527932,0.5548966428785567,0.278992875341409,0.8742969669696542,0.2144322427001791,0.59100557603114,0.1956266712663733,0.23360105281298935,0.607893855213066,0.2953267052566144,0.3087091855107763,0.9453021412694169,0.45647223188203545,0.42482470252674365,0.7642182218969452,0.43253033479143466,0.5986865326032675,0.4705844478132596,0.9053087431752085,0.6069104478336379,0.8893552272286837,0.9078187409035315,0.933226061338789,0.6253227520203873,0.8494529314350204,0.9335072745574572
1137.12876151,0.885149262186591,0.9034761398986628,0.9025876267236494,0.7380883958187919,0.5535721926980421,0.2834374031056534,0.8688800613242063,0.21949442670616504,0.5951562512151028,0.19681441674935996,0.23691215199353982,0.6182210829911641,0.29476036420806256,0.3095397401702214,0.9454402468550319,0.4575359384112125,0.4256841915097245,0.7636489121096257,0.43343686060951037,0.598909691640416,0.47284902228949427,0.9018094480830466,0.6084520121648797,0.8898711073219108,0.9044376091757683,0.9315673169238559,0.6316214117475537,0.8475087729835974,0.9308411424626899
1142.54114608,0.8854230757820974,0.9032811439600877,0.9022693638959529,0.7381906751641926,0.5519243184481387,0.2880711283075486,0.8603445835605448,0.22457846564588552,0.5989815725212334,0.19827157674086104,0.240307281092688,0.6283667136469809,0.2942224798093513,0.31061646219058753,0.9456722017293432,0.45869016572348775,0.4267022232544374,0.7630234003076349,0.4341798026215425,0.5987693122551282,0.4748009268642528,0.8972838481402439,0.6098927271466004,0.8900251581474591,0.9002417963669817,0.9294075976586189,0.6379281054413263,0.8447918774654379,0.9271535481090051
1147.99324008,0.8856528412507892,0.9030005463166887,0.9024233049348818,0.7381664948428639,0.5502349220901092,0.29296112708929223,0.846338245067335,0.22960857215735767,0.6023872239750153,0.1999108516647354,0.24358075968891743,0.6383410119267321,0.2936686022535118,0.3118899387059614,0.9455470155389593,0.45999553229969115,0.42795517910345143,0.7623097539557511,0.43487007800885413,0.5986504194009545,0.4765941149462596,0.8922526340587696,0.6114324166647618,0.8898233981495309,0.8949558698641713,0.9263320896785714,0.6443535632957397,0.84132239636529,0.9222188864077594
1153.48554133,0.885469745700913,0.9027077536745469,0.9028015243829592,0.7381360074675652,0.5491113179626473,0.2981009246010658,0.8274828282753762,0.23451491335748798,0.6055436154925995,0.20142087800433378,0.2468050542111003,0.6486695799797927,0.29313415005571297,0.3132303045388383,0.9456380506562574,0.46142844411953754,0.42924836028156654,0.7617203137388412,0.43550754306180867,0.5993748201417594,0.4783514882010103,0.8888752238156484,0.612996908193188,0.8894070621524652,0.8876504343085022,0.9220427079289397,0.650588792723659,0.8372842461587171,0.9161286431502468
1158.99647413,0.8850629938473775,0.902558646487487,0.9033891524984329,0.7381575595232593,0.5487010992647805,0.3031885338091336,0.8118797495513072,0.23933119876995582,0.6083533849428499,0.20267978214083068,0.24992564812649531,0.6591578748362721,0.2925437510867003,0.31461005807025905,0.9459857496596791,0.462914420276681,0.43049313840189374,0.7613534132505445,0.4364388730407003,0.6006403671756515,0.4803815281822051,0.8884354542317627,0.6144807380273711,0.8890585679644958,0.8791018900155506,0.9170459970609068,0.6564082497263567,0.8331320588308182,0.9095413688501175
1164.48107738,0.8852903115301195,0.902382415321167,0.9042603361852616,0.7381920992975427,0.5486629676762809,0.3081546244341006,0.8105852539133105,0.24402405501474517,0.6108071099133857,0.2039386386747467,0.2527172550250465,0.6693707874192353,0.29190995136129877,0.3160664539498455,0.9464307122996458,0.4644502631360083,0.43171875265367915,0.7612670328961246,0.43775459706171255,0.6016369053916101,0.48269705868940344,0.890323771175654,0.6160736213024716,0.8886527075506944,0.8726344676895704,0.9111492888003142,0.6619947876627108,0.8292737017040861,0.9031373869753809
1169.93996942,0.8859303003519897,0.9022333611027573,0.9046259702773812,0.7382833582471742,0.5486748517954845,0.3133958120081954,0.8217936402300199,0.24862352717720834,0.6129233787428253,0.20527801427686843,0.2552126059178389,0.6795060685965433,0.29126375976578023,0.31756580319224087,0.946574783256753,0.46605117272603214,0.4329311281166002,0.7615231099461729,0.43899323891860115,0.6017777277674191,0.4848682189110114,0.8927762330241441,0.6176559543838283,0.8882149218892399,0.87136585164922,0.9050187972352552,0.6676775285008432,0.8258334903842959,0.8973850833535028
1175.3737451,0.8863311243715236,0.9021656019969826,0.9046626119832724,0.738399649519866,0.5486667519712503,0.31902652514983293,0.8354888681791484,0.25298480855868377,0.6149095308239186,0.20648747492319885,0.2576375716745734,0.6898193903837052,0.2907516615958606,0.3190636252921766,0.9464335553693506,0.467562760640836,0.4341930639053875,0.7620486565864533,0.4401830263002845,0.6021561713199498,0.48683068985002137,0.8950730200932447,0.6191706836270324,0.8876815570853397,0.8748681105934281,0.900044279696719,0.6730654655239886,0.8225872672390524,0.8931703904877324
1180.78297699,0.8860954032777962,0.9019751359152749,0.9042890044050335,0.7385523637293285,0.5485885954049403,0.32494169081986596,0.8461680463388426,0.2571742872860629,0.6166460213172065,0.20747398593441033,0.2599708247356526,0.7000875319761789,0.2903276289004846,0.32058023787606454,0.9466773894705015,0.4692825837983064,0.4359023945589925,0.7627667030190128,0.44143996512243155,0.6029234458291266,0.4887425241918236,0.8970598145325647,0.6209464148888981,0.8871204269667718,0.8798879270453993,0.8968734709094248,0.6785012999862728,0.8193531548793362,0.8906633894077698
1186.16821657,0.8860749555959062,0.9017002015647855,0.9035266527988514,0.7386694061887731,0.5483562030700699,0.3310157461577382,0.8526253294743835,0.2612270079050002,0.6182672138618619,0.20858494672430555,0.2622108124419876,0.7099396637108798,0.28982892267598453,0.3221573736286002,0.9470879924914001,0.47146692307768995,0.4379041209999643,0.7635641901778342,0.4427194227145187,0.6038757078707011,0.49050803300532003,0.898333214649885,0.6228031357885347,0.8864131974580596,0.883933068348872,0.8946323796039601,0.6839234706260346,0.8161519564257693,0.8890612276042302
1191.52999524,0.8864778416892497,0.9014142964031976,0.9029593780843254,0.7387723639175544,0.5480657929944378,0.33703752905705425,0.856153349245438,0.2651231471667507,0.6196109340830404,0.20962979521531167,0.264261174941686,0.7187719794646917,0.289258976528519,0.32373939726809997,0.9471328348358219,0.47348888105208364,0.4397212368511968,0.7645174472419596,0.44406700478000766,0.6053152620664456,0.4921504361142553,0.8993497089762689,0.6241681974349906,0.8853241007413214,0.8864238652528402,0.8933339196741746,0.6893854238937089,0.8128371583043488,0.8877347773266964
1196.89576018,0.8868396600728208,0.9010420100437355,0.9027613191715997,0.7388298850378883,0.5478546984312116,0.3427414121608144,0.8590658156590613,0.268972377304625,0.6207452896709614,0.2104489222618239,0.26637180503476754,0.7268234817467738,0.28870680835712603,0.32544287140686673,0.9468636242841497,0.4752556679200743,0.44116683097281606,0.765858495346829,0.4451966413454889,0.6069667353171557,0.4938736044264438,0.900269649889085,0.6250982355657076,0.8839767292737843,0.887864855953161,0.8926357911820514,0.6949706257345856,0.8091188002046956,0.8866559349439894
1202.26638934,0.8872432073716989,0.9007644968513376,0.903538838894005,0.7387919196542957,0.5476796219091856,0.3480457929451841,0.8634606392778019,0.2727217249674498,0.6217067434367987,0.2111138318832582,0.2685001805701408,0.7345276971807085,0.2882769711687353,0.3272666146283534,0.9464770682738136,0.47711712232131626,0.44265264794014253,0.7671980978200774,0.44641966590260457,0.6090178376298951,0.49547774106267456,0.901161151491566,0.6257966501309898,0.8822496252742246,0.8886954009487303,0.8921951228859506,0.7004636057467732,0.805336512672016,0.8859597260288634
1207.64185238,0.8872699294541588,0.9005542194540491,0.9040942630243892,0.7387300541623385,0.5474795244637802,0.3534311115616423,0.8681103361278457,0.27622024690359426,0.6224286153068324,0.21169088987099255,0.27050563382790094,0.7418439607637567,0.28793743771247626,0.32915399739078516,0.9458527251353864,0.4791571937042658,0.4444290173583922,0.7677758310532792,0.44793663290397695,0.6111191398333976,0.49688654097980145,0.901753153860214,0.6265610904169319,0.8799657229350624,0.8896343234420413,0.8922406471535621,0.7058961295427492,0.802011064206502,0.8855841035072411
1213.0221192,0.8870482433555272,0.9000940755412264,0.9041544917142084,0.7386734096883844,0.5472310936346068,0.3586797158697372,0.8715516152978272,0.2796044680139866,0.6232531930706615,0.2123224239883467,0.27244705718661194,0.7490004242841314,0.2876601558767508,0.33103790606758676,0.9455605442833395,0.48140538852483505,0.44631928913077934,0.7680920314917099,0.4493875166560189,0.6124704264033316,0.49811652303916987,0.9026291649355478,0.6275898958665318,0.8771927129797076,0.8911592178423637,0.8936308841628128,0.7113971204391136,0.79874936823861,0.8851271478315594
1218.40715994,0.8872426580199201,0.8996247018246903,0.903827282373681,0.7387457037209798,0.5469376647603831,0.36370533159262675,0.873947538903752,0.2829096808364864,0.6239760654273822,0.2128826218467856,0.2744753616552455,0.755714924006055,0.28736479456305936,0.3328509952792764,0.9447954925991005,0.4834205193936831,0.4481602666049023,0.7684761174270749,0.45070518269258103,0.61290172600438,0.4992343684633002,0.9034368742621878,0.62859758352152,0.8736066597295568,0.8927471753756243,0.8956598591547884,0.7165697643778566,0.7953534210316924,0.8844654411366765
1223.79694502,0.8873943448144048,0.8994240202397867,0.9033227818891322,0.738927552023503,0.5465561914471131,0.3686588564864817,0.8755431590201638,0.28614240918647366,0.6244213605063994,0.21323144430676783,0.2765746598535805,0.7615868446479026,0.2870227843850603,0.33462313441321684,0.9432708397730016,0.48524893891695203,0.4498802654994097,0.768714633538926,0.4517353487094755,0.6129302348107262,0.500320061801052,0.9041301533727013,0.6293527667828019,0.8692247135877352,0.8940871323020496,0.8970649152068332,0.7213850873908966,0.791901952655867,0.8840877594549909
1229.190873,0.8874734181327834,0.8993560950440073,0.903163343395844,0.7392006433304069,0.5461141362818595,0.3733188936951014,0.8761634371367832,0.2893746625930501,0.624688215982016,0.21349339514198615,0.2787881431434551,0.7669548944478296,0.28676066181250676,0.3364357961192907,0.9413881424839833,0.4872815926596256,0.4516661914217351,0.768773151183123,0.4526003378768029,0.613072821391532,0.5013766316757664,0.9045388125991161,0.6299564548372195,0.8648018717657355,0.8950734532374806,0.8980501349149919,0.7261204214404087,0.7886737438412947,0.8840276166112486
1234.58829679,0.8876164803729181,0.8993785678474066,0.9028943719153593,0.7393934880667957,0.5456524722213815,0.37741499271923495,0.8763438566483731,0.29250876320769226,0.6247952145994665,0.21393502967054862,0.2810421253076558,0.772250075396703,0.2865327842440692,0.338260975390743,0.9397772524839519,0.48929887719553544,0.4535261522368631,0.7688903116418709,0.45370322941576846,0.6139413510667626,0.5023052643007427,0.9049372960828702,0.6308659155320245,0.8608357586362672,0.8957609976661342,0.8995845893767713,0.7308156124205548,0.7855815438484264,0.884022734568292
1239.98919257,0.8880472056825507,0.8994873752197549,0.9028659234192628,0.7394887228759388,0.5451715321428476,0.3811775516319801,0.8769476024585198,0.29555369090963113,0.6248475153363211,0.21455496399822588,0.28331565181802104,0.7772678670273013,0.2862715248767192,0.3400943843251205,0.9385906664996624,0.49128062863631294,0.45553781715556274,0.7689468581864592,0.455052332772339,0.6149272419318264,0.5031243906611865,0.9050993472794919,0.6319357110498535,0.8571067376340106,0.8966901212838646,0.901899523221321,0.7355690738241546,0.7825820502172746,0.884211631274404
1245.39353673,0.8883352572675324,0.8994594267330944,0.9032945843248262,0.7394488307452683,0.5447009488883766,0.3847148502850288,0.877982589388088,0.298668591486429,0.6248506940888472,0.21503630737939872,0.2856182166224669,0.7821026379446341,0.2860458142624969,0.34188142069180505,0.9384439181197555,0.4934536223463343,0.4574795890338815,0.768734049004162,0.45655903265195463,0.6153346731938238,0.503872315010918,0.9051450027966823,0.6328355406089671,0.853133555646723,0.8974133574787094,0.9042899282359007,0.7403467032350115,0.7796811255584843,0.8845122551310706
1250.80130588,0.8884748106182989,0.8992898957180375,0.9040211705801375,0.7393863025669963,0.5443198261777229,0.38807052313764023,0.8788947100718044,0.30178578628458386,0.6247092851600023,0.21545206305529827,0.2880753171341733,0.7864646512992013,0.2858765761441518,0.34352675009222505,0.9388848737874518,0.49559672705827046,0.45917308204442986,0.7682156276839934,0.45822278100856056,0.61550079127502,0.5044447419809791,0.9054560581608441,0.6334115345735585,0.8482163494592057,0.8978689341432081,0.9062369645552515,0.7450307897309438,0.7767137275328257,0.8848683651669822
1256.21247686,0.8887414933884159,0.899167771139121,0.9047861423644556,0.739267278503821,0.5440419438584644,0.3912821193911892,0.8791568991545491,0.3047962371883987,0.6246202869952097,0.21580674720566634,0.29074211938513894,0.7901598598562991,0.28572958206877913,0.34517878240782984,0.9393905734525535,0.49767693845160554,0.46094823620753717,0.767592171497805,0.4597311592141849,0.6158645789467823,0.5050570450428726,0.9053011857500598,0.6334029818594741,0.8414706902683671,0.898029555105059,0.9078619808170826,0.7496482464361557,0.7739517160951714,0.8852243082136735
1261.62708732,0.8888096741189768,0.8991063085321259,0.9055512169132497,0.7389489431763806,0.543763274340896,0.39412149419585973,0.8791062227139892,0.3077030107727628,0.6244887489248641,0.21618950951678326,0.29351845572172974,0.7936222202577361,0.2856219904909153,0.346982270655119,0.9392275375102387,0.49962019806483815,0.4629580652350851,0.767118766587844,0.4609075332588681,0.6163622879258229,0.505679438169071,0.9046920822319073,0.6325882148835107,0.833741537155086,0.8975544533686566,0.909071324598647,0.7540946588378054,0.7715950176934794,0.8855386571278642
1267.05580532,0.888701512322938,0.8988857697123559,0.9058787131126365,0.7384329836817763,0.543426474540994,0.396394546851576,0.878937566306181,0.3105362969064871,0.6240907898980803,0.2165180382729325,0.29632759327506086,0.7967816706874578,0.28553235882819217,0.3488342921406322,0.9382987522448802,0.5016573814019646,0.46498085942766276,0.7666233036091734,0.4619198266536716,0.6161953956676207,0.5061265046123905,0.9036327775658338,0.6305948898847012,0.8293049575838728,0.8966666309041564,0.9097104873483393,0.7587415581190667,0.7695789993303488,0.885759283383696
1272.49861965,0.8886035661286293,0.8984440300437315,0.9057843611879279,0.737771687491988,0.5429613644972283,0.39842927805681255,0.8784065389304544,0.3133561190958042,0.6234104433367285,0.21677861691777361,0.29930683319116363,0.7993079011748051,0.2854851082498094,0.3506789600490327,0.9364124613322264,0.5037564199013016,0.466941503154066,0.7655252133435456,0.46313053946146643,0.6160766535381357,0.5065314854981874,0.9021074055712289,0.6281787396718663,0.8314902267554326,0.8958613302625166,0.9100166036184654,0.7633654067009503,0.7676354840601388,0.8858387180496896
1277.95551888,0.8884810966149336,0.8978866865650992,0.9055382523221207,0.736931464890725,0.5423546995576282,0.4004538983479653,0.877302973613743,0.3161045716555797,0.6225219531694295,0.21712458591392264,0.3024722574891248,0.8016414426079086,0.2855167071558474,0.3525301732744142,0.934223454251723,0.5058235299213028,0.46898883689709714,0.7641854473428007,0.46417397226036394,0.6163914968266723,0.5068048806729901,0.9009640938725806,0.6273910312083969,0.8386916306149605,0.8950990834961935,0.910151316737281,0.7679485624755765,0.7656093474045876,0.8858153388383923
1283.42649147,0.8886063872557018,0.8976045127553327,0.9052025816965108,0.7360027156904543,0.5416891855065185,0.40226599162044435,0.8752321723608382,0.3188939407613263,0.6213797768835517,0.21757269856710187,0.30578594846948703,0.8038969303220567,0.2856469871239504,0.35442620837034455,0.9316990418430141,0.5080692936621773,0.47099357384212914,0.7639550863164417,0.46539495798765584,0.6162301681386584,0.506964381069132,0.9005459846505526,0.6295520513769541,0.8477085183703993,0.8940206287077916,0.9101200807601334,0.7724341249036375,0.7636476840205801,0.8857166086451935
1288.9115257,0.888956509745711,0.8974771788126356,0.9049805856232767,0.7354385704859658,0.5409375661993703,0.4039336313772056,0.8723154566112498,0.3217370035602992,0.620202517657488,0.21812269393306372,0.3092524418408077,0.8059797861478322,0.2859041478856,0.35625419534806757,0.9284583708838552,0.510360539970857,0.47270962319853627,0.7656689325374124,0.4669260436194453,0.615880740435616,0.5071287518200445,0.8998223169671742,0.6317783038198252,0.855787524785429,0.892528671725318,0.9100488246778448,0.7766549949513609,0.761760374708669,0.8854078283343899
1294.41060969,0.889190599142372,0.8971904823701294,0.9047039927991914,0.7353460594936384,0.5400332735674871,0.4056103567301059,0.8690151115054869,0.3244931468864362,0.6189799236496215,0.2186140512394384,0.3130859945805709,0.8079043883768389,0.2862112142386875,0.35811789284682505,0.9242943796507425,0.5124305240692393,0.47438050969614426,0.7674827324256256,0.4686513117929941,0.6156182084152619,0.5072243367605859,0.8978031799684668,0.6322624937241997,0.8608221066721365,0.8907418096762433,0.9095568118820775,0.781049542398167,0.7597602814393964,0.8848690569018653
1299.91690127,0.8894120893820148,0.8966300858536467,0.9044676849119546,0.7353766323429581,0.5389780410995256,0.40693699374288966,0.865722462522928,0.32721039325921014,0.6174873424809509,0.21899406916498446,0.3171411615192782,0.8096460981935335,0.28650292031897945,0.36004479798069927,0.92007170519726,0.514604036728758,0.4761778676939031,0.7682513312731949,0.47019041635984754,0.6152509117075309,0.5072922257098882,0.895772648335454,0.6327265345649346,0.8627730785334665,0.888396147542868,0.9085986454709046,0.785479991402872,0.7577040132053251,0.8841086507579887
1305.42577023,0.8890770567002261,0.896042019689679,0.9046159827614296,0.7354431307704286,0.5377155143732203,0.40797025286230026,0.8622629334769303,0.32993839468979325,0.615784928873016,0.2195399608043429,0.32116989870437024,0.8112035302822084,0.28686016686415455,0.3619635481408711,0.9164224788628192,0.5169729917488615,0.47813637790346963,0.7682035518488785,0.4713293122998018,0.6154372953158225,0.5073028551037336,0.8938175041496809,0.634067266314261,0.8625470288839343,0.8853459928090713,0.9071050650943798,0.7900159539980169,0.755508612117334,0.8830934602877718
1310.93719838,0.8890294057281403,0.8956572292357484,0.9045608909823977,0.7356827682294135,0.5361512473430947,0.40883311427712604,0.8579633659850535,0.3326541761241698,0.6140040525488366,0.22027733223713838,0.32529321660338917,0.8125801785663277,0.28730498247868885,0.3638755353814301,0.9134728425690437,0.5191960733320959,0.4800909393592449,0.7676593457515672,0.4724223702975456,0.615722718639223,0.5071121974505657,0.8909826304054628,0.6350103817989083,0.8601788034988099,0.8816805065733088,0.9052495062102932,0.7943846933068371,0.7531150958035212,0.8818150843607245
1316.45116775,0.8892888778965684,0.8952257697159204,0.9044085185093438,0.735979976941421,0.5342288193261168,0.4098232104605012,0.8520406501405687,0.33537895347789093,0.6117939456438879,0.22095358702248766,0.329687879602956,0.8138516288437224,0.28778233881969634,0.36583954843190286,0.9108493801800682,0.5211588887550617,0.48193566772014546,0.7667448693089083,0.47382714094524414,0.6153251166870328,0.5066867027287719,0.8867088151868856,0.63508449796706,0.8555796769944461,0.8772513395093102,0.9027867015855746,0.7985363756150518,0.7505237807726625,0.8803267158659857
1321.96766053,0.889404761552357,0.8945623323541743,0.9044968611610233,0.7360855669579265,0.5319594930560704,0.41104718580942246,0.8436909266887335,0.3380108455579423,0.6091896887205203,0.22160032488711998,0.3341778671438507,0.8151487024409737,0.28825905517122336,0.3676874914006281,0.9081269011009561,0.5232777233589319,0.48370936306878354,0.7656942773671996,0.4752565709949043,0.614974403672531,0.5061078169513602,0.8813908522063084,0.6351701043993047,0.8504182532304971,0.871439478542059,0.8995177818951477,0.8025319485077776,0.747509632362095,0.8786015526688596
1327.4866591,0.8893731513357657,0.8937782301110556,0.9044561913640379,0.736092286183301,0.529330408689451,0.4122716200109466,0.8325997452669077,0.3405922894205895,0.606341492984057,0.22232890308619718,0.33880128668089826,0.8162298022306467,0.2886986246418016,0.36949883267506256,0.905598229286481,0.525528851216944,0.48538397349136797,0.7643030187702072,0.476380646394832,0.6148721419121028,0.5055724041241103,0.8756898601865812,0.6356185336164493,0.8455552214334313,0.8639002658954521,0.8954698020420316,0.8067954365148396,0.7439407720167407,0.8767210639944724
1333.01349556,0.8891212099608234,0.8928837812753051,0.9045201609942141,0.7360539285011204,0.5263667469983606,0.4131820170852409,0.8192514142439039,0.34316926211472343,0.6033445524395589,0.2233522251888047,0.3439540579292614,0.8169175523831085,0.2890991277123067,0.37133219496510617,0.9032271941806809,0.527891961857109,0.4871600016362722,0.7621472120566882,0.47723964110197636,0.6149989733682731,0.5051469254887917,0.8699467839761383,0.6360391215006366,0.8392436490598829,0.8551863079326941,0.8907699598788618,0.8109849856159163,0.739655929580637,0.8747260991438981
1338.5688161,0.8888369215766805,0.8918981414706498,0.9043792454429266,0.7360584181302078,0.5231446865916438,0.4139584730055166,0.8055743805342551,0.34573399448541453,0.6001167250823328,0.22457631766506903,0.34929478688661264,0.8173551768018575,0.28959063854577227,0.3731600037922493,0.9002365982329618,0.5299025155362478,0.48893748893379796,0.7590123986565068,0.47794463133944504,0.6150336410512439,0.5047141157142774,0.8641761397440509,0.6358921806313327,0.8338862816556328,0.8467830292787836,0.8854902478969283,0.8148047506995385,0.7345215132741681,0.8725967037612096
1344.15282419,0.8883619042676227,0.8908137805227678,0.9041683208493989,0.7359427044535175,0.5197391632955946,0.4149405939698142,0.7931531240752662,0.3481797287512223,0.5963826332266096,0.22566324021108536,0.3546734492102593,0.8180062290610727,0.2901745543962096,0.3748675663351864,0.8958147941123384,0.5313113963101289,0.4905209672299375,0.7542832862478798,0.4783708367256452,0.6148729563738384,0.5042320872383578,0.8578825177865879,0.6352671659496976,0.831775048371531,0.8407640973216071,0.8798526674531011,0.8182892837014314,0.7286071307197239,0.8703659069111728
1349.76572543,0.8875204227333517,0.8893579594756821,0.9039245473349724,0.735696005762589,0.5161714323856583,0.4162183319382987,0.7824435462837215,0.3504767507961861,0.5920224411990386,0.22666439533880434,0.35999575391549166,0.8186227095136417,0.29079422294487084,0.37625200352702665,0.8888274148653018,0.5328256950478348,0.49206393465386633,0.7470374302919142,0.47854595175462994,0.6143188711817645,0.5037449749749261,0.850808616032944,0.6341543493388607,0.8308556176462272,0.837541339022313,0.8736422355842003,0.8214695562925869,0.7221293586137494,0.8680112471129096
1355.4077275,0.8863392833430485,0.8876881610371824,0.9034825033818827,0.7355743808756402,0.5121051381123959,0.4177714189613032,0.7736161190159899,0.3526698525116354,0.5874760641151076,0.22778920147750703,0.3654281914142999,0.8190691650718481,0.29141792890759044,0.37746094834514504,0.8799105779619305,0.5344296622639886,0.4934450945886513,0.7382388846648805,0.4780692908476431,0.6135827532079192,0.5032109721310094,0.8429738517841336,0.632219130382286,0.8303654702912251,0.8352754190992391,0.8673269302965695,0.8248121278945292,0.715791730926199,0.8654738688929104
1361.07904029,0.8855533990922102,0.8858389466765175,0.903529149353694,0.7351030134388981,0.5066388513173153,0.4192905492773184,0.766636810914482,0.35486839448798674,0.5831139511052124,0.22933144793778,0.3712678178534672,0.8194134795747688,0.2921001590660914,0.3786592638991791,0.872665543641535,0.5365941588348707,0.4943909818981398,0.7306330071361921,0.4770850475422624,0.611425174659732,0.5020332804689004,0.8345309443084906,0.6287890819498105,0.8310568930348586,0.8321835909947373,0.8614738406408474,0.8286424784778584,0.7097361694866169,0.8628077859539124
1366.77987583,0.8856766825092514,0.8836281974626139,0.9035559125361413,0.7344469970026067,0.4989446793466902,0.4205637478238461,0.7604170405528697,0.35737579327183977,0.578613538428648,0.23110137557839566,0.37754524752374113,0.8192199196588957,0.29291332919004753,0.3797406485595753,0.8660172424533268,0.5387052363420606,0.49496852196471747,0.7218226208592643,0.47586906136687357,0.6082101706081884,0.4998895932870524,0.82380966452017,0.6232509548805052,0.8324443338814124,0.8269444849166698,0.8561226424634495,0.8325720429101623,0.7037875874402694,0.8599553047257329
1372.46681289,0.8861708176021572,0.8813734153065363,0.9033744749041787,0.734202153404207,0.4897550327364153,0.42150132937105866,0.7532688980927864,0.35991803165703745,0.5738091937216534,0.23297068036850993,0.3839245565036499,0.8180576599453564,0.29391686717858784,0.38052292951645117,0.8559578372203319,0.5402920190927406,0.49452534288025607,0.7036803667293724,0.4728988610798796,0.6050328362247066,0.49713193566257513,0.8072038019071692,0.612717558049962,0.8319779468788442,0.8186002526214694,0.8510950821917398,0.8362316374818259,0.6976366444656945,0.8566589155328236
1378.13342967,0.8863788238173577,0.8783654124270093,0.9034031495205025,0.7340583479015178,0.4797044681262588,0.4220706254863801,0.7429943654774446,0.36226526084172517,0.5686100277740834,0.2348417479627119,0.3903397113563037,0.8159916726883543,0.29482182276728913,0.38027493034784404,0.8406585890343038,0.541428433869106,0.49323250682242425,0.6692736200515322,0.4646634489137155,0.6008615297064459,0.4936499485940333,0.7799566372671645,0.5899159057814444,0.828825300269601,0.8064960318567622,0.8464124957425055,0.8395029589340166,0.690651580119901,0.852609020485216
1383.78010777,0.8864876164185431,0.8738582894666209,0.9029985102740652,0.7333935611683179,0.4681320475356977,0.4228344678672574,0.728036239510274,0.3645831170742732,0.5628805391571734,0.2369046928887811,0.39672198270149556,0.8142260049248007,0.29563412095353186,0.37752921993842015,0.8225519039166395,0.5426098980700994,0.49060445101556416,0.6371035875823278,0.45269985221713116,0.5932367276047856,0.487964314552193,0.7355786541406727,0.5445084777995237,0.8232845201821994,0.7904594033999532,0.8421721638257333,0.8432738882162452,0.6820577248176958,0.847663692022205
1389.40721715,0.8865500506219796,0.8696017268158952,0.901833385985504,0.7330431797843135,0.4549341596557911,0.4240759186998561,0.7084840277271545,0.36696065675183587,0.5555883220562133,0.23872047708629887,0.4030667048121274,0.8138891166358024,0.2965059557197299,0.37334058566039063,0.8047924357207042,0.5424640368279752,0.48482898289856236,0.6224823357322594,0.4454175449388273,0.583874778825833,0.4795619570202212,0.6873158653872884,0.48951714873782176,0.8156872048374136,0.7730557940485132,0.8380262091969806,0.8465336070242101,0.671834930704809,0.8414529079037869
1395.0151167,0.886471035151514,0.8658133735334841,0.9010122596789171,0.732943637853248,0.44060704073616896,0.4254681664015209,0.6838683019996712,0.3691803292483265,0.548092617989262,0.24027513129918268,0.4093324784863424,0.8140788731203271,0.29733972867384956,0.3740845809207515,0.7918967354375762,0.5404160318644965,0.4736578169809164,0.6265705547385695,0.44595629543389803,0.5735314237106203,0.4686684931236053,0.674711905502183,0.48028352039030114,0.8054399960569554,0.7579915885756614,0.8323501006892946,0.8486077244958157,0.6597477943158895,0.8335687084955488
1400.60415467,0.8868665808395054,0.8616408109907395,0.9000182375280874,0.7321528159137098,0.4268655039120682,0.4270383149674829,0.6525845992308955,0.3714101128536362,0.5430247408746208,0.2419930455009282,0.4160669292452606,0.8140025434805731,0.29825974255338616,0.3785979374218154,0.7884595951975286,0.538103225452721,0.4547116711327658,0.6413775649446195,0.4533341028213388,0.5616362771280461,0.4558527775368905,0.6775566443766183,0.5263240331688273,0.7912165728400815,0.7446049884063114,0.8237232308752886,0.8505893590826881,0.6453663333853928,0.8238651846230333
1406.19775036,0.8873352339987575,0.8568893321135417,0.8993305811291067,0.7311899664979032,0.4164131516067185,0.4287353738054985,0.6123685888565,0.373789254997069,0.5393478305504072,0.2441801685851733,0.42330028340238857,0.8135516280075424,0.29921619673868566,0.38232879859914254,0.7877667749653993,0.5363347825045727,0.4339616813984718,0.6538330699116222,0.4621518813109953,0.5501907878493514,0.4435222367785295,0.671428152963119,0.5689476252544017,0.7714230451058736,0.72900025272513,0.8120029266356734,0.8531964040396357,0.6287638635245338,0.812514354447513
1411.81328293,0.8874698673873822,0.8528476000823991,0.8993276716455024,0.730309863313801,0.41084114166456404,0.4299857398102082,0.5661285383669575,0.3761663533800848,0.5350148557958819,0.24657006036412338,0.4306026353566386,0.8136255542162288,0.30032488750764874,0.3848625648530541,0.7813411220497994,0.5354772173653337,0.4280006127746767,0.6616200659290115,0.4697742528891279,0.5435514992084004,0.4340931988561986,0.6643603612690563,0.5900489764092364,0.7441251745180244,0.7098525932455773,0.7972238119098279,0.8556191623782587,0.6108388352551549,0.800134061952261
1417.45083527,0.8878278116397088,0.8496552038638598,0.8989737847464456,0.7291924767551156,0.40939660487005713,0.4308141211476557,0.5253919192601972,0.37832960037996516,0.5298233082284342,0.24893868480278367,0.4377948973429689,0.8144785742458155,0.30140068176855317,0.38710732914937057,0.790427797822491,0.5367065094129048,0.44323163977689484,0.6650230853184196,0.475745818824755,0.5450579103254587,0.42859266929611,0.6641492100290766,0.5996995775750797,0.7041201025189819,0.6907010673319919,0.779907653544101,0.8569489065008774,0.5929172627412699,0.7878754161427831
1423.11049053,0.8886610165856778,0.8465425065968912,0.8985321294737534,0.7278190327922889,0.41033402187102386,0.43167281111136374,0.5050630158616515,0.38037293134327055,0.5245170334925645,0.25132345361159375,0.445059563323332,0.8153007734964494,0.30239819604562523,0.38896028051192016,0.826729494816559,0.5406554446081704,0.46573986935840384,0.6663845292649074,0.4801709901032038,0.5536410340501884,0.42624152467478205,0.6710349642842375,0.6053487929600975,0.6542734292347946,0.6763838779147544,0.7611017706640207,0.8578837733340174,0.5761237457653642,0.7769325647081436
1428.79233216,0.8893165595687788,0.8436896896737572,0.8980474078702507,0.7261415049265746,0.4122733175389058,0.4325280055208862,0.5116667710978359,0.3823939050030152,0.5188509187737539,0.2537915112133934,0.45249483281083086,0.8155913844099955,0.3034392707860366,0.3903450502556898,0.8583818847919042,0.5460817963466668,0.482752461386874,0.6674656172915103,0.4837424892668554,0.5641169178330131,0.4261228195929708,0.6815594137464754,0.6097929417359026,0.6311632361537197,0.6707740308268464,0.7426223287232253,0.8583770022774186,0.5611416430906815,0.7681176944929283
1434.4964439,0.8896220880385065,0.8410025279454301,0.8971253492619047,0.7243188798967192,0.41452151809533055,0.43337565346857887,0.5380863718010259,0.38440701026350066,0.5127769058490066,0.2564033560172047,0.4601448739192677,0.8156312372392687,0.30446759865337986,0.3916352651170523,0.878527122344108,0.5516452239908047,0.493146737926142,0.6688690949440748,0.48679144731017576,0.5732893765921083,0.42892655590966194,0.6926571463846858,0.6136102496387138,0.6425029188551502,0.6746781661828504,0.7226139108754409,0.8582519074445172,0.5478535591594137,0.7619743735586378
1440.21938683,0.8897246617871837,0.8384285220126291,0.8962023080570855,0.7231099335336443,0.41666697234134903,0.43424912368748264,0.5719493160412378,0.38640203415199614,0.5062329469996419,0.25906457284469636,0.4677638759952706,0.8164750490089935,0.3054430733051718,0.3932041223510772,0.8907079114319907,0.5560962415768937,0.5001479164365642,0.6704318376956327,0.48949673491797546,0.5806563051946346,0.4364326308481947,0.7026625864519301,0.6174546588230722,0.6588613614422871,0.6849837768760987,0.7002850029486085,0.8569954525555789,0.5360567853422363,0.7587891412271857
1445.9515979,0.8898734891051413,0.8358493728688583,0.8957968133519935,0.721703645131542,0.4184197570992439,0.43488782422741645,0.6036336192268112,0.3884116269018077,0.49948509770893007,0.26184943984360654,0.47517411033011697,0.8171516741073379,0.3064770793786591,0.3949871064927809,0.8977830691964552,0.5595636446801877,0.5053927534777939,0.6720407790745471,0.49195230379773097,0.5857208049076187,0.44681506428042767,0.7106941825158751,0.6216777648287161,0.6600180637833089,0.6981870274339256,0.683716828690192,0.8542376029985128,0.5254017689643858,0.7583275658906361
1451.69304835,0.89000633438267,0.8335411981297668,0.8957733085439045,0.7190336271431007,0.4197059652974429,0.4353934439938963,0.627293875999678,0.3904116007592574,0.4927102818612725,0.2645773886885347,0.4825559632806442,0.8172560787871234,0.30752703770036793,0.3971578123656377,0.9024718961379378,0.5627169665759866,0.5093076602331951,0.6737288163380233,0.4940603245639161,0.5886868675109781,0.4554469831552657,0.7165665080172475,0.6255004875190207,0.6484085345573302,0.7123373765744662,0.682473968837005,0.8492324559365274,0.5157872614079186,0.7595634491617111
1457.44370948,0.8901747666375508,0.8315199235596039,0.8957137811479927,0.7149581886157859,0.42084258152307935,0.4359382407406526,0.6399738246649276,0.392302037697565,0.48586594425503904,0.2674353063071841,0.48998757360109096,0.8181669150755264,0.30851463661733075,0.39941460654184724,0.9066479486141751,0.5656380727823584,0.512181730282762,0.6753305153719192,0.4958331629683178,0.5904508622327456,0.4607624661459131,0.7206139086022817,0.6284533810407019,0.6331880645782343,0.724694237749191,0.6919876385377575,0.8407975861855482,0.5071886621636664,0.7616687363784851
1463.20355265,0.8902811653538059,0.8297016983795761,0.8959615141451297,0.7085449626091086,0.4226220045225136,0.43646693025059274,0.6444280136958275,0.3940836689289385,0.478748092302708,0.27035607422328567,0.49757360497304504,0.8194752169157057,0.30945389100632614,0.40149378485489834,0.9098063627196604,0.5682579036524827,0.514552798879975,0.6769058068718078,0.4973644305611337,0.5925544788417775,0.4643323309226709,0.724788008369127,0.6307060449722336,0.6181439043702152,0.7325529496720459,0.7015776522607995,0.8289223030826779,0.49938617227467585,0.7640704866688116
1468.97254925,0.8906655894711457,0.8281036515493256,0.8967031029082805,0.6981690830631012,0.42559642598223785,0.43677968481463725,0.653265599206032,0.39583092893384725,0.4716468007709721,0.27317213490173764,0.5053575904244588,0.8204046636337575,0.31040365982118884,0.4035315375389622,0.9123552071638492,0.5707294080470998,0.516838360117762,0.6787267481070847,0.498645814911959,0.5953121722313005,0.46788685257869594,0.7314693763253998,0.6329086047615538,0.5955739608381184,0.735579214110979,0.7080746508594404,0.8155425936359577,0.4924487441095354,0.7666371191557686
1474.75040717,0.8912667921564701,0.8265451922807142,0.8973335030012496,0.6850308196240829,0.4294066128043255,0.4365552211621135,0.6750832079113345,0.39757682174463943,0.4647083090839602,0.27615785610275995,0.51327148818199,0.8214303879439208,0.31139077668560294,0.4053740619982904,0.9149872193952754,0.5734519736294252,0.5192448727970589,0.6808022692030582,0.49988240103128795,0.599086773708908,0.47188308876586443,0.7408305116467329,0.6352967311350458,0.5680995431924941,0.737370381789693,0.711902122862016,0.8045818143834108,0.48666815418084136,0.7696696313842182
1480.53455271,0.8914076269309373,0.8250839860379018,0.8981980067457587,0.6794292523081191,0.43345200316457705,0.4359073580887654,0.7023745299363189,0.3993280568131497,0.4575341538279831,0.27916483594660935,0.5210979322124095,0.8227298481528332,0.3124704237880402,0.4071511588857039,0.9173112901289421,0.5759494691531917,0.521394219962922,0.6831381165339818,0.5015133746029201,0.60275117984462,0.4759148565514461,0.7513332397676155,0.6378442106507197,0.5734756806641466,0.7434168360229403,0.7132718936110384,0.8025099944787474,0.48203098146014034,0.7733246194390977
1486.32495713,0.8913898708549469,0.8237397381461758,0.8994822463540149,0.6881346492555954,0.4374871882190393,0.4352616969434965,0.7274203688747056,0.4009721196636611,0.4503861254732181,0.2822106511571952,0.5288892463886143,0.8242206053268644,0.31357197120324304,0.4087346681029531,0.9189378867830532,0.5780917342128985,0.5231996281277583,0.6855394489920841,0.5030495784085919,0.6058404878644896,0.47956456431256317,0.7611466282451413,0.6402459414706189,0.6183670299313426,0.7534006380121978,0.7124709621521556,0.8128149645600534,0.47794870367955883,0.7774767514518494
1492.12159183,0.8917607037367634,0.8224882971814444,0.9004053669955485,0.7030666292668175,0.44134536712404315,0.4341903796257481,0.7486259035512863,0.40260890853818104,0.4432849045496024,0.2854510318697726,0.536606393940319,0.8252697623426212,0.3146247297417017,0.41018351622509175,0.9201453341802134,0.5803524206541416,0.5246578238378554,0.6878813504935131,0.504357960468212,0.6085787717894643,0.48277038772726166,0.7698029600523348,0.6420366337011966,0.6583007703480934,0.7632959041488694,0.7129501588118727,0.8272961785159149,0.4738407279318469,0.7819132174396739
1497.92442836,0.8922035212535125,0.8214249121748985,0.9006694695283401,0.7140725414203123,0.4449755062757395,0.43231255445680117,0.7659913471761732,0.40437236148638206,0.4361144358849134,0.2888203828522674,0.544021443583879,0.8253354327158886,0.31553439843550896,0.4115253266221501,0.9208670024893784,0.5826219719691054,0.5256247797146986,0.6903117617673011,0.5056282538768535,0.6109246945425488,0.4856139240135438,0.7776165008111791,0.6434456117448255,0.6835150467997797,0.7725895409061915,0.7193036991044619,0.8366325414017022,0.46952378134303674,0.7863762099059296
1503.73343845,0.8924654162101441,0.8203778361188628,0.9011679854846331,0.7204229772455671,0.44834215592278576,0.4299340978751721,0.7799401556225071,0.40610773217413965,0.42885835773517594,0.29220941383313664,0.5512423175040531,0.8251745974134782,0.31643693475405854,0.4125615181680201,0.9222548222758765,0.5848668982312502,0.5263946652873033,0.6928734362394888,0.5067848106300642,0.613099473974659,0.48823543086846205,0.7845011043920729,0.6446471297701548,0.7036108301039361,0.781443074331641,0.7299801171898385,0.8413217211663315,0.46484841030986496,0.7906477864099313
1509.54899004,0.8926270460593269,0.8195109367796752,0.9016677796016264,0.7242026261542588,0.4514300833826479,0.4273376802019058,0.7914916942517989,0.40766096511406097,0.42165139750505765,0.2955385922671181,0.5583423029586162,0.8254540290276693,0.317381653210028,0.41368140547812454,0.92405377919349,0.5870691452484937,0.5273684247819624,0.6955971555774558,0.507918497826419,0.6152957865048818,0.49061232660177606,0.7907819293872301,0.6456082313422635,0.7224982585864308,0.7889154819647565,0.7397450452256131,0.8436734013878021,0.45970259616381354,0.7945903336830258
1515.38336105,0.8926613832143662,0.8189072934435218,0.9018666375035334,0.726979298348683,0.4542730185111193,0.42475095845863725,0.8016930699941159,0.4092019919461224,0.4145253232806798,0.29902623892797364,0.5655376666639841,0.8264787351968669,0.31828693068424724,0.4149949339220671,0.9253707071526417,0.5891696128747066,0.5281237919789126,0.698564502620413,0.5090452588788126,0.6168652828848106,0.4927294316668191,0.7965151684471813,0.6464340309354644,0.7375323645547892,0.7944814172655151,0.7458579840599979,0.844291687449332,0.4542251348677699,0.7981464937259559
1521.23658861,0.8928169331730024,0.8185389268687061,0.9020838627104237,0.7290922481634573,0.45686680412868413,0.42198778897078965,0.811253159390608,0.4107108745091867,0.4073080835598344,0.3025451600147871,0.5725892743012985,0.8274933711514131,0.31919619772545255,0.41620031670603824,0.9261487079496097,0.5909958281046255,0.5287113292340659,0.7015069447377043,0.5099507497228225,0.6184933860407471,0.49466737614769973,0.8017609026654077,0.6469133427719599,0.7481151811494647,0.7981223093841899,0.7482578419953442,0.8436652216859789,0.44834042477483027,0.801293162482453
1527.10870977,0.8929343443909451,0.8182738731199928,0.9028611339864451,0.7305528602680431,0.4592052151147614,0.41908041924451506,0.8196665403421535,0.41205682277561184,0.4002223946842074,0.30591510045075543,0.5796073951060763,0.8281898652767204,0.3201293027854504,0.41732837986189814,0.9269087369099474,0.592581609707235,0.5291327642118728,0.7044074707950124,0.5107598891458058,0.6200486826138766,0.496376322332027,0.8068118759262938,0.6466383902363798,0.7552249899009287,0.8002217536919708,0.7484656932489171,0.8429193825081921,0.44214595275098745,0.8040506745733585
1532.99976154,0.8930723187578851,0.8180780557906394,0.9040240867717444,0.7316308017814414,0.4613181640214308,0.4161244792182685,0.8268026974674556,0.41325676596293254,0.39311678086504537,0.30940204804583,0.586654833234984,0.8286383247071335,0.32093426118434115,0.41852088619251815,0.9279023664176415,0.59459920264587,0.5294548085472036,0.707012327149401,0.5115356730246452,0.6213245868689986,0.4979023341154474,0.811538059768628,0.6461177027462197,0.7602111514741053,0.8015918048036622,0.7480671893748333,0.842238483806164,0.4358408768888109,0.8064595339828381
1538.90978084,0.8933919472629857,0.8180410244170142,0.9049778237790488,0.7321673853180395,0.4632369689254555,0.4140556294406821,0.8326920072413567,0.4145461455686365,0.38602075550466497,0.3129642664347082,0.5935064665837524,0.8296871559084441,0.3217207034960559,0.4197935066460577,0.9288056814211577,0.5969642243658279,0.5302990744553382,0.7091877775838581,0.5123715394727973,0.6227740113692105,0.49941548194528285,0.8161856450812077,0.646537942365331,0.7644342391747206,0.8035534527810246,0.7496607127962202,0.841793596069524,0.42966198786632326,0.8085992517391447
1544.8387776,0.8934689528054188,0.8182360083250287,0.9052729130650321,0.7326090753416363,0.46499316715223826,0.4148457085992483,0.8381694211927724,0.41584188398260513,0.37914681420421226,0.31642358860602915,0.6001621981297378,0.8306132527931593,0.32257093662364283,0.42121187707125657,0.9298725466801961,0.5988792007976775,0.5318925964456661,0.7107753985471849,0.5133062301958498,0.623928582438924,0.500714290276793,0.8205468275174104,0.6484518203472251,0.7674989969594302,0.8071237254962191,0.7555116081555165,0.8420647982826841,0.4245561076305008,0.8105593950369967
1550.78660554,0.8935047793153226,0.8187832804405645,0.9056010485370478,0.733361179400686,0.4665273320508181,0.4186795805429803,0.8433958956489186,0.41697295481093893,0.3722833704571438,0.31983386043957773,0.6067237442620204,0.8310015908625696,0.32323991881110364,0.42266905108287,0.9304609486812176,0.600572025659968,0.5337653201396656,0.711961764672441,0.5141830009570552,0.6243228442485546,0.501919129345559,0.8243650855201494,0.6508477805817237,0.7695642827393436,0.812221942305723,0.7654472940356907,0.8429580176084605,0.4218842278700817,0.8123247979431035
1556.75329898,0.8936550061945074,0.8194511568246132,0.9060991735225662,0.7339646404853103,0.4678518730983579,0.4244159944575801,0.8478242154977754,0.4180090309987148,0.3654118070251513,0.32316135830009834,0.6131932770234361,0.8314968500741581,0.3238423645015402,0.42411352513572426,0.9304980959141231,0.6022109743603858,0.5356295599722649,0.7125591015234624,0.51506604098337,0.625030150650614,0.5031363174592042,0.8278664702376417,0.652760209830187,0.7709583133228065,0.8175989317548042,0.7772333403848387,0.8446478467711288,0.4213076689521974,0.8138841091243953
1562.73889214,0.893906169244433,0.8199737845030042,0.9066786105462079,0.7344486416946566,0.46901681353752667,0.43060747920242926,0.8515027968831228,0.4191508418075314,0.35864449873681664,0.32627956278741677,0.6194797303547891,0.8321066100304334,0.32452682591013415,0.4254952072202269,0.9309355352807319,0.6038939638823606,0.5371627437559064,0.7128263828919268,0.5160984260151059,0.6259188442238242,0.5043543579450512,0.831425192512744,0.6541019663617663,0.7717075318377489,0.8224847872784697,0.7882494383936737,0.8473863489986726,0.42134192131041953,0.8153092753825019
1568.7434192,0.8939986038056728,0.820633430833463,0.9064484552369705,0.7348070345768754,0.4699824708512527,0.4364077986675498,0.8546633740900869,0.42029705848717547,0.3520033699258006,0.32938645272037353,0.6255490890807157,0.8320743142358004,0.3250844619975463,0.42696177105314675,0.9315421939867412,0.605477804680903,0.5385146390560699,0.7132082209275294,0.5170933300388689,0.6272557905190693,0.5055438316887051,0.8345600607897445,0.6551308126712455,0.7718299081362683,0.8267690018303682,0.797639733508676,0.8503949844045406,0.4210558064635196,0.8166457458820587
1574.76691423,0.893963258643534,0.8214480564944661,0.9060243060778446,0.7350950142487291,0.4707640450617403,0.4417517559216459,0.8578183191701292,0.4213573094977256,0.3453159319742686,0.3326462979015633,0.6315556585723243,0.8320717061627626,0.32562424888448105,0.4284330078366418,0.9319396694858244,0.6072499863118277,0.5401854529748558,0.7137756169919787,0.5179051582299653,0.6285793978591497,0.5066114166746732,0.836980534521168,0.6561174832410388,0.7716070524548295,0.8304966974315532,0.8055391806869582,0.8534651345659505,0.4201124348263762,0.8178549554821302
1580.80672696,0.8939448196080844,0.8220555547352513,0.9062511734193005,0.7352436051058513,0.4714310817294289,0.4468993245108812,0.861163719781886,0.42239523270656626,0.3387508691030499,0.33590909045602063,0.6374229254273784,0.8323561455092533,0.326186720219091,0.43006561433060686,0.9323798965303216,0.6092401773617726,0.5420325739176165,0.7143599353741947,0.518594367680558,0.6291219069279541,0.5076006358080024,0.8392900950056112,0.6570281521075814,0.7710172626946328,0.8335178533940403,0.812985029546823,0.8562229708448147,0.4185083635718282,0.8189444204852475
1586.85843732,0.894115210083012,0.8224444104588,0.9067990154099151,0.7354145473107754,0.4719574637021581,0.45189333694706985,0.864430810581083,0.4233262848240729,0.3324051090047103,0.3392091411959606,0.6430097987513305,0.8325724208812508,0.32668388161727435,0.43173161067145605,0.9323445496117312,0.6109638453411345,0.5438947060488636,0.7147580854237663,0.5192064787721241,0.6298594417170362,0.5084964357795642,0.8417944074346108,0.6577291394710758,0.770227998363005,0.8357351350299644,0.8198606413964415,0.8588952239269239,0.41631317980101945,0.819989828876995
1592.92202448,0.8946446175903034,0.8227781932182617,0.9068666787605264,0.7355628678324321,0.4723504095778809,0.45658352462269575,0.86688347246961,0.42413782338748296,0.3261417987449405,0.34256485008024007,0.648263861373946,0.8326262612640922,0.3272036503984631,0.433262928191581,0.9325905955200144,0.6125316789607527,0.5456994682989083,0.7151881685971074,0.5197549182178863,0.630722125145972,0.5093402352475953,0.8440875714970721,0.6583530581845617,0.7695969111810121,0.8379246962808297,0.8262099853838271,0.8616429990892696,0.4138466123840101,0.8209432076389854
1598.99746754,0.8954923070076863,0.8230939293133818,0.9062907019111007,0.735303387879421,0.47262076183529567,0.4609458216526947,0.8683220728718648,0.42491856105942016,0.31988915582103894,0.34584154189077926,0.6533810980087542,0.8325762941096405,0.3278510891745408,0.43486295228908656,0.9329624904156157,0.6140059680527217,0.5472216284652497,0.7155168523665135,0.5204917028965459,0.6319323259473457,0.5102014499405372,0.8460360465239345,0.6591541533721383,0.7687190729127203,0.8406790264547739,0.832537371033078,0.8641566601652853,0.4114748271850736,0.8218757955551886
1605.08474557,0.8957841197787791,0.8234521902228347,0.9058789598958051,0.7352249463454607,0.47276421428127974,0.4650218776344115,0.8697671816501585,0.42566783663049107,0.31364809253509257,0.34895248230818915,0.658580933148207,0.8327730358743842,0.32851454841923805,0.4363470290870644,0.9331983614507268,0.6154373903892896,0.548626227920914,0.7155663609511005,0.521164337053743,0.6327263078265228,0.5109448597005993,0.8476128679500728,0.6601009593629213,0.7672009446227294,0.8431025123084235,0.8388434440591944,0.8662951546241994,0.4092218057657275,0.8227243277214332
1611.18383758,0.8956670907101532,0.8236955321469879,0.9060050030070891,0.7355653183904495,0.47279101661691253,0.46887099518665654,0.8716011189687477,0.42642258577952985,0.3076659269214038,0.3521302785480658,0.6634793744911223,0.8331212194214795,0.3291304516378144,0.4377284978077056,0.9331536975247207,0.6173204258377435,0.5503500661560607,0.7155651660218108,0.5219760472162911,0.6333127721473193,0.5116504906921275,0.848721612668245,0.6609034698214622,0.7663666871282834,0.844675764406634,0.8449416681160056,0.8681581536639633,0.40753483079491837,0.823497054372315
1617.31109985,0.8955568976474431,0.8238807767433272,0.9066298809389199,0.7357616204606067,0.4727196162342639,0.47239191984779755,0.8734583630213851,0.42690127193286925,0.3019732685936923,0.3553623186207114,0.6680303610545711,0.8332052770497124,0.3295903721994827,0.43906658543236,0.9326253197705079,0.6188119890762305,0.552141219976465,0.7153891737931621,0.5225912905594275,0.6334358456581559,0.5123341537357561,0.8500901967063098,0.6615186788184303,0.7658377035459589,0.8460857029066111,0.8506376011747104,0.8697483289320626,0.4065141191180125,0.8242214680196369
1623.47024896,0.8957009557283118,0.8238385884951015,0.9069954384704718,0.7357311758138334,0.4725858889219531,0.47583703373297054,0.8748090994336668,0.4271083569041742,0.29636736039466327,0.3585375299814783,0.6722846187297248,0.8329124362024165,0.3298522636388132,0.440440003573623,0.9318386313915397,0.6200569445491138,0.5537829933211601,0.7149752812644663,0.5230480855737468,0.6332424067846825,0.5128532897189552,0.8513963014875258,0.6620913462375261,0.7650213211184324,0.8474388498564984,0.8555270208332808,0.8710898842536939,0.4061730554847451,0.8248975196967263
1629.66154068,0.8958223504543762,0.8235423259205964,0.9069360589818889,0.7357324414580462,0.4723698974050581,0.4794585719553042,0.8755501051593987,0.4272953917477845,0.29101760809633986,0.3615911319138056,0.6765233754681346,0.8326277499489751,0.33006831218438104,0.44189280446382334,0.9311961960223369,0.6214141944495887,0.5552733592388855,0.7146301293910678,0.5236328348992046,0.6333218995872107,0.5133559451112257,0.8524399054144876,0.6626137057968938,0.7639692548965087,0.8486502072991087,0.8600786550434105,0.8721477325925334,0.4064350226955835,0.8254926086382951
1635.88523392,0.8963513462124716,0.8229380278039271,0.9065085335528161,0.735872472238661,0.47204585715806985,0.48306111056903245,0.8759180828951016,0.42761728669368565,0.2858534052052249,0.3647417344919188,0.6807187823855061,0.8325975128795441,0.33027388070468783,0.4433599726842902,0.9308310321396629,0.623139108473112,0.5565258650919803,0.7144550145358495,0.5243146889884264,0.6338072452345712,0.5139702355886121,0.853708480780401,0.663114491767217,0.7628681723866553,0.8494750923244679,0.8644215140490888,0.8730729757505097,0.40747323731850255,0.8259595124839433
1642.14159076,0.8969215298454695,0.8221250822773389,0.9058329179723474,0.7359920544394766,0.47155647354326774,0.48662817420067533,0.8758246262961332,0.42807244798409755,0.28089857731044354,0.36779410090785775,0.6845657878996887,0.8326608821325084,0.33049723128201125,0.4448220814998103,0.9307299115285194,0.6246882459176821,0.5576085877291224,0.7141605559395603,0.5250005845607498,0.634251899570385,0.5146156749627081,0.8545696671459933,0.6636754654831057,0.7615631209342252,0.8496203691845514,0.868151732116179,0.8740660272429683,0.4091107663639766,0.8262927375093675
1648.57498892,0.8969989187744869,0.8214887031155983,0.9056313994721873,0.7359737941600928,0.4709161804659611,0.49037148432967126,0.8753384496269416,0.4284428725962577,0.27607158973616364,0.3707531813412949,0.6883541994566418,0.8327357238728504,0.3307272153861116,0.44622345266508595,0.9302644251280727,0.6258499340385771,0.5588170621599082,0.7139080711091048,0.5255622848730087,0.6346037321112137,0.5150838490757925,0.8549846957768338,0.6642264441676616,0.759556564826339,0.8493395665948659,0.8709276126319635,0.874336778672903,0.41055815109455,0.8264945489804583
1655.33520858,0.8968923750676584,0.8207318896969668,0.9059018405608827,0.7358748319250668,0.47013466853497704,0.4941212612622954,0.8742879657212981,0.42855424881365817,0.27123081478763583,0.3741199263109688,0.6919612381581975,0.8327102897294674,0.3310304185764585,0.44768440585432306,0.9299902820076341,0.6267487051116407,0.5600617201089227,0.7138171975249226,0.5259786789086252,0.6351984502841446,0.5155682693892153,0.8545377469724442,0.6648034503893409,0.7569326201925428,0.84806634163274,0.8729758182004498,0.8740750135505093,0.4113690619690049,0.8264527489181133
1662.47344048,0.8965935947266325,0.8197202164363924,0.9065609243175338,0.7355112696642925,0.4691880164918137,0.49766704584435545,0.8722968602779109,0.4285351187698488,0.2662231018354056,0.3776017679020854,0.6956551123623093,0.8323700476678775,0.33130966498153125,0.4491277216769992,0.9292405649687855,0.6274702059967961,0.5610972473261812,0.7136581230046339,0.5264699492918415,0.635942071289377,0.5160756913795288,0.8537369417874311,0.6653633482994671,0.7535657497075195,0.8449709383804851,0.8740521131942045,0.873247322088133,0.4116821616926768,0.8260964273815478
1670.05561049,0.8966661633751014,0.8187498539756616,0.9071795821306203,0.7352115771096703,0.4680588916013661,0.5010695416426139,0.8693181680992844,0.42856915573396015,0.2610027993040612,0.38082571797144893,0.6995522700459779,0.8318703853787215,0.33160351729436516,0.4505212248581227,0.9278572971428811,0.6280902644160489,0.5619395381262063,0.7131734806535758,0.5269681817269923,0.6365907297617721,0.5164935423361434,0.8527533175843813,0.6655609237684363,0.749022009785809,0.8407867772846273,0.8736862366578017,0.8725406367162062,0.41179777736779294,0.8253224784781349
1678.16902352,0.8969009005364412,0.8175909518703193,0.9067769040586521,0.7351221794310124,0.466807095588461,0.5049535004612181,0.8654680099957532,0.42851241077708097,0.25530504910693674,0.3841073195016661,0.7033777675029287,0.8314945849829937,0.3321128896938296,0.4520719300942908,0.9272619789145499,0.629218415343431,0.5628870761350467,0.7125898686084526,0.5275604039065039,0.637007310973326,0.5169477602503153,0.8515557008469146,0.6659191410128906,0.7437496710183564,0.8365537219378514,0.871646068528105,0.8727111116675051,0.411672891029569,0.824284992721848
1686.55255666,0.8969976362887203,0.8163700807167381,0.9061917478853876,0.7351022510456722,0.46545688318518197,0.5101565174352704,0.8614408803609898,0.4284115116434326,0.24958931066551313,0.38735954692998553,0.7070648773398872,0.8320992350146496,0.33252512151659813,0.4537788576316157,0.926584358479163,0.630754202557205,0.5643474088157477,0.7120498636730732,0.5281688086720118,0.6371585698987718,0.5174545173710706,0.8502974691175571,0.6672164794644962,0.7380761372744659,0.8321337755010951,0.8672637915269342,0.8734425351797591,0.41143345620775834,0.8229220473198895
1694.9652068,0.8973074358383389,0.8151938378418288,0.906362279535816,0.7350386170050169,0.46394092993182295,0.5164558584023186,0.8566111289358319,0.42824208923459695,0.24430951101373533,0.3904992509302392,0.7105748564627037,0.8335246624921762,0.3328955243478653,0.4555394750958044,0.9259634216900088,0.632494044979493,0.5660516718144109,0.7114299485950971,0.5286854083640211,0.6371729211064053,0.518025217859271,0.8485255590026332,0.669356205260327,0.7319599586534274,0.8267723698968478,0.8596241028287754,0.8741214188785092,0.41121578532862424,0.8211986415981697
1703.40698655,0.8976124957247521,0.8143395095040887,0.9072988674606108,0.7349952330250267,0.46224145015136126,0.5217302723417668,0.8503582309592221,0.42798339033085625,0.23954626417727481,0.39358928647046104,0.7138330871149374,0.8345085419311247,0.33331827375221834,0.45713006550146007,0.9252648063340126,0.6343783529929654,0.5672588487279724,0.7107397798072758,0.5289862063659783,0.6370966197280725,0.5186424754017357,0.8459103965621483,0.6704754216643297,0.7247233993331857,0.8197724866168832,0.8480872651544203,0.8748646889705428,0.4111766315934751,0.8194109089999264
1711.87790799,0.8975005264711101,0.8134227027593071,0.908223119813141,0.7348537856928565,0.46029302746456174,0.5260692650348737,0.8417194416123934,0.4275928167932738,0.2349483271182347,0.396616621010463,0.7168966073650661,0.8343662296036535,0.33361553529089627,0.458217553363545,0.9242627056394924,0.6360435025576289,0.5679016999617641,0.7100095881275611,0.5290950701385855,0.6369293211488755,0.5189523653296939,0.8424468367747752,0.6698695565622805,0.714954048099361,0.8109386882557952,0.8328704580030829,0.875195768629837,0.411637371427695,0.8177957898947344
1720.37798277,0.8971865166170346,0.8124056950453772,0.9088634676211127,0.7345509992050898,0.45804703785606876,0.5308236953048175,0.830953471814621,0.4270776190671015,0.23050868358033177,0.39952403551252824,0.7195653467307727,0.8331395353909262,0.3338164886542674,0.45921341523132714,0.9230413989209838,0.6374731217024527,0.568358414335536,0.7092381708434413,0.5292792124250536,0.6363684181176071,0.5190266481716511,0.8382523522668118,0.6690977179158575,0.7013012834388044,0.8005236166447037,0.8146686636591746,0.8748301509881307,0.4130270981297163,0.8162867488205156
1728.90722205,0.8967210900977812,0.8114899190810165,0.9094326558304585,0.734109542433943,0.4555609203858753,0.5361413418200532,0.817609171865639,0.42647894248365315,0.22625637423910946,0.4021769861330638,0.7217579697635178,0.8323508311710296,0.3340223529047589,0.4603318929882636,0.9216722195242163,0.6387130925581378,0.5691718660531283,0.7079513092279323,0.5295225683435731,0.6355475451298432,0.5190016846887658,0.8333959248493398,0.6692021191628681,0.6831555387288516,0.7885319947724653,0.795274536912103,0.8739045297708404,0.4151557175494918,0.8148133086178025
1737.46563653,0.8962117878217283,0.8107372285379634,0.9100970744432894,0.7336766722795652,0.4528869741197327,0.5415350198318989,0.8008067975154801,0.42563185412817417,0.22217145813448452,0.40468025551062736,0.7238096974906286,0.8327980686804862,0.33413522886836683,0.461468437650035,0.9199588766197703,0.640065009382029,0.5701047019070936,0.7064326311742889,0.5295190264203393,0.6342311336385451,0.5189274666109199,0.827836748255814,0.6702606814943757,0.6621633926986786,0.7756022430359215,0.7771688769405917,0.8725595854970163,0.41778028388498195,0.8134344898744642
1746.04891596,0.8956087960217746,0.8101468034976803,0.910253894258812,0.7334793859612055,0.4500211573813072,0.5464139159698761,0.7799059328675201,0.4244398234274692,0.21835439847803778,0.4073285830569808,0.725869303114528,0.8327740308103405,0.3341417388969083,0.46248404994001463,0.9180600820079998,0.6413721972508365,0.5707967611802197,0.704781253442551,0.5292806141486647,0.6328757338851465,0.5188466555523747,0.8219197491022631,0.6709137424531094,0.6410663861904514,0.7630182406620974,0.7640105469046429,0.8710359050407732,0.4209234626871516,0.8122426232844926
1754.65358123,0.8947754280574045,0.809348162834312,0.9100822311402358,0.7334495371425136,0.44699326006582224,0.5505297157105944,0.7563378076486621,0.42327728970952966,0.21482600729908283,0.4098493576459288,0.7276806483434239,0.8321740327110629,0.33403714298602066,0.46332588526681023,0.9158251659959289,0.6425431785879495,0.5710406734345718,0.7031609493284122,0.5289391193385673,0.6318628842749009,0.5185864325652251,0.8158332343789703,0.6710680198515506,0.6242965559522196,0.7521849270190895,0.7587722125639221,0.8692230336736138,0.42443563011375784,0.8113005470986827
1763.27958128,0.8939918818083846,0.8082149512606418,0.9093062040834795,0.7335043791181571,0.4439404650158389,0.5543919565282464,0.7327690320689808,0.4220147031369705,0.21149235215371723,0.41204886768061566,0.7292844797666036,0.8316158709724664,0.3339260792168111,0.4640452975998776,0.9132750660762649,0.6438407701685424,0.5710780676740042,0.7017264105211749,0.5285839848324071,0.6307921908760152,0.518319916247896,0.8096605535277085,0.6704651917027054,0.6155752643281477,0.744167827805739,0.7602190787511449,0.8671960204877861,0.42799691336052775,0.8104146520980888
1771.92686491,0.8936369381022066,0.8068155200787877,0.9079464508622344,0.733496293147137,0.4410238937221689,0.5582249351535379,0.7120963702896184,0.420631023686346,0.20840168204704318,0.4140757860665849,0.7306755848984336,0.8314453651107003,0.3338549503137903,0.46482676877492973,0.9103102082239225,0.6450447481857793,0.5712527000608113,0.7003211186305056,0.5282161579678867,0.6295660891267758,0.518097619375741,0.8036156929193387,0.6692405371220455,0.6188753858133255,0.7396566658002725,0.7640654450864932,0.8652141363360436,0.4314800001450592,0.809388046005742
1780.59538078,0.8931866340293895,0.8050999981184703,0.9064438984761084,0.7334977481752237,0.438323447626694,0.5628192917850484,0.6972593822912567,0.4190864623734692,0.20546122007362574,0.41596360199876664,0.7319368208722079,0.831632895103251,0.3338455355585159,0.4656112414395536,0.9070952477975612,0.6462053321106782,0.5714605761290161,0.6989082999589965,0.5279407613548708,0.6284439536818053,0.5176169888540788,0.7977257316343218,0.6683137423386947,0.6353264020924246,0.7388072608112409,0.7693296013569332,0.8632679136908148,0.4349978491298873,0.8082303516440783
1789.28507741,0.8923953674420751,0.8032415888027343,0.9058692806472393,0.7334024388392828,0.43589174310058004,0.5676473092140474,0.6887227812997794,0.41743298839307214,0.20273469093658392,0.4178045410284765,0.7333006997163305,0.8315937314932438,0.33388569374545524,0.46650120052522454,0.9036722933198937,0.6474449338811656,0.5715223244047503,0.6973501336811251,0.52799341400691,0.6273449853434014,0.5171198511879097,0.7920382904869586,0.6674798787854449,0.6601695108355231,0.7415948541791088,0.7769382022339131,0.861004816501867,0.438507963149437,0.8069360427797505
1797.9959032,0.8914945650230918,0.8012173936866698,0.9060154704473778,0.733113160606508,0.4336374968244902,0.57047241770251,0.6845118936870794,0.4157844389180651,0.20030643325665426,0.41935238243699957,0.7346251642985452,0.8308695289137958,0.3338657508729028,0.4673206150763817,0.9007726806930058,0.6488845715433932,0.5712786292740138,0.6956950654582096,0.5281056382367917,0.6261151595840797,0.5164927142412569,0.7864932073330234,0.6651361915680504,0.6843285674757225,0.7465717100170888,0.7858279736855781,0.8578287853813775,0.4419090353374684,0.8054608017368211
1806.7210252,0.8910142301626675,0.7989733993091649,0.9059268223059727,0.7325737742991832,0.43143278327459655,0.5708431471004625,0.6860990725738252,0.41401865828335477,0.1983854798075008,0.420713624001184,0.7358079074311358,0.8297133642627621,0.33386068486181697,0.4679562041341647,0.8985042104902796,0.6501546943205693,0.5704909644279326,0.6938212080258565,0.5280449792868622,0.6247619407086715,0.5158936434074908,0.7811091523158713,0.661939393378573,0.6999545587048712,0.7521086954042724,0.7932845430823632,0.8527450216028991,0.444984652633192,0.8037691842581728
1815.45600983,0.8907729574525157,0.7964925874730943,0.9050192987861858,0.731746131784468,0.42904172965914344,0.568397497030407,0.6937090144448156,0.4121029329758645,0.1967730365805901,0.42222765369823434,0.7368713365444473,0.8285868871875264,0.33379687909671446,0.46852276057061537,0.8967197347996436,0.6514058555784474,0.5694170104344197,0.6917617073922869,0.5278411125564112,0.6232748034249033,0.5153035044238626,0.7754572784534572,0.658520073421652,0.7076301096044283,0.7559641338925159,0.7980432004178242,0.8449474690642325,0.4473719188078002,0.8017392916838305
1824.20079533,0.8902299443393009,0.7939077386189912,0.9045311151427398,0.7306809343039904,0.42615217722171933,0.565072105761476,0.7023670884552347,0.4100362022647236,0.19538608355262752,0.4237113391170238,0.7377313880700044,0.8271516103894994,0.33369441390919463,0.4687277839811539,0.8954360873361288,0.652315083826067,0.5683059305156527,0.6894401117701401,0.5276172254543463,0.6215261748706599,0.514511159380088,0.7692505660341054,0.6554032772164852,0.7103593750264898,0.7564577996935159,0.7999241263174682,0.8335591477365953,0.44843173487066085,0.7992013617458702
1832.95532041,0.8889804122177981,0.7909926464314252,0.904664509976566,0.7295988135919189,0.42238534380396536,0.5650490919705048,0.7066539534485463,0.4078283832890284,0.19400544116917032,0.4249503959974844,0.7385638826081719,0.8255891637795036,0.3336651173062411,0.4688341854288853,0.8939018081926229,0.653072697935006,0.5672424783146119,0.686182250660416,0.5274189073802359,0.6189104014720929,0.5134067155726011,0.7612428711148488,0.6536741785656206,0.7101246850554004,0.7528141504566871,0.7985867916822015,0.8168583023564009,0.44759867532055003,0.7958315660118686
1841.71952428,0.8873558059994602,0.7875089711112262,0.9042487011159391,0.7283762894133766,0.41709079372337493,0.5708753132294215,0.7037459681008577,0.4058042285779124,0.19282554214487316,0.42634438356146687,0.7396259753952236,0.8242699770622297,0.3336196153933922,0.46866517410864494,0.8921447717141863,0.6529477652133525,0.5661814416555646,0.681841717661768,0.5265630864756337,0.6148345759713234,0.5120119556461319,0.7511402330160623,0.6518942608257856,0.7076513166730622,0.744796138659533,0.7931712742864035,0.7977597323497625,0.4443055022301148,0.7911514409383716
1850.49334662,0.8859380396815052,0.7838969404629184,0.9033391955209836,0.7273160966833996,0.4092008873809776,0.5797380427288549,0.6926614837562223,0.40371923819119687,0.19210706581584783,0.42749385245475063,0.7406601368984039,0.8225100661786832,0.33360431261231394,0.4684215581638306,0.8903367904417996,0.6525405692139864,0.5652834241305192,0.6759203294594589,0.5251358997430841,0.6094751412938211,0.509783858792501,0.7364572953859707,0.6494757252736321,0.7034125092538848,0.7325294436001231,0.7828810959491538,0.788645638252287,0.438183091378707,0.7845381900142266
1859.27672761,0.8844327942712837,0.781317342475178,0.9017674782482353,0.726232446290879,0.3970405320144915,0.586929995478962,0.6721304389890005,0.4013461881613999,0.19181689870852509,0.4284243603237789,0.7414908589213501,0.8189701707813477,0.33359343648077516,0.46828864703578243,0.8882162733282849,0.6518690809619654,0.5646295929713193,0.6672896228214552,0.5236167749105811,0.6014322760543263,0.5061124833726935,0.7139864933787903,0.6460542453061858,0.6977486878945286,0.7156070326815718,0.7662894025475961,0.7931183479545837,0.42866973924323987,0.7750959114923837
1868.06353858,0.8824863088253474,0.7781729932857426,0.899783339018073,0.7244346771570583,0.37816633861016413,0.5913499587599325,0.6392368522056545,0.3988116152055305,0.19197493343751953,0.4293459427890847,0.7424270979131983,0.8124246955024477,0.33352466920615975,0.4683375664086912,0.8830395659564865,0.6500884404354542,0.563968838304372,0.6541641771345202,0.5217270780454354,0.5877568797814446,0.5001925286172989,0.6800115352514808,0.6407399157124731,0.6903371599984304,0.6924956461964747,0.74193898323561,0.8062272408938078,0.4145214968962969,0.7617328479461414
1876.84916726,0.8807365719127447,0.7713260856829391,0.8977625614096113,0.7210780861274173,0.3501700167827984,0.5949667872469248,0.5909492122021591,0.39680458943946034,0.1923916029727642,0.43024300441201574,0.743194341973318,0.8033384708679862,0.3334258005287317,0.46785316749579237,0.8745138749795162,0.6453615241293996,0.5630143263998278,0.6359913472827416,0.517899548117878,0.5642474513358611,0.4902777569426584,0.6318826158258075,0.6326770613594317,0.6799412519285966,0.6612412051612486,0.7092131395640765,0.823082961791692,0.39432986258179425,0.7430893151876968
1885.63362519,0.8806317015830444,0.7607155056050864,0.8947383283135233,0.7188029782268462,0.3138299958380234,0.5994994472580429,0.5279303588745965,0.39447125644956427,0.19305139643042823,0.43081082868316184,0.7437292734584328,0.7959949245598401,0.33337969294347314,0.46798271607649833,0.8646290789349554,0.6387703105576396,0.5620169438668376,0.6126518140222676,0.5128329908633272,0.5290630202085582,0.4740106947711169,0.5669587400777932,0.6208707635965445,0.6675726873811261,0.6201241007972056,0.6706139529626592,0.8365641261356453,0.3697446225311544,0.7180425406993612
1894.41692373,0.8809787550805774,0.74789140723641,0.8906276200667684,0.7170631457223493,0.2779402880044781,0.6056112743390516,0.4559347018061102,0.3916518923152679,0.19390905842539183,0.43123142839431483,0.7440529929827303,0.794488847711073,0.33334445242462035,0.46862137795619757,0.8553079768556939,0.6297374508970164,0.5612633732026915,0.5860985141929369,0.506706624648482,0.4858476205842208,0.4516957043586437,0.4973056566634231,0.6063039404111068,0.6545785551783218,0.5676736394799782,0.6282226550729683,0.8432238920850227,0.3428128806344753,0.6857327720406617
1903.19907409,0.8810280372984908,0.7334271646189638,0.8861355658381547,0.7144124296683012,0.2555464103238447,0.6115712166516019,0.38779484047449275,0.3888747428026272,0.19507574747048598,0.4316656428364105,0.7446890920393938,0.7949772774886994,0.33329210318545566,0.46885865148801675,0.845687569883182,0.6199563456540268,0.5600074961074152,0.5622051196452595,0.4997592421489461,0.45335500872607365,0.4324439122483934,0.44879949571820027,0.594326733713458,0.6409088805854914,0.5052819754877612,0.5832105403660911,0.8443008005860768,0.3154253389861631,0.6466088435862473
1911.98008732,0.8806590337303208,0.7185722849613223,0.882033708522151,0.712047295259244,0.2480491472695562,0.6154263636392097,0.3514447253941904,0.38627020155685876,0.19652206976893027,0.4320280918829788,0.7452537486700624,0.794674260580424,0.3333219587387067,0.4686801484040572,0.8372100029169142,0.6146583125863972,0.5588317644160804,0.5462435126274544,0.4937013339888638,0.4494427489292893,0.4271154300316876,0.4356154270423201,0.5890513246527475,0.6269787201435807,0.44428820564196936,0.5360527583321876,0.8420683452130292,0.290020018242064,0.6055644552878144
1920.75997429,0.8800847214349691,0.7050162599664442,0.878445933388093,0.7109750493774616,0.24860524418852134,0.6168354258743731,0.3614585766767427,0.38362435781165943,0.1984458739268317,0.4322181292558925,0.7456076129471222,0.793123923771559,0.33329572987733475,0.4686705551552841,0.833014711904409,0.6153758135497273,0.5575824264167603,0.5385901988585033,0.4902684070486646,0.4664711076337354,0.43329159932547634,0.4476363993283011,0.5896521041701471,0.6145454643486175,0.4084595050997188,0.4869620480414738,0.8387105915390566,0.2692553480957788,0.5709512365132459
1929.54914243,0.8795092044806742,0.6941178116586028,0.875845665912304,0.7105084116507023,0.2522905485452437,0.615731214370991,0.4007363419667038,0.38099261223964603,0.20070412356663925,0.43249561576649154,0.745967383162169,0.7920560628009446,0.33329667745608405,0.46848096155333974,0.831514912711402,0.6184603147350942,0.5561178731065667,0.5364681888901294,0.4889517878931045,0.48640365148633485,0.4433277703563813,0.46810150922069427,0.592119348636263,0.6046891796818558,0.4089804959599192,0.43821115077575074,0.8349743836117465,0.25392700423682646,0.5487053364308844
1938.35679058,0.8784557529640868,0.6860870643682411,0.8744535981265642,0.7106937414626505,0.2571322455958746,0.612172971372808,0.44587789824352164,0.37839257286806116,0.20300209368242594,0.4327324675116088,0.7461308713740487,0.7921140306382041,0.3333620963859087,0.4681821326434525,0.8318707661667042,0.6220699157128408,0.5543735482011362,0.5372079964579176,0.4886565617767455,0.5010792446258913,0.4527587380302344,0.48642334380520513,0.594092252766726,0.596847787546882,0.42961718362676843,0.39987818948249115,0.8316814880485387,0.24199015626387352,0.5397504711364363
1947.18286652,0.8770622374366366,0.6798374285140333,0.8734571448283895,0.7115688808128916,0.26265695900453534,0.6098713240612607,0.48787218705990293,0.37569557882338106,0.20552521688442335,0.4330830190001784,0.7465031144758514,0.7922888267201894,0.33342170847830765,0.4675815011488615,0.8327985862354239,0.6251746320893605,0.5526729472036164,0.5392855851331435,0.48847455751640745,0.5106978307699199,0.4605858903325821,0.5010041955391382,0.5956005874790492,0.5895737270480826,0.4529272236313876,0.384734979041127,0.8295225737603521,0.23042479616978714,0.5415949494152389
1956.02731804,0.8758458043680041,0.6747674280364192,0.8727881034549263,0.7128949272038867,0.2689323592867756,0.614267001674769,0.52666450827705,0.3728671271423589,0.20843763168731527,0.43330886913396377,0.7468433881581099,0.7929993374808194,0.3334169119604123,0.46686941990772796,0.8343162999105008,0.6281043253294729,0.5515506015653273,0.5417483147743877,0.48825735811033744,0.5177390179782563,0.46684305620095434,0.5136637764188938,0.5969133429418936,0.5826468171987473,0.4785692066514049,0.3946389377250096,0.8286682468299649,0.21901700823817044,0.5498141309503725
1964.89009294,0.8749642169587807,0.6706161902391984,0.8732189043644114,0.714272956306975,0.27595755801480276,0.6244357046766276,0.563817293572789,0.36994986603551583,0.21170593858339082,0.4336043872568409,0.7473164745653136,0.7946826789398517,0.33346116025913936,0.4663272355591392,0.8359210013354603,0.6310824052221813,0.5503258877141083,0.5446933093856391,0.4879408797015948,0.5244007389717387,0.4719090337736108,0.5269073437992868,0.5979524470684668,0.5773905623299032,0.5046738439957641,0.4178098398537357,0.8282510678501892,0.21017324544319912,0.5607537287739991
1973.77113898,0.8741465881901378,0.6673771366396047,0.8737457592946264,0.7154044831521188,0.28367157577328994,0.6344326519250917,0.5979937195924967,0.3670053433646977,0.2154025554795537,0.43392178693158173,0.7478964391949074,0.7959336064215765,0.3335266503628445,0.4657050673178929,0.837324876447164,0.6342584863486971,0.5488844443265295,0.5484701971476803,0.487642180568022,0.5316186148050449,0.47620685446110117,0.5417109180569448,0.5979291205018112,0.573974213237456,0.527002217849769,0.43953858116292555,0.8278746280566711,0.20584131480086976,0.5729576173926008
1982.67040395,0.8732869100998035,0.6652356157699609,0.875048869116234,0.7162094152357101,0.2918266438800117,0.6406774036124022,0.6280924939116543,0.3640815665334293,0.21955549755213655,0.4343090369157501,0.7486938143746854,0.7974311094698818,0.333559925358996,0.46523184959435027,0.8381949810554193,0.6372759053048611,0.5472368509366572,0.553214121237875,0.4878278707907384,0.5396853563576662,0.4801942366773183,0.5578757445079092,0.5972442990043395,0.5691622777795731,0.5481915669074445,0.4631622404709281,0.8272421129865324,0.20495904256332043,0.5858567552030982
1991.57932378,0.8723739774245033,0.6641791006092476,0.8772737166502671,0.7168273302598146,0.3001070094196536,0.6444373801949737,0.6522780960216256,0.3612522255630534,0.22399529791483921,0.43469241146970833,0.7493167150425752,0.7991722913766144,0.3336195767749949,0.4653782585992975,0.8388550905421853,0.6402615266754234,0.5460410250158547,0.5588714730469952,0.488892783791121,0.5482956758274415,0.4839116941779548,0.574753766077487,0.5956478257797563,0.5604149832717904,0.572143168313654,0.49587078064492457,0.8262543967901219,0.20548811961138724,0.5989958058135966
2000.48893957,0.8725018181676032,0.6637154083217832,0.8808657158817295,0.717512007889894,0.3081524416159575,0.6470880012001676,0.6702702852850732,0.3584336881800342,0.22872655165110387,0.435045265857165,0.7496516172600323,0.8005691516919607,0.3337469488113229,0.4661511472411955,0.8389695692822986,0.6432882187417024,0.5461117391469301,0.5651038960265686,0.49058129275365764,0.5567933542527416,0.4875501950228216,0.5918908229324426,0.5933595388634357,0.5491972215929087,0.598668253441165,0.5404144121338263,0.8247753391108863,0.20566037696656808,0.6118704806071521
2009.39924527,0.8737211528930596,0.6635671916535173,0.8852226013155495,0.7182858398530724,0.3156355078328005,0.6495287922553487,0.6833398276708404,0.3556256569311538,0.23387201488326834,0.43535302358703093,0.7501886102234653,0.8019521512689828,0.33384640340962285,0.4677059757297796,0.8384809725981991,0.6464004233105068,0.5475841231059908,0.5713128492729262,0.4924750112556802,0.5648178920138696,0.49118057980596497,0.6081368710109958,0.5925011428970057,0.5397026716149521,0.6227603203329061,0.586268250653036,0.8232162364003166,0.20383418484413357,0.6239049921634987
2018.31023493,0.8749049789481296,0.6635849884804919,0.8885735558552557,0.719056984646148,0.3223395868029581,0.6513989848816341,0.692917849639864,0.35282255965442716,0.23929908647628684,0.43565268145873914,0.7507542609314435,0.8036213045323672,0.333882380433099,0.4699029028094367,0.8377960997473629,0.64941862234139,0.5500132381196357,0.5772072132562567,0.4943825263512699,0.5720509490994683,0.4945118127679833,0.6228038848659716,0.5955249299051729,0.5338984338717896,0.6410339653810941,0.6222966831207809,0.821059549047003,0.19941252711087737,0.634768488907793
2027.22190266,0.8756066728882225,0.6639135159771266,0.8909418841005455,0.7198381074679907,0.3281544740268176,0.6529890441159723,0.6994123861351492,0.34995428083659114,0.2449147116763137,0.4358595902140251,0.7511525446398759,0.805092684236091,0.33395369587167395,0.47241759404081635,0.8363951148155728,0.6521259843418833,0.5530026512795123,0.5826813234372882,0.49613842417779525,0.5780355124204584,0.4975568229024107,0.6358142789861151,0.6007598956770988,0.5291972020808504,0.6538944889973717,0.6476328034751927,0.8179660155678291,0.19262576619577568,0.6443609122546021
2036.13424266,0.8760674844675148,0.6646554507041184,0.8934472458088348,0.7206273940760805,0.33304654976168235,0.6555875220594093,0.7033507445858261,0.347145793155939,0.250783174539472,0.43600519372187313,0.7516629340037575,0.8064591252707495,0.33407425610610825,0.47512823939113025,0.8338974558048867,0.654458160156452,0.5561117631706003,0.587884599235446,0.4979011047515708,0.582633052257962,0.5002740313707416,0.6469254469406763,0.6028960588829884,0.523030083751612,0.6619805433056386,0.6651128868933333,0.8139432685924476,0.1844624884858255,0.6528065566245811
2045.04724919,0.8760989283853307,0.6657674070715427,0.8955514926587154,0.7212843091691585,0.3370450611761821,0.6578377101909337,0.706473857192337,0.3444453052858816,0.256985368656689,0.43625654570923067,0.7520815919803508,0.8083246853735306,0.33416062334864693,0.47764202285389584,0.8308300224010235,0.6565025900733329,0.5584300217758651,0.5928471709830043,0.4996928830127043,0.586096016943472,0.5025365815048872,0.6559385826769347,0.5999867029893124,0.515745393343524,0.6662829830859396,0.6768834260741112,0.8095738681284075,0.17644316337214458,0.6602465513640415
2053.96130725,0.8756422661619792,0.6671697102101709,0.8970245719752078,0.7216528700658146,0.34028607234362657,0.659979171649593,0.7084264138074909,0.3417977381436305,0.2635651263171384,0.436526388767879,0.7523683775093042,0.8099703420124572,0.33414470955700387,0.4798869719746489,0.8267317982103214,0.6580087039117631,0.5593855317311013,0.5973584286165758,0.5015144503447636,0.5886746059491311,0.5044118558984974,0.6630221165365959,0.593442608897278,0.5082317784340927,0.6673997977155697,0.6837530642520411,0.805594538591536,0.17011442280775144,0.6668324071617494
2062.87694233,0.8751049640091658,0.6689483724246769,0.8979816676157252,0.7217708705804514,0.342933577049639,0.6619586682904665,0.7098489458455771,0.3391550345487931,0.2704481994712465,0.43673075624033547,0.7527843370300212,0.8113199386408292,0.334169293103069,0.481678089041342,0.8211032044794303,0.6590345396591637,0.5594745605522853,0.6007378031129362,0.5025826555549859,0.590656001291826,0.5057880883109113,0.668525507304872,0.5818918575401045,0.5018664349365646,0.6655766654881485,0.6865108388363804,0.8016998479548608,0.16624550239785715,0.672761377854505
2071.79414164,0.8747939110621273,0.6710466910940683,0.8998362102658081,0.721746655927835,0.34511653893798305,0.6630320274435578,0.710762046623553,0.33657651425380414,0.2776307370271645,0.43683703425961595,0.7532904750701732,0.8126176184970452,0.3342888926155558,0.48300890000990576,0.8140095913705522,0.6599524706684664,0.5593029203166312,0.6023880469430691,0.5025550769083941,0.5919556787091207,0.5067711932490544,0.6728353442765539,0.5652446939504863,0.49708085441830097,0.6616585469834672,0.6871323594294517,0.7979607687507139,0.16451592275693944,0.6781165547874104
2080.71289251,0.874320714064006,0.6734750875521701,0.9014686927785428,0.7215057579269171,0.34690602834461476,0.6633426041988707,0.7105358147182079,0.33416376182132307,0.2850556014371785,0.4367796123510764,0.753689650663934,0.8134387784671742,0.33446905497538687,0.484032752354337,0.8064534949692609,0.6608122620519603,0.5587234453546833,0.6023388496243157,0.5016789935927577,0.5923482948406547,0.5074711699632979,0.6755696300297763,0.5551292930559101,0.4916836028015828,0.6563768838210776,0.6866048468798273,0.794790835579835,0.16390132535796592,0.6829982361919061
2089.63318245,0.8736333820951094,0.676259652928422,0.9026051926194228,0.7208760076900221,0.3483110147535113,0.6632932301028522,0.7085435206595585,0.3317202103180197,0.2927774860071628,0.4367936196185635,0.7542499516604877,0.8142392993333635,0.3346462650717532,0.4844778107259249,0.7982700598304667,0.6609130190521686,0.5573230403820191,0.6019396622066736,0.49964598004832417,0.592442466906818,0.5080527056069442,0.6774330383828845,0.5551265656379425,0.4822952945367844,0.6504380936730261,0.6837362350055588,0.7919794751320448,0.16375218093000518,0.6874193623388721
2098.55499911,0.8728436464366206,0.6790268951238128,0.9033947532040363,0.719799712241433,0.3492922045010585,0.663304302608705,0.7047959241711006,0.3292909517220907,0.3008216679868223,0.4369408379328088,0.7547787778404564,0.81592032896241,0.3347714980398858,0.484267332838386,0.7892072937421251,0.6605111016787052,0.5547464574905474,0.6023108895732244,0.4973773192742902,0.592592749681608,0.5085713642627074,0.6795957249407648,0.5579373001940698,0.46680563292034016,0.6450705316132108,0.6783793161907581,0.7888368795192319,0.1639049701680422,0.6913939597986115
2107.47833028,0.8718228507810324,0.6818492996001948,0.9042389952451808,0.7185364846663819,0.34986697803471506,0.6631522274285845,0.6993487330795393,0.3269668770700258,0.3091475350429373,0.4369845032240578,0.7552836219950873,0.8178660194870648,0.33485404644651234,0.48376790251642965,0.7781128978569063,0.6600238247679046,0.5505926460068944,0.6033838864207525,0.49570097388722584,0.5928481909918697,0.5088873319970154,0.6817680606961058,0.5572937568421581,0.44456149193265154,0.6415311423902139,0.6712365366459857,0.7846058392939961,0.1639735063646291,0.6949309785564666
2116.41133382,0.8708339875474265,0.6848183010659548,0.9058183626165537,0.7173448916930986,0.349991853993134,0.6624578975380481,0.6929653739464303,0.32490749008990794,0.31738588314907007,0.43679482351464616,0.7557008924175828,0.819243108226831,0.33497869020474486,0.48360180600356817,0.7652331347045992,0.6595503700067171,0.5441687232531995,0.6049674497664045,0.4946345369409096,0.5931772044544481,0.5091838596787656,0.6838012149712993,0.5512488188169655,0.41586561219560364,0.6398587124066993,0.6630221770060956,0.7794170607222456,0.163636624667817,0.6980821810852138
2125.37093026,0.8694795427559007,0.6878902781136503,0.9066484962734369,0.7162938854158144,0.3495172247236545,0.6617206553112672,0.6877587756276043,0.3229454368587816,0.3254484347406661,0.43648678513983574,0.7559492755694304,0.8205658038914911,0.3351176205956085,0.48370898655856276,0.7520023172914839,0.6594005061331952,0.5342308080904303,0.6064177974448095,0.49401855476188755,0.5931651591020939,0.5093268340484007,0.6856226050955773,0.5435526581445435,0.38532715841854637,0.6387354548019513,0.6545401226954091,0.7737506695679082,0.16360522097163355,0.7008619935076087
2134.35713173,0.8676265060038454,0.6911405436017266,0.9068360975409667,0.7151003728025196,0.34821910193877886,0.6601731987193231,0.6844060282659736,0.320923354842311,0.33394883376981477,0.43630136822692395,0.7562154818917138,0.8214399453602416,0.3352114539532322,0.48384552301158407,0.7329919889211489,0.6592842139718217,0.5200810072177778,0.6086731821419543,0.49375944969486374,0.5923327575913805,0.5094254444207768,0.6877390678084221,0.5400772268383188,0.3601079053993115,0.637322607860116,0.646250590715773,0.7676713578142689,0.16592032239049667,0.7033524987578207
2143.36995005,0.8654181439986491,0.6946327377659736,0.9065664190294678,0.7134322193504883,0.3458280914669651,0.6571104461861578,0.6833923141638107,0.31890414250437144,0.342760075505776,0.43616316731557,0.7563005373158764,0.8212381482935853,0.33534232619738413,0.48385758912014054,0.703991160244284,0.6585599266086852,0.503662030061524,0.6121999027978479,0.4945392951899907,0.5905118863457,0.5096191273114914,0.6897353687504539,0.5430802127892582,0.3402714866247048,0.6357334892051668,0.6381492188578365,0.7614916120973534,0.1733635154729593,0.7055392832303968
2152.40939672,0.8639567817851377,0.6979071239230544,0.9062800797003426,0.7113126010884241,0.34205156251205676,0.6516442974481005,0.6838399033880196,0.31694057932379077,0.3517617933708425,0.4359428616624308,0.7562450328430106,0.8205943211378572,0.3354932618744164,0.4835640724716968,0.6677236902587879,0.6568780246831931,0.4875168514198168,0.6155736019455955,0.49608760363059845,0.5870057976106197,0.5095020982740226,0.6908352719692036,0.547004033206424,0.32291212068848274,0.6326729514059813,0.6296966158070906,0.7553696530129039,0.18776360525360913,0.7075260031510665
2161.47548295,0.8635505111154317,0.7000840245504791,0.9059938662249042,0.7087585181161522,0.33660169097219333,0.6444381256076557,0.6853890630856002,0.3149289717151252,0.36059081726404757,0.43567858684842076,0.7560303576569548,0.8199928327882386,0.3356446794914043,0.48284757168225473,0.6365323220898508,0.6538609065862971,0.47030526891858637,0.61771131860286,0.4970831811672276,0.5810696269019795,0.5086304782595126,0.6911063305440847,0.546423188148495,0.3111628134355317,0.6283644035413098,0.620866935385866,0.7493945085331046,0.20770892836486984,0.7093180417417072
2170.56821963,0.8638457049883647,0.7008382326407071,0.9057255259871816,0.7055285146470444,0.3293127320907153,0.6355058229435508,0.6878181069317868,0.31294781521045184,0.3691697899915221,0.43552690067422545,0.755608580494592,0.8188129462631896,0.3358283754072734,0.48180032717191995,0.6184416874371439,0.6490653117175668,0.4496234291421261,0.6184077858673311,0.49719776494043416,0.5718183468863579,0.5070322263261727,0.6909565693208738,0.5429398239731004,0.3083148177996389,0.623616628253711,0.6126523534598664,0.7432869045427668,0.22903235507688532,0.710981298487845
2179.68761735,0.8640806624179108,0.7002429893899411,0.9054428184017901,0.7015243368017094,0.32042778918278914,0.6256005957755388,0.689169570189957,0.3110068777508714,0.37773471953821214,0.43555023768521955,0.7555370438402813,0.8166492667444014,0.3360945693172507,0.48035877801522403,0.6082634729201634,0.6420690678277252,0.42588054498723665,0.6177275487535595,0.4966220220364452,0.559526512880654,0.5047666113571686,0.6912270767524534,0.5429493442028988,0.3130495011100613,0.6183893418820267,0.6060103302553815,0.7362195827072056,0.24782018194681882,0.7125043826983763
2188.8336864,0.8638565410255926,0.6980800954246611,0.9050403508131749,0.6963673604185788,0.31111658461283365,0.6149834166594461,0.6891041286990578,0.3092021026793741,0.3866240992935814,0.4356336554712563,0.7557842124907604,0.8143478677141415,0.3364871143973003,0.47834171083179255,0.5987540631978705,0.632860626999705,0.4001754089645214,0.6154982893929564,0.49538110295788784,0.5452452440592537,0.5021642919612975,0.6912545366258335,0.545255126915013,0.32848762691992733,0.6127410337480608,0.6006840482897079,0.727711328717991,0.26223062358787375,0.7137533422525629
2198.00643675,0.8633735005374704,0.6940619633180914,0.9043061626251226,0.6885325645169147,0.3024231438734448,0.6020886829238137,0.6889292945416329,0.3077220535843439,0.39545982583616085,0.4356837193336559,0.7559786558237823,0.8126503583133995,0.3368976264689146,0.47544117849378315,0.5857349875995923,0.6224381049336202,0.3774019012963277,0.6116804730431891,0.49342128148039865,0.5310039667781203,0.49930329859957023,0.6903466359379369,0.5439359889659692,0.3506078655480566,0.6070022447862048,0.5949434216742652,0.7177635676516744,0.27226577814385744,0.7145612315590439
2207.20587807,0.8622840255988907,0.688150234075985,0.9035706327397776,0.6761584358119312,0.29519224787125037,0.5858460029724453,0.6883254205963654,0.30642863886148897,0.4042481802584882,0.43576107067083764,0.7562103026182906,0.8112423336332438,0.33729104423640316,0.4715134216054568,0.5741680378137658,0.6126283428522474,0.37121029588262927,0.6058876887975757,0.49050811911728864,0.5231237240329397,0.4956071912792104,0.6886591982413134,0.5367958605191708,0.3674830167485128,0.6009312077217386,0.5882734048100176,0.7066601969303824,0.2786002707164913,0.7148387782375843
2216.43201972,0.8607516590435609,0.6802920314543324,0.9035613723352726,0.6592311250380907,0.2906783969960307,0.5642705663201966,0.6865510521672674,0.30528771617206607,0.41313541073265053,0.43569557188190516,0.7564680391645175,0.8096634033492939,0.33769961228579226,0.46600304496345435,0.5949040260026786,0.6059663872893073,0.38749193841648427,0.5974882486412026,0.4860938577901675,0.5268517962685885,0.4906326074322845,0.6859527003319088,0.5205516926415761,0.39848957347736297,0.5947668146469148,0.5836442303978454,0.6945321462717289,0.2826271620565445,0.7145072124745612
2225.68487077,0.8584427499096778,0.6704134330341638,0.903665724797566,0.6422492700566522,0.28865410576448075,0.5329105707155913,0.6836389967088768,0.30435163219027034,0.42184989245693033,0.4355468714645904,0.756763579641962,0.8078141412929523,0.3380383571603225,0.4578589576536512,0.6371461913720482,0.6045089466800927,0.4084904154607586,0.5855036265750792,0.47970779852517526,0.5364436308293405,0.4851176359018351,0.6815093167615939,0.4970406335748089,0.44435334728355563,0.5898372701102098,0.5855319449111124,0.6828519020451952,0.2859076045357385,0.7134298253466858
2234.96443997,0.8550872099921956,0.6588701255945952,0.9037773429423803,0.6314998767631728,0.28769174193897945,0.48920877177396904,0.6803914056928375,0.3036195484437746,0.4303833980746806,0.4352057245008583,0.7569668070152955,0.8059155997331847,0.3383479327432752,0.44698390246464853,0.6619834480061643,0.6078892480481447,0.41584420173109843,0.5699281692420023,0.4705792467312667,0.544948120132387,0.4809957272676503,0.6759566153615142,0.4784133481026932,0.47789199505489355,0.5857537766936398,0.5924500301421022,0.672784146826697,0.2891475979408855,0.7115041218397902
2244.27015399,0.8508703422287408,0.6461486536351339,0.9045634943669812,0.632025037162336,0.2869286134867597,0.4389309533356652,0.6771203018235651,0.3030009008244103,0.43876084420336753,0.4347937579233737,0.7570857106691528,0.8040666075370694,0.3386871871756195,0.4362751417603923,0.6714396551831855,0.6125480361735909,0.40864253507190734,0.5551200116777455,0.4606023528824342,0.5526876742784688,0.4783458133981395,0.6697662744336673,0.4656578965611191,0.495757014667391,0.5809013032584586,0.5978877621402238,0.6621628639418108,0.29196777323932754,0.7085348786443708
2253.60010501,0.8458194189273054,0.6335722700521027,0.9049125946851758,0.6381036712350505,0.28635523624515274,0.4020446344413232,0.6740563907192684,0.30261891393718215,0.4468411293283566,0.4343443370452717,0.7574435828390288,0.8027434622589964,0.33903904301688625,0.4296231192622638,0.6747211738141536,0.6171351532310376,0.39642501047386225,0.5435160041845051,0.45204356388333994,0.5596223509603631,0.47391139412140615,0.6611171608033561,0.44085842045919943,0.5036784910341808,0.5748712799536987,0.5995566121003902,0.6464924210169374,0.2934565279204375,0.7043428608658333
2262.95428072,0.8394993230326032,0.6226191145391443,0.9051273728194936,0.6398413652244378,0.28623590775714725,0.3905551622411041,0.6701014480430132,0.3025253922602409,0.4544694793543742,0.4338500521355526,0.7579224845308872,0.8011053362280797,0.3394235437832452,0.42609537420416604,0.673113843690412,0.6227160304952057,0.3896542933456285,0.5304384053659438,0.4435858365723712,0.5639540175947915,0.4644313335429843,0.646904724871811,0.3989890082296577,0.5054489827011018,0.5687168357650921,0.5987433549219451,0.6296184691096487,0.2926723416036644,0.6988195149393593
2272.33266852,0.8319698137125343,0.6137215439907444,0.9055789840037544,0.6336900135081965,0.28662789564614416,0.3888356118899026,0.6653321856318469,0.30249168624806827,0.461258040552574,0.4334711866911924,0.7584346940158052,0.7996339389718223,0.3397958002201198,0.42213113119153206,0.667314789737343,0.6285936282951465,0.38928560736225565,0.5161912848121863,0.43362783884871964,0.5650022611601805,0.4512723471503706,0.6241528073731283,0.3424198971980693,0.5035430633561905,0.5645921457655412,0.5997110545050661,0.6252018010982687,0.2890981626187847,0.6920275543651255
2281.73525558,0.8235920217811225,0.606018663730029,0.9058022782313755,0.6239976774891346,0.2873324473997362,0.3773365485306991,0.6594390782102613,0.3027408491329102,0.4671055456521455,0.4331450319850582,0.7588406225954373,0.7977402834841602,0.3402282622244818,0.4149717735963898,0.658504186434718,0.6328245226380019,0.3873718325344595,0.5025732171135876,0.4243592572692217,0.5631899009420376,0.4414248720637459,0.5906239606294358,0.2786165253911321,0.4978958892421077,0.562242309066956,0.605506859055786,0.6383522218467845,0.28332218654747765,0.6840335048615952
2291.16202877,0.8158143639284597,0.5991741002345587,0.9053345355271689,0.6187075804967073,0.28810410945231907,0.3519004664800742,0.6523139933699118,0.3033827160366467,0.4721797510152414,0.43268583249470277,0.7592465015040325,0.7959371716900229,0.3407328309479905,0.40456624753370174,0.6481993121035386,0.6338221554289816,0.3775679768717801,0.4879464881926504,0.4147395376265473,0.559417579260593,0.4421962735870824,0.5541586669218019,0.2283446017096186,0.48698790783552715,0.5609113449543814,0.6118909190782668,0.6619890340115652,0.27701645433554384,0.6746846131634084
2300.61297471,0.8089329919598706,0.5942264228333768,0.9059275499024904,0.6182223033268679,0.28877308243573213,0.3157797607100376,0.644578805744397,0.30395013598685805,0.4772329966325681,0.4320228689100267,0.7598784239596704,0.7943084133517221,0.3412006153014019,0.3953916377966378,0.6366840710419843,0.631375895447453,0.3631492080750996,0.472658968854222,0.40391706474309724,0.5546132561106559,0.45202349850130213,0.52745305725866,0.19885192498329798,0.4680182533474166,0.5594440117140159,0.6157547543762338,0.682358579244596,0.27152553333181295,0.6638481182159724
2310.08279923,0.8025207787638747,0.5930289527898964,0.9059888326152153,0.6124044807074123,0.28924781497451346,0.2757643189633692,0.6370459737022429,0.3046983382536548,0.4815764748047902,0.4311715114958942,0.7603286321539199,0.7932251235794254,0.3415341466213906,0.3886323207911457,0.6242348986315316,0.6258653388675021,0.3504666733459021,0.4577645621230399,0.3913810905966334,0.5493023434169835,0.46227432582375677,0.504049005296338,0.18914304511759542,0.44019058113736537,0.5575910209970392,0.6166069371063587,0.6982241002291895,0.26654006328323326,0.6512842057739716
2319.55711841,0.7950964604074015,0.5970711449233864,0.9042282843756324,0.5837144912324336,0.2893956559045555,0.2415918209472843,0.6304052175343616,0.30562422002102535,0.4872857563279289,0.43039395689837673,0.7604993310892858,0.7918693029070077,0.3418262979075259,0.38232411935835353,0.6133662701281922,0.6182256661369719,0.3400092732850364,0.4494205732311948,0.37882109788426915,0.5432568436560989,0.4679399033443566,0.4981502630255572,0.21353312596279284,0.4160579676863462,0.555136086627686,0.6147973953609606,0.7151039367094159,0.26092221134772575,0.6367210639374639
2329.03590187,0.7875329710539278,0.6050368870417976,0.9026190611853925,0.5338061139848179,0.2888877802518609,0.2204622429052059,0.6230577956386989,0.3069276932761113,0.4953934381172853,0.42953843324592506,0.7607144937991148,0.788869365024949,0.342043870234045,0.3786186322600174,0.6062071854068702,0.609807065127945,0.3291000711066612,0.4515981800873592,0.371924792640188,0.5367162069754369,0.4694046664146205,0.5185632264100345,0.2700335282804771,0.41283617024446406,0.5503681538211054,0.6105026474522068,0.7268778157548157,0.2538556881355796,0.6199835864651813
2338.51911953,0.7850087249564403,0.613558783080152,0.9021173534428935,0.4892325760564851,0.28752719173439567,0.21834816415871036,0.6141116074211203,0.30858164566857493,0.5035717721373321,0.42879572044872666,0.7608728224741872,0.7851218599271677,0.3421789178485314,0.37966160095780377,0.6003227916826887,0.6017682515659821,0.31917598253764573,0.4631232950741294,0.374379552464755,0.529323377188443,0.46799489261919824,0.5403628541127143,0.32048994775851847,0.42459934543436845,0.5425027429771477,0.6030790742762501,0.7314263906435919,0.245118253926128,0.6011978366548614
2348.0067416,0.7923528901651627,0.6186333081207493,0.9023582215801911,0.4624792312984636,0.28532266915902205,0.2412137549847822,0.6047335915889238,0.3104360192281313,0.5106936295911187,0.4280500705623295,0.760881881931075,0.7817187399274903,0.34232227054437625,0.3848421852113177,0.590735702612496,0.5958076338576666,0.31450715890378833,0.47866127581172446,0.3850160797388311,0.5211604070333222,0.46450462541868615,0.5484604956391337,0.33633230726821867,0.43503613385442896,0.5317223709617586,0.5920982842148552,0.7300069470260386,0.2347631710450787,0.5808688924880252
2357.49873856,0.8076402184556961,0.6181774936962543,0.9021886237009517,0.45099329806508215,0.2823171782141012,0.28844536172922064,0.5938018725386729,0.31258192284678593,0.5165340850482758,0.42718104959769854,0.7608990111691252,0.77901365505719,0.34259349947148243,0.39220813917456165,0.5791414577085956,0.5931585344630463,0.31564773208393027,0.48707408457880447,0.39568028934992705,0.5127941336470462,0.45984166588293335,0.5442121696022499,0.32587068217470455,0.4352542351588999,0.5180397463081851,0.577788817610897,0.7228969657417704,0.22305290943357375,0.5600263872028328
2366.9950812,0.8231897168091187,0.613185154527233,0.9011254595706283,0.4594687919625981,0.2783867793083247,0.349523904017105,0.5799988586519823,0.31462073262665174,0.5212093668580813,0.42647784466463645,0.7609731945467395,0.7766592629612846,0.3429685003848175,0.40000348302165173,0.5702418608551894,0.5931193043850163,0.3200123020018515,0.4850987569789479,0.39983165370475793,0.5049345414576252,0.45475230657465077,0.5313056330250822,0.30166228239288956,0.42316829459625593,0.502437420208427,0.5599716634505363,0.7102898499371006,0.21015737601572473,0.5397674861443915
2376.49574055,0.8337702233935411,0.6058223544353977,0.8991667544959765,0.4774975674053203,0.2735049224183905,0.40913814784513763,0.5629731611528562,0.31660264719219067,0.5248057667457515,0.42597033887232394,0.7610934780227818,0.7740386346877598,0.3434092242876056,0.4062065698747908,0.5611087947630536,0.5939356898599382,0.324364946126141,0.47798707038317145,0.3982965922635961,0.4974358375751939,0.4491415360287427,0.5120853306345263,0.27040920428914383,0.3981852027883412,0.4857393389321602,0.5381572364279824,0.6928497195136393,0.19597784826889472,0.5208533410784859
2386.00068793,0.8393829722449412,0.5968509835372526,0.8971794066803489,0.490781049360843,0.2677302502576786,0.4570515675105634,0.5426823255047157,0.31899536351552077,0.5277418720770145,0.42557613721279525,0.7612038067189183,0.770701853448821,0.34389984591577544,0.40979126925173237,0.553607018845458,0.5942671555459914,0.3252472220365994,0.4707068526404567,0.3952327204056175,0.4895624162712092,0.4428131352871332,0.4942253577273245,0.25338234625564626,0.3647903733334623,0.4673937951421263,0.5122250947775048,0.6709399254647341,0.1812340080871459,0.5039556949975175
2395.50989495,0.8413975415618665,0.5866524040937073,0.8951198166532492,0.5061802812446206,0.26113197747966305,0.49302555952430444,0.5196043125957159,0.32155305660395883,0.5312504607984562,0.4251783183453067,0.7613782367281862,0.7672854972848469,0.34450842201269927,0.41276669578430986,0.5532376921571178,0.5939055166017738,0.323378032160567,0.46451523242522746,0.3923483282451937,0.4814690445312375,0.43657902599445503,0.4861577394630491,0.2604486840957506,0.33528487486197717,0.4475715135295596,0.4829835835753788,0.6463931857496934,0.1693041946684553,0.4895828517747075
2405.02333345,0.8410928768737329,0.5754430288870369,0.8935850953070013,0.527408853694762,0.2538034838117823,0.518971977390651,0.4927684043427357,0.3241613271776197,0.5355528463628582,0.42471739613780357,0.7614822233179566,0.7641730886457612,0.34510808972720275,0.41668620395303047,0.554970247050617,0.5923221991505545,0.3206131629661916,0.4587787883274528,0.38981968475588846,0.473168761024632,0.43207927873547314,0.4862505265975427,0.2814490391861756,0.3156779288539104,0.42624832033181165,0.4534467847154474,0.6245748638237472,0.16518651229741135,0.4780605435395922
2414.54097557,0.8387926247170232,0.5631480053698639,0.8925244748459348,0.547656375496993,0.24593297316021515,0.536688371062687,0.4624104441616817,0.32720870749238545,0.5389699667008848,0.4245515711272184,0.7615288795146982,0.7611791544747128,0.34556045693362986,0.4198005120002246,0.5523269630252607,0.5893921796184959,0.3178477938449785,0.45187926464175093,0.38690047706233643,0.4645504821831601,0.4299774136099021,0.4831745493760724,0.3027738399920695,0.29895957242225724,0.4041364446262232,0.4282061066443107,0.6102378505000384,0.1686970951472629,0.4694239045718403
2424.0627937,0.8342269883825106,0.5495625825935347,0.8910550545410495,0.5653906926380148,0.2377180863540307,0.5473585988073016,0.4300811691217461,0.33059965112983625,0.5413771716434901,0.4246450250071087,0.7617614845774073,0.7577877023605878,0.3459674047301198,0.41963902579388956,0.5438806039854609,0.5848241765846435,0.3152641521418226,0.44369812953843035,0.3831328572152995,0.4557924634250785,0.42907078198028276,0.4736073811959335,0.3114857139252747,0.2818831736089504,0.3827910894989764,0.4096697273229177,0.6032847913406024,0.17370991814471956,0.4632461876292921
2433.58876046,0.8277291651752304,0.5349930193299609,0.8891429171887593,0.5791193538400842,0.22938446363281495,0.5524038779148771,0.3970822170574139,0.3341551296992648,0.5431339013021401,0.4245934100765025,0.7617159038119045,0.7540618973279744,0.34635346911658643,0.4169835891133368,0.5315234065476323,0.5799954845267009,0.3132350850347905,0.4360265604270592,0.37930116557966864,0.44704593970370965,0.4281066079340388,0.462367763020975,0.3082033318761268,0.27090975196860656,0.3628900500822445,0.3966913886824397,0.5984535888222464,0.17593015889608105,0.4588924092953818
2443.11884877,0.8192831001453798,0.5203444976106434,0.8873382513429701,0.5865844250197201,0.22118910760388832,0.5531775719994846,0.3650984639819569,0.338084011104582,0.5446739819241199,0.4242195440527318,0.7612390076973925,0.7504928558121916,0.3467972960248458,0.41348916081686427,0.5177193429071889,0.5762482387989427,0.3127031031537632,0.4296781499181868,0.37723099113731934,0.43856754097162726,0.42675964167673286,0.4516649910138756,0.3016466371983404,0.2695664740840838,0.3451129288184941,0.3873089255033214,0.590098820214436,0.17497636129761188,0.45556294976304884
2452.65303176,0.8088843479215805,0.5071627962460918,0.885879124087631,0.5858875561236195,0.21340079209069499,0.5502313985501134,0.33516471614550686,0.3421590948245434,0.5459578894010295,0.4234230557548388,0.7608697797452298,0.7473187832309147,0.3472567831526947,0.40925634482099005,0.506312616789408,0.5740122192174854,0.3139831625761292,0.4235127311395784,0.3770069233258884,0.4308828089462182,0.42501894092707565,0.4404332094820284,0.29589875226671764,0.26802240265406047,0.3299161697982879,0.37984533578728574,0.5771367242170261,0.1720283888879759,0.45253786681536035
2462.19128285,0.796156177636253,0.49645761157606777,0.8846617983516077,0.5794554725629565,0.20619801754563127,0.544731671939411,0.30785847471853883,0.3459568127603425,0.5471957087504576,0.42250594748320874,0.7604240941726653,0.7445297427076284,0.34762030670876093,0.40480388395517225,0.49736262770794387,0.5730704817954319,0.3160406219982961,0.41655986967801656,0.37577323968788195,0.42428602832656437,0.4227244715722532,0.4294468193662517,0.2926756345841611,0.2609174139950807,0.31704983838577266,0.37216046022086396,0.5653706481445164,0.16821768212428534,0.44935725550528965
2471.73357568,0.7817811517665733,0.4880444748206868,0.8837131205869386,0.5713933556293108,0.19968483952977703,0.5365381446422162,0.28518548401060134,0.34998246020263923,0.5486732118205218,0.42196520569955953,0.7599356179041136,0.7423261130943195,0.34788199853974827,0.4016025154984182,0.488441321891093,0.5724575339600518,0.31826211076372035,0.40818916777098413,0.3716215673446598,0.4184310547579903,0.41963994280814304,0.42065672628733425,0.2949989366607795,0.25582243967418716,0.3075080890979539,0.36413406347308175,0.5607077914657853,0.163863973683248,0.44573026914370895
2481.27988414,0.7681163471021465,0.4812665468961936,0.8829373338212363,0.5666195737601457,0.1939183228229656,0.526315078423301,0.26688768095442134,0.35433634682709175,0.550303000577157,0.42154860813980377,0.7597301866391017,0.7405713381866429,0.34811934798190186,0.40018481076287143,0.47805203071681873,0.5720694512273943,0.3203804558336675,0.39949332860096687,0.3654832472879842,0.4131411141303518,0.4156510385742121,0.41283848663211853,0.30195928083548673,0.2548637621771614,0.3010634208093957,0.35794437508630456,0.5596862547933632,0.15891059413341052,0.44150194144727356
2490.83018234,0.7572762211657293,0.4759873396012501,0.8820837976416667,0.5650342235012008,0.1888333413368666,0.515518972040428,0.25156420390204637,0.3590397023551158,0.5515806795668552,0.420954307420578,0.7591920481549689,0.7388237164379753,0.34839373890013425,0.3996978029622073,0.4679606371875398,0.5718392828313921,0.32209760175851826,0.39128050428298433,0.35923018698555675,0.4080025344907787,0.4113271699830681,0.4043919225610762,0.30964244966352883,0.24587347121073755,0.2969513930646564,0.35545878600649566,0.5551209264016734,0.1536870464253884,0.43669739739955454
2500.38444467,0.7487228017156946,0.4736808829117562,0.8808475085930431,0.5616792297915669,0.18432974170824407,0.5052891579430726,0.23991526561278426,0.36374661533427266,0.5525622555281537,0.4204343920854516,0.7585380011410315,0.736642263243076,0.3487336064248823,0.3992823444565664,0.4603957516408822,0.5717043476102348,0.32279206351511724,0.38485926496419665,0.3532470594997925,0.40237379810914303,0.40766641346730864,0.39635489863319534,0.31475344729229243,0.22775345140607028,0.29604390120183915,0.3560071873527722,0.5430127047583632,0.14866213319118085,0.431427509460718
2509.94264572,0.7405533135882563,0.47719700980825713,0.8791748360748944,0.5549072633422,0.1802927354749994,0.4960089234884254,0.231817837572411,0.36844481668909895,0.5535097489851349,0.41988879723924977,0.757901305095158,0.7339674143966474,0.34897027269107955,0.39895209562500156,0.45372184253626024,0.5720359583426061,0.3224172565425373,0.38317495657014605,0.3493931803799401,0.39662323610814276,0.4050575940918666,0.38863387278590206,0.31675904173567454,0.21176154817379175,0.29816294388334935,0.3582519907118779,0.5247236364069059,0.144220799668033,0.4260232812046346
2519.50476033,0.7306242555583163,0.4882924354330847,0.8772392793558637,0.5438743132878929,0.17662584498185782,0.48758935644755347,0.22588685067205394,0.3734094742631935,0.5543848019563846,0.41917068226982274,0.7574985684198822,0.7311010775085138,0.34908723019760807,0.3986965917139425,0.44682884109802806,0.5721091852313429,0.3215695537278976,0.3862473671646329,0.3492979557083699,0.39136297883023585,0.40296362119366663,0.38139619641201855,0.31759028138528606,0.2115979523467506,0.30162569537534706,0.3609164849513051,0.511630826643698,0.1405449012884733,0.42068540349535916
2529.07076355,0.7222258959102947,0.5057631678639156,0.8750068440534283,0.5321947092883531,0.17322060812745604,0.4806993734529332,0.22214533174432613,0.37858329122973416,0.5553525846572791,0.41830826469922866,0.7572319037205192,0.7282105076544126,0.3491682644478042,0.39848453449322246,0.4398671191080669,0.5720731162183055,0.3205452861740331,0.3917307619489534,0.35096802217810386,0.3868242554216252,0.4008155213173764,0.37505199606943357,0.3185053425590978,0.2259147254992953,0.30547865574151745,0.362479231193667,0.5096897732464044,0.1375366886024606,0.41573469100003435
2538.64063068,0.7260906267224911,0.5251283342537684,0.8724395805911518,0.5270575289851368,0.16999864300053083,0.47596354348688064,0.22089990698024745,0.3835942652257328,0.5563322475507625,0.4174756308315219,0.7571088405795204,0.725392400357681,0.3490803761778003,0.39824804450889983,0.433135590554395,0.5715461192092042,0.3194631473368202,0.3974164492385149,0.3517384453613974,0.38302168579821333,0.39837654805162265,0.3699201684118522,0.3200576854710147,0.24057517553879676,0.309260261679774,0.3622420606452029,0.510535387528212,0.1351014366897145,0.41139148476367954
2548.21433723,0.7469698740820677,0.540307765629739,,0.5262170842132315,0.16695093784520848,,,0.38796085876661895,0.5572995428504371,0.4166687684170889,0.7574383208307424,,0.34888968522957936,0.39778216203728345,0.4265478615098523,0.570315916304625,,0.4015347923500321,0.3512829718556788,0.3801669969079058,0.3957197392210284,0.3654056449188247,,0.25065742566475396,,0.36046486424374574,0.5103137535976532,0.13284066295954802,0.407727685954879
2557.79185893,0.7747699525634084,0.5492938323655244,,0.5235063361425436,0.16394489508374127,,,0.3921103879814364,0.5582639108579144,0.41581961978182114,0.7581675560713627,,0.34876108241282333,0.39714224902237827,0.41975354435398776,0.5685025234142584,,0.40435728010905597,0.35040060871452106,0.3779635032999498,0.39289429889215505,0.3619564578852626,,0.254536609707459,,0.3578095062745159,0.5077212275520293,0.13051812782432964,0.4045865535769691
2567.37317174,0.7976977461265983,0.5539790180420247,,0.5192346846594188,0.16085754963420315,,,0.3962398476332076,0.559484155871627,0.4150137018468647,0.7592805527397649,,0.3485379560509156,0.3968346134616981,0.4115658041040266,0.5660333644949402,,0.4078594740380141,0.3508433433077643,0.3759462782310437,0.3895415658309826,0.35931290659190773,,0.25560980805644823,,0.3548210116106158,0.5018923761785482,0.12791011712295963,0.4017070849263257
2576.95825182,0.8124873884446837,0.555591457855236,,0.5158626352254233,0.15760841388616692,,,0.40030389394350263,0.5609786927701621,0.4142902858290709,0.7607848095965337,,0.3482092369468139,0.3972054206241241,0.40310048229540374,0.5630176972658941,,0.4108424599497151,0.3525955342400948,0.3737306125705718,0.38568242588502816,0.3569399539417237,,0.2580730805133168,,0.35196324331653006,0.4921653673233414,0.1249470231755858,0.3988195285891507
2586.54707556,0.8231710964021334,0.5550093770883276,,0.5154151036563509,0.15413955154322279,,,0.40431921189918957,0.5627577950566125,0.41351401021132866,0.7626750630255252,,0.34792100187200237,0.3983160355501975,0.3952638249369205,0.5596872025427903,,,0.35440311424510595,0.3711421619680658,0.38133902875637204,0.35471033399408913,,0.26351643281044,,0.34950200901119693,0.4795253905964496,0.12163153697459242,0.39562273931592634
2596.13961955,0.8320087554216068,0.5526633156900532,,0.5155364913655428,0.1503731712630264,,,0.40820713014314364,0.5647501471321471,0.4126872156970786,0.7650305010470866,,0.347741714947104,0.3997647030040564,0.3873683548254935,0.5562013454490854,,,0.3556591536951527,0.3680119453930492,0.3764851070114002,0.3523942942051827,,0.2740504347491111,,0.34693600379590367,0.4656787383716556,0.1181004270655255,0.3918201620878604
2605.7358606,0.8375828476477644,0.5485327794015156,,0.5148951116790044,0.14616364487582834,,,0.41192613488091706,0.5666218121568177,0.4118431715102459,0.7676790752606593,,0.347572149784973,0.4011797430734611,0.37895011616804697,0.5527272455084073,,,0.3555200216331888,0.36406336762109,0.37113213003977835,0.3494761454102422,,0.2840986698921736,,0.3438060506728917,0.4528105586778632,0.11452208512040406,0.38707675157305393
2615.33577571,0.8403662698440256,0.5432083800647685,,0.5154795660772407,0.14139837232232583,,,0.41551707243240166,0.5681593163130209,0.4108945560819519,0.7703662647846421,,0.3475473124299484,0.402228479417989,0.36930466755516367,0.5494587696841068,,,0.35394463958318134,0.3594672328875086,0.36503146241879664,0.34565237109881713,,0.29282509134199197,,0.34020992109052006,0.4446835219263068,0.1110249629804136,0.3809627535779996
2624.93934211,0.8417104756325176,0.5365055663456952,,0.5189794811395769,0.13592189528922258,,,0.4189207834694725,0.5691858661615913,0.4098741854484344,0.7729941849917343,,0.3474873318277265,0.4023366895577102,0.3573526526006327,0.5461519722335617,,,0.35050035643954397,0.3541672192713415,0.3580427864547763,0.34044928361040977,,0.30063893260268604,,0.33606526578598994,0.442969752191218,0.10773547570467219,0.37322313559070963
2634.5465372,0.8420932538664904,0.5279954381303961,,0.5232800310497386,0.12960700729626853,,,0.4221314706678404,0.5694935548535358,0.40869803766249074,0.7753951404115417,,0.3473688001391278,0.4010661369568947,0.34175576011795455,0.5422258032376815,,,0.34378736405397414,0.34789670084859464,0.3500682262404223,0.3335171694417251,,0.30612997098157085,,0.3308612823009743,0.44746484659349045,0.10485385215981886,0.3636315939181805
2644.1573386,0.8414123271994843,0.517504795648607,,0.5249404146626828,0.12229796224007075,,,0.4252682332457816,0.5687033934359477,0.4073019633909474,0.777499689163917,,0.3471824707014291,0.39814319576816914,0.3219993576689441,0.5367218449042096,,,0.33223738103756356,0.34031027005453834,0.34080170446277186,0.3238960879240465,,0.3053343975729429,,0.32361787339856085,0.4563750243144826,0.10244447109517635,0.35199280074894157
2653.77172414,0.8392209307316912,0.5051547385055026,,0.5216169283568608,0.11367469058172998,,,0.42840821407514246,0.5663562457141241,0.40566287208223484,0.7793288957528008,,0.3469398973407953,0.39341750766906064,0.29788821362966034,0.5284325437233098,,,0.315329062202957,0.33047209814538725,0.3295288250533027,0.310116754666146,,0.2931531739622754,,0.3140969298388131,0.4657709339705604,0.1004268216882473,0.3381323845136628
2663.3896718,0.8353370014228456,0.4910462616932983,,0.5141739291983463,0.10331267935901071,,,0.4314382284123358,0.5614069177048557,0.4036627346250206,0.780890321918529,,0.3466144859611839,0.3861846599180909,0.26777807531608744,0.5157264619049893,,,0.29218281760183296,0.31657457984638204,0.3153800043199516,0.2893764223119734,,0.27688864963837345,,0.3023871312210374,0.4737302613190796,0.09838164071453434,0.32196321119348204
2673.0111598,0.8295588668742596,0.47404977022140954,,0.505195904016463,0.09105535974388482,,,0.4338861076619486,0.5516651130773848,0.40103353840411793,0.7821411550584626,,0.34625024108241886,0.37459058297708964,0.2299827399306029,0.4962422214105034,,,0.2556444487327565,0.29504331951814305,0.2970913185999934,0.25931726571828806,,0.26302255559651183,,0.28914335609601943,0.4805054496332892,0.09585658244135076,0.3031458314738847
2682.63616654,0.8208945216994015,0.45260270632576466,,0.49533030224877117,0.0787477370024178,,,0.43568848666171395,0.5325793909714466,0.39783674098204824,0.7827037291896225,,0.3457397696331988,0.356298591098444,0.1857695690843222,0.4678350591849552,,,0.20121408975330726,0.26077101920052853,0.2754087138600746,0.2235149421253608,,0.25264533485743595,,0.2744981712126608,0.4863337932986047,0.0925981800528968,0.28151754355548375
2692.26467058,0.8074751592329222,0.4257561591034541,,0.48452552646690733,0.06714885900129546,,,0.43723605403301546,0.499819436853628,0.394391279584337,0.7823125106378519,,0.34519753137185394,0.3285598373124474,0.1388501449662477,0.42875348934644264,,,0.14183644343034593,0.21372258121135446,0.24982913380525584,0.1913218024194371,,0.24493734854439064,,0.2574848428738309,0.4908182331023006,0.08847454526113543,0.2569432551802755
2701.8966507,0.7907495755486571,0.3947170239463742,,0.47198517877597873,0.056744747574244365,,,0.4387171996921462,0.45599536987953226,0.39058140658305457,0.7810472714475233,,0.3446624197118584,0.28533126016480037,0.09963634391472444,0.38194308776528385,,,0.09439760540462062,0.16956442794824783,0.22015320195337484,0.16378379505586416,,0.23103422255637873,,0.23752176946937398,0.4901413208165347,0.0833395391159319,0.2299917182566103
2711.53208585,0.7750294149406635,0.36545529643024516,,0.4560919256164108,0.04828700120133139,,,0.44031841374964004,0.4151262299960181,0.386217325945156,0.7793785874803724,,0.34402518628087997,0.22479579858901624,0.07876979974350487,0.3316313376056016,,,0.06833493893511397,0.13776200864275298,0.1880670436066779,0.13211214507062558,,0.20880466032182166,,0.21501587729782465,0.4813288866518139,0.07729033045136822,0.2017611081124045
2721.17095516,0.761331377899071,0.340678153004727,,0.4363827702868796,0.04212024102004202,,,0.4414137725903087,0.3900564272352541,0.3808701018450902,0.7777027013085637,,0.3433246627398797,0.17819531759062976,0.07165595140991705,0.27789773443468885,,,0.0583495387017851,0.11238007437190559,0.15643558958952392,0.10839460319575847,,0.18264454145972137,,0.1915440198452146,0.4659044263181681,0.07056027954967461,0.17283739274838933
2730.81323795,0.7498661033807512,0.31520962345148396,,0.41299731887837626,0.03795630152677804,,,0.4414416385802761,0.38757053600615693,0.3735767607533811,0.7756846395098858,,0.34246081366195746,0.15440663048156994,0.06813349564804719,0.22764317436922088,,,0.05574023976699185,0.09088844722031736,0.13052866479429823,0.1058173948892821,,0.15617949738713482,,0.16874459249558477,0.44641170357833004,0.06329158371460201,0.14375980033528812
2740.45891371,0.7398148614262134,0.28650295354634203,,0.3871259465515404,0.03527446056301773,,,0.44073071197270103,0.3932988392580619,0.36329272303657834,0.7730218628301757,,0.3414164994267608,0.1385261824872361,0.06846371706366075,0.18981798411704004,,,0.05601851817140145,0.07636436857482289,0.1116338400670532,0.10969653888559282,,0.13006425421596854,,0.14646449316666113,0.4238223707594803,0.055774653171064906,0.11636101113258746
2750.10796212,0.7304365213897642,0.2575821249053396,,0.36104653898685646,0.03354780236518102,,,0.4393780340946335,0.3985992177133261,0.3502716109147159,0.770004391856955,,0.3403435343124782,0.12504726525351398,0.07202156998047918,0.1646914432939927,,,0.058261110159256266,0.06904473755329647,0.09784442926186285,0.10975535730028188,,0.106848823078948,,0.12549323172544494,0.39807853096124585,0.04841916932674097,0.0926537086044331
2759.76036301,0.7197595548144099,0.2331145619251428,,0.336136656729069,0.03236046908674849,,,0.4381331846821865,0.4029225113164245,0.33765690281672117,0.7668154361582722,,0.3392272739776276,0.11326687512100873,0.07703059035042689,0.1501852502703099,,,0.06152086605098963,0.06802606283920105,0.08854915763170297,0.10837345041449459,,0.08738794869397538,,0.10705199158923127,0.36902864278468117,0.0415255532889338,0.07414373807845705
2769.4160964,0.7073650016948034,0.21301693108106431,,0.31394312166561184,0.03147857941156726,,,0.43712980107909905,0.4069716911472975,0.3281304796817413,0.7636647079693286,,0.33810151192574334,0.10289632337296963,0.09552947614024453,0.14599486240396273,,,0.06451394926884946,0.07251497173590239,0.08294686860355042,0.10760577650983646,,0.0704517597507638,,0.09279173540909612,0.3378104387471526,0.035428109336667984,0.06066231712574437
2779.07514249,0.6935724111661762,0.19503277220340326,,0.2951813402595248,0.030806505096401066,,,0.4364518659832827,0.4110910323171392,0.32243707308521974,0.7604615052153343,,0.33703209554479163,0.09384909225860955,0.11934326751248925,0.15136313397818354,,,0.06699287662210107,0.08167402698109456,0.07942997668307858,0.10727061940525581,,0.058228387177104546,,0.08237942119397039,0.3075090404229731,0.030630712633215453,0.051312192572490464
2788.73748162,0.6831525406919782,0.17834492182594613,,0.2807544949360844,0.030205381419584506,,,0.4360926054504835,0.41565667649827487,0.31773252338678737,0.7575464036075328,,0.3360045173993137,0.08703218501160635,0.1403685287397234,0.16445442727962456,,,0.06937548392382088,0.09504600416752909,0.0777270607927018,0.10720925512021308,,0.050109967952678976,,0.07475694279853842,0.280744101525898,0.026974396504977155,0.04499694032637289
2798.40309433,0.682679662365541,0.16291953842953388,,0.2704689764407818,0.02960942357069285,,,0.43562445954801937,0.4205620775413058,0.31409389855580677,0.7548614122566734,,0.33501862647755243,0.08291559220928406,0.15809488567394425,0.18221939420622538,,,0.07184076592165305,0.11195372249534005,0.07887365243998753,0.10759818949149998,,0.044189529403747416,,0.06910184931299139,0.25969091541215583,0.024329717105695713,0.04060637830405181
2808.07196129,0.6871695283772227,0.14871359441634424,,0.2616018845667683,0.029060710246293257,,,0.4347888931261019,0.42520654991550183,0.3115982241877725,0.7526102975746004,,0.3340222279189625,0.08112783758678259,0.17212796355974194,0.20244085010520316,,,0.07452002527498323,0.13047491235688388,0.08366399746993626,0.10839616865645389,,0.039668472649937114,,0.06464704726253727,0.24226464475225748,0.022228857740931054,0.03748536743801585
2817.74406337,0.6908904661916024,0.13688320765115877,,0.25025920702911125,0.0285528998382208,,,0.43345863420008357,0.4290557094734765,0.3098189474398466,0.7508021476281681,,0.33297693021333835,0.08113988408249762,0.18307471080770327,0.22398833532962784,,,0.07758217047778351,0.14815595622245542,0.09155521753783831,0.10928775890133689,,0.03661253497628263,,0.060997707423526705,0.22393984228940403,0.02041040799424659,0.0352970020757182
2827.41938157,0.692828624261606,0.12827282591786662,,0.23184806755286724,0.028046671401198327,,,0.43183073468831673,0.4319551986308264,0.3084026751424101,0.7491267708004128,,0.33184352986580046,0.08238507869774725,0.19205255476044028,0.24569886402135777,,,0.08089271918728921,0.16290794937385894,0.10011352796033658,0.1100286008478122,,0.03594168558737836,,0.05776721292897992,0.20295378182918525,0.0188104574041364,0.033739459074061305
2837.09789707,0.6931490938105559,0.12114455927506476,,0.20271719832903892,0.027586168834449077,,,0.43047612666317964,0.43371693358972724,0.3072580196922338,0.7475281950036398,,0.33080117686006755,0.08415992476856353,0.19988114327308198,0.2662399182904978,,,0.08417898619640914,0.17426732887171067,0.10687145417531149,0.1105572057631858,,0.04051992779743079,,0.05488615444466697,0.18083026258041454,0.01741424774265104,0.03255948175346696
2846.7795912,0.6921132350773119,0.11425812597629499,,0.16561593315855364,0.027192520223306028,,,0.429863726859035,0.4348655553246173,0.30613103095924077,0.7461159026002536,,0.3296767311387331,0.08583694277871066,0.20685684365228488,0.28406117042702994,,,0.08732037120339353,0.18276717769439466,0.1115269543392205,0.11094363894702215,,0.047942712688721155,,0.05218245796323252,0.16092422098678652,0.01626097133661415,0.03168505718471784
2856.46444545,0.6899743268318471,0.10745264685924177,,0.13382853218076024,0.026829277933727,,,0.4300560804684606,0.4371760937448032,0.30483931062722786,0.7448981433730486,,0.32857767892109396,0.08690021191793797,0.21335001952012864,0.2980613441067595,,,0.09027370361206456,0.18901467659538837,0.11490637235654572,0.11126726433867089,,0.0593610256787426,,0.050128648165246974,0.14412216049324414,0.015296862689470248,0.03111899913536009
2866.15244146,0.6872473902728172,0.10083454320861042,,0.1164100436516735,0.026523503902104298,,,0.4306633360012727,0.4402304191734603,0.3034182460518353,0.7437939586831437,,0.3275270759137466,0.08708398764507733,0.21961403438740346,0.3079032370601155,,,0.0931026616320402,0.19386073621708852,0.11775368856771586,0.11160670753449646,,0.07390336208657694,,0.04965823762342164,0.1287483030735737,0.01447100367935573,0.03076888458478167
2875.84356103,0.6841612081221278,0.09448214258781841,,0.11401769663834649,0.0262893354618028,,,0.4313846327021943,0.4427192106362194,0.3019580677868433,0.7428418101886591,,0.32655175060131336,0.08635608630857053,0.2253907479319867,0.31413004675329786,,,0.09578353630981551,0.19790181840962853,0.1203375980376973,0.11190138357783534,,0.06965887949506716,,0.050641901843068875,0.11390329271777487,0.013774612965706043,0.030545605285696668
2885.5377861,0.6809017657944596,0.08854246198817985,,0.12595645564402372,0.026111980019965637,,,0.43212364310784834,0.44449557935091016,0.3005582572207224,0.7419969144531007,,0.3256641796092195,0.08492713273848741,0.23028685598729434,0.3179212443970407,,,0.09831962938941564,0.201583681476078,0.12256483184138396,0.11212036335412322,,0.05934578875185601,,0.05199187694727803,0.10028673639262389,0.013200671965105845,0.030501825865272007
2895.23509877,0.677680045755475,0.08306841918747587,,0.1467670919284148,0.025992747072396915,,,0.4329659830628793,0.44595356566996563,0.29932476041830447,0.7411598297054124,,0.3249801681818665,0.08330558043489446,0.2340803932486403,0.32024152874130196,,,0.10078898348452647,0.20511464027046017,0.1241564648043739,0.11210179356108255,,0.052512294452747584,,0.05342129674017017,0.08880875065963621,0.012749471453173417,0.03054201850445077
2904.9354813,0.6745278538239741,0.07795545086583437,,0.17094755275215548,0.025910161057790385,,,0.433961864375499,0.44706594144078454,0.29822815241830486,0.7403426644888214,,0.32433545796330276,0.08210990252089456,0.23603267418111065,0.3218025920113467,,,0.10317886631943456,0.20850681575523042,0.12517238592292934,0.11198859607909689,,0.048468076171855355,,0.05529138867515989,0.0797642056472506,0.012387594599637593,0.030771205550055098
2914.63891606,0.6716176925310292,0.07326965722000589,,0.19422608320515672,0.02583684259877407,,,0.43504731376299555,0.4478149112365658,0.2972799037200432,0.7394543265864301,,0.32375863025405116,0.08172104145866416,0.2392696472476354,0.3230990870330301,,,0.10552730263375813,0.21169871926476747,0.12590895090954207,0.11194908718700289,,0.04609443711136248,,0.05757342349103835,0.07250882587877361,0.012145029986488058,0.031246237765905224
2924.3453856,0.6689599092749837,0.06907807948830212,,0.21265011601330122,0.02582767692494421,,,0.4362447268570496,0.44834337161383564,0.29651400866713407,0.7385312661709971,,0.32324250115430103,0.08231004242452113,0.2502270240022758,0.324430159489993,,,0.10792135656383309,0.21473642835815976,0.1265751780008628,0.1120348625832182,,0.04455954100201356,,0.0593583124215247,0.06660308424964193,0.011970769886614194,0.03198508934650248
2934.05487259,0.6665612996813517,0.06539696165697648,,0.22337014250357817,0.025854712104336836,,,0.4374273342027168,0.44879220420633403,0.2958301618856372,0.7375606629535874,,0.3227037730869776,0.0838958513458351,0.26262380191396856,0.32589158165967974,,,0.11045027115720826,0.21766724918735222,0.12716058488362664,0.11232940848341298,,0.0434898229184256,,0.05991494563798151,0.06161545857079189,0.011858201035939694,0.03281498493507145
2943.76735987,0.6642916269414142,0.06221322590418355,,0.22708398008414735,0.025904326646683327,,,0.43858609556557987,0.449149210357542,0.29519641484478554,0.7364654989715873,,0.3222497547588813,0.08628954981465708,0.2722561474513325,0.3274825907739038,,,0.1130506724247753,0.2206321853148019,0.1275848469990034,0.11278242181644636,,0.04280025281074777,,0.0599614622725613,0.05762781033931627,0.01179862717239659,0.03361797963081737
2953.48283039,0.662254989784903,0.059666162147699896,,0.22773942754216323,0.025956040690438876,,,0.4397222781265445,0.4493882749534996,0.29465842342246645,0.7352846508051418,,0.32188355250424006,0.08925976785953023,0.2798116278197189,0.3292656961874668,,,0.11576811441905822,0.22372766373673164,0.12799486200457855,0.11346162018483859,,0.04252665148973346,,0.0602569741645223,0.05524258612185474,0.011778392524515421,0.034607321720125934
2963.20126726,0.660575821005221,0.05778732481358219,,0.22967015168082108,0.026041737558358966,,,0.44078267197551774,0.449483747588097,0.2941219546109922,0.7339859533027057,,0.3215648092528451,0.09274816500828512,0.28620213846276443,0.3310440856744528,,,0.11856157350919054,0.22690595623551976,0.12889434708933947,0.1144431694014259,,0.04251631725795919,,0.06154979478383517,0.055080287572179004,0.011824168884146192,0.03575833344518968
2972.92265372,0.6590192413420665,0.05663834547021698,,0.2332979284589685,0.026164429030029746,,,0.441779805549962,0.4495667939049867,0.2936413589274396,0.7326380151617224,,0.32126077427652805,0.09670730351329208,0.2918934230897076,0.33266244963645186,,,0.1214076798607762,0.23005597522879503,0.13039085074888412,0.11571966068189186,,0.042657032032878885,,0.06338951281009643,0.056719021173108966,0.011889924330971226,0.03711194432340545
2982.64697313,0.6575554404080378,0.05621428367571457,,0.2373149627192534,0.026281636544632093,,,0.442753860480034,0.449683811869111,0.2932466340082009,0.731306893660766,,0.3209645575807672,0.10118206433600023,0.29737364584347126,0.33402919450085056,,,0.12425910682011272,0.2331030206706691,0.13199534927668327,0.11734061527159637,,0.04304934532245259,,0.06530865335701891,0.05921053921408415,0.011984474095285328,0.03848745415338199
2992.37420903,0.6559539738530106,0.05638707430711354,,0.24207921190172846,0.026427690503540335,,,0.4436576172760041,0.4499152111318353,0.2928939732016297,0.7300609547732453,,0.32067532960298517,0.10632279429366003,0.30310166714782005,0.3350466640873142,,,0.12712570848125962,0.2360401417242687,0.1334580861534146,0.11921751099522955,,0.04357378770267882,,0.06729095225721642,0.06189884863891434,0.012085087597946867,0.03992940357048928
3002.10434504,0.654220097226074,0.05698095669679958,,0.24794772036317045,0.026577028675068438,,,0.44457019412969356,0.45025874742128486,0.2926114535781656,0.7289683594284071,,0.320434970952876,0.11211542426748668,0.30906312492461774,0.33582559391104594,,,0.12998334608057963,0.23891869688241166,0.13484044193284747,0.12132519517439623,,0.04405033940101464,,0.0693996297523091,0.06435951332148948,0.012175135512816791,0.041419817195136106
3011.83736494,0.6522892121449867,0.057753223911319124,,0.2550597289685295,0.026692439963253448,,,0.44545775865605336,0.450663449535618,0.29239349260171926,0.7280735607594643,,0.3202561814223349,0.11844280253856727,0.3148184272497295,0.3364736502395331,,,0.1328061082534279,0.2417400702286535,0.1362877478591099,0.12366391821472103,,0.044350709002617034,,0.07186518890438526,0.06605182333535722,0.012282058587114899,0.0430290251271487
3021.57325265,0.6500848122788667,0.05855088726666281,,0.2628839863963683,0.02677028414427405,,,0.44626128636233603,0.45112883891133176,0.29219668474821514,0.7273529864727416,,0.320092161849134,0.12511653669202685,0.3201961963301075,0.3371630781257612,,,0.1355349478422417,0.2444986265851967,0.13788457652206249,0.12621524062679879,,0.04485083877361713,,0.0745761936914716,0.0671941303528253,0.012334285029732814,0.044725373364503856
3031.3119922,0.647564710012876,0.059294198725545214,,0.2695916434420306,0.02688489972797088,,,0.44700564231194556,0.4515442855466559,0.2920136964111861,0.7267147906244819,,0.3199258973368236,0.1320189212676628,0.3252972890787407,0.3379954861280168,,,0.13820055186753086,0.24726007478690668,0.13957223228104473,0.1289450993232685,,0.045407030833919095,,0.07749700602541824,0.06823728374727357,0.012379562144914626,0.04623818245896124
3041.05356775,0.644665223526454,0.05988337219031525,,0.2746414793170452,0.027031352002258043,,,0.44776256460126806,0.45188105263440775,0.29189805465427526,0.7262024952809704,,0.31976334884208696,0.13910050979516514,0.33019420027254215,0.3389596552251745,,,0.14079334093451767,0.25003458120753663,0.14120981779035158,0.1316621830341667,,0.04575133601240571,,0.08056376407506131,0.06973907214292949,0.012460228858196717,0.047725883898087865
3050.79796359,0.6413444835172466,0.06020813341152628,,0.2784778914085874,0.027123262991079117,,,0.4485132397204107,0.452116469698179,0.29180018945761727,0.7257340003658812,,0.3196359046746385,0.14636197287963978,0.3349732130169441,0.34019213324913344,,,0.14332551381892514,0.2528488140116548,0.14267960476712585,0.1342304304694665,,0.0458598419052717,,0.08348948610027088,0.0719346825160296,0.012573821622485926,0.04928501915572836
3060.54516415,0.6376204990984222,0.060359184663495775,,0.2817900158986121,0.027223053571685783,,,0.4492759905540646,0.4522006146101361,0.2916792262297049,0.7252532892347333,,0.3195821132513296,0.15386230083846325,0.3395998071498975,0.34162389121285325,,,0.14576523491697657,0.2556812403737354,0.14397200128317114,0.13659331653228032,,0.04588798991550975,,0.08610380796593682,0.07461067534318772,0.012690208044133294,0.05072908570155311
3070.29515395,0.6336045232866808,0.060394859349632894,,0.28465828654126957,0.02738761916236819,,,0.45010229343024954,0.45217577957673905,0.29157714103475596,0.7248192914154876,,0.31947318793174934,0.16163727837982642,0.3440197651648342,0.34323715036528657,,,0.1480965302585817,0.2585959720713309,0.14507354108636714,0.1387684994724938,,0.04606418734311901,,0.08824022105531641,0.0776201474488635,0.012823717038529223,0.05233120518411144
3080.04791767,0.6288652317110457,0.06042745362046258,,0.2868277434384578,0.02755682598272548,,,0.45093954578126144,0.4520894235944519,0.2915364211274448,0.7244310354619202,,0.31933497627635593,0.1696033646406264,0.34826249192793474,0.34506665512503926,,,0.1502674989328009,0.26169683299129054,0.1460458851402456,0.14081383507860468,,0.04635892292693161,,0.09042251974776146,0.08077039167197934,0.01297340653591018,0.05423613672403287
3089.80344009,0.6227782587596489,0.06051194148237791,,0.28851996411724634,0.027727324100422664,,,0.45179858670594564,0.4520433373340589,0.29151660984974836,0.7241493891340745,,0.3192654377311209,0.177637884009378,0.3522986850585083,0.3471854970441392,,,0.15232577521930366,0.26517673983814516,0.1469732270499419,0.14305034746580866,,0.04700138984859074,,0.09470443701805616,0.08347097708139675,0.013136510633184832,0.05657646409945509
3099.5617061,0.6162959387138982,0.06064526338974406,,0.2902730034655995,0.027954317887676456,,,0.4526827753310301,0.4520373533593756,0.29156002198593256,0.7238801182054886,,0.31918704752836835,0.185655935518478,0.356235402561582,0.3495665867598483,,,0.1543603030633113,0.2690999591744371,0.1479922924190527,0.145661576622798,,0.04807433175798183,,0.10145238793586406,0.08542747798941588,0.013336808961706453,0.05918796623997532
