,CAGR01 Calcite.,F1CC06B Magnesite.,HS433 Halite.,LAZE03 Prehnite.,bkr1jb329c Siliceous-sinter.,GDS26 Epidote.,GDS1 Analcime.,NBPP22 Clinopyroxene.,LAPP47B Orthopyroxene.,LAPO05 Fayalite.,LASC02 Forsterite.,GDS27 Hematite.,NCLS04 Plagioclase.,LACL14 Chlorite.,LAKA04 Kaolinite.,LAIL02 Illite.,GDS106 Margarite.,c1cy29 Vermiculite.,LALZ01 Serpentine.,LAMO02 Montmorillonite.,NCJB26 Nontronite.,LASA58 Saponite.,GDS23 Talc.,F1CC08B Alunite.,GDS145 Bassanite.,LASF41A Gypsum.,LASF21A Jarosite.,F1CC15 Kieserite.,799F366 Mg-sulphate.
Category,carbonates,carbonates,hydrated silicates & halides,hydrated silicates & halides,hydrated silicates & halides,hydrated silicates & halides,hydrated silicates & halides,iron oxides & primary silicates,iron oxides & primary silicates,iron oxides & primary silicates,iron oxides & primary silicates,iron oxides & primary silicates,iron oxides & primary silicates,phyllosilicates,phyllosilicates,phyllosilicates,phyllosilicates,phyllosilicates,phyllosilicates,phyllosilicates,phyllosilicates,phyllosilicates,phyllosilicates,sulfates,sulfates,sulfates,sulfates,sulfates,sulfates
Root Data ID,CAGR01 Calcite,F1CC06B Magnesite,HS433 Halite,LAZE03 Prehnite,bkr1jb329c Siliceous-sinter,GDS26 Epidote,GDS1 Analcime,NBPP22 Clinopyroxene,LAPP47B Orthopyroxene,LAPO05 Fayalite,LASC02 Forsterite,GDS27 Hematite,NCLS04 Plagioclase,LACL14 Chlorite,LAKA04 Kaolinite,LAIL02 Illite,GDS106 Margarite,c1cy29 Vermiculite,LALZ01 Serpentine,LAMO02 Montmorillonite,NCJB26 Nontronite,LASA58 Saponite,GDS23 Talc,F1CC08B Alunite,GDS145 Bassanite,LASF41A Gypsum,LASF21A Jarosite,F1CC15 Kieserite,799F366 Mg-sulphate
Sample ID,CAGR01,F1CC06B,HS433,LAZE03,bkr1jb329c,GDS26,GDS1,NBPP22,LAPP47B,LAPO05,LASC02,GDS27,NCLS04,LACL14,LAKA04,LAIL02,GDS106,CY-PLH-029,LALZ01,LAMO02,NCJB26,LASA58,GDS23,F1CC08B,GDS145,LASF41A,LASF21A,F1CC15,799F366
Species,calcite,magnesite,halite,prehnite,siliceous-sinter,epidote,analcime,clinopyroxene,orthopyroxene,fayalite,forsterite,hematite,plagioclase,chlorite,kaolinite,illite,margarite,vermiculite,serpentine,montmorillonite,nontronite,saponite,talc,alunite,bassanite,gypsum,jarosite,kieserite,mg-sulphate
Subgroup,calcites,calcites,chlorides,prehnites,hydrated-silicas,epidotes,zeolites,pyroxenes,pyroxenes,olivines,olivines,hematites,feldspars,chlorites,kaolinites,micas,micas,micas,serpentines,smectites,smectites,smectites,talcs,hydrous_sulphates,hydrous_sulphates,hydrous_sulphates,hydrous_sulphates,hydrous_sulphates,hydrous_sulphates
Group,carbonates,carbonates,halides,inosilicates,mineraloids,sorosilicates,tectosilicates,inosilicates,inosilicates,nesosilicates,nesosilicates,oxides,tectosilicates,phyllosilicates,phyllosilicates,phyllosilicates,phyllosilicates,phyllosilicates,phyllosilicates,phyllosilicates,phyllosilicates,phyllosilicates,phyllosilicates,sulphates,sulphates,sulphates,sulphates,sulphates,sulphates
Library,MICA_new_dirtree,MICA_new_dirtree,MICA_new_dirtree,MICA_new_dirtree,MICA_new_dirtree,MICA_new_dirtree,MICA_new_dirtree,MICA_new_dirtree,MICA_new_dirtree,MICA_new_dirtree,MICA_new_dirtree,MICA_new_dirtree,MICA_new_dirtree,MICA_new_dirtree,MICA_new_dirtree,MICA_new_dirtree,MICA_new_dirtree,MICA_new_dirtree,MICA_new_dirtree,MICA_new_dirtree,MICA_new_dirtree,MICA_new_dirtree,MICA_new_dirtree,MICA_new_dirtree,MICA_new_dirtree,MICA_new_dirtree,MICA_new_dirtree,MICA_new_dirtree,MICA_new_dirtree
Sample Description,,,,,,,,,,,,,,,,,,"LLANO,TX",,,,,,,,,,,
Date Added,,,,,,,,,,,,,,,,,,19-Jul-90,,,,,,,,,,,
Viewing Geometry,,,,,,,,,,,,,,,,,,"i=30, e=0",,,,,,,,,,,
Other Information,,,,,,,,,,,,,,,,,,,,,,,,,,,,,
Composition,,,,,,,,,,,,,,,,,,,,,,,,,,,,,
Resolution,,,,,,,,,,,,,,,,,,,,,,,,,,,,,
Grain Size,,,,,,,,,,,,,,,,,,0 - 500 µm,,,,,,,,,,,
Locality,,,,,,,,,,,,,,,,,,,,,,,,,,,,,
Database of Origin,MICA Files (USGS/RELAB),MICA Files (USGS/RELAB),MICA Files (USGS/RELAB),MICA Files (USGS/RELAB),MICA Files (USGS/RELAB),MICA Files (USGS/RELAB),MICA Files (USGS/RELAB),MICA Files (USGS/RELAB),MICA Files (USGS/RELAB),MICA Files (USGS/RELAB),MICA Files (USGS/RELAB),MICA Files (USGS/RELAB),MICA Files (USGS/RELAB),MICA Files (USGS/RELAB),MICA Files (USGS/RELAB),MICA Files (USGS/RELAB),MICA Files (USGS/RELAB),RELAB,MICA Files (USGS/RELAB),MICA Files (USGS/RELAB),MICA Files (USGS/RELAB),MICA Files (USGS/RELAB),MICA Files (USGS/RELAB),MICA Files (USGS/RELAB),MICA Files (USGS/RELAB),MICA Files (USGS/RELAB),MICA Files (USGS/RELAB),MICA Files (USGS/RELAB),MICA Files (USGS/RELAB)
Reflectance,---,---,---,---,---,---,---,---,---,---,---,---,---,---,---,---,---,---,---,---,---,---,---,---,---,---,---,---,---
900.0,0.8843445602271683,0.901656236466403,0.9010641855231107,0.7344801315719836,0.5692853429695561,0.2568742918349011,0.9074400681336703,0.21666493164491393,0.12554674235383614,0.22364762354901974,0.3340116347618596,0.2448031342380104,0.3296450122374811,0.275931511284106,0.9326174788439316,0.43830819753454575,0.409587770027477,0.741432713292474,0.4009808305689513,0.5791006284903832,0.3839585189468067,0.9117728958233583,0.5598829765140271,0.8690864423289641,0.9226024869715589,0.943853417384094,0.4107481840628032,0.854067319305817,0.9494225918486007
903.28574336,0.8839723985597489,0.9015831485884811,0.9007071156619563,0.7344166861429323,0.5692295739620308,0.2559185353157493,0.9075347925347006,0.21384810449691496,0.12467122080925412,0.22259088258415738,0.3312684785161118,0.246618690163408,0.329575306227122,0.27630725259118805,0.9326647098663319,0.4383745990736953,0.4094243530056275,0.7415474087148836,0.4013196595006357,0.5793900875839203,0.3833856521992927,0.9109372063802255,0.560927072050704,0.8692087107118387,0.9220723391319464,0.9435174638512394,0.4097241370599017,0.8540582524143399,0.9492100200314312
906.618278421,0.8839513481258635,0.9011617807389323,0.9004660245958458,0.7344302871016611,0.5693251566507453,0.2551122869419949,0.9070529276142842,0.210964580177957,0.12421871860529853,0.22156795622620953,0.328449955804472,0.24874869794429585,0.32946178716118185,0.27685611165016416,0.9327422328016823,0.43850364273006387,0.4091743603878522,0.7421239569195925,0.4015318000119458,0.5792918169927502,0.3828913802554771,0.9099247806958269,0.5618361715053579,0.8690491441771228,0.9213701270286071,0.9433424956984986,0.4090705754472172,0.8540809448684048,0.9488595468313263
909.999291084,0.8838912611998422,0.9007662214456397,0.9000218724202085,0.7344917155356105,0.5692737080883843,0.2543117882780466,0.9059202341121484,0.20793330038910682,0.12416712202252511,0.2206672871581716,0.3254645331695947,0.25110617036005134,0.3292924275554832,0.2774811397288396,0.932783911532753,0.43878715076871705,0.4089151448538454,0.7428075681259845,0.4018428373096021,0.5792221701661487,0.38247242576518126,0.9093765534362539,0.5625918171522256,0.8690758617090267,0.9209005403799182,0.9428138606758164,0.4086287421229355,0.8542740868046592,0.9483740606652
913.430570243,0.8838478157321717,0.9006128067500937,0.8998027174290439,0.7347853443465754,0.5692734233157317,0.2533730877350932,0.9046849597625379,0.20474374798730294,0.12423277490592195,0.219681017598845,0.3221182005662596,0.2536163804754977,0.3291536054038089,0.2781872063928934,0.9327221975538534,0.438905620134007,0.40881461004017056,0.74333219657682,0.4022901518781991,0.5792193247900347,0.382123653863038,0.9094298811280921,0.5631641622632604,0.8694230614421197,0.9201943946028887,0.9426707591511536,0.40871668383030685,0.8542789986255711,0.9480658548745051
916.914016797,0.883891956229665,0.9005684049962052,0.8998890260134683,0.7348882191678617,0.5692654849007958,0.2521919600558606,0.9034413000988551,0.20137638597662766,0.1245942841923609,0.2185936110985789,0.318422179376768,0.2562718061529733,0.32911073174566186,0.2789023802071504,0.9326173576582486,0.4388971165236909,0.4090857493925216,0.7438246136940778,0.40277364048524966,0.5793850662341961,0.38188236547640414,0.9094424117457259,0.5636979193025925,0.870126492220218,0.9195135497947565,0.9423718055384728,0.4087996190512682,0.8542712179770648,0.9476570152964306
920.451653694,0.8840563309868149,0.9002340759452646,0.9002123581930648,0.7349510076344005,0.5692288766383007,0.2507879279199569,0.9021734610989529,0.1978664412522699,0.12532739353898145,0.2174878519041503,0.31469002174815486,0.2591213655095109,0.32900896126422025,0.27957425077695597,0.9326212135353428,0.4389689398792858,0.40961958734406007,0.7441330750605731,0.4032195029760436,0.5796137484750076,0.38183886994283983,0.9086404618612816,0.5640982075415707,0.8708571969532515,0.91883212046733,0.9424144999160592,0.4090948340632183,0.8544049900109034,0.9473842845100885
924.045637162,0.8844948817899051,0.9000909800947575,0.9007728867619463,0.7350571001462285,0.5689068941649291,0.24936264589996465,0.9007057172795133,0.19439574744624452,0.1262584049274908,0.21638801170059674,0.31095223246653914,0.26256365135299037,0.3287303877663771,0.2803542406144341,0.9331205332807396,0.43909792656355606,0.41013081656911077,0.7442424553289787,0.4035831953262291,0.580070283042714,0.3818022416226918,0.9078652691700029,0.5645540745110063,0.8712563944672888,0.918359810005473,0.9418766523883332,0.40976203725008437,0.8542901336781926,0.946923306088756
927.698269301,0.8845976023806994,0.9000334351017784,0.9013551750988184,0.7352924017167384,0.5683269713238729,0.24800678456496214,0.8987716775111305,0.19076685475353372,0.12742402586604515,0.2153726370499088,0.30685319791156485,0.2667836798719807,0.3283951271756035,0.2815958464423074,0.9328919875726368,0.4391986763575278,0.410574436227031,0.7440219338831298,0.4036183270048571,0.5809112439451131,0.38185912244694775,0.9070493478205011,0.5650045164147974,0.8716997128600916,0.9184861076159989,0.9415251656944079,0.41058268081106075,0.8541804828147668,0.9463687736702374
931.412012249,0.8846251489645989,0.8998466609765867,0.9015451668183139,0.735321861723552,0.5676877244577642,0.24677072530873082,0.8965566250664257,0.187194755336317,0.12879541298681624,0.21444156006308462,0.30239691079526954,0.27151799993410386,0.32807964102888965,0.28288781595685303,0.9325902256738031,0.43934896321039,0.4109280137426103,0.7437195392095155,0.404027669925845,0.5819370475559894,0.3820853737548611,0.9061826773938494,0.5651213593614579,0.8719732892034162,0.9185208753240962,0.9414636559325986,0.4114233499870276,0.8540554307490492,0.9457043255460053
935.189504163,0.8846267053939485,0.8998525323407669,0.9013189446214895,0.7351613663336357,0.5672455424405113,0.2456810594565606,0.8942876545976748,0.1837597931645437,0.13055525830503031,0.2135489562022376,0.29778710537232445,0.2762956867281799,0.32775478673073666,0.2840701782735388,0.932317470046038,0.43973200992138206,0.41129886283901074,0.7430678720560037,0.4049337956744833,0.5827271312613997,0.38240539828949005,0.9052453204444975,0.5645166666158518,0.8723591334313266,0.9177101695003228,0.9414909506718303,0.4125120178671763,0.8537814878260959,0.9448560683107836
939.033577299,0.8845772948163253,0.8999730699376834,0.9006003498547165,0.7351757717518327,0.5664332123288246,0.24465539564917382,0.8919353186568559,0.1803691187761901,0.13296400395355093,0.21263128883999824,0.2930369335389381,0.2809376768743742,0.3273348886419196,0.28525683718882766,0.9320190647084816,0.44002917585243223,0.41173158387278624,0.7416625973625784,0.4058932238346583,0.582510880373656,0.3826269633636273,0.9036832400592802,0.5626273485504271,0.872639490719761,0.9162042877799713,0.9415207322448721,0.4141624300210296,0.853075150468775,0.9438865467157604
942.947278561,0.8846493627610791,0.8998747352708977,0.8997306064637473,0.7353087002418403,0.5656636841849121,0.2435046298070594,0.8897731792852607,0.17695179447263795,0.13580531892861358,0.21173414655214426,0.288226900717848,0.2856272512587848,0.3267876157328094,0.28640568491317925,0.9316626687537592,0.4403495462708443,0.4120102218411237,0.7399958643805808,0.40660438311123087,0.5824665013757102,0.3829203969403986,0.9004349045178932,0.5589626251081111,0.8723468864840578,0.9143941993047969,0.940967797413806,0.415625069582223,0.8522416354183561,0.9428683264157258
946.933892918,0.8845650675872203,0.8998391644117818,0.899027472879649,0.735362614471614,0.5653097925299334,0.24227088166447724,0.8876037713330793,0.17352956047021026,0.1390560574885289,0.2107546260610504,0.2833425076034902,0.2906794274990099,0.32618114623629496,0.2874573969239612,0.931349784404793,0.44061445203789207,0.41230729399402466,0.7391819789854078,0.40735225944190345,0.5827966406941074,0.3835322721370903,0.8968038320223887,0.5555575643611974,0.8718617393836514,0.9127492252664575,0.9400552135912853,0.4171392089526391,0.8510836208307346,0.9418830216495829
950.996970209,0.884531913111357,0.9000276063837506,0.8993819773693228,0.7354291136618525,0.5652043040723534,0.24121787294827698,0.8847320603957889,0.17019202190668722,0.14281127512035235,0.20973834043610184,0.27845773175660266,0.29646561402739957,0.3255240127548988,0.2885004270130874,0.9305133060678848,0.4408343626418247,0.4127800078582522,0.7397905970333065,0.4083081616844954,0.5831547799444107,0.38412254655297184,0.8959527747792831,0.5558044013051063,0.8716739509812484,0.9115286506515617,0.9393028753430737,0.41881808441343127,0.8498864238548,0.9405798299395901
955.140355948,0.8845220706438556,0.9001107717637554,0.9004230763447083,0.7355647426212639,0.5648757922664364,0.24030326518998277,0.8807001479835682,0.16704991568944827,0.14711520930801136,0.20875724990241892,0.2734110307147616,0.3032921375911964,0.3249470103960302,0.28973266182417384,0.929540798829201,0.4410187847644957,0.41339459272313006,0.741470869455079,0.4096110993259742,0.5832869739602856,0.38478288552856416,0.8970637625796779,0.5603360744394601,0.8716228943895954,0.9106787648931294,0.9384817285838088,0.4206065440435659,0.8486974039637152,0.9385228500935808
959.368226885,0.8845963095299622,0.900042186934829,0.9011475279944307,0.7357596788065837,0.5644396666755578,0.23919566226775815,0.8749532585258798,0.16406120031964552,0.15214349288074888,0.20785263067675525,0.26823799512874763,0.310914278144798,0.3243324931411661,0.29115123955864325,0.9291679576574094,0.44130238581966025,0.4135726201431391,0.7427300281646647,0.41102450923335276,0.5833403449423564,0.3855247568510111,0.8970188050144084,0.5649634010934627,0.8710424791940415,0.9098321505793416,0.9370911851762913,0.4227934784990774,0.847504098102,0.9359470056038971
963.685132242,0.8847021236693334,0.9000892286627451,0.9015651207420606,0.7358261765921953,0.5640470267160865,0.23789329767638293,0.8675677949574451,0.16122982294476956,0.15801718312289334,0.20702232547433705,0.2629557274869554,0.3189578020040809,0.3236702890035338,0.29249089785857907,0.9290563454728036,0.44188719114374875,0.41369302741077085,0.743928337741764,0.4125653282018724,0.5834475793538602,0.3864374947993261,0.8965380925388713,0.5680942324940828,0.8701954774811643,0.9087951349606868,0.9358686909241054,0.4252928205086567,0.8461986051059618,0.9331274687660401
968.096041789,0.8845929374770894,0.9001718809699444,0.9017410098969031,0.7358450767488857,0.5637623545684869,0.23656337938305952,0.8607199608090087,0.15855326357886212,0.16476890262971236,0.20618537579582327,0.2575923997297624,0.32703724138707596,0.3228612113176961,0.29368134679833297,0.929964814207681,0.44259539492654326,0.41429793761961864,0.7447985704463365,0.4141528670047033,0.5836223940736996,0.3874471635359823,0.897140149501195,0.5698397720604405,0.8690268631276191,0.9072889790777681,0.934560123922555,0.42809647711630583,0.8447993836085362,0.9305017668780224
972.606402173,0.8846579102961691,0.9002191415462234,0.9018217445582666,0.7357596502514038,0.5637642576040718,0.23522711552299583,0.8582487654300229,0.15607176433291398,0.17239263510981745,0.20509992292539986,0.25226639952326063,0.33539413051266104,0.32195398341176995,0.29469785302311224,0.9318685620443699,0.44328809487061593,0.4152292741236532,0.7457371554306571,0.4156825126425758,0.5839451087182,0.3887040057985806,0.8981981115757407,0.5706852115228633,0.8673611190716424,0.9061071544377276,0.9330178058819012,0.43159518615669806,0.8435890181507069,0.927872920534992
977.222203311,0.8848469695232517,0.9001289491078762,0.9012542000492183,0.735918843326878,0.5638021008816834,0.23418862913977997,0.8601975366063896,0.15378868500235096,0.1810764165735432,0.20391633212591678,0.2471735058176582,0.3441087353157794,0.321011210890395,0.2957396537387554,0.9337314033510665,0.44385072705764395,0.4162079034946339,0.7464500072744954,0.4170037195457928,0.5849063327837494,0.39007870510765835,0.899210204513838,0.5710656212147878,0.8653069354573243,0.9058696838976178,0.9317265595552169,0.4354953971417787,0.8425591741960222,0.9255739621069287
981.950057134,0.8847794576828796,0.8998856387356394,0.9005623378915918,0.736047143456557,0.5639461609865658,0.23344917075238553,0.8643865350468981,0.15167078811833556,0.19086753260469932,0.2028148768401776,0.2420132787991481,0.35314820626458276,0.3201298252779055,0.2967562941402193,0.9349267937101208,0.4443099813303355,0.4170350547832838,0.7472256516093934,0.41806515951670725,0.5860291109169514,0.39153556723638944,0.8997563400815021,0.5715297351562572,0.8628091060364478,0.9065043507567518,0.9299796024952658,0.4393081329566033,0.8417390969874478,0.9245317044692984
986.797291589,0.8847036733075541,0.8999112935698186,0.9008462455905129,0.7360928195476293,0.5640448433035085,0.23268878408903848,0.8699384422542285,0.14971601186621597,0.20155433371572276,0.20174822895875918,0.23680160573657388,0.3625802285178489,0.31924544222905366,0.29771084591530994,0.9353423410992456,0.4447446210244898,0.417799085401016,0.7478374354282903,0.41897091047069446,0.5866712702285769,0.3931998369462152,0.9001507097053622,0.5723073510846067,0.860007496027153,0.9078125015830153,0.9285182930879465,0.4431915642537715,0.8409049964844636,0.9243911411429033
991.720028203,0.8847813694912128,0.8997289958455589,0.9012943866502543,0.7359394433501582,0.5638969703572069,0.23203448897096812,0.8759718837317234,0.14795778174344,0.2132018374245778,0.20061473881961803,0.2317339552362434,0.37240775276266463,0.3181114791292459,0.29854865898286637,0.9354396740299328,0.4450768012845959,0.4182316389261706,0.7483910433568233,0.4198057901324514,0.5867560568487279,0.39514612651750436,0.9007330769942328,0.5730458045822651,0.8574838105767619,0.9092868028605712,0.9271674005788133,0.4475525628572897,0.8400670925134278,0.9246738837142733
996.671068522,0.884716981014805,0.8997698266754873,0.9010096024656751,0.7357446787492062,0.5638696211553171,0.23146324694789178,0.8812799058195191,0.14654982347675552,0.22598808381783286,0.19942634527845482,0.22700171290800725,0.3825672633170109,0.31684410595384005,0.2992109826587043,0.9362365149389532,0.44540649985184405,0.4183730668997835,0.748855090291354,0.4206382379046064,0.5869654592105007,0.39709508584991915,0.9015130122703168,0.573564541537989,0.8560584972255185,0.9109029371311712,0.9264539660670059,0.45205492962101257,0.8393693264970189,0.9253676154480054
1001.65061855,0.8844344450867384,0.9000723558167739,0.9002967967762927,0.7355460957633814,0.5638670556724609,0.23071338031474042,0.8858462204339304,0.14551189962950106,0.2400248627353455,0.19824913231457353,0.22263487486881745,0.3928656880267108,0.3157719663485062,0.29974838235329715,0.9367758210160883,0.44576865148016515,0.41824686935363925,0.7491190964093304,0.4213943663596961,0.5878717260174681,0.3990889771165278,0.9021746329364051,0.5742548393039363,0.8559788219908517,0.9124193004198321,0.9269466645120522,0.45674199270328525,0.839101131912361,0.9258013769507971
1006.65888632,0.8837980929336373,0.900653973349154,0.9003242383757942,0.7354425561958159,0.5638955395208757,0.22996998436682606,0.8896196091902037,0.1448237997178697,0.2551591435400686,0.19710963436103776,0.21860987561047135,0.40305754107078107,0.31471781329776455,0.3002397833577198,0.9365497557171272,0.44621623509654496,0.41817801259229587,0.749004714865912,0.4220380129295855,0.5882163159886561,0.40135655316381924,0.9030886003105434,0.5751864932811261,0.8573541771400095,0.9138464405424467,0.9282705876563573,0.46186494654804755,0.8392907486247891,0.9269287064964659
1011.69608192,0.8833109868436753,0.9011162269247397,0.9007813273180264,0.7354807985834487,0.5636499946630636,0.22953733987104138,0.8923809938768766,0.14444066901077296,0.27122675208679115,0.1961066354811289,0.21499888795791014,0.4130248044995014,0.3136331036292353,0.3007314914038931,0.9365710149500428,0.4466904491217692,0.4181378160434744,0.7488548697056967,0.4226332945592346,0.5880113748870853,0.4036553148692791,0.904103249212845,0.5758857559806513,0.8600946610711123,0.9148955717149516,0.9299721717969317,0.46730369125003945,0.8390683550352896,0.9284928903719933
1016.76241755,0.8834518381994171,0.9015149153119407,0.9011435850783376,0.7356005196562225,0.5634570668973778,0.22962586489271983,0.8946072666094109,0.14433745570553197,0.28815866857224953,0.19522662297388627,0.21178990490132144,0.42274698153195167,0.31260097787295515,0.30111104398859284,0.937034930399561,0.4469953174059295,0.4181347648066282,0.7490080832923854,0.42336020353065373,0.5880995541201437,0.40596581453629704,0.9051270552986704,0.5763738018751043,0.8640216117375369,0.9156736821948761,0.9315196990547524,0.47283707421304166,0.8388412820549874,0.9303408133980035
1021.85810749,0.8836067121851543,0.9016791127697794,0.9010101629763299,0.7358069930460729,0.5634402126987421,0.22985085679125164,0.8961198986404635,0.1445451394401903,0.3059089046427205,0.19440460518294722,0.20876078137886592,0.4322285013736847,0.3115765337724461,0.30139847348228144,0.9376855447473896,0.4471736311608054,0.41837557945974346,0.7490906948909738,0.42418396642836637,0.5883626381636112,0.408461910969954,0.9056532343616828,0.5769363912008599,0.8684340975299008,0.9164085933362149,0.9328101242865461,0.4787523588293619,0.838888987659635,0.9321278634436079
1026.97288016,0.8839783484875583,0.9016760547007302,0.9002444833385718,0.7361586608094856,0.5631526492061123,0.2300363988698313,0.8971674183371515,0.14501815192273107,0.32403989534082484,0.1936110555473116,0.20607384928861394,0.44134026304878,0.3106063184078914,0.3015893105521785,0.9382530383357235,0.44724393023562464,0.41871911160168646,0.7494331595025697,0.42485942922908254,0.5890108279944705,0.4111270206160935,0.9060108856573565,0.5778291327138694,0.8729449048241041,0.9170002705608317,0.9342637955018166,0.4849327219426828,0.8392358772967294,0.9339640707227533
1032.10649695,0.8840478631499261,0.901824934495367,0.89981885199079,0.7364419199256392,0.5628318312406475,0.23039096121650385,0.8972249689415379,0.1458201375042536,0.3426862534864933,0.1927373523439548,0.20398332879342165,0.45025254990730657,0.3096692231465507,0.3017416131725893,0.9389761451018964,0.4475079665647089,0.41874631715752225,0.7498894822814931,0.4251972078531372,0.5897115895541271,0.4138359191429193,0.9068897949717256,0.578957040969758,0.8762818898377961,0.9175554553807627,0.9360514045771248,0.4914781956930338,0.8397567810373219,0.935833781384556
1037.25897753,0.8839502676516053,0.9019045702541653,0.9000068385537445,0.7365930589590891,0.5627883388026292,0.23090692952660644,0.8971745006244751,0.1469565724733717,0.3617827300894763,0.1918660910349047,0.20242635636662326,0.4586581592152463,0.30866727965873014,0.30185915376118877,0.939492864828667,0.4478506846762191,0.4186666027865079,0.7505991850607948,0.4253846012635026,0.5904133848351759,0.4166325308426971,0.90762590977104,0.5803653967188466,0.8786181448562872,0.9181278732568162,0.9374119774570427,0.4982468345525008,0.8403616094257378,0.9375681547219529
1042.4303413,0.8837922613845793,0.9021352075485436,0.9007049434257947,0.7367470566949856,0.5626967361783457,0.23149693749290462,0.8974113775960965,0.14840652765161105,0.38099301979180594,0.19125630305855457,0.20122033205031156,0.466682469137927,0.30765427964318753,0.30206590304666897,0.9398845824280818,0.44797847967098725,0.41868853408212947,0.7513738272356008,0.42569555872608933,0.5907872138894459,0.4195589137156713,0.9078889982587476,0.5818630911270826,0.8803145329031071,0.9184839734976468,0.9386915864017191,0.5050787250923171,0.8411760284523815,0.9392433167649228
1047.62060737,0.8834802614732513,0.9022881618898575,0.9008853479125811,0.7368636085304863,0.5624643709923984,0.23232470028880428,0.8978771172676021,0.1501250944579243,0.4001817236542199,0.19066911485692517,0.20035408849516134,0.4744520527335525,0.3066193136493885,0.3022831737068206,0.9403877037446015,0.44802211872642184,0.4188891158077497,0.7522549508503128,0.42581879565199376,0.5907065660708726,0.42250140166867145,0.9084065818099317,0.5830394891219943,0.8814913859893121,0.918707114909689,0.9394790847576757,0.5121517972911387,0.8421685821328605,0.9408218328440301
1052.82979459,0.8834236377096759,0.902269644836007,0.9007322595984409,0.7368936374448015,0.5621988957543109,0.2334260978218083,0.8975295254831921,0.1521604680379595,0.41902405087959715,0.19009754539105767,0.19989287487301294,0.481782686805741,0.30573940670779043,0.30244754838661625,0.9407184699264739,0.4478552232449527,0.4189927169317444,0.7531066729631807,0.4257437732756184,0.590586577903979,0.42552328658124117,0.9089193604167961,0.5838403762095237,0.8824173897475617,0.9186518273681539,0.939841331743292,0.5190895483024776,0.8433210250280909,0.9420344580137692
1058.05208946,0.8833468922005321,0.9024143253516708,0.901218554413376,0.737053323813691,0.5617857679616223,0.23465261621913888,0.89713716881408,0.15457825553824506,0.43729428051000874,0.1896285336615529,0.19983197490817092,0.48934132702884814,0.3049318215445761,0.3023704612011223,0.9411010797256018,0.44781439108804993,0.419032583949683,0.7541785484833445,0.4260069637757136,0.5909279343833707,0.4286252167079312,0.9093395788721317,0.5847998686061229,0.882995528260728,0.9185875868866501,0.9401067617742678,0.5261603112196798,0.8445588104417289,0.9429715767394528
1063.2810895,0.8832934582053488,0.9028141996884469,0.9019847996768264,0.7371464900604864,0.5613855004077549,0.2361618662252393,0.8966682042640977,0.157342484081036,0.4548756871152849,0.1893807227048494,0.2003302088643687,0.4970260959027894,0.30409129788009265,0.3024149689674022,0.9413298492536883,0.44796133955434797,0.41895501332401525,0.7552856483470447,0.4262775868925986,0.5918876731127634,0.4316760892340135,0.9095687557013397,0.586088134481744,0.8837258057491871,0.9186367217928381,0.9404433688283543,0.5334931166038226,0.8460240775395367,0.9436201907150109
1068.51675432,0.8834038961941391,0.9030989789219293,0.9024841549712058,0.7373201617387655,0.5611102930995009,0.23800333516223673,0.8962315363766357,0.16040599373351366,0.4715393386871247,0.18918817070091634,0.20125797764442302,0.5045450856619372,0.30317504460787636,0.30271028921142507,0.9412964642062309,0.44826719098202544,0.41872275195744796,0.7563011184087924,0.42643509950456715,0.5930470146465403,0.4349692533814484,0.9099450805748893,0.5875211802249353,0.8843987667419884,0.9187931930990705,0.9408059818376517,0.5407254521415267,0.8471326787057744,0.9439121265215895
1073.75904388,0.8836445017763115,0.9032222829010642,0.9021268957292968,0.7375054513907592,0.5608433628528,0.2400508285977974,0.8956986243646478,0.16368975402176628,0.48711136832322666,0.18910411369578983,0.2024132470968283,0.5121514176346202,0.3022788814476747,0.3029487419581548,0.9409406256427268,0.44878606919444275,0.41851988274505547,0.7572280827684807,0.4267428996716891,0.5940078975687679,0.4382607640890459,0.9103047851740775,0.5890497211794136,0.8849517827522329,0.9188610115084184,0.9409954198145181,0.5477830878159105,0.8482378415337328,0.9441081290091448
1079.00791838,0.884452272477596,0.9032229142882782,0.9014995238926129,0.737632478034551,0.5605579643594193,0.24219509254078228,0.8951601325318871,0.1673147877671908,0.5015570196222683,0.1892042927162863,0.20405075106009962,0.5199406064977667,0.30148559644504425,0.30307901135420356,0.9407691098540135,0.4489800849584814,0.4184512599442117,0.7580537834678758,0.4268391510466165,0.5949548662161215,0.4413445206857707,0.9106144409623489,0.5904242129798055,0.8854810155193121,0.9185071323098352,0.9407750534498974,0.5551630865784309,0.8493828221740479,0.9439978285182816
1084.26333836,0.8847731847183182,0.903389828782767,0.9010027288692057,0.737672347291962,0.5603164381809276,0.24443254270876713,0.8944389371733166,0.17124050700974522,0.5148021857257186,0.18948527125087533,0.2061664346092505,0.5279084332934459,0.30068022193578064,0.30321437014697017,0.9412383787928122,0.4492958354243673,0.41860623264609537,0.7588514081524621,0.42700665446478436,0.595114543518168,0.44456314232247285,0.9106707706415104,0.591706217213984,0.8855855149691542,0.9183004394868665,0.9404672899275622,0.5625642219590615,0.8501558761537727,0.9437300955018932
1089.52507305,0.8848241144710008,0.9034460398307267,0.9017145145940093,0.737737029679144,0.5599151082250181,0.24721965735935275,0.8934796787686009,0.17538162714526032,0.5272761223217417,0.18968254014595512,0.20865209591490533,0.5358887860781057,0.2999497190243779,0.30346974361258494,0.942400462686999,0.44985401817575293,0.4191490144183931,0.7595649883189945,0.4272843088727778,0.5957521460005721,0.44772691344926646,0.9105713262189115,0.5931576941556226,0.8856590819056974,0.9177175643803308,0.9397838777493117,0.5695586167841131,0.8507818870466244,0.9433597916536387
1094.78823545,0.884678302005298,0.9034697284106287,0.9026109367081973,0.7378117542786035,0.5594898357683424,0.25037969360389206,0.8921114248033835,0.17978758283975843,0.5387261809068639,0.19007046319768817,0.21146412519712937,0.5439456036423546,0.2993802054726793,0.30394016028478604,0.9428730617156552,0.4502411932704,0.4197433663130861,0.7600798096230593,0.42779069392792307,0.5963142208552877,0.4506786178572774,0.9107692717074806,0.5948799048612746,0.8858591598250002,0.9166274877353214,0.9389153052799943,0.5766104474479158,0.8512926555502421,0.9429240211916092
1100.05281299,0.8844589863172133,0.9035141775925024,0.902864117984988,0.7379437216333529,0.5590124343591601,0.2539400380597035,0.8898454846406627,0.18442112250844273,0.5489927334737499,0.1906671265884946,0.21449540798313813,0.5522870394603502,0.2987631684296027,0.3044073251449887,0.9431615552167506,0.45082370104107183,0.4204443747714635,0.7606748879605396,0.42829192866408466,0.5965558033117236,0.45367833921285844,0.910683403302973,0.5965957303180947,0.8861080268436663,0.915355583008408,0.9384198040377417,0.5836012134487648,0.8518060016186108,0.94199677557415
1105.31879326,0.8844373821005257,0.9036363925056599,0.9031418666192791,0.7380693345757333,0.5584775315387741,0.25782790698485325,0.8874126463648337,0.18918905172953995,0.5582644667469174,0.1913685328734555,0.2176584903956291,0.5609463858911554,0.29818815072233157,0.30476459546218493,0.9433755145822587,0.4516088568053797,0.42115654077728315,0.7614178949518372,0.4288987587143084,0.59686524434198,0.45659372448992164,0.9106919865549568,0.5982918565329822,0.8862059531760963,0.9140486860117993,0.9379798084070236,0.5907908427570207,0.8518826556593727,0.9410929400163499
1110.586164,0.8845483309318122,0.9038632028222336,0.9032691855872084,0.7380545881179764,0.5579603861299851,0.26187963718140034,0.8849067492179404,0.19409633308902682,0.5667125720712687,0.19210353100866873,0.22084681678688228,0.569742138805987,0.29757155595960183,0.30524122160284856,0.9437011677771808,0.4524949099870794,0.421879658393079,0.7624559412208085,0.4295889478336564,0.5970219639102868,0.4594931528192109,0.9103189042713974,0.6000757590047742,0.8865707391545952,0.9128238982442786,0.9373336238573863,0.5976912350182617,0.8518877533951359,0.9400548344404539
1115.8549131,0.8843346766653934,0.9039089167014512,0.9033977610198978,0.7381233951732354,0.5574365491652269,0.2660002555532029,0.8828884463308972,0.19903247693537196,0.5739796503651204,0.19295257252183962,0.22420945209683554,0.578555563797936,0.29700877191307223,0.30589958032215925,0.9442837399005282,0.4536217506932965,0.422338454264085,0.7635276909291725,0.4303872175982689,0.5970755553921818,0.4625774870109456,0.9094985499852515,0.6017696523470156,0.8868416290832375,0.9116898503958406,0.9364190888429296,0.6044939643337226,0.8517523032463727,0.9389659944474017
1121.12502863,0.8845147772651865,0.9039099260367162,0.903349363696842,0.7381310180971109,0.5567046215408835,0.27009361706604174,0.8806328126013376,0.20412961665025875,0.5803125757815956,0.19378391969311914,0.22779373070217734,0.5874476129624079,0.29641560473150574,0.3068183102196738,0.9447045839449376,0.4546614305353732,0.42293769536039255,0.7643761820089545,0.43094522861973916,0.5971283034171843,0.4653384215678208,0.9086694270294923,0.6033773194103169,0.887524810298089,0.9110935109438815,0.9357484238430762,0.6111440371176733,0.8514050907084968,0.9373846330851923
1126.42117712,0.8848082181404141,0.903857228490407,0.9029409444871547,0.7379769575473427,0.555937863096435,0.27431581310156394,0.8779862224853365,0.20927187076709233,0.5859306806449882,0.19469032639293227,0.2312590797182751,0.5968209542339777,0.2958821983680848,0.30774547815881154,0.9451957058536338,0.45553593127241454,0.42390558566393316,0.7644213755602441,0.43157493836111,0.5976999064021647,0.46772252265989805,0.9074789604960765,0.6050182021238667,0.888318795798848,0.9100429774617279,0.9346144238821831,0.6181372916989706,0.8506957487282625,0.9356000199251605
1131.75559815,0.8849455402913093,0.9036645119507976,0.9028286063668719,0.7379861591386523,0.5548240769444882,0.27862453637243567,0.8743433155196462,0.21435622524666234,0.5908067170123392,0.19571825983832739,0.23455722891847078,0.6066728267582738,0.2953522785191817,0.308592668458642,0.9450941247704114,0.45630361044535556,0.4247271959016038,0.7639183255046732,0.4324071743763574,0.5985651371725429,0.4701749979237403,0.9052176154212748,0.6067586984899066,0.8891520857205526,0.9077303020877667,0.9332923999919001,0.6247522901861537,0.8494046995105587,0.9335103028229028
1137.12876151,0.8850488517588919,0.9035068567237748,0.902493183447949,0.7380853150682831,0.5534938790107871,0.28305503516553815,0.8688933528509151,0.2194067831723224,0.5948975376182116,0.19692062806643687,0.23784344767335464,0.6170622126576589,0.294782483636599,0.3094488239629624,0.9452004677632575,0.4573689989061008,0.4256131592613091,0.763365092198101,0.4332879434557909,0.5987269988130985,0.47240485313678804,0.9017136260188848,0.6082859535135483,0.8896288287500362,0.904270353183891,0.9315790260283329,0.6309628394326184,0.8474204724277005,0.9309099125624128
1142.54114608,0.8852932548631337,0.9032564700718391,0.9021519004636688,0.7381898517714242,0.5518594389307828,0.2876971505939529,0.8603843634480586,0.22447956738161443,0.5987395890506966,0.19836000384271174,0.24123755500412997,0.6271426151760152,0.2942578387560745,0.31049908857044944,0.9453957310471174,0.4584953415873093,0.42662388014631014,0.7626861614284459,0.434002308964502,0.5986083351763687,0.4744443632300502,0.8972231725622377,0.6097031637117857,0.8897581709916369,0.900130972555051,0.9294571835166086,0.6373257209275119,0.8447153920519458,0.9271906068296403
1147.99324008,0.8856453606766095,0.9028610310469608,0.902328333465821,0.7381197576382912,0.5501568926122524,0.29259033913851745,0.8464012376540768,0.22950126928141043,0.6021070851683883,0.19999560787880769,0.24445283315740823,0.6371038078106607,0.2936816998352396,0.3117638560275747,0.9453763208255396,0.459850595709613,0.42785212897207064,0.7620415395612197,0.4347290946404857,0.5984787879566007,0.47618618168568594,0.8920961323686689,0.611239690864565,0.8895235328755655,0.8949160081962575,0.9263753091905377,0.6437506652500118,0.8411960047765985,0.9222381395355517
1153.48554133,0.8853741995937465,0.9026868346878584,0.9026858654458908,0.7381716370014693,0.5490342903703231,0.2977238765195384,0.8276595275892386,0.23439808111108856,0.6052720662942342,0.20149438000773304,0.24766336731977967,0.647423090950972,0.2931713993223881,0.3131105986256986,0.945511215080291,0.4612283038428493,0.42917472673186075,0.761435275385034,0.4353399537717183,0.5992583861488382,0.4779292722773361,0.8888581353875322,0.6128436506894873,0.8891644775463392,0.8876744760818094,0.9221228863507921,0.6499279533441338,0.8372093890283391,0.9162151609586985
1158.99647413,0.8849717005523691,0.9025478309398193,0.9033701602941687,0.7380825849168413,0.5486193639256517,0.3027951091873444,0.8120586313595298,0.23917948977549483,0.6080596366773338,0.2027358714314374,0.2507448493526275,0.6579389453002789,0.29256492969595377,0.3145036010044235,0.9458891798148801,0.46274657862474466,0.43045000389189675,0.7610768254579127,0.43631470128723693,0.6004478083981503,0.47997657014831885,0.8883674027854764,0.6142869570721432,0.8888732122711699,0.8791216961145435,0.9170756351001595,0.6557830307025114,0.8331120833294376,0.9096630737337951
1164.48107738,0.8852055483407966,0.9023597171905833,0.9042217040391116,0.7381645562803374,0.5486040475783287,0.30774098216663726,0.810752598747325,0.24389793741565266,0.6105567204999648,0.20401265220786827,0.25351971719022437,0.6680937516616662,0.2919222401422883,0.31591989936817905,0.9462093853727468,0.4642663634841891,0.4316397636870834,0.761063435630839,0.43758995966655484,0.6014972428676327,0.48231493863776626,0.8902797261593367,0.6159037026637054,0.8883949797792771,0.8726102599873976,0.9112278144630396,0.661322836504525,0.8292954589388494,0.9032564329227414
1169.93996942,0.8857876797954,0.9022216755814587,0.9045245045232622,0.7382961590469322,0.5485858904909342,0.3129859599405457,0.8219527236229585,0.24850312110993986,0.6126308209995968,0.20531501526184318,0.25599805011257937,0.6783387686506495,0.2912665816657025,0.31744047540887127,0.9465082952688515,0.46585470646555965,0.43283966493145376,0.7613075347666477,0.4388260784830048,0.601664394220435,0.484489074006152,0.8927642293143,0.6175087089370319,0.8880046372044407,0.8713307085508826,0.9050909826711309,0.6670835501947252,0.8258458005909143,0.8975256993293543
1175.3737451,0.8862482947075452,0.9021317926030309,0.9045913019280358,0.738336478304313,0.548578721425172,0.3185887562126509,0.8356092888386848,0.25282683867975736,0.614633744830836,0.20655023621495394,0.25837553367945837,0.6885822806601746,0.29078520285603765,0.31894574356233707,0.9463422113498667,0.46736557443707705,0.43411978947298707,0.7617501856326937,0.4400206661234786,0.6020516697230853,0.48641193418349754,0.8950556911798861,0.6190509176821165,0.8874653828277874,0.8748908334391392,0.9001241063918929,0.6724675304783932,0.8225692901183731,0.8932765929338439
1180.78297699,0.8860143988468917,0.9018868111975207,0.9041941502316733,0.7385743220106806,0.5485208216375778,0.3245166238356755,0.8462451899966333,0.25701858578435527,0.6163887637747161,0.20751962883951422,0.2606914182779639,0.6988353563306215,0.29035629319201706,0.3204629397831258,0.9465841236318328,0.46908680538745373,0.43581963426769105,0.7625034324261253,0.4412851387631714,0.6027839346141792,0.48836459297020546,0.8969180132737726,0.6208193525230519,0.8869374714007813,0.8798187380502139,0.8970201176257527,0.6778807579667193,0.8193054234941872,0.8907840267618053
1186.16821657,0.8860432844544124,0.9016552122634577,0.9034959603313549,0.7386148087748812,0.5482978735700456,0.33059794673900295,0.8527417655502009,0.2610650753764159,0.6180195150205064,0.20862732085707697,0.2629225024702186,0.7087289808953329,0.2898685330750716,0.32202793389397977,0.9468940836022831,0.4712734450195576,0.4378169516611781,0.763301446275991,0.44259052047426484,0.6037833701346215,0.49012014094424383,0.8982954389124483,0.6226527195672648,0.8861637292014792,0.8839720746062514,0.8947523924391111,0.6832188526835888,0.8160505346247043,0.8891685328476304
1191.52999524,0.8864497660031112,0.901344642983684,0.902925138860104,0.7386971070160991,0.547982366721557,0.33662300832574726,0.8561930335173917,0.2649441795278265,0.6193683122241667,0.2096649326095122,0.26494399357345355,0.7175923584707472,0.28928091064032946,0.32362248059880244,0.9469515712356846,0.47328055813540754,0.4396215869275527,0.7643259618266568,0.4439106199754992,0.6051422055803106,0.4918070087418202,0.8992774964047684,0.6239437956132197,0.8852184800605774,0.8864133209905923,0.8933831873049769,0.688762885622624,0.8129007344707313,0.8878559756535069
1196.89576018,0.8867812264196897,0.900973894177261,0.9027075409052522,0.7388566364509195,0.5477455708880871,0.34230946127933254,0.8591124602780872,0.26880589089493123,0.6204745313489199,0.21049211790574748,0.26703804183447927,0.7255731143614411,0.2887336053983446,0.3253214826930551,0.9466202683478788,0.47508699137551386,0.44110598956565944,0.7656177433415231,0.4450318078838341,0.6068042687170877,0.49349350047287216,0.9002308814993295,0.6249000108032583,0.8837182530483961,0.8877770412681337,0.892730702409031,0.6943419714865084,0.8091199152691627,0.8867566958210759
1202.26638934,0.8872260937564402,0.9006821733254808,0.9034985520999803,0.7387529915711021,0.5476204864611754,0.34761462002431365,0.8634571098760473,0.27254794185451403,0.6214111894290193,0.2111532857023617,0.269138094889188,0.733339861383605,0.2883011537664492,0.32712921760576813,0.9463373383603145,0.47691424816980665,0.4425689885582643,0.7670004613879146,0.4462463236668863,0.6088535502607343,0.49509349226316496,0.9010039127791923,0.6256042939722246,0.8820381993123345,0.8886337215114164,0.8922781129237428,0.6998159683436695,0.8053507495150827,0.8860185574846218
1207.64185238,0.8872274407185008,0.9005502923679077,0.9040447462467939,0.7386756050064659,0.5474020444058876,0.35298991266572277,0.8681306237027344,0.27605334503618445,0.6221078077063323,0.2117409718634183,0.271158799482423,0.7406146195241766,0.2879580929328811,0.3290609073323229,0.9456887081019114,0.47895509141641607,0.444321139042716,0.7675516270797876,0.4477916468137793,0.6109772029324113,0.49650294733834394,0.9016219344278971,0.6264396207758358,0.879819984988039,0.8895811010302238,0.8923436200616154,0.7052189388026621,0.802054960023236,0.8857257356874076
1213.0221192,0.8869911826061637,0.9000753477566766,0.904129813135152,0.7387069016234649,0.547189705861916,0.3582557657235435,0.8716278263201918,0.2794160721518441,0.6229781597957195,0.2123510138540802,0.27305811326011287,0.7477850899118386,0.28769572101558477,0.3309144331410277,0.945425837730511,0.48122853276087774,0.44621844407056543,0.7678470941412162,0.4492118962320153,0.6122545571299473,0.49772606113136575,0.9025540000576583,0.6273947864069529,0.8770271722322266,0.8911003663303693,0.8936722485409794,0.7107402473014397,0.7987368669601019,0.8852412110985025
1218.40715994,0.8871939246414692,0.8995825540418128,0.903774777370934,0.7386781365709371,0.5468850973029481,0.3632485654433721,0.873920141814316,0.2827577663155585,0.6237118869724331,0.21290918791968227,0.2750732743977134,0.7545075636831037,0.28739238828725605,0.33271330530176413,0.9446171586175344,0.4832281478486823,0.4480430438977385,0.768246896328328,0.4505158335673656,0.6127822153222162,0.4988346779140476,0.9033086114746085,0.6284378005149783,0.8734743280540865,0.8926533358267638,0.8957904525394496,0.7159251417921587,0.7953898159848221,0.8845240634867086
1223.79694502,0.8873306022740758,0.8993738046488124,0.9032552388009938,0.7388889817370045,0.5464849970970082,0.368231356023719,0.8754912785583766,0.2859457008150072,0.624159941392046,0.21325464831760313,0.2771573914645248,0.7604358806949726,0.28704691989235226,0.3344803317279695,0.9431686548296986,0.485024450057723,0.44976429761936804,0.7684292516171372,0.4515519818744754,0.6128213793727122,0.4999291145569652,0.9040250006742201,0.6291853895987057,0.8690459620908942,0.8940186251159209,0.8971548611235143,0.7207548985999055,0.7920376319471288,0.8842373139216949
1229.190873,0.887401470350562,0.8993342301075548,0.9030647598126191,0.7391864987596636,0.5460511334669156,0.37291054004832874,0.8762025287313924,0.28917086684201737,0.6244262864764171,0.21352010221129353,0.27937356461439067,0.7657432719543755,0.28677097982550587,0.3363184108216325,0.9412760877131134,0.48706799308069043,0.4515476702482044,0.7685651697396563,0.45242873764814456,0.6129199091651185,0.5010325254347304,0.9045142280669134,0.6297585955862111,0.8646523842944088,0.8950117544350609,0.8980780105351995,0.7255184312197779,0.7887547140010509,0.8841149757184245
1234.58829679,0.8875506966334216,0.899405652206915,0.9027534529120357,0.7393506855886592,0.5455719915813606,0.37697892370644626,0.8763329911770237,0.2923057921940005,0.6245775091018011,0.21395428530827254,0.28161584201692574,0.7710976842461308,0.28656508431783373,0.33812708724995283,0.9396014146657423,0.48910230200596166,0.4533947236953709,0.768693673220561,0.45353979393900606,0.6138357352495376,0.5019416907751063,0.9049492684201755,0.6307100431259358,0.8606997855359008,0.8956971040337611,0.8996342574969897,0.7302135706331236,0.7856614020390363,0.8841495800812671
1239.98919257,0.8879439871100469,0.8993784593037136,0.9027946473694887,0.7394527765695271,0.5451385579298558,0.380723217652163,0.8769460188827238,0.2953466376624483,0.6246114017234846,0.21458917278445225,0.2838566106313059,0.7761054985137459,0.2862905333090329,0.34000019079063615,0.9384695515895151,0.49107431379250827,0.4554468931667681,0.7687318576864738,0.4549152491954654,0.6148013893723725,0.5027327853475949,0.905004562087492,0.6317811200180911,0.8570452026664708,0.8967055794368505,0.9020755528740321,0.7349527826096595,0.7825916673162044,0.8843651707698368
1245.39353673,0.8882936209241015,0.8994558106811841,0.9031920003313331,0.7394877518278369,0.5446201064551703,0.3842610638941602,0.8779729247643528,0.2984622585644718,0.6246229168284618,0.21507122199480042,0.28614813146867796,0.780931443214945,0.28606181095032507,0.34173653244336916,0.9383399520262025,0.49327836821707527,0.4573628933574097,0.768555885876987,0.4563853721385502,0.6151635823697913,0.503496580099108,0.9051018886635676,0.6326307655552487,0.85304416777296,0.8973827704420044,0.9044426087399893,0.7396868070679304,0.7798412076097179,0.8846369936466173
1250.80130588,0.8883782563904579,0.8992461760942497,0.9039537802079076,0.7394364051941594,0.5442848410828728,0.3876510156263203,0.8788886838731098,0.3015763109430894,0.6244659071550045,0.2154508145585863,0.2885987134565831,0.7852903930478305,0.285904810324481,0.3433676323612177,0.9388610521724466,0.49538395489675163,0.4590740292163126,0.7680439541179586,0.45808847904803274,0.6153402431083432,0.5041097256851019,0.905378737333934,0.6332853466093908,0.8481418577716577,0.8977894837640098,0.9063089645977362,0.7444167242524735,0.7767378445183081,0.8850341298939156
1256.21247686,0.8887251576980869,0.8990655100084504,0.9047663473237264,0.7392960209200811,0.5439958335395424,0.39081951151108013,0.8791836473096567,0.3045804067823465,0.6244549763425389,0.21581091745441056,0.2912475700461758,0.7889979900885421,0.2857759291340592,0.3450395237658755,0.939279427111868,0.49745850618504067,0.4608201390065132,0.7674267677644444,0.4595329668096737,0.6157110890586833,0.5047628939787131,0.9052593573662726,0.633176772377922,0.8413495560355114,0.8979791146684764,0.907962229419987,0.7490524301246904,0.774106402272728,0.8852843274673354
1261.62708732,0.888746359136556,0.899001669384563,0.9054880717634389,0.7389070302225653,0.5437010464604355,0.3936633477496283,0.8790602435877252,0.3074726845503969,0.6242686428794099,0.2161952945822277,0.2940200159341251,0.7924535826140963,0.28566455295413407,0.3468453610279617,0.9390703439332228,0.4993998819438116,0.46284172151751585,0.7669795530985665,0.46080592524228114,0.6162350258990482,0.50538427318794,0.9046341062519879,0.6324122220763476,0.8337018966520959,0.8974811435542907,0.9091843896779143,0.7535007616532158,0.7715995300906112,0.8856673797452229
1267.05580532,0.8886520791688031,0.8988271757376394,0.9057897875051383,0.7384154810644061,0.5433646044873389,0.3959344604188359,0.8788843725334146,0.3103224672909814,0.623811075627567,0.21654056615855333,0.2968217034906662,0.7957220567617542,0.28554673181467044,0.3486569980192322,0.9381732481478761,0.5014709716476006,0.464847690731422,0.7664043492899746,0.46172323030195506,0.6160888014706689,0.5057657149240508,0.9034989445924299,0.6304730443831382,0.8292434543922832,0.8966206065186664,0.9096973997870381,0.7581581178193764,0.7697187186714113,0.8858386174714362
1272.49861965,0.8885743855472619,0.898436384912864,0.9056769498381086,0.7377583205362985,0.5429273065146734,0.39796948515641273,0.8784016050069925,0.31313048285018025,0.62318329226907,0.21678365437381825,0.2997633631680745,0.7982152244856309,0.28549683901513184,0.3505315366226291,0.9363046444888299,0.5035710720505353,0.4668393176945892,0.7653365517084844,0.46297458037660566,0.6159639868063297,0.5061969540316427,0.9020892245842883,0.6279962429416519,0.8314732115992345,0.8958687219855428,0.9100943562149506,0.7626594734676542,0.7677851059724473,0.8859080433934725
1277.95551888,0.8884593518443996,0.8978878657827253,0.9054063189077454,0.7369203324154655,0.5422585111544675,0.40000121686111445,0.8772267302114257,0.31588037080641906,0.6222824816171186,0.21714399616353275,0.3029226720509778,0.800576085389825,0.2855460616391124,0.3523806453920397,0.9341158741240385,0.5055836958587578,0.468862511241244,0.7639978292240086,0.464008971859717,0.6162408389795937,0.5064669379204507,0.9008532480128575,0.6272596224334311,0.8386894611538093,0.8950805079111881,0.9101884221468466,0.7672756863746202,0.7656686691171584,0.8858957248086295
1283.42649147,0.8884878861140543,0.8975472613541043,0.9051955755788962,0.7359952398048226,0.5416960629696157,0.4018526232361487,0.8751694813770033,0.3186529188917831,0.6211429781936781,0.21759975260897582,0.3062268505632483,0.8028835370754748,0.2856615949013044,0.35427556127789606,0.9315182124450049,0.507885727041213,0.4708542615343067,0.763800856810886,0.46521703752422255,0.6161038106412159,0.5066405206148863,0.9004167949095708,0.6293678124885754,0.8475958880635708,0.894093896575923,0.9101677217042156,0.7718016023694814,0.763755880769415,0.8858071944182192
1288.9115257,0.8888979016746258,0.8975071786794292,0.9048354894306373,0.735434344128987,0.5408820255825502,0.4035298320070093,0.8723976081739537,0.3215160694430067,0.6200278110196527,0.21814200841035622,0.3096745418017927,0.804882516430425,0.2859225726478697,0.35609797689532807,0.9283535050508475,0.5101820529318014,0.47254769065089314,0.7654466069211111,0.4667814875274653,0.6157345145202967,0.5068300254237766,0.8998063458912884,0.6316297716977429,0.855658192499947,0.89252019829897,0.9100775133870558,0.7760688436485844,0.761874899512289,0.8855134480564185
1294.41060969,0.8891803493271799,0.8972394253419078,0.9045978415706827,0.735344345795091,0.5399844043628089,0.405174134548761,0.8690545555597031,0.3242762875196685,0.6188693940494348,0.2186124593092549,0.31346771345082486,0.8068308539695062,0.28619711453334495,0.35794812157759687,0.9241807395353846,0.5121867434323881,0.4742626345288024,0.7672822050062162,0.46851533331424455,0.6155414174390164,0.5069102211519788,0.8977227830778584,0.6320454501436468,0.8606661540471691,0.8906792612476754,0.909539369068574,0.780467746905976,0.7598249727869861,0.8849200826596818
1299.91690127,0.8892877237203257,0.8966342985794258,0.9043003437482435,0.7354035268639323,0.5389552299736596,0.4065235763871973,0.865733748194624,0.32697410451396275,0.6172716175301194,0.2189897175877069,0.31753203913655387,0.8086344335408505,0.2865179318158488,0.35991192097221436,0.9199857683131694,0.514385247754967,0.47603566930959673,0.7680425756359268,0.47002577505528353,0.615116283706421,0.5069908501700074,0.895749003325809,0.6325571536247243,0.8626464017391309,0.8884139537171774,0.9086460154239188,0.7848430531126118,0.7577461499061973,0.8842503081534882
1305.42577023,0.8890467088067131,0.8960029404906771,0.9045395506448164,0.7354759353313434,0.5376789137517282,0.40757306282878975,0.8623334053161542,0.32971549234423825,0.6155992198854792,0.21951811240919142,0.3215475871581654,0.8101210880683051,0.28688510412668644,0.36180579628720516,0.9164527725090625,0.5168084048076055,0.478009500095887,0.768035641659314,0.47119802293812374,0.6153139364870741,0.5069686843627624,0.8937843091397618,0.6338755106466726,0.8624119535062581,0.8853807199201049,0.9070736750106307,0.7894881861666131,0.7555573780426464,0.8832158356664888
1310.93719838,0.8888813677885744,0.8956962872577053,0.9044841794479577,0.7357493775640623,0.5361777069634379,0.4084275242258463,0.8579414747529561,0.33242221074215295,0.6138125874782749,0.22028886968639666,0.32567534273212323,0.8115619659073843,0.28731322728353303,0.3637090319647682,0.9133725473217097,0.51902038128764,0.4799514353207421,0.7674888123646694,0.4722647520576408,0.6155939838081171,0.5068033870763723,0.8908867924821148,0.6348556064411799,0.8600811047427669,0.8817215565756397,0.9052710266204412,0.7937022556964979,0.753236385514899,0.8818487548319055
1316.45116775,0.889196097291934,0.8952491250408,0.9043299714542332,0.7359113560423246,0.5342099546400999,0.40940047087063197,0.8520587032998859,0.33514916152759894,0.6115657150006082,0.22094427441133638,0.3300607438464293,0.8128325097420656,0.2877917285481185,0.36567710268768056,0.9108585962183617,0.5209575873802369,0.4818305188121784,0.7665563907460757,0.4736427074474135,0.6151700920284889,0.5064211441843415,0.8865912847999199,0.6349312593159824,0.8554685982679943,0.8772016787608494,0.9028924898322446,0.7979180387299794,0.7506234706457345,0.8804958093795748
1321.96766053,0.8893603513732684,0.8945921176060617,0.9044346664290761,0.7360966683529311,0.5318991001578771,0.4106177508442351,0.8437614318560922,0.3377717684038761,0.6090707800072113,0.22160432171057667,0.33453613183841346,0.814194656443008,0.2882768538027234,0.36752986986623387,0.9081282128800439,0.5230890256177694,0.48359359862923645,0.7654169088926805,0.47509604263412014,0.6148565765802283,0.5058339104476505,0.8814329140182968,0.6350103750171412,0.8503068269587806,0.8714404922572848,0.8996102427725867,0.8019580594914759,0.7475937624782769,0.8787901787122796
1327.4866591,0.889251834791965,0.8937394319035707,0.9043595419965746,0.7360237845771137,0.529300032339076,0.4118982876795999,0.8326971860616701,0.34035272907122593,0.6061638793594525,0.2223337381874719,0.33914726314244015,0.8152565014834245,0.28870939896945935,0.36935167480591147,0.9055817731067906,0.5253833312536836,0.4852652590746576,0.7641192551664242,0.47620968520568563,0.6147844863520111,0.5053328754359538,0.8756927369311102,0.6355080164444944,0.845514093769874,0.8639689896133224,0.8955067146259347,0.806175882306672,0.7440870398039205,0.8768789468252556
1333.01349556,0.8890310814682193,0.8927454215763995,0.9044193673682404,0.7360076250099085,0.5263780547749193,0.41280065860560583,0.8193512535849259,0.342917063939611,0.6032265087167433,0.2233375609296302,0.3442677551813448,0.8160560762547433,0.28911707841584866,0.371194788328974,0.9031827741997001,0.5277017265893886,0.4870133113567162,0.761908041444958,0.4770933403341593,0.6148807983390253,0.5048581253831003,0.8699928908647943,0.6358740966852305,0.8391253429893418,0.8551424613586588,0.8909008061383025,0.8103451106456878,0.7397895992623245,0.8748243849786165
1338.5688161,0.8887247316436072,0.8919908150919941,0.904407764139074,0.736107517262549,0.5231013725260978,0.4135818862909693,0.8055644721546316,0.34550729992549617,0.6000223818160542,0.22458589905556167,0.3495868231685012,0.8164581025869155,0.28959965083384626,0.3729902029706847,0.9002273179096238,0.5296639661453019,0.4888169942920153,0.7588491165658036,0.4777775992283466,0.6148689609400926,0.5044314342485405,0.8641564160764192,0.6357790063578804,0.8338358744510926,0.8468033710975883,0.8855367016664004,0.8142561898528461,0.7346128132302133,0.8726562600226164
1344.15282419,0.8883961489821555,0.890733926161758,0.904095987714776,0.7359264550315325,0.5197184317443125,0.41452996836700023,0.7932262281966798,0.3479213888382242,0.5962500661739595,0.22564773561356163,0.3549961031527377,0.8170413477476447,0.2901844611782938,0.37470606435222503,0.8957600554124164,0.5311448267608025,0.4904319443402208,0.7541183230946472,0.4782128739563969,0.6147557875744446,0.5039803585163889,0.8579359680336047,0.6351897039739853,0.8316914878524173,0.8407512792596287,0.8798922350646973,0.817684509054984,0.728688320264417,0.8705245347853048
1349.76572543,0.8874868786611805,0.8893540390174032,0.9039126028328667,0.7356662353776101,0.5162201822380248,0.4158392278253876,0.7825907903870015,0.35024351082442035,0.5918680771653794,0.22665248350017533,0.360264365937607,0.8176864788145924,0.29079489899093586,0.37607274356997766,0.8887780803691765,0.532596201565395,0.4919080148639784,0.7469174700294929,0.4783635803146829,0.6141870696863245,0.5034421003188069,0.8508931341538667,0.634029979841564,0.8308235508969339,0.837554008170968,0.873837920940036,0.8208810305191221,0.7222844212191483,0.8681050239046146
1355.4077275,0.8863270606967447,0.8878019581307607,0.9033873823982687,0.7355586059912763,0.5121187722523055,0.41740297941874704,0.7737395956012014,0.3524521064518173,0.5872753890525442,0.22776826166136022,0.36575298765677783,0.8181433446937322,0.29144026955260993,0.3772396701751301,0.8798641532543479,0.5342532135522338,0.4933149281571276,0.7381202926441907,0.47794425143046354,0.6134779507569083,0.5029096019802799,0.8429802494585826,0.6320649032554879,0.8303643797400243,0.8352865163503241,0.8674564281982727,0.8242687540939659,0.715913297068094,0.865645501053112
1361.07904029,0.8855048067240654,0.8858574801884432,0.9035545070278,0.735117898796762,0.5066091069890136,0.4189169132512775,0.7668893186466568,0.3546194391992658,0.5830287217458295,0.22932337415554957,0.3715488952977879,0.818659274385148,0.29211925108037856,0.37851004590176035,0.8726774630837095,0.5364073617238239,0.49421187108140674,0.7305004656381159,0.4769261567464574,0.6113547794019286,0.5017395959849374,0.8345476896721029,0.6286272375651982,0.8309796158562316,0.83230039310088,0.861609320655522,0.8280102393233946,0.7098890379779296,0.8629347001685556
1366.77987583,0.8856220387090937,0.8836798653401072,0.9035780738468824,0.7344696633313467,0.49895353300057027,0.420170687046587,0.7606079519143366,0.3571681051668418,0.5785837118736226,0.2310818173921694,0.37780935784479175,0.8182665219688313,0.29292052225593956,0.37962128914093657,0.8660149664490702,0.5385263663301195,0.4948734903997418,0.7217505667852434,0.4756956711840723,0.6080902841851599,0.49967026569936107,0.8238566667137512,0.6231171553591273,0.8323999759698851,0.8269997712368253,0.856274270874565,0.8319900701078194,0.7040029840225933,0.8601203896394826
1372.46681289,0.8860537239864084,0.8813081100985813,0.903334093686841,0.7341507646334426,0.4898010499549835,0.4211549451341356,0.7534509393333574,0.35967521434394123,0.5737050302125541,0.23298654686063755,0.38418116571760835,0.8171996880035207,0.2939341257827311,0.3803846993863473,0.8559672072582838,0.540134733553965,0.49438431872429683,0.7035460495287833,0.47282931663128486,0.6049371142239163,0.4968642757146833,0.8072660153103419,0.6126481852728741,0.8319232369134094,0.8186366163890446,0.8512351401359521,0.8356269395798603,0.6978155916648817,0.8567968243909958
1378.13342967,0.8863272616451839,0.8782900032776952,0.9032963787540682,0.7340632312872456,0.47980156160594667,0.42167049194980677,0.743116894746901,0.3620284405660815,0.5685435972230534,0.23481738954899525,0.3905648943295416,0.8150480099557957,0.29482451860511805,0.3801180075906005,0.8407656778384553,0.5411826430097095,0.4931281086396499,0.669229749286741,0.46450125788513175,0.6007796439134117,0.4934216608028087,0.7799385493927959,0.5898592131396135,0.8287302602868467,0.8065391680552694,0.8464962542401883,0.8388674784492179,0.6907836920769964,0.852766687735069
1383.78010777,0.8864130166958053,0.8738496636996524,0.9029532026684909,0.7333528158698737,0.46817195875922285,0.4224981404087154,0.7282198158725244,0.3643515975279097,0.5627959126896925,0.2368887846077897,0.39696090159451863,0.8133949875154394,0.2956318661361589,0.37739140670644045,0.8225817668887012,0.5424085427210792,0.4904364897296885,0.6370565385443077,0.4526049918807779,0.5931168310017456,0.4877731723208106,0.7356924141003096,0.5445348064724119,0.8232457112275724,0.7905744186306102,0.8422609952271158,0.8427508575638898,0.6822372349263711,0.8477921154740801
1389.40721715,0.8865570306789001,0.86967799359479,0.9017883790434534,0.7330192311753723,0.45501275819009435,0.4237482804205822,0.7086999053998444,0.3667389922907215,0.5555074654591183,0.23869620177414289,0.4032744122973621,0.8131617242481661,0.29652778301691585,0.37318377616537285,0.804909485980496,0.5423282657672839,0.48476735230434675,0.6224945713733255,0.44526630906565445,0.5838272509097753,0.4793074767248186,0.687537801502636,0.48960545015426243,0.8156608456319037,0.773183816754969,0.8381665024480699,0.8459916631851987,0.6719816405518558,0.8416713344904003
1395.0151167,0.8864931981378069,0.8658231387573215,0.9009789258517084,0.7329085425729535,0.4406951347339328,0.42515716597486597,0.6841450529221672,0.3689593761118083,0.5480891711434225,0.24026507025158347,0.40951218841511017,0.8132590095797974,0.29733769659755366,0.37395147113791466,0.7919710255511274,0.5402565224567628,0.47355304533998555,0.6266055862965536,0.44586842271695565,0.5734764135356607,0.46848486600563816,0.6749457631421475,0.4803644663053885,0.8054323899816382,0.75819423411034,0.832502315026551,0.8480609970680844,0.6600026640099724,0.8337153988477592
1400.60415467,0.8869054704533452,0.8616331810172287,0.8999240929688299,0.7322120062045903,0.426951158794346,0.42668371151911055,0.6528852329843154,0.3712031111708285,0.5429856287129791,0.2419689980403607,0.4162657992905733,0.8132638515355393,0.2982760036110151,0.3784544868248939,0.7884882942879701,0.5379245070214719,0.4546550831408527,0.6413462932634019,0.45323551343952767,0.5615752230728469,0.45568235238708293,0.6777823985524289,0.5263579827234623,0.7911985984528916,0.7447851434891608,0.8239043946228795,0.8500378268831366,0.6455548690861018,0.8240346478678173
1406.19775036,0.8873427814165639,0.8569358812060881,0.899209711586933,0.7311717847764397,0.41650446107714284,0.42836616051798776,0.6127181633261322,0.3735518736822402,0.5393087656409198,0.24413315890100826,0.4235438066691522,0.8127672857660426,0.2992265692000621,0.38217291308663803,0.7878025870505901,0.5361232765670754,0.4339204200768778,0.6538378750917108,0.4620321314618439,0.5501321614192997,0.4433871065131468,0.671637287917746,0.5689758538041465,0.7714419873035349,0.7291164772278353,0.8121482597449411,0.8527117417770251,0.6289982874950582,0.8127644078305127
1411.81328293,0.8874039886892956,0.852941578992885,0.8992937993017569,0.7302538623929345,0.4109344495533081,0.42966251131592187,0.5664638967917808,0.37598031850292135,0.5349849221668709,0.24654354639264656,0.43074222810959434,0.8128326409258217,0.3003261921308656,0.3847326626218289,0.78142560610106,0.535303165710794,0.42795690094092764,0.6615462181879195,0.4696165890320977,0.5435418655452506,0.4339826106705427,0.6645097480550181,0.5900396629633955,0.7441234229879844,0.7100238283177013,0.7974744551321048,0.854942479930682,0.6110954677519604,0.8002480601501812
1417.45083527,0.8877346630337712,0.8496284598028635,0.898931831701409,0.7292013060326701,0.40946741497972766,0.4304564318889426,0.5258445252377346,0.3780947240495497,0.529799771219459,0.24891311278674158,0.43794595137150727,0.8137003352999433,0.3014059557305725,0.38702574908627574,0.7905510664136072,0.5365011111420098,0.4432198681358263,0.6649795253801705,0.4755951860684867,0.545073763674467,0.4284042177429904,0.6643782136492467,0.599621117468452,0.7041991137938195,0.6909611740814854,0.7800327427950121,0.8563878292489555,0.5931871281523456,0.7880055175660243
1423.11049053,0.8886650307000539,0.8465295589212118,0.8984917126137318,0.7278502367027334,0.4104387672513728,0.43133616008439785,0.5054506224866068,0.38009920002783315,0.5244461710174133,0.2512699342121363,0.445241385740646,0.8145130229360988,0.3023856231235571,0.3888579062170056,0.8268115884543553,0.5404286567579311,0.46561349908234206,0.666331883870505,0.48001725146702334,0.553636958298005,0.42611890761173765,0.6712570939940594,0.6053103444038967,0.6544457393276992,0.6765905234152305,0.7613938100631205,0.8572675359400239,0.57633811838037,0.7771761462956466
1428.79233216,0.8892989064112428,0.8437000794853712,0.898063290236499,0.7262011837532473,0.4123888980576448,0.43218438850372215,0.5120669098489088,0.3821710457457357,0.5188315802023566,0.25373846667251104,0.4526180921292555,0.8148086070322782,0.3034377755594635,0.39020256073082593,0.8583827958773284,0.5459163959921758,0.4826612469007505,0.6675279988930624,0.4835746503278714,0.5640447552050784,0.4259479512653456,0.6817212106618481,0.6097361180194845,0.6313729000758201,0.6710795015592367,0.7429093790952048,0.8578517427911907,0.5613882293491217,0.7682705589157973
1434.4964439,0.8894891101193475,0.8411117672889252,0.8970062085625714,0.7243141116194174,0.41463712979408957,0.43301898935799427,0.5384822790986409,0.38418251050925295,0.5128239215242956,0.25635325407441667,0.46030959987094444,0.814820867810831,0.3044642927423138,0.3915157319096466,0.8785503162440429,0.5514586612973637,0.49306345676960367,0.6688008322516129,0.48662746489234754,0.5732349921439566,0.42886790044715833,0.6928560366460705,0.6135710184669615,0.642646937440192,0.6748610372346121,0.7228730782222996,0.8577840501917884,0.5481456999823893,0.7622768257703909
1440.21938683,0.8897076548600162,0.8384957206976739,0.8962212120899303,0.723100335879544,0.4167475203910397,0.43392799966319495,0.5722825731799752,0.3862526782151955,0.5062582571316199,0.2590262249791554,0.46791133662312545,0.8158146988381864,0.3054302000955748,0.3930842464011128,0.8906882207213277,0.5558783373404131,0.500029673193894,0.670394230353311,0.48940269179619117,0.5806223462297904,0.43627368461057847,0.7028437718340852,0.6173948543896958,0.6590054950754609,0.6852214187387385,0.7005650170410406,0.8564263767268576,0.536383975229144,0.7589825671191504
1445.9515979,0.8898813079193675,0.8360148390896064,0.8957205391758549,0.7217521809136157,0.41853978707627,0.43452472165641176,0.6038955532237626,0.38817291825697564,0.49947617802633776,0.2617986442226906,0.4752811811720068,0.8164046447292544,0.30647126791763074,0.3948306734928015,0.8977371911472191,0.5593840019710093,0.5052673628831776,0.6720525260115455,0.4918257398555079,0.5857077944955376,0.4466312555612776,0.7108296876757295,0.6215520338842688,0.6601638554259454,0.6983465084441084,0.6839885571914354,0.8538017146767874,0.5257218644474485,0.7585036502755168
1451.69304835,0.889973545376402,0.8336470389617856,0.89571664896401,0.7189935749066755,0.4198482187419836,0.43508590792047636,0.6275319039222815,0.3902072205500949,0.49273151854957387,0.264493997113246,0.48264815077655243,0.8165516741322002,0.30748391411225945,0.39703160373559365,0.9024815760835737,0.5625057672396506,0.5091786881079549,0.6737541757502084,0.49396082343973335,0.5886819732679562,0.4552412142270952,0.7167114117472646,0.6253476346875348,0.6485639181495467,0.7124934346792094,0.6827202413009166,0.8487478243225022,0.5160885956514956,0.7598575135675121
1457.44370948,0.8901293321940653,0.8315786750746413,0.895635174730143,0.7150096635310248,0.4209301823241753,0.4355937139739057,0.6401670920969658,0.3920862095239339,0.48592483348117693,0.2673730177170116,0.4901027096453569,0.8174136015003111,0.3085044518569498,0.3992384527614602,0.9066706489608283,0.5655023519117779,0.5120184062554036,0.6752533850898064,0.4956650839748022,0.5903989992610758,0.4605994041221866,0.7207932663189521,0.628380343348981,0.6333703621771032,0.7249032392632772,0.6922351163497814,0.8403479745095961,0.5074844157115425,0.7619368461751835
1463.20355265,0.8902039058318122,0.8298243909116398,0.8959313050828446,0.7085809414083931,0.42272354735432965,0.4361065739355611,0.6446917171152297,0.39383107005342005,0.47878751221209476,0.2703209965408381,0.49762987422130817,0.8188245151485694,0.30943383795449686,0.4013322914718628,0.9098162663729759,0.5680613414559774,0.514426641419099,0.6769055568202862,0.49721279589506195,0.5925305670148353,0.4641329068173666,0.7249377217554354,0.6306802527651874,0.6182546151254191,0.7326990074050891,0.7018464447764324,0.8284913125352931,0.499714766484052,0.7643499859593416
1468.97254925,0.8905549975455679,0.8281764084606875,0.896568158433013,0.6982230837249251,0.4257088648047637,0.43646542810012195,0.6535449432763681,0.39559863259800854,0.47175279221823646,0.27312684967733536,0.505449603050919,0.8196951804130489,0.31037016639491605,0.4033940595445457,0.9122927100328977,0.5705860300094766,0.516725599354731,0.678679791185056,0.49845644992260724,0.5952003401084816,0.4677381621271972,0.7315580539654187,0.6327831925233433,0.5957699545916763,0.7357603912110271,0.7084093566392925,0.8151111346384677,0.4927786373649238,0.7668689468827682
1474.75040717,0.8912728072417477,0.8265744674310551,0.8972681402367776,0.6850998033877491,0.42954325004487,0.4362573397114297,0.6752846795329284,0.39733025280976914,0.4647615536707052,0.27611052421965254,0.5133740192091375,0.8207371738886455,0.31136099984795873,0.405221029965902,0.9149690999858167,0.573228429899346,0.5191177964213137,0.6807500366055237,0.49970915279035305,0.5990380937536283,0.4717109145986497,0.7410152263637003,0.635191626685318,0.5683313137721938,0.7375332227955366,0.7121740219068888,0.804104411654848,0.4870277378564706,0.7698165385268168
1480.53455271,0.8913560394197454,0.8251809081248167,0.8981347918113766,0.6794440030192915,0.4335768976300491,0.43561765280024234,0.7025325748168078,0.39912514970834584,0.4575917234268535,0.2791035516212976,0.5211872072120024,0.8219599968981098,0.3124218625756012,0.40704984359805024,0.9171463503094214,0.5757736867153286,0.5212560924555935,0.6831504847748884,0.5013663556508879,0.6027379192512058,0.4757520322780255,0.7514887392817176,0.6377059107138543,0.5736573019871697,0.7435839673657866,0.7134422563575853,0.8020498165684001,0.4823671038880466,0.7735907664691642
1486.32495713,0.8913426210473007,0.8237705757075839,0.8995121159022035,0.6881841517903057,0.4375690274248098,0.43498254755241134,0.7275040822884615,0.40068891913015353,0.45041518017499704,0.2821838790547521,0.528963456162135,0.8235649086015159,0.3135510025702019,0.40860718698216164,0.9188968259934998,0.577958082617667,0.5230544934852177,0.6855054296076051,0.5028987900713736,0.6057671162211593,0.47936447597570414,0.7612029165328634,0.6401894383890744,0.6185944233201516,0.7534835631764419,0.7126576579740106,0.8123817886116702,0.47831077118325704,0.7776374997623801
1492.12159183,0.8918165952577584,0.82253923363762,0.9003758616567593,0.7030455516484898,0.44140249034495155,0.43383494137098233,0.748789529190011,0.402365348970558,0.44330546973880974,0.2853844810519602,0.5366103168814219,0.8246899245840246,0.31462172624788687,0.41003157899457804,0.9201125615897027,0.5801654688054481,0.5245192309941781,0.6878356659178891,0.5042726722134626,0.6085541817773921,0.4826154205393249,0.769853241109403,0.6418481557988486,0.6584310049483995,0.7633966114914215,0.7132147464879673,0.826832077750749,0.47416903407809724,0.782116475568325
1497.92442836,0.8922043957407287,0.8215542844494151,0.9006689830047439,0.7141319247393728,0.4450627514245956,0.43199706755237893,0.7661955109744523,0.40413711220402193,0.4362113575658177,0.2887484184434999,0.5440701595734665,0.8246335873063538,0.31549624963210854,0.41137165205753806,0.9208227182103731,0.5824647971453576,0.5255342806943804,0.6903391866371472,0.5054938508033725,0.6108980641321348,0.48545056159015837,0.7776613815037777,0.6432583152436924,0.6836750665132779,0.7727087461457173,0.7195208500166103,0.8362149600339353,0.46986156025749404,0.7865798432667902
1503.73343845,0.8924499979702251,0.8204383500545469,0.9011308860548326,0.7204061421985509,0.44842176755408597,0.4296526418889953,0.7799469832125733,0.40585670370584453,0.4289251539493649,0.29213065572564234,0.5512596834958727,0.8245007031392588,0.31639497723067234,0.41242450208607034,0.922189373452904,0.5846110157994824,0.5262013569030042,0.6928453645297987,0.5066397733761238,0.6130454300640765,0.4880818552343038,0.7845942185888422,0.6445597547205331,0.703654073682292,0.7814938547691722,0.7301386005715718,0.84076456848835,0.4651840346313102,0.7907941829972531
1509.54899004,0.8925997726303079,0.8195376072326876,0.9015743269233434,0.7242597030338161,0.4514638488967142,0.42709714689105,0.7915191912112753,0.40744073999257835,0.4217153882237913,0.29545838624511056,0.5583199648841782,0.824753038870018,0.3173852419251079,0.4135143929924841,0.9240703043905016,0.5868974329099316,0.5272413745984464,0.695608000982599,0.5077953861246347,0.6152786220165644,0.49038200550381333,0.7908727372209562,0.6455035111764935,0.722516221626544,0.7890730493754771,0.7398943037419383,0.8432475955916867,0.4600279624727875,0.7947673762755308
1515.38336105,0.8927076163833952,0.8189501271258259,0.9018778829886421,0.7269931875173175,0.454317075263047,0.42449707987938096,0.8017272224146718,0.4089730361931333,0.41462833156966133,0.2989641932186562,0.5655384720090217,0.825844884710749,0.3182343689384685,0.4148685693988392,0.9253100140071695,0.5889743155923606,0.5279857100546621,0.6985699341596913,0.5089094104081027,0.6167757584570532,0.4925449588305056,0.7965959519280743,0.6463141830357513,0.7375836859726355,0.7945199905600159,0.7459884662860176,0.843847448967321,0.4545904164586541,0.7983335580659369
1521.23658861,0.892874967923423,0.8186543800076038,0.9020006685597535,0.7290475075966315,0.45686761150378474,0.42176763440422854,0.8112823385170651,0.41052701714612144,0.4073881378907713,0.30242858956455954,0.5725386588691577,0.8268616147003618,0.319177137331799,0.4160250852900786,0.9260850615345738,0.5908268072743469,0.5286305130181153,0.7014859843263223,0.5097812344708661,0.6184051534956531,0.4944707834002878,0.801842471547827,0.6468007294785948,0.7480704327673239,0.7981788951442578,0.7485160898349559,0.8432184166603829,0.4486689121509487,0.8014501180229469
1527.10870977,0.892950604516499,0.8183111136324206,0.9027945638680589,0.7305049902645043,0.45925497685166783,0.4188039900261354,0.8197260165481993,0.41181230405634567,0.4003404113613028,0.30581195627650076,0.5795932760841936,0.8275958475750883,0.32011942221315626,0.41720369864047896,0.9268390198006217,0.5924169942998484,0.5290082525650063,0.7043871127750291,0.5106047766820184,0.6200256283154592,0.49622378208776063,0.8067907491947897,0.6465597967572693,0.7552584959105649,0.8002410449811619,0.7486407980999724,0.8424845882033429,0.4424846958035528,0.8041317758982982
1532.99976154,0.8930701044807905,0.8181229376521937,0.9039956662776786,0.731587472930409,0.4613523598769387,0.41587364861654236,0.8269251772978842,0.4130532580007197,0.39322908970698234,0.30934484128946327,0.5866361262443447,0.8280424093507898,0.3209116660647035,0.41837649251378395,0.927904323735685,0.5943214397603733,0.5293774290945898,0.7069199537910985,0.5114442670605106,0.6212584314758886,0.49769182320296096,0.8115471273968996,0.646003125963476,0.7602342731081847,0.8015530227667059,0.7482422635194655,0.8417004066385136,0.43619403887957836,0.8066054098876301
1538.90978084,0.8932432556677922,0.8180790176936871,0.9049912596578791,0.7321407320215033,0.46328890355263397,0.41377428915069286,0.8327785447224316,0.41432036502579667,0.3861180030268527,0.3128631588265355,0.5935055774717176,0.8290270689891966,0.3216844833285514,0.4196641928509522,0.9287319856060013,0.5967518205915157,0.5301050623930947,0.7091325255438533,0.5122778889538446,0.6226450261802495,0.49923794745834915,0.8161220802556886,0.6463967560983541,0.7644962146660056,0.8037055902869761,0.7498175102929117,0.8414084998048152,0.42998506023876154,0.8087928994894811
1544.8387776,0.893441965361869,0.8183079631146988,0.9052228193733833,0.7326238634112899,0.465049026195904,0.4145837039994697,0.8382260843047667,0.41560546023311556,0.37927004388211105,0.316313154230274,0.6001749439017943,0.8300109632815598,0.3225667290006547,0.4210459128260467,0.9297675477567265,0.5986586156547593,0.5317822839332728,0.7107391520097744,0.51318012593028,0.6238477594210797,0.5005169962896814,0.8206165043490656,0.6483165143075137,0.7675431772894461,0.8071732618560323,0.7556492181406085,0.8416490212786378,0.42490605148617305,0.8106497795676451
1550.78660554,0.8934641895869033,0.8188255957148637,0.9056457735537834,0.7332647328614335,0.46658366110226523,0.41840790636777375,0.8433831111656714,0.41676636360558356,0.3723720999567473,0.3197396553319443,0.6066397530877947,0.8303767293678177,0.3231700239988269,0.4225355306454464,0.9303971043227404,0.600381867632571,0.5336486900862126,0.7119609305895322,0.5140813412547921,0.6243551025171119,0.5017660668281109,0.8244400721190351,0.6507833191813616,0.7695538125482898,0.8122540149639282,0.7655314848261215,0.8426701269914236,0.4222231046266878,0.8124393216486405
1556.75329898,0.8936269202039259,0.8194296084378941,0.9060278406995974,0.7339142074196447,0.4679267557649907,0.4241435637041369,0.8477852458192792,0.41779519574463997,0.36554917631490325,0.32305315309311194,0.6131049825043313,0.8308374147093556,0.3238155615013022,0.4240375810787083,0.9305400302790581,0.6019426896352036,0.5355497783273031,0.7124338349363359,0.5149856044142667,0.6248563739149153,0.5029638517389267,0.8279433635748554,0.6526382399833117,0.7709132044752082,0.8176376563580807,0.7773913277613522,0.8442737382248698,0.4216516668519987,0.8139813433662051
1562.73889214,0.8939266328523519,0.8199867236723496,0.9066778792880693,0.7344273201458545,0.46906934002528256,0.4303379209973786,0.8514763181583137,0.4189850905744155,0.3587648928032792,0.3261905885667162,0.619356253408466,0.8315022001529311,0.32449845190102394,0.42534316307677567,0.9308605162929973,0.6036569743938303,0.5369801283583909,0.71273068347237,0.5159509953469,0.6258901409616168,0.5041212710172489,0.8314208087232131,0.6539433726657218,0.7717985854187187,0.8226031756916086,0.7884460909400606,0.8469871993451031,0.4216909938226024,0.8155222738234049
1568.7434192,0.893807028824291,0.8206420068026864,0.9064100206593196,0.7348727938528905,0.4700236177264359,0.4361464081654512,0.854762780174624,0.4200546775395677,0.3521392457803093,0.32926399971562026,0.6255354355085286,0.8316868865115257,0.3250599679319871,0.42683095079620526,0.9315220502270295,0.6053224544823098,0.5383827909914396,0.7132491614735619,0.5169669569348283,0.627153249090917,0.50541733126568,0.8345919009362998,0.6550343190452355,0.7717968774865687,0.8267570253573258,0.797743781960626,0.8499255653360506,0.42138147494239625,0.8167958488771961
1574.76691423,0.8938970727894072,0.8215720135134728,0.9060785137799349,0.7350765682387127,0.47084737416776673,0.44148881597792045,0.8578256722075858,0.42116259429275366,0.3454851442495423,0.3325801789384042,0.6314747996097236,0.8316120798432242,0.32558125398572263,0.4283359407749167,0.9318654870049623,0.607062799146453,0.5400611292236926,0.7137300254453075,0.5177807284461695,0.6285189519600782,0.5065079610662218,0.8370132140117017,0.6560385538330286,0.7715605599645813,0.8305697429839848,0.8056718988036519,0.8530069783191978,0.42045110452392354,0.817989202138697
1580.80672696,0.8939283033796113,0.8221551495723072,0.9062262071366036,0.7352300853498145,0.4714661491155828,0.44665001368564133,0.8611461926584658,0.42221107324235513,0.3388968998577159,0.3357794079606228,0.6373425460067265,0.8317835220826265,0.3261330398935977,0.4299477880069268,0.9323059113456069,0.6090026465911341,0.541887957290015,0.7143027162825832,0.5184349913805726,0.6290741339954007,0.5074448808094875,0.839383037831829,0.6569851348887941,0.7709691056122723,0.8335274764025018,0.8131523715567401,0.8557634167362501,0.41888680248886057,0.8190130979400946
1586.85843732,0.8940555292167319,0.8225308759472328,0.9066491743759196,0.7353283005848601,0.4719828892879469,0.45163070712100983,0.8644252344550664,0.4231509911388208,0.33253999370877496,0.33910473778653083,0.6429469747419586,0.8320932155591503,0.32662491373003294,0.4316045740233001,0.9322536807233291,0.6107602814613228,0.5438110175393768,0.7147028060869203,0.5190913902796704,0.6297218387158164,0.5083553825407281,0.8416953471681718,0.6576385517275286,0.7702919754142171,0.8357328686561785,0.8200042150848665,0.8585990120876484,0.41665300861285814,0.8201269965777404
1592.92202448,0.8945276604423963,0.8228042392991601,0.9068950099700469,0.7355520698593333,0.4723783179211255,0.4563050545012309,0.8669338934225093,0.42397431801033714,0.3263161953138073,0.342461783827714,0.648198941128581,0.8320552963432873,0.32717935262634473,0.4330945175594827,0.9324587196184762,0.6123838539312322,0.5455597181745292,0.7151574743397914,0.5195858053251987,0.6305748956745221,0.5091423020290301,0.8441341396148299,0.6582245603565261,0.7695779607784412,0.8379847010569993,0.8262586272191553,0.8611924712940587,0.4142172139605583,0.8210123528727935
1598.99746754,0.8955123426945757,0.8231013131307379,0.9062489951638201,0.7352430773634204,0.47263849553169557,0.4606606117500169,0.8682461759850875,0.42470702328120197,0.3200446918549797,0.34574127908600194,0.6533431403524915,0.8320107879841947,0.3278257392554596,0.43468630471667,0.9328995562599268,0.6137374096201501,0.5471697747955429,0.7155028885894602,0.5203665804169744,0.6318131890965465,0.5100369279904821,0.8460195970090799,0.6590761806143834,0.7686880116676146,0.8407610059462312,0.8326053900497135,0.8636663920892168,0.41182179050514817,0.8219817452329002
1605.08474557,0.8957684523413827,0.823475583393314,0.9058085952142074,0.7352583685472659,0.472764068790524,0.4647425961608539,0.8698517918797186,0.42544521630823817,0.3138340348713936,0.34884347029692786,0.6584115117465735,0.8321048781144328,0.3284751556461574,0.43620990066611565,0.9331886654538201,0.6152373004088603,0.5485386621022555,0.7155571002995812,0.5210267563210627,0.632640366065118,0.5108329912107866,0.8475939923064826,0.6600349417042872,0.7672174995724775,0.8430960586401852,0.8389320982880278,0.8659511077742461,0.40957909472910814,0.8227907941859178
1611.18383758,0.8955744660617128,0.8236869232678079,0.9060459237902256,0.7356698073915381,0.47285673619703716,0.4685858032536571,0.8716092207615381,0.4262466099648883,0.3078137156380656,0.3520207472787415,0.6633950307981362,0.8325129240985404,0.32908453533406157,0.4375756809683625,0.933200305166991,0.6171193385264793,0.5502586361956755,0.7154744823708965,0.5218639095411158,0.6331573582448196,0.5115419423034726,0.8487591999322404,0.6608028303070472,0.7663655128198917,0.8446524875869518,0.8451150768004705,0.8678132176264864,0.4078471873500791,0.8236365589986636
1617.31109985,0.8955443094707785,0.8240737866600835,0.906572997465781,0.7357852917003507,0.47274957802523543,0.4721363356198852,0.8734424221837522,0.426686209509395,0.30213420653717205,0.3552493059083682,0.6678950829649852,0.8326111179439186,0.32953928670469346,0.4389271535394276,0.9325992203107204,0.6186288297635452,0.5520342947508341,0.7154077647633097,0.5224151098780558,0.6333834066180444,0.5121628640736041,0.8501148120649242,0.6614179624891434,0.7658119030613915,0.8460377253406999,0.8507798789626664,0.8693462364726163,0.4068496758300436,0.8243538624210653
1623.47024896,0.8957194656708461,0.8237622020410583,0.9069965688655287,0.7356694517819202,0.47267538964573996,0.47559277589313964,0.8748316839443234,0.4268618738298193,0.29651786303667643,0.35845651457822825,0.6722813815283842,0.832373554616579,0.32982240152659187,0.44030725430306594,0.9317327878332928,0.619887539639134,0.5536138994264214,0.7149821945604218,0.5229026167826191,0.633187674697777,0.512685323453069,0.8513448261633279,0.6620046959030019,0.7650714533675237,0.8475220516739492,0.8555851438670614,0.870751573463397,0.40650722908644715,0.8249840113902802
1629.66154068,0.8957908045274285,0.8236247728715108,0.9068520332969466,0.7357592350371047,0.472439685139648,0.4792271875922181,0.8755587084672862,0.4271524555047395,0.2911646017948568,0.3614731784641889,0.6764641210030106,0.8320875526853982,0.3300050384373369,0.44173305082800296,0.9311912985627243,0.6213055059194332,0.5551278449170389,0.7145460765238929,0.5235745106722591,0.6332549442614197,0.5131699111845048,0.8524678687021359,0.6625122995914973,0.7640366563522372,0.8486343758934269,0.8600271873845423,0.8717715643006061,0.40674563161707766,0.8256122562898299
1635.88523392,0.8963692941121592,0.8229147855748175,0.9064203135059956,0.7358219291597909,0.4721301839285535,0.48275974079339135,0.8758921684234154,0.42740713088953936,0.28603310288901457,0.36464966045982505,0.680648708483152,0.8320266901532736,0.33022533481659144,0.44323594369621594,0.930808275476895,0.6229725038554312,0.5564189844920119,0.7144286429183532,0.5241837134127668,0.6337373204174392,0.5137924831631792,0.8537287308486392,0.6630281142688297,0.762932519630634,0.8493825560445133,0.8644741962438006,0.8726046247518175,0.4077744259344768,0.8259925403157873
1642.14159076,0.8968933868797561,0.8221709518690717,0.9059131048749773,0.7359691244069007,0.471554955920735,0.48636248255415493,0.8758041046623566,0.42791602608724183,0.28106941867053076,0.3676541862736265,0.6845793367567776,0.8320805196930529,0.33044726679054864,0.44473765928691283,0.9307685791472146,0.6244674270403404,0.5575031673306559,0.7141310193469267,0.5248744891284001,0.6341114281428349,0.5144622971066471,0.8546643726566054,0.6635277042059056,0.7616173540107474,0.8497218980429513,0.8681542793057734,0.8737977830672106,0.4093960720458607,0.8263031015393589
1648.57498892,0.8969392258018286,0.8214852531070005,0.9055440148267705,0.7359744159778315,0.4710075889831576,0.4900271534755659,0.8752795232645834,0.42822197746670915,0.27625117809905186,0.3706250664733898,0.6882491941915604,0.8321592681527596,0.33071358625917197,0.4460421447394749,0.9303481696769557,0.6257026702136756,0.5587310269233677,0.713981089473566,0.5254032397379004,0.6345045034275165,0.514896421269578,0.8549945701966243,0.664067766416403,0.7595934988800659,0.8492745726707385,0.8710386069269335,0.8737854190802301,0.4109413794644328,0.8266211278384545
1655.33520858,0.8967305784562177,0.8206721126467389,0.9057992495308934,0.7359792138870452,0.47008801426600055,0.4938321130638825,0.8743534371553242,0.4283888976312898,0.27144192003288886,0.37397755448468023,0.6919312562044506,0.8319803995724728,0.3310467071322175,0.44750214691198603,0.930070186452638,0.6264707595033572,0.5598849847500694,0.7138697759019448,0.5258415311798216,0.6351125475143716,0.5154176522103407,0.8546136822590005,0.6646269415797628,0.7567877359268891,0.8481661334895462,0.8729372642358899,0.8736079034679861,0.411673545961883,0.8265744065955836
1662.47344048,0.8964205067276989,0.8181336876499228,0.9037904720905415,0.7356407806632628,0.4676520392877232,0.4982864139177882,0.8714764764708677,0.42799840413335194,0.2659466471388877,0.378121107762603,0.693750294837396,0.8308532331763193,0.33234906928531666,0.4489228512706098,0.9285382572166442,0.6277287812184374,0.5600938672366819,0.7125116700720624,0.5266750327550894,0.6367148599015664,0.5163196861641691,0.8515013884002203,0.6660014169137081,0.7558047186218894,0.8452675407741738,0.8730657771376439,0.8750528834025343,0.41302937611510504,0.8271314756392136
1670.05561049,0.8969524970685221,0.8215023795771854,0.9099009248294762,0.7360277507175844,0.4684132893619971,0.5005783304890977,0.8677638362349333,0.4293365449178036,0.26120149063610826,0.38025065090224064,0.6996922822516481,0.830625452239726,0.33239046155221724,0.4513056687831563,0.9275199378240171,0.6296987975101709,0.562679900894732,0.7115756494643071,0.5263438487557061,0.6366466740881913,0.5169038589195851,0.8520241433201062,0.665761492301841,0.749472278403654,0.8412681498793414,0.8738631063568059,0.8752786006928353,0.4118269807140305,0.8291182394532723
1678.16902352,0.8983417080427882,0.8174533624588511,0.9074132174718262,0.7352074334744176,0.4661967855251832,0.5056129166745316,0.8657427031938953,0.4290630896692321,0.25530029845744096,0.38344295644788395,0.7062649064934794,0.8288744026250773,0.3319677361082453,0.45088034457877774,0.929224849874654,0.6302542808442003,0.5618619596761426,0.7091264808263719,0.527153095091237,0.6389073991022453,0.5178995882387287,0.8499911119570606,0.6671011404681911,0.7446354156292303,0.8356650728379301,0.8715536001647943,0.8707055354107234,0.41139912211761887,0.8258733672693851
1686.55255666,0.8967611271844165,0.8152483153052043,0.9065586108961246,0.7359606406611113,0.46561860594553767,0.5086901370855217,0.8636274133392082,0.4302628427703939,0.2507137458974664,0.38707976766916524,0.7076035108274811,0.8309207500338015,0.3324090798576197,0.4526794526768338,0.9256288779864058,0.6314868364361403,0.565119524384647,0.712906278436083,0.5278437068551168,0.6378143790053191,0.5184470205783535,0.8502128551621964,0.6668557084258991,0.7396798455463414,0.8327497109432789,0.8658758947334194,0.8729534011027784,0.41231296872306555,0.8216123922922638
1694.9652068,0.8980571123906772,0.816133581525817,0.9080196980865755,0.7348865818214588,0.4648167196920023,0.5152099426621551,0.8565437804381689,0.4284062624391011,0.24416866072994178,0.3903174662380778,0.7094142618341793,0.8315375705973544,0.3318813555321946,0.4534645368255587,0.9256539859031266,0.6295404956050469,0.5671926928656464,0.7102435968915811,0.5288296430613407,0.6371397973579527,0.5177335371900997,0.8513121831260475,0.6677594295841112,0.7340214516495921,0.8241611994470992,0.8622005683789774,0.8719862742395029,0.4111029946723368,0.8230836625796238
1703.40698655,0.8958876307050974,0.8144239113898326,0.904908314816714,0.7367455281466996,0.46219089202763963,0.521228183300994,0.8493698318850691,0.4263922238614879,0.23916585230966975,0.3918126246253261,0.7123434793577601,0.8358708581585611,0.33210709846140524,0.45655958292950416,0.9263491457735152,0.6340154932782449,0.5675980767841443,0.710679447819196,0.5299949207965109,0.6375587313351869,0.5185737712195665,0.8430714258553011,0.6718447618395867,0.7253628184440833,0.8207584521002121,0.8464113622344721,0.8769290387178088,0.41201422645953906,0.8174322497327787
1711.87790799,0.8960774765304361,0.8146447574921797,0.9072114007784328,0.7327712807356903,0.4606665777217556,0.5267640293160707,0.8424151843987013,0.4256939595510828,0.23494698961214133,0.39577831698905036,0.7145383613193137,0.8333308782236991,0.33384008152603406,0.45865367322760114,0.9261557734768258,0.6350707675644042,0.5673388221015688,0.7095434487880558,0.5282443787052046,0.6388579543068654,0.5188057492498708,0.8419388074359084,0.6697228555357807,0.715625266492798,0.8134818703134885,0.8279293251008174,0.8752148643131916,0.4117443045997524,0.8171722632956898
1720.37798277,0.896950556877127,0.8095180285632461,0.9086540356147845,0.733429601233325,0.4581540509521246,0.5300180138528647,0.8341984674901978,0.4274640509394211,0.23083606777112523,0.400239695017874,0.7200653992478532,0.8321986461614426,0.33494443920351935,0.4600120978043769,0.9233969763676648,0.6389212988508104,0.5682435750519436,0.706759564892559,0.5299781604758621,0.6348427591718272,0.5174884610400725,0.8381850633563404,0.6706901718165657,0.7005326172706592,0.8019992033711781,0.8119800462979451,0.873763269410101,0.4137943466998894,0.8162958810589157
1728.90722205,0.8947734879260243,0.8120556441470437,0.9065448009455881,0.7324538227414908,0.4564724378548,0.5352858658869929,0.815258699610446,0.42654072179089014,0.2261117322011054,0.4018013235937126,0.7228761689063093,0.8324517708759283,0.33514891783309947,0.46048848727259056,0.9162350951922853,0.6395633341769494,0.5696936726309236,0.7082943246890402,0.5302328780809862,0.6349913913821096,0.5181480085586413,0.8325572950078651,0.6698916768214815,0.683286308318153,0.7853896433538351,0.7957471593134675,0.874429922542098,0.4147078788790567,0.8177534920619645
1737.46563653,0.8976798673274518,0.8120876298135578,0.9124963820203914,0.7326302471453757,0.4517150489322897,0.5400713771243132,0.8014952327986267,0.42507457124240333,0.22217641846639252,0.4043109797662586,0.7238611143891147,0.8331359690061186,0.33319084492605355,0.46072676826626996,0.9205471214924553,0.6401748181219636,0.5699574667197367,0.7057034602310526,0.5296470448353466,0.633685476817876,0.5198304285422323,0.8302051156171097,0.6731451284125278,0.6611082792243963,0.7741244000805809,0.7771903872464307,0.86936043318595,0.41884961008663574,0.8123139961091114
1746.04891596,0.8964341857766939,0.8074192530835976,0.9101756062046034,0.7319831628656145,0.44990016150951545,0.5462790728767797,0.7803176999541157,0.42564614240258714,0.21803285423576474,0.407641171810203,0.7245098684341612,0.8291710258367709,0.33423854917402895,0.4629893049209911,0.9174167326557805,0.6421992573392166,0.5732434558069,0.7032372241299771,0.5303228236228003,0.6319051209983881,0.519560649572825,0.8238548362261315,0.670490542493582,0.6402282671003408,0.7628157587230888,0.7615413984561015,0.8683239346166386,0.4217005285426461,0.810968091951394
1754.65358123,0.8952669396419146,0.8101797766517801,0.9094196132259931,0.7342085925736153,0.44756386477785676,0.5516108161363207,0.7582882357895436,0.4214941943120097,0.21469945402049737,0.4101463000005162,0.7279145456431219,0.8309187662471721,0.3334004229586903,0.4633538694619913,0.9138961712341276,0.6414355131757004,0.5696931885881955,0.7035739413678502,0.528905533258495,0.6305022586066565,0.5171752700193343,0.817600878072508,0.6722254220931382,0.6232544332473818,0.7530599798011094,0.7559549599118115,0.8692879593726583,0.423955274227522,0.8112508839823278
1763.27958128,0.894606412694963,0.8112148839733828,0.9097240184131152,0.7324781435510148,0.4451341499552764,0.5548595565278495,0.734440966613111,0.42153664042391964,0.2119031190673771,0.4134117290543377,0.7280770335406858,0.8294127597769834,0.3339941037636163,0.4619697225401349,0.9132787806679994,0.6444870757451064,0.5696995485355968,0.7008482718006296,0.5285639885220974,0.6315134104045492,0.519142386001293,0.809166874046896,0.6716294209541478,0.6155089581320998,0.7441069328808924,0.7603815538952919,0.8691630689456076,0.4307534801072336,0.80938226937146
1771.92686491,0.8975289812197713,0.8068572280608309,0.9064215904754154,0.7334334432955444,0.44119551191977613,0.5587079870875246,0.7119421704828978,0.42016941951822817,0.20906021327605528,0.4144744930599841,0.7324778073750484,0.8306033761620584,0.3335808628583303,0.46341827841292194,0.9124862911079125,0.644952755277433,0.5698879293397401,0.6994736131884642,0.5278771846996048,0.6288578602839209,0.5206860266678045,0.8034686424492345,0.6683218861232217,0.6204211340282763,0.7389750568479727,0.7666095841376096,0.8643325983148058,0.4323147359080284,0.8114873176972254
1780.59538078,0.8922293738112966,0.8066295518837634,0.9064960206788598,0.7326258840533667,0.4383705914953693,0.5622011112275334,0.6948094844474393,0.4184312740187481,0.20589734216001002,0.41539048757533736,0.7311373411789214,0.8300752382402717,0.33391120668050484,0.4669990422646705,0.9047936449912463,0.643579694340623,0.5705657598107542,0.6990098040488967,0.5274876314230881,0.6292109080856266,0.5189276638842603,0.7986903817890311,0.6679498404314513,0.639896948688076,0.7398896818269123,0.7702159797458538,0.8635092770724506,0.4375215051502032,0.8064184168214515
1789.28507741,0.887948767015194,0.8045213956443567,0.9128105933005951,0.732150037960362,0.43603543221801133,0.5665684425414398,0.6901225978853801,0.4173359742493087,0.20342882183778668,0.4176880521840913,0.7317113409749221,0.8313212817232926,0.33340348325763,0.466673360811782,0.9068675376752684,0.6477237896179443,0.5685751332164019,0.6973958847390708,0.5276074444686629,0.6266162476182632,0.5163505693444255,0.7923384586465654,0.6651799489279935,0.6605470461443146,0.7436424199908233,0.7756216214834634,0.8586068496341083,0.44040011097865217,0.8049708846863495
1797.9959032,0.8918714160729467,0.799989298292994,0.9072326716414068,0.7332769792705858,0.43401256892161855,0.5709980934058462,0.6833551926971079,0.4161731011364501,0.20052324072319375,0.4199279746018042,0.7335737878625934,0.8284478978102402,0.33314225821011967,0.4656862413245156,0.9027596009391466,0.6497147326978582,0.5703086435395748,0.6959488274735651,0.5257219024178867,0.6242288918459108,0.5170729613445095,0.7850684268557391,0.6626742518470813,0.6822907881353517,0.7462758164842324,0.7867529453601659,0.86089628753286,0.4420246057125101,0.8047693943615667
1806.7210252,0.8908804484933496,0.799117777865879,0.9093984784175948,0.7303452973247504,0.4309797140299936,0.5704471322635617,0.6847399764267484,0.4142605465531255,0.19893433242805572,0.42148621063974306,0.7363354072454773,0.8280710837172374,0.33448287150751616,0.46868420443968317,0.9004233280518119,0.6517370606066976,0.569481971056598,0.6955142631280455,0.5286478370475995,0.6264237249041686,0.513212160911849,0.7825146556349322,0.6620338931127783,0.7020711022512565,0.7534766550494109,0.7918717778985672,0.85403426775824,0.44485854365690103,0.8029556786991957
1815.45600983,0.8896601405550097,0.7936283467421876,0.9042282425351928,0.7298685002787325,0.4281498990814717,0.5678184586055456,0.6957239311900725,0.412704108223432,0.19720998643615512,0.4211663886144015,0.7346070052809907,0.8268942235006754,0.3332950735525561,0.46953145059019114,0.8949740482004223,0.6519974394308469,0.5693808057893847,0.6904104769524575,0.5273103252623373,0.6258376762816488,0.5132715936494734,0.7716646969297621,0.6596522913005565,0.7071834286233353,0.7514685944180273,0.7938642313798818,0.8472224362825467,0.4472410969244153,0.8054942975296928
1824.20079533,0.8881224107646309,0.7931251949440974,0.9028741858130559,0.7277766450259516,0.42571025805098756,0.5659429943561068,0.7009718760049503,0.4098062748296124,0.19562331217259465,0.4242242064995063,0.7387747483929972,0.828754509165413,0.3333465832868787,0.46808263788795174,0.8948730385270526,0.653667894177902,0.5687339227095789,0.6894363017835036,0.5256390082648432,0.6217884958664511,0.5117245291214045,0.7712814074219041,0.6563090538130746,0.7092902311340503,0.7548540082807198,0.8006167788523213,0.836527171919746,0.44676092623056546,0.8011289915498403
1832.95532041,0.8880056342291087,0.7915771598891373,0.9053109489977829,0.7283563957035879,0.42282255621031106,0.5644424245127811,0.7091891711059501,0.4066303061818653,0.19310000291110066,0.426610649432706,0.7379475077764598,0.8258018574053433,0.33347365235496546,0.46942631665623513,0.8930459546751426,0.6501137590150627,0.5653981574392887,0.684393267683929,0.5285346108823721,0.6196286808152343,0.5117188670590307,0.7645106623738375,0.6541243761676653,0.710537068035993,0.752317329492803,0.7991560553126291,0.8160437393640465,0.44712759105838673,0.7961182183507443
1841.71952428,0.887727300169652,0.7889875609986375,0.9012268176648598,0.7282396081767418,0.4164527868857045,0.5693623681642678,0.7044557043550632,0.40621355586621216,0.1929893316056122,0.42600027839319776,0.7396461146033971,0.8245015860576206,0.3325563460802309,0.46419428281147307,0.8921224787855847,0.6521383506111694,0.5673031194512698,0.6819055745985485,0.5251732340750157,0.6174007623636167,0.5117855246441048,0.7518782736707731,0.6531928870466457,0.7055400266650639,0.7439952665343054,0.7951005885237735,0.7967353719707494,0.4448603845167289,0.7888822535876524
1850.49334662,0.8848059955840476,0.7840223838848236,0.8981210281875777,0.7294158751711471,0.41000039382915787,0.5807110990733407,0.69334582250877,0.4043986187010579,0.19278851692234636,0.42734504449789823,0.7402926468188126,0.8214154642082129,0.3332099781502269,0.46940394547371767,0.8901775244666592,0.6521032465385291,0.5676872093695832,0.677399108340252,0.5261368049522284,0.6101874431814388,0.5088304470578919,0.7381473056738406,0.6484386195527673,0.7038559598314165,0.7332398606789828,0.7844354140169051,0.7843436559980759,0.4401336644738398,0.7863098562472243
1859.27672761,0.8898038420926276,0.7828176896528958,0.9034043796011493,0.7246980288554621,0.39834261497376244,0.5867109788232989,0.6728002926431543,0.4007911878591169,0.19166272125040604,0.4272631476360291,0.7456067744882056,0.8176749057312654,0.332996462867799,0.46952927982084697,0.8874841578637831,0.6511232454443933,0.5642037186580541,0.6670323838413057,0.5225162470020098,0.6031509701673776,0.5071209844187973,0.7140344723724218,0.6455288285478882,0.6976502291536844,0.7175559348314783,0.7663629286832594,0.7919171263797293,0.4281205174717366,0.7732642259388511
1868.06353858,0.8802645552108241,0.7760231960920128,0.9012532832644643,0.7274138799967567,0.3776911434143962,0.5894209147587794,0.6366859451512061,0.39724814135208086,0.19311567820154105,0.42800444231372775,0.741974612840549,0.8131202132906779,0.3330067720539637,0.46682209544144104,0.8826159116241341,0.6497396232484165,0.5661479758011633,0.6550814999043715,0.5229099045163845,0.5888039335223076,0.49774664412817343,0.6783016724708167,0.6418917348771962,0.6905755733635788,0.6935374162964432,0.7435559118453625,0.807313410939258,0.41576681757468376,0.7588125189301544
1876.84916726,0.8788505970913647,0.7711997252610131,0.8997366627929024,0.7208378203439149,0.350191738433948,0.5928626511854242,0.5883449992786016,0.39731653470835315,0.19304696617707057,0.4300999391495804,0.7447487326558608,0.804532842422302,0.3334378328263737,0.46806042140157983,0.8740099625062916,0.6441734392353795,0.5631897995912359,0.6404455969892333,0.5204160190864928,0.5662145172721715,0.49030654021189835,0.6343186429941128,0.6333410285307677,0.6807032075345463,0.6602924162771835,0.7078006931348299,0.8251405641473167,0.3933140997103575,0.7455976443454163
1885.63362519,0.8751860277859513,0.7608448082345034,0.8947818235236242,0.7196488280045596,0.3136311544193913,0.5993195831724176,0.5284823094763386,0.39465507507891995,0.19406780984218752,0.4315701854625121,0.7485186219850093,0.7955651053173881,0.33163924631762415,0.46741326948554734,0.8652498218195047,0.6398513259804274,0.5649046112197643,0.6141762821461757,0.5105240595036241,0.5295081605118136,0.4741449506567171,0.5658155466042907,0.6204603704190781,0.6677705468863718,0.617759202189926,0.6682555737058223,0.8368541709575539,0.36947932092999425,0.7188195169372894
1894.41692373,0.881556481901625,0.751712218528477,0.8953481851080796,0.7173976386651455,0.2780477392357349,0.6090851208275965,0.45692517722401094,0.3915131389588148,0.19505266818265934,0.43073205956654415,0.7447837728212975,0.796473538136495,0.3337278547996363,0.46835018298812087,0.8515103712693309,0.6278821230994726,0.5628313044456552,0.5850848036570744,0.5062582077471822,0.4862710386808179,0.45185560998118585,0.5005184569565193,0.6084110003609023,0.6546919429082009,0.5687382967420895,0.6253989786978902,0.8426289845715059,0.3427239197298712,0.6876172644094216
1903.19907409,0.8762137414480058,0.7331094628342386,0.8859089240336777,0.7155258889027527,0.2556482147093452,0.610589794689461,0.3882181646592269,0.3896291247691553,0.19418660329261525,0.432802656991956,0.7482826598920214,0.7972613183888736,0.3328179240981594,0.46818086494939726,0.8468096421417688,0.6199990638814226,0.55752675470674,0.5624865914650788,0.5009553559864668,0.4541548924017186,0.4321863763348284,0.4486485404418188,0.5922149858136508,0.6414938307922871,0.5030273941454152,0.5823569810668577,0.8462236764806818,0.3160905161253744,0.6473749330152484
1911.98008732,0.8793409390525861,0.7177058898804373,0.8806816885039946,0.7156244684556082,0.24860922472900437,0.6145288786461102,0.35101091193161776,0.38803356763303504,0.19725198580722175,0.4329519162977007,0.7453334313366923,0.7906126812932485,0.3337806248233056,0.4668334867646719,0.8411161334539602,0.614620522217549,0.5587458200578108,0.5456884006858324,0.49399007740666556,0.44783912744619475,0.427579245386914,0.43597407286931905,0.5881804371645231,0.6277929054294724,0.4453756516007907,0.5372190314415245,0.8426926928299479,0.2907444439221477,0.6072201711439558
1920.75997429,0.8793953935673504,0.7051809865481709,0.8711173964266876,0.7137807282209838,0.24923460720765248,0.6191096700278209,0.36182348454306473,0.3824294916255713,0.19879273125653585,0.4316322734547429,0.7471351927643595,0.7936327391224045,0.33352333790410105,0.47098791849418126,0.8355091683395868,0.6154617762789838,0.5590985198746061,0.5382056464585009,0.4905652358990721,0.46538679717351816,0.43185530489452245,0.4479155140562294,0.5891544975150994,0.6128974271725922,0.408559666266788,0.48841514140220615,0.8369372120547267,0.2703447862919691,0.5701767252283565
1929.54914243,0.877713713960489,0.6924283584638721,0.8757177423099316,0.7085404766008073,0.25254942184710116,0.6153069171557014,0.4009580822777713,0.3843443941519517,0.20158773591490367,0.4332490162626876,0.7445993645844663,0.7915292235361042,0.33428285474341524,0.4679320978129767,0.8292935203460553,0.6166307338329559,0.5560563253895574,0.5369558805554344,0.49014349797148904,0.48832074009896864,0.44352841468014215,0.46890324046042525,0.5934610980709771,0.6023382308756678,0.40791863938972345,0.4374825888116936,0.8343158557081556,0.25486236851837846,0.5473551140029667
1938.35679058,0.8830222679791848,0.6866167177305411,0.8766266245114384,0.7098105377929314,0.25635455919585143,0.6091964528945594,0.44487861470995443,0.3780730826233601,0.2038012560515232,0.4324199179857231,0.743526365485121,0.7926101982221466,0.33314581508441893,0.46819623782719333,0.8344972214586778,0.6245200743320366,0.5542046492324301,0.5372908749276925,0.4874175973222971,0.5032350329048124,0.45301870030030394,0.48581899592305827,0.5940595734421769,0.5968549993750075,0.4302799692884617,0.400761165675468,0.8320566212580632,0.2425473822590779,0.5411254001843799
1947.18286652,0.8799953610195966,0.6791338826358927,0.8734689587415198,0.7126130295529497,0.263073281493306,0.6063180065944412,0.4897960296743131,0.37782311689120757,0.20532538964887012,0.43307568377059,0.7439446428515162,0.7948543524480671,0.33218668442218946,0.46585555463460093,0.8392624505791172,0.6245363193994543,0.5549392188596144,0.5392808106327008,0.4862747811225778,0.5114543499861322,0.46067051566304174,0.5006747613983028,0.5930236353104824,0.5868390165386392,0.4531964334154374,0.38591093266109033,0.8261415946929433,0.23111309401455202,0.5403899780071209
1956.02731804,0.8801051738872481,0.6704331706692528,0.8764092267681021,0.7101008252079315,0.2687573038714432,0.6167402134008418,0.5235154305904428,0.3722820070513886,0.2078725910391523,0.434887365167182,0.7466633089728895,0.789883555143139,0.3345454614425108,0.4649503274757891,0.8335852099010499,0.6246018065587368,0.549999411095966,0.5443256354645044,0.4868878137457704,0.5159248274321553,0.466676000549579,0.5161838398948425,0.5980100607659102,0.582959590627354,0.4787581838982661,0.39626779948156554,0.8199234271039755,0.2206929680771296,0.5486693832251149
1964.89009294,0.8719957688648546,0.6706041608655883,0.8808814294095619,0.7153511313298097,0.2751539099559821,0.6257122478446054,0.5652846845163746,0.3695050495297344,0.21108987811124724,0.43751012937143835,0.7480213376164425,0.7893426879451572,0.3348501237521,0.4669361529644069,0.8382443013103472,0.6328566641168634,0.5502613077347325,0.5435382825683858,0.4903515926055677,0.5268194900529181,0.47105455743620894,0.5242239804975657,0.6004032665439942,0.5795918465268048,0.5047451523364181,0.4187523944787031,0.830353826816264,0.2101497095387078,0.560023710013944
1973.77113898,0.8776418494221292,0.6667624040656007,0.8731988164952189,0.7152220491844543,0.28420126509039806,0.6359769096676312,0.598983425594263,0.366781463783722,0.21571819836487782,0.4316290774891837,0.744815328936217,0.7986523637942604,0.3330730267619448,0.4664508731006826,0.8441855553655052,0.6340897556521281,0.5494164581280697,0.548568375417916,0.4862393198782829,0.5317693904643652,0.476500285740191,0.5405891532868684,0.5994628949856634,0.5753402425132847,0.5280058474789764,0.43834749680065105,0.8246925231989608,0.20679609765463086,0.573230904874169
1982.67040395,0.8747734854929402,0.6616169388654746,0.8787666252924429,0.7137406638578646,0.2919117435537593,0.6402309502268267,0.6304380838713204,0.36179216379712376,0.2190283124463222,0.43367501530319685,0.7450139052729289,0.794271991550133,0.33283724165671036,0.466520560789146,0.8411965415054089,0.6369010266538488,0.5465078511381567,0.5525296204601384,0.4851602697284094,0.5374952376591774,0.4808198908715904,0.556344981381016,0.598486384717547,0.5672263610667778,0.5501464277412318,0.4632903707161779,0.8295611114602945,0.20405731154393358,0.5853657622337054
1991.57932378,0.8748754918725682,0.664150037338933,0.8720689379281393,0.717755807510366,0.3017612087270678,0.6423728813057428,0.6499635115903895,0.36173853431335423,0.22337243251763997,0.4364385215467232,0.7439573151092989,0.7967235711270042,0.3345047715500279,0.46717337158642497,0.8437256033608846,0.6398713555595571,0.5459047200743579,0.5612246105673302,0.49092652514045665,0.5495532215879029,0.48406038076251906,0.5746926064926995,0.5914441276507382,0.5587464901133897,0.5733880610228089,0.49419762547427926,0.8280086650886076,0.20618162381727864,0.5961352549767797
2000.48893957,0.8766524799123699,0.6684325350643986,0.885062413212061,0.7207552992718215,0.30861962559125183,0.6461227883334675,0.6707067461045392,0.35715507780784567,0.22824758894142916,0.4344181707790876,0.7569292269752352,0.8009298380594703,0.3332743619568424,0.4655760552487094,0.8347252389442527,0.6443057084157386,0.5479783927865006,0.5700959960522047,0.4893396934476996,0.5590799587346386,0.48783787591612066,0.5922303967679794,0.5908519007507761,0.5501699502354538,0.6016415923590799,0.5376068331654826,0.8240047832608671,0.20557142393440786,0.6102500633806933
2009.39924527,0.8694744556907421,0.6655469764176147,0.8855073418697531,0.7146782505054237,0.314893936494077,0.6496879031799453,0.691366674666497,0.3565299769314488,0.23444502893366997,0.4342228756846855,0.7505117192442315,0.798624967590016,0.33546254030718015,0.4664775277961154,0.8395480927772071,0.64605614490589,0.5487542776207562,0.5693770348647496,0.4912180071258292,0.567436696872292,0.4887607681832397,0.6076066526242749,0.5939918096243815,0.538688202474978,0.6227619171760633,0.5910809271495484,0.8309666105734851,0.20420571436802065,0.6166985577873005
2018.31023493,0.8730498107533644,0.6657338816784453,0.8875800879123061,0.7247829478547028,0.3246994908566146,0.6483801425190683,0.6953005092920674,0.3535235647865761,0.23850631577109294,0.43912647591989235,0.742653472784175,0.796882287550861,0.33583647365729824,0.4715242527401946,0.8394399158607754,0.6467649102568072,0.5477112730731892,0.5814065904192707,0.49088411516543184,0.5711471568422019,0.494598737663985,0.6238368362442449,0.595328464796385,0.5332015991332542,0.6463210089257201,0.6245448823235709,0.8235449234895859,0.20081077487728016,0.6369253612378196
2027.22190266,0.8788163817691541,0.6602438594132951,0.8903027505730691,0.720572391873822,0.32967629154366035,0.6542461189132763,0.6998121801967785,0.3507606296627776,0.24616577038530066,0.4356160472983095,0.751018197090349,0.804824098897734,0.3341319441498101,0.4710128546658395,0.8384227726698477,0.6480184651221005,0.5503034938333563,0.583217320561847,0.4971828825809758,0.5767263198365613,0.4979111046140158,0.6385240506274944,0.6020622205635967,0.5306888004973651,0.6556140473210578,0.6478733955143,0.8164742999757257,0.19312740857778513,0.6401336902326491
2036.13424266,0.8669906243754002,0.6660193141945564,0.8928838323885198,0.7202715065250587,0.33254211382486976,0.6520676700674033,0.7049245133771821,0.34553897186327936,0.25016847701533895,0.4372132655739002,0.7510923650487733,0.8036227873524474,0.3353392823383761,0.47662116367193647,0.8364779521731972,0.6550721603996358,0.5543069274077952,0.5881645990189949,0.4989246490534637,0.5796363113197466,0.4996504624108176,0.6490517098490425,0.59988395135496,0.5211630090041299,0.6606977401841645,0.6628824331112376,0.8188254810937757,0.18546619270472225,0.6501677467986534
2045.04724919,0.8813764163283209,0.6662882372378691,0.8944277601007676,0.722417002292139,0.3368887293596284,0.6566631049534355,0.7068098766422938,0.3437736146072773,0.25853233743739595,0.4355907206259881,0.7478463805091689,0.8098735722252696,0.3355033362953783,0.4782351636797069,0.8313646393430616,0.652367875791243,0.5583372356022666,0.5938498126669388,0.49851740125351474,0.5896175267425315,0.5050197030558367,0.6556014308136068,0.5998039257270109,0.5150672142735853,0.6634901219761481,0.6755800373856913,0.8058068413001087,0.1778492063706776,0.6605484445243354
2053.96130725,0.8776418121287693,0.6687600244896281,0.8977438110314558,0.713884537677653,0.3407043857069939,0.6591210491280406,0.7149644381287925,0.34112711245283917,0.2625848935359227,0.4335751523428765,0.7558885360051795,0.8078938140881597,0.33520653914260734,0.4820683219545392,0.8222442675787908,0.6609103178756205,0.5589190379733977,0.5979319868696541,0.49895005693161576,0.5891619923440389,0.5008375310843757,0.6637547515237613,0.5899858541721835,0.5066925615465657,0.6680840060243751,0.6837904913757847,0.7968939645335162,0.1707553814830158,0.6649422964193497
2062.87694233,0.8749218519093185,0.6702821125896363,0.8972895007564411,0.7241729972538378,0.3435122638282526,0.6597019207341934,0.712931462006962,0.340397673174106,0.27034808137182215,0.4356493583866082,0.7512075513262263,0.8085554866201196,0.33197519483540816,0.48294228341772744,0.8248784273383127,0.6561838672620416,0.5573856380257568,0.598301220456612,0.49842877365476285,0.5945885131503971,0.5069974784144913,0.6661299275814703,0.5769940210474231,0.4997733744133631,0.6619614475547596,0.6893041528139017,0.8002303532422719,0.1674450770566806,0.6773659422443108
2071.79414164,0.8755787174158267,0.6673987489962178,0.8955216746289786,0.7225390416416803,0.3470801804162793,0.6567053533862454,0.7105981423932789,0.3365177907222131,0.27787563781293145,0.43794616219316485,0.7533187669641237,0.8115461872772914,0.3340997839448381,0.48078824233298545,0.8153080006645177,0.6574836519219457,0.5578296623236858,0.6022306042546293,0.5036561893886191,0.5912890367502297,0.5059754779250443,0.6766025507574712,0.5659196982512747,0.49547452160540484,0.6591139000467044,0.6890405917191167,0.8008444497718478,0.16465343062236515,0.6746457859351408
2080.71289251,0.8707372924984311,0.673480579866271,0.902937515280523,0.7202016271863865,0.3474834893544175,0.664230303765495,0.7113335424393133,0.3327996470593707,0.2840871243261792,0.4369920419596058,0.7527405563801237,0.8164691762185748,0.33409523441678785,0.48225270833590406,0.8027117720549596,0.658084962283556,0.5552634185409056,0.6018365180844789,0.5067703737862356,0.5963361210654289,0.5075815275913415,0.6761482658132562,0.5569756183445944,0.49315922495995235,0.6571151271091796,0.6867271414984639,0.7959349021659055,0.1642517160241204,0.6838660922417839
2089.63318245,0.8724554658889198,0.6744154252165698,0.900487053067225,0.7218077169417879,0.35062791991955006,0.6610928632349208,0.7075724048471576,0.33163468845148303,0.2920719090980073,0.4353427215099814,0.7542853297367914,0.8167013172210685,0.33401269856914556,0.4857155956962266,0.8006171517504542,0.6573216979061218,0.55812275460194,0.6015135016672853,0.5003436695942047,0.5882898058166829,0.5093899279503527,0.6712117019526656,0.5556380060784072,0.48254770709515254,0.6490453170444261,0.6860614399547554,0.7909290518425195,0.16377624169752983,0.6874561939961029
2098.55499911,0.8763853229066618,0.6790114921310983,0.9068727204100242,0.7208817629307372,0.3487839564142442,0.6662713132454984,0.7080371225226137,0.32786112241178633,0.30120681146274253,0.4401557869043282,0.7575213613381615,0.8122666521532393,0.33319198881180667,0.4875663797317377,0.7908590897978726,0.6584743036725544,0.5545773664086446,0.6014676597669587,0.498424545443799,0.5929177149867338,0.5093185539843862,0.6788101515318034,0.5578585859079347,0.4654507142461411,0.6429624199558233,0.6768689293394066,0.7906519715924887,0.1648858114038047,0.6885428278142368
2107.47833028,0.8759171292675682,0.6797377517352909,0.904104666733108,0.7157768078839952,0.35007461207042284,0.6620497127547567,0.6958716532461886,0.32831141061404984,0.30872953260183567,0.4370533706056026,0.7568457329780239,0.8258121937305756,0.3337536941108469,0.4813338824312769,0.7796714963398877,0.6591970112003616,0.547993879425505,0.6030794201985781,0.4958944735369088,0.5910671187597701,0.5089617599159274,0.6796110079486771,0.5541269630592799,0.44436211428870775,0.6415703033931529,0.6758278624258188,0.782172860558056,0.16456371190541455,0.6963826979115484
2116.41133382,0.8792341157567642,0.6881428972581866,0.9062063784162281,0.7175909251921255,0.3512056036885885,0.6608964156381788,0.6890740840947489,0.3237653221892906,0.316840377072985,0.43512139609620126,0.754382169362569,0.8179364743375955,0.33601634472968517,0.4835291013503729,0.7644965301201684,0.6539069808450277,0.5441447331041778,0.6054358394596591,0.4951849708635715,0.5918582521185802,0.5116955545888914,0.6863051054439504,0.5532281406273493,0.4136105449208854,0.6401444515736241,0.6645395864949307,0.7758909803757942,0.16367930268694889,0.6977831809235031
2125.37093026,0.869242747802001,0.6858888466399978,0.9000095446429467,0.7122389445167124,0.34883764594088845,0.6616613706103683,0.6914248466828106,0.3224979486203217,0.32505978293062143,0.4383901349633348,0.760093912462216,0.8168516447918409,0.3355348126609531,0.48408201548101265,0.7564345139829696,0.6535159305144732,0.5367102831838417,0.6053782791498136,0.4935409368540177,0.5903290301057185,0.5066784959561721,0.684253411088201,0.5434645396144662,0.3845216363143239,0.6383859369278042,0.6492832508613933,0.7720022808294116,0.164033025228474,0.7029155402977932
2134.35713173,0.865573969997127,0.6890159021893021,0.90273209032626,0.7197504291058923,0.3490015929270389,0.6623903837089268,0.6897770779493643,0.32009833811438293,0.334256619402868,0.4376182360775099,0.7602903896638818,0.823704780389908,0.3347749467538779,0.48109209836151934,0.734556383246513,0.6574510034133705,0.5186375093489168,0.6116076950433758,0.4942123142694484,0.5909347392989309,0.5057522062672772,0.6861503264770394,0.5438650582618304,0.3630930764089805,0.636579303949547,0.645043425612868,0.7654434751565682,0.16687359403734753,0.7055514616834977
2143.36995005,0.8637970474300583,0.6949181480655594,0.909634422526007,0.7131714762585027,0.348117923567136,0.6554995046113727,0.6846483964009303,0.32003763845470523,0.34179933551562947,0.4351634730818078,0.7521906241074503,0.81981735853735,0.33518872448684894,0.4845870755780672,0.7020518107121708,0.6605288807448135,0.5060090986198663,0.6145128353275322,0.4930346974508634,0.5945723733803743,0.5081075536072854,0.6885480464783515,0.5449351276916851,0.34038041593661633,0.6378240483655604,0.6375120455220449,0.7584578977362397,0.17366530230313718,0.7112028778359283
2152.40939672,0.8607073351228323,0.6952285970654583,0.9038034157932593,0.7105198481916545,0.34300092310654295,0.6538199762535655,0.6842175239407263,0.3158818832156771,0.35399927079093846,0.43688221417065226,0.7530434349515043,0.8267711671262192,0.3365065172920942,0.4832890672696657,0.6640202776679974,0.6535873914327317,0.48688692703865405,0.61469716410625,0.49375032046865325,0.5857567606808171,0.5096193349826086,0.6864367948322908,0.5429535145610555,0.32401154860774256,0.6335907975255751,0.6338500466245021,0.7547170984407028,0.1874215832046507,0.7111354596402377
2161.47548295,0.8632952935293745,0.6990691234071575,0.9041735868230684,0.7050586745887417,0.3364541108323627,0.6476381157950031,0.6871591841437578,0.31483814837832896,0.3581332180127129,0.4368501690199909,0.7542172905589208,0.8222439670723769,0.33460801686413716,0.4789693258183381,0.634824241442629,0.6535375116401154,0.47061264533727604,0.6183604153011557,0.4972220873391457,0.5833872850353424,0.5099198025565301,0.6874143510722445,0.5479559778358373,0.31131799757663825,0.6279608897634154,0.6209310102653026,0.7526950858054339,0.2081146711983904,0.7084609064573218
2170.56821963,0.8650681348674474,0.6987704011903682,0.9047682424041577,0.7045815198120151,0.3289007161851234,0.6375911317074758,0.6862553646073567,0.3140997142181489,0.36929184349819805,0.4361639384060608,0.7597949327973469,0.8178760737880354,0.33476276606433353,0.48459397286550837,0.613120600986916,0.6523774660495673,0.44975798717967574,0.6183059814699023,0.49731235582890043,0.5676545115052858,0.5056750506463402,0.692397587411512,0.5401226780244699,0.30894410732188626,0.629443364565238,0.6128112264115163,0.7422250479012946,0.22763657974013668,0.7104661817707837
2179.68761735,0.8639659828426274,0.7039994809050883,0.9099997425045242,0.7012840373804949,0.31880407792675497,0.6291298372848603,0.6896954127164145,0.3125396769522215,0.3775899151128761,0.4356506252708668,0.754935138044148,0.8210893875197882,0.3377125781988598,0.47871676286046516,0.6077994364338866,0.6387889976628555,0.42807753860137837,0.6183784173516939,0.4943934864662098,0.5645777271514626,0.5045668937721342,0.6892506136452289,0.5414174534318237,0.31404624206674203,0.6189564025115329,0.6083839433941465,0.73352391939503,0.2488059355106066,0.7155256988899408
2188.8336864,0.8673783573988034,0.7002144067035457,0.9062790626073133,0.6970960210786125,0.3111530223306197,0.6177067765377675,0.6892913278646845,0.30947052985886847,0.38617000466233165,0.43265783483723497,0.754085531622793,0.8165964268418536,0.33600900318775817,0.4759552064649098,0.5991690699518168,0.631704133372153,0.4004076029395171,0.6150061404337055,0.4942995018641547,0.5452027049798821,0.5023297281797201,0.6943361578041171,0.544742360443144,0.3273521467897838,0.6154484970022909,0.6034660313706888,0.7260782902579077,0.26208767259884175,0.7156085354814872
2198.00643675,0.8626099208425968,0.6940047796761402,0.9087320793403205,0.6845223703488754,0.3050728671305306,0.6052836797187817,0.6906364518524427,0.3080696791552168,0.3934332764048459,0.43504745063119443,0.7557935728033136,0.8085815788086474,0.3393970931355701,0.4760905033268371,0.5832117741403133,0.6205845565291637,0.3757914071938477,0.6126321885876713,0.49270993824521325,0.5328218403661721,0.49695529733871063,0.6877127990319739,0.5437409513910453,0.3507710256951532,0.6058495923983986,0.5905173988133193,0.716989501033495,0.27204734741921127,0.7163904527426227
2207.20587807,0.8611481937577994,0.6872276309261948,0.9026356140696444,0.6752410220613049,0.2954958489748592,0.5891778268981598,0.684359688237947,0.3069454095300425,0.4052442394411781,0.43556730826385404,0.7554820618151735,0.8136457493752844,0.3392889859242857,0.47240871529840195,0.5731216186643018,0.6145805089407742,0.3693818615675272,0.602044893714895,0.49177323847293664,0.5255769575093951,0.4954854727765862,0.6888985196983357,0.5376025620661979,0.3698700859881876,0.5979639563372897,0.5897715649673434,0.7079847677910256,0.2797791338870205,0.7105822906344834
2216.43201972,0.8588464092892256,0.682823280722811,0.9042727122034431,0.6611347154478615,0.2916170400655373,0.5645112574159522,0.6853138266092774,0.3049462258450186,0.4105544181169629,0.43462382287820867,0.755932202951071,0.8077594978614213,0.33497638389746276,0.4672132743775209,0.5985435059429223,0.6069270567351078,0.3852360433161459,0.5949385065494419,0.48632853213947613,0.5257048865164646,0.4908617642547952,0.6851517847955781,0.5185357220072836,0.3974614133270602,0.5931056512066454,0.5809132807609253,0.6964321638208166,0.2814112774026163,0.7145512042859896
2225.68487077,0.8530775459415072,0.6715544635034577,0.8994842490033221,0.6430955938291666,0.2900684012652407,0.5318466880115488,0.6859367179808079,0.30413346174487965,0.42273270622421105,0.4348484788739714,0.7535797132022777,0.8072454123058916,0.33471454431014785,0.4570933647368882,0.637512608471622,0.6058313533415902,0.40580667680025834,0.5845248421589011,0.479345174320002,0.5373127216621181,0.4869192389018431,0.6785920239077888,0.49487118950288816,0.4435440579483009,0.5893628346275152,0.5854651741385296,0.6873178565130985,0.2882881534265718,0.7115243101102444
2234.96443997,0.8499259982851498,0.6602394685819071,0.9078551648540883,0.6319097627133962,0.28811052975300716,0.4847830517822506,0.6787093152442992,0.30417375690884135,0.4302488824715115,0.4362769751817966,0.754569737674172,0.8060143133010054,0.33670803988761155,0.4468815713644775,0.6659888062927939,0.6136233263684072,0.4159069135430573,0.5663896369388091,0.46764495440994985,0.5443719867672524,0.4815808261605004,0.6764065973475549,0.47954734411951033,0.4774628804085872,0.5847651027837373,0.5918534927973065,0.6711784626753292,0.28885736674830115,0.7123805432219195
2244.27015399,0.8469813276946534,0.6461938841636629,0.9049237183281729,0.6337146037588843,0.286574657320732,0.43653842564264306,0.674600208089619,0.30145747883767,0.43787527454221964,0.4338505016271653,0.75621615198068,0.8010225675481668,0.3389310367350885,0.43496122027810724,0.6710450167058197,0.6163096298886682,0.4071162673947133,0.5550003737623168,0.46104009180739836,0.5512121131614771,0.47785500361598615,0.6681625022071669,0.4656674436089555,0.4964018591088353,0.5840446571321771,0.6001404196664755,0.6633282421070811,0.29161619427765306,0.7083751791837174
2253.60010501,0.8501239909068781,0.6295080956754242,0.9050477704120725,0.6371524207474315,0.2869462365558123,0.4012169256419884,0.6795241494445526,0.3031310753854797,0.4446366197580714,0.4313649812415614,0.7614470085773919,0.7982621749138018,0.3386132230087676,0.4273501360872814,0.6743397310046683,0.6167871244962632,0.3962978244226885,0.5414596877322418,0.45293729377776054,0.5562470659961292,0.47509875611928465,0.6612191242354035,0.4412034030446591,0.5048344912112465,0.5747356533810465,0.6066378960230074,0.6458895682444891,0.2948668615889387,0.7069589751796359
2262.95428072,0.842464122988421,0.6224631168608133,0.9063118632543117,0.6378662005215818,0.28775662009261305,0.3898510773973427,0.6702920532729026,0.30604516480423,0.45320287998659914,0.43268111645650253,0.7616836615105628,0.8019669691237522,0.33780497675225507,0.4278330765470281,0.6673710201311974,0.6221101623288021,0.38857586538075567,0.5294417596847244,0.44738672024313964,0.5637133622508678,0.46620268679494337,0.6481038714519529,0.3956067499548957,0.5080918929748004,0.5698857522811233,0.5951607143930806,0.6270131607833839,0.29372613966124245,0.6998047022214073
2272.33266852,0.8365188525276014,0.6125472012038231,0.9107568317757209,0.632339850734446,0.2863798581364252,0.3884842725909069,0.6638950402111711,0.3022550952331141,0.4569748312624401,0.4324507329586137,0.7611063700644871,0.794936395494206,0.33764707326685367,0.42188962103094696,0.6693325857534136,0.6248679739778815,0.388096218471068,0.516214412549693,0.4343639317796201,0.5666601800524533,0.451331502401045,0.6220521178279903,0.34226754060306136,0.5046619341557773,0.564624330625063,0.6010455600541891,0.6250898572729624,0.2921486315103739,0.6943017286067973
2281.73525558,0.8192179736209128,0.6077072433554519,0.9050046208209263,0.6258241170767347,0.2882419135059612,0.3757173996656559,0.6550689098621668,0.30180933915645264,0.4682760825442585,0.4327662141618412,0.7598598368877527,0.7892371931611971,0.34136312569681104,0.41460369241404843,0.6614922980139901,0.6283739448955274,0.3866290372329134,0.5039666403000629,0.4258999350958868,0.5652674192508275,0.44042149596128966,0.5965606103959098,0.2777399567156086,0.49789437816195964,0.5614034894915588,0.6087195862608628,0.6325923490225942,0.2833195103826002,0.6828746559567392
2291.16202877,0.8093590175845707,0.6017448105652604,0.9113814625388613,0.620976883005897,0.28876043319709666,0.3495408168355814,0.6543271576121341,0.3033756078292713,0.4724577950861123,0.4304498096348685,0.7511732432722066,0.792968543078176,0.3411611795557726,0.40124682320527716,0.6473982904584377,0.6335823804517117,0.37864493522261783,0.48904221973695194,0.41627703707913716,0.5599215004280628,0.4416674995110599,0.552976390808555,0.22763453906080733,0.48958550303585335,0.5611328359382639,0.6115852249717055,0.6608121289976792,0.27711948113226675,0.6722366351508303
2300.61297471,0.8067838667985093,0.5927659682857752,0.9027737003719677,0.6182817187609071,0.2886675416858541,0.3155322943703113,0.6465077428900217,0.30374794546879275,0.47823948232239294,0.43138159520579467,0.7652909703091012,0.7950918478746262,0.34117684136000476,0.3950494078848024,0.6359790633296382,0.6279331073227347,0.3645325246507026,0.47287082512560924,0.40092517658283966,0.5555357813494417,0.45155590561496156,0.5292791824215574,0.1997465021207834,0.4694902171910911,0.5634750067768629,0.614299106977409,0.6819718549346415,0.2701303082649443,0.6628662048091333
2310.08279923,0.8031212436612071,0.5942943764757302,0.907535637117897,0.6099819968922834,0.28809120362085133,0.2754881806645809,0.6363664531389802,0.30566883243183174,0.479217415429762,0.42952795996498677,0.7637295192845499,0.7920673762955959,0.3414630005269395,0.38723879081650464,0.6264165844137901,0.6273612688247694,0.3510177324919686,0.4576517420536308,0.39116899979599323,0.549990751766807,0.46406944931951144,0.5040366997686103,0.1884452717611909,0.43763597316516206,0.5559705506766356,0.6212031471003786,0.6972876301931576,0.2664144890797153,0.6513669426166897
2319.55711841,0.7967631580334518,0.601486411619834,0.9117293687785888,0.5833456588752128,0.2907135579097121,0.24073758652640007,0.6276306014814893,0.30429595954362926,0.48609098152863395,0.43168892856127955,0.7592561415990318,0.7957439423008,0.3411127674618638,0.3819988349321579,0.6116020548954442,0.6160969823155443,0.3386384346410043,0.44927323312139783,0.37854834868405324,0.5415925417132623,0.4684856787913858,0.4984854449537269,0.21270629477866634,0.42056318849823615,0.5570329612559106,0.6140351713109122,0.7127683477451434,0.2603796118277584,0.6378536827885639
2329.03590187,0.7910106129642672,0.6034674902781613,0.9007529404746476,0.5359500529379848,0.29010088687156393,0.21974126291484466,0.6230980727177721,0.30601735411249964,0.4966303424625432,0.42909883790569203,0.7585734154823811,0.7892016986923259,0.3447821940590948,0.3782248760874475,0.6043322777682203,0.6082233778237727,0.33001219933804626,0.45263350099543226,0.3712061018905203,0.533265657103759,0.4692537333044436,0.5190785700812445,0.26977401338986823,0.4160433818058914,0.5481421312838545,0.6096442001386011,0.7281760132642165,0.2536169407102887,0.6259778379630323
2338.51911953,0.785977605538372,0.6180199877417872,0.9030310694353388,0.4908056810188737,0.28784970607645943,0.21744777325833184,0.6120564115221057,0.3085903831347621,0.5040690327612024,0.42969333926551984,0.7613898520700265,0.7823201324777233,0.34177944872036864,0.3789010221257793,0.6012334307065194,0.5977401570147143,0.3201327552834153,0.46660636106972353,0.3757252412596444,0.5280700722484942,0.47090630984703474,0.5388626814040004,0.32118954305953357,0.424444165754635,0.5415888224297988,0.6034269152300358,0.7296485821880361,0.24355502153978972,0.6012361305303822
2348.0067416,0.7982308308443236,0.6165086951293394,0.9056960946348201,0.46058777963815195,0.2849536463528441,0.24076322928348104,0.6024282936442499,0.3106120277289521,0.513074050034116,0.4284624164020413,0.7609477355193086,0.7799981979272954,0.34349961264430634,0.3863247598324464,0.5893292512967896,0.6010448594604173,0.31490560529851697,0.4768259813567561,0.38766129262924187,0.5176308869505956,0.46074680850611127,0.5484818992755599,0.3351559678922246,0.4358729290139449,0.5318699465100831,0.5909960576133372,0.7272052115298784,0.23665793919024386,0.5786672022308725
2357.49873856,0.8068909901941475,0.6183483424511322,0.9016393017378154,0.4515554490919796,0.2806225650310942,0.28732579210505993,0.5936529921278706,0.31280554887160733,0.5174673970894212,0.42474817651908986,0.7585695193624372,0.7739723181623315,0.34163106119056297,0.39290625391655076,0.5807692873418017,0.59499328954376,0.31486497216608167,0.48671190043571017,0.3941037462969075,0.514607489036439,0.4580916102764076,0.5443908319906876,0.327677237132314,0.4378564704106134,0.5189061382434187,0.579516930362778,0.7227136295643224,0.22194435624384637,0.5593575086307544
2366.9950812,0.8199633575528996,0.6132667884107401,0.8952827205448293,0.459271704785293,0.279966474883676,0.3513322000330791,0.577488233213201,0.3119646694725198,0.5219607050676291,0.4263127497138893,0.7657947602048867,0.7800345837193564,0.3417227569294738,0.4018922789209398,0.5680977593773883,0.5912177281969048,0.32101923754470946,0.4821512932496387,0.3995478594308299,0.5103654966297156,0.4561361008686167,0.531815904798501,0.30364400625648896,0.42299591774370443,0.5057979143267469,0.5573412073351746,0.709105263968835,0.20786275473138716,0.5388548827079133
2376.49574055,0.8276908521456765,0.6059655381926862,0.8950273916410156,0.4767692119286775,0.27172727442568734,0.4094542392331203,0.5636995342798635,0.31789010900243286,0.5251149494083298,0.4289725803343931,0.7588526335324016,0.7691441730398918,0.3430862137009368,0.4038141798642734,0.5649080160682923,0.5942385877620343,0.3249878902951027,0.48234306511931047,0.3990173942979842,0.4996346311700714,0.45087763522934926,0.5113688884810416,0.2694819008314695,0.3995989686649029,0.4857874695847172,0.536632946494794,0.6954906898902545,0.19521425842506748,0.5221147048369432
2386.00068793,0.8361241008051086,0.5947785688607503,0.8994444440108212,0.48516685062936193,0.266793168843096,0.45497779501839036,0.5442562867251377,0.3215789133166965,0.5309793874910738,0.42249235406499464,0.7619606134229668,0.7673497808440864,0.3434912150368669,0.40857141646450507,0.5553192764303065,0.5976204214146522,0.3208383833487848,0.4682680605465588,0.3938718974687661,0.4889759643626191,0.4410320707174748,0.49429394407163446,0.2532244534912039,0.3667162168848805,0.46582772683468887,0.5114919217819855,0.6721520931680587,0.18100704584915472,0.5007343118142652
2395.50989495,0.8423000966835981,0.5852420325813373,0.8986220962153793,0.5040295022699192,0.26321384826189653,0.49227337420011696,0.5178192330292178,0.3221025071106515,0.5301207740103864,0.4268697033715716,0.757263695345507,0.7664979487296825,0.3445952023707081,0.4126362873958375,0.5535190859126181,0.5913924903678228,0.3243235800071276,0.4667227849926902,0.38867744461929066,0.4815234616584459,0.4354717236832951,0.4835521403893256,0.2596645598063559,0.3339569739227941,0.4490198650953256,0.48474376499928473,0.6494441160114072,0.1686999139034326,0.48990024546209004
2405.02333345,0.8377825139063667,0.5738599739529714,0.8966809123590895,0.5307376208485094,0.25326670987249783,0.5161042543659299,0.4899242986970959,0.3221950959888369,0.5340095673187488,0.4248200468872633,0.7605462946487493,0.7639389710642883,0.34661455096525795,0.41587670089682127,0.5529383487297544,0.5972465111248736,0.3179195787118168,0.45552015287551245,0.38943732530099756,0.47561248371871817,0.43310025691190673,0.4857649319376762,0.27944504042242313,0.31501232948182356,0.425732090183165,0.4549824271283696,0.6221074226206977,0.16624606751230878,0.47857606287155646
2414.54097557,0.8423033912718194,0.564094544686809,0.8970758559828498,0.5475519311303776,0.24596256293410898,0.5389536313465657,0.4657894321699177,0.32693721032760226,0.5389888971344925,0.42160892550585777,0.7651319155436709,0.7558400360311703,0.3459406160390258,0.41959337070419767,0.5498389873577431,0.5865970953303413,0.3188174261387631,0.4502778586709206,0.3849856756123749,0.46333030670861175,0.43149263061542004,0.4820315806392073,0.3032744500517561,0.3003719869171447,0.4047462767747111,0.4311446947184737,0.6086883053363958,0.16884295554616263,0.47009534932848296
2424.0627937,0.8395199437729689,0.5505054032151216,0.8913305595927487,0.5658053553973781,0.23657595409747798,0.5505966707569098,0.42843461484671375,0.3285307251587626,0.541272670361685,0.42565568960262734,0.7618344910489333,0.7544754672046077,0.3473823634796863,0.4173559116036121,0.5418117150580677,0.584279782327475,0.31507564057997944,0.44385124814617083,0.3797934183226889,0.45609255587364195,0.42856783505743273,0.47384032984956065,0.3125980361749454,0.28265387540050674,0.3827771763326943,0.40930790238440107,0.6027633825083013,0.17397502344600002,0.46218996736641577
2433.58876046,0.8188881409465908,0.540501402430855,0.8899670014590348,0.5789229520578174,0.22880434070428549,0.5553637639025366,0.39607834951213833,0.3335432920772146,0.5425228155949995,0.4264349990382587,0.7596270099291242,0.7547323690490242,0.3486397040677676,0.4155796797066604,0.5282116753807847,0.5756000897998221,0.3149522769146448,0.43328578036843257,0.38083858491170197,0.44269943183521887,0.43082913608328804,0.463294617203509,0.3110895061177102,0.2722297581068049,0.3598973480434054,0.3975551024029671,0.5993868153527183,0.17665739910375647,0.45858492161916736
2443.11884877,0.8225111170110265,0.5237227415912453,0.8812067212609123,0.58771155145106,0.22207359351764308,0.5501437104641325,0.3656413332524092,0.3383191951929282,0.5468348470202596,0.4240223333015538,0.754433443230995,0.7541148175285907,0.34381699841297597,0.41035224726509073,0.5210000571717956,0.5695311688004512,0.31259346213619116,0.4329794859614832,0.3800275221655701,0.4363775675894808,0.4256504317181076,0.4518367408215596,0.30050578178327486,0.2695925448368118,0.34610636165182274,0.38974710891200054,0.5943614827724216,0.17544389884695297,0.45280017256884875
2452.65303176,0.8006179596495812,0.5061212292005611,0.8871544575823983,0.5876232293067326,0.21376547698779966,0.5498456747695938,0.3362825432857224,0.34426183879912076,0.5469097488622578,0.4239389552110957,0.7596136604054975,0.7482868411003395,0.34599384411562356,0.40753865037739456,0.5072358761126778,0.5765900590323112,0.3127392271998485,0.4234092809483698,0.3779133621701858,0.42979771682265994,0.4252129840175527,0.44413523230245977,0.29779729736865085,0.26785516945791665,0.33099668959156,0.38016610852080507,0.5707104171785872,0.17303780487770498,0.45170083360060154
2462.19128285,0.7976484387717504,0.4973436091362839,0.8871466095497785,0.5810249116095146,0.20840061790076592,0.5435726862964263,0.3077020380731925,0.3442006271906474,0.5459108531061143,0.42597101990163605,0.7591140362763878,0.7442204591268496,0.3453568363908179,0.40604653315105776,0.4999468815703292,0.5732247153775518,0.3158542400294111,0.4209054830264346,0.3764877494545051,0.42556722032565836,0.4214553412029705,0.42692806599726385,0.2945746244622093,0.2587038682861336,0.31860542018422827,0.37379839818067473,0.5627813363781571,0.16759532560731655,0.44841770233694433
2471.73357568,0.7862449003940081,0.49044542845198896,0.8813158880874931,0.5745804045302556,0.1990860541577931,0.5377869250834736,0.2860081021099383,0.3494811243722894,0.5541434697824756,0.4207050131280403,0.7624495737249295,0.7367352914587496,0.34551573519651185,0.40115526660306483,0.49251369631599706,0.5677878478200211,0.31985208253908537,0.40885716266837163,0.3723658512955094,0.41698299642319214,0.4191059108637282,0.423127506660529,0.29535822791876193,0.2546508617647395,0.31027966977930715,0.3624592285255273,0.5624692507222974,0.16368460062428747,0.44677295849640397
2481.27988414,0.7683801934358607,0.48148170738408164,0.8855865610813799,0.5678929033281612,0.19403537958953976,0.5236931227853152,0.2666048093697401,0.3588454340088626,0.5488227075905564,0.42507425538654037,0.7643577480891881,0.7382197205677474,0.34622404576717924,0.40295345282172834,0.48111012432841843,0.5676129445571824,0.320445573360836,0.39636087779378737,0.36534969140996554,0.41437765916437286,0.4156861861246605,0.4139425626520302,0.3028947941016043,0.2551063189446928,0.29958507476942503,0.359572414901713,0.5601825158262593,0.1596424648058087,0.4392976636713883
2490.83018234,0.7527382485746911,0.4759776624114061,0.874518127428369,0.5696351853981756,0.18884345333738176,0.5137376654933818,0.2506316379679534,0.359992476407677,0.5530971886236882,0.42413978810611375,0.7547607953535299,0.7404285753900852,0.3485322224456889,0.39852780232235624,0.4690934902250479,0.5748599056017607,0.3219487629038658,0.38824046055785044,0.35999277723965767,0.40839863930611997,0.4122493199810697,0.40455043733901735,0.31100035516825125,0.24701860908621545,0.297879669440766,0.3560669556319114,0.5501970357002832,0.1520823728158679,0.43849038281868913
2500.38444467,0.7466734751609302,0.4739433835688043,0.8839890853064137,0.5657775107278579,0.1836427328363343,0.5041627348412846,0.24176885471526519,0.3659511894199449,0.5503050932705775,0.4177086106908901,0.7613666715008345,0.7402218408928228,0.3491986250393532,0.399462195320173,0.459635789620096,0.5712260067890929,0.3239590865211155,0.385460901021691,0.3530296598402621,0.40598057050267344,0.4090220360933016,0.3929430939246783,0.3177910652478085,0.22852227817154833,0.29682352841449355,0.3554267306514485,0.5395577540079013,0.1479229711314559,0.43468078553885003
2509.94264572,0.7396630678984156,0.47932751392705886,0.8804348643835083,0.5550181254477845,0.18069116754698852,0.49624549693151826,0.23481312611372362,0.3701052034509224,0.5520569114732747,0.42006471936178624,0.7543127648663076,0.7368928151995396,0.350435338566369,0.39658333106074944,0.45549623122012756,0.5758975694929243,0.32276713611933644,0.38499235649909386,0.34813858531617403,0.3946222324958939,0.4040232156668407,0.38963966818513185,0.317563301197845,0.211827324597143,0.29776255055861467,0.35648362416548085,0.5217323114096779,0.14480298449122933,0.4219718192450468
2519.50476033,0.7300226271843394,0.4864252589424479,0.8861942572531728,0.5407443224265256,0.17661823797494042,0.4891029439641185,0.22796669896689659,0.37312762564699464,0.5534255225780249,0.4192343800072269,0.7616478929208813,0.7313856886495126,0.34925862009241027,0.40366921379830917,0.4474287721774963,0.5738042898975201,0.3215847116908419,0.38470229317936727,0.3514626910474274,0.3875856905434458,0.4034694508441391,0.38086882123981397,0.31757443570259214,0.21151376451503384,0.30240241338924057,0.36108368286804354,0.5102483404718448,0.14045153326594118,0.4217367744217921
2529.07076355,0.7215546917849898,0.505088478946306,0.8810472153728225,0.5292443335845763,0.17230026472336732,0.47980634449524445,0.22252248406752365,0.37769129193936535,0.5603841478041482,0.4208822611117843,0.7555512841057255,0.732297672570756,0.349098191724646,0.39809169664492994,0.43945051392434253,0.5718201699289192,0.3227110724090486,0.38962140930304656,0.3522570657041042,0.3822624308296527,0.4053405481581982,0.37563717423035764,0.3172316191898133,0.22634241212022296,0.30641884693810756,0.363632104377018,0.5084052676969482,0.13839996809450725,0.4172943697988806
2538.64063068,0.7257391563139322,0.5264748508713789,0.8789449008472813,0.5245263732135832,0.17085854503408945,0.47741012987624815,0.2231285617970218,0.3814397391671487,0.5566101892082933,0.4198216949504812,0.7591349815737317,0.7355410138226888,0.34954177431727357,0.3998394853055271,0.43217541274090093,0.5715716304935542,0.3219478655287602,0.3962292879565064,0.35637020589157736,0.38278984027615104,0.4017582002006568,0.3674907587339955,0.3206159668321425,0.2408491699966053,0.3075832090074098,0.3628951777479791,0.5120283299075716,0.1358749578637044,0.4102752477873215
2548.21433723,0.747804935908936,0.5412677431176799,,0.5267652104757656,0.166515137565465,,,0.3870618143563879,0.5578074633720622,0.4197515342318299,0.7632530363524793,,0.3505665864522629,0.3985621550815099,0.42900094305119824,0.5686651287776234,,0.3999647340283771,0.349846104686541,0.3824102781461064,0.39541691097092657,0.36449705036419744,,0.25259812063668596,,0.36049387693688956,0.5140091919437351,0.1322717755640683,0.40709811020922193
2557.79185893,0.7700265756020017,0.5500769083226896,,0.5202192468376967,0.1638726074302254,,,0.39149194136649434,0.5541551616546488,0.41232201462864,0.7515266656310707,,0.34619951070345717,0.3959180891800831,0.4230605118164468,0.5687219278322037,,0.40679318728690916,0.3478253052077147,0.3783710374778945,0.3947438265002969,0.36192085564136556,,0.25489924986100976,,0.3599515144013856,0.5084052971888658,0.13101744767344675,0.4044942373602889
2567.37317174,0.796713885097168,0.5530251452143308,,0.5192745348524661,0.16029309685998855,,,0.3959480834095892,0.5601282650429243,0.4179132231980448,0.7597976675060508,,0.34598178817997116,0.39405014968782526,0.4111259350644331,0.5657918330378062,,0.4109293021655034,0.3532914062395448,0.3772825859671615,0.39310673989500866,0.3620415156294316,,0.2538133605622028,,0.3570140380085156,0.5018549694752262,0.12893680753423928,0.4012666327951971
2576.95825182,0.8190327146793661,0.5585615033790957,,0.519266263805949,0.1567854438237904,,,0.4025376548478022,0.5579007202383073,0.41546935137462576,0.7670769164200542,,0.34783187127689275,0.3974914329119208,0.40231698345098243,0.5654534586397331,,0.41152885968634956,0.35240244150047434,0.3736837019947433,0.3898695343139689,0.3562954972373791,,0.2565012354548473,,0.3505899114571403,0.490923594910573,0.1252708180881379,0.3983468596432381
2586.54707556,0.8214769809749258,0.5614915902342154,,0.5172044694435607,0.15337059185926902,,,0.39776013897735274,0.5606915468297888,0.40935733328470003,0.7658108229136644,,0.3469001473988923,0.3970803420394472,0.39690023934263935,0.5591359268434952,,,0.3569934844051151,0.37166787742319035,0.3837217990967413,0.35122600385350605,,0.2658364304466967,,0.3493523590451767,0.47766096386179696,0.1212156081403595,0.39223241076788123
2596.13961955,0.8300019723659132,0.5539957166298966,,0.5150331626975924,0.1508679272711947,,,0.4055636705801016,0.5660984577471386,0.4155768323146357,0.7740034464895968,,0.34886943902319234,0.39938334981453416,0.38617806592649867,0.5586414280576444,,,0.35956737773410624,0.36503017231818463,0.376590932583368,0.35309573223034285,,0.27245918520690565,,0.3463831665154888,0.4652340303298705,0.11889195239303324,0.3944624728718405
2605.7358606,0.842550573157587,0.5480580716269643,,0.5147940634128881,0.14567643239949507,,,0.4117729386467153,0.5651354091914234,0.409274015409741,0.765523549452864,,0.34485042656662246,0.4025729774969429,0.38036096037124933,0.5554674595752225,,,0.35284057143862246,0.36798269446355636,0.37178976834028943,0.35250639100080233,,0.28544808575091307,,0.34426956939672837,0.45185827581285776,0.11514597049773147,0.3895532809571267
2615.33577571,0.8285116765658689,0.545580863405262,,0.5123853177128664,0.14178615152552787,,,0.4160497129338457,0.5728807735926514,0.4125824411682809,0.7749131144220189,,0.34566641640698725,0.402359573018003,0.37299798943883616,0.5499520872320468,,,0.3522739598061236,0.36047735871184244,0.36445368077735857,0.34524204519131674,,0.2925425663258099,,0.340288383112159,0.4476463817245265,0.11158009019046282,0.379432709161622
2624.93934211,0.8472048518872588,0.5350176195186466,,0.520105169722151,0.13623848290482402,,,0.4179127586472228,0.5732267496957257,0.40848572586925885,0.7759976916043099,,0.34944849969939595,0.40313234196700554,0.35668502852790707,0.5421400426019669,,,0.3472501611154375,0.35164858682014605,0.3562358737256278,0.33920335457005735,,0.30050415528428176,,0.3375280898187545,0.44656572958776886,0.10838354982234799,0.37037972486825627
2634.5465372,0.8391670849182552,0.5259269074821209,,0.5240438076721365,0.1303162532823079,,,0.42010151842847576,0.5700539735942456,0.4081736449903941,0.7755481405760262,,0.3501318164974171,0.40135612965246087,0.3419625584066074,0.5416957224173007,,,0.3435081497103736,0.34419146849931886,0.3501930610864423,0.3342675739224677,,0.30604790365739576,,0.32915071432933546,0.44476082067227163,0.10334168681180331,0.3648567791655663
2644.1573386,0.8421846448191126,0.5177128835873759,,0.5207439583553364,0.12153915469605679,,,0.42763528699870235,0.5689136122642792,0.4082484008000102,0.7730507195212758,,0.34761752503890614,0.3948479653982011,0.32573693813269144,0.5309722113515534,,,0.3309116278231926,0.3413796520444898,0.3440434957237454,0.3215124542004024,,0.307556715404622,,0.32434134218144706,0.45109452653062787,0.10316742786825239,0.3510462021413387
2653.77172414,0.8397365197332731,0.4970162139406879,,0.5223550875688588,0.11402494454759743,,,0.42942555985093983,0.565689521394159,0.4050655738998122,0.7803686923509406,,0.3497933864485046,0.396853105741538,0.2973558715911259,0.5243537598806732,,,0.3114720745179048,0.3303042571660374,0.3295077091034679,0.31056576498246075,,0.2929408886812316,,0.3201530321174484,0.4630510860109104,0.10179550543569596,0.3386222366462327
2663.3896718,0.8426600876737188,0.4858975895313185,,0.5153681013294741,0.1026122857139025,,,0.43202164363785034,0.5630798055522498,0.3981568290082676,0.7948619762371661,,0.34905194438315823,0.39036935621062246,0.26830816796549556,0.5191858366560675,,,0.29247550890715374,0.31580554334609084,0.31403078652336713,0.28912682569060927,,0.27695196584337733,,0.2971648262440188,0.4649375591012198,0.09899806931721422,0.3211963543318227
2673.0111598,0.8244965914014208,0.47040543507651716,,0.5028552119994969,0.09280782724332454,,,0.42886544268435256,0.5575728806636727,0.4037768551118543,0.8044010083024178,,0.3509159422058055,0.3648404981626006,0.22522092129444055,0.5018146750761525,,,0.263160884935149,0.3047760696813651,0.3031552783809901,0.257964658344534,,0.2539744810355552,,0.28839022473957493,0.4902913510808803,0.09649452022377948,0.3081295353423383
2682.63616654,,,,,,,,,,,,,,,,,,,,,,,,,,,,,
2692.26467058,,,,,,,,,,,,,,,,,,,,,,,,,,,,,
2701.8966507,,,,,,,,,,,,,,,,,,,,,,,,,,,,,
2711.53208585,,,,,,,,,,,,,,,,,,,,,,,,,,,,,
2721.17095516,,,,,,,,,,,,,,,,,,,,,,,,,,,,,
2730.81323795,0.740404843722544,0.3125668692083147,,0.42335231838265786,0.03857385997177553,,,0.4360995764649781,0.3872540108664528,0.38603068990033573,0.7710394135881319,,0.33362411956297583,0.1571546332339853,0.06715779394903786,0.2294899394430706,,,0.055392542044071534,0.09220748683566182,0.12952791633952318,0.1061495813706635,,0.157130967100409,,0.17055537950103053,0.44770723875690027,0.062445021562181534,0.1411439823098573
2740.45891371,,,,,,,,,,,,,,,,,,,,,,,,,,,,,
2750.10796212,,,,,,,,,,,,,,,,,,,,,,,,,,,,,
2759.76036301,,,,,,,,,,,,,,,,,,,,,,,,,,,,,
2769.4160964,,,,,,,,,,,,,,,,,,,,,,,,,,,,,
2779.07514249,,,,,,,,,,,,,,,,,,,,,,,,,,,,,
2788.73748162,,,,,,,,,,,,,,,,,,,,,,,,,,,,,
2798.40309433,,,,,,,,,,,,,,,,,,,,,,,,,,,,,
2808.07196129,0.6961734502582336,0.14854872210493436,,0.26510789552961644,0.028575663479819914,,,0.4217418540519817,0.43051728985548693,0.30934942000590654,0.7701225519280268,,0.3191829300229652,0.08188137456129387,0.1745756158462784,0.19773358211208591,,,0.07627610384979276,0.1337212958198062,0.08496067797420224,0.1091768519651583,,0.040138186526714296,,0.0638904133501276,0.2352055612980417,0.022492488700050422,0.037479754202055994
2817.74406337,0.691023060595187,0.13771774390140923,,0.25085431536702313,0.028515881685471492,,,0.43049517589017916,0.4360874435881037,0.3097306987676041,0.7383395598152477,,0.3450159554383074,0.0816789346881135,0.18212929750068446,0.2320690399500145,,,0.07953725724122142,0.15110137878669713,0.09184605589162978,0.10752588303528046,,0.03770927348401091,,0.06133825330204872,0.22460940621131395,0.02041605517789831,0.035589917141335185
2827.41938157,0.697229147633532,0.1263692862191455,,0.22708963668336463,0.028372667656585686,,,0.4252580411383291,0.43149337171833824,0.31170534452114507,0.761009570522306,,0.33317260787434183,0.08153028731398126,0.19027314904890538,0.24227566930663433,,,0.08110480645957556,0.1635770437023295,0.0999522070291782,0.1110874661618434,,0.03629653873741822,,0.05747483863466276,0.20253242381882408,0.019033461503452472,0.03414056909155721
2837.09789707,0.6964804331067229,0.12244180570812878,,0.20112867840047974,0.02745276965215091,,,0.4371776710046658,0.43780660344886196,0.30553296336100655,0.7425303335804195,,0.332047613722091,0.08581605024901755,0.19934432893968457,0.26635018473427813,,,0.08424913663826412,0.17037390501501617,0.10779120849693909,0.11038362493327959,,0.04081119617553671,,0.05561891673056056,0.17800657399123404,0.01776387640930223,0.03184608859813559
2846.7795912,0.6801290918390215,0.11563224528324055,,0.1654042121755457,0.027641956360098755,,,0.43229278810984706,0.44006476659414934,0.30727850709685567,0.7618915008730717,,0.330647659172612,0.08604716754227787,0.20853600060188585,0.2855948867249304,,,0.08782924876782348,0.18423218822138254,0.1124888495148156,0.11241663888826482,,0.04820102857436045,,0.05207756270719814,0.16287770117411463,0.016460321739437154,0.03251379338505757
2856.46444545,0.6902353670346918,0.10706791244678644,,0.1337005904528616,0.027200178982515748,,,0.42828074114157555,0.4372403744304621,0.30701137854924465,0.7431664995692627,,0.3297656335890795,0.08764975410279184,0.21462661359035382,0.30033725470028916,,,0.09017063681613834,0.18646247794255652,0.11396002430531829,0.1104127895671763,,0.05964087023567482,,0.050501260029372656,0.1447253623303334,0.015545106835910125,0.031458150383037155
2866.15244146,0.6914517847153853,0.10084129203276165,,0.11568396866906144,0.026933094031452498,,,0.42971204121859446,0.45011385631372,0.3008199071104955,0.7430721577126691,,0.32799012717162246,0.08805884334448699,0.21975372510713317,0.3096579272894293,,,0.09280989004874775,0.19507727744023085,0.11838571962308242,0.11174606794381925,,0.07340344701425208,,0.049415013847522886,0.12956740581295065,0.014775661676599846,0.030841683457995366
2875.84356103,0.6872077389533204,0.09406231375127315,,0.11386649353718106,0.026558722023002357,,,0.4373269358916155,0.4369774873834987,0.298508222094225,0.7470142989809788,,0.3275257157483611,0.0859274097848768,0.22609081581860627,0.31306575136351855,,,0.09471359983976688,0.19947967050680096,0.11969678124741591,0.11225657459916866,,0.07023515258242154,,0.05085658133512594,0.11240795876923108,0.01394692350328756,0.03068654232064656
2885.5377861,0.6791638584716643,0.08918750247481488,,0.12594484836595435,0.025975439199587735,,,0.4341605190336534,0.44204210845962993,0.3009156057454558,0.7347986379383395,,0.3316066668783505,0.0844162643945837,0.23310579677952412,0.3200232275998367,,,0.09910576669510861,0.2030542658033633,0.12287884723420334,0.11179631896818014,,0.05946683521099642,,0.05234742151864149,0.09956096687073687,0.013427250572635817,0.030839540706453866
2895.23509877,0.6739034658538234,0.08264887610658148,,0.14500442325631965,0.026151300280614916,,,0.43172549993301723,0.4423338044795676,0.3011389439464066,0.7422518455001185,,0.32410983611645977,0.08400589657946751,0.23128063818132957,0.3185649457787683,,,0.10088886315992146,0.20143997649714948,0.12391265210719507,0.11337569808872822,,0.053361059352653346,,0.05404579490424321,0.0885525408899821,0.012919115045182296,0.03074384380099726
2904.9354813,0.6693811319931454,0.07803419881722479,,0.17165279807351336,0.02616582835961098,,,0.430792274289601,0.4506146577569373,0.2951188741600231,0.7351810709930424,,0.32399360899690166,0.08294323151629372,0.2341454330980289,0.3206318391903256,,,0.10210467009640653,0.20754041947949808,0.1255536860219901,0.11434830378131927,,0.04861946544049211,,0.055675180911055874,0.07957086759842115,0.012581309768336707,0.030563077928744086
2914.63891606,0.6710602992817417,0.07303630831082672,,0.19404081169818307,0.025852785442720752,,,0.42777645758513955,0.4486813159293953,0.29825677572249654,0.7428346714332379,,0.3219037046850948,0.08099716793012224,0.2393986855771283,0.324120989630128,,,0.10427756906067569,0.21285069314330224,0.1267060072401285,0.11291861328895221,,0.046403441806718536,,0.05805082778204208,0.07152653910323435,0.012312333545884015,0.03191336704509326
2924.3453856,0.6741921166758704,0.06929965718012383,,0.21244932201672523,0.02577860809190458,,,0.43754146138672156,0.44605967943364666,0.295752024435315,0.7410171249746056,,0.32152207114781145,0.08348879631724056,0.25157357089849414,0.32779492240852,,,0.10929214645169481,0.21469153282099063,0.12650225345131025,0.11158988123719654,,0.044809903251823796,,0.05949136646671461,0.06631286048264405,0.012119945996037836,0.032181863387090226
2934.05487259,0.6576494855743152,0.06478355172348894,,0.22227148007796535,0.02572961371942189,,,0.43610108785098867,0.45127378355880887,0.29546046141601323,0.7386602808071646,,0.3253952326424221,0.08380424504847604,0.262376790211867,0.3253922012397188,,,0.11132900133212886,0.2154561013664785,0.12991050395478143,0.1116596796357907,,0.043475543677375675,,0.06010618867705321,0.06161536773183416,0.012064326792224215,0.03326618782162388
2943.76735987,0.6612953005657513,0.06298352013451891,,0.22718936037855672,0.02582796808676001,,,0.4446353812624009,0.4482541461047612,0.297289049312505,0.7427422703681802,,0.323942807917516,0.08674743936805593,0.27410170449383997,0.32547180792877467,,,0.11341089700911096,0.22003454840927608,0.12637174486989294,0.11271204753660655,,0.0432685834494069,,0.05997873499286883,0.057543687842907344,0.012035985274985762,0.03367285007914058
2953.48283039,0.6569975545119228,0.05945564443289985,,0.22767540040352777,0.026126258002040686,,,0.44163390398847446,0.4577039881055734,0.2949295339906204,0.7359875762185086,,0.322593327078515,0.08965631825949916,0.27403385430322713,0.3320753224572557,,,0.11463284433308062,0.2237911539116356,0.12833346316244157,0.11350287070822891,,0.043269296595036456,,0.06057769825411306,0.055427051200617486,0.011979460300376296,0.03519852509517135
2963.20126726,0.6643358696985279,0.058006224440305565,,0.22787526148186785,0.026178280513613515,,,0.4397278337135405,0.4478737667043218,0.29230095158387565,0.722408452591135,,0.3211725447181436,0.09214385500400754,0.28155525088042804,0.32805543900859874,,,0.11839372884334468,0.224192705049892,0.1299967996296275,0.11423520215897276,,0.04268175466274098,,0.061994029201044965,0.055012970189320894,0.012054389269339967,0.03604559921153987
2972.92265372,0.6563895502569751,0.056742719196261046,,0.23436658603685287,0.02656012160864334,,,0.44154678877858433,0.453164948291573,0.2935958594948608,0.7285608122986628,,0.3215432642282509,0.09613537600204287,0.2908105703554222,0.3371503839449849,,,0.12054587137470373,0.2329991640413895,0.1303060928759943,0.11475603122102115,,0.0427314307561189,,0.06385314404526676,0.05622866015534254,0.012010535578516075,0.03748985590370084
2982.64697313,0.6553012582871102,0.056086351668955405,,0.23531782071257162,0.026396632252408556,,,0.4423373422522722,0.44633237349630617,0.29271876521629414,0.7260572066678349,,0.31968439301294077,0.09965397954178405,0.30339805549675153,0.3315971293436675,,,0.12397749055919324,0.23457640898622523,0.1313516050708988,0.11795735357763765,,0.043102593960766954,,0.06573493406564787,0.05923890669685695,0.012060068721477786,0.0383965535835833
2992.37420903,0.6549339167491235,0.056201080982547044,,0.2445038010322026,0.026507456718186974,,,0.44062788756451204,0.4517432434180165,0.29225895363965093,0.733649960455095,,0.32051903067140247,0.10544369928551439,0.30322814283537086,0.33666389187452606,,,0.12697315360366324,0.23637105155064828,0.13360923374102052,0.11894476367784358,,0.04312010671423427,,0.06814530467488919,0.06213847947660771,0.012306387011394717,0.0405009489323261
3002.10434504,0.6564514783989156,0.05757096434354632,,0.24704665557955133,0.026795044616967054,,,0.44360274266170635,0.44875168919537084,0.2951816595249681,0.727826447762155,,0.32162882187533776,0.1109038400755694,0.30398828281915674,0.33816993207266216,,,0.12932863601583777,0.23766590412030433,0.13484860829656906,0.12176493781336807,,0.0441558483146369,,0.06947586204286157,0.06423675638382478,0.012420513169143985,0.04184102995624927
3011.83736494,0.6504094674029253,0.057710993731571,,0.253693387884196,0.026619903805084756,,,0.449331575616838,0.44626758905091873,0.2909355921104153,0.7245178921015135,,0.31877743828819677,0.11851264053020646,0.31408774869358425,0.33846960571285367,,,0.13146526825447588,0.2412355869007177,0.13455002038579078,0.12610986563187354,,0.04459792818320505,,0.07298786451693612,0.06619322689559072,0.012466963377230352,0.043656213250197994
3021.57325265,0.6350977189326016,0.05885704704766792,,0.25891973103821925,0.027096860226552107,,,0.44445638735558446,0.4441208781249166,0.29041953601617243,0.7228276045247903,,0.3206396459292928,0.1264497039766831,0.3218175550828234,0.3377531841293886,,,0.1363460193037774,0.24334918379750614,0.14035990288812325,0.12457770561132231,,0.04537309261900176,,0.07490991229946986,0.06876311579707511,0.012641212987590961,0.04471319010296915
3031.3119922,0.6502978136625535,0.05911382899222272,,0.26796860194984706,0.027181686169649725,,,0.4418077261505572,0.45057266524757966,0.292554278464107,0.7247847126840679,,0.3168327143678491,0.13202204613164803,0.3278067900255725,0.3381322152385907,,,0.13851367565390849,0.24545012728457247,0.14137019427210942,0.1290359530937336,,0.04590170921733324,,0.07724935868262653,0.06915169918128802,0.0126441805495993,0.04626776454222848
3041.05356775,0.6468860330843821,0.0597669656180588,,0.27855741708718035,0.026919321511924974,,,0.4428968887818853,0.45530208114048826,0.2933130437814036,0.728522422552072,,0.31711039475318165,0.13949144651329484,0.33150437983972886,0.3346627311783692,,,0.14143583560574088,0.2503822308341966,0.13932978806708773,0.1318763985906612,,0.04576371586869043,,0.08095737078575459,0.06961716422316715,0.012896734152901539,0.048772629766397936
3050.79796359,0.6402991642823037,0.06061012360112877,,0.28002900236852185,0.027279176317485693,,,0.44827626661164754,0.45226573161927747,0.29147973372377856,0.7307054755370045,,0.32052368418718374,0.14727190081222918,0.33447469871762286,0.3381408644414793,,,0.14463504589029627,0.25507260076402744,0.14056419494057834,0.13438959638433082,,0.045919193396695986,,0.08363857516738521,0.07142892001526759,0.012728925999220287,0.0490749934322763
3060.54516415,0.6322538346333416,0.06097985555428812,,0.28097230208667656,0.027276187048801262,,,0.44907206952523077,0.44719701405232753,0.2888486447521438,0.7254333382058945,,0.3189311037832177,0.15470654902304387,0.34151796628991216,0.3435705380146696,,,0.1470718259479052,0.25535989108573065,0.14266146363535798,0.13667625553098248,,0.04645024676000273,,0.08626782861380566,0.07475129884101482,0.012763256375779982,0.05086978629776568
3070.29515395,0.6354164795475683,0.06048907385366268,,0.28479701486856074,0.02753519199116405,,,0.4492049176488387,0.45723676688812875,0.2918107316733804,0.7222456709603473,,0.3214443245589551,0.16116675087652516,0.347272890366715,0.34504706603240837,,,0.15009326031468048,0.257810091458506,0.145099835639722,0.13917702180383254,,0.04615654156317772,,0.08908200508911572,0.07759439325423254,0.012919990496605017,0.05299709923633685
3080.04791767,0.630822813854842,0.05991456879634478,,0.28835900839951334,0.027902339111936538,,,0.44627632573747705,0.4536384017467263,0.29717707802598214,0.7246263429002624,,0.318111155445368,0.16763748367920034,0.3468241441461278,0.34220637622321826,,,0.15142715199982754,0.2621283014222632,0.1465711150257197,0.13967806660885024,,0.04632365697122718,,0.09016957034740795,0.08066115938689002,0.013085073396053276,0.05447015310014334
3089.80344009,0.6204555847863191,0.06167006228061907,,0.2879541173573883,0.027657235494179828,,,0.45238986605812576,0.4549196755920604,0.2928368824104498,0.7170123596216369,,0.32263606178511,0.17703874025239605,0.35205299829278236,0.3481679956368297,,,0.15293724659545457,0.26691245026849186,0.1470449565008246,0.14318663388125982,,0.047686826438894256,,0.09412982805213407,0.08408254484501913,0.013357786349799696,0.05703417551041049
3099.5617061,0.6152500966864313,0.06039240702555295,,0.2924498194284739,0.027811987890438265,,,0.4518863877247879,0.4537070446845758,0.28756702820092134,0.721128846220538,,0.3209731607689338,0.18576949522168357,0.3559431405128702,0.35029537542643985,,,0.1538819177075942,0.26799620898729504,0.1498704127477203,0.14518516954843877,,0.04863704452111029,,0.10180135523775473,0.08553702365052263,0.013266437133522007,0.05918114166993096
