,CAGR01 Calcite,F1CC06B Magnesite,HS433 Halite,LAZE03 Prehnite,bkr1jb329c Siliceous-sinter,GDS26 Epidote,GDS1 Analcime,NBPP22 Clinopyroxene,LAPP47B Orthopyroxene,LAPO05 Fayalite,LASC02 Forsterite,GDS27 Hematite,NCLS04 Plagioclase,LACL14 Chlorite,LAKA04 Kaolinite,LAIL02 Illite,GDS106 Margarite,c1cy29 Vermiculite,LALZ01 Serpentine,LAMO02 Montmorillonite,NCJB26 Nontronite,LASA58 Saponite,GDS23 Talc,F1CC08B Alunite,GDS145 Bassanite,LASF41A Gypsum,LASF21A Jarosite,F1CC15 Kieserite,799F366 Mg-sulphate
Category,carbonates,carbonates,hydrated silicates & halides,hydrated silicates & halides,hydrated silicates & halides,hydrated silicates & halides,hydrated silicates & halides,iron oxides & primary silicates,iron oxides & primary silicates,iron oxides & primary silicates,iron oxides & primary silicates,iron oxides & primary silicates,iron oxides & primary silicates,phyllosilicates,phyllosilicates,phyllosilicates,phyllosilicates,phyllosilicates,phyllosilicates,phyllosilicates,phyllosilicates,phyllosilicates,phyllosilicates,sulfates,sulfates,sulfates,sulfates,sulfates,sulfates
Sample ID,CAGR01,F1CC06B,HS433,LAZE03,bkr1jb329c,GDS26,GDS1,NBPP22,LAPP47B,LAPO05,LASC02,GDS27,NCLS04,LACL14,LAKA04,LAIL02,GDS106,CY-PLH-029,LALZ01,LAMO02,NCJB26,LASA58,GDS23,F1CC08B,GDS145,LASF41A,LASF21A,F1CC15,799F366
Species,calcite,magnesite,halite,prehnite,siliceous-sinter,epidote,analcime,clinopyroxene,orthopyroxene,fayalite,forsterite,hematite,plagioclase,chlorite,kaolinite,illite,margarite,vermiculite,serpentine,montmorillonite,nontronite,saponite,talc,alunite,bassanite,gypsum,jarosite,kieserite,mg-sulphate
Subgroup,calcites,calcites,chlorides,prehnites,hydrated-silicas,epidotes,zeolites,pyroxenes,pyroxenes,olivines,olivines,hematites,feldspars,chlorites,kaolinites,micas,micas,micas,serpentines,smectites,smectites,smectites,talcs,hydrous_sulphates,hydrous_sulphates,hydrous_sulphates,hydrous_sulphates,hydrous_sulphates,hydrous_sulphates
Group,carbonates,carbonates,halides,inosilicates,mineraloids,sorosilicates,tectosilicates,inosilicates,inosilicates,nesosilicates,nesosilicates,oxides,tectosilicates,phyllosilicates,phyllosilicates,phyllosilicates,phyllosilicates,phyllosilicates,phyllosilicates,phyllosilicates,phyllosilicates,phyllosilicates,phyllosilicates,sulphates,sulphates,sulphates,sulphates,sulphates,sulphates
Library,MICA_new_dirtree,MICA_new_dirtree,MICA_new_dirtree,MICA_new_dirtree,MICA_new_dirtree,MICA_new_dirtree,MICA_new_dirtree,MICA_new_dirtree,MICA_new_dirtree,MICA_new_dirtree,MICA_new_dirtree,MICA_new_dirtree,MICA_new_dirtree,MICA_new_dirtree,MICA_new_dirtree,MICA_new_dirtree,MICA_new_dirtree,MICA_new_dirtree,MICA_new_dirtree,MICA_new_dirtree,MICA_new_dirtree,MICA_new_dirtree,MICA_new_dirtree,MICA_new_dirtree,MICA_new_dirtree,MICA_new_dirtree,MICA_new_dirtree,MICA_new_dirtree,MICA_new_dirtree
Sample Description,,,,,,,,,,,,,,,,,,"LLANO,TX",,,,,,,,,,,
Date Added,,,,,,,,,,,,,,,,,,19-Jul-90,,,,,,,,,,,
Viewing Geometry,,,,,,,,,,,,,,,,,,"i=30, e=0",,,,,,,,,,,
Other Information,,,,,,,,,,,,,,,,,,,,,,,,,,,,,
Composition,,,,,,,,,,,,,,,,,,,,,,,,,,,,,
Resolution,,,,,,,,,,,,,,,,,,,,,,,,,,,,,
Grain Size,,,,,,,,,,,,,,,,,,0 - 500 µm,,,,,,,,,,,
Locality,,,,,,,,,,,,,,,,,,,,,,,,,,,,,
Database of Origin,MICA Files (USGS/RELAB),MICA Files (USGS/RELAB),MICA Files (USGS/RELAB),MICA Files (USGS/RELAB),MICA Files (USGS/RELAB),MICA Files (USGS/RELAB),MICA Files (USGS/RELAB),MICA Files (USGS/RELAB),MICA Files (USGS/RELAB),MICA Files (USGS/RELAB),MICA Files (USGS/RELAB),MICA Files (USGS/RELAB),MICA Files (USGS/RELAB),MICA Files (USGS/RELAB),MICA Files (USGS/RELAB),MICA Files (USGS/RELAB),MICA Files (USGS/RELAB),RELAB,MICA Files (USGS/RELAB),MICA Files (USGS/RELAB),MICA Files (USGS/RELAB),MICA Files (USGS/RELAB),MICA Files (USGS/RELAB),MICA Files (USGS/RELAB),MICA Files (USGS/RELAB),MICA Files (USGS/RELAB),MICA Files (USGS/RELAB),MICA Files (USGS/RELAB),MICA Files (USGS/RELAB)
Reflectance,---,---,---,---,---,---,---,---,---,---,---,---,---,---,---,---,---,---,---,---,---,---,---,---,---,---,---,---,---
900.0,0.8842328352959771,0.9015797650207169,0.9008791497585475,0.734458850551941,0.5689268844783486,0.25660261052055827,0.9066995975703417,0.21637535338539077,0.1286825138734717,0.2238154118746793,0.3342968701982399,0.24669144431913392,0.3294828134034547,0.2763773057050299,0.9323441603577909,0.4384457503739867,0.4097005067471022,0.7413269265664505,0.4012244495926467,0.5790273690904205,0.3843299980668788,0.9110767082188912,0.560010794929166,0.8689182702758852,0.9221862337246716,0.9435297036131449,0.41220315684790565,0.8536189168805983,0.949004822925154
904.5,0.8839572331195947,0.9013250909650748,0.9005352203850919,0.7343997558719287,0.5689732822844327,0.2554548432399321,0.9066162609304877,0.21259425062260318,0.12755845082968076,0.22237217090968775,0.3304981572426269,0.24921377420176646,0.32935235027714677,0.2769012377589746,0.9325317768185225,0.43854049228948594,0.40950001511203893,0.74174472969565,0.40162594281764946,0.5792750194529275,0.3835926448730347,0.910203163928733,0.561299056295298,0.8688728673394203,0.9214523880931649,0.943129495837788,0.4109466705227516,0.8536481317880569,0.9486997178018255
909.0225,0.883882356654031,0.9008177062856215,0.9001061520840988,0.7344930536716503,0.5689756749943471,0.2543671745696997,0.9055991247634647,0.20867095154151116,0.12711423532829852,0.221064872562708,0.32656055606992235,0.25216211917680176,0.32916964619239397,0.2776506007467686,0.9326271102270703,0.43878673862723805,0.4092186436833565,0.7424559665170791,0.4019728722257364,0.5792145599996497,0.3830053499283256,0.9092759710929609,0.5623371451969154,0.8689480148468364,0.9207165408260531,0.942738643035965,0.4102225265763898,0.8537421235836851,0.9481187064641954
913.5676125,0.8838763245371775,0.9005764272206442,0.8998515306480588,0.7347096024137669,0.5689625721358068,0.2531593867660169,0.904068269773248,0.2045567135611475,0.12707465712802857,0.21975875429395364,0.3221651543941395,0.25540462771943306,0.3290100040602096,0.2785237291927742,0.9325942276107679,0.43898562226096527,0.4091294113624121,0.7431395707107005,0.40249650332625697,0.5792931379618074,0.38250364266979864,0.9091606066097333,0.5631398606929751,0.8693241709727074,0.919915487837733,0.9423809965948718,0.41006466560075117,0.8538265141787542,0.9476641917003584
918.135450562,0.8839333094096707,0.9003822431755736,0.900028973209844,0.7348527098307285,0.5689464643324725,0.25162036505831575,0.9024793295112731,0.20020509681174214,0.12752992767153382,0.21835364437532986,0.3173998066106867,0.2588922696449556,0.32888443819763263,0.2794042900497328,0.9324824941204812,0.43901790638491867,0.40948569455518097,0.7436848942252948,0.40307775356056785,0.5795175433467409,0.3822589577683683,0.9087727727531896,0.5637706564659596,0.870108481045407,0.9190126187216832,0.9422050218678627,0.41022148959446203,0.8538598470391812,0.9472578169792706
922.726127815,0.8843247329209821,0.9001218644006861,0.900530483085483,0.7350046999034219,0.5687026910099069,0.24988523617007433,0.9007362048094473,0.1957965945316926,0.1284515483132292,0.21693940475030496,0.3125855666533049,0.2629065864414404,0.3286562821748744,0.28034789819102723,0.9327366082288164,0.4391404328874422,0.4100957587333374,0.7439445757943279,0.4035842163890971,0.5799870093844386,0.3821908527569484,0.9078033970465708,0.5643141852840132,0.8708234174937193,0.9183138614453284,0.9418597613990216,0.4107470122724837,0.8538062052553725,0.9467561027583624
927.339758454,0.884571664405912,0.8999843499428011,0.9010856420301168,0.7352335157500304,0.5681003709764627,0.24822023670876817,0.8985363436891458,0.19135251803378928,0.12973252797400692,0.21563406401544516,0.3075077999304729,0.2678640330333486,0.32826114071186424,0.2816946657517145,0.9327496125960468,0.4392972125428847,0.4106244286197046,0.7438164311140671,0.4038396912943271,0.5808651200110303,0.3822222505379204,0.9068309501741084,0.5647976370710879,0.8712798966229597,0.9181811674388232,0.9413774157760005,0.41163328297174173,0.8537413412662193,0.9461047736063757
931.976457247,0.884554016405679,0.8998574720045647,0.9013562222961095,0.7352603122823972,0.5674652343110047,0.24673931390603412,0.8959087703276205,0.18697316536329653,0.13137581684309432,0.21445645144000147,0.30202612733420325,0.27350527510896894,0.3278629329640695,0.28323379440276064,0.9323642504695929,0.439544887419681,0.4110701649680272,0.7434349105204142,0.40437252737745916,0.5820084368028831,0.38245503485744853,0.9057791413247627,0.5648422488442469,0.8717428559224422,0.9180228237293718,0.9411906786208043,0.4126548079479383,0.8535598018667324,0.9452586916356964
936.636339533,0.8845724867581758,0.8998455733431874,0.9010171046978086,0.7351456937430729,0.5667845412365508,0.24542748315799714,0.8931271235132563,0.18279977086867555,0.13361382449063314,0.21333935643545904,0.29636608154283794,0.27917613126844876,0.32746290829129854,0.2846273752157993,0.9320818769003195,0.4399316232884207,0.4115665819375606,0.7424680794617592,0.4054642038365938,0.582547790359484,0.3827586305684052,0.9044426732021731,0.5637449995334121,0.872159186675751,0.9168627776056938,0.9412316395249426,0.4140888697810412,0.853054154079284,0.9441953266135719
941.319521231,0.8845509577533784,0.8999214827262978,0.9001465418481646,0.7352008515847209,0.5658945620324162,0.2441120764426212,0.8904398416909697,0.17870510678958254,0.13660945519861545,0.21223630302197288,0.29061434820181065,0.28475026234572304,0.3268994756669775,0.28601191556005906,0.931741390004444,0.440260877182719,0.4120097674538627,0.7407467495418758,0.406432753868617,0.5824093452000678,0.38306744486283073,0.9017525392372111,0.5607385135008948,0.8721314351446652,0.9149045538566771,0.9409158502613125,0.4158930403100536,0.8521776720034359,0.9429955623353337
946.026118837,0.884582408100368,0.8998537454951978,0.8993341166996396,0.7353009215236079,0.565301471123001,0.2426871364640552,0.8878350309663088,0.17466815235153482,0.14012907370558572,0.21110875035987486,0.28486376251087425,0.2905439502058042,0.3262090164262519,0.2872979920737921,0.9313444177382371,0.4406252589204408,0.4123345474313259,0.73945022837511,0.4072849967659957,0.5827029647673753,0.3836126724843084,0.8978017201633409,0.5569018978332421,0.8717309474613578,0.9130132966187086,0.9400400702556275,0.41759988708673645,0.8509805382760834,0.9418534224392991
950.756249431,0.8845446465362836,0.8999364012527722,0.8994222074838912,0.7354160138546025,0.5650804052243903,0.24141527648867364,0.8846912345413543,0.1707700159158433,0.14424468152715414,0.20991157364393456,0.2791479751934738,0.29709160030248455,0.32547721067023594,0.2885219669608509,0.930539285895016,0.4409043261542339,0.4128288388818341,0.7398704093352659,0.4083748333453367,0.5831214990458603,0.38432286352199835,0.896252339640478,0.5565439713231792,0.8715159556511825,0.9115808388325566,0.9391912897732894,0.41943621686365107,0.8496648216089248,0.9403894126537217
955.510030678,0.8845259405495798,0.9000106722292135,0.9004482786681866,0.7355708362965091,0.5647688261062864,0.24032799483700293,0.8801015812629963,0.16715276644709684,0.14902340185493523,0.2087717419146109,0.2733547584920296,0.3047395386491743,0.3248142253241965,0.2899197813063798,0.929545982277784,0.44112030579162065,0.41343692480515126,0.7415618449995682,0.4097909408828454,0.5832754273584719,0.38503660839812065,0.8971312342271386,0.5610017340206945,0.8713137480666027,0.9105994733819387,0.9381829284200903,0.42144729490190724,0.8483591249008894,0.938111042825988
960.287580831,0.8845992681505633,0.9000038380773785,0.9012267967659625,0.7357046304180294,0.5642937913844127,0.23903749461250035,0.8734879645733455,0.16377441913139285,0.1546173713362749,0.2077640584485778,0.26746926881956873,0.31321288285489723,0.32411055905124164,0.2914723886408266,0.9292382806189737,0.4415115957254251,0.4136683470258673,0.7430131551189381,0.4113949041004054,0.583354051956758,0.38589260703388717,0.8969126585912963,0.5656788130429005,0.8707666721001367,0.9096076846457776,0.936693500317946,0.4238599487008781,0.8470427070503028,0.9352202014162022
965.089018736,0.8846711308846197,0.9000580333688706,0.9015635401922251,0.7357958636393026,0.5639180299742678,0.23756997223085016,0.8656485200597178,0.1606508730130144,0.16113253749467069,0.20682505106443277,0.26157818838847124,0.3219842026739675,0.3233587395226661,0.29289925206297207,0.929359063635289,0.4421537309248151,0.41389502065654865,0.744151200475783,0.41308585354639715,0.5835343088975101,0.3868815191354206,0.8966751884991628,0.5686537838816138,0.8697182573844735,0.9082585208654844,0.935373245630098,0.42656134621736297,0.8455992277231876,0.9322833688800263
969.914463829,0.8845785960913342,0.9001561998958396,0.9017868662814283,0.7357766219007076,0.5637523469584947,0.23612213513018773,0.8596173873150356,0.15775821438591042,0.16854928184201706,0.20583403280559384,0.25569068835506054,0.330713025143034,0.3224619142899736,0.2940762015764982,0.9306819926361335,0.44290673330827973,0.41469415445073715,0.7451437862923781,0.4147751767161592,0.583713654884184,0.38804176523383793,0.8975412888152375,0.5702230114898431,0.8682608121691656,0.9067365354861642,0.9338458981470329,0.42976062471415577,0.8442255464047211,0.9294734779755086
974.764036148,0.8847580098419149,0.9001360161041017,0.9016055863496915,0.7358220316054301,0.5637741743530886,0.23477230014676453,0.8591200627730176,0.15515016089690542,0.17687446312580282,0.2045710888139518,0.250046519388649,0.3396498115596754,0.3214798933512563,0.2951803285576459,0.9327890994858475,0.4435533746170175,0.41572706783621455,0.7460672668984841,0.4162965058272665,0.5843102036756583,0.38941930027835536,0.8987719633828026,0.5708532076965788,0.8663982652509709,0.9059728249500287,0.9324019194097691,0.43365070874350076,0.8430118443141038,0.9268583378508127
979.637856329,0.8848483157462154,0.8999770793231406,0.9008198570077143,0.7359942148738288,0.5638753072276987,0.23384800946417358,0.8622645788437044,0.1527689083431275,0.1862578409228093,0.20338385385657118,0.24465204445713284,0.3488153609816225,0.3205252534451717,0.29627488682046466,0.9343589491303573,0.44407432536692204,0.4166795427765846,0.7468484675421362,0.4175627833223035,0.5855101773076773,0.39082473893538905,0.8995190456783725,0.571262236629507,0.864058857669138,0.9062356702095948,0.9308703911572739,0.43759546213537565,0.842057479136421,0.9249680956817274
984.536045611,0.8847552251846456,0.8999334411264182,0.9006053959020575,0.736109708709555,0.5640046707621846,0.23304595395033037,0.8672588443998057,0.15062884363478152,0.1965494189068576,0.20224574118879488,0.23924429394136387,0.35817978236991893,0.31967563394290377,0.2972815719258822,0.9352340452955958,0.44453877554865445,0.4174461236448192,0.7475551742829222,0.4185856737787872,0.5864508729484551,0.3923665452794569,0.9000220442478031,0.5719463556153421,0.861303889950461,0.9072559925721613,0.9291251450051822,0.4413738834788904,0.8413177860983406,0.9243466666563115
989.458725839,0.8847549678297364,0.8997896634457583,0.9011758132807651,0.7360368825428922,0.5639552318599883,0.2323149387654381,0.8732307976067053,0.1487417807888281,0.20775375631319146,0.20114410728247498,0.23403869069666428,0.36787296972318034,0.3186758071065621,0.2981802311706722,0.9354525184558513,0.44492561906518674,0.4180444194444057,0.7481940564627695,0.41945717964703905,0.5867484098259492,0.3942352817810598,0.9004493988760486,0.572711874770814,0.8585978033755547,0.9086257724135612,0.9277010675921454,0.44556772572265685,0.8404873147169418,0.9244973830483735
994.406019468,0.884772020512046,0.8997468984833528,0.9013181554091876,0.7358548021554515,0.5638295747161306,0.23175806334517535,0.8789982415092156,0.14715834411099024,0.21998560108689857,0.1999661460204543,0.2291117586434286,0.37793714369958914,0.31745868407397987,0.29890998097221205,0.9358378478987536,0.4452524617156196,0.4183877932294299,0.7486654085004257,0.42026098508138593,0.5867499521765334,0.3962049147272407,0.9011453227365069,0.573267106125709,0.8565546532889782,0.91011238223679,0.926674039993585,0.449984009429173,0.8396518232725895,0.9250140515915894
999.378049565,0.8846688884564178,0.89989282472822,0.900528622158612,0.7356285512634022,0.5638550971603323,0.23107927678869794,0.8837774551902468,0.14593501469125478,0.23349694551268257,0.19877430577018662,0.22457698774941434,0.3881800555943821,0.3162531139668427,0.29951196698150584,0.9366267042082975,0.44562806095956886,0.41833169181165514,0.748967795112125,0.42106786073877983,0.5874724978789586,0.39815409449816397,0.9018518482119946,0.573853852538329,0.8557553205214664,0.9117235965890755,0.9266308572076295,0.45456692035704493,0.8391500969691223,0.9255588741333092
1004.37493981,0.8841455224680702,0.9004025559383213,0.9002922808723139,0.735505268151444,0.563919669936524,0.23030678550543981,0.8880278413462176,0.14508234800127393,0.2481105017114294,0.19762463101437605,0.2204070764888208,0.39844541635735914,0.31519841146678057,0.30004130067150064,0.93667670124412,0.4460416725203567,0.4182129805028142,0.7490573966592717,0.42174818111466045,0.5881507856475343,0.400290076421578,0.9026824220563557,0.5747234049715119,0.8565322562242942,0.9132475438330551,0.9275942842330115,0.4595004008082119,0.8391800599498686,0.9263740446409838
1009.39681451,0.8834713323148293,0.9009608485500965,0.9006438128322941,0.7355049875860786,0.5637644673740773,0.22965939256851095,0.8912407251554776,0.1445795198683953,0.26378700328888793,0.196542994520224,0.21659346516039263,0.4085240368753036,0.3141196257154614,0.30049728151933014,0.9365205494287162,0.4464783637545152,0.4181754140366893,0.7488842492027575,0.42237336561090044,0.5880359052939441,0.40259552170134816,0.9036040014128938,0.5756216845670502,0.8586680064728136,0.9144086969352501,0.9292807088559061,0.4647974379471887,0.8391785684101546,0.9277331209837751
1014.44379858,0.8832904001413237,0.9013845227591661,0.9011098315811702,0.7355527475452494,0.5635239425175884,0.2295192417995239,0.8936164772432286,0.14433637373754724,0.28029598808309564,0.19562965309024993,0.21322028921356256,0.41831609552998106,0.3130553646907307,0.3009283745091623,0.9367674687567675,0.44690342586702086,0.4181053578428314,0.7488577898333574,0.42299926957057254,0.5880463558926398,0.4048906443562771,0.9046720301039801,0.5761696675827789,0.8620790293980545,0.915302789711381,0.9309654724003751,0.4703107843300962,0.8389484373412384,0.9294634869361389
1019.51601758,0.8834822200410667,0.9015849524361021,0.9011985158778968,0.7356662449375568,0.5634513797261036,0.22975930297800373,0.8954703580314655,0.14439964884939538,0.29767730469490783,0.19477819493354978,0.2101037849275715,0.42789997099154065,0.31206650193872604,0.30126012975255995,0.9375125740954399,0.4471222761896604,0.4182170806458261,0.7490695245517489,0.42379898168635993,0.588146375791142,0.40730509637465473,0.9054793076759968,0.5766289220742445,0.8662794462118775,0.9160860792844394,0.9322125571058526,0.47602543143452614,0.8388069088978526,0.9312208209221282
1024.61359767,0.8838241635168463,0.9016224467735395,0.9005994466819904,0.7360127473090432,0.5632829631168083,0.22994818102868286,0.8967143984213546,0.144760875548393,0.31561833419885127,0.1939648502033831,0.20723740396955906,0.437225606400229,0.3110480713087156,0.30151373829321615,0.9380529940241426,0.44720808193881073,0.41860140226998077,0.7492757733204991,0.4246054089775046,0.5887018062273962,0.40992007711136563,0.9058775846040356,0.5774127402405089,0.8709945859847313,0.9167781454767736,0.9335330863274477,0.48202603269251004,0.8390173856167368,0.933076895853067
1029.73666565,0.8839983373037352,0.9017670089206813,0.8999181515238768,0.7363576340722099,0.5629777360754292,0.2301887396845555,0.8972521435043357,0.14540824670103422,0.33401893171020525,0.19316983325852052,0.20487947843612941,0.44620646646071455,0.31006125989494293,0.30166279035532567,0.9387031337933812,0.44736577640262754,0.41880082259276913,0.7496942731008668,0.42511262147360224,0.5893214571503743,0.4125811969306947,0.9065226455021911,0.5784316459325037,0.8748917505262931,0.9173657412780778,0.9352841501468181,0.4884170358241738,0.8395034037402834,0.9349696259526434
1034.88534898,0.8840157606007791,0.9018748909015769,0.8998769159888124,0.7365364978702453,0.5628146418904703,0.2306800759057774,0.8971163326361387,0.1464099583810058,0.3529357385191454,0.1922518266997385,0.20309529548560315,0.45487292839124527,0.30913486581425775,0.3018103978901025,0.9392238542435286,0.4477415375491618,0.41871182977805654,0.7502855207789619,0.42525882263562015,0.5901420621523621,0.41532011693585486,0.9072992112769794,0.5796866153306252,0.8775892153264059,0.9178811649731904,0.9367638984351143,0.4950937367007117,0.8400838917242949,0.9367838303419845
1040.05977573,0.8839130938999127,0.9020364530024757,0.90038505268907,0.7366272138917169,0.5627691983014259,0.2312253877160783,0.8972515794987489,0.14772309082237742,0.3722296975652631,0.19153232039640133,0.20177947667853052,0.46303449251609385,0.3081311027020865,0.3019625418572868,0.9396739684614741,0.4479330316755579,0.4186578501817461,0.7510325114031462,0.4255543938174225,0.5906450418441037,0.4182230795650765,0.9077290067528386,0.5811976816157599,0.8795130073010944,0.9183316509020221,0.9380756190762163,0.5019271111741964,0.840787489265126,0.9385578971161664
1045.26007461,0.8835847917840657,0.9022299261383256,0.9008379911669383,0.7367824138873935,0.5625441090736599,0.23194841810640626,0.8977389372565167,0.14932745059409028,0.39148318122351955,0.19096062198697905,0.20072779509584576,0.470968616832711,0.3071047836486852,0.30216746390858235,0.9401544585809452,0.4479925812956402,0.41877192689037773,0.7518055869461051,0.42579225770276863,0.5908283723766853,0.4211516919979522,0.9082056257045605,0.5825871171313959,0.8809682924425328,0.9186189126836373,0.9391674372049527,0.5089484384904875,0.8416490078738594,0.9401828877578154
1050.48637498,0.8835478930834592,0.9022690836060016,0.9007692327437745,0.7368666587328881,0.5622871776554071,0.23291374860505087,0.8977832389655489,0.15123521135870863,0.4105992259564829,0.1903621407786755,0.20010897149393578,0.47851949253243536,0.306144226557973,0.30240026296171907,0.9405580906402918,0.4479730192335701,0.41895022637021706,0.752666528511489,0.4257737943894451,0.5905667866911769,0.42418892117336704,0.9087086682120713,0.5834961893275755,0.8820155805475325,0.9186949081287235,0.9396958650370749,0.5160315056351029,0.8427377117494997,0.9415144098360827
1055.73880685,0.8834403393969946,0.902336502246039,0.9009199938065537,0.7369695563387025,0.5619609846102409,0.23414809022953795,0.897271660468101,0.15351874611625194,0.42923225973535184,0.18984150866378494,0.19990782445991104,0.4859767074457594,0.30529230614632863,0.30241222177204585,0.9409483974113506,0.4478364077970868,0.4190256739110426,0.7536705935506084,0.42583961640473217,0.5907176429370222,0.42727236831334353,0.9091315403722897,0.5843056310653357,0.88276028709879,0.9185564496828064,0.9400363071170615,0.5230204615180506,0.8439873645511792,0.9425274831039133
1061.01750089,0.8832940407564233,0.9026096411110186,0.9016122917646198,0.7371332392136609,0.5615425575278008,0.23552966595481373,0.8968492793799883,0.15618142601829668,0.4472981662044586,0.1894907742240659,0.20014195728946804,0.493690145757241,0.3044557305540142,0.30236281340414484,0.9412150613674731,0.4478824654896048,0.419031127112176,0.7548049806860986,0.42621032623328703,0.5913994929291856,0.4303737843353992,0.9094889892518451,0.5855176468118616,0.8833914139478178,0.9185745085612924,0.9402696142068164,0.5303637622952301,0.8453227642170357,0.9432700721962277
1066.32258839,0.8834186817924647,0.903002708204994,0.9024026440841473,0.7372405242272134,0.5612412920871096,0.23725209049054144,0.8963988199026401,0.15917282161684282,0.46454555240663026,0.18928560972664557,0.20098592976549168,0.501406385565176,0.3035699919461162,0.3025923638486454,0.9412989905517417,0.4481231457748695,0.4188605198915564,0.755887111795855,0.426320480781808,0.5925839486700628,0.43357643394580947,0.909738560869832,0.586898088224995,0.8841145220781707,0.9187262921597938,0.9405879359775844,0.5377709616786104,0.8466433034253255,0.9437590530396802
1071.65420133,0.8834773647951482,0.9031909465316915,0.902431448726883,0.7374046235668066,0.56096213981179,0.23926788914785313,0.8958420641086068,0.16243864423437618,0.4808092802406693,0.18916293214543659,0.20207667587483488,0.5091020675542224,0.30264866625586384,0.30287681519362475,0.9411008648473644,0.448605202370756,0.41861070040351,0.7568222461471608,0.42662812156852875,0.5936121597910333,0.4369171793324718,0.9101420515867935,0.5884519489573217,0.8847316888014264,0.9187601749738317,0.9408364575101983,0.545019850759858,0.8477955958621548,0.9440000028763612
1077.01247234,0.8841176172581428,0.9031600399469989,0.9017394650778168,0.7375836981223164,0.5606400786692204,0.2414687647548318,0.8953383753025399,0.16602211280335008,0.49597192188640066,0.1892080067588016,0.2035428380336865,0.5169508631092697,0.30179028321154894,0.30303038041037705,0.9408005036304794,0.44898507991495645,0.41850068384189504,0.7577111992247568,0.42680883835515937,0.5945874722730929,0.4401439982556975,0.9104468840081594,0.5899638368943961,0.8852037793046283,0.9185773981115366,0.9408432178863149,0.5523988960716835,0.8488746995569882,0.9440353556323954
1082.3975347,0.8846350908607501,0.9032354734452528,0.9011024894481375,0.737667258025107,0.5603593577138689,0.24371543149994912,0.8946953377335894,0.16995128307003543,0.5099801109844465,0.18944740207990052,0.20557951207525044,0.5250787192252158,0.300979590080798,0.30319881561921397,0.9409917678519563,0.44920236358910215,0.4185659300444043,0.7585473936032121,0.42694209720164916,0.5950838952901254,0.44337744725237727,0.9106000923791024,0.5912603655221846,0.885492884393797,0.9183243843423637,0.9405792430749241,0.559998366352817,0.8497754685471244,0.9438067223577022
1087.80952238,0.8848103326176454,0.9033948499371917,0.9013643594234776,0.7377077841905721,0.5600017049686306,0.24639466848845906,0.8937495883834068,0.1741536671852984,0.5229985252314723,0.18970225464692822,0.20803934474249747,0.5333230739242809,0.3002035381511234,0.30343004512239896,0.941940456673953,0.44968840282443934,0.4189904720701155,0.7593091348942939,0.42717501450042444,0.5954574548877235,0.44667673619335657,0.9105437379733469,0.5926570235755215,0.8855836667500355,0.9178948822259205,0.9399920679939697,0.5673148513432281,0.8504662993870671,0.9434741744359673
1093.24856999,0.8847555915960139,0.9033858257105803,0.9023863371106244,0.7377551536752129,0.5595356567664214,0.2495733724540469,0.8923886526898138,0.1786318105415743,0.5351421424387003,0.19001165172368523,0.21086953028844924,0.5416219522230467,0.2995651368229472,0.30384479681925647,0.9427903689607519,0.4501770461875489,0.41960708640498795,0.7599152192093448,0.4276486355267607,0.5961696099123833,0.4498176574527274,0.9106263902186108,0.5944215622537358,0.8856930828941825,0.916870320013897,0.9390411666260899,0.574586226423478,0.851037090123496,0.9429147563169331
1098.71481284,0.8845556485976372,0.9033977461800187,0.9028044023761197,0.7378751844738203,0.5590409278011602,0.25313819550472294,0.8903079295507239,0.1833911768523213,0.5460784549773396,0.19058273271891482,0.2139810947816519,0.5501589358340785,0.29895537993953547,0.30435579481330266,0.9430243543597555,0.4507453005664505,0.4203092656222617,0.7605288354885628,0.42819852324785573,0.5964861961439397,0.45287531009755283,0.9105998616821841,0.5961830208696229,0.8859058501002088,0.915529255414639,0.9383877156337221,0.58184735032267,0.8514385128317504,0.9421038484603045
1104.2083869,0.8844421944599783,0.903577963236737,0.9029859182380248,0.7379839494223625,0.5585091335289843,0.2571373796995696,0.8877619396262096,0.18832510620098616,0.5559076478306727,0.1913003172111492,0.2172683439443399,0.5591095380056713,0.2983152209111984,0.30475754257982235,0.9432531252406623,0.4515102583933448,0.42108032292759695,0.761241027265082,0.42877332614228053,0.5967814884151027,0.45595158884905207,0.9106043181999125,0.5979483406340071,0.8860430482982631,0.9142131306893624,0.9379554841869171,0.5892780623229823,0.8516367701696629,0.9411581884521971
1109.72942884,0.8845564915559164,0.9038252026508016,0.9031618518319314,0.7380329047017542,0.5579473038058265,0.26138103334932655,0.8851418899479282,0.1934166527665124,0.5648720920395743,0.19208010755989788,0.22061774232333414,0.568341685945222,0.2977084247646741,0.3052196427755099,0.9436038208351247,0.4523934943510405,0.4218194801879473,0.762201996513501,0.4294716940448506,0.5970149952385038,0.4589912845727546,0.9102276955828594,0.59975557241487,0.8862839520413253,0.9129257133906338,0.937317494632422,0.596608526914764,0.8516207004704686,0.9401121709957982
1115.27807598,0.8843755164248874,0.9038599862634574,0.903364621953698,0.7380875229906395,0.5573768815077983,0.2656924343108798,0.8828884449988811,0.19863415871924398,0.5726449864311465,0.1929591260466126,0.22413614142370594,0.5776342434350289,0.29710116778937795,0.30589645809671917,0.9441597531040378,0.4535399302057379,0.42234364504319816,0.7633217911652385,0.4303264131280093,0.5970830711858337,0.4621597192103777,0.9094278763082576,0.6015465683258198,0.8866632235326071,0.9116766854950824,0.936414247049682,0.6037199944459715,0.8514682463296921,0.9388678969881427
1120.85446636,0.884496966033204,0.9037968890121051,0.9033190323028136,0.7380782077013438,0.5566640582845054,0.27003561393418085,0.8806114443385503,0.20398468803462994,0.5793720963272235,0.19383376750264364,0.22785802954113574,0.5870361924625834,0.29648942147019997,0.30682092097744107,0.944603064613727,0.45468112946200856,0.422988106368351,0.7642174625791034,0.43091683556318067,0.5971296186045393,0.46510616757720885,0.908554462521359,0.6032530554094704,0.8873334826958842,0.9109189664430891,0.935536647342049,0.610835304179626,0.8510942021656693,0.9373318170699017
1126.45873869,0.8847760364417852,0.9037868066517533,0.9029156349065214,0.7379662601680976,0.5557592592439224,0.27446171363346494,0.877730707726366,0.20939828829852367,0.5854119605687774,0.19480339808748484,0.23153521712099887,0.596847771518394,0.29591777758592014,0.30779042429734865,0.945133628913443,0.45559965281581877,0.4239493478816543,0.7643091806313002,0.43160498030857886,0.5977175826751739,0.46767993620114257,0.907281267664911,0.6050185256257379,0.8881563834964115,0.9098359141634891,0.9344272396736584,0.6181049489459179,0.8503400972377839,0.935391080517733
1132.09103239,0.8849358808058677,0.903610046334651,0.9027713592998472,0.7379483792651451,0.5546510943438916,0.2790323654805683,0.8737434475043683,0.21475622754544918,0.5905217799563951,0.19589109820008607,0.2349848139120742,0.6072922129364057,0.2953290503781336,0.30870265404490554,0.9450418336158646,0.4564290910286219,0.424865341729935,0.7638074765884034,0.4324373155718236,0.5985223659048334,0.47023546053991344,0.9048285764711969,0.6067982331681844,0.8889588369641873,0.9073558368515913,0.9329665151485291,0.6250802116176014,0.8489533713138369,0.9331944997937088
1137.75148755,0.8850976179015403,0.9033535982253282,0.9024487627527406,0.738060670283771,0.5532449764640155,0.2837055804366184,0.8678177009547835,0.2200564120698611,0.5949037955565855,0.19714970935170792,0.2384411569845051,0.6181130582710912,0.29473876600895615,0.3096016898346659,0.9452287039035183,0.4575582385708723,0.42578054236769947,0.7632306879112937,0.43337922282792063,0.5987133804254301,0.472585467364288,0.9011282787814066,0.6084038873045339,0.8894641042728151,0.9037562078324038,0.9311836673381415,0.6316980941100253,0.84685507272674,0.930299711416385
1143.44024499,0.8854028490229551,0.9031528942262964,0.9021804818264073,0.7381514811639548,0.5515168674800852,0.28859076324591265,0.8582510412757826,0.22536449084369467,0.5988844636874779,0.1986981695460173,0.2419436646390077,0.6286931469138249,0.2941704072811516,0.3107623777908084,0.9454032625970722,0.4587761288440892,0.4268807448788901,0.7625762592932543,0.43412968971753224,0.598590093877099,0.47461667582086314,0.8963268510954134,0.6099296164973813,0.8895838496534103,0.8992705275078016,0.9288101345315507,0.63832705646171,0.8439267050559557,0.926297195994056
1149.15744621,0.8855586209790834,0.9028402034051561,0.9024214865398581,0.7381130327510161,0.5498541956266055,0.29373691780339173,0.8427051539929579,0.23057826315906677,0.6024197938424556,0.20038130460416262,0.24531365339067107,0.639168561155312,0.2935940036842435,0.3121062984328546,0.9452998557210341,0.4601786390742997,0.4282058040149845,0.7618620876162158,0.4348704752917891,0.5985758853515039,0.47648751764956726,0.8913608834400681,0.6115542074428646,0.8893255213582263,0.8934514558892125,0.9253778901708202,0.6450251292239908,0.8402069217918583,0.9209233266256963
1154.90323344,0.8852945817433655,0.9025759953620157,0.9028262261942819,0.7381022195232467,0.5488787659897102,0.29911496801321147,0.8234565404741679,0.23566454482116336,0.6056233815326821,0.2018850508811813,0.2486477101949219,0.6500093249686714,0.29303175800459225,0.31351513669210523,0.9454702870862457,0.4616842370629702,0.4295392975129476,0.7613142482254487,0.435559197231781,0.5995564402082848,0.47837029650247365,0.8885877834699222,0.6131609627768487,0.8888936989420714,0.8854961242532894,0.9207118189674763,0.6514204340574287,0.8359493982218615,0.9144600413289741
1160.67774961,0.8850093404703805,0.9024094254413393,0.9035513458074784,0.7381223901561828,0.5485784463243779,0.30439768489935515,0.8112355238254539,0.24066409535829575,0.6083811933783452,0.2031829576957576,0.2518317674821889,0.660891656301566,0.29240233840645635,0.31499260356027087,0.9458532983092233,0.46327458144379297,0.43084683186313316,0.7610124707595509,0.4366999161689677,0.6008163517026613,0.4805932635156214,0.8889341413632856,0.6147240652989902,0.888495030314996,0.8770636270720467,0.9152813655227211,0.6574103794711442,0.8316544763879773,0.9076380745733503
1166.48113836,0.8854573306675176,0.90220662902599,0.9043142772710815,0.7381760153638862,0.5485501418102752,0.3097391106488656,0.8151065558379595,0.24558899242311635,0.6107932911682848,0.2045537829174706,0.2546662251044229,0.6716047251259758,0.2917320397774138,0.31656285052787225,0.9462314504357681,0.4649398436518844,0.43215493128368865,0.7610470138847811,0.43808217850148995,0.6015642175185006,0.4830027012596918,0.8911981301876101,0.6164194699800426,0.8880141473397333,0.8721001782542606,0.9089282983572254,0.6633597670631527,0.8277125694169147,0.9011399518033474
1172.31354405,0.8860757676845643,0.9020779859296756,0.9045111444720516,0.7382795559191377,0.5485290631891337,0.3155188885943737,0.8284991349925444,0.25039708781513315,0.6129387258568847,0.2059518040764506,0.2573083465601171,0.6824639238752603,0.2910981926218434,0.31817585385346103,0.94619745392154,0.4666375688455896,0.43346418743411785,0.7614362881559197,0.43936652272302207,0.6017287044212464,0.48519739867759304,0.8936648504351309,0.6180497981934792,0.8874716218023844,0.8729981605062502,0.9028711352263108,0.6693134200038792,0.8241184235452459,0.8956690698254522
1178.17511177,0.8861551583448741,0.9019382361500187,0.9043891993046017,0.7384201418512603,0.5484704616169671,0.3217338164675248,0.8415111855424419,0.2549934159848811,0.6148986430540855,0.20711753048519105,0.2598862386720023,0.693516990563313,0.29061133741254475,0.319802804905826,0.946201260562796,0.46834257562516285,0.4350462857895533,0.7620997810235473,0.44069413885722275,0.6024117106330383,0.487269103114123,0.8959564585736695,0.6197750931336569,0.8868312263658878,0.8776667218645187,0.8985602982078363,0.6751235283403803,0.8205900158801088,0.892084156146607
1184.06598733,0.885975957544629,0.9016514905545471,0.9037013044970166,0.7385590215720211,0.5482719254709622,0.32825850901505094,0.850237194533435,0.25946899713912464,0.6166655968470813,0.20826211947374512,0.26240367366221173,0.7043971171981802,0.2901155206143588,0.3215096495983429,0.9465708668489298,0.47053075593854987,0.4371111679395755,0.7629125688538196,0.44206605057618426,0.603325303544981,0.4892611647364176,0.8976005328437032,0.6217732192026555,0.8860979971381984,0.882440786193113,0.8957408027577677,0.6810519452836467,0.8170539163849272,0.8899666606666373
1189.98631726,0.8862906831536552,0.9013416296211568,0.9030676546989955,0.7386677071920045,0.5479543702801226,0.33486305850105696,0.8550900356936686,0.26380438972971737,0.6182278765344499,0.20944713223161512,0.2647303490362576,0.7144626743605669,0.28952020233715214,0.32325013496970956,0.9467577200171848,0.47284478730453844,0.439189886745231,0.7638756657340234,0.4435315502994337,0.6047380455928721,0.4910872098163159,0.8987771123006694,0.6234420313380653,0.8850101601688339,0.8856296305825175,0.8939616939601485,0.6870202593258035,0.8134396692774083,0.8883977164172858
1195.93624885,0.8866952515177542,0.900953364701236,0.9027229396780623,0.7387437806073269,0.5476856542089952,0.3412401896669995,0.8583678108252977,0.2680600643071965,0.6195210135616303,0.21041168095304885,0.26705337758945835,0.7235223163384625,0.2889136267488827,0.3251022243619887,0.9464984041114,0.4748587815480578,0.44089369878137874,0.7651895815700654,0.4448568992152751,0.6064730960442503,0.4929605368694174,0.8997756927237159,0.6245815196864666,0.8835417004125028,0.8874346992521404,0.8930318795896204,0.6931671938279097,0.8094619784943708,0.8871079370366903
1201.9159301,0.8871010471873845,0.9006182206167369,0.9033837626898474,0.7387170742148684,0.5474715184056671,0.3471741401698048,0.8629149374747954,0.27222926799130714,0.6206050873305361,0.2111769207969155,0.2694196327844732,0.7321146618881105,0.2884227601669137,0.3271063690359091,0.9460861295900077,0.4769216587067733,0.4425445529645126,0.7666243095149554,0.4461939541829653,0.6086253378145559,0.49474814712380627,0.900743980483825,0.6254076266168315,0.881656343997191,0.8884671101821774,0.8925166097220427,0.699269023842984,0.8052779626982676,0.8862506967200687
1207.92550975,0.8871509112121003,0.900350241649092,0.9039491650595293,0.7386542832963163,0.5472295905835385,0.35313312811393244,0.8678404549007513,0.27614255533248666,0.6214340933212618,0.21184079659104876,0.27167632996340857,0.7402747888194928,0.2880435192587655,0.3291976498508218,0.945427954251127,0.4791946008625938,0.44450624152992324,0.7672946876979818,0.4478414551085344,0.6108360867982072,0.496314313827439,0.9014315353699951,0.6262811562480987,0.8791059768596994,0.8895395702915887,0.8926135673022872,0.7053226558973007,0.8015285601307791,0.885759148524975
1213.96513729,0.8870078420985684,0.8998387464262334,0.9039822578480601,0.7386122440505115,0.5469279812367311,0.35893371406411306,0.8714448986261891,0.2799289588366682,0.6223343422422233,0.21254556359036236,0.2738889833478834,0.7481987128241077,0.28773222827341044,0.33128932291316476,0.9450075916146466,0.4816627842102144,0.4466019942256589,0.7676727336568061,0.44943221791540366,0.6121823395420016,0.4976751147126014,0.9023735716272842,0.6274149866373864,0.8758957247460705,0.8911871723082828,0.894177992702111,0.7114169201058161,0.7978388206272267,0.8851819164641096
1220.03496298,0.8872280000455918,0.8993971499681357,0.9035602114314316,0.7387231526709375,0.5465635182973664,0.3645387505230104,0.8738844060927199,0.2836222404853813,0.6230310321039434,0.21311700749156434,0.2762082860725352,0.7554899235837796,0.2873841264785122,0.33331163290939464,0.9438979342134218,0.4838519605338738,0.4486266028861133,0.7680557075547669,0.4508375094436472,0.6125810345236338,0.4989249355708574,0.9031716076449077,0.6284561800279024,0.871686817759157,0.892833504109754,0.8961779796448819,0.717101645841745,0.7939969500005558,0.8845014412236559
1226.1351378,0.8873495035508718,0.899224797574757,0.9031715699818371,0.7389490865544198,0.5460891501233844,0.36998075840242844,0.8752611962081215,0.2872731242464996,0.6234536039471231,0.21348872930892862,0.27863978778611775,0.7618795933990563,0.2870362192147408,0.3353279444298787,0.9420668767178701,0.4860122777754129,0.45058995909951,0.7682287265553805,0.45192981661249765,0.6126727894096227,0.5001331445508189,0.9038274068797436,0.629233598254954,0.8667655765730492,0.8941507569800952,0.8975028992811976,0.7225174925289148,0.7901875354815506,0.8842066097819523
1232.26581348,0.8874726527758785,0.899173139916181,0.9029744919476178,0.739205655136119,0.5455676944569829,0.374918621787623,0.8756791848712544,0.29088874454639835,0.6236488978874707,0.21388864151589196,0.281194926719814,0.7679256870037977,0.286770234633513,0.3373900653712043,0.9401170904363675,0.48832969583251723,0.45265553107429435,0.7683036273496814,0.4530495873160396,0.6132324218147229,0.5012573364965771,0.904208887147101,0.630058262903451,0.8620741167332926,0.8950364444001161,0.898852795943214,0.7278651952913577,0.7866113740842955,0.8841424207508329
1238.42714255,0.8878262674890987,0.8992385746209294,0.9028281337312412,0.739336743984392,0.5450169193888754,0.37931200994253245,0.8761568685968081,0.29438838683969365,0.6237128377325111,0.2145359433610139,0.28379537537357313,0.7737490271538172,0.2864934071942776,0.3394664559639708,0.9386185841156394,0.49058902710748997,0.45486292462308375,0.7683823340891281,0.45449565668081854,0.6143184991480168,0.5022223882661966,0.9044881289147906,0.6311937525091621,0.8577680877969267,0.8959262811975134,0.9010899074354002,0.7332457876787765,0.7831362744969634,0.8842328278675962
1244.61927826,0.8881966030950399,0.899224160663151,0.9031934642288015,0.7393209127202636,0.5444641316017836,0.3834072563435749,0.8771514845607266,0.2979240162168105,0.6237124628913013,0.21512954688594618,0.28645094384462505,0.7792822267255389,0.2862327975510818,0.3415195142069011,0.9381284309373293,0.49301400282655017,0.45709471174554456,0.7681932431563918,0.45615747033483134,0.6149252917875841,0.5030921435704241,0.9045109894249175,0.6322106770454137,0.8533001574888335,0.8967552170540769,0.9036890449839451,0.7386963191283719,0.7797817024108159,0.8845084933524624
1250.84237466,0.8883804025008455,0.8990404585046056,0.9039486284340399,0.7392372089347387,0.5439971690129773,0.3872614946965903,0.878075585337306,0.30148734109026415,0.6235560640720482,0.2156212216119039,0.2892877807317739,0.7843026996912561,0.2860389668659843,0.343439288058438,0.9384478967762032,0.49546889564815316,0.459087899585899,0.7676413092142484,0.45800030286162596,0.6151697681517992,0.5037811190563103,0.9047202119226968,0.6328359325549411,0.8477962790673045,0.8972249846723939,0.9058591697708678,0.7440750098726208,0.7763964021616945,0.8848587331801481
1257.09658653,0.8886386009072309,0.8988936335609571,0.9047831859624368,0.7390604572095816,0.5436355476464811,0.39089771620725,0.8782895914646341,0.3049445983594545,0.62341334892013,0.2160534623432874,0.2923858066907849,0.7885769655273399,0.28588146229834266,0.34537975581802405,0.9387799040957975,0.49784784143901406,0.4611730399570942,0.7669610165131053,0.4596793550318854,0.6155940379487564,0.5044865802007387,0.9044265710593421,0.6327317485937337,0.8403108535136588,0.8972649826573802,0.9075938909272226,0.7493590120201604,0.7732517729975669,0.8852113233497799
1263.38206946,0.8886575329910561,0.8987459518754198,0.9055103966240253,0.7386396635313792,0.5432576483762819,0.39401430960440725,0.8781537996077772,0.3082867489692313,0.6231523916264047,0.21650006094021187,0.2956121733312393,0.7925399870100807,0.2857703868035867,0.34747460048781753,0.9383082407280129,0.5001213706511858,0.4634834735543781,0.7664103415628613,0.4609787644639651,0.6159721753784694,0.5051365448569659,0.9036073742820975,0.6315333376395821,0.8327269454341226,0.896579992285791,0.9087733878875942,0.7545877315075126,0.7705837069582769,0.8854985935912925
1269.69897981,0.8885620236365193,0.898389701860974,0.9056563104865759,0.7379872937693053,0.5427778224677926,0.39655241689511944,0.8776920445610327,0.3115725547486144,0.6225359507754207,0.21685665109895613,0.29896521522615394,0.7959255951974792,0.28568912662927004,0.3496151499692595,0.9367528429697332,0.5025428966670519,0.46578007062665927,0.7655962385163929,0.462276763546103,0.6157189259376875,0.5056333783212249,0.902114566874679,0.629154957173668,0.8308408708108341,0.8955490723315961,0.9092858966494954,0.7599474405704952,0.768227624077564,0.8856468333070799
1276.04747471,0.8884471338453672,0.8977900269899858,0.9054813614953199,0.7371443344116065,0.5421079970446934,0.3989320308317528,0.8766278626257809,0.31481067317927414,0.6215968038491531,0.21723816081542607,0.3025657341541326,0.7987574497594203,0.28569795588900787,0.35175177890264164,0.9343304637363156,0.5049388656665518,0.4680817225733287,0.7641938523476166,0.46359845968958774,0.6159334622010428,0.5060221275818017,0.9005781144225093,0.6274718212807275,0.8363982753491409,0.8946227504585141,0.9095172246838322,0.7652825225584582,0.7658561461519917,0.8856219176861048
1282.42771208,0.8885026494422432,0.8973541359610702,0.9051378349574845,0.73614299166565,0.5413168985617693,0.4011414626155084,0.8744758666560267,0.31803893586782794,0.6203535257404766,0.21773990395753456,0.3063942105268417,0.8014535817580704,0.2858194575781596,0.3539370329505793,0.9315251540205525,0.5074875368249312,0.4704160636365785,0.7635812123599455,0.4649448234032012,0.6158934156380261,0.5062432139229681,0.8997209151598672,0.6288646762231176,0.8456516958306374,0.8933944205266011,0.9094650810672579,0.7705198775824857,0.7634830393242107,0.8854839938643002
1288.83985064,0.8888409626654366,0.8971347369811405,0.9048697612141089,0.7354710956208077,0.5404061077381318,0.40312588936168336,0.8711881378988252,0.3213362361061874,0.6189626361445264,0.2183645435334171,0.31045031532143424,0.8039312481215026,0.28609600496741927,0.3560841654054381,0.927858404472226,0.5101222553438968,0.4724682075294523,0.7650461963122938,0.46666810281814974,0.6155412019231722,0.5064248480943095,0.8987484023530871,0.6312072558030627,0.8544280845207125,0.891652685309879,0.9092865141622081,0.7755184148089047,0.7611876183729678,0.8851050542875378
1295.2840499,0.8891083513279389,0.8967377246613237,0.9045693039915288,0.7353334275262263,0.5392894410080428,0.4050334811509176,0.8673238510312131,0.3245557490501107,0.6174580422947927,0.21894142424108173,0.31494362625463773,0.8061846228403418,0.2864450168001837,0.3582659204741912,0.9231690622651603,0.5125768915897182,0.4744502916201511,0.7667669989368608,0.46859203453831993,0.6152204186731275,0.5065267594575235,0.896434289177728,0.6318687979409779,0.8596638294458762,0.8894231725686793,0.9085911110128391,0.7806364039162882,0.7587653388672171,0.884417440995622
1301.76047015,0.8891843550079768,0.8960600561894725,0.9044255857902149,0.7353512513064636,0.5379381315813433,0.40652938883021095,0.8633019379744934,0.3277492711708967,0.6156016466514205,0.219467408341811,0.3196892665501383,0.8081930864065279,0.2868083926976374,0.3605135939038065,0.9185105576535855,0.5151840609165961,0.4765929382308738,0.7673023075108935,0.4702425059001254,0.6149470507472687,0.5065742029625653,0.8940149099668958,0.6326873431908211,0.8611944376091426,0.8863904100146887,0.9072369501748647,0.7858375839311811,0.7562194227434313,0.8834160843465949
1308.2692725,0.8889243147289739,0.8954482201894616,0.904510402860683,0.7354863973735069,0.5362474584646308,0.40770594870801274,0.8586436736217705,0.33094954499560636,0.6135256058086737,0.22023377889041557,0.32449109363378364,0.8099622985234426,0.28727547196495523,0.3627500008245026,0.914589695289461,0.517896292661033,0.47887504832939715,0.7669242200552977,0.47154301376076485,0.6152358163714939,0.5064694432618742,0.8911582469106695,0.634015140202767,0.8598744534642091,0.8824288128950621,0.9052326476072529,0.7910637008412608,0.7534223030722854,0.8820560517216568
1314.81061886,0.8890978078324752,0.894929574301315,0.904343214080461,0.7357873323007194,0.5340929673261908,0.4088595245819838,0.8522543210451162,0.3341620995112148,0.611076699297074,0.22108477905485427,0.32958454743619714,0.8115308097278605,0.28781914347090404,0.3650380869143803,0.9113153167648852,0.520330486043225,0.48107235889733985,0.7659376155617613,0.47303181057060556,0.6150356430944256,0.5060705017519249,0.8867225341775229,0.6344368158976338,0.8556450157859581,0.8775035668168009,0.9025437892454312,0.796066448820212,0.7503319127139594,0.8803722344805661
1321.38467195,0.8892431706691541,0.8941635903151504,0.9043782388169407,0.7359373934380179,0.531442242012083,0.4102553163643303,0.8429261917503731,0.3373103529544478,0.6080627783801121,0.22189223280935969,0.33492525755027963,0.8130573072691908,0.28838256062020995,0.3672509310299248,0.9080639003339124,0.5228028635341501,0.4831734179111311,0.7645942949336486,0.47465934320211683,0.6146267782146659,0.5054364350171164,0.8807008495083792,0.6345094772840528,0.8498372394422844,0.8709663955723019,0.8988313442425176,0.8008516891426609,0.7467285790229871,0.8783672166679557
1327.99159531,0.8891873628792744,0.8932045933713797,0.9043523004477055,0.735942667227018,0.5282886532943718,0.4116829933351046,0.8300589034059643,0.3403950505729011,0.6046711955558732,0.22281681978370604,0.34050681901775603,0.8143412849226396,0.288911469128865,0.36940627195551623,0.9049411042412628,0.5254541062941678,0.48517361452211977,0.76273711102961,0.47596502713845434,0.6144680831103759,0.5048023167251834,0.8739792503785873,0.6348881722508083,0.8440054085314301,0.8622842685749339,0.8940489881177676,0.805851857899596,0.7423590035439835,0.8761182183440768
1334.63155329,0.8888899136458148,0.8920951968724079,0.904364803551064,0.7359021091594468,0.5246806252499484,0.41279177558584257,0.8145742281398948,0.34347027450548817,0.6010333856173106,0.22409049962894342,0.34667897518695573,0.8151710198288541,0.2894206020889835,0.3715756467473224,0.9017839997835592,0.5281521258475319,0.48725893366252504,0.7598001137813251,0.47694022016973053,0.6144974090264104,0.504263124791971,0.8670955836394422,0.6350966931671036,0.8370148338843364,0.8523486832883405,0.8883683585617504,0.8107250425289969,0.737001729762438,0.8736931105908523
1341.30471106,0.8884848973362733,0.8908441199176595,0.9041435863584327,0.7358478721265066,0.520714869612133,0.41386386194344066,0.7992698235670178,0.34648161284082074,0.5969530592425202,0.22547675796261596,0.35302358995215477,0.81583789906506,0.2900585571190028,0.37367702791346563,0.8974433343243192,0.5302589262433616,0.48923602716062825,0.7552462231688867,0.47762098625601873,0.6143914629773003,0.5036853200896758,0.8598789186202996,0.634566101644362,0.8323219386722233,0.8436148307331651,0.8819863054696669,0.8151394749577391,0.7305284547021015,0.8710834729336251
1348.01123461,0.8877055670564052,0.8892842784514725,0.9039036539489187,0.735603692956415,0.5164597338780949,0.41526361549306345,0.7858549600583009,0.349304170813138,0.5921118449468212,0.2267375541215602,0.3594145262657547,0.8166367856510698,0.2907746616520335,0.3754852168849799,0.8905339010043601,0.5320432630838353,0.49102583432916175,0.7479537753226753,0.47791291057117247,0.6138290596260445,0.5030381174447123,0.8517171862120361,0.6333135758155537,0.8305538655091131,0.8382681564931858,0.8749898135240484,0.8191293106764952,0.7231369515503782,0.8683123769809714
1354.75129078,0.8865106309660696,0.887326147463867,0.9034750077981171,0.7353903079620409,0.5116019699849078,0.41700859996370554,0.7748088734364242,0.351979750056543,0.5868026901255173,0.22808317157239977,0.36587813697471405,0.8172184908343331,0.2915215651808038,0.3769718614538284,0.8808030743317145,0.5339714578190138,0.4926314345888458,0.738070330593326,0.47751371440161955,0.6128528862095475,0.5022892900480429,0.8424050765056988,0.6309725468790992,0.8296379276312432,0.8348958144189669,0.8676190534804313,0.8231008243096178,0.7155612314012542,0.8653015078359997
1361.52504724,0.8856838207903092,0.885086071402021,0.9034371467380453,0.7348713049525808,0.5050013053280696,0.4187675479807553,0.7660277702046948,0.35465750128189083,0.5815743443923216,0.2298842668355852,0.3728174473108846,0.8175801632101646,0.29234144265512013,0.37836693343661465,0.8720568834060284,0.5364025415950398,0.49368943358842404,0.7285032209890564,0.4763519890783453,0.6103563221530323,0.5007784321400324,0.8318403593690977,0.6265545457975797,0.8299832668762772,0.8307003492735786,0.8607016105416659,0.8275654300547006,0.7082537814066587,0.8620634033358943
1368.33267247,0.8858746631767033,0.8824325872584079,0.9033701570944539,0.7342300214244359,0.4956318521500656,0.4202132176850301,0.7578523865877586,0.3576187725196509,0.5760841540941347,0.2320054490681795,0.3802805416949068,0.8171347791494374,0.2933497825335993,0.3795379784321558,0.8631514287768628,0.5387033767893703,0.494005407564554,0.7156023479385033,0.4744121808755009,0.6066053690665826,0.4980382709562566,0.8172611805580037,0.6184074330152501,0.8305769437090254,0.8235052478587757,0.8543465508766941,0.83207103533211,0.700922261789686,0.8584532693941467
1375.17433584,0.8862608507904776,0.879343701562862,0.903226474143717,0.7339566523591582,0.48445102276811103,0.42121343004457734,0.747399780322988,0.36057275156907775,0.5700950560644031,0.23424902238045492,0.38795114992239627,0.8155006381473364,0.2945014900665299,0.3800041114563781,0.8491194969211447,0.5403724210289362,0.49292933329875455,0.6880747314663159,0.46884100222878383,0.6022958141758279,0.49428485339434747,0.7929301747492213,0.6006300209179363,0.828244972282653,0.8118408114397337,0.8483602534275442,0.8362361413701491,0.6928987406773537,0.8540320514373387
1382.05020752,0.8864319038972245,0.8747797696798966,0.9029612151706772,0.7334332560605443,0.4715102963839963,0.42209313388185205,0.7314363946321396,0.36337038269294847,0.5633932463375874,0.23662591165040112,0.39570013848061747,0.8133726323311025,0.29552127142861584,0.37829868468389694,0.8296999719173455,0.5416706562350755,0.49027777646612575,0.6504239443317047,0.4573126818051001,0.5950563398413142,0.4885333053916233,0.750991859096692,0.5610373765747778,0.8224400448976186,0.7949679736321396,0.8427580298791867,0.8403532413505395,0.6831164016398158,0.8483888359692724
1388.96045855,0.8865255482081775,0.8696026999829205,0.9018529978053791,0.7328635399896527,0.4563747415878301,0.4234909777781108,0.708786187418741,0.3662440797291825,0.5551745722268725,0.2389381269867015,0.40349405495058555,0.8126264555248102,0.2965726568428956,0.37453449316439064,0.8097949954601424,0.5418658230575735,0.4838997187554141,0.6303551957739519,0.44848093771992753,0.5844728746880646,0.47916614438357374,0.6995513470163777,0.506097856087503,0.8132571507752476,0.7750324403483373,0.8371793266759328,0.8443453206565001,0.6708715269996639,0.8410476447359719
1395.90526085,0.8865671205231215,0.8648630712895372,0.9008213025976806,0.7325060822461203,0.43985851980931184,0.4251921716980058,0.6786531147043408,0.3690056229794899,0.5466662725108099,0.24098653014555058,0.411371167882012,0.8127060943941677,0.2976321742526016,0.3755496517018951,0.7961241693001464,0.539872517781651,0.4704435502971126,0.633864913825363,0.44941213903850097,0.5723269380507288,0.4663936915856499,0.6823179509615424,0.5000911042131482,0.7999800489783878,0.7569552517078659,0.8295082795092928,0.847040001371688,0.6558594496201363,0.8313554088728902
1402.88478715,0.8870503700087231,0.8595930296021269,0.8997427331238573,0.7314746185825468,0.4249105825268388,0.4271343383440124,0.638541577204018,0.37183118288564,0.5407495655819815,0.24333600013229834,0.4199002765470927,0.8125129939987032,0.2987812535352192,0.38023405310284575,0.7927741993812046,0.5376395832116431,0.448917240965071,0.6485875475146123,0.4580021706903341,0.5588924457746799,0.4517281365727442,0.6797971458584141,0.5476507191470602,0.7803567810885476,0.7397439427583173,0.8177246928177548,0.8497233037839456,0.6375832034128426,0.8191224184039348
1409.89921109,0.887420262961527,0.8542768474706119,0.8993439466027594,0.7303419894961474,0.4154784675011748,0.4289163462726689,0.5883185352413774,0.37476950387687935,0.5355416055973368,0.2461814977072492,0.4288879564500957,0.8123629353742337,0.3000529099218198,0.3838358016222283,0.7898531118917158,0.5364019164355531,0.4346870085590222,0.659668619539204,0.4673485370688885,0.548806696097238,0.4391447083285804,0.6716935590410029,0.5822419169857772,0.7515562099443289,0.7189701392764649,0.8015057053811284,0.8527374211113345,0.6166660255275931,0.8049411950483961
1416.94870714,0.8878015273753492,0.850084152141167,0.8989922483903939,0.7290054711604337,0.41223677023553373,0.43011271665442513,0.5412058682095844,0.37752338064489954,0.5292784915632259,0.24911862176041338,0.43785127880178015,0.8131302543074486,0.30138444532204656,0.38664288262634844,0.7969855114569073,0.5375126878903335,0.44582683198257844,0.6649341370308633,0.4748298138101225,0.5483748876972656,0.431572831458949,0.6696945100422507,0.5973705444996142,0.7086351420286662,0.6969676841893637,0.7814357965804807,0.8546548275070528,0.5950997835329225,0.7904170746209938
1424.03345068,0.888668892430907,0.8462549827346899,0.8984522022163687,0.727293121619185,0.4127875438226969,0.4312066013279085,0.5198279444644643,0.3800953512272309,0.5225981543381351,0.25210297421774097,0.44690096799715406,0.8140169935810078,0.3026398395020073,0.38892304059191485,0.8337947660068536,0.542073670282497,0.4691541914391131,0.6669864307051171,0.48027274405864295,0.557378911647466,0.42869107865008726,0.6771021008216126,0.6051438788110886,0.657675253382182,0.681267906758824,0.7591801919667658,0.8557407272643401,0.5748896721352185,0.7776027338258499
1431.15361793,0.8893124192801377,0.8427600878765495,0.8977117747624431,0.725188933662054,0.4148588730753581,0.43227230463387345,0.5331288500311957,0.38262043111270605,0.5153893950437883,0.2552365554328104,0.45619865560475287,0.8143446886590346,0.3039226330481399,0.3906907300478821,0.865810945640379,0.5484197027994426,0.48647381524259764,0.6685670727049858,0.48452882701689953,0.5686942618015749,0.4295419791018163,0.6891435510086513,0.6107577662222087,0.6423805098348527,0.6777975721132129,0.736611373495132,0.856028555764555,0.5571233889686111,0.7679823169693455
1438.30938602,0.889568178929771,0.8394990397859229,0.8966531864276965,0.7232593000527145,0.4172850398240173,0.4333383095129916,0.5673324189970471,0.3851213975077062,0.5075490073482984,0.25851591062603496,0.4656638191169761,0.8149349372308025,0.30516547765110885,0.3925410257516295,0.8848526852421703,0.5543338174436232,0.49687307693080085,0.6704199597684106,0.4880779681110106,0.5782446728551677,0.4356689741708225,0.7013341806502795,0.6156521333903866,0.655957583532734,0.6859878221067298,0.7119317814565734,0.8550172751020074,0.5416996936518578,0.762409509243467
1445.50093295,0.8897553446399753,0.8363311986616193,0.8960496264204217,0.7213607511382168,0.4194129812001723,0.4342096578425656,0.6038879503177379,0.38761835547228435,0.49924005151537526,0.2619419213266881,0.47496822752624784,0.8158248872744702,0.3064305739610498,0.39473341225828207,0.8953376024404311,0.5588783844045457,0.5039030185565726,0.6723844774051786,0.4911863484908912,0.5849142100492771,0.44661281764237176,0.7113844441162177,0.6207298380838318,0.659677442500203,0.7002490790239901,0.6919456348538372,0.8518706943199593,0.5281610923798733,0.7608795213554538
1452.72843761,0.889944265035343,0.8334801592624153,0.8959588108640397,0.717878608569563,0.4210491381601613,0.434880747431326,0.6309403816167481,0.3900920562275212,0.49078434413966343,0.26539633656260986,0.48423324643016247,0.8162779195213613,0.3077204893276863,0.3973659469578173,0.901769375758489,0.5628133539340238,0.508857786849013,0.6744333265109218,0.49380567131061714,0.5887492624873116,0.45627826560821655,0.7186410573138018,0.6253262612858889,0.6469541149325304,0.716142878632509,0.6899877455852038,0.8454524410735152,0.5162064423050041,0.7620492658612229
1459.9920798,0.8901489715298055,0.831017198923575,0.8960196433418984,0.7120348548200005,0.4228000296914838,0.43553490493755237,0.6444635219400937,0.3924203164620094,0.4821251740121025,0.26900781168208115,0.4936174867077914,0.8175686832142812,0.3089388529535683,0.4000496598746576,0.9067922059790369,0.5663608864167695,0.5124207173820885,0.676429255804611,0.4959647744691249,0.5913669283376096,0.4622161782835901,0.7241133127242579,0.6288061285428722,0.6294978965400762,0.7289702538828631,0.6997418116629577,0.8343565106463826,0.5057139545835956,0.7644987368076309
1467.2920402,0.8904573560110468,0.8288580039963181,0.8966485041953568,0.7021061292177156,0.4258275995691339,0.43600534215719317,0.6546121111860645,0.3946531355914419,0.47320904585062107,0.27262371515360473,0.5032868606325652,0.8189029167119236,0.3101379220747913,0.40260101091004147,0.9104893528785152,0.5695849163336839,0.5154415669103276,0.6785769581743315,0.49777210676854133,0.5945620062025934,0.466774799992255,0.7312863505927516,0.6316743010848729,0.6080329694182897,0.7356331561053918,0.7083329274362452,0.8199036774607632,0.4964917506063661,0.7674592164362102
1474.6285004,0.8910636893930289,0.8268824604552034,0.8974736824493633,0.688918103051999,0.4302024779725382,0.4358597945817301,0.6781420946145351,0.39686043208176586,0.4643997497522678,0.27634730656751116,0.5131689255337368,0.8201844605092182,0.3113806565872695,0.4049608745275994,0.9138247218809026,0.5728973472122636,0.5184269131713347,0.6811096871297602,0.4994288559182249,0.598855958482697,0.47162897586517993,0.7420365383515742,0.6346580396762332,0.5824642179230299,0.7392976052415294,0.7133394696551145,0.8077720056690693,0.4888544866982242,0.7710517965467456
1482.0016429,0.8912677862526461,0.8250498529282728,0.8985907388076383,0.6854243223272711,0.4350586291737909,0.43513803914504123,0.709535167396406,0.39904708125072885,0.45538008090300963,0.28017407097441144,0.5230275299023969,0.8217732829606011,0.3127243342558139,0.4071569341401461,0.9166456867279758,0.5759868040463532,0.521079037441021,0.6839820085586203,0.5014024606703861,0.6031879014734298,0.4764979208671324,0.7544233339050582,0.6377595100550886,0.5956364754669047,0.7474768245384319,0.715054442362726,0.8074736142168475,0.4827614712027807,0.775537435287533
1489.41165112,0.8914653304393887,0.8233809990929393,0.899916141766976,0.6978607548883139,0.4398898635551769,0.43413986464453347,0.737975593616757,0.4011480785517677,0.44634505657419404,0.2841514854573908,0.5328432275952691,0.8233679185742843,0.3140773390859999,0.40909646389579113,0.9186110901019126,0.5788033215692496,0.5232214726084335,0.686939330380816,0.5032084192322993,0.6068648600425312,0.48082738657294855,0.765858210819049,0.6404410107269563,0.643357386781169,0.7593402849256211,0.7153524486663626,0.8207383676713362,0.4772886423527092,0.7806980720270106
1496.85870938,0.8919715862102394,0.8219353134447207,0.9005842408094941,0.7118089577937634,0.44444851158306126,0.4321996718699591,0.7610595905826039,0.40331653041222093,0.4372524062575935,0.28837470364175677,0.5424003988442146,0.8239392510821739,0.31530216346786005,0.4108686428997953,0.9199504305782192,0.5817081997687534,0.5247468182830997,0.6899502266066849,0.5048492123381488,0.6100108483260547,0.4845694766754372,0.7759235288909313,0.6424097212906941,0.67891500012212,0.7708573388839398,0.7208268774751267,0.8332804541889292,0.4716740202431611,0.7861124520964076
1504.34300292,0.8923088373716846,0.820631210364191,0.9011695192292242,0.7199999497450463,0.4486402698902243,0.4294457206809419,0.7790694637763294,0.4054936211943651,0.42803113414380006,0.2926799759482694,0.5516649862801644,0.8240066127904383,0.3164677349205159,0.41232922923149634,0.9216672325767921,0.5845636843109923,0.5258967939911945,0.6931629852207875,0.5063557923089086,0.6128105613260357,0.48790547554147284,0.7847021368453213,0.6439802175129167,0.7045759503750635,0.7815629546229911,0.7323219570245919,0.8395405396396552,0.46559008604691055,0.7913381548933641
1511.86471794,0.892481798325027,0.8196074714045188,0.9016997012055823,0.724641969165849,0.4524285485481386,0.4263758684423402,0.7935693949987511,0.407494693499358,0.4188460901709628,0.2970060837815546,0.5608241308619998,0.8246737725938157,0.3176568946658309,0.4138737896397307,0.9236862984209828,0.587338344658118,0.5270980349627674,0.6966446362235069,0.5078123347285104,0.615357149090727,0.4908573969046521,0.7925208826635017,0.6452027110825679,0.7265471972567892,0.7902009800321282,0.7426033289373597,0.8421701255735682,0.45887577361657944,0.796093910121513
1519.42404153,0.8926217031169444,0.8189620680600086,0.902028007040392,0.7278005926343253,0.45582915541726476,0.4231976944000646,0.8062194201505886,0.4094422994211996,0.4096614667141482,0.3014854874745372,0.5699612460138885,0.8259008489565881,0.3188111973347452,0.41549604011747765,0.9250484565453251,0.5898737443636084,0.5280092501321983,0.7002891612989711,0.5091128727989022,0.6174168534583883,0.49344752381476836,0.7995010556107156,0.6460629378439499,0.7423454697318352,0.7960238151881763,0.7478793398444898,0.8424126112929363,0.4516299359103227,0.8002555362787492
1527.02116173,0.8927966856091796,0.8185627022124741,0.902864503363278,0.729896796976939,0.45883293590687535,0.41987676145603,0.8172276334037627,0.41121765467944627,0.4005331995767606,0.30587198101801,0.5789738851498569,0.8268716392552518,0.3199782661099824,0.4170096145293185,0.9261071803105675,0.5921019717517516,0.5287164455347987,0.703849874484647,0.5102115300227898,0.6194138407610432,0.49571234405340886,0.8059786456613806,0.6461059261924366,0.752466006917597,0.7994210678773449,0.7493909172201739,0.8418096911667468,0.4439195405720488,0.8038118298287201
1534.65626754,0.893021023144838,0.8183276793441856,0.9041507644844735,0.7312533748437217,0.4614756043496471,0.4168422600043377,0.8262593355348203,0.41282569871862884,0.39142517037480573,0.31035146722492996,0.5879430724412971,0.8276763721299095,0.3210234513165322,0.4185886686350776,0.9273251699230461,0.5947383698346147,0.5294308349923725,0.7069882199089356,0.5112621639670305,0.6211345953032353,0.49771394691108317,0.8120167817055514,0.6459713363534498,0.7591450012669266,0.8018261176134716,0.7503084048940419,0.8412500318481294,0.4361289834819384,0.8068330728416936
1542.32954888,0.8932823802487762,0.8183832291655939,0.9049576606359522,0.7319891924972516,0.46381309835749707,0.41614248258595016,0.833724714423309,0.4144861306112513,0.382441945171632,0.3148480686918812,0.5966441693318074,0.828900603228282,0.3220618768894516,0.42031440428477534,0.9285301245929164,0.5974645187303881,0.5309495031573803,0.7093895919040601,0.5124001443493285,0.6228161988129131,0.49955533341890146,0.8177607625998041,0.647337756331828,0.7640837378833625,0.8054115381317858,0.7550588331300333,0.8412667930804308,0.42908387692942124,0.8094602778530877
1550.04119662,0.8933632947646022,0.818866783467631,0.9053989363862724,0.7328541744549812,0.4658332113632688,0.41977253970829487,0.8405432563749897,0.4160127139755658,0.3736072408165364,0.3192415611541514,0.6051214957120559,0.8296317450439963,0.32300022799666905,0.42216995151851844,0.9294637995723712,0.5997524372060544,0.5331689997185418,0.7110383514532083,0.5135609815293779,0.6237411351902029,0.5011703504971399,0.8228447805427364,0.649985445690698,0.7672495747052631,0.8111423296156577,0.7657241404153956,0.8423033225661806,0.4247285326911658,0.8117771216828567
1557.79140261,0.8935527378073237,0.8195843109018368,0.9059904908260938,0.7336367652357115,0.46751846799440194,0.42644436050429585,0.8462796919647652,0.4174071359301051,0.3647929454207966,0.32350530505736624,0.6134282418631583,0.8302799399611266,0.32381627933853346,0.42402359810545337,0.9297756945172464,0.6019229227550239,0.5354411995463084,0.7119084956594044,0.5147276728457452,0.6247010203342609,0.5027492876238128,0.8274026831674798,0.6522850063467776,0.7691667714971098,0.8175896984399328,0.7795124989720201,0.8445221400404879,0.42334181038301333,0.8137800672969471
1565.58035962,0.8937952982042109,0.8202656005320039,0.9063630487903204,0.7342193569432893,0.4689157124717168,0.4338085724825992,0.8509336090333418,0.41887471033369644,0.3561310246091129,0.32756727080944925,0.621436197851988,0.8307799647264928,0.3246445021704984,0.42585680115069563,0.9304056111272941,0.6040745062195689,0.5373655102959285,0.7124142870087499,0.5160112590609364,0.6260002581665506,0.5043011967818972,0.8317244991725303,0.6538917849934586,0.7699945419777312,0.8234057761790659,0.7923623157242466,0.8479651549304766,0.4227839258838137,0.8155690958966035
1573.40826142,0.8938305062678417,0.8211346600598342,0.9060155214474748,0.734636941472292,0.4700021398381044,0.4407141009019701,0.8550841706379996,0.4202731713689621,0.3475487979407524,0.33171374933063996,0.6292179357470743,0.8308166076072837,0.3253533345817615,0.4277754907460582,0.9309938887665048,0.6062772502635997,0.5393768932873492,0.7130570789575221,0.5171340027642437,0.6276325245662872,0.5057389670497483,0.835227733911175,0.6551974688592964,0.7700070868352643,0.8283408079932377,0.8030831563763187,0.8516891545901573,0.42163734628039534,0.8171735343636576
1581.27530273,0.8938719556728301,0.8218641982335374,0.9061902936734137,0.7348878002663867,0.4708549293176747,0.4472547032252749,0.8592869208064028,0.42159095849324363,0.339087752897398,0.3359392728633664,0.6367764398909391,0.8311160424042883,0.3260749115893643,0.42982955578013504,0.9314519897451072,0.6087136563310964,0.5416834083564441,0.7137553141977793,0.5180601346919348,0.6285974413775002,0.5070261836467312,0.8382823050266038,0.6563685578465693,0.7694217037148557,0.8322553764491285,0.8125850724828769,0.8552198625904476,0.4195708656425564,0.818589070344387
1589.18167924,0.8942129032074969,0.8223301544125312,0.9066210761310681,0.735107853553217,0.4714811755092523,0.4535102572082528,0.8631220802100069,0.4227573165827418,0.3308852959975939,0.34022272622050276,0.643914415064439,0.8313507023059805,0.32674143292540203,0.43190977805059194,0.9315840748380126,0.6109044633165974,0.5440257870200544,0.7142799342402828,0.518851580138715,0.6295787918654795,0.5081837020585068,0.8413565068694048,0.6572948970766432,0.7685494208297904,0.8352107486373317,0.8212363695930307,0.8586111673187637,0.41672982737857184,0.8198876332576258
1597.12758764,0.894983551585891,0.8227134584080155,0.9063305898242334,0.7350748433546547,0.4718898585759603,0.4593107083405925,0.865657179032745,0.4237909123156968,0.3227735041609824,0.3445086679810614,0.6506823447071315,0.8313952025250985,0.32750170130541795,0.4339289521825104,0.9319409346609803,0.612910541924365,0.5461654721691697,0.714736905214914,0.5197099076398735,0.6308724662584048,0.509289100437753,0.8440330427863115,0.6582453730477373,0.7675849312713918,0.8383556760043862,0.829358294790718,0.8619123230914415,0.4137118274437246,0.8210799088306643
1605.11322557,0.8954685245079501,0.8230899176038726,0.9059038585720252,0.7349977125790536,0.4720907212442467,0.4646595202540469,0.86764172950494,0.42476645726178286,0.31472589505902615,0.34863371844115487,0.6573662318649067,0.8315912038661482,0.3283254662646472,0.4358855540495144,0.9321937734786196,0.6148667213096879,0.5480944843847296,0.714879602806175,0.5206169954071501,0.6319583676973755,0.5102955838530446,0.8461327608231322,0.6593789275178622,0.7660055621441936,0.8413671977791073,0.8373643496438903,0.8647050408909711,0.4109236844337929,0.8221701736007286
1613.1387917,0.8954241129854253,0.8233400882525875,0.9061324712881325,0.7353097474882743,0.47210279069895505,0.4696150487994804,0.8699178302441095,0.42564507072314933,0.30701086018452556,0.3527897999693985,0.6636840748642785,0.8319102048125978,0.3290629239662549,0.43770226289335007,0.9320174941588573,0.617099744126884,0.550294424721308,0.7148370606284764,0.5215796788375651,0.6325985548994194,0.5112239738200838,0.8477604712284713,0.6603672039277868,0.7649273770164483,0.8434328315725109,0.8449976409153475,0.8670481201943887,0.4089161881379427,0.8231421833656912
1621.20448566,0.8954730153652424,0.823390509456289,0.9066788458300623,0.7354203971101904,0.47196339963168044,0.4742122200311427,0.8719014499171457,0.42614100763385276,0.29964012365467696,0.3569537857221122,0.6694942189945364,0.8318316904820355,0.3295530017601902,0.43948994820819554,0.931246625543969,0.6189171827084813,0.5524792283430339,0.7145008395335359,0.5222997621448483,0.6326732652569602,0.5120249661663331,0.8494666397572589,0.6611595889035972,0.763950845137068,0.8451901942167188,0.8517636668028146,0.8689603719865865,0.40794953269571205,0.8240192463835148
1629.31050809,0.8956908904661903,0.8230490365307257,0.9067049561290907,0.735441921446553,0.4716907506249415,0.4788760480138866,0.8730109746234902,0.42645954010942344,0.2925883379989858,0.3609895359575538,0.6750509617900825,0.8315526417776903,0.32987980117895555,0.44135230851698487,0.9304653593603621,0.6207102574050557,0.5544337302146277,0.7140793621931952,0.523042170809086,0.6327766003193644,0.5127235850120945,0.8509072900532587,0.6618779105399991,0.7626169084338033,0.8466622557482745,0.8576495206131872,0.8704453315257515,0.40801488012614184,0.8247724828934537
1637.45706063,0.8962674060526277,0.8222865055385826,0.9062201222709154,0.7355895559185837,0.471245141753911,0.4835472137330478,0.8734457406736377,0.4269168763740647,0.2858667211517434,0.36504335750396066,0.6804547560459692,0.8315307462406037,0.3301775172680799,0.4432541927687709,0.9300512909600509,0.622810628909891,0.5560785242883804,0.7138049590760853,0.5239091486320722,0.6333410802080104,0.5135196649574996,0.8523438107127645,0.6625737921182766,0.7610893757367926,0.8475309696579343,0.8630225395349654,0.8717051903731948,0.4091564258994923,0.8253421687199075
1645.64434593,0.8967206967772737,0.8214372767422101,0.9056983740868195,0.7356962380317342,0.4706330331447741,0.48823331489215055,0.8734098752495172,0.4275121666350695,0.2793928373606534,0.36897104505916456,0.6855551530896664,0.8316538002539967,0.33050434575449616,0.44513463302175615,0.929743820508561,0.6246312030871057,0.5576333459110352,0.7135192520090167,0.5247670585628128,0.6338927547049442,0.5143092902642183,0.853368047178743,0.6633634490296563,0.7591788412113657,0.8476913664825279,0.867501725575984,0.8727398950018157,0.41079523474081064,0.825782290326841
1653.87256766,0.8967307558690499,0.8206593242073298,0.905820548784386,0.735677192737233,0.46988061170158313,0.49286333119854403,0.8728573566470149,0.4278972393416503,0.27318736471361127,0.37298448774256754,0.6903668793412446,0.8317587034477226,0.3308594966491289,0.446971092664949,0.929453646799347,0.6259964143262117,0.5592595968844476,0.7134179158174937,0.5254467504304122,0.6346232927279163,0.5149772760990968,0.8535672756318681,0.6641653463224055,0.7564943906687351,0.8469606210487223,0.870789849874532,0.8729181432436587,0.41185953555859334,0.825994702758141
1662.1419305,0.8965087999880778,0.8196490073458224,0.9064555005298081,0.7354073558447022,0.46898161449488324,0.49708778802741943,0.8713170463903814,0.42805282978293896,0.26712182953852237,0.3770934585128714,0.6949231415934914,0.8315485944020298,0.3312246664960799,0.44873831116336244,0.9288775582006017,0.627019110386907,0.5606488632038812,0.7133605738478345,0.526108445434086,0.6355586630688544,0.5156686692679056,0.8531062250589343,0.6649578591935061,0.7530872414966371,0.8442834529572023,0.8728366665072916,0.8724184704639996,0.41220091022297506,0.825849044347652
1670.45264015,0.8966187201757587,0.8187041555533999,0.9071073914705801,0.7351669111654637,0.4679550188525958,0.5008872576906872,0.8688141854512376,0.42825110573849456,0.2610995539485289,0.380768547074738,0.6994849622871878,0.831136130107444,0.33158060557620306,0.4503728727521336,0.9276692430649637,0.6278544410721739,0.5617519248230807,0.7130102425626034,0.5267811176268495,0.6364302426054946,0.5162542143159377,0.8524930456874513,0.6653780190864161,0.7486099899337556,0.8403729960767429,0.8732970305465257,0.871950339159105,0.41223169467115944,0.8252820789045296
1678.80490335,0.8968719345657975,0.8175682134922372,0.9066798660303077,0.7351127189665281,0.4667519030924263,0.5049292647181661,0.8651743031772121,0.42826563398811174,0.2551107706061172,0.384197240840946,0.703533416451797,0.8308325609185179,0.3321147421437166,0.45201834734454355,0.927162939201252,0.629083432779972,0.5628087204915124,0.7124845083884594,0.527451245927186,0.6369278000115133,0.5167756146541109,0.8514565758326242,0.6658509862317009,0.7433598094550229,0.836259271636451,0.8714579380043328,0.8722717351935061,0.41205413009531844,0.8243135803205766
1687.19892787,0.8969649493272983,0.8163344167540181,0.9061272612016903,0.7350878041412304,0.4653838415852725,0.5102657396739193,0.8610724815567371,0.4281522511767944,0.24942989679063096,0.38743175315269235,0.7071968479006675,0.8315357775633256,0.33251223028337257,0.4537257813006971,0.9264541802807401,0.630633910326027,0.5643109400534576,0.7119378108576881,0.528044725850704,0.6370489851698516,0.5172840062370491,0.8501663013746393,0.667235999825823,0.7376431857980658,0.8317801000685049,0.8668339094570175,0.8730045253693285,0.41180989863644957,0.8229079972241422
1695.63492251,0.897303534039367,0.8151778536834032,0.9063775562073594,0.7350226069508354,0.46384558601348197,0.516560193835979,0.8561475708588479,0.4279811917869503,0.24419189856801998,0.39057142093451763,0.7106894268276567,0.8329708492173437,0.33289073113835904,0.45549483024739873,0.9258467004744529,0.6323956286619606,0.5659902428824621,0.7113075161410838,0.5285571437547254,0.6370592389886224,0.5178615430656645,0.8483117960560407,0.6693689401471012,0.7314589164166474,0.8262850779694558,0.8588596315624446,0.8736869907802779,0.41159959605797813,0.8211605953254463
1704.11309712,0.8975612504391429,0.8143268466199232,0.9073393228048192,0.7349745640892275,0.462117035999166,0.5217283691023284,0.8496630394769734,0.4277054321764474,0.2394481118109758,0.393665877358784,0.7139338086163541,0.8338817947668721,0.3333086607898422,0.45704183761299894,0.9251088653422308,0.6342798537639708,0.5671510252967907,0.7106028055861108,0.5288262240001512,0.6369669227809464,0.5184654036602493,0.8456085582338692,0.6703233193051068,0.7240216454406407,0.8191010378624073,0.8469580737273744,0.874416675026399,0.4115829474068356,0.8193693447679916
1712.63366261,0.8974320862299382,0.8133844822505243,0.9082417498339309,0.7348152266535903,0.46012757969249946,0.526090533540589,0.8407739792301834,0.42730123789315505,0.2348403196315731,0.39669433591406394,0.7169829551874037,0.8336306829782762,0.33359367065124,0.4581119928088375,0.9240771776720941,0.6359239996781401,0.5677535636977393,0.7098677176969699,0.5289388780206484,0.6367768933754732,0.5187459026885122,0.8420448784621661,0.6696345356313003,0.7139133152517634,0.8100674410266315,0.8313771718726004,0.8746815069059639,0.4121165225247187,0.8177555556758226
1721.19683092,0.8970948334680221,0.8123620442277047,0.9088644216283543,0.7344953841537819,0.45783606293550017,0.5309384605634561,0.8297102194312601,0.4267723341193919,0.23040293213824464,0.3996019342382132,0.7196134526524344,0.8323674793061184,0.333793941482627,0.45912348533177616,0.922830742550897,0.6373436665298167,0.568234863308052,0.7090517494254623,0.5291299269343144,0.636172384475508,0.5188082033970133,0.8377501290027516,0.6689185043517224,0.6997554201646758,0.7994484499118791,0.8128929807925088,0.8742546131173868,0.413594522393405,0.8162337617192202
1729.80281508,0.8966205814375977,0.8114468502896459,0.9094479327751591,0.7340395845007478,0.4553049256935098,0.5363251030756853,0.8159354262769232,0.4261542697321368,0.22613792432826946,0.4022449586956227,0.7217867696290351,0.8317216860426241,0.3339980336435004,0.46025609114521826,0.9214066610557363,0.6385840650234234,0.5690826979679465,0.7077085518559564,0.5293638380573324,0.6352952700776804,0.5187713258844878,0.8327779901453288,0.6691300553211331,0.6811135026751953,0.7872255359815643,0.7934056302805849,0.8732671112272782,0.4157860269483663,0.8147473905781559
1738.45182915,0.8960936796134987,0.8107012955506937,0.910087836158435,0.733622034415857,0.45257682312091707,0.5417293403612806,0.7985286699792536,0.4252474479827912,0.22205436084929894,0.4047773114839787,0.7238597078269489,0.8322057321332991,0.33409656705876445,0.46139400141664905,0.9196468608452676,0.6399731239976089,0.5700012450155892,0.7061558863271943,0.5293143971485871,0.6339338101174493,0.518694902443802,0.827088050857289,0.6702124618256616,0.6598516048151339,0.7741846224187161,0.7755684650653536,0.8718727327475413,0.4184798988553249,0.8133612998626188
1747.1440883,0.895467561390086,0.8100875141842021,0.9101747812425711,0.7334460048847373,0.449647582854337,0.5465587271297074,0.7769717494338233,0.4240348066021047,0.21824414081750287,0.40745810505696956,0.7259130254613394,0.8320604804564377,0.33408991071526234,0.46239471003478455,0.9176752196297614,0.6412442444373481,0.5706444029614421,0.7044684192538025,0.5290612529265695,0.6325884778184906,0.518597357087028,0.8210764333239318,0.670760021259921,0.6389233545222398,0.7616327767435299,0.7632062836550393,0.870305641440168,0.42170379636929917,0.8121728085637836
1755.87980874,0.8945935289969488,0.8092115855961199,0.909946775353176,0.7334270925541294,0.4465570420755252,0.5506647848669456,0.7530073604299873,0.4228449519725692,0.21470996913577037,0.40995797268243744,0.7277068461609626,0.8314493388192824,0.33397578960390745,0.4632273064778975,0.9153681199951024,0.6424610016535167,0.5708343237923111,0.7028456368050532,0.5287026276076323,0.6315812338954095,0.5183004691854662,0.8148625502129593,0.6708376491817437,0.6229982974997998,0.7510304460752365,0.759001245479537,0.8684088070327491,0.4252621455586684,0.8112230231171836
1764.65920778,0.8938616892133121,0.8080111159232136,0.9090505796492228,0.7334706901842618,0.4434601899481532,0.5545729870488428,0.7294222982084458,0.4215431498594756,0.21137125909648743,0.4121611690142971,0.7293007239345843,0.8309237244716526,0.3338701130393014,0.4639518617809186,0.9126958320199747,0.6437592333802225,0.5708797559377748,0.7013842985247418,0.5283370687463159,0.6304346410255701,0.5180613142888968,0.8085928979428746,0.6700742666085715,0.6158376658844318,0.7434179637445301,0.7610145472916202,0.8663448050446683,0.42884451701302156,0.8102837243008704
1773.48250382,0.8935260779770833,0.8065092565534381,0.9076014903362064,0.7334530030175327,0.4405114763865094,0.5585441416476885,0.7093101856889619,0.42010344036774394,0.20826870252194485,0.4141861619321384,0.7306840022306297,0.8308324210463698,0.3338079112215914,0.4647579462581297,0.9096241429013473,0.644975966297437,0.5710718402898615,0.6999462000455482,0.527966860030075,0.6291891535905944,0.5177731618436796,0.8024315593866016,0.6688146452291484,0.6216156789507453,0.7394516993507346,0.7650825570675484,0.8643225444292703,0.43236168791051105,0.8091889426988229
1782.34991634,0.8929883457654111,0.8047106909784171,0.9062081654735162,0.733437479066339,0.4377891450841657,0.563395084815235,0.6955515449596669,0.41849278660644457,0.2053186174842644,0.4161120142216607,0.7319757832807342,0.831013312862972,0.3338109264987389,0.46556379887864274,0.90628798339584,0.64615406899074,0.5712505865335684,0.6984546512125362,0.5277325630469715,0.6280430826923168,0.5172643908918666,0.7964426321631953,0.6679635582864993,0.6403302742188687,0.7393060280105097,0.7708145754649623,0.8622867560219044,0.43592287804639374,0.8079550458377842
1791.26166592,0.892121916017258,0.8027631098924531,0.9058220846555768,0.7332932917816377,0.43532539701247697,0.5679655629327487,0.6878386990556689,0.4167993589628833,0.20259240715016066,0.41793801752090803,0.7333781918180042,0.8308338788489905,0.33384365873434835,0.4664810483049845,0.9028245387744773,0.6474625674955068,0.5712592308314417,0.6968213025264242,0.5278242868851103,0.6268708536682898,0.5167292851365642,0.7906108933867436,0.6668119759381451,0.6661517147077749,0.7426767111761716,0.7789457085275361,0.8597870313921259,0.4394518147812709,0.806560373714676
1800.21797425,0.891274200216914,0.8006141228325286,0.9060037123822472,0.7329275868269168,0.4329986315337586,0.5702742912483635,0.6847283534089449,0.41508192221812856,0.200257764197843,0.41945426908655475,0.7346882279740583,0.8299245045341818,0.33381782705779606,0.4672542801522471,0.9000475459559322,0.6489144545945912,0.5708629155906765,0.6950487662224645,0.5278888719672719,0.6255597287422339,0.5160591596664569,0.7849216240334719,0.664090667099589,0.6888676416422336,0.7479552602046445,0.7877621029374228,0.8561104365065186,0.4428137378514537,0.8049536838781662
1809.21906412,0.8908889596221864,0.7982063860421091,0.9056306365642729,0.7322831462462466,0.43064925977528495,0.5698712227870497,0.6881471475896964,0.413220132077288,0.19839775365726545,0.4208794678653238,0.735879201232444,0.8287435286510668,0.3338114777214884,0.4678954481153582,0.8978173179481341,0.6501793224779232,0.5699380845514086,0.6930086632425413,0.5277585317161029,0.624065333905123,0.515449631728211,0.779244252667518,0.6607207770511307,0.7023107050658718,0.753203843914356,0.7945607119777134,0.8501371359533196,0.4457484799853002,0.8030663828968826
1818.26515944,0.8905596254130946,0.795589390415996,0.9047235936266781,0.7313347410881557,0.4279819454431936,0.5668681628214387,0.6966135275724245,0.41118394267851105,0.1968324508471847,0.4224542349139911,0.7368908597672672,0.827498770499219,0.33371237062766695,0.46836802893392077,0.8961148917419021,0.6513732655868644,0.5687994341312874,0.6907972922630699,0.5275153648855597,0.6224538996133454,0.514758519743564,0.7731865177580914,0.6571830656088614,0.7083763825575786,0.7560632509211072,0.7984115194826042,0.8410935377062071,0.4477470906517683,0.8007609222321012
1827.35648524,0.8897645131422655,0.7927745133061387,0.9044899858210977,0.7302026166078709,0.42463125147823944,0.5643122978666569,0.7041391367377816,0.4089839555418416,0.1954377836102546,0.4239004764789803,0.737751837422185,0.8259161117557092,0.3336421493163138,0.46851773845026007,0.8947376232979188,0.6522341573345417,0.5676615520608713,0.688024980217385,0.5272939375091374,0.6203035690327762,0.5137990313411521,0.7660663159209881,0.6544076761773617,0.7099840523880987,0.7549922202685027,0.7991127164574074,0.8276421089935914,0.44810925870269447,0.7977804202272074
1836.49326767,0.8882494471690688,0.7895189588752952,0.9044882314288847,0.7290318164750762,0.42007536204694074,0.5666078503634767,0.7055949642961097,0.40671890235516006,0.1940737413776851,0.42521905016007616,0.7387124831417408,0.8243619568227034,0.3336053734959907,0.4685426804059431,0.8929472454564686,0.652696850502775,0.5665528073986674,0.6841551678075994,0.5268636425733206,0.6169473721629153,0.512494902077164,0.7567836969832733,0.6527259944153462,0.7087927787485556,0.7493190571202061,0.7960018701612289,0.8088357638852111,0.4461971701964844,0.7936940601243678
1845.675734,0.8866305037825607,0.7856495688814882,0.9037517546353008,0.7277671743158685,0.41338964019230023,0.574472426440594,0.6987301341333644,0.4046326158132458,0.19306819478678633,0.4266144792811472,0.7398272512862724,0.8228758926081494,0.3335689667781886,0.4682997228854022,0.8910366491409552,0.652326954837047,0.5654872499375804,0.6788823775106766,0.5256226248921284,0.6120055902739837,0.5107029785442863,0.7443124561122645,0.6504917185972277,0.7053210500928052,0.7389052954451667,0.7880660768040464,0.7923826179103879,0.44140285969900533,0.787895279434625
1854.90411267,0.885158264182327,0.7822874711180801,0.9025326512094678,0.7266879079946598,0.4030672813633513,0.5831918244877402,0.6824028177626744,0.40228926294437745,0.19256446041802996,0.4276640987519989,0.7407964004470923,0.8202501621326937,0.33355793408149437,0.4680759939224523,0.8890119227333702,0.6517865507148936,0.5646650416019291,0.6713990770224942,0.5240484132735328,0.6051869343376342,0.5076106125151094,0.7251623172224201,0.6474844953356907,0.7001271265013065,0.7236857930066417,0.7741527517421469,0.7902584512334119,0.4332502200735454,0.7795035040961781
1864.17863324,0.8833511424335415,0.7794432565014873,0.9005236111009237,0.7252322263131978,0.38673333110690344,0.5890086942835913,0.654203442501399,0.39966501174386054,0.19254697251781208,0.4286221753187976,0.741700834954831,0.8149729725908659,0.3335269330309128,0.46807965140149455,0.885306234164382,0.6505425573081869,0.5639903977990981,0.6598764515629563,0.5222818987963948,0.5937434177141014,0.5025497637214961,0.6953446988491538,0.6428372968300357,0.6932142096501264,0.7025023625395358,0.7523617332624535,0.7999128821638061,0.420726224987327,0.7673658808959044
1873.4995264,0.8813169700471034,0.773915410184825,0.8984742655819729,0.7223246048779429,0.36142872484128563,0.5930259794982486,0.610288185580842,0.3972727108354087,0.1929213738831361,0.42960271393744287,0.7426108551264692,0.8064227612002054,0.3334116212037596,0.4678165093416285,0.8775776704151935,0.6469050996826825,0.563103964374477,0.6429252665811335,0.5191757414060001,0.5736159017703912,0.49398411964808775,0.6511732249133071,0.6355824868719181,0.683591012352102,0.6731315688632927,0.7214122812331377,0.8163504336480576,0.4020223330529225,0.7499692150036231
1882.86702404,0.8805437502044168,0.7638823700689467,0.8956840455748211,0.7193255221725542,0.3261444227015212,0.5973831508602011,0.5493187310400671,0.39500037992977866,0.1935681778807003,0.43032442448180713,0.7432614194022934,0.797644672687269,0.33336192760810546,0.4676161191118831,0.8674958460808511,0.6405523410138255,0.5619892673025448,0.6202365280638301,0.5141368761123908,0.5410487040163626,0.47940872057209616,0.589250733954279,0.6245974383365994,0.6710226453116188,0.6334304030132527,0.6825107704037343,0.8320242262989253,0.3774784322497475,0.7258326216424765
1892.28135916,0.8808817247413204,0.7508774539130054,0.8916347399621771,0.7174810585058423,0.28763701388301416,0.6034074906006822,0.4762784119033507,0.39209346238118054,0.19445969591457338,0.4308053432885584,0.7436490926610535,0.7943796019968485,0.3333138378567794,0.4681937384991873,0.8574459069062248,0.6318812376238747,0.5611284541024347,0.5930576771174386,0.5080353638280389,0.497778525303128,0.4576873429095805,0.5165129409675907,0.6099123906378242,0.6573919884900733,0.5815223652135373,0.6386484623054595,0.840928030550394,0.34956076580845447,0.6937986431399109
1901.74276595,0.8809547514069174,0.7358606577342623,0.8869373188324626,0.7148863497115354,0.2607773069983584,0.6098079260314389,0.4036369486546144,0.3890909812096531,0.19568376493256215,0.43125242326738106,0.7442424107343251,0.794587341487696,0.3332655604895203,0.4685613446098943,0.8474018680905856,0.6216854504672549,0.5598921524955824,0.5670356142004913,0.5008464532602056,0.4606115188224444,0.4363974289509989,0.4601309308916289,0.5965523710553334,0.642993262563432,0.5179660660762158,0.5913707669147495,0.8432029778977916,0.3205603913215213,0.6538578734881701
1911.25147978,0.8806068669311404,0.7200842469413689,0.8825291019080642,0.7122967516568168,0.25079312123590874,0.6141965636633441,0.3611526628030796,0.38625740957255383,0.1972508749753871,0.4316683533260569,0.74487788484276,0.794341132519626,0.3332828402680275,0.4684003773403868,0.8382026137440364,0.6154234691213324,0.5585727482171464,0.5490307834286224,0.494290636135689,0.45241331559896353,0.428835911571736,0.4412978945271504,0.5899865071231035,0.6281376611443086,0.45380449896052866,0.5414463815185121,0.8412770571077256,0.293211816840193,0.6107045266604709
1920.80773718,0.87998934296305,0.7055828020023244,0.878713003207658,0.7110658356013223,0.2506655493892697,0.6158385887764302,0.3690414311573662,0.3833937403530729,0.1993326102281859,0.4318962049211916,0.7452763509651703,0.7928207307958255,0.33326362276235716,0.4683638086443072,0.8334198547654973,0.6157656169925366,0.5572111391401674,0.5403153665899458,0.49047974058670574,0.4686294977476398,0.4345205605563603,0.45196989854037123,0.5900939160870858,0.6147443433569146,0.4152787712118943,0.48939143511862093,0.8378174762103267,0.2707523446629695,0.5739374349717776
1930.41177587,0.879311581583805,0.6940159249836,0.8760081236565874,0.7105879193791573,0.2543925856814491,0.6146518438178038,0.4098611479638412,0.38053142165720066,0.2017926629799805,0.4321882950550084,0.7456460236720326,0.7917988732264003,0.33327224267372996,0.4681580888082741,0.8318051130916237,0.618945497093866,0.5556045301972053,0.5379291031229091,0.4890312745783061,0.48886996968768237,0.4448310837452533,0.4727562429077609,0.5924401395158296,0.6041425516278165,0.4162862087654627,0.4384504519407249,0.8339205622804182,0.25424513026504236,0.5509617850210531
1940.06383475,0.8781038216517145,0.6855658576001195,0.874579535391927,0.7108780814311332,0.2595673557315231,0.6111283355814189,0.4571065399381917,0.3776740961799778,0.20436170978776522,0.43248281182759213,0.7458869313325502,0.7918687918083278,0.33334132643071246,0.46778657479685776,0.8321366091223334,0.6226677143563821,0.5536915273377414,0.5387796091508474,0.4886608839226335,0.5035704086240227,0.4545440468916877,0.491460148777994,0.5943635028672823,0.5956348367459344,0.43793447375276945,0.40140834226707683,0.8305769703278557,0.2412245054534487,0.5429552512022983
1949.76415392,0.8766321709053941,0.679031291168136,0.8735234761411887,0.7119224344626796,0.26565635796877163,0.6105255665371879,0.501129182926696,0.3746884234155196,0.20725322854848094,0.43282777476722056,0.7462898392861271,0.79213786674783,0.3333888881986011,0.46709718480321344,0.8331720755752938,0.6259186490294114,0.5520226710128031,0.5410189933776505,0.4883997467438831,0.5131860646001237,0.4625016193510934,0.5065244217258293,0.5958390476797822,0.5876834994106709,0.46317395054475985,0.39192063979728015,0.8285902860553321,0.22858158083549773,0.5465289200264084
1959.51297469,0.8754619320872659,0.6738145072555745,0.8732603156155394,0.7133604507076232,0.2726912041992996,0.6176651467378302,0.542382239896593,0.3715462078757353,0.21061900713022627,0.4331015215130529,0.7467146347613239,0.79333616757443,0.33339905661574476,0.4664102900135363,0.8347991386205585,0.6291152254232827,0.5507655257710226,0.5437856452670943,0.48812241715395777,0.5206817993111469,0.46880420193417677,0.5204048324549067,0.5971312282411112,0.5805620502773015,0.491109944804834,0.4082834798806433,0.8278283051726123,0.21695930637006725,0.556283647687631
1969.31053956,0.8745248142017242,0.6696739888932323,0.8738122790086458,0.7147156463289883,0.2806265492872213,0.628811439309056,0.5812519706326749,0.3683391742596186,0.2144335478773192,0.43344392707016177,0.7472855275429285,0.7949800666995226,0.33346191207283676,0.46581614071126337,0.8363316674374802,0.6324447205118902,0.5493141640819732,0.5473433488413534,0.48775507205725777,0.5282287999141679,0.4739305394955078,0.5355896295836571,0.5976916537656999,0.5756336651696989,0.5175780971368462,0.43271579277542493,0.8273200293997883,0.2094232269305853,0.5686088299646903
1979.15709226,0.8736448418255179,0.6667300249343765,0.8748118053937193,0.7157306441964032,0.28927571413681724,0.6373739469553122,0.6159722685832737,0.36510260010380297,0.21882115866714574,0.43382756395351935,0.7480473581889026,0.7964135503378363,0.33351935835243096,0.465214091486794,0.8374664635901173,0.6358325091145773,0.5476183568882849,0.5520204686956907,0.48769827963874757,0.5366394634167942,0.47843161641729215,0.5525801705250016,0.5971950266430737,0.5710960339073011,0.5409032712786024,0.4569078000144235,0.826713681315655,0.20673235054998873,0.5822019615838745
1989.05287772,0.8726544039614935,0.6651373638095613,0.8769330058050844,0.7164468089738718,0.2982542805116203,0.6422593134007882,0.6446245308754404,0.36194295098876406,0.2236616123506576,0.4342559892267941,0.7488275043901659,0.7982633109297386,0.33357080011853973,0.46516609446837537,0.838116792789674,0.6390852499556215,0.5461163346364764,0.5578365399108162,0.4885101543473986,0.545866451100997,0.4826260122541514,0.5707689296033893,0.595822402553193,0.5629243563237627,0.5658734549270715,0.4888985304030738,0.8256864032267487,0.20661365475374133,0.596386229843773
1998.99814211,0.8724818566715622,0.6644330408017918,0.8804574012175055,0.7171596314594222,0.30710587252710553,0.6454835292190677,0.6659197320585558,0.35881618160894513,0.22887456554772218,0.43464713482912487,0.7492679379598518,0.7999075820453508,0.3336929583046035,0.4658742589458667,0.8383062036007422,0.6424016462193676,0.5458514660307485,0.5644982435520284,0.490193074540047,0.5552009353883841,0.48664087635682945,0.5894532161838562,0.5935306054759985,0.5512002262596247,0.5941022391860019,0.5341941784518504,0.8241188740722958,0.20667847356235533,0.6105091969987144
2008.99313282,0.8736114473216027,0.6641793052791855,0.8850529988726401,0.7179727836505934,0.31537629729540273,0.648189843008836,0.6810594576443855,0.35568261152018177,0.23459059803331833,0.4349921447902873,0.7498265162204242,0.8014406131802665,0.3338072046558864,0.46747841511046495,0.8377167622842775,0.6457951567018597,0.5472348172281115,0.5712951886568106,0.49220469306667514,0.5640442408984214,0.4906346799764379,0.6074010257979935,0.5924591164207519,0.540532797278131,0.620606351121379,0.5835680071512729,0.8222824286596132,0.20471490349408536,0.6238051162511948
2019.03809849,0.8748137962067762,0.6641878041522943,0.8887026900090336,0.7187939256355129,0.3227432857900471,0.6502920126969299,0.6917799329457393,0.3525395401520061,0.24070282399602555,0.4353147660849548,0.7504357204167982,0.8032528789369784,0.3338592432713512,0.4698628662523905,0.836756728983919,0.6490921829084956,0.5497950907380609,0.5777673843694981,0.4942579853830501,0.5719493213083305,0.4943154435078732,0.623560654261725,0.5955043802110741,0.5337417405126481,0.6405790942882614,0.6226450973615628,0.819759656495713,0.19973009225988644,0.6357706842459141
2029.13328898,0.8755093029225159,0.6645954016796635,0.8914247767550925,0.719626120241069,0.32903923646152855,0.6523263419410965,0.6986987044615044,0.34932747747119186,0.24710259820500385,0.43553357020264855,0.7509092008572854,0.8048571157970207,0.33394924288092187,0.47264745445550144,0.8348187789138181,0.6520175120109901,0.5529903242525794,0.583785255477037,0.4961816640203813,0.5783464866888648,0.4976416174704164,0.6376860104417167,0.6002840844798288,0.5279033612387067,0.6540582827194968,0.649456111320593,0.8161054216611986,0.19203296707595424,0.6462540604059608
2039.27895542,0.8758810126342085,0.6655343295759376,0.8941079010482933,0.7204189029276911,0.3342130075905978,0.655069425698048,0.7030173595631668,0.3462011452880228,0.2538965271784461,0.43572749399607946,0.7514713044089852,0.8065730054030815,0.3340811789374074,0.47556851030574365,0.8316829282619215,0.6545072607964258,0.5560669680260961,0.5894833424709487,0.49810192150905125,0.583107725859593,0.5005224890245833,0.6494352409322797,0.600665486189624,0.5204269914523721,0.661915653106473,0.6672314158085514,0.8114462316958998,0.18308153921562142,0.6553901740336684
2049.4753502,0.8756619773352762,0.6668829224327253,0.8961976025223626,0.7209665944356756,0.3383347414979908,0.6574437283740849,0.7060710553555883,0.34316270122461257,0.2611561546376711,0.43602969877734266,0.7518719561349019,0.8085789051734352,0.3341272381729764,0.4782116303012952,0.8275872496127652,0.656545109004805,0.5578744770449577,0.5947897236480222,0.5000688335599139,0.5865934390660977,0.5028735699532442,0.6586589032640588,0.5955324889777318,0.511966835585616,0.6652992456213174,0.6782272734204241,0.8066691312914358,0.1749898622159013,0.6633590327487419
2059.72272695,0.8750518932776559,0.6686831235781793,0.8975373346811952,0.7211616366890429,0.3416030406218741,0.659690026976921,0.7079332908874761,0.340156683508604,0.2689056487793831,0.4362717259949665,0.7522797980280602,0.8102191739964206,0.33413830453677823,0.4804229799205688,0.8217957832519036,0.6579040148157608,0.5582461590277566,0.5991129492714827,0.5015980977210164,0.58909643120605,0.5046659006018873,0.6656486164073707,0.5852602176526209,0.5039424754827405,0.664770361391168,0.6834587714710929,0.8022172187676129,0.1695006196948143,0.6703894653911594
2070.02134059,0.8746005344724599,0.6709307039036647,0.8992893475302755,0.721114813112458,0.3442114062545834,0.6611349386192035,0.7091145197624397,0.33718193522758944,0.2770627271096033,0.4364342871311528,0.7528363233460313,0.8116974712583621,0.334245279888346,0.48203267632815133,0.8140659318259923,0.6589551313269713,0.5579737049382625,0.6015416029086389,0.5018517323049699,0.5908030131529348,0.5059065177908244,0.6709622793481339,0.5687189757894083,0.497585668864718,0.6611285481235339,0.6849064894468473,0.7978282490887696,0.16685753259916214,0.6766638017804748
2080.37144729,0.8740567085180043,0.6736041749968681,0.9011939718947282,0.7207925223851933,0.34627697073266694,0.6615408321761436,0.7089422269112093,0.33437274011488105,0.28561789799814,0.4364037518032899,0.7533272121515304,0.8127675836210357,0.3344400684635699,0.48319215868638965,0.805291593145963,0.6598553246858269,0.5571479978727596,0.6018864763266072,0.5009423182227959,0.591426257086996,0.5067554472470259,0.6744335913338557,0.5565760143466032,0.49080058186996056,0.6555318245906898,0.6844406229150258,0.7940000883384344,0.16593419741533572,0.6822988960870611
2090.77330452,0.8732533765171394,0.6766946478567778,0.9025093927285817,0.7199806955283525,0.347815860705943,0.6614415555894414,0.7065800094582453,0.33156198537206594,0.2945877079720112,0.43642955703453234,0.7539457648977169,0.8138291913465877,0.33463573655853557,0.483646356973588,0.7955896982078459,0.6599458568194269,0.5552026950574597,0.6016819287774668,0.4987408332887259,0.5915743795804711,0.5074216258160232,0.6767903628111344,0.5556961146481986,0.479112363839409,0.6490749666955743,0.681052974213553,0.7905267501895514,0.1657493813575848,0.687340754516706
2101.22717105,0.872238397215285,0.6798215636829648,0.9034033115849182,0.718645101555872,0.34878411706671425,0.661309203359272,0.7019844295975594,0.32877679034005086,0.3040168576584434,0.43655897140092736,0.7545372142497436,0.815805440591608,0.33476813702198477,0.48334297359166056,0.7844030507020887,0.6594813805849621,0.5515590876508362,0.6023213478776266,0.4963780086473069,0.5917548465763431,0.5079394326026022,0.6793114444365934,0.5573239212531361,0.45955550920316834,0.6435120967740157,0.674578976570437,0.7864548543966896,0.16595105413872582,0.6917986169530926
2111.7333069,0.8710682096563549,0.6830865398356242,0.9047702524920284,0.7171642413235761,0.3491741835425324,0.660685181066154,0.6954207811203225,0.32619458443449156,0.3136949491050329,0.43649954144577563,0.7550898586947514,0.8176959427177658,0.33489205029757324,0.4829251375984498,0.7703448467296096,0.6588981382008849,0.5454926478328264,0.6037695056398098,0.4947366244126527,0.5919753987696819,0.5082782873412187,0.6817734283274728,0.5539176206192721,0.43141167758661353,0.6402617215691608,0.6660022261330195,0.7810218941937843,0.16600839401278641,0.6957103840659994
2122.29197344,0.869650469008849,0.686518792647294,0.9060851783615512,0.7157763050046811,0.3488389744952751,0.659653121268018,0.6890134681307782,0.32384165377792057,0.3232462950818705,0.4362070892948396,0.7554605231890587,0.8191878240854578,0.33504951588265924,0.48289054948801746,0.7548533719874145,0.658483119811305,0.5356374406040693,0.6055210432293605,0.49378950326844334,0.5920442584280018,0.5085085675200522,0.6839698114984814,0.5459779517038711,0.39762723815039797,0.6385738019734284,0.6564340885889759,0.7746260963934164,0.16611061505019595,0.6991148533609219
2132.9034333,0.8676986423932482,0.6901095273888725,0.9064961399135547,0.7143119320179898,0.34747037989951257,0.6578232829581039,0.6846906762589156,0.3214964941855873,0.333069053075922,0.43595521493450484,0.7557604817299538,0.8202859414098501,0.3351823182581355,0.48297306285923,0.7343277861464658,0.6582232039624726,0.5205797292956076,0.6077632103042294,0.4933543184079991,0.5911556789255564,0.508583860260522,0.6862374997253273,0.5407346646668202,0.3673639976815797,0.6368436212277239,0.6468454429322734,0.7676553074054205,0.16851125912471485,0.7020792877353361
2143.56795047,0.865314392448664,0.6939270570190714,0.9063020515765928,0.7122828802531237,0.3446663006491566,0.6540535790745914,0.683178784428453,0.3191339245997238,0.34336542504049977,0.4357808960249478,0.7558884724632144,0.8202023839961909,0.3353356838172874,0.48290005910407147,0.7023482897179936,0.6572616641428407,0.5020459603989715,0.6114187376813167,0.49402002714366094,0.5889035656080044,0.5086890792569201,0.6884042485506686,0.5426941377908711,0.3440865430223736,0.6347238715080333,0.637409594521621,0.7604225001259547,0.1770040321747234,0.7046375696793694
2154.28579022,0.8637769568272341,0.6973195578385246,0.906004949844236,0.7096193956342592,0.3399825770234284,0.647310600561345,0.6836483218589873,0.3168225101132194,0.3538738066884742,0.43552704863907177,0.7558295144921873,0.8195055247909784,0.33551626571450555,0.4824126789476259,0.6628490189418771,0.6549753333505087,0.48308144700422395,0.6148411571801367,0.4954626142644076,0.5843450487146034,0.5083351382802126,0.6895118673575331,0.5456999961549696,0.3252312702239684,0.6309138779279868,0.6275829777676581,0.7532059478921828,0.19406122680422308,0.7068909948656267
2165.05721917,0.8634753588645598,0.6991512347533965,0.9056867903550461,0.7062356421973963,0.3330264515190529,0.6381722052224751,0.6855270716519429,0.31448391849801377,0.3641739255799922,0.43526666705936007,0.7555250867006121,0.8186035140594238,0.33571370862844546,0.48137312031107754,0.6321278977968553,0.6507872420157744,0.46187480315193985,0.616594842622515,0.49610952412010706,0.5762974644118118,0.5070091943686176,0.6896185594854025,0.5436973829169277,0.3152020353160185,0.6257328540770248,0.6176159424110927,0.7460524346149606,0.21705831726588917,0.708879811903001
2175.88250527,0.8636667829793437,0.699104583732623,0.9053791153664132,0.7018057500239906,0.3237611984194905,0.6268865745763781,0.6876052511343662,0.3122058650771739,0.37428280388798835,0.43518019865356283,0.7552540120750665,0.8166942118187653,0.3359809042502108,0.47983520260859347,0.6155867314951825,0.6439961749845146,0.4364011403545836,0.6164501424773964,0.4957408170340739,0.5640426165072021,0.5047365634404087,0.6895515058845642,0.5411514140191023,0.316293699333936,0.619915093725493,0.6089449200563027,0.7382048994861724,0.23984729386690748,0.7106606092188392
2186.7619178,0.8634578077990757,0.6970351606794033,0.9049564616191764,0.6959511073066953,0.3132639978134357,0.6143715135601759,0.6878790042173029,0.31005366303306275,0.3846515101337189,0.4352487813579955,0.7554323657816112,0.814095296159685,0.3363870470841044,0.47755804476016084,0.6041081184243372,0.6343225892719285,0.4082701681667405,0.6142567054613186,0.4943889940599299,0.5487640684961386,0.501776434397552,0.6895284581828183,0.5424028838420669,0.32944189593576123,0.6134430395089566,0.6021702022202801,0.7287105191163008,0.2579554611439831,0.7121127378038958
2197.69572739,0.8627982159739083,0.6925161683170585,0.9042215863086341,0.6869546871556141,0.303288474117109,0.5990747786217329,0.6875354297388274,0.3082609901143883,0.3951006113707998,0.43529587168951644,0.7556753195330954,0.8120045845376559,0.33686265086224343,0.4741699841764772,0.5906177331668914,0.6228562266228301,0.3831861181295391,0.6098255652377156,0.49204090205176015,0.5333196622087539,0.4983718636021392,0.6884044703911925,0.5404576375923417,0.35299969439071854,0.606697842882246,0.5955549632475446,0.7172989584853112,0.27033692330680054,0.7129929073481991
2208.68420602,0.8614026718763762,0.6853949328341828,0.9035320942449775,0.672379015326454,0.29527160360677074,0.5789785598336681,0.6865229769836592,0.3067550506597541,0.40551693508819237,0.43533844934069604,0.755954677411102,0.8102621952361738,0.33732861894203225,0.4692836851204327,0.5829765654162411,0.6122798604932008,0.37805352983783647,0.6026303822735413,0.48829343385912716,0.5258068652309735,0.49389364234709254,0.6861068741205527,0.5307029207808913,0.37530702608843336,0.5995822518462498,0.588416587200519,0.704304789146309,0.277857596986252,0.7131226914048497
2219.72762705,0.8592825535367636,0.6755897702033176,0.9035495118900323,0.6532463223413644,0.2906922644496823,0.5504456335971193,0.6839813757142366,0.30547342080490564,0.4159680909059444,0.43522250194783113,0.756260225116486,0.8082912324284386,0.3377850709558005,0.46198730871536997,0.6131444137491248,0.6062795957760224,0.39640644765847727,0.5916742458366042,0.4824305976633666,0.5314350293689567,0.4879549674009881,0.6821320804812793,0.5094807900640883,0.41569987740720576,0.5927254976022865,0.5851049882454702,0.6903683923610452,0.2825622625664242,0.7123427657561517
2230.82626519,0.8559292606955621,0.6632163277914687,0.903624235151133,0.6370642912334427,0.2887155721869347,0.5079408883939407,0.680316285654467,0.3044961145057929,0.42618524868147406,0.4349434614056221,0.7565864732646816,0.8060993700685423,0.3381725289944548,0.45120284757425005,0.6505384616294674,0.6069929589805506,0.4120887760683107,0.5759029037633546,0.4735196258756073,0.54129772647782,0.4821875607283759,0.6760172476967105,0.4842813505970683,0.4609978853772323,0.5872697251407893,0.589716498558933,0.677532113230093,0.28644851484305994,0.7104479323232907
2241.98039651,0.8512594296139476,0.6489976581480088,0.9042133512543151,0.6324685963032393,0.28757362983607304,0.4536025391824893,0.6763482356165635,0.30373312704884836,0.436178219966613,0.43448064262860703,0.756770727158409,0.8038901948144644,0.3385689651538557,0.438836488764592,0.6667979449544732,0.611644180217402,0.4095366775147644,0.5582963695978992,0.4622327428125216,0.5500772416845582,0.47822389096787793,0.6685146429707296,0.4658218033759944,0.4873992817364734,0.5817466418983488,0.596175791220363,0.6653608388305406,0.28983522020909497,0.7071900317696712
2253.1902985,0.8454046743774956,0.6344913409022597,0.9047105244570217,0.636958451681277,0.2867652698629211,0.40959423461659916,0.6724123385707866,0.3032554878283825,0.44579897993103623,0.4339609052558047,0.7571495632749293,0.8021278059281138,0.3389877313756979,0.43021428947447393,0.671739553682235,0.6167814079168479,0.39737182323558173,0.5437069344298555,0.45180190564366013,0.5577926036896477,0.4729799697708777,0.6580199285577303,0.4378566252520797,0.4987396385816419,0.574910645534405,0.5987089724958854,0.6488994716451719,0.2916139072570439,0.7022643237370253
2264.45624999,0.837921043279104,0.6218987356007121,0.9049994568486435,0.6373052601845905,0.2865495265508691,0.39388835752316015,0.6674786677531959,0.30313188271213676,0.45477390354627023,0.43340012610188394,0.7577035554805992,0.8002134337260276,0.33944094716418083,0.4253015918235788,0.669757847757405,0.6229331772968675,0.39004321329651065,0.5281530669066598,0.44145877399551,0.5622782422926073,0.4621070274921514,0.6401097993234767,0.38861365610020704,0.5010811748575771,0.5680409626586449,0.5984284386777492,0.6324634752916769,0.29039139332763486,0.6954809094906318
2275.77853124,0.8289070433125528,0.6117798247612847,0.9054265210539826,0.6289080499097182,0.28696304412919704,0.38628302036708995,0.661306122016829,0.3032046841178552,0.4626291453030735,0.4329492265528756,0.758266517638404,0.7983138354314666,0.3399052998068283,0.41933082972138075,0.6621853618629574,0.6288628186846574,0.3883686763699525,0.5117651098713764,0.42998227636856806,0.562531528614633,0.448533418575302,0.6104646438259338,0.32215302154800174,0.4977729643766266,0.563584412586488,0.6010755105691179,0.6330826512178206,0.2855969081472715,0.6868919462389795
2287.15742389,0.8194895859100404,0.6031939719561943,0.9053081653806144,0.6196704053766467,0.2876736328942217,0.36426947149178135,0.653480347623186,0.30373320641128987,0.46928745725835996,0.4324639929708665,0.7587458644454239,0.796038692705872,0.3404562697209457,0.4091875073262895,0.651181587076267,0.6317730258082,0.3814582541910068,0.495196237817827,0.41885991512266507,0.5593203338814496,0.4430026986969652,0.570218618802938,0.25660870005959824,0.4882893806047388,0.5609997186309,0.6077528356821793,0.6533265007417911,0.2786091301309316,0.676459571875511
2298.59321101,0.8111001410546201,0.5967527887688203,0.905399217527597,0.6158263674544541,0.28833984912441807,0.32691593149638914,0.6444220867358185,0.3044789322479917,0.4754873724005848,0.43174885012759,0.7593789143347064,0.7940421202359399,0.34101954366829096,0.3980905857241612,0.6382324937523284,0.6301091977764471,0.3665201316011071,0.4778305337758754,0.4065673752390604,0.5540438517465986,0.45034829336126353,0.5359592384841536,0.2158904934295336,0.46957767690370106,0.5589379962881994,0.6126565864829164,0.6775508019880842,0.27179130667246965,0.6639372132027959
2310.08617707,0.8034456682384883,0.5948875142844472,0.9054245033314232,0.6068685307423148,0.2887356807461786,0.28301980064769167,0.6352506221724584,0.30538339696703193,0.48121238289866897,0.43078647733777453,0.7599237281047678,0.7924472853872091,0.3414451844330422,0.38982709009535704,0.6240630835008346,0.6242010179589457,0.3516433472619772,0.46135549714053925,0.3925437140555384,0.5477551521024913,0.46104098961147655,0.5103300319975852,0.20357325170456883,0.44051581741152696,0.5562730028304308,0.6136181215484163,0.6964573284122941,0.2655388842187057,0.6489745917842924
2321.63660795,0.7951103131929269,0.5995434859886827,0.9036188247864091,0.571013623747877,0.28860526492453364,0.2470956971885977,0.626690971326335,0.3066063711574654,0.48857717885349383,0.429834498809881,0.7601750402019299,0.7903581977500871,0.34179126745299687,0.3830868364726493,0.6118291505898384,0.6154383317679439,0.3391052709234946,0.4534622587266598,0.3794641220756395,0.540444426789158,0.46671307041353916,0.5071727427743932,0.23414093959524274,0.4173331346769415,0.5523720031788374,0.6107542514057281,0.7143707113897257,0.2583673798670994,0.6311406739880211
2333.24479099,0.7887080809114639,0.6082794811878318,0.9022004813112088,0.5168478261323963,0.28747811334532464,0.23117839608819982,0.6166810101648661,0.3083579614826602,0.49812692496187183,0.42884161680424004,0.760420247606948,0.7865077501139879,0.34203255412138533,0.38070982013116467,0.6033897185969805,0.6059095683212471,0.32674373151050595,0.4589416581947686,0.37511959850940285,0.5322046938135138,0.467231196525356,0.5290814689408846,0.2937687439720457,0.41849811863007047,0.5449613262670037,0.6039836460549363,0.7246986908069427,0.24911185072179384,0.610250684523194
2344.91101495,0.7921673122092855,0.6153212228831975,0.9020177216995312,0.47781678958080814,0.28511877781983724,0.24548272956880712,0.6051082480482171,0.3105044439219987,0.5071414444847807,0.42794878238199957,0.7605182552278195,0.7822894584341548,0.3422282714368376,0.38444966326868446,0.5937190724361561,0.5979155738384769,0.3185307041944654,0.47381014688173684,0.38252347270177695,0.522777344662944,0.46421761678014767,0.5437490769159983,0.32803863544139733,0.42941642886307324,0.5333089893091403,0.5923484116856808,0.7258045383802526,0.23751489649936144,0.5867552079501063
2356.63557002,0.8070458336896514,0.6158070544421494,0.9017571918982221,0.4609342984641584,0.2815449853090131,0.2935488545976095,0.5916283990455202,0.31301850918202384,0.5145089545166271,0.4269511606653049,0.7605527681502564,0.7787869778605935,0.3425335931447732,0.39212919034809324,0.5805775119654188,0.5937818846923154,0.3179375010830751,0.4844383068612093,0.393817338035816,0.5127599742428853,0.45903543783206047,0.5414371248927409,0.32333391680437096,0.4305232577671119,0.5174960171058139,0.5756746789833528,0.71860413210339,0.22383279605460069,0.5619977781591778
2368.41874787,0.8236846493208135,0.6099802091432172,0.9004032576705474,0.46881082005962166,0.2766219053103069,0.3617658493270703,0.574195093269519,0.315552828656139,0.520255873020588,0.4261021131414849,0.7606500210870915,0.7757265643618572,0.34299134425525757,0.4006669915337957,0.5694364199564702,0.5931754954812966,0.3220194403512046,0.4825941607866662,0.3982264435532845,0.5031269903504315,0.4529291762827833,0.5265870801279642,0.29749488360834203,0.41517157090610013,0.4986329426148172,0.5537833697752198,0.7034501212505446,0.20841602800021633,0.5378163856546231
2380.26084161,0.834226655081803,0.6006065978426829,0.8981218181467757,0.4868255723378925,0.2702949733917344,0.4269042728689949,0.5519738287488835,0.31821000273928746,0.5246300403612952,0.42549880344756363,0.7607948908839671,0.7721982575275853,0.3435413475077568,0.40698738523783107,0.5588563301489116,0.5935497137348822,0.32538777326919266,0.4746108979397731,0.3961834603543413,0.4936709654998969,0.4459837571036058,0.5051462584095523,0.26818226972605913,0.3834336126907031,0.47768026130011626,0.5260832570430761,0.6813560715621051,0.19157501969582308,0.5156462551373341
2392.16214582,0.8386476072158447,0.5889245887166283,0.8957192014758798,0.5034442741236661,0.26265669223833565,0.47636155924627666,0.5250980529374841,0.321318004206503,0.5286932977325878,0.42497840005346316,0.7609462616113375,0.7680689220918562,0.34420360387362314,0.4108872022755577,0.5537228302924481,0.593192716955234,0.3246278583320407,0.46664254077134876,0.39275642697054763,0.4837620429807482,0.4385403961164133,0.4899030054979809,0.2633058975824728,0.34673546222273055,0.4543436687507712,0.4930378187842015,0.6539937901266276,0.17608598921399543,0.4966506087987533
2404.12295655,0.8388760711324817,0.5754737797541171,0.893666038861379,0.5263862520591113,0.25385320328300237,0.5106946651473423,0.49317943106978673,0.32461769827572196,0.53362800636999,0.4244446761209354,0.7611058359174453,0.7641115815097624,0.3449206541622064,0.41504147585441203,0.5537393399378796,0.591406106477539,0.32169325265291826,0.45931474247687837,0.3894782621816447,0.47351431181591314,0.43265785303063886,0.48599670510654025,0.2821903651377143,0.31999922546348414,0.4288546008461006,0.45816192560239066,0.6277040381375604,0.16881532195343338,0.4815959576635461
2416.14357133,0.8358718946405287,0.5603307859214564,0.8921331414736399,0.5496725734466039,0.24417704051162079,0.5325099444664672,0.4561828969336707,0.32845043431888277,0.53776285068352,0.4241994911825286,0.7611902932557629,0.7602605008299792,0.34549263961006454,0.41803428086488537,0.5492256434177372,0.5876752711668958,0.31849891829013854,0.4507620280938267,0.38575124944142564,0.46283888422689506,0.42972516033142577,0.4804937697052952,0.3035576207446381,0.298958869131041,0.4022320972495868,0.4283748593242545,0.610358058074847,0.17129398482269448,0.47067096022203475
2428.22428919,0.8295495265395134,0.5434318733316627,0.8901264306273241,0.5689665340375674,0.23400873128177618,0.5440380720714334,0.41646797180906897,0.33275185070479224,0.5406006348764673,0.4241477625965286,0.7613432559394184,0.7559339073792493,0.345998876111915,0.41692640963842986,0.5374529874532497,0.582185409275826,0.3156987593993455,0.4410499998030601,0.3811923708725683,0.4519790599394688,0.42817356493131914,0.4682442064009719,0.3093779892953449,0.28055989586739477,0.37675483107249674,0.4073898211531331,0.6013901631919174,0.17519770815901797,0.46319481808462853
2440.36541064,0.8201765715974471,0.5257391999913893,0.8878682425090101,0.5808302529221852,0.22379226382806475,0.5478232564748581,0.3767367024037653,0.33747174278705183,0.5427557708756399,0.4238047457297248,0.7609948630694338,0.7514595198071697,0.3465151207965594,0.4132647265744948,0.5216083084628662,0.5771452028339293,0.3143072582941508,0.43244837262539776,0.3775846787070534,0.44129597660335473,0.4264119275346713,0.4547911291008971,0.304175238843367,0.2728339427439398,0.35379893264130446,0.3932019142335982,0.5921382817264501,0.17526125673439252,0.4579370985505249
2452.56723769,0.8077725191416081,0.5095248849236539,0.8859715058291239,0.582005318727245,0.21402693318448449,0.5454971964883368,0.339540107174598,0.3425330245343123,0.5445412773631673,0.42292387181991825,0.7605197321983309,0.747434230807031,0.34706413624331023,0.4084586453770729,0.5070481734028738,0.5740061763831924,0.31531037061564005,0.42449414902442295,0.3762255251733083,0.43152232299994153,0.424066653533062,0.4410459285234221,0.2981048924999862,0.2694337714902128,0.334500671066563,0.38270473681190226,0.5777328731072713,0.1720113098710243,0.453524999924088
2464.83007388,0.792182337395457,0.4966958777614719,0.8844464820917893,0.5750671327349116,0.20509302126406984,0.5387010199347286,0.30663646766983477,0.3474898523463582,0.546241135857462,0.42191581250747373,0.7599745926908642,0.7440155109768988,0.34750153239823117,0.40352698598716114,0.49525269629279006,0.5725694276073424,0.31758554714607923,0.4155251161960059,0.3736169669369806,0.42315164399635957,0.42086336024400234,0.4278829964891829,0.2958547297266548,0.26146113581182595,0.31912161188821575,0.37275466290364856,0.5650320326079838,0.16720158053307602,0.4489803540981894
2477.15422425,0.7753015882538625,0.4871293847440621,0.8832509119981387,0.5673563403592785,0.19720346455962698,0.5280000116849778,0.28041638536413294,0.35282390203470765,0.5481916306774588,0.4212515626128847,0.7595334890107012,0.741355494279998,0.34782341215956175,0.40048382410922173,0.48304553179783993,0.5716714245411098,0.3200622578256788,0.4052007750593246,0.3674809280610101,0.4158064917234493,0.41646111493862287,0.4170810143295955,0.30084942237019746,0.25666488459359926,0.3086843456840798,0.36370887414926206,0.5599818165532575,0.16144589778447002,0.443743265154921
2489.53999537,0.7610524756882446,0.4803845497945331,0.882072583223619,0.5636360889875344,0.19037989939409913,0.5153518443459644,0.25982041694815117,0.3586577294919186,0.5499337988606439,0.42053068028432766,0.7590082870045107,0.7389628266364603,0.3481596203809556,0.39930110712003775,0.47029212538496495,0.5711315637939829,0.32212001129415757,0.3953293286640959,0.3599879739186394,0.4089533394417938,0.41122998174632175,0.4064532497381087,0.3092477754670645,0.24815847583546288,0.30251960960288526,0.35894717826367734,0.5541629292364453,0.15505554210484232,0.43764130395072737
2501.98769535,0.7501217078748939,0.478470228172341,0.8804248227409486,0.5586326044993486,0.18446730554783877,0.5030217135290479,0.24473694403321009,0.36467497308767155,0.5512678896831779,0.41979658548042276,0.7582673128300121,0.7360991917929588,0.3485347338414458,0.39858457627946176,0.46007688749944614,0.5708156419671525,0.32289122022731676,0.3883094422223367,0.35311773298852966,0.40173172268546115,0.4066236760233582,0.3961031550286428,0.3151796913242662,0.2293188843961085,0.30099947274199973,0.3587419952707589,0.5394136163864963,0.14883173889457854,0.43084767759440645
2514.49763382,0.7397511430655664,0.4857655428588651,0.8781937648945056,0.5486790379023877,0.17925841227331782,0.49196674024466985,0.23473059786635175,0.3708424285118504,0.5524748658702111,0.4189641615761424,0.757630960684781,0.7326507953944772,0.34876838055301806,0.39802963832755167,0.4509425592183137,0.5707944411781027,0.3223191579115219,0.3879452653342363,0.34974658853755464,0.3945669307774878,0.4032258636655008,0.3863363087341654,0.3175288264400755,0.21759768516497058,0.303506697178449,0.3608241245755953,0.5201465278543916,0.1434792734151781,0.42385905530462287
2527.07012199,0.7305211094160828,0.503295889458339,0.8755204574199752,0.5353346605902364,0.17455302643678314,0.4827501670460257,0.22840102082023223,0.37732832321542864,0.5536732847741105,0.4179085250323532,0.7573008632404246,0.7290271226023508,0.3488782048880018,0.39756024334642587,0.4416900476694947,0.5704524911211346,0.3211890521915516,0.3929719204302046,0.35030885654037786,0.3882771363034499,0.40016028817398747,0.37767044933616944,0.3189043175761351,0.22704083681949114,0.3076069582295179,0.3625610656048482,0.5119041075696737,0.1391749647876436,0.4171777549373562
2539.7054726,0.7358314732416742,0.5248373015323323,,0.5279513333278893,0.17016588957775738,,,0.38368862806644016,0.5549079551006911,0.41679727834207236,0.7572579401490322,,0.3487953707451867,0.3970549106623434,0.43257283388441714,0.5694563181660496,,0.3992665205200748,0.3507985144496276,0.38313739999418456,0.3967564087680149,0.37059981304853745,,0.2427959725614364,,0.36199434020768456,0.5107391067888323,0.13571839301291472,0.41129767876887285
2552.40399996,0.7618575735534435,0.5406969771230462,,0.5250445021222729,0.16597985640371588,,,0.38936717792385345,0.556133389826122,0.41568732998995667,0.7578614023770036,,0.3485859985664785,0.3962778038006325,0.4234718350663668,0.5674000825978992,,0.4038822580560598,0.3499544526815922,0.37925519289732895,0.3929530539560583,0.36482420852875563,,0.2527298570282986,,0.35926541673798557,0.5084051441255584,0.13252445400963622,0.406335018652917
2565.16601996,0.7910220502100561,0.5486223265801199,,0.5203631392026963,0.16175032064781486,,,0.39482833828374303,0.5575188075540617,0.41456027601605355,0.7591151837474704,,0.3483564818332629,0.3956027508780465,0.4132075559072805,0.5642885417166238,,0.4078825831624009,0.3495661234223909,0.37602176202182996,0.3885385289399898,0.36044373408230485,,0.25616430605006185,,0.3554587059573201,0.5019341443417963,0.12908972264248023,0.4019283229561956
2577.99185006,0.8107065264639686,0.5509727916935744,,0.5163045107253486,0.15725248463828465,,,0.4001903731962688,0.5592916373013135,0.4134999340956978,0.7610258760275187,,0.3479792102023348,0.395757597242654,0.40199452473110103,0.5602002136355746,,,0.35083059426962077,0.3725956784083477,0.3832192294378557,0.3567117131151478,,0.25995745814343835,,0.35152816471515275,0.48999016687104613,0.12513616092117444,0.3975121065196515
2590.88180931,0.8239464563475571,0.5494460167788634,,0.5153156613347573,0.1523173360802599,,,0.4054360349566627,0.5614070386343903,0.4123675964001229,0.7636026575869174,,0.34765862728687946,0.39679899022426274,0.3910053924530927,0.555488034723806,,,0.3520380623088654,0.36846590752220315,0.37698210956012085,0.3530499351878478,,0.2685273699171965,,0.3478058648753846,0.47407992017717415,0.12067735090229079,0.3924183578788274
2603.83621836,0.8327369380097985,0.5446935579472981,,0.514622440495876,0.1467081034370023,,,0.4104442090172959,0.5635216447355589,0.4111525089200797,0.766805177743987,,0.34742690510567426,0.39797632633552193,0.3792727912531065,0.5504762274037381,,,0.35155916277835886,0.363141358472662,0.3697315683959242,0.3486960948651866,,0.2806462134459883,,0.34347115237777237,0.45814879456604723,0.11597409396048028,0.3859185318337042
2616.85539945,0.8368832446485035,0.5372991080602774,,0.5152309514450958,0.14011552644043804,,,0.4152194224545609,0.565020592656675,0.40977878789205674,0.7701744721896729,,0.3473144944758401,0.3984402626819323,0.3653224586782321,0.5453575846293439,,,0.3483153775965846,0.3564536794322761,0.361160363840115,0.3426995884283327,,0.29100298714698436,,0.3381663540299504,0.4482708670245667,0.11134640091038649,0.37715128662866293
2629.93967645,0.8382315775263373,0.5270889271441742,,0.5187576673138243,0.13220647377241265,,,0.41969804568760305,0.565393375798749,0.40819320202377785,0.7734038217863914,,0.3471669569662762,0.39703965610287173,0.3468318255783008,0.5395378969617022,,,0.3408743186470614,0.348151843314077,0.35085458111449713,0.33399942773016333,,0.29859854197024266,,0.33148199519372046,0.44810568660317507,0.10710131989785684,0.3654166745329085
2643.08937483,0.8375212020127364,0.513418937812112,,0.5203957673583464,0.12263159081176059,,,0.4239333417905618,0.5638887642981812,0.4062414996221373,0.7762034603094247,,0.34692255993994714,0.3927863782662671,0.32157308785633815,0.5313129291710651,,,0.32616319259572146,0.3373881737614979,0.3382543458550029,0.3210418564419197,,0.2985475840893268,,0.3220259595378818,0.4561910356660967,0.10349656025673133,0.3501565682627758
2656.30482171,0.8341027634462053,0.49616685883193706,,0.5152340550213377,0.11081656801063901,,,0.42806014322751945,0.5591433431911953,0.40378963766820064,0.7785055262394727,,0.346558614169712,0.3848107238995213,0.2883119736127481,0.5179015228875583,,,0.3016990901459666,0.322105023225854,0.3220242376330511,0.3006527650388641,,0.2843130000538399,,0.30874663031523986,0.4664643471934374,0.10038050246158557,0.33091349901274
2669.58634581,0.8273788508066302,0.4747088683720683,,0.5044644896785683,0.09619514686896961,,,0.431722271910149,0.5480868471137639,0.40052832952375145,0.7802465513583169,,0.34607273980244296,0.3708136116820191,0.2443616803572747,0.4952758042223019,,,0.2623171858005506,0.2975384294647686,0.3001351352816492,0.26805239214719334,,0.265638531767582,,0.29189490028720205,0.47497366543861935,0.0969597490548008,0.30726058005695056
2682.93427754,0.8160056425919261,0.4464604428187184,,0.49110130113464057,0.08034064900685275,,,0.434417894643481,0.5238550638337325,0.39624374555494335,0.7809938744823193,,0.3454241503707728,0.3460748913705413,0.19005532139591252,0.458574723175969,,,0.1994926475401399,0.25582078572189315,0.27172061167798445,0.22507598200158238,,0.25024250034618106,,0.27204290492875605,0.48133621297321233,0.09243647588978518,0.27867526514748364
2696.34894893,0.7979501217461749,0.4100357751923014,,0.47525196955716364,0.06559833314248557,,,0.4365812982734421,0.48034777178658244,0.3912273012340931,0.7802400329880532,,0.3446783097916874,0.30405793292766575,0.13479506952135206,0.40555207623863104,,,0.13136523953633872,0.19959754926224246,0.23670218277477864,0.18485327455886197,,0.23536350250898455,,0.24804888059993332,0.4834360638385468,0.08638462100864318,0.24517595754500268
2709.83069368,0.7774226816062382,0.37076523093495206,,0.4548761791907196,0.05344739915338068,,,0.43859075610519327,0.43031137984501316,0.3852135751412695,0.7783160416135987,,0.3438327109808286,0.2390789500829356,0.09871016759091085,0.34231842554452974,,,0.08708313359851236,0.15259503132465668,0.19652208814469363,0.14711317413683092,,0.20996090364971964,,0.2194883753134692,0.47476526228835864,0.07867344650064892,0.2082814737660638
2723.37984714,0.7593506480447747,0.3354839769799246,,0.4281279792293128,0.04495333141366003,,,0.4398486983887079,0.40084473117561203,0.3773060241720148,0.7759561812955809,,0.34281942303489954,0.18268279542826404,0.08532442856808616,0.2752052461842185,,,0.06977602076225525,0.11838801963677004,0.15700350612407749,0.12011474040104429,,0.17674400399006693,,0.18873958361352977,0.4544675759214981,0.06964931809884055,0.16996550813068517
2736.99674638,0.7442930225660878,0.29883289898255916,,0.39571352282869804,0.03972427768632517,,,0.439621893935652,0.3984502263233926,0.36568999571658933,0.7728287526364618,,0.3415328818236987,0.1525209708380528,0.08170496028529113,0.21801399804906335,,,0.06524571626093259,0.09403421169985901,0.12666176049292563,0.11646907392621964,,0.14246815641407778,,0.15861560696554575,0.4264595940527218,0.05982677551773826,0.1325694427537362
2750.68173011,0.7305921387921026,0.26099504392138984,,0.3613483112808541,0.03663861641440156,,,0.4383081930590751,0.4033170164523225,0.3500057585230148,0.7689226752496842,,0.3400771212705226,0.13185307039726044,0.08533756278504227,0.18169728613777555,,,0.0659640061831563,0.08225390161224697,0.10637498987782086,0.11563893495046507,,0.11124421128471969,,0.13053231929937764,0.39236285482310673,0.050011319071810535,0.10037768713297558
2764.43513876,0.7154923703403193,0.22894666787284804,,0.3290611280075412,0.03469946124382936,,,0.43691193462300465,0.40822502986688464,0.33503931623408323,0.7646953298804585,,0.3385527750751574,0.1153213355258419,0.09786604741676579,0.1651962647446046,,,0.06889291353771543,0.08207107123301183,0.09419818488327121,0.11359282534578999,,0.0857907564008057,,0.10727208459391503,0.35293459435796515,0.041077939944042054,0.07666531636500222
2778.25731446,0.6989587547765164,0.20245937065872338,,0.3019420918679175,0.03335125142099983,,,0.4359119162663047,0.4133739221493797,0.325293418911844,0.7604445496547614,,0.33704361547287026,0.10198323555020178,0.12467137711772487,0.16692002458762267,,,0.07184285262700452,0.0916076202199507,0.08779301174738292,0.11243782127613286,,0.06694425774561354,,0.09080278307637676,0.31240298585667686,0.03392452344358512,0.06111772342442405
2792.14860103,0.6882606884193815,0.17904944659635097,,0.2815951990323177,0.032268756687197885,,,0.43525957286938244,0.4192161037878666,0.31865497634907547,0.7565140776121142,,0.3355998064888519,0.09273127781840959,0.15087056929833084,0.18299627073140268,,,0.07479642939792631,0.10908901618600488,0.0857755763614993,0.11204793958272749,,0.055139965828836235,,0.07968909923564658,0.27704527766049514,0.02882533857362875,0.05146620632111636
2806.10934403,0.6893032198763351,0.15835560386751138,,0.2658495555755148,0.03130075562247637,,,0.4343149311834482,0.42523804589304054,0.3141337050822326,0.7531317845043417,,0.33417642477865134,0.08812912306635204,0.1717994069821228,0.20714178081988338,,,0.07812501823264555,0.13165180214242442,0.08946973150240749,0.11246960908390939,,0.047567130966585935,,0.07196605917363309,0.24899511009342215,0.02525639356057495,0.04537353972353197
2820.13989075,0.6925307573481194,0.14162469490176302,,0.2467494463180528,0.03044117453957797,,,0.43269557159628325,0.43023034923507336,0.31116774950488174,0.7504476955981946,,0.332682466441314,0.08715968317473562,0.18740431741900054,0.23477660156845276,,,0.0820744193156922,0.1539928418814782,0.09835272059695094,0.1132597296335455,,0.04354453821431471,,0.06617364684949086,0.22185134756743702,0.02246588614153113,0.04146567490218434
2834.24059021,0.6934592856529636,0.12933786749128484,,0.21498468017716954,0.02965837568047676,,,0.43094997699654064,0.43360009182520604,0.3089863106617225,0.7480837064650155,,0.33114820057516653,0.08828743755452535,0.19965211572871108,0.2623450327638112,,,0.08639188709762181,0.17166368263851395,0.10771359622785281,0.1139000492814194,,0.04550085434570079,,0.06148574015231386,0.192204359935654,0.020183120645668552,0.0388875437955992
2848.41179316,0.6919528472684777,0.11870327627805627,,0.17194612142471985,0.028992481819425008,,,0.43016818597533474,0.4359600157632581,0.3070711635783877,0.7460184144719633,,0.32959588948399554,0.08979992413800646,0.2100121370771053,0.28603030283264613,,,0.09062251101906588,0.18409592053263624,0.11423921940103433,0.11431667666470804,,0.05415463877228169,,0.057657941578892986,0.16440602700423976,0.018364739847471112,0.03714612825504916
2862.65385212,0.6886482712183551,0.10864064220233566,,0.14012115893904367,0.028434644621372206,,,0.4305624958476964,0.4393960608876834,0.30502170328284633,0.7442789591193021,,0.3280803350297534,0.09037764972910316,0.21935257344180664,0.30300056629073363,,,0.09462357700463818,0.1926579271998436,0.1187347982848672,0.11466331427547288,,0.06765404350659494,,0.05558180305432511,0.14084945562685122,0.016932613151918813,0.03606554848468053
2876.96712139,0.6844152677625377,0.09920436176542619,,0.1338158633465998,0.028009287976499802,,,0.4314774751819269,0.4427539446122692,0.30290212538808897,0.7427950042120955,,0.32668728311645906,0.08954102470517968,0.22778301067268444,0.3131315412049073,,,0.09840601131341042,0.19910716639294104,0.12234347150239577,0.11496562492218454,,0.067497773699828,,0.05601272559374099,0.11961463053562889,0.015799388493093595,0.035432270885011025
2891.35195699,0.6798474212082096,0.09062104253324439,,0.15102890285319537,0.027711443527823572,,,0.4325896487407741,0.44514421463458465,0.30093809691495366,0.741478974014842,,0.32551484095997296,0.08777509736329474,0.23468427526944421,0.3186463960854567,,,0.10199310277812038,0.20465335534822487,0.12510132379302472,0.11509080217905511,,0.057920807460382494,,0.05754815655711555,0.1012948703088307,0.014933879486392054,0.035177118719971714
2905.80871678,0.6753518189750043,0.0829298021406273,,0.17943528119667942,0.027511991408701617,,,0.4339608026072968,0.4468369781480199,0.29926140205501917,0.74018947638177,,0.3245442651314111,0.08639609952514962,0.23989980774236813,0.32184216374373587,,,0.10547305648818998,0.2097707359892108,0.12682124730463176,0.11502132812462273,,0.05181093501393661,,0.059743007319633695,0.08724190082733681,0.014304753747463206,0.03529751012821744
2920.33776036,0.6712237699008567,0.07619002913677624,,0.2065066007630129,0.02738899261739815,,,0.43555110155619486,0.44790690759856866,0.29789249749577346,0.7388238014375005,,0.3237035581509993,0.08652819558353518,0.24926349702190423,0.32425214488767534,,,0.10894273588986292,0.21451742266223217,0.1279811477789222,0.11508610162497045,,0.04853958815230065,,0.06223383203667621,0.07683882616561888,0.013889910494156587,0.03592086112841256
2934.93944916,0.6675512607703216,0.07052645720877974,,0.22305094060644112,0.027357802436467175,,,0.4372377412944621,0.44864048270384294,0.29677871078386653,0.7373515316109338,,0.32293270189768913,0.08857064000675526,0.26453642802432165,0.3266217715715301,,,0.11259081323436844,0.21903014484228708,0.12893054162170428,0.11549282822182695,,0.04666420154080785,,0.06348943553782516,0.06905759912388953,0.01362675066747565,0.036909425583337006
2949.61414641,0.6642584553109108,0.06604542570383623,,0.22906713477563356,0.02737990424077255,,,0.43890182280620216,0.44914877782142004,0.2958257434577767,0.7356914162109109,,0.32228888468521366,0.09226489859697813,0.2772656271459643,0.3291569502907946,,,0.11644542202630909,0.22357916027330663,0.12974822138488787,0.1163226903364024,,0.045689084327452924,,0.06411517342253242,0.06393758581466445,0.013487262923803691,0.03809840483271078
2964.36221714,0.6614669757104639,0.06295664666886235,,0.23304419672073517,0.027455829894801654,,,0.4404800711160489,0.4494259285701665,0.2949894072003389,0.7338462119346907,,0.32176828718743095,0.09724126834696115,0.2872954328150515,0.331745882186298,,,0.12049928772827684,0.22826869193303131,0.13106225177125994,0.11772432402100727,,0.04540578707282815,,0.06576120921568725,0.06257673700965469,0.013459891887830486,0.03965405966171516
2979.18402823,0.6589543330439125,0.061356128372151694,,0.23882180070810957,0.027584349214601032,,,0.44196254509236066,0.44965039518124045,0.2942813457083838,0.7319324364640123,,0.3212997955484589,0.10340082518847615,0.29605115668830145,0.3340108249190425,,,0.12466587497478641,0.2329115127965869,0.13313453194115932,0.11978549255636774,,0.04558305985505826,,0.0683591351505488,0.06439355714328268,0.01350914214186312,0.04152401173858397
2994.07994837,0.6563557251496855,0.061077376582903825,,0.24599492860893057,0.027745541750079816,,,0.4433597856690981,0.45000772879239476,0.29370930220366664,0.730141949164843,,0.32086899223135373,0.11089958191871169,0.304710793443072,0.33572540621649444,,,0.1288752598505203,0.2373916591328272,0.1352757654031329,0.12247829296139912,,0.046102736785821725,,0.0713124616617436,0.06737316776852738,0.013594316491155115,0.043566458332746236
3009.05034811,0.6534167503045178,0.06161671277684402,,0.25514757850906106,0.027904550322200506,,,0.4447145797239384,0.450535036401375,0.29327518038336753,0.7286540087328651,,0.3205305112836499,0.11973834189232876,0.31342833753928456,0.3370314375462715,,,0.13307129130236334,0.24175566884721786,0.13740253251418647,0.12570763785876637,,0.04660012698771714,,0.07473664317907448,0.0700052715956129,0.013689243312447615,0.045790062275088625
3024.09559985,0.6499334394918382,0.06241251170321417,,0.2654171080084267,0.028030428025099106,,,0.445966129225203,0.45114365510680143,0.29293294035232065,0.7275027182488211,,0.3202530838990387,0.12954903220558847,0.32161654163449094,0.3383042761343724,,,0.13715309465308748,0.24604024271642966,0.13972297941360043,0.12940716108501768,,0.047183073531204454,,0.07875721488253816,0.07183378799432384,0.013757747202234,0.048166777946445465
3039.21607785,0.6457180556259098,0.06310816994066366,,0.27384232627350713,0.02819281916614592,,,0.4471526479210402,0.45166101783879575,0.2926745835585135,0.7265906315572694,,0.31999594158755795,0.13999300384950636,0.329285974519068,0.3398393491011561,,,0.1411011085602122,0.25034700954227246,0.14212123472671384,0.13335974602790474,,0.047724844579480764,,0.08320365090274506,0.07385561779514219,0.013838957334029076,0.05045510217161091
3054.41215824,0.6406297677900481,0.06345216643784135,,0.2799297344694749,0.028342603193715964,,,0.44834200881224684,0.4519766746703063,0.29248105893917,0.7258242069480567,,0.31980216323458066,0.15097021145197806,0.33660238059742437,0.3418205545472365,,,0.14490250839853072,0.2547481919812396,0.14430026669250498,0.1371740254488408,,0.047961315722646905,,0.08764218939647377,0.07695742354855008,0.013975648616298193,0.05281305166480264
3069.68421903,0.6346694783007498,0.06352591046327775,,0.28468339099618367,0.028538515489607737,,,0.4495909341061071,0.4520530020105141,0.2923190356294844,0.7251320653932541,,0.3196414272889023,0.16252998874683203,0.3435482426476748,0.3442624466738105,,,0.14850366087700267,0.2593344921885914,0.14616094319832063,0.14071128022900464,,0.048229989911769425,,0.09175910564640574,0.08091792016000739,0.014148743450276237,0.05533560106370247
3085.03264013,0.6273608052091583,0.06356421470890322,,0.2882637603659323,0.02878271147217599,,,0.45090062466790226,0.4520160784175844,0.2922545209217962,0.7245736718870064,,0.3194697770051057,0.17453244839158027,0.3501052103592913,0.34722469943696843,,,0.15184743897582617,0.26439334883237914,0.14781796580291456,0.1442150078104656,,0.04886441963691916,,0.09691651112196792,0.0850273722962515,0.014365909088580119,0.05848814367229216
3100.45780333,0.6192776859683843,0.06372377939771748,,0.29144925511249,0.02908838352247728,,,0.4522629896991246,0.45202707290200445,0.2923127542583919,0.7241605299464782,,0.3193405009010881,0.1866466038739832,0.35638843116382135,0.3507741623411475,,,0.15505429757925215,0.2702547775948547,0.1495993407528252,0.14833169338761545,,0.05013654589026958,,0.10579328725557707,0.0882446900073516,0.014651216033890968,0.0624312575413509
