,CAGR01 Calcite.,F1CC06B Magnesite.,HS433 Halite.,LAZE03 Prehnite.,bkr1jb329c Siliceous-sinter.,GDS26 Epidote.,GDS1 Analcime.,NBPP22 Clinopyroxene.,LAPP47B Orthopyroxene.,LAPO05 Fayalite.,LASC02 Forsterite.,GDS27 Hematite.,NCLS04 Plagioclase.,LACL14 Chlorite.,LAKA04 Kaolinite.,LAIL02 Illite.,GDS106 Margarite.,c1cy29 Vermiculite.,LALZ01 Serpentine.,LAMO02 Montmorillonite.,NCJB26 Nontronite.,LASA58 Saponite.,GDS23 Talc.,F1CC08B Alunite.,GDS145 Bassanite.,LASF41A Gypsum.,LASF21A Jarosite.,F1CC15 Kieserite.,799F366 Mg-sulphate.
Category,carbonates,carbonates,hydrated silicates & halides,hydrated silicates & halides,hydrated silicates & halides,hydrated silicates & halides,hydrated silicates & halides,iron oxides & primary silicates,iron oxides & primary silicates,iron oxides & primary silicates,iron oxides & primary silicates,iron oxides & primary silicates,iron oxides & primary silicates,phyllosilicates,phyllosilicates,phyllosilicates,phyllosilicates,phyllosilicates,phyllosilicates,phyllosilicates,phyllosilicates,phyllosilicates,phyllosilicates,sulfates,sulfates,sulfates,sulfates,sulfates,sulfates
Root Data ID,CAGR01 Calcite,F1CC06B Magnesite,HS433 Halite,LAZE03 Prehnite,bkr1jb329c Siliceous-sinter,GDS26 Epidote,GDS1 Analcime,NBPP22 Clinopyroxene,LAPP47B Orthopyroxene,LAPO05 Fayalite,LASC02 Forsterite,GDS27 Hematite,NCLS04 Plagioclase,LACL14 Chlorite,LAKA04 Kaolinite,LAIL02 Illite,GDS106 Margarite,c1cy29 Vermiculite,LALZ01 Serpentine,LAMO02 Montmorillonite,NCJB26 Nontronite,LASA58 Saponite,GDS23 Talc,F1CC08B Alunite,GDS145 Bassanite,LASF41A Gypsum,LASF21A Jarosite,F1CC15 Kieserite,799F366 Mg-sulphate
Sample ID,CAGR01,F1CC06B,HS433,LAZE03,bkr1jb329c,GDS26,GDS1,NBPP22,LAPP47B,LAPO05,LASC02,GDS27,NCLS04,LACL14,LAKA04,LAIL02,GDS106,CY-PLH-029,LALZ01,LAMO02,NCJB26,LASA58,GDS23,F1CC08B,GDS145,LASF41A,LASF21A,F1CC15,799F366
Species,calcite,magnesite,halite,prehnite,siliceous-sinter,epidote,analcime,clinopyroxene,orthopyroxene,fayalite,forsterite,hematite,plagioclase,chlorite,kaolinite,illite,margarite,vermiculite,serpentine,montmorillonite,nontronite,saponite,talc,alunite,bassanite,gypsum,jarosite,kieserite,mg-sulphate
Subgroup,calcites,calcites,chlorides,prehnites,hydrated-silicas,epidotes,zeolites,pyroxenes,pyroxenes,olivines,olivines,hematites,feldspars,chlorites,kaolinites,micas,micas,micas,serpentines,smectites,smectites,smectites,talcs,hydrous_sulphates,hydrous_sulphates,hydrous_sulphates,hydrous_sulphates,hydrous_sulphates,hydrous_sulphates
Group,carbonates,carbonates,halides,inosilicates,mineraloids,sorosilicates,tectosilicates,inosilicates,inosilicates,nesosilicates,nesosilicates,oxides,tectosilicates,phyllosilicates,phyllosilicates,phyllosilicates,phyllosilicates,phyllosilicates,phyllosilicates,phyllosilicates,phyllosilicates,phyllosilicates,phyllosilicates,sulphates,sulphates,sulphates,sulphates,sulphates,sulphates
Library,MICA_new_dirtree,MICA_new_dirtree,MICA_new_dirtree,MICA_new_dirtree,MICA_new_dirtree,MICA_new_dirtree,MICA_new_dirtree,MICA_new_dirtree,MICA_new_dirtree,MICA_new_dirtree,MICA_new_dirtree,MICA_new_dirtree,MICA_new_dirtree,MICA_new_dirtree,MICA_new_dirtree,MICA_new_dirtree,MICA_new_dirtree,MICA_new_dirtree,MICA_new_dirtree,MICA_new_dirtree,MICA_new_dirtree,MICA_new_dirtree,MICA_new_dirtree,MICA_new_dirtree,MICA_new_dirtree,MICA_new_dirtree,MICA_new_dirtree,MICA_new_dirtree,MICA_new_dirtree
Sample Description,,,,,,,,,,,,,,,,,,"LLANO,TX",,,,,,,,,,,
Date Added,,,,,,,,,,,,,,,,,,19-Jul-90,,,,,,,,,,,
Viewing Geometry,,,,,,,,,,,,,,,,,,"i=30, e=0",,,,,,,,,,,
Other Information,,,,,,,,,,,,,,,,,,,,,,,,,,,,,
Composition,,,,,,,,,,,,,,,,,,,,,,,,,,,,,
Resolution,,,,,,,,,,,,,,,,,,,,,,,,,,,,,
Grain Size,,,,,,,,,,,,,,,,,,0 - 500 µm,,,,,,,,,,,
Locality,,,,,,,,,,,,,,,,,,,,,,,,,,,,,
Database of Origin,MICA Files (USGS/RELAB),MICA Files (USGS/RELAB),MICA Files (USGS/RELAB),MICA Files (USGS/RELAB),MICA Files (USGS/RELAB),MICA Files (USGS/RELAB),MICA Files (USGS/RELAB),MICA Files (USGS/RELAB),MICA Files (USGS/RELAB),MICA Files (USGS/RELAB),MICA Files (USGS/RELAB),MICA Files (USGS/RELAB),MICA Files (USGS/RELAB),MICA Files (USGS/RELAB),MICA Files (USGS/RELAB),MICA Files (USGS/RELAB),MICA Files (USGS/RELAB),RELAB,MICA Files (USGS/RELAB),MICA Files (USGS/RELAB),MICA Files (USGS/RELAB),MICA Files (USGS/RELAB),MICA Files (USGS/RELAB),MICA Files (USGS/RELAB),MICA Files (USGS/RELAB),MICA Files (USGS/RELAB),MICA Files (USGS/RELAB),MICA Files (USGS/RELAB),MICA Files (USGS/RELAB)
Reflectance,---,---,---,---,---,---,---,---,---,---,---,---,---,---,---,---,---,---,---,---,---,---,---,---,---,---,---,---,---
900.0,0.8843445602271683,0.901656236466403,0.9010641855231107,0.7344801315719836,0.5692853429695561,0.2568742918349011,0.9074400681336703,0.21666493164491393,0.12554674235383614,0.22364762354901974,0.3340116347618596,0.2448031342380104,0.3296450122374811,0.275931511284106,0.9326174788439316,0.43830819753454575,0.409587770027477,0.741432713292474,0.4009808305689513,0.5791006284903832,0.3839585189468067,0.9117728958233583,0.5598829765140271,0.8690864423289641,0.9226024869715589,0.943853417384094,0.4107481840628032,0.854067319305817,0.9494225918486007
903.28574336,0.8839723985597489,0.9015831485884811,0.9007071156619563,0.7344166861429323,0.5692295739620308,0.2559185353157493,0.9075347925347006,0.21384810449691496,0.12467122080925412,0.22259088258415738,0.3312684785161118,0.246618690163408,0.329575306227122,0.27630725259118805,0.9326647098663319,0.4383745990736953,0.4094243530056275,0.7415474087148836,0.4013196595006357,0.5793900875839203,0.3833856521992927,0.9109372063802255,0.560927072050704,0.8692087107118387,0.9220723391319464,0.9435174638512394,0.4097241370599017,0.8540582524143399,0.9492100200314312
906.618278421,0.8839513481258635,0.9011617807389323,0.9004660245958458,0.7344302871016611,0.5693251566507453,0.2551122869419949,0.9070529276142842,0.210964580177957,0.12421871860529853,0.22156795622620953,0.328449955804472,0.24874869794429585,0.32946178716118185,0.27685611165016416,0.9327422328016823,0.43850364273006387,0.4091743603878522,0.7421239569195925,0.4015318000119458,0.5792918169927502,0.3828913802554771,0.9099247806958269,0.5618361715053579,0.8690491441771228,0.9213701270286071,0.9433424956984986,0.4090705754472172,0.8540809448684048,0.9488595468313263
909.999291084,0.8838912611998422,0.9007662214456397,0.9000218724202085,0.7344917155356105,0.5692737080883843,0.2543117882780466,0.9059202341121484,0.20793330038910682,0.12416712202252511,0.2206672871581716,0.3254645331695947,0.25110617036005134,0.3292924275554832,0.2774811397288396,0.932783911532753,0.43878715076871705,0.4089151448538454,0.7428075681259845,0.4018428373096021,0.5792221701661487,0.38247242576518126,0.9093765534362539,0.5625918171522256,0.8690758617090267,0.9209005403799182,0.9428138606758164,0.4086287421229355,0.8542740868046592,0.9483740606652
913.430570243,0.8838478157321717,0.9006128067500937,0.8998027174290439,0.7347853443465754,0.5692734233157317,0.2533730877350932,0.9046849597625379,0.20474374798730294,0.12423277490592195,0.219681017598845,0.3221182005662596,0.2536163804754977,0.3291536054038089,0.2781872063928934,0.9327221975538534,0.438905620134007,0.40881461004017056,0.74333219657682,0.4022901518781991,0.5792193247900347,0.382123653863038,0.9094298811280921,0.5631641622632604,0.8694230614421197,0.9201943946028887,0.9426707591511536,0.40871668383030685,0.8542789986255711,0.9480658548745051
916.914016797,0.883891956229665,0.9005684049962052,0.8998890260134683,0.7348882191678617,0.5692654849007958,0.2521919600558606,0.9034413000988551,0.20137638597662766,0.1245942841923609,0.2185936110985789,0.318422179376768,0.2562718061529733,0.32911073174566186,0.2789023802071504,0.9326173576582486,0.4388971165236909,0.4090857493925216,0.7438246136940778,0.40277364048524966,0.5793850662341961,0.38188236547640414,0.9094424117457259,0.5636979193025925,0.870126492220218,0.9195135497947565,0.9423718055384728,0.4087996190512682,0.8542712179770648,0.9476570152964306
920.451653694,0.8840563309868149,0.9002340759452646,0.9002123581930648,0.7349510076344005,0.5692288766383007,0.2507879279199569,0.9021734610989529,0.1978664412522699,0.12532739353898145,0.2174878519041503,0.31469002174815486,0.2591213655095109,0.32900896126422025,0.27957425077695597,0.9326212135353428,0.4389689398792858,0.40961958734406007,0.7441330750605731,0.4032195029760436,0.5796137484750076,0.38183886994283983,0.9086404618612816,0.5640982075415707,0.8708571969532515,0.91883212046733,0.9424144999160592,0.4090948340632183,0.8544049900109034,0.9473842845100885
924.045637162,0.8844948817899051,0.9000909800947575,0.9007728867619463,0.7350571001462285,0.5689068941649291,0.24936264589996465,0.9007057172795133,0.19439574744624452,0.1262584049274908,0.21638801170059674,0.31095223246653914,0.26256365135299037,0.3287303877663771,0.2803542406144341,0.9331205332807396,0.43909792656355606,0.41013081656911077,0.7442424553289787,0.4035831953262291,0.580070283042714,0.3818022416226918,0.9078652691700029,0.5645540745110063,0.8712563944672888,0.918359810005473,0.9418766523883332,0.40976203725008437,0.8542901336781926,0.946923306088756
927.698269301,0.8845976023806994,0.9000334351017784,0.9013551750988184,0.7352924017167384,0.5683269713238729,0.24800678456496214,0.8987716775111305,0.19076685475353372,0.12742402586604515,0.2153726370499088,0.30685319791156485,0.2667836798719807,0.3283951271756035,0.2815958464423074,0.9328919875726368,0.4391986763575278,0.410574436227031,0.7440219338831298,0.4036183270048571,0.5809112439451131,0.38185912244694775,0.9070493478205011,0.5650045164147974,0.8716997128600916,0.9184861076159989,0.9415251656944079,0.41058268081106075,0.8541804828147668,0.9463687736702374
931.412012249,0.8846251489645989,0.8998466609765867,0.9015451668183139,0.735321861723552,0.5676877244577642,0.24677072530873082,0.8965566250664257,0.187194755336317,0.12879541298681624,0.21444156006308462,0.30239691079526954,0.27151799993410386,0.32807964102888965,0.28288781595685303,0.9325902256738031,0.43934896321039,0.4109280137426103,0.7437195392095155,0.404027669925845,0.5819370475559894,0.3820853737548611,0.9061826773938494,0.5651213593614579,0.8719732892034162,0.9185208753240962,0.9414636559325986,0.4114233499870276,0.8540554307490492,0.9457043255460053
935.189504163,0.8846267053939485,0.8998525323407669,0.9013189446214895,0.7351613663336357,0.5672455424405113,0.2456810594565606,0.8942876545976748,0.1837597931645437,0.13055525830503031,0.2135489562022376,0.29778710537232445,0.2762956867281799,0.32775478673073666,0.2840701782735388,0.932317470046038,0.43973200992138206,0.41129886283901074,0.7430678720560037,0.4049337956744833,0.5827271312613997,0.38240539828949005,0.9052453204444975,0.5645166666158518,0.8723591334313266,0.9177101695003228,0.9414909506718303,0.4125120178671763,0.8537814878260959,0.9448560683107836
939.033577299,0.8845772948163253,0.8999730699376834,0.9006003498547165,0.7351757717518327,0.5664332123288246,0.24465539564917382,0.8919353186568559,0.1803691187761901,0.13296400395355093,0.21263128883999824,0.2930369335389381,0.2809376768743742,0.3273348886419196,0.28525683718882766,0.9320190647084816,0.44002917585243223,0.41173158387278624,0.7416625973625784,0.4058932238346583,0.582510880373656,0.3826269633636273,0.9036832400592802,0.5626273485504271,0.872639490719761,0.9162042877799713,0.9415207322448721,0.4141624300210296,0.853075150468775,0.9438865467157604
942.947278561,0.8846493627610791,0.8998747352708977,0.8997306064637473,0.7353087002418403,0.5656636841849121,0.2435046298070594,0.8897731792852607,0.17695179447263795,0.13580531892861358,0.21173414655214426,0.288226900717848,0.2856272512587848,0.3267876157328094,0.28640568491317925,0.9316626687537592,0.4403495462708443,0.4120102218411237,0.7399958643805808,0.40660438311123087,0.5824665013757102,0.3829203969403986,0.9004349045178932,0.5589626251081111,0.8723468864840578,0.9143941993047969,0.940967797413806,0.415625069582223,0.8522416354183561,0.9428683264157258
946.933892918,0.8845650675872203,0.8998391644117818,0.899027472879649,0.735362614471614,0.5653097925299334,0.24227088166447724,0.8876037713330793,0.17352956047021026,0.1390560574885289,0.2107546260610504,0.2833425076034902,0.2906794274990099,0.32618114623629496,0.2874573969239612,0.931349784404793,0.44061445203789207,0.41230729399402466,0.7391819789854078,0.40735225944190345,0.5827966406941074,0.3835322721370903,0.8968038320223887,0.5555575643611974,0.8718617393836514,0.9127492252664575,0.9400552135912853,0.4171392089526391,0.8510836208307346,0.9418830216495829
950.996970209,0.884531913111357,0.9000276063837506,0.8993819773693228,0.7354291136618525,0.5652043040723534,0.24121787294827698,0.8847320603957889,0.17019202190668722,0.14281127512035235,0.20973834043610184,0.27845773175660266,0.29646561402739957,0.3255240127548988,0.2885004270130874,0.9305133060678848,0.4408343626418247,0.4127800078582522,0.7397905970333065,0.4083081616844954,0.5831547799444107,0.38412254655297184,0.8959527747792831,0.5558044013051063,0.8716739509812484,0.9115286506515617,0.9393028753430737,0.41881808441343127,0.8498864238548,0.9405798299395901
955.140355948,0.8845220706438556,0.9001107717637554,0.9004230763447083,0.7355647426212639,0.5648757922664364,0.24030326518998277,0.8807001479835682,0.16704991568944827,0.14711520930801136,0.20875724990241892,0.2734110307147616,0.3032921375911964,0.3249470103960302,0.28973266182417384,0.929540798829201,0.4410187847644957,0.41339459272313006,0.741470869455079,0.4096110993259742,0.5832869739602856,0.38478288552856416,0.8970637625796779,0.5603360744394601,0.8716228943895954,0.9106787648931294,0.9384817285838088,0.4206065440435659,0.8486974039637152,0.9385228500935808
959.368226885,0.8845963095299622,0.900042186934829,0.9011475279944307,0.7357596788065837,0.5644396666755578,0.23919566226775815,0.8749532585258798,0.16406120031964552,0.15214349288074888,0.20785263067675525,0.26823799512874763,0.310914278144798,0.3243324931411661,0.29115123955864325,0.9291679576574094,0.44130238581966025,0.4135726201431391,0.7427300281646647,0.41102450923335276,0.5833403449423564,0.3855247568510111,0.8970188050144084,0.5649634010934627,0.8710424791940415,0.9098321505793416,0.9370911851762913,0.4227934784990774,0.847504098102,0.9359470056038971
963.685132242,0.8847021236693334,0.9000892286627451,0.9015651207420606,0.7358261765921953,0.5640470267160865,0.23789329767638293,0.8675677949574451,0.16122982294476956,0.15801718312289334,0.20702232547433705,0.2629557274869554,0.3189578020040809,0.3236702890035338,0.29249089785857907,0.9290563454728036,0.44188719114374875,0.41369302741077085,0.743928337741764,0.4125653282018724,0.5834475793538602,0.3864374947993261,0.8965380925388713,0.5680942324940828,0.8701954774811643,0.9087951349606868,0.9358686909241054,0.4252928205086567,0.8461986051059618,0.9331274687660401
968.096041789,0.8845929374770894,0.9001718809699444,0.9017410098969031,0.7358450767488857,0.5637623545684869,0.23656337938305952,0.8607199608090087,0.15855326357886212,0.16476890262971236,0.20618537579582327,0.2575923997297624,0.32703724138707596,0.3228612113176961,0.29368134679833297,0.929964814207681,0.44259539492654326,0.41429793761961864,0.7447985704463365,0.4141528670047033,0.5836223940736996,0.3874471635359823,0.897140149501195,0.5698397720604405,0.8690268631276191,0.9072889790777681,0.934560123922555,0.42809647711630583,0.8447993836085362,0.9305017668780224
972.606402173,0.8846579102961691,0.9002191415462234,0.9018217445582666,0.7357596502514038,0.5637642576040718,0.23522711552299583,0.8582487654300229,0.15607176433291398,0.17239263510981745,0.20509992292539986,0.25226639952326063,0.33539413051266104,0.32195398341176995,0.29469785302311224,0.9318685620443699,0.44328809487061593,0.4152292741236532,0.7457371554306571,0.4156825126425758,0.5839451087182,0.3887040057985806,0.8981981115757407,0.5706852115228633,0.8673611190716424,0.9061071544377276,0.9330178058819012,0.43159518615669806,0.8435890181507069,0.927872920534992
977.222203311,0.8848469695232517,0.9001289491078762,0.9012542000492183,0.735918843326878,0.5638021008816834,0.23418862913977997,0.8601975366063896,0.15378868500235096,0.1810764165735432,0.20391633212591678,0.2471735058176582,0.3441087353157794,0.321011210890395,0.2957396537387554,0.9337314033510665,0.44385072705764395,0.4162079034946339,0.7464500072744954,0.4170037195457928,0.5849063327837494,0.39007870510765835,0.899210204513838,0.5710656212147878,0.8653069354573243,0.9058696838976178,0.9317265595552169,0.4354953971417787,0.8425591741960222,0.9255739621069287
981.950057134,0.8847794576828796,0.8998856387356394,0.9005623378915918,0.736047143456557,0.5639461609865658,0.23344917075238553,0.8643865350468981,0.15167078811833556,0.19086753260469932,0.2028148768401776,0.2420132787991481,0.35314820626458276,0.3201298252779055,0.2967562941402193,0.9349267937101208,0.4443099813303355,0.4170350547832838,0.7472256516093934,0.41806515951670725,0.5860291109169514,0.39153556723638944,0.8997563400815021,0.5715297351562572,0.8628091060364478,0.9065043507567518,0.9299796024952658,0.4393081329566033,0.8417390969874478,0.9245317044692984
986.797291589,0.8847036733075541,0.8999112935698186,0.9008462455905129,0.7360928195476293,0.5640448433035085,0.23268878408903848,0.8699384422542285,0.14971601186621597,0.20155433371572276,0.20174822895875918,0.23680160573657388,0.3625802285178489,0.31924544222905366,0.29771084591530994,0.9353423410992456,0.4447446210244898,0.417799085401016,0.7478374354282903,0.41897091047069446,0.5866712702285769,0.3931998369462152,0.9001507097053622,0.5723073510846067,0.860007496027153,0.9078125015830153,0.9285182930879465,0.4431915642537715,0.8409049964844636,0.9243911411429033
991.720028203,0.8847813694912128,0.8997289958455589,0.9012943866502543,0.7359394433501582,0.5638969703572069,0.23203448897096812,0.8759718837317234,0.14795778174344,0.2132018374245778,0.20061473881961803,0.2317339552362434,0.37240775276266463,0.3181114791292459,0.29854865898286637,0.9354396740299328,0.4450768012845959,0.4182316389261706,0.7483910433568233,0.4198057901324514,0.5867560568487279,0.39514612651750436,0.9007330769942328,0.5730458045822651,0.8574838105767619,0.9092868028605712,0.9271674005788133,0.4475525628572897,0.8400670925134278,0.9246738837142733
996.671068522,0.884716981014805,0.8997698266754873,0.9010096024656751,0.7357446787492062,0.5638696211553171,0.23146324694789178,0.8812799058195191,0.14654982347675552,0.22598808381783286,0.19942634527845482,0.22700171290800725,0.3825672633170109,0.31684410595384005,0.2992109826587043,0.9362365149389532,0.44540649985184405,0.4183730668997835,0.748855090291354,0.4206382379046064,0.5869654592105007,0.39709508584991915,0.9015130122703168,0.573564541537989,0.8560584972255185,0.9109029371311712,0.9264539660670059,0.45205492962101257,0.8393693264970189,0.9253676154480054
1001.65061855,0.8844344450867384,0.9000723558167739,0.9002967967762927,0.7355460957633814,0.5638670556724609,0.23071338031474042,0.8858462204339304,0.14551189962950106,0.2400248627353455,0.19824913231457353,0.22263487486881745,0.3928656880267108,0.3157719663485062,0.29974838235329715,0.9367758210160883,0.44576865148016515,0.41824686935363925,0.7491190964093304,0.4213943663596961,0.5878717260174681,0.3990889771165278,0.9021746329364051,0.5742548393039363,0.8559788219908517,0.9124193004198321,0.9269466645120522,0.45674199270328525,0.839101131912361,0.9258013769507971
1006.65888632,0.8837980929336373,0.900653973349154,0.9003242383757942,0.7354425561958159,0.5638955395208757,0.22996998436682606,0.8896196091902037,0.1448237997178697,0.2551591435400686,0.19710963436103776,0.21860987561047135,0.40305754107078107,0.31471781329776455,0.3002397833577198,0.9365497557171272,0.44621623509654496,0.41817801259229587,0.749004714865912,0.4220380129295855,0.5882163159886561,0.40135655316381924,0.9030886003105434,0.5751864932811261,0.8573541771400095,0.9138464405424467,0.9282705876563573,0.46186494654804755,0.8392907486247891,0.9269287064964659
1011.69608192,0.8833109868436753,0.9011162269247397,0.9007813273180264,0.7354807985834487,0.5636499946630636,0.22953733987104138,0.8923809938768766,0.14444066901077296,0.27122675208679115,0.1961066354811289,0.21499888795791014,0.4130248044995014,0.3136331036292353,0.3007314914038931,0.9365710149500428,0.4466904491217692,0.4181378160434744,0.7488548697056967,0.4226332945592346,0.5880113748870853,0.4036553148692791,0.904103249212845,0.5758857559806513,0.8600946610711123,0.9148955717149516,0.9299721717969317,0.46730369125003945,0.8390683550352896,0.9284928903719933
1016.76241755,0.8834518381994171,0.9015149153119407,0.9011435850783376,0.7356005196562225,0.5634570668973778,0.22962586489271983,0.8946072666094109,0.14433745570553197,0.28815866857224953,0.19522662297388627,0.21178990490132144,0.42274698153195167,0.31260097787295515,0.30111104398859284,0.937034930399561,0.4469953174059295,0.4181347648066282,0.7490080832923854,0.42336020353065373,0.5880995541201437,0.40596581453629704,0.9051270552986704,0.5763738018751043,0.8640216117375369,0.9156736821948761,0.9315196990547524,0.47283707421304166,0.8388412820549874,0.9303408133980035
1021.85810749,0.8836067121851543,0.9016791127697794,0.9010101629763299,0.7358069930460729,0.5634402126987421,0.22985085679125164,0.8961198986404635,0.1445451394401903,0.3059089046427205,0.19440460518294722,0.20876078137886592,0.4322285013736847,0.3115765337724461,0.30139847348228144,0.9376855447473896,0.4471736311608054,0.41837557945974346,0.7490906948909738,0.42418396642836637,0.5883626381636112,0.408461910969954,0.9056532343616828,0.5769363912008599,0.8684340975299008,0.9164085933362149,0.9328101242865461,0.4787523588293619,0.838888987659635,0.9321278634436079
1026.97288016,0.8839783484875583,0.9016760547007302,0.9002444833385718,0.7361586608094856,0.5631526492061123,0.2300363988698313,0.8971674183371515,0.14501815192273107,0.32403989534082484,0.1936110555473116,0.20607384928861394,0.44134026304878,0.3106063184078914,0.3015893105521785,0.9382530383357235,0.44724393023562464,0.41871911160168646,0.7494331595025697,0.42485942922908254,0.5890108279944705,0.4111270206160935,0.9060108856573565,0.5778291327138694,0.8729449048241041,0.9170002705608317,0.9342637955018166,0.4849327219426828,0.8392358772967294,0.9339640707227533
1032.10649695,0.8840478631499261,0.901824934495367,0.89981885199079,0.7364419199256392,0.5628318312406475,0.23039096121650385,0.8972249689415379,0.1458201375042536,0.3426862534864933,0.1927373523439548,0.20398332879342165,0.45025254990730657,0.3096692231465507,0.3017416131725893,0.9389761451018964,0.4475079665647089,0.41874631715752225,0.7498894822814931,0.4251972078531372,0.5897115895541271,0.4138359191429193,0.9068897949717256,0.578957040969758,0.8762818898377961,0.9175554553807627,0.9360514045771248,0.4914781956930338,0.8397567810373219,0.935833781384556
1037.25897753,0.8839502676516053,0.9019045702541653,0.9000068385537445,0.7365930589590891,0.5627883388026292,0.23090692952660644,0.8971745006244751,0.1469565724733717,0.3617827300894763,0.1918660910349047,0.20242635636662326,0.4586581592152463,0.30866727965873014,0.30185915376118877,0.939492864828667,0.4478506846762191,0.4186666027865079,0.7505991850607948,0.4253846012635026,0.5904133848351759,0.4166325308426971,0.90762590977104,0.5803653967188466,0.8786181448562872,0.9181278732568162,0.9374119774570427,0.4982468345525008,0.8403616094257378,0.9375681547219529
1042.4303413,0.8837922613845793,0.9021352075485436,0.9007049434257947,0.7367470566949856,0.5626967361783457,0.23149693749290462,0.8974113775960965,0.14840652765161105,0.38099301979180594,0.19125630305855457,0.20122033205031156,0.466682469137927,0.30765427964318753,0.30206590304666897,0.9398845824280818,0.44797847967098725,0.41868853408212947,0.7513738272356008,0.42569555872608933,0.5907872138894459,0.4195589137156713,0.9078889982587476,0.5818630911270826,0.8803145329031071,0.9184839734976468,0.9386915864017191,0.5050787250923171,0.8411760284523815,0.9392433167649228
1047.62060737,0.8834802614732513,0.9022881618898575,0.9008853479125811,0.7368636085304863,0.5624643709923984,0.23232470028880428,0.8978771172676021,0.1501250944579243,0.4001817236542199,0.19066911485692517,0.20035408849516134,0.4744520527335525,0.3066193136493885,0.3022831737068206,0.9403877037446015,0.44802211872642184,0.4188891158077497,0.7522549508503128,0.42581879565199376,0.5907065660708726,0.42250140166867145,0.9084065818099317,0.5830394891219943,0.8814913859893121,0.918707114909689,0.9394790847576757,0.5121517972911387,0.8421685821328605,0.9408218328440301
1052.82979459,0.8834236377096759,0.902269644836007,0.9007322595984409,0.7368936374448015,0.5621988957543109,0.2334260978218083,0.8975295254831921,0.1521604680379595,0.41902405087959715,0.19009754539105767,0.19989287487301294,0.481782686805741,0.30573940670779043,0.30244754838661625,0.9407184699264739,0.4478552232449527,0.4189927169317444,0.7531066729631807,0.4257437732756184,0.590586577903979,0.42552328658124117,0.9089193604167961,0.5838403762095237,0.8824173897475617,0.9186518273681539,0.939841331743292,0.5190895483024776,0.8433210250280909,0.9420344580137692
1058.05208946,0.8833468922005321,0.9024143253516708,0.901218554413376,0.737053323813691,0.5617857679616223,0.23465261621913888,0.89713716881408,0.15457825553824506,0.43729428051000874,0.1896285336615529,0.19983197490817092,0.48934132702884814,0.3049318215445761,0.3023704612011223,0.9411010797256018,0.44781439108804993,0.419032583949683,0.7541785484833445,0.4260069637757136,0.5909279343833707,0.4286252167079312,0.9093395788721317,0.5847998686061229,0.882995528260728,0.9185875868866501,0.9401067617742678,0.5261603112196798,0.8445588104417289,0.9429715767394528
1063.2810895,0.8832934582053488,0.9028141996884469,0.9019847996768264,0.7371464900604864,0.5613855004077549,0.2361618662252393,0.8966682042640977,0.157342484081036,0.4548756871152849,0.1893807227048494,0.2003302088643687,0.4970260959027894,0.30409129788009265,0.3024149689674022,0.9413298492536883,0.44796133955434797,0.41895501332401525,0.7552856483470447,0.4262775868925986,0.5918876731127634,0.4316760892340135,0.9095687557013397,0.586088134481744,0.8837258057491871,0.9186367217928381,0.9404433688283543,0.5334931166038226,0.8460240775395367,0.9436201907150109
1068.51675432,0.8834038961941391,0.9030989789219293,0.9024841549712058,0.7373201617387655,0.5611102930995009,0.23800333516223673,0.8962315363766357,0.16040599373351366,0.4715393386871247,0.18918817070091634,0.20125797764442302,0.5045450856619372,0.30317504460787636,0.30271028921142507,0.9412964642062309,0.44826719098202544,0.41872275195744796,0.7563011184087924,0.42643509950456715,0.5930470146465403,0.4349692533814484,0.9099450805748893,0.5875211802249353,0.8843987667419884,0.9187931930990705,0.9408059818376517,0.5407254521415267,0.8471326787057744,0.9439121265215895
1073.75904388,0.8836445017763115,0.9032222829010642,0.9021268957292968,0.7375054513907592,0.5608433628528,0.2400508285977974,0.8956986243646478,0.16368975402176628,0.48711136832322666,0.18910411369578983,0.2024132470968283,0.5121514176346202,0.3022788814476747,0.3029487419581548,0.9409406256427268,0.44878606919444275,0.41851988274505547,0.7572280827684807,0.4267428996716891,0.5940078975687679,0.4382607640890459,0.9103047851740775,0.5890497211794136,0.8849517827522329,0.9188610115084184,0.9409954198145181,0.5477830878159105,0.8482378415337328,0.9441081290091448
1079.00791838,0.884452272477596,0.9032229142882782,0.9014995238926129,0.737632478034551,0.5605579643594193,0.24219509254078228,0.8951601325318871,0.1673147877671908,0.5015570196222683,0.1892042927162863,0.20405075106009962,0.5199406064977667,0.30148559644504425,0.30307901135420356,0.9407691098540135,0.4489800849584814,0.4184512599442117,0.7580537834678758,0.4268391510466165,0.5949548662161215,0.4413445206857707,0.9106144409623489,0.5904242129798055,0.8854810155193121,0.9185071323098352,0.9407750534498974,0.5551630865784309,0.8493828221740479,0.9439978285182816
1084.26333836,0.8847731847183182,0.903389828782767,0.9010027288692057,0.737672347291962,0.5603164381809276,0.24443254270876713,0.8944389371733166,0.17124050700974522,0.5148021857257186,0.18948527125087533,0.2061664346092505,0.5279084332934459,0.30068022193578064,0.30321437014697017,0.9412383787928122,0.4492958354243673,0.41860623264609537,0.7588514081524621,0.42700665446478436,0.595114543518168,0.44456314232247285,0.9106707706415104,0.591706217213984,0.8855855149691542,0.9183004394868665,0.9404672899275622,0.5625642219590615,0.8501558761537727,0.9437300955018932
1089.52507305,0.8848241144710008,0.9034460398307267,0.9017145145940093,0.737737029679144,0.5599151082250181,0.24721965735935275,0.8934796787686009,0.17538162714526032,0.5272761223217417,0.18968254014595512,0.20865209591490533,0.5358887860781057,0.2999497190243779,0.30346974361258494,0.942400462686999,0.44985401817575293,0.4191490144183931,0.7595649883189945,0.4272843088727778,0.5957521460005721,0.44772691344926646,0.9105713262189115,0.5931576941556226,0.8856590819056974,0.9177175643803308,0.9397838777493117,0.5695586167841131,0.8507818870466244,0.9433597916536387
1094.78823545,0.884678302005298,0.9034697284106287,0.9026109367081973,0.7378117542786035,0.5594898357683424,0.25037969360389206,0.8921114248033835,0.17978758283975843,0.5387261809068639,0.19007046319768817,0.21146412519712937,0.5439456036423546,0.2993802054726793,0.30394016028478604,0.9428730617156552,0.4502411932704,0.4197433663130861,0.7600798096230593,0.42779069392792307,0.5963142208552877,0.4506786178572774,0.9107692717074806,0.5948799048612746,0.8858591598250002,0.9166274877353214,0.9389153052799943,0.5766104474479158,0.8512926555502421,0.9429240211916092
1100.05281299,0.8844589863172133,0.9035141775925024,0.902864117984988,0.7379437216333529,0.5590124343591601,0.2539400380597035,0.8898454846406627,0.18442112250844273,0.5489927334737499,0.1906671265884946,0.21449540798313813,0.5522870394603502,0.2987631684296027,0.3044073251449887,0.9431615552167506,0.45082370104107183,0.4204443747714635,0.7606748879605396,0.42829192866408466,0.5965558033117236,0.45367833921285844,0.910683403302973,0.5965957303180947,0.8861080268436663,0.915355583008408,0.9384198040377417,0.5836012134487648,0.8518060016186108,0.94199677557415
1105.31879326,0.8844373821005257,0.9036363925056599,0.9031418666192791,0.7380693345757333,0.5584775315387741,0.25782790698485325,0.8874126463648337,0.18918905172953995,0.5582644667469174,0.1913685328734555,0.2176584903956291,0.5609463858911554,0.29818815072233157,0.30476459546218493,0.9433755145822587,0.4516088568053797,0.42115654077728315,0.7614178949518372,0.4288987587143084,0.59686524434198,0.45659372448992164,0.9106919865549568,0.5982918565329822,0.8862059531760963,0.9140486860117993,0.9379798084070236,0.5907908427570207,0.8518826556593727,0.9410929400163499
1110.586164,0.8845483309318122,0.9038632028222336,0.9032691855872084,0.7380545881179764,0.5579603861299851,0.26187963718140034,0.8849067492179404,0.19409633308902682,0.5667125720712687,0.19210353100866873,0.22084681678688228,0.569742138805987,0.29757155595960183,0.30524122160284856,0.9437011677771808,0.4524949099870794,0.421879658393079,0.7624559412208085,0.4295889478336564,0.5970219639102868,0.4594931528192109,0.9103189042713974,0.6000757590047742,0.8865707391545952,0.9128238982442786,0.9373336238573863,0.5976912350182617,0.8518877533951359,0.9400548344404539
1115.8549131,0.8843346766653934,0.9039089167014512,0.9033977610198978,0.7381233951732354,0.5574365491652269,0.2660002555532029,0.8828884463308972,0.19903247693537196,0.5739796503651204,0.19295257252183962,0.22420945209683554,0.578555563797936,0.29700877191307223,0.30589958032215925,0.9442837399005282,0.4536217506932965,0.422338454264085,0.7635276909291725,0.4303872175982689,0.5970755553921818,0.4625774870109456,0.9094985499852515,0.6017696523470156,0.8868416290832375,0.9116898503958406,0.9364190888429296,0.6044939643337226,0.8517523032463727,0.9389659944474017
1121.12502863,0.8845147772651865,0.9039099260367162,0.903349363696842,0.7381310180971109,0.5567046215408835,0.27009361706604174,0.8806328126013376,0.20412961665025875,0.5803125757815956,0.19378391969311914,0.22779373070217734,0.5874476129624079,0.29641560473150574,0.3068183102196738,0.9447045839449376,0.4546614305353732,0.42293769536039255,0.7643761820089545,0.43094522861973916,0.5971283034171843,0.4653384215678208,0.9086694270294923,0.6033773194103169,0.887524810298089,0.9110935109438815,0.9357484238430762,0.6111440371176733,0.8514050907084968,0.9373846330851923
1126.42117712,0.8848082181404141,0.903857228490407,0.9029409444871547,0.7379769575473427,0.555937863096435,0.27431581310156394,0.8779862224853365,0.20927187076709233,0.5859306806449882,0.19469032639293227,0.2312590797182751,0.5968209542339777,0.2958821983680848,0.30774547815881154,0.9451957058536338,0.45553593127241454,0.42390558566393316,0.7644213755602441,0.43157493836111,0.5976999064021647,0.46772252265989805,0.9074789604960765,0.6050182021238667,0.888318795798848,0.9100429774617279,0.9346144238821831,0.6181372916989706,0.8506957487282625,0.9356000199251605
1131.75559815,0.8849455402913093,0.9036645119507976,0.9028286063668719,0.7379861591386523,0.5548240769444882,0.27862453637243567,0.8743433155196462,0.21435622524666234,0.5908067170123392,0.19571825983832739,0.23455722891847078,0.6066728267582738,0.2953522785191817,0.308592668458642,0.9450941247704114,0.45630361044535556,0.4247271959016038,0.7639183255046732,0.4324071743763574,0.5985651371725429,0.4701749979237403,0.9052176154212748,0.6067586984899066,0.8891520857205526,0.9077303020877667,0.9332923999919001,0.6247522901861537,0.8494046995105587,0.9335103028229028
1137.12876151,0.8850488517588919,0.9035068567237748,0.902493183447949,0.7380853150682831,0.5534938790107871,0.28305503516553815,0.8688933528509151,0.2194067831723224,0.5948975376182116,0.19692062806643687,0.23784344767335464,0.6170622126576589,0.294782483636599,0.3094488239629624,0.9452004677632575,0.4573689989061008,0.4256131592613091,0.763365092198101,0.4332879434557909,0.5987269988130985,0.47240485313678804,0.9017136260188848,0.6082859535135483,0.8896288287500362,0.904270353183891,0.9315790260283329,0.6309628394326184,0.8474204724277005,0.9309099125624128
1142.54114608,0.8852932548631337,0.9032564700718391,0.9021519004636688,0.7381898517714242,0.5518594389307828,0.2876971505939529,0.8603843634480586,0.22447956738161443,0.5987395890506966,0.19836000384271174,0.24123755500412997,0.6271426151760152,0.2942578387560745,0.31049908857044944,0.9453957310471174,0.4584953415873093,0.42662388014631014,0.7626861614284459,0.434002308964502,0.5986083351763687,0.4744443632300502,0.8972231725622377,0.6097031637117857,0.8897581709916369,0.900130972555051,0.9294571835166086,0.6373257209275119,0.8447153920519458,0.9271906068296403
1147.99324008,0.8856453606766095,0.9028610310469608,0.902328333465821,0.7381197576382912,0.5501568926122524,0.29259033913851745,0.8464012376540768,0.22950126928141043,0.6021070851683883,0.19999560787880769,0.24445283315740823,0.6371038078106607,0.2936816998352396,0.3117638560275747,0.9453763208255396,0.459850595709613,0.42785212897207064,0.7620415395612197,0.4347290946404857,0.5984787879566007,0.47618618168568594,0.8920961323686689,0.611239690864565,0.8895235328755655,0.8949160081962575,0.9263753091905377,0.6437506652500118,0.8411960047765985,0.9222381395355517
1153.48554133,0.8853741995937465,0.9026868346878584,0.9026858654458908,0.7381716370014693,0.5490342903703231,0.2977238765195384,0.8276595275892386,0.23439808111108856,0.6052720662942342,0.20149438000773304,0.24766336731977967,0.647423090950972,0.2931713993223881,0.3131105986256986,0.945511215080291,0.4612283038428493,0.42917472673186075,0.761435275385034,0.4353399537717183,0.5992583861488382,0.4779292722773361,0.8888581353875322,0.6128436506894873,0.8891644775463392,0.8876744760818094,0.9221228863507921,0.6499279533441338,0.8372093890283391,0.9162151609586985
1158.99647413,0.8849717005523691,0.9025478309398193,0.9033701602941687,0.7380825849168413,0.5486193639256517,0.3027951091873444,0.8120586313595298,0.23917948977549483,0.6080596366773338,0.2027358714314374,0.2507448493526275,0.6579389453002789,0.29256492969595377,0.3145036010044235,0.9458891798148801,0.46274657862474466,0.43045000389189675,0.7610768254579127,0.43631470128723693,0.6004478083981503,0.47997657014831885,0.8883674027854764,0.6142869570721432,0.8888732122711699,0.8791216961145435,0.9170756351001595,0.6557830307025114,0.8331120833294376,0.9096630737337951
1164.48107738,0.8852055483407966,0.9023597171905833,0.9042217040391116,0.7381645562803374,0.5486040475783287,0.30774098216663726,0.810752598747325,0.24389793741565266,0.6105567204999648,0.20401265220786827,0.25351971719022437,0.6680937516616662,0.2919222401422883,0.31591989936817905,0.9462093853727468,0.4642663634841891,0.4316397636870834,0.761063435630839,0.43758995966655484,0.6014972428676327,0.48231493863776626,0.8902797261593367,0.6159037026637054,0.8883949797792771,0.8726102599873976,0.9112278144630396,0.661322836504525,0.8292954589388494,0.9032564329227414
1169.93996942,0.8857876797954,0.9022216755814587,0.9045245045232622,0.7382961590469322,0.5485858904909342,0.3129859599405457,0.8219527236229585,0.24850312110993986,0.6126308209995968,0.20531501526184318,0.25599805011257937,0.6783387686506495,0.2912665816657025,0.31744047540887127,0.9465082952688515,0.46585470646555965,0.43283966493145376,0.7613075347666477,0.4388260784830048,0.601664394220435,0.484489074006152,0.8927642293143,0.6175087089370319,0.8880046372044407,0.8713307085508826,0.9050909826711309,0.6670835501947252,0.8258458005909143,0.8975256993293543
1175.3737451,0.8862482947075452,0.9021317926030309,0.9045913019280358,0.738336478304313,0.548578721425172,0.3185887562126509,0.8356092888386848,0.25282683867975736,0.614633744830836,0.20655023621495394,0.25837553367945837,0.6885822806601746,0.29078520285603765,0.31894574356233707,0.9463422113498667,0.46736557443707705,0.43411978947298707,0.7617501856326937,0.4400206661234786,0.6020516697230853,0.48641193418349754,0.8950556911798861,0.6190509176821165,0.8874653828277874,0.8748908334391392,0.9001241063918929,0.6724675304783932,0.8225692901183731,0.8932765929338439
1180.78297699,0.8860143988468917,0.9018868111975207,0.9041941502316733,0.7385743220106806,0.5485208216375778,0.3245166238356755,0.8462451899966333,0.25701858578435527,0.6163887637747161,0.20751962883951422,0.2606914182779639,0.6988353563306215,0.29035629319201706,0.3204629397831258,0.9465841236318328,0.46908680538745373,0.43581963426769105,0.7625034324261253,0.4412851387631714,0.6027839346141792,0.48836459297020546,0.8969180132737726,0.6208193525230519,0.8869374714007813,0.8798187380502139,0.8970201176257527,0.6778807579667193,0.8193054234941872,0.8907840267618053
1186.16821657,0.8860432844544124,0.9016552122634577,0.9034959603313549,0.7386148087748812,0.5482978735700456,0.33059794673900295,0.8527417655502009,0.2610650753764159,0.6180195150205064,0.20862732085707697,0.2629225024702186,0.7087289808953329,0.2898685330750716,0.32202793389397977,0.9468940836022831,0.4712734450195576,0.4378169516611781,0.763301446275991,0.44259052047426484,0.6037833701346215,0.49012014094424383,0.8982954389124483,0.6226527195672648,0.8861637292014792,0.8839720746062514,0.8947523924391111,0.6832188526835888,0.8160505346247043,0.8891685328476304
1191.52999524,0.8864497660031112,0.901344642983684,0.902925138860104,0.7386971070160991,0.547982366721557,0.33662300832574726,0.8561930335173917,0.2649441795278265,0.6193683122241667,0.2096649326095122,0.26494399357345355,0.7175923584707472,0.28928091064032946,0.32362248059880244,0.9469515712356846,0.47328055813540754,0.4396215869275527,0.7643259618266568,0.4439106199754992,0.6051422055803106,0.4918070087418202,0.8992774964047684,0.6239437956132197,0.8852184800605774,0.8864133209905923,0.8933831873049769,0.688762885622624,0.8129007344707313,0.8878559756535069
1196.89576018,0.8867812264196897,0.900973894177261,0.9027075409052522,0.7388566364509195,0.5477455708880871,0.34230946127933254,0.8591124602780872,0.26880589089493123,0.6204745313489199,0.21049211790574748,0.26703804183447927,0.7255731143614411,0.2887336053983446,0.3253214826930551,0.9466202683478788,0.47508699137551386,0.44110598956565944,0.7656177433415231,0.4450318078838341,0.6068042687170877,0.49349350047287216,0.9002308814993295,0.6249000108032583,0.8837182530483961,0.8877770412681337,0.892730702409031,0.6943419714865084,0.8091199152691627,0.8867566958210759
1202.26638934,0.8872260937564402,0.9006821733254808,0.9034985520999803,0.7387529915711021,0.5476204864611754,0.34761462002431365,0.8634571098760473,0.27254794185451403,0.6214111894290193,0.2111532857023617,0.269138094889188,0.733339861383605,0.2883011537664492,0.32712921760576813,0.9463373383603145,0.47691424816980665,0.4425689885582643,0.7670004613879146,0.4462463236668863,0.6088535502607343,0.49509349226316496,0.9010039127791923,0.6256042939722246,0.8820381993123345,0.8886337215114164,0.8922781129237428,0.6998159683436695,0.8053507495150827,0.8860185574846218
1207.64185238,0.8872274407185008,0.9005502923679077,0.9040447462467939,0.7386756050064659,0.5474020444058876,0.35298991266572277,0.8681306237027344,0.27605334503618445,0.6221078077063323,0.2117409718634183,0.271158799482423,0.7406146195241766,0.2879580929328811,0.3290609073323229,0.9456887081019114,0.47895509141641607,0.444321139042716,0.7675516270797876,0.4477916468137793,0.6109772029324113,0.49650294733834394,0.9016219344278971,0.6264396207758358,0.879819984988039,0.8895811010302238,0.8923436200616154,0.7052189388026621,0.802054960023236,0.8857257356874076
1213.0221192,0.8869911826061637,0.9000753477566766,0.904129813135152,0.7387069016234649,0.547189705861916,0.3582557657235435,0.8716278263201918,0.2794160721518441,0.6229781597957195,0.2123510138540802,0.27305811326011287,0.7477850899118386,0.28769572101558477,0.3309144331410277,0.945425837730511,0.48122853276087774,0.44621844407056543,0.7678470941412162,0.4492118962320153,0.6122545571299473,0.49772606113136575,0.9025540000576583,0.6273947864069529,0.8770271722322266,0.8911003663303693,0.8936722485409794,0.7107402473014397,0.7987368669601019,0.8852412110985025
1218.40715994,0.8871939246414692,0.8995825540418128,0.903774777370934,0.7386781365709371,0.5468850973029481,0.3632485654433721,0.873920141814316,0.2827577663155585,0.6237118869724331,0.21290918791968227,0.2750732743977134,0.7545075636831037,0.28739238828725605,0.33271330530176413,0.9446171586175344,0.4832281478486823,0.4480430438977385,0.768246896328328,0.4505158335673656,0.6127822153222162,0.4988346779140476,0.9033086114746085,0.6284378005149783,0.8734743280540865,0.8926533358267638,0.8957904525394496,0.7159251417921587,0.7953898159848221,0.8845240634867086
1223.79694502,0.8873306022740758,0.8993738046488124,0.9032552388009938,0.7388889817370045,0.5464849970970082,0.368231356023719,0.8754912785583766,0.2859457008150072,0.624159941392046,0.21325464831760313,0.2771573914645248,0.7604358806949726,0.28704691989235226,0.3344803317279695,0.9431686548296986,0.485024450057723,0.44976429761936804,0.7684292516171372,0.4515519818744754,0.6128213793727122,0.4999291145569652,0.9040250006742201,0.6291853895987057,0.8690459620908942,0.8940186251159209,0.8971548611235143,0.7207548985999055,0.7920376319471288,0.8842373139216949
1229.190873,0.887401470350562,0.8993342301075548,0.9030647598126191,0.7391864987596636,0.5460511334669156,0.37291054004832874,0.8762025287313924,0.28917086684201737,0.6244262864764171,0.21352010221129353,0.27937356461439067,0.7657432719543755,0.28677097982550587,0.3363184108216325,0.9412760877131134,0.48706799308069043,0.4515476702482044,0.7685651697396563,0.45242873764814456,0.6129199091651185,0.5010325254347304,0.9045142280669134,0.6297585955862111,0.8646523842944088,0.8950117544350609,0.8980780105351995,0.7255184312197779,0.7887547140010509,0.8841149757184245
1234.58829679,0.8875506966334216,0.899405652206915,0.9027534529120357,0.7393506855886592,0.5455719915813606,0.37697892370644626,0.8763329911770237,0.2923057921940005,0.6245775091018011,0.21395428530827254,0.28161584201692574,0.7710976842461308,0.28656508431783373,0.33812708724995283,0.9396014146657423,0.48910230200596166,0.4533947236953709,0.768693673220561,0.45353979393900606,0.6138357352495376,0.5019416907751063,0.9049492684201755,0.6307100431259358,0.8606997855359008,0.8956971040337611,0.8996342574969897,0.7302135706331236,0.7856614020390363,0.8841495800812671
1239.98919257,0.8879439871100469,0.8993784593037136,0.9027946473694887,0.7394527765695271,0.5451385579298558,0.380723217652163,0.8769460188827238,0.2953466376624483,0.6246114017234846,0.21458917278445225,0.2838566106313059,0.7761054985137459,0.2862905333090329,0.34000019079063615,0.9384695515895151,0.49107431379250827,0.4554468931667681,0.7687318576864738,0.4549152491954654,0.6148013893723725,0.5027327853475949,0.905004562087492,0.6317811200180911,0.8570452026664708,0.8967055794368505,0.9020755528740321,0.7349527826096595,0.7825916673162044,0.8843651707698368
1245.39353673,0.8882936209241015,0.8994558106811841,0.9031920003313331,0.7394877518278369,0.5446201064551703,0.3842610638941602,0.8779729247643528,0.2984622585644718,0.6246229168284618,0.21507122199480042,0.28614813146867796,0.780931443214945,0.28606181095032507,0.34173653244336916,0.9383399520262025,0.49327836821707527,0.4573628933574097,0.768555885876987,0.4563853721385502,0.6151635823697913,0.503496580099108,0.9051018886635676,0.6326307655552487,0.85304416777296,0.8973827704420044,0.9044426087399893,0.7396868070679304,0.7798412076097179,0.8846369936466173
1250.80130588,0.8883782563904579,0.8992461760942497,0.9039537802079076,0.7394364051941594,0.5442848410828728,0.3876510156263203,0.8788886838731098,0.3015763109430894,0.6244659071550045,0.2154508145585863,0.2885987134565831,0.7852903930478305,0.285904810324481,0.3433676323612177,0.9388610521724466,0.49538395489675163,0.4590740292163126,0.7680439541179586,0.45808847904803274,0.6153402431083432,0.5041097256851019,0.905378737333934,0.6332853466093908,0.8481418577716577,0.8977894837640098,0.9063089645977362,0.7444167242524735,0.7767378445183081,0.8850341298939156
1256.21247686,0.8887251576980869,0.8990655100084504,0.9047663473237264,0.7392960209200811,0.5439958335395424,0.39081951151108013,0.8791836473096567,0.3045804067823465,0.6244549763425389,0.21581091745441056,0.2912475700461758,0.7889979900885421,0.2857759291340592,0.3450395237658755,0.939279427111868,0.49745850618504067,0.4608201390065132,0.7674267677644444,0.4595329668096737,0.6157110890586833,0.5047628939787131,0.9052593573662726,0.633176772377922,0.8413495560355114,0.8979791146684764,0.907962229419987,0.7490524301246904,0.774106402272728,0.8852843274673354
1261.62708732,0.888746359136556,0.899001669384563,0.9054880717634389,0.7389070302225653,0.5437010464604355,0.3936633477496283,0.8790602435877252,0.3074726845503969,0.6242686428794099,0.2161952945822277,0.2940200159341251,0.7924535826140963,0.28566455295413407,0.3468453610279617,0.9390703439332228,0.4993998819438116,0.46284172151751585,0.7669795530985665,0.46080592524228114,0.6162350258990482,0.50538427318794,0.9046341062519879,0.6324122220763476,0.8337018966520959,0.8974811435542907,0.9091843896779143,0.7535007616532158,0.7715995300906112,0.8856673797452229
1267.05580532,0.8886520791688031,0.8988271757376394,0.9057897875051383,0.7384154810644061,0.5433646044873389,0.3959344604188359,0.8788843725334146,0.3103224672909814,0.623811075627567,0.21654056615855333,0.2968217034906662,0.7957220567617542,0.28554673181467044,0.3486569980192322,0.9381732481478761,0.5014709716476006,0.464847690731422,0.7664043492899746,0.46172323030195506,0.6160888014706689,0.5057657149240508,0.9034989445924299,0.6304730443831382,0.8292434543922832,0.8966206065186664,0.9096973997870381,0.7581581178193764,0.7697187186714113,0.8858386174714362
1272.49861965,0.8885743855472619,0.898436384912864,0.9056769498381086,0.7377583205362985,0.5429273065146734,0.39796948515641273,0.8784016050069925,0.31313048285018025,0.62318329226907,0.21678365437381825,0.2997633631680745,0.7982152244856309,0.28549683901513184,0.3505315366226291,0.9363046444888299,0.5035710720505353,0.4668393176945892,0.7653365517084844,0.46297458037660566,0.6159639868063297,0.5061969540316427,0.9020892245842883,0.6279962429416519,0.8314732115992345,0.8958687219855428,0.9100943562149506,0.7626594734676542,0.7677851059724473,0.8859080433934725
1277.95551888,0.8884593518443996,0.8978878657827253,0.9054063189077454,0.7369203324154655,0.5422585111544675,0.40000121686111445,0.8772267302114257,0.31588037080641906,0.6222824816171186,0.21714399616353275,0.3029226720509778,0.800576085389825,0.2855460616391124,0.3523806453920397,0.9341158741240385,0.5055836958587578,0.468862511241244,0.7639978292240086,0.464008971859717,0.6162408389795937,0.5064669379204507,0.9008532480128575,0.6272596224334311,0.8386894611538093,0.8950805079111881,0.9101884221468466,0.7672756863746202,0.7656686691171584,0.8858957248086295
1283.42649147,0.8884878861140543,0.8975472613541043,0.9051955755788962,0.7359952398048226,0.5416960629696157,0.4018526232361487,0.8751694813770033,0.3186529188917831,0.6211429781936781,0.21759975260897582,0.3062268505632483,0.8028835370754748,0.2856615949013044,0.35427556127789606,0.9315182124450049,0.507885727041213,0.4708542615343067,0.763800856810886,0.46521703752422255,0.6161038106412159,0.5066405206148863,0.9004167949095708,0.6293678124885754,0.8475958880635708,0.894093896575923,0.9101677217042156,0.7718016023694814,0.763755880769415,0.8858071944182192
1288.9115257,0.8888979016746258,0.8975071786794292,0.9048354894306373,0.735434344128987,0.5408820255825502,0.4035298320070093,0.8723976081739537,0.3215160694430067,0.6200278110196527,0.21814200841035622,0.3096745418017927,0.804882516430425,0.2859225726478697,0.35609797689532807,0.9283535050508475,0.5101820529318014,0.47254769065089314,0.7654466069211111,0.4667814875274653,0.6157345145202967,0.5068300254237766,0.8998063458912884,0.6316297716977429,0.855658192499947,0.89252019829897,0.9100775133870558,0.7760688436485844,0.761874899512289,0.8855134480564185
1294.41060969,0.8891803493271799,0.8972394253419078,0.9045978415706827,0.735344345795091,0.5399844043628089,0.405174134548761,0.8690545555597031,0.3242762875196685,0.6188693940494348,0.2186124593092549,0.31346771345082486,0.8068308539695062,0.28619711453334495,0.35794812157759687,0.9241807395353846,0.5121867434323881,0.4742626345288024,0.7672822050062162,0.46851533331424455,0.6155414174390164,0.5069102211519788,0.8977227830778584,0.6320454501436468,0.8606661540471691,0.8906792612476754,0.909539369068574,0.780467746905976,0.7598249727869861,0.8849200826596818
1299.91690127,0.8892877237203257,0.8966342985794258,0.9043003437482435,0.7354035268639323,0.5389552299736596,0.4065235763871973,0.865733748194624,0.32697410451396275,0.6172716175301194,0.2189897175877069,0.31753203913655387,0.8086344335408505,0.2865179318158488,0.35991192097221436,0.9199857683131694,0.514385247754967,0.47603566930959673,0.7680425756359268,0.47002577505528353,0.615116283706421,0.5069908501700074,0.895749003325809,0.6325571536247243,0.8626464017391309,0.8884139537171774,0.9086460154239188,0.7848430531126118,0.7577461499061973,0.8842503081534882
1305.42577023,0.8890467088067131,0.8960029404906771,0.9045395506448164,0.7354759353313434,0.5376789137517282,0.40757306282878975,0.8623334053161542,0.32971549234423825,0.6155992198854792,0.21951811240919142,0.3215475871581654,0.8101210880683051,0.28688510412668644,0.36180579628720516,0.9164527725090625,0.5168084048076055,0.478009500095887,0.768035641659314,0.47119802293812374,0.6153139364870741,0.5069686843627624,0.8937843091397618,0.6338755106466726,0.8624119535062581,0.8853807199201049,0.9070736750106307,0.7894881861666131,0.7555573780426464,0.8832158356664888
1310.93719838,0.8888813677885744,0.8956962872577053,0.9044841794479577,0.7357493775640623,0.5361777069634379,0.4084275242258463,0.8579414747529561,0.33242221074215295,0.6138125874782749,0.22028886968639666,0.32567534273212323,0.8115619659073843,0.28731322728353303,0.3637090319647682,0.9133725473217097,0.51902038128764,0.4799514353207421,0.7674888123646694,0.4722647520576408,0.6155939838081171,0.5068033870763723,0.8908867924821148,0.6348556064411799,0.8600811047427669,0.8817215565756397,0.9052710266204412,0.7937022556964979,0.753236385514899,0.8818487548319055
1316.45116775,0.889196097291934,0.8952491250408,0.9043299714542332,0.7359113560423246,0.5342099546400999,0.40940047087063197,0.8520587032998859,0.33514916152759894,0.6115657150006082,0.22094427441133638,0.3300607438464293,0.8128325097420656,0.2877917285481185,0.36567710268768056,0.9108585962183617,0.5209575873802369,0.4818305188121784,0.7665563907460757,0.4736427074474135,0.6151700920284889,0.5064211441843415,0.8865912847999199,0.6349312593159824,0.8554685982679943,0.8772016787608494,0.9028924898322446,0.7979180387299794,0.7506234706457345,0.8804958093795748
1321.96766053,0.8893603513732684,0.8945921176060617,0.9044346664290761,0.7360966683529311,0.5318991001578771,0.4106177508442351,0.8437614318560922,0.3377717684038761,0.6090707800072113,0.22160432171057667,0.33453613183841346,0.814194656443008,0.2882768538027234,0.36752986986623387,0.9081282128800439,0.5230890256177694,0.48359359862923645,0.7654169088926805,0.47509604263412014,0.6148565765802283,0.5058339104476505,0.8814329140182968,0.6350103750171412,0.8503068269587806,0.8714404922572848,0.8996102427725867,0.8019580594914759,0.7475937624782769,0.8787901787122796
1327.4866591,0.889251834791965,0.8937394319035707,0.9043595419965746,0.7360237845771137,0.529300032339076,0.4118982876795999,0.8326971860616701,0.34035272907122593,0.6061638793594525,0.2223337381874719,0.33914726314244015,0.8152565014834245,0.28870939896945935,0.36935167480591147,0.9055817731067906,0.5253833312536836,0.4852652590746576,0.7641192551664242,0.47620968520568563,0.6147844863520111,0.5053328754359538,0.8756927369311102,0.6355080164444944,0.845514093769874,0.8639689896133224,0.8955067146259347,0.806175882306672,0.7440870398039205,0.8768789468252556
1333.01349556,0.8890310814682193,0.8927454215763995,0.9044193673682404,0.7360076250099085,0.5263780547749193,0.41280065860560583,0.8193512535849259,0.342917063939611,0.6032265087167433,0.2233375609296302,0.3442677551813448,0.8160560762547433,0.28911707841584866,0.371194788328974,0.9031827741997001,0.5277017265893886,0.4870133113567162,0.761908041444958,0.4770933403341593,0.6148807983390253,0.5048581253831003,0.8699928908647943,0.6358740966852305,0.8391253429893418,0.8551424613586588,0.8909008061383025,0.8103451106456878,0.7397895992623245,0.8748243849786165
1338.5688161,0.8887247316436072,0.8919908150919941,0.904407764139074,0.736107517262549,0.5231013725260978,0.4135818862909693,0.8055644721546316,0.34550729992549617,0.6000223818160542,0.22458589905556167,0.3495868231685012,0.8164581025869155,0.28959965083384626,0.3729902029706847,0.9002273179096238,0.5296639661453019,0.4888169942920153,0.7588491165658036,0.4777775992283466,0.6148689609400926,0.5044314342485405,0.8641564160764192,0.6357790063578804,0.8338358744510926,0.8468033710975883,0.8855367016664004,0.8142561898528461,0.7346128132302133,0.8726562600226164
1344.15282419,0.8883961489821555,0.890733926161758,0.904095987714776,0.7359264550315325,0.5197184317443125,0.41452996836700023,0.7932262281966798,0.3479213888382242,0.5962500661739595,0.22564773561356163,0.3549961031527377,0.8170413477476447,0.2901844611782938,0.37470606435222503,0.8957600554124164,0.5311448267608025,0.4904319443402208,0.7541183230946472,0.4782128739563969,0.6147557875744446,0.5039803585163889,0.8579359680336047,0.6351897039739853,0.8316914878524173,0.8407512792596287,0.8798922350646973,0.817684509054984,0.728688320264417,0.8705245347853048
1349.76572543,0.8874868786611805,0.8893540390174032,0.9039126028328667,0.7356662353776101,0.5162201822380248,0.4158392278253876,0.7825907903870015,0.35024351082442035,0.5918680771653794,0.22665248350017533,0.360264365937607,0.8176864788145924,0.29079489899093586,0.37607274356997766,0.8887780803691765,0.532596201565395,0.4919080148639784,0.7469174700294929,0.4783635803146829,0.6141870696863245,0.5034421003188069,0.8508931341538667,0.634029979841564,0.8308235508969339,0.837554008170968,0.873837920940036,0.8208810305191221,0.7222844212191483,0.8681050239046146
1355.4077275,0.8863270606967447,0.8878019581307607,0.9033873823982687,0.7355586059912763,0.5121187722523055,0.41740297941874704,0.7737395956012014,0.3524521064518173,0.5872753890525442,0.22776826166136022,0.36575298765677783,0.8181433446937322,0.29144026955260993,0.3772396701751301,0.8798641532543479,0.5342532135522338,0.4933149281571276,0.7381202926441907,0.47794425143046354,0.6134779507569083,0.5029096019802799,0.8429802494585826,0.6320649032554879,0.8303643797400243,0.8352865163503241,0.8674564281982727,0.8242687540939659,0.715913297068094,0.865645501053112
1361.07904029,0.8855048067240654,0.8858574801884432,0.9035545070278,0.735117898796762,0.5066091069890136,0.4189169132512775,0.7668893186466568,0.3546194391992658,0.5830287217458295,0.22932337415554957,0.3715488952977879,0.818659274385148,0.29211925108037856,0.37851004590176035,0.8726774630837095,0.5364073617238239,0.49421187108140674,0.7305004656381159,0.4769261567464574,0.6113547794019286,0.5017395959849374,0.8345476896721029,0.6286272375651982,0.8309796158562316,0.83230039310088,0.861609320655522,0.8280102393233946,0.7098890379779296,0.8629347001685556
1366.77987583,0.8856220387090937,0.8836798653401072,0.9035780738468824,0.7344696633313467,0.49895353300057027,0.420170687046587,0.7606079519143366,0.3571681051668418,0.5785837118736226,0.2310818173921694,0.37780935784479175,0.8182665219688313,0.29292052225593956,0.37962128914093657,0.8660149664490702,0.5385263663301195,0.4948734903997418,0.7217505667852434,0.4756956711840723,0.6080902841851599,0.49967026569936107,0.8238566667137512,0.6231171553591273,0.8323999759698851,0.8269997712368253,0.856274270874565,0.8319900701078194,0.7040029840225933,0.8601203896394826
1372.46681289,0.8860537239864084,0.8813081100985813,0.903334093686841,0.7341507646334426,0.4898010499549835,0.4211549451341356,0.7534509393333574,0.35967521434394123,0.5737050302125541,0.23298654686063755,0.38418116571760835,0.8171996880035207,0.2939341257827311,0.3803846993863473,0.8559672072582838,0.540134733553965,0.49438431872429683,0.7035460495287833,0.47282931663128486,0.6049371142239163,0.4968642757146833,0.8072660153103419,0.6126481852728741,0.8319232369134094,0.8186366163890446,0.8512351401359521,0.8356269395798603,0.6978155916648817,0.8567968243909958
1378.13342967,0.8863272616451839,0.8782900032776952,0.9032963787540682,0.7340632312872456,0.47980156160594667,0.42167049194980677,0.743116894746901,0.3620284405660815,0.5685435972230534,0.23481738954899525,0.3905648943295416,0.8150480099557957,0.29482451860511805,0.3801180075906005,0.8407656778384553,0.5411826430097095,0.4931281086396499,0.669229749286741,0.46450125788513175,0.6007796439134117,0.4934216608028087,0.7799385493927959,0.5898592131396135,0.8287302602868467,0.8065391680552694,0.8464962542401883,0.8388674784492179,0.6907836920769964,0.852766687735069
1383.78010777,0.8864130166958053,0.8738496636996524,0.9029532026684909,0.7333528158698737,0.46817195875922285,0.4224981404087154,0.7282198158725244,0.3643515975279097,0.5627959126896925,0.2368887846077897,0.39696090159451863,0.8133949875154394,0.2956318661361589,0.37739140670644045,0.8225817668887012,0.5424085427210792,0.4904364897296885,0.6370565385443077,0.4526049918807779,0.5931168310017456,0.4877731723208106,0.7356924141003096,0.5445348064724119,0.8232457112275724,0.7905744186306102,0.8422609952271158,0.8427508575638898,0.6822372349263711,0.8477921154740801
1389.40721715,0.8865570306789001,0.86967799359479,0.9017883790434534,0.7330192311753723,0.45501275819009435,0.4237482804205822,0.7086999053998444,0.3667389922907215,0.5555074654591183,0.23869620177414289,0.4032744122973621,0.8131617242481661,0.29652778301691585,0.37318377616537285,0.804909485980496,0.5423282657672839,0.48476735230434675,0.6224945713733255,0.44526630906565445,0.5838272509097753,0.4793074767248186,0.687537801502636,0.48960545015426243,0.8156608456319037,0.773183816754969,0.8381665024480699,0.8459916631851987,0.6719816405518558,0.8416713344904003
1395.0151167,0.8864931981378069,0.8658231387573215,0.9009789258517084,0.7329085425729535,0.4406951347339328,0.42515716597486597,0.6841450529221672,0.3689593761118083,0.5480891711434225,0.24026507025158347,0.40951218841511017,0.8132590095797974,0.29733769659755366,0.37395147113791466,0.7919710255511274,0.5402565224567628,0.47355304533998555,0.6266055862965536,0.44586842271695565,0.5734764135356607,0.46848486600563816,0.6749457631421475,0.4803644663053885,0.8054323899816382,0.75819423411034,0.832502315026551,0.8480609970680844,0.6600026640099724,0.8337153988477592
1400.60415467,0.8869054704533452,0.8616331810172287,0.8999240929688299,0.7322120062045903,0.426951158794346,0.42668371151911055,0.6528852329843154,0.3712031111708285,0.5429856287129791,0.2419689980403607,0.4162657992905733,0.8132638515355393,0.2982760036110151,0.3784544868248939,0.7884882942879701,0.5379245070214719,0.4546550831408527,0.6413462932634019,0.45323551343952767,0.5615752230728469,0.45568235238708293,0.6777823985524289,0.5263579827234623,0.7911985984528916,0.7447851434891608,0.8239043946228795,0.8500378268831366,0.6455548690861018,0.8240346478678173
1406.19775036,0.8873427814165639,0.8569358812060881,0.899209711586933,0.7311717847764397,0.41650446107714284,0.42836616051798776,0.6127181633261322,0.3735518736822402,0.5393087656409198,0.24413315890100826,0.4235438066691522,0.8127672857660426,0.2992265692000621,0.38217291308663803,0.7878025870505901,0.5361232765670754,0.4339204200768778,0.6538378750917108,0.4620321314618439,0.5501321614192997,0.4433871065131468,0.671637287917746,0.5689758538041465,0.7714419873035349,0.7291164772278353,0.8121482597449411,0.8527117417770251,0.6289982874950582,0.8127644078305127
1411.81328293,0.8874039886892956,0.852941578992885,0.8992937993017569,0.7302538623929345,0.4109344495533081,0.42966251131592187,0.5664638967917808,0.37598031850292135,0.5349849221668709,0.24654354639264656,0.43074222810959434,0.8128326409258217,0.3003261921308656,0.3847326626218289,0.78142560610106,0.535303165710794,0.42795690094092764,0.6615462181879195,0.4696165890320977,0.5435418655452506,0.4339826106705427,0.6645097480550181,0.5900396629633955,0.7441234229879844,0.7100238283177013,0.7974744551321048,0.854942479930682,0.6110954677519604,0.8002480601501812
1417.45083527,0.8877346630337712,0.8496284598028635,0.898931831701409,0.7292013060326701,0.40946741497972766,0.4304564318889426,0.5258445252377346,0.3780947240495497,0.529799771219459,0.24891311278674158,0.43794595137150727,0.8137003352999433,0.3014059557305725,0.38702574908627574,0.7905510664136072,0.5365011111420098,0.4432198681358263,0.6649795253801705,0.4755951860684867,0.545073763674467,0.4284042177429904,0.6643782136492467,0.599621117468452,0.7041991137938195,0.6909611740814854,0.7800327427950121,0.8563878292489555,0.5931871281523456,0.7880055175660243
1423.11049053,0.8886650307000539,0.8465295589212118,0.8984917126137318,0.7278502367027334,0.4104387672513728,0.43133616008439785,0.5054506224866068,0.38009920002783315,0.5244461710174133,0.2512699342121363,0.445241385740646,0.8145130229360988,0.3023856231235571,0.3888579062170056,0.8268115884543553,0.5404286567579311,0.46561349908234206,0.666331883870505,0.48001725146702334,0.553636958298005,0.42611890761173765,0.6712570939940594,0.6053103444038967,0.6544457393276992,0.6765905234152305,0.7613938100631205,0.8572675359400239,0.57633811838037,0.7771761462956466
1428.79233216,0.8892989064112428,0.8437000794853712,0.898063290236499,0.7262011837532473,0.4123888980576448,0.43218438850372215,0.5120669098489088,0.3821710457457357,0.5188315802023566,0.25373846667251104,0.4526180921292555,0.8148086070322782,0.3034377755594635,0.39020256073082593,0.8583827958773284,0.5459163959921758,0.4826612469007505,0.6675279988930624,0.4835746503278714,0.5640447552050784,0.4259479512653456,0.6817212106618481,0.6097361180194845,0.6313729000758201,0.6710795015592367,0.7429093790952048,0.8578517427911907,0.5613882293491217,0.7682705589157973
1434.4964439,0.8894891101193475,0.8411117672889252,0.8970062085625714,0.7243141116194174,0.41463712979408957,0.43301898935799427,0.5384822790986409,0.38418251050925295,0.5128239215242956,0.25635325407441667,0.46030959987094444,0.814820867810831,0.3044642927423138,0.3915157319096466,0.8785503162440429,0.5514586612973637,0.49306345676960367,0.6688008322516129,0.48662746489234754,0.5732349921439566,0.42886790044715833,0.6928560366460705,0.6135710184669615,0.642646937440192,0.6748610372346121,0.7228730782222996,0.8577840501917884,0.5481456999823893,0.7622768257703909
1440.21938683,0.8897076548600162,0.8384957206976739,0.8962212120899303,0.723100335879544,0.4167475203910397,0.43392799966319495,0.5722825731799752,0.3862526782151955,0.5062582571316199,0.2590262249791554,0.46791133662312545,0.8158146988381864,0.3054302000955748,0.3930842464011128,0.8906882207213277,0.5558783373404131,0.500029673193894,0.670394230353311,0.48940269179619117,0.5806223462297904,0.43627368461057847,0.7028437718340852,0.6173948543896958,0.6590054950754609,0.6852214187387385,0.7005650170410406,0.8564263767268576,0.536383975229144,0.7589825671191504
1445.9515979,0.8898813079193675,0.8360148390896064,0.8957205391758549,0.7217521809136157,0.41853978707627,0.43452472165641176,0.6038955532237626,0.38817291825697564,0.49947617802633776,0.2617986442226906,0.4752811811720068,0.8164046447292544,0.30647126791763074,0.3948306734928015,0.8977371911472191,0.5593840019710093,0.5052673628831776,0.6720525260115455,0.4918257398555079,0.5857077944955376,0.4466312555612776,0.7108296876757295,0.6215520338842688,0.6601638554259454,0.6983465084441084,0.6839885571914354,0.8538017146767874,0.5257218644474485,0.7585036502755168
1451.69304835,0.889973545376402,0.8336470389617856,0.89571664896401,0.7189935749066755,0.4198482187419836,0.43508590792047636,0.6275319039222815,0.3902072205500949,0.49273151854957387,0.264493997113246,0.48264815077655243,0.8165516741322002,0.30748391411225945,0.39703160373559365,0.9024815760835737,0.5625057672396506,0.5091786881079549,0.6737541757502084,0.49396082343973335,0.5886819732679562,0.4552412142270952,0.7167114117472646,0.6253476346875348,0.6485639181495467,0.7124934346792094,0.6827202413009166,0.8487478243225022,0.5160885956514956,0.7598575135675121
1457.44370948,0.8901293321940653,0.8315786750746413,0.895635174730143,0.7150096635310248,0.4209301823241753,0.4355937139739057,0.6401670920969658,0.3920862095239339,0.48592483348117693,0.2673730177170116,0.4901027096453569,0.8174136015003111,0.3085044518569498,0.3992384527614602,0.9066706489608283,0.5655023519117779,0.5120184062554036,0.6752533850898064,0.4956650839748022,0.5903989992610758,0.4605994041221866,0.7207932663189521,0.628380343348981,0.6333703621771032,0.7249032392632772,0.6922351163497814,0.8403479745095961,0.5074844157115425,0.7619368461751835
1463.20355265,0.8902039058318122,0.8298243909116398,0.8959313050828446,0.7085809414083931,0.42272354735432965,0.4361065739355611,0.6446917171152297,0.39383107005342005,0.47878751221209476,0.2703209965408381,0.49762987422130817,0.8188245151485694,0.30943383795449686,0.4013322914718628,0.9098162663729759,0.5680613414559774,0.514426641419099,0.6769055568202862,0.49721279589506195,0.5925305670148353,0.4641329068173666,0.7249377217554354,0.6306802527651874,0.6182546151254191,0.7326990074050891,0.7018464447764324,0.8284913125352931,0.499714766484052,0.7643499859593416
1468.97254925,0.8905549975455679,0.8281764084606875,0.896568158433013,0.6982230837249251,0.4257088648047637,0.43646542810012195,0.6535449432763681,0.39559863259800854,0.47175279221823646,0.27312684967733536,0.505449603050919,0.8196951804130489,0.31037016639491605,0.4033940595445457,0.9122927100328977,0.5705860300094766,0.516725599354731,0.678679791185056,0.49845644992260724,0.5952003401084816,0.4677381621271972,0.7315580539654187,0.6327831925233433,0.5957699545916763,0.7357603912110271,0.7084093566392925,0.8151111346384677,0.4927786373649238,0.7668689468827682
1474.75040717,0.8912728072417477,0.8265744674310551,0.8972681402367776,0.6850998033877491,0.42954325004487,0.4362573397114297,0.6752846795329284,0.39733025280976914,0.4647615536707052,0.27611052421965254,0.5133740192091375,0.8207371738886455,0.31136099984795873,0.405221029965902,0.9149690999858167,0.573228429899346,0.5191177964213137,0.6807500366055237,0.49970915279035305,0.5990380937536283,0.4717109145986497,0.7410152263637003,0.635191626685318,0.5683313137721938,0.7375332227955366,0.7121740219068888,0.804104411654848,0.4870277378564706,0.7698165385268168
1480.53455271,0.8913560394197454,0.8251809081248167,0.8981347918113766,0.6794440030192915,0.4335768976300491,0.43561765280024234,0.7025325748168078,0.39912514970834584,0.4575917234268535,0.2791035516212976,0.5211872072120024,0.8219599968981098,0.3124218625756012,0.40704984359805024,0.9171463503094214,0.5757736867153286,0.5212560924555935,0.6831504847748884,0.5013663556508879,0.6027379192512058,0.4757520322780255,0.7514887392817176,0.6377059107138543,0.5736573019871697,0.7435839673657866,0.7134422563575853,0.8020498165684001,0.4823671038880466,0.7735907664691642
1486.32495713,0.8913426210473007,0.8237705757075839,0.8995121159022035,0.6881841517903057,0.4375690274248098,0.43498254755241134,0.7275040822884615,0.40068891913015353,0.45041518017499704,0.2821838790547521,0.528963456162135,0.8235649086015159,0.3135510025702019,0.40860718698216164,0.9188968259934998,0.577958082617667,0.5230544934852177,0.6855054296076051,0.5028987900713736,0.6057671162211593,0.47936447597570414,0.7612029165328634,0.6401894383890744,0.6185944233201516,0.7534835631764419,0.7126576579740106,0.8123817886116702,0.47831077118325704,0.7776374997623801
1492.12159183,0.8918165952577584,0.82253923363762,0.9003758616567593,0.7030455516484898,0.44140249034495155,0.43383494137098233,0.748789529190011,0.402365348970558,0.44330546973880974,0.2853844810519602,0.5366103168814219,0.8246899245840246,0.31462172624788687,0.41003157899457804,0.9201125615897027,0.5801654688054481,0.5245192309941781,0.6878356659178891,0.5042726722134626,0.6085541817773921,0.4826154205393249,0.769853241109403,0.6418481557988486,0.6584310049483995,0.7633966114914215,0.7132147464879673,0.826832077750749,0.47416903407809724,0.782116475568325
1497.92442836,0.8922043957407287,0.8215542844494151,0.9006689830047439,0.7141319247393728,0.4450627514245956,0.43199706755237893,0.7661955109744523,0.40413711220402193,0.4362113575658177,0.2887484184434999,0.5440701595734665,0.8246335873063538,0.31549624963210854,0.41137165205753806,0.9208227182103731,0.5824647971453576,0.5255342806943804,0.6903391866371472,0.5054938508033725,0.6108980641321348,0.48545056159015837,0.7776613815037777,0.6432583152436924,0.6836750665132779,0.7727087461457173,0.7195208500166103,0.8362149600339353,0.46986156025749404,0.7865798432667902
1503.73343845,0.8924499979702251,0.8204383500545469,0.9011308860548326,0.7204061421985509,0.44842176755408597,0.4296526418889953,0.7799469832125733,0.40585670370584453,0.4289251539493649,0.29213065572564234,0.5512596834958727,0.8245007031392588,0.31639497723067234,0.41242450208607034,0.922189373452904,0.5846110157994824,0.5262013569030042,0.6928453645297987,0.5066397733761238,0.6130454300640765,0.4880818552343038,0.7845942185888422,0.6445597547205331,0.703654073682292,0.7814938547691722,0.7301386005715718,0.84076456848835,0.4651840346313102,0.7907941829972531
1509.54899004,0.8925997726303079,0.8195376072326876,0.9015743269233434,0.7242597030338161,0.4514638488967142,0.42709714689105,0.7915191912112753,0.40744073999257835,0.4217153882237913,0.29545838624511056,0.5583199648841782,0.824753038870018,0.3173852419251079,0.4135143929924841,0.9240703043905016,0.5868974329099316,0.5272413745984464,0.695608000982599,0.5077953861246347,0.6152786220165644,0.49038200550381333,0.7908727372209562,0.6455035111764935,0.722516221626544,0.7890730493754771,0.7398943037419383,0.8432475955916867,0.4600279624727875,0.7947673762755308
1515.38336105,0.8927076163833952,0.8189501271258259,0.9018778829886421,0.7269931875173175,0.454317075263047,0.42449707987938096,0.8017272224146718,0.4089730361931333,0.41462833156966133,0.2989641932186562,0.5655384720090217,0.825844884710749,0.3182343689384685,0.4148685693988392,0.9253100140071695,0.5889743155923606,0.5279857100546621,0.6985699341596913,0.5089094104081027,0.6167757584570532,0.4925449588305056,0.7965959519280743,0.6463141830357513,0.7375836859726355,0.7945199905600159,0.7459884662860176,0.843847448967321,0.4545904164586541,0.7983335580659369
1521.23658861,0.892874967923423,0.8186543800076038,0.9020006685597535,0.7290475075966315,0.45686761150378474,0.42176763440422854,0.8112823385170651,0.41052701714612144,0.4073881378907713,0.30242858956455954,0.5725386588691577,0.8268616147003618,0.319177137331799,0.4160250852900786,0.9260850615345738,0.5908268072743469,0.5286305130181153,0.7014859843263223,0.5097812344708661,0.6184051534956531,0.4944707834002878,0.801842471547827,0.6468007294785948,0.7480704327673239,0.7981788951442578,0.7485160898349559,0.8432184166603829,0.4486689121509487,0.8014501180229469
1527.10870977,0.892950604516499,0.8183111136324206,0.9027945638680589,0.7305049902645043,0.45925497685166783,0.4188039900261354,0.8197260165481993,0.41181230405634567,0.4003404113613028,0.30581195627650076,0.5795932760841936,0.8275958475750883,0.32011942221315626,0.41720369864047896,0.9268390198006217,0.5924169942998484,0.5290082525650063,0.7043871127750291,0.5106047766820184,0.6200256283154592,0.49622378208776063,0.8067907491947897,0.6465597967572693,0.7552584959105649,0.8002410449811619,0.7486407980999724,0.8424845882033429,0.4424846958035528,0.8041317758982982
1532.99976154,0.8930701044807905,0.8181229376521937,0.9039956662776786,0.731587472930409,0.4613523598769387,0.41587364861654236,0.8269251772978842,0.4130532580007197,0.39322908970698234,0.30934484128946327,0.5866361262443447,0.8280424093507898,0.3209116660647035,0.41837649251378395,0.927904323735685,0.5943214397603733,0.5293774290945898,0.7069199537910985,0.5114442670605106,0.6212584314758886,0.49769182320296096,0.8115471273968996,0.646003125963476,0.7602342731081847,0.8015530227667059,0.7482422635194655,0.8417004066385136,0.43619403887957836,0.8066054098876301
1538.90978084,0.8932432556677922,0.8180790176936871,0.9049912596578791,0.7321407320215033,0.46328890355263397,0.41377428915069286,0.8327785447224316,0.41432036502579667,0.3861180030268527,0.3128631588265355,0.5935055774717176,0.8290270689891966,0.3216844833285514,0.4196641928509522,0.9287319856060013,0.5967518205915157,0.5301050623930947,0.7091325255438533,0.5122778889538446,0.6226450261802495,0.49923794745834915,0.8161220802556886,0.6463967560983541,0.7644962146660056,0.8037055902869761,0.7498175102929117,0.8414084998048152,0.42998506023876154,0.8087928994894811
1544.8387776,0.893441965361869,0.8183079631146988,0.9052228193733833,0.7326238634112899,0.465049026195904,0.4145837039994697,0.8382260843047667,0.41560546023311556,0.37927004388211105,0.316313154230274,0.6001749439017943,0.8300109632815598,0.3225667290006547,0.4210459128260467,0.9297675477567265,0.5986586156547593,0.5317822839332728,0.7107391520097744,0.51318012593028,0.6238477594210797,0.5005169962896814,0.8206165043490656,0.6483165143075137,0.7675431772894461,0.8071732618560323,0.7556492181406085,0.8416490212786378,0.42490605148617305,0.8106497795676451
1550.78660554,0.8934641895869033,0.8188255957148637,0.9056457735537834,0.7332647328614335,0.46658366110226523,0.41840790636777375,0.8433831111656714,0.41676636360558356,0.3723720999567473,0.3197396553319443,0.6066397530877947,0.8303767293678177,0.3231700239988269,0.4225355306454464,0.9303971043227404,0.600381867632571,0.5336486900862126,0.7119609305895322,0.5140813412547921,0.6243551025171119,0.5017660668281109,0.8244400721190351,0.6507833191813616,0.7695538125482898,0.8122540149639282,0.7655314848261215,0.8426701269914236,0.4222231046266878,0.8124393216486405
1556.75329898,0.8936269202039259,0.8194296084378941,0.9060278406995974,0.7339142074196447,0.4679267557649907,0.4241435637041369,0.8477852458192792,0.41779519574463997,0.36554917631490325,0.32305315309311194,0.6131049825043313,0.8308374147093556,0.3238155615013022,0.4240375810787083,0.9305400302790581,0.6019426896352036,0.5355497783273031,0.7124338349363359,0.5149856044142667,0.6248563739149153,0.5029638517389267,0.8279433635748554,0.6526382399833117,0.7709132044752082,0.8176376563580807,0.7773913277613522,0.8442737382248698,0.4216516668519987,0.8139813433662051
1562.73889214,0.8939266328523519,0.8199867236723496,0.9066778792880693,0.7344273201458545,0.46906934002528256,0.4303379209973786,0.8514763181583137,0.4189850905744155,0.3587648928032792,0.3261905885667162,0.619356253408466,0.8315022001529311,0.32449845190102394,0.42534316307677567,0.9308605162929973,0.6036569743938303,0.5369801283583909,0.71273068347237,0.5159509953469,0.6258901409616168,0.5041212710172489,0.8314208087232131,0.6539433726657218,0.7717985854187187,0.8226031756916086,0.7884460909400606,0.8469871993451031,0.4216909938226024,0.8155222738234049
1568.7434192,0.893807028824291,0.8206420068026864,0.9064100206593196,0.7348727938528905,0.4700236177264359,0.4361464081654512,0.854762780174624,0.4200546775395677,0.3521392457803093,0.32926399971562026,0.6255354355085286,0.8316868865115257,0.3250599679319871,0.42683095079620526,0.9315220502270295,0.6053224544823098,0.5383827909914396,0.7132491614735619,0.5169669569348283,0.627153249090917,0.50541733126568,0.8345919009362998,0.6550343190452355,0.7717968774865687,0.8267570253573258,0.797743781960626,0.8499255653360506,0.42138147494239625,0.8167958488771961
1574.76691423,0.8938970727894072,0.8215720135134728,0.9060785137799349,0.7350765682387127,0.47084737416776673,0.44148881597792045,0.8578256722075858,0.42116259429275366,0.3454851442495423,0.3325801789384042,0.6314747996097236,0.8316120798432242,0.32558125398572263,0.4283359407749167,0.9318654870049623,0.607062799146453,0.5400611292236926,0.7137300254453075,0.5177807284461695,0.6285189519600782,0.5065079610662218,0.8370132140117017,0.6560385538330286,0.7715605599645813,0.8305697429839848,0.8056718988036519,0.8530069783191978,0.42045110452392354,0.817989202138697
1580.80672696,0.8939283033796113,0.8221551495723072,0.9062262071366036,0.7352300853498145,0.4714661491155828,0.44665001368564133,0.8611461926584658,0.42221107324235513,0.3388968998577159,0.3357794079606228,0.6373425460067265,0.8317835220826265,0.3261330398935977,0.4299477880069268,0.9323059113456069,0.6090026465911341,0.541887957290015,0.7143027162825832,0.5184349913805726,0.6290741339954007,0.5074448808094875,0.839383037831829,0.6569851348887941,0.7709691056122723,0.8335274764025018,0.8131523715567401,0.8557634167362501,0.41888680248886057,0.8190130979400946
1586.85843732,0.8940555292167319,0.8225308759472328,0.9066491743759196,0.7353283005848601,0.4719828892879469,0.45163070712100983,0.8644252344550664,0.4231509911388208,0.33253999370877496,0.33910473778653083,0.6429469747419586,0.8320932155591503,0.32662491373003294,0.4316045740233001,0.9322536807233291,0.6107602814613228,0.5438110175393768,0.7147028060869203,0.5190913902796704,0.6297218387158164,0.5083553825407281,0.8416953471681718,0.6576385517275286,0.7702919754142171,0.8357328686561785,0.8200042150848665,0.8585990120876484,0.41665300861285814,0.8201269965777404
1592.92202448,0.8945276604423963,0.8228042392991601,0.9068950099700469,0.7355520698593333,0.4723783179211255,0.4563050545012309,0.8669338934225093,0.42397431801033714,0.3263161953138073,0.342461783827714,0.648198941128581,0.8320552963432873,0.32717935262634473,0.4330945175594827,0.9324587196184762,0.6123838539312322,0.5455597181745292,0.7151574743397914,0.5195858053251987,0.6305748956745221,0.5091423020290301,0.8441341396148299,0.6582245603565261,0.7695779607784412,0.8379847010569993,0.8262586272191553,0.8611924712940587,0.4142172139605583,0.8210123528727935
1598.99746754,0.8955123426945757,0.8231013131307379,0.9062489951638201,0.7352430773634204,0.47263849553169557,0.4606606117500169,0.8682461759850875,0.42470702328120197,0.3200446918549797,0.34574127908600194,0.6533431403524915,0.8320107879841947,0.3278257392554596,0.43468630471667,0.9328995562599268,0.6137374096201501,0.5471697747955429,0.7155028885894602,0.5203665804169744,0.6318131890965465,0.5100369279904821,0.8460195970090799,0.6590761806143834,0.7686880116676146,0.8407610059462312,0.8326053900497135,0.8636663920892168,0.41182179050514817,0.8219817452329002
1605.08474557,0.8957684523413827,0.823475583393314,0.9058085952142074,0.7352583685472659,0.472764068790524,0.4647425961608539,0.8698517918797186,0.42544521630823817,0.3138340348713936,0.34884347029692786,0.6584115117465735,0.8321048781144328,0.3284751556461574,0.43620990066611565,0.9331886654538201,0.6152373004088603,0.5485386621022555,0.7155571002995812,0.5210267563210627,0.632640366065118,0.5108329912107866,0.8475939923064826,0.6600349417042872,0.7672174995724775,0.8430960586401852,0.8389320982880278,0.8659511077742461,0.40957909472910814,0.8227907941859178
1611.18383758,0.8955744660617128,0.8236869232678079,0.9060459237902256,0.7356698073915381,0.47285673619703716,0.4685858032536571,0.8716092207615381,0.4262466099648883,0.3078137156380656,0.3520207472787415,0.6633950307981362,0.8325129240985404,0.32908453533406157,0.4375756809683625,0.933200305166991,0.6171193385264793,0.5502586361956755,0.7154744823708965,0.5218639095411158,0.6331573582448196,0.5115419423034726,0.8487591999322404,0.6608028303070472,0.7663655128198917,0.8446524875869518,0.8451150768004705,0.8678132176264864,0.4078471873500791,0.8236365589986636
1617.31109985,0.8955443094707785,0.8240737866600835,0.906572997465781,0.7357852917003507,0.47274957802523543,0.4721363356198852,0.8734424221837522,0.426686209509395,0.30213420653717205,0.3552493059083682,0.6678950829649852,0.8326111179439186,0.32953928670469346,0.4389271535394276,0.9325992203107204,0.6186288297635452,0.5520342947508341,0.7154077647633097,0.5224151098780558,0.6333834066180444,0.5121628640736041,0.8501148120649242,0.6614179624891434,0.7658119030613915,0.8460377253406999,0.8507798789626664,0.8693462364726163,0.4068496758300436,0.8243538624210653
1623.47024896,0.8957194656708461,0.8237622020410583,0.9069965688655287,0.7356694517819202,0.47267538964573996,0.47559277589313964,0.8748316839443234,0.4268618738298193,0.29651786303667643,0.35845651457822825,0.6722813815283842,0.832373554616579,0.32982240152659187,0.44030725430306594,0.9317327878332928,0.619887539639134,0.5536138994264214,0.7149821945604218,0.5229026167826191,0.633187674697777,0.512685323453069,0.8513448261633279,0.6620046959030019,0.7650714533675237,0.8475220516739492,0.8555851438670614,0.870751573463397,0.40650722908644715,0.8249840113902802
1629.66154068,0.8957908045274285,0.8236247728715108,0.9068520332969466,0.7357592350371047,0.472439685139648,0.4792271875922181,0.8755587084672862,0.4271524555047395,0.2911646017948568,0.3614731784641889,0.6764641210030106,0.8320875526853982,0.3300050384373369,0.44173305082800296,0.9311912985627243,0.6213055059194332,0.5551278449170389,0.7145460765238929,0.5235745106722591,0.6332549442614197,0.5131699111845048,0.8524678687021359,0.6625122995914973,0.7640366563522372,0.8486343758934269,0.8600271873845423,0.8717715643006061,0.40674563161707766,0.8256122562898299
1635.88523392,0.8963692941121592,0.8229147855748175,0.9064203135059956,0.7358219291597909,0.4721301839285535,0.48275974079339135,0.8758921684234154,0.42740713088953936,0.28603310288901457,0.36464966045982505,0.680648708483152,0.8320266901532736,0.33022533481659144,0.44323594369621594,0.930808275476895,0.6229725038554312,0.5564189844920119,0.7144286429183532,0.5241837134127668,0.6337373204174392,0.5137924831631792,0.8537287308486392,0.6630281142688297,0.762932519630634,0.8493825560445133,0.8644741962438006,0.8726046247518175,0.4077744259344768,0.8259925403157873
1642.14159076,0.8968933868797561,0.8221709518690717,0.9059131048749773,0.7359691244069007,0.471554955920735,0.48636248255415493,0.8758041046623566,0.42791602608724183,0.28106941867053076,0.3676541862736265,0.6845793367567776,0.8320805196930529,0.33044726679054864,0.44473765928691283,0.9307685791472146,0.6244674270403404,0.5575031673306559,0.7141310193469267,0.5248744891284001,0.6341114281428349,0.5144622971066471,0.8546643726566054,0.6635277042059056,0.7616173540107474,0.8497218980429513,0.8681542793057734,0.8737977830672106,0.4093960720458607,0.8263031015393589
1648.57498892,0.8969392258018286,0.8214852531070005,0.9055440148267705,0.7359744159778315,0.4710075889831576,0.4900271534755659,0.8752795232645834,0.42822197746670915,0.27625117809905186,0.3706250664733898,0.6882491941915604,0.8321592681527596,0.33071358625917197,0.4460421447394749,0.9303481696769557,0.6257026702136756,0.5587310269233677,0.713981089473566,0.5254032397379004,0.6345045034275165,0.514896421269578,0.8549945701966243,0.664067766416403,0.7595934988800659,0.8492745726707385,0.8710386069269335,0.8737854190802301,0.4109413794644328,0.8266211278384545
1655.33520858,0.8967608185303773,0.8207002225275044,0.9058146547326451,0.7359525208055103,0.4701082369210949,0.4938267539770407,0.8743367480203265,0.42837701600698497,0.2714408447112722,0.3739789702245591,0.6919132244824403,0.832013828910922,0.33103516499864616,0.4475082579810435,0.9300373386169147,0.626486405035918,0.5598925962301041,0.7138438110419488,0.5258408373562753,0.635111777729801,0.515409673479796,0.8545941949742488,0.6646431039464351,0.7568268291960282,0.8481469090832982,0.872959632486596,0.873616599981895,0.41168518907860757,0.8265704001558466
1662.47344048,0.8965447360514813,0.8196409034478,0.906287622475028,0.7355160597005981,0.46909399714420685,0.4974181615700414,0.87222476232018,0.4282834606312411,0.26640182837875664,0.3775121766785653,0.6953891140006708,0.8316748999421884,0.33136742159437865,0.44895876682301883,0.9291267263375584,0.6272876081824502,0.5608718921622406,0.7135072624900647,0.5263527239043814,0.6359217721581604,0.5159196764768996,0.8535421427829997,0.6653125118041866,0.7537763206279592,0.8450176105179028,0.8740195663743763,0.872988498295769,0.4121349058262017,0.8262854533332277
1670.05561049,0.896653105864973,0.8190327611085473,0.9073598027635574,0.7352713408173931,0.46812748193356385,0.5007070561159392,0.869192481809531,0.4284130298101731,0.261237845040474,0.38063441155711686,0.6994501797955557,0.8311701312356865,0.33163439664210687,0.4504230039684941,0.9277738284056097,0.6280031601730318,0.5618504696068558,0.7129879435954409,0.5267744103224039,0.636503398204224,0.5163389508490032,0.8526902888208662,0.6654655281760957,0.7490835268380281,0.8408521090385918,0.8737553602391352,0.8723256938305834,0.4121581425356507,0.8257375440870802
1678.16902352,0.8969804031219777,0.8176418119979276,0.9067878002137124,0.7351226834928495,0.46679932362621773,0.5046749177599307,0.8654939244627827,0.42833487931630787,0.2555326127004144,0.3839032224353304,0.7034926472206992,0.8306727218188021,0.3320671908501995,0.4518094561431519,0.9273641807772925,0.6290799609266161,0.5626515235559032,0.7122528101986773,0.5273811369543914,0.6370672155144786,0.516833124160952,0.851425971183991,0.6659008590937607,0.7438514977660361,0.836512324166706,0.8716961600292189,0.872103911796011,0.41201505776758196,0.8245239615899843
1686.55255666,0.896941698984809,0.8163416611201614,0.9061817781765154,0.7351653567251392,0.4655122179871871,0.5097052834813675,0.8616249015296007,0.42834189500947667,0.24991050740162898,0.3871854621720668,0.7069877785272218,0.831400963149089,0.3324817976774186,0.4535244521068537,0.9264515608637376,0.6305924237793281,0.5642578105183864,0.7120635083853322,0.5279974255274361,0.6371186359176597,0.5173448342091476,0.8502886009901494,0.6670735214766146,0.7382405231583009,0.8322176234685194,0.8672123123915151,0.8729626706925506,0.41186459507049467,0.8229263539864864
1694.9652068,0.8973314019385821,0.8153323907524379,0.9064569894294916,0.7350201259943081,0.46405476420616676,0.5160208779735809,0.8566170069905891,0.4280388352511269,0.24453020617274426,0.39033210051886463,0.7103587425069979,0.8327669799808226,0.33277960980707594,0.4552066424766476,0.9258839826622914,0.6320352441642498,0.5659922386307251,0.7112794926605038,0.5285532637531665,0.6370783356001741,0.5178133572277848,0.8487503906496104,0.6691127383583249,0.7321662278979126,0.826599442532378,0.8598992323469353,0.873512967545821,0.41156237268727835,0.8214614727587674
1703.40698655,0.8974364608715654,0.8144088336993144,0.9070657914596691,0.735130707854005,0.46228124298379,0.5213548479478313,0.8502948889305213,0.4276409943680009,0.23974889576693031,0.3932922294173906,0.7135890442983203,0.8340280544234242,0.33318643189559116,0.45691954882972136,0.9252992587206946,0.6341300706670442,0.5671353255845946,0.710681551685247,0.5289254329299178,0.6370432161365989,0.5184502652617542,0.8456823914872348,0.6704722372413038,0.7248203520281322,0.8198960589992484,0.8480276835881774,0.8746003201061452,0.41159571001111844,0.8193614276926062
1711.87790799,0.8973494469102511,0.8135840132589592,0.9081012404159116,0.7346794957456282,0.4603681873928075,0.5257908613152135,0.8417995037212996,0.42722847848335027,0.23518274479239018,0.39639466074585533,0.7165812628168684,0.8336989833210335,0.33359993041829916,0.45808950254777164,0.9243639144394116,0.635747077465135,0.5677064647196474,0.7099197149484117,0.5288855155109496,0.6369956623667544,0.5187557112870476,0.8424102308028822,0.6697456176471887,0.7150613009665272,0.8111951435532646,0.8325590889784136,0.874770668028023,0.41199262726843267,0.8178559628581086
1720.37798277,0.8971320849035498,0.8122347673721853,0.9088063552150508,0.7344547243839027,0.4581019454732552,0.5304238848237098,0.8312485286685845,0.4269010155804601,0.23077061693035858,0.3994270467810856,0.7194803819502366,0.8324878856943734,0.33387414249522074,0.45911582238749155,0.9230198567947389,0.6373738128540654,0.5682007886748873,0.7089867338325873,0.5291964648138501,0.6361569498340568,0.518719497778153,0.8382547883899993,0.6691163881370973,0.701302970021649,0.8007019428848299,0.814553804221442,0.8743224642500618,0.4134303089679008,0.8163980005252678
1728.90722205,0.8965289675544675,0.8115982569001995,0.9091588268039523,0.7339704330991729,0.4556823777182596,0.5357369619872346,0.8174624700729111,0.4262790649164189,0.22648086006606952,0.4019913025595871,0.7217227272514416,0.831790905162889,0.3340801286237867,0.46018340438194844,0.9211837258127038,0.6385669693921222,0.5690668075691939,0.7079296457596226,0.529442196331245,0.635416152648051,0.5187519505402193,0.8333398416169745,0.669149000011494,0.683244339732695,0.7883460887426729,0.7954303844929458,0.8735312448407107,0.4154546857976632,0.8151615606148198
1737.46563653,0.8962968897763242,0.8109089342066079,0.9102510108846915,0.7335872081697852,0.45284137687640635,0.5410810013765808,0.8009193523842854,0.4253851020655273,0.22240847194702104,0.4044948666548219,0.7236880586227487,0.8322639445500969,0.33402570863660985,0.4612483214640003,0.9199597810867646,0.6398605062072139,0.5699465449322937,0.7063259670922445,0.5293932447385412,0.6341026788532368,0.5188220831756907,0.8280445992246641,0.6703857291035419,0.6621725440189309,0.775560719906256,0.7773017777300189,0.8718909116704233,0.41819560478922013,0.8134539231676063
1746.04891596,0.8956428112049036,0.8099878963874839,0.91020761155695,0.7333536402416949,0.4500622794346023,0.5460676991560167,0.7800124878411054,0.4243394425508762,0.2185650417772057,0.40719817171210365,0.7256333366575723,0.8319277958177732,0.3341168988962325,0.46236613427889234,0.9179633067361451,0.6412274192511589,0.5708499992204629,0.704610406474996,0.5292308015342693,0.6327149645874214,0.5187282455844733,0.822097170769597,0.6707718251950209,0.6411090298898381,0.7630891915892059,0.7639507693261712,0.8704128148199803,0.4213083013164939,0.812249059116051
1754.65358123,0.8947835097979961,0.8094774781443486,0.9099891655159363,0.7335066296177879,0.44709219488931906,0.5502830034537561,0.7565873009922313,0.42293802367277294,0.21505224258845498,0.4097176019410681,0.7275739529498557,0.8315253335205157,0.33395329240241733,0.46317067315010413,0.9156263393970894,0.6422432832666904,0.5707880540767496,0.7031504749290279,0.5288041175067356,0.6316722078239642,0.5182980799397865,0.8160018255774978,0.6710554749842195,0.6243346164007255,0.7523508262731408,0.7586863761425956,0.8688313215388201,0.4247115290410532,0.811405535817963
1763.27958128,0.8940110269713349,0.8085206226488019,0.9093019126353388,0.7334165397639162,0.4440917983785835,0.5540966756663066,0.7330137973451358,0.4217846866808389,0.21176184790259614,0.41200392329612867,0.7290610766512199,0.8308973259396903,0.3338998661863631,0.4637206432012206,0.9132354749218748,0.6436848182773978,0.570824516001007,0.7016127134956097,0.5284520225484945,0.630772289990822,0.5182151502602577,0.809650185411547,0.6704551674031791,0.6156977462706809,0.7442629277968454,0.7603719238157209,0.8669653342146221,0.4285287801421733,0.8104390903597707
1771.92686491,0.8939234648066913,0.80688116171629,0.9077856764594749,0.7334867642865894,0.44109376271500056,0.5579321160286658,0.7122076512845673,0.4204057815990268,0.20869081089670782,0.4139528827072685,0.7306974311923679,0.8308441753230869,0.3338013405043177,0.4645575108476318,0.9104501178749405,0.6448304569104213,0.5710017291502651,0.7002113604163395,0.528060152263257,0.6294318871281782,0.5181388727146692,0.8036377612996759,0.6690634497324662,0.6191246765929665,0.73970347020885,0.7644072491639683,0.8647582445445096,0.43184911777043095,0.809666569324752
1780.59538078,0.8930791462231921,0.8052874871665135,0.9064130445261797,0.7334222858458322,0.4383845295823247,0.5624373417779301,0.6971933923472516,0.41884891316542006,0.20573161629147121,0.4157619728803054,0.7317474758727587,0.8309797109084494,0.3338199569561545,0.46557110285947445,0.9068733187976751,0.6457861074058284,0.5712492674990606,0.6988773004711241,0.5277771985365446,0.628431708675046,0.5175569274341869,0.7978424823039649,0.6681837149417614,0.6358081120397704,0.738997072986608,0.7695308438890816,0.8629096218254579,0.43549820558920804,0.808189842895723
1789.28507741,0.8920033903401273,0.8034095893975208,0.9064024650838486,0.7332958063526018,0.4359618122438936,0.5672279971720766,0.688975819429659,0.4172445096953727,0.2030253782912266,0.41764061148758497,0.7330471693350946,0.8310518749235956,0.3338156736738841,0.4663632390938753,0.9039022155396711,0.6472641980906669,0.5711447292911981,0.6973162041843313,0.5278367771348503,0.6272123742715766,0.5168924162191698,0.7921047200340069,0.6671933914209494,0.6602888032447227,0.7418602873227186,0.7769520305769394,0.8604371495890945,0.4389507319836026,0.8068822502741366
1797.9959032,0.8914980000066861,0.8011808125893539,0.9060812719924561,0.7331225978112553,0.43372742542604775,0.5701865918423116,0.6845570294999386,0.41563937248368127,0.20055684774317115,0.4192459713115785,0.7344160839923165,0.8301589048372308,0.3337762650422166,0.46703607832977007,0.9009067341935626,0.6487506421892064,0.5710644612580221,0.6956798603721821,0.5277867876026227,0.6258894249505128,0.5163782743255095,0.7864219126343853,0.6648390534791905,0.6842304066796522,0.7466403601254564,0.7860168256578296,0.8577156717306729,0.442200113889691,0.8055106768586403
1806.7210252,0.8909765073737637,0.7990500797151423,0.9061786045748892,0.7323871590049247,0.431455533612452,0.5704859182806196,0.6861241744369017,0.4138653545639264,0.19866143453243704,0.42062456888378374,0.7357291475146224,0.8290740743098766,0.33388198937381935,0.46786700191608005,0.8986351319030931,0.6500845337819635,0.570275801424411,0.6939261157428709,0.5279726918213453,0.6248292332329016,0.5155139417469081,0.7812733816046757,0.661855423004805,0.7001845070895631,0.7523084811262507,0.7932743757993679,0.8524951278645321,0.4452496613780374,0.8038086565183501
1815.45600983,0.8906550608313489,0.7963223441942014,0.9049217957904817,0.7315885495051717,0.42902911011994704,0.5680313048817416,0.6940042464418156,0.4119830539439425,0.19703790755326034,0.42198861681169175,0.7365636015126583,0.827950719582153,0.3337261556841873,0.468458489354815,0.8965507683090125,0.6512562195987862,0.569284338800509,0.6916181041776163,0.5276773590016524,0.6234187280137615,0.5149792123205525,0.7751969886637845,0.6585253749215172,0.707642841152525,0.7556770434588608,0.7977998081589331,0.8447895498657128,0.44763091545999417,0.8021549872156092
1824.20079533,0.8900302864988933,0.7939097660197124,0.9043626215028097,0.7304388342286496,0.4261777301250436,0.5648323129173697,0.7023729047881067,0.4098515867339771,0.19563242870329647,0.4236030654450553,0.7376974889349023,0.8267951053163465,0.333636738640081,0.4685289628445391,0.8953656099108717,0.652230516570709,0.5682141666761265,0.6894095703006576,0.5273354901309935,0.6214827741556407,0.514126598859208,0.7694742967731107,0.6553935950046327,0.7103177924290441,0.756406987721084,0.8000795058362603,0.83347191734504,0.44855892086775023,0.7994673689426897
1832.95532041,0.8888753020896797,0.7911089860337477,0.9046868699296096,0.729494487044439,0.4224854848086636,0.5646912238751568,0.7069805737001215,0.4075672232337614,0.19415497601401574,0.4249385479712605,0.7383936994557735,0.8251255219610917,0.33362069889680673,0.4687397030439188,0.8938082293989326,0.6526330177353108,0.5669648518282324,0.6860063243530259,0.5273949146531793,0.6189076151995039,0.5131152632002023,0.7615746915142847,0.6536293429812304,0.7102051005831173,0.7528561169715047,0.7987317424120662,0.8164745791248974,0.4478218071076657,0.7959629904769475
1841.71952428,0.8873639149696962,0.787701422687702,0.9039666290752236,0.7283645034005264,0.41710440596966,0.570441826246033,0.7039218474844657,0.40568010246472785,0.1930615840481883,0.4261671907784492,0.7395094712195789,0.8238153332175027,0.33350297594507483,0.46815154356069005,0.8921217918489373,0.6526888028476047,0.5661525474993818,0.681822849130507,0.5263330400759195,0.6149894891902832,0.5118445858180085,0.751268711330176,0.6519225167231791,0.7075228458170446,0.7448171464650722,0.7934320786913363,0.7973759502700617,0.4446126212338821,0.7910720685098801
1850.49334662,0.8858219639312359,0.7839783760874115,0.9028738732219835,0.7274917810744193,0.40933893388764836,0.5795096338857033,0.692841584424934,0.40362134231891833,0.1923838830406116,0.4273340210416827,0.740512155574501,0.8219522489502629,0.33354360252820936,0.4683641578201873,0.8903038369913949,0.652315275709604,0.5653641652550524,0.6760240299944063,0.5251076250030341,0.6094804510935983,0.509559174942582,0.7366747614377293,0.6493120228570911,0.7034990321843382,0.7326837692782217,0.7831169503962653,0.7879980647998895,0.43860764667185387,0.7847987675944257
1859.27672761,0.8848626212291404,0.7815147780902204,0.9018765661002275,0.7261049365642582,0.39722823950034,0.5866013215460082,0.6723219015751868,0.4011488367007935,0.1920209857435061,0.4281810419603,0.7417195420784928,0.8184041395958103,0.33351601191981234,0.4682552161783405,0.8881369386734977,0.6516208924129705,0.5644760164662489,0.6672544239203051,0.523415288709948,0.6015283732184447,0.5060564012759279,0.71408117325996,0.6459365418696311,0.6977930488313061,0.7158755966179561,0.7664115330772076,0.7927301989584216,0.4288882108440887,0.7750599603767925
1868.06353858,0.8822808350160112,0.7780649931542142,0.8998806180768532,0.7246874815024537,0.3782166046304489,0.590878860505311,0.6391779962715992,0.3985331687710882,0.1922846075357468,0.4290885543001381,0.7422739200779459,0.8120366831021353,0.3334541334346043,0.4680746974167387,0.8829896508445886,0.6498772772277099,0.564036342995032,0.6542367154172607,0.5217201213572467,0.5878069605697768,0.4998522175017715,0.6799800720141692,0.6407677541373923,0.690414006861654,0.6927026274961315,0.7422057630743673,0.8060262031173546,0.41489644342172044,0.7616121321198481
1876.84916726,0.8805601429690495,0.771391725070725,0.8979045863706107,0.7210622653863935,0.3502794629392473,0.5944822706093199,0.5909150619552828,0.3967042888371899,0.192657297393194,0.4300877979833564,0.7432116092013704,0.803005233369947,0.33340026855955623,0.467737526105426,0.8744628872266658,0.6450851438052508,0.562915667092835,0.6363749346521029,0.5180096335195986,0.5643917794460054,0.49015405965370956,0.632231112113432,0.6326704515965236,0.6800684308399059,0.6612996113223674,0.7092446858513369,0.8229570728565182,0.394523897353351,0.7434366113456128
1885.63362519,0.8801535270509412,0.7608086551285068,0.8947197011535564,0.7188805150260813,0.3139431501899309,0.599178677574321,0.5282016940561369,0.39434687162568116,0.1933444073695508,0.4307336453466195,0.7440222731765994,0.7955354052519817,0.33320611472187306,0.4678031639975547,0.8646797818478112,0.6386926197470693,0.5621503149083292,0.6128037044582959,0.5125398357185733,0.5291024642189982,0.4739083831991353,0.5670454562436236,0.6207819944178142,0.6676594808681431,0.6200873816078698,0.6705882673218624,0.8362843332457194,0.37001411923526856,0.7182584574624038
1894.41692373,0.8810109270787971,0.7483054548249628,0.8910094317231593,0.7170985030179365,0.2781008611122611,0.6056012622461815,0.45628705084201426,0.391503941760018,0.1942096621560691,0.4310491806057038,0.7440038333582586,0.7942412909192603,0.3333512479159419,0.4684684627132618,0.854989398024704,0.6294187657273488,0.5612874414929208,0.5860520078428872,0.50657627355648,0.48591337640983134,0.45161164656326896,0.4978048400956624,0.6064392028059141,0.6546656044690539,0.5679594352579423,0.6281818431597302,0.8428688155617162,0.3431106206131149,0.6860618865925006
1903.19907409,0.8806009215017264,0.733497433144578,0.8861000292562694,0.7145158685614889,0.2557187108524982,0.6111827626802517,0.3881389795200677,0.38880656132236296,0.19519975790192745,0.4316243993558426,0.7448853245726917,0.7947612134171539,0.3332262730762505,0.4686726841547351,0.8457934049625542,0.619807467554225,0.5596891751448428,0.5622834453050833,0.49977468112653306,0.4534733366563161,0.43233794450208285,0.4490406267829492,0.5941111958904453,0.641043755750479,0.5053223065950001,0.5833629614138506,0.8441636376101893,0.3158005650617902,0.6468658029825416
1911.98008732,0.8805300760787532,0.7186035937168249,0.8819047211368062,0.7123629551489488,0.24826305877040894,0.6150466205039367,0.3517343511435235,0.3862919136093937,0.19678055649910192,0.431970549628729,0.7451516640305682,0.7939221671988305,0.3333360693523708,0.4683960121911039,0.8375592269919928,0.6145080025310328,0.5587197692216761,0.5462596636839581,0.49364450476795957,0.4493575581084541,0.4270755196213222,0.435904806042597,0.5889451597702233,0.6271408747745798,0.4446489320428113,0.536404276376383,0.8418261083033629,0.290412047382809,0.6059208939429075
1920.75997429,0.8800098904829075,0.7051428526628711,0.8778067394789806,0.7112259671311322,0.24882273479704647,0.6167302491165976,0.3618061442359585,0.38339619089190063,0.19866800756781047,0.43203297732126833,0.7456308267563355,0.7927686343379131,0.3332904596506636,0.46874450556152686,0.8332462244502439,0.6152374839225304,0.5576098117370099,0.5386247454377026,0.4902154898411412,0.4664187290154634,0.4330860088949191,0.44790820012689414,0.5895777310867554,0.6145032802736905,0.4087547808282293,0.48736585203304034,0.8382686885192389,0.26968757591888615,0.5711186254618599
1929.54914243,0.8793396990041465,0.6940905285276591,0.8758253498790937,0.7103499087623171,0.25247213810101193,0.6153987434943946,0.401043783630658,0.3811579163632742,0.2009688323783412,0.43242676212403885,0.7457431494415954,0.7916170734636612,0.3333569015425594,0.46831067678378596,0.8313424023703526,0.6181571543213793,0.5560120832567114,0.5365780719142647,0.4889775171329235,0.4865961420506399,0.4432572157183938,0.46840272862425525,0.5922017375951301,0.6045911194374267,0.4091722714806697,0.4384546350151193,0.8346334143470729,0.2543517368595979,0.5488341068770786
1938.35679058,0.8788345688847328,0.6862540891928424,0.8746323389911186,0.7106280347531284,0.25721980400170313,0.6116261534359129,0.446049379404023,0.3782453332123355,0.20325612754845904,0.43257331100915714,0.7458010335992488,0.7917674369810904,0.3333191808302033,0.46806181841035177,0.8321148195355315,0.6221343957007792,0.5542606954500906,0.5372818227803944,0.48847423441177823,0.5012833553122835,0.4526885107524513,0.4865897352176035,0.5940556888367544,0.5969558767222004,0.42994140298293093,0.4002801620783746,0.8314345422146371,0.24238580422978526,0.5401163041211816
1947.18286652,0.8773019150690542,0.6799004964422748,0.8734504505552098,0.7116686866048492,0.262842286192365,0.6092788427573618,0.48826747188181896,0.3757624234200511,0.20568954822249572,0.4329514032841739,0.746177765953725,0.7921251610543938,0.3332910613572594,0.46731277611838884,0.833373456947127,0.6249727974073488,0.5527723370839124,0.5393497923197675,0.4882100365436925,0.5107755399738376,0.4604968439413509,0.5011828618197635,0.5953439058826493,0.589448290852949,0.4532004589314733,0.3851677927862785,0.8289559082804052,0.23083483503929908,0.5417344500157812
1956.02731804,0.8762015321905313,0.6745180262818615,0.8730939780840518,0.7126621098400812,0.26906115130071806,0.6141956033887268,0.5265957261484385,0.37270276358228743,0.20856654810680453,0.43331569422105237,0.7467242531097742,0.792348716203824,0.33349068934313086,0.46658547764154684,0.8342689822576476,0.6276545946063458,0.5513220227887555,0.5420335411801951,0.4880651995100803,0.5175901973164811,0.46672955335588845,0.5140788335955714,0.596973464704743,0.5827872366282032,0.47881739228479003,0.3951014447854389,0.8276406769260836,0.2195153642431929,0.5499509600286073
1964.89009294,0.8746949779596941,0.670741545937795,0.873875637330924,0.7143742840703143,0.27602602407711974,0.6242582905927697,0.5641237897012902,0.36980052974209565,0.21182637186785463,0.43381451782364044,0.7472749132440927,0.7938418744204748,0.33355796954550593,0.46626367562677096,0.8361370998161782,0.6310892066819295,0.5502276144640679,0.5446530606345562,0.48807710125498727,0.5246143980874803,0.4717339789296029,0.5268618076202464,0.5981299255896426,0.577696489846866,0.5048938220116486,0.41819588734849666,0.8281651290948084,0.21052581974307907,0.5609171424017243
1973.77113898,0.8744391730024786,0.6674505199665708,0.873690519060986,0.7153957386776492,0.28384966384602206,0.6342762754984788,0.5982371215445923,0.36687804819329006,0.21559970327254727,0.4335952501299386,0.7475267028838968,0.7957955593014595,0.33346383485859155,0.4656552628033448,0.8379351267807665,0.634096613468585,0.5488399007659293,0.5485356678502048,0.48744843777665886,0.5316314515955872,0.47612995321831814,0.5417896259624301,0.598027925110246,0.5742087437576474,0.527287812606337,0.4397232344776001,0.8273328678033856,0.20627742383683736,0.5731983796463208
1982.67040395,0.8734057150293963,0.6650468143902409,0.8753644641921656,0.7160008608511098,0.2919597585519493,0.6403477398773835,0.6284349717692899,0.3637772212207216,0.21967480659322877,0.4341279026380655,0.7482721309194006,0.7967849937808663,0.33347383076036236,0.46523115239115476,0.8384694866121044,0.6370960592553075,0.5470845543002921,0.5532079366395757,0.4875244113174204,0.539489575256546,0.4801452193417245,0.5579071145254353,0.5973187579281867,0.5691106410886949,0.5485455901902052,0.4634445225856782,0.8271825842453931,0.205229748992599,0.5860209033444805
1991.57932378,0.8725822876569277,0.6643020154864877,0.8768097780434274,0.7169145129324948,0.30037075425811094,0.6439679965720302,0.6521985527948869,0.3611927848604107,0.2241014804277934,0.434720361359542,0.7487487521729641,0.7985914444646107,0.3336739889553235,0.46542338516997894,0.8392926816357895,0.6400804776916729,0.5459421687513489,0.5591264150141819,0.48899962818231885,0.5483956704198476,0.4838203159285985,0.5749013926066178,0.5952483721545757,0.5603897471459492,0.5724195006966936,0.4959736933006183,0.8261498172623973,0.20589306065099347,0.5989428206177254
2000.48893957,0.8728551230099293,0.664252409017997,0.881221658244318,0.7178015767307752,0.30830656425130976,0.6467166131564612,0.6704193259389342,0.35822275047820235,0.22884043552454453,0.43486726606528026,0.7501897719276353,0.8002376041035439,0.33368291887677237,0.4659902285903392,0.8386101103363249,0.6432304960585419,0.5461892648149248,0.5655862138714591,0.4904018441744659,0.5569790626768534,0.48747027672654547,0.5920618638649044,0.593109261609813,0.5494074686899171,0.5990790940657362,0.5403894003240549,0.8244542230131797,0.20599237124018768,0.6119155969034128
2009.39924527,0.8733379193674646,0.6638634394442223,0.8852338699512722,0.7179744339380187,0.31567802851225246,0.6492581813922681,0.6841463002196786,0.3556088144003005,0.23407324102588756,0.43513214267754313,0.7501190271042895,0.8013009466762058,0.3339657753441151,0.4674881794463176,0.8385867619866212,0.6462235680463216,0.5476011950009104,0.5711842304738505,0.4922938019814153,0.565028939861199,0.49086243777487615,0.6082207961786502,0.5926020367446161,0.5397423316855663,0.622895703856228,0.5868830710150428,0.8236466679143617,0.20420315958610114,0.6234505416632011
2018.31023493,0.8747306784308493,0.6638949283593321,0.8884707885110966,0.7195652628838793,0.32264966794366884,0.6508514897984627,0.6932230056959516,0.3527907731280423,0.23937539696384266,0.4358378720072443,0.7499447819101288,0.8026729576026023,0.3340320689492054,0.46993571755622815,0.8379530054532927,0.6490387772760546,0.549724919880321,0.5776140132709994,0.4940037610088986,0.5719489785375402,0.4944131240168805,0.6230154522497676,0.5954764579078757,0.5339672822701265,0.6416224770194501,0.6226647895327673,0.8210327964940156,0.19986995323107337,0.6351278523204223
2027.22190266,0.8758781410445603,0.6637093417437856,0.8908690769656646,0.7199069809688414,0.3283866277471745,0.6528205434066259,0.6995384711903487,0.3499346138580326,0.2451661066063449,0.43571917080708106,0.7510447589837428,0.8047170675897444,0.33394744937214305,0.47218405512078526,0.8365866739827973,0.6516179557182044,0.5526784068545707,0.5827625273612541,0.4961593399634267,0.5778946976377389,0.497481361108292,0.6361651877600268,0.6008410242271123,0.5294596112874391,0.6541609721606467,0.6478085314372823,0.8175938924027993,0.1930037963501935,0.6441507134455573
2036.13424266,0.8752541871960428,0.6648932148572082,0.8933798514564381,0.7205996447597065,0.3330961595906864,0.6549994462681246,0.703577350207529,0.3469157602684894,0.2508651034443357,0.43599435279328885,0.7515175417339577,0.8058603092101569,0.3341642476771467,0.4751503177798142,0.8341393994253855,0.6543669217073937,0.5558653709188066,0.5879400571720645,0.497920339535047,0.5823407412267042,0.5001121163287301,0.6472180008124699,0.6025956209692509,0.522997691380452,0.6619763810231584,0.6650591092937789,0.8141389615120955,0.18488506033777105,0.6527292106844991
2045.04724919,0.8765548117495056,0.6659287400465661,0.8954334720950523,0.7213878883138355,0.33712207554825147,0.6574588256614297,0.7065884369737242,0.3443002491968424,0.2572535884298425,0.43608135372876095,0.7516125996267826,0.8081168891510615,0.33425796638524063,0.47758479931348874,0.8308927455969811,0.655991755893105,0.5583347005954176,0.5929636302099367,0.49951756074228765,0.5863787156724887,0.5026496999210717,0.6560073639327464,0.5999380988596562,0.515819997225744,0.6661411929462984,0.6769032760208907,0.8090099181682872,0.17690156210257446,0.660423157613039
2053.96130725,0.8758087147633483,0.6674239032800047,0.8970693311992173,0.7209664590299159,0.34041121501281013,0.6596303990324004,0.7090894289598693,0.34165505584279754,0.2636043272069873,0.436149493530101,0.7525878229464986,0.8094444873346109,0.33421767298218363,0.4799710340076677,0.8263507962981002,0.658122475868942,0.5592575935641175,0.597434290768281,0.5012155286557319,0.5886877680451726,0.503988186117036,0.6631808248335029,0.5931071726298653,0.5082319947326874,0.6675640882976135,0.6838863788221786,0.804596748148142,0.17050432953056235,0.666809239922449
2062.87694233,0.8750780533579264,0.6691777612460443,0.8979007408670283,0.7219875357603528,0.34307060568789777,0.6614876003488802,0.7102041697620283,0.3391847962013558,0.2705603983674251,0.436520870774712,0.7525520168152231,0.8107359072553963,0.3339530465458425,0.4816814596718076,0.8214589924562407,0.6586383896602951,0.5592031842232439,0.6005438973026213,0.5021420826345425,0.5909751096458105,0.5057898063994403,0.6684020369447996,0.5814337240117132,0.5018185689807046,0.665358211865031,0.6868863184142578,0.8013482130320866,0.1666830917423923,0.6733107919320246
2071.79414164,0.874853557238995,0.6708296542391248,0.8994313694585047,0.7218202445197818,0.34537502131798725,0.6622002603100793,0.7108269325579214,0.33649276608817713,0.27776855459121724,0.436823589494442,0.7532018455415734,0.8121874269809185,0.3342511724235838,0.4827024211501929,0.8141486030189682,0.659591029785361,0.5590871267858797,0.6023957225823078,0.5025831388443912,0.5918651600478518,0.5065951006492576,0.6732576469288571,0.5652912021719274,0.4970766266235527,0.6615354841478799,0.6874276166299466,0.7980015602378057,0.16485584016930455,0.6779423392578573
2080.71289251,0.873990243719291,0.6735813211702497,0.9015794076202439,0.7213921274767391,0.347039090875703,0.6631575460296664,0.7106857850156532,0.33396540799910285,0.2850798249857164,0.43668763059193955,0.7535145429738614,0.8133787943759655,0.334414920859144,0.48376593894606246,0.8061455322745961,0.6604283625003696,0.5583309079107183,0.6023153599941796,0.5020654749956152,0.5926740339957811,0.5073767978487186,0.6757052477292752,0.5552859368842914,0.4919555510829541,0.656548120487871,0.6867395824956409,0.7946809182957306,0.16425658753065095,0.6832070587410342
2089.63318245,0.8735181779574044,0.6761972920065563,0.9023942249241491,0.7209628542122802,0.3485985474695111,0.6628346302632028,0.708535048711128,0.3316383067473694,0.29281986137005733,0.4365538148796649,0.7541637296144933,0.8141327319568576,0.33456888459393197,0.4844823155752248,0.7985109440072585,0.6604525234417843,0.5573133691339501,0.6019227678538932,0.49964153465662375,0.5920393760440555,0.5080693477995079,0.6769568674570764,0.5551640522309366,0.4824608012796155,0.6504199961755972,0.6840685023027012,0.7916769069637717,0.16407436633610412,0.6875500812551546
2098.55499911,0.8731532300389255,0.6791259655867469,0.9036865460277551,0.719900815894492,0.3493247136614561,0.6633131485859806,0.7051670281280649,0.32909015205141645,0.30095677237312857,0.4371216563140812,0.7549369624013831,0.81526730286341,0.3346090187368555,0.4844590140399827,0.789390269380616,0.6601913530179833,0.5546520692409339,0.602255879930086,0.4974064128100468,0.5925916662636668,0.5085362323689454,0.679604844309281,0.5579205431579165,0.4668323821124709,0.644988998359759,0.6783682296493592,0.7887958103671592,0.16430926569190923,0.6912613702202094
2107.47833028,0.8721834797950843,0.6817569147550484,0.9042055834078682,0.718292013756977,0.3499627653060926,0.6627976428387711,0.6991165045965693,0.3270178343736451,0.3092051714546717,0.4368834392436327,0.7553366296144733,0.818260663946109,0.33473464901648514,0.4834447481791036,0.778292710421779,0.6598145087276613,0.5502820551725585,0.6033765073165896,0.4956548080646178,0.5926574961170936,0.5087926183969846,0.6816514267349082,0.5569989941922857,0.44470121756649966,0.6416432880039331,0.6717773088952912,0.784186351159886,0.16433921700522855,0.6951826905261391
2116.41133382,0.8715851253998681,0.6852143741350429,0.9058315501533225,0.7173719675412537,0.3501778139363957,0.6620642444274033,0.6926972688115983,0.32473563941037303,0.3174270917290824,0.4365373811371482,0.7554945198079515,0.8188055612469634,0.33505237182605413,0.48349254113124873,0.7652116378241691,0.6589070689117444,0.5440940031684761,0.6050288670248989,0.4946217437564875,0.5930279864263579,0.5093101447800017,0.6841035820763575,0.551421367926031,0.41583177257841714,0.6399929265225961,0.6632889143289138,0.7789025068380979,0.16395026524814985,0.6981733797391656
2125.37093026,0.8694508473977259,0.6878021754753012,0.9060246729190337,0.7159316451553022,0.34953140959922013,0.6614653751523981,0.6881762772543695,0.3228377855613534,0.3254990546494187,0.4365541760338839,0.7562384222448715,0.8199119475850467,0.33513545611958906,0.48364099605296884,0.7524549287055179,0.6587350754186506,0.53438835335477,0.6063417703364882,0.4939135830491015,0.5928783271927949,0.5089869222665855,0.6855730083237513,0.5435420502667637,0.3854369540408589,0.6388116777848216,0.6541960855433767,0.7734006818607397,0.1639509293252008,0.7011639305981878
2134.35713173,0.867433700269617,0.6910384130654618,0.9064412188319068,0.7155286871770437,0.3483658780794291,0.6601277263765155,0.6849800532666512,0.3207828478780072,0.3340578693460949,0.43631691727956323,0.756499890423202,0.8213309534994083,0.33515194080816985,0.48349440356259665,0.7331934448120118,0.6589868182921187,0.5198899002712192,0.6089567513693038,0.4937395853139862,0.5921766024904312,0.5089926336589782,0.6876675073124515,0.5404204176264241,0.36057208742404523,0.6373626267679292,0.6462760191026887,0.767281929596227,0.16630997083049723,0.703665877736423
2143.36995005,0.8652652529244552,0.6947471942666879,0.9068241991090104,0.7134149896667853,0.3461127402966369,0.6567204244680256,0.68359240184446,0.3189433638443201,0.3427487971249618,0.43596899257390487,0.7558410882328036,0.8207968621404577,0.33530859271828994,0.48382400765525607,0.7038867472299327,0.6586099456601782,0.503824034004338,0.6124256792150334,0.49434141352112654,0.5908536973319597,0.5093831586432473,0.6896983926753496,0.5432467848177862,0.3404817901367584,0.6360312010457192,0.6382288306864186,0.761032783640699,0.1736878040702567,0.7061666706218241
2152.40939672,0.8636555090543462,0.6977486531871987,0.906032552609904,0.7112476387714763,0.34221537113819117,0.6516043968946477,0.6839590708893575,0.3167813468071159,0.3520375110858399,0.4359265415962881,0.75586835758511,0.8208496130021745,0.3355661512068117,0.4834399745233167,0.667473747701221,0.6564501204981252,0.4874154474288356,0.6155069410920964,0.4958131434671783,0.586865546987559,0.5094154185257544,0.6905035736956232,0.5466299450724393,0.3232190535841195,0.632864479176046,0.6302162082916836,0.7551319553652523,0.18801982383082108,0.707965217627479
2161.47548295,0.8635228256758427,0.7000754171173466,0.9058060942903038,0.7084281505115556,0.33666705182048,0.6444980804638666,0.6856343951928086,0.3148595775574812,0.3604324062982774,0.4356848218996207,0.7557808581435727,0.8198932695644828,0.33553017817537284,0.48239457583519946,0.6364775445902032,0.6537064052643013,0.47029779511144704,0.6177830209918854,0.4970349767090074,0.5812586647769472,0.5086524308398349,0.6908373432901852,0.5465596946827528,0.311387013081984,0.6284361160271406,0.6210158463810109,0.7495229997359856,0.20802180769301412,0.7093472992598554
2170.56821963,0.863953589964397,0.7007315146669808,0.9056168467113108,0.7054514301104677,0.329356327049876,0.6354703595540449,0.6877558747242796,0.3129939961796451,0.36924321124916715,0.43548530331557317,0.7559106836452043,0.8184243732257983,0.3357110212093794,0.4819605659146878,0.6180617830176034,0.6492479838863059,0.44960983425515716,0.6184102215687726,0.49714784894541053,0.5714169624465162,0.5068129538870176,0.691157546327045,0.5426787327467478,0.3085819661128051,0.6242617165670676,0.6128124081428356,0.7430197848915095,0.22916768340185661,0.7110400133399516
2179.68761735,0.8640656106138003,0.7006717270070509,0.905842086355189,0.7015138193337129,0.3203629201125596,0.62570507704169,0.6892979817095788,0.31108980906697475,0.3777791863973478,0.4354602319081077,0.755399909977164,0.8167593507493356,0.33622417533998156,0.4801126577946362,0.6083332057409492,0.6416495781007648,0.4260678112139168,0.6177994507375656,0.49635711251196446,0.5599785350789128,0.5046554459065533,0.6911128666471764,0.5428059615610189,0.3133466013202724,0.6185527210659452,0.6063760722896007,0.7358063525447467,0.24816371086559108,0.71288704867587
2188.8336864,0.8641773014726973,0.6983600967152213,0.9051346168327509,0.6964484280363411,0.3112079917992894,0.6150209210309872,0.6892006935276543,0.30916994978929424,0.38663551049059175,0.43526051501540247,0.755546325243079,0.8142602313691438,0.336423548859226,0.47802825602974525,0.5989080389670419,0.6326416012455585,0.4001933137695767,0.6154656644105552,0.4952226692093945,0.5452345589505853,0.5020887381415607,0.6916061971430952,0.5452044811605289,0.3285793680610863,0.6131036236382115,0.6010890435875894,0.7274008038693828,0.2624614856528469,0.7140275082908736
2198.00643675,0.8632987291594635,0.6941406671655217,0.9046960911428846,0.6881786332571341,0.30275939082251996,0.602177968524467,0.6891658989563975,0.30769843308028066,0.39532127127201566,0.4355272546145789,0.7558810999566512,0.8119819976305879,0.3371094529260519,0.47541022502953295,0.5856218584472059,0.622159909312656,0.3772594094728605,0.6117828800143531,0.4932982490057424,0.5311717328312033,0.49899724386407224,0.6901698779230633,0.5439152313529035,0.3508079938417112,0.6070097425506876,0.594683264947224,0.717537909492354,0.2724830162425671,0.7148321117930337
2207.20587807,0.86217512480485,0.6881505434819674,0.9034648492301374,0.6760957746295391,0.29531379727052554,0.5859573911341479,0.6880360229901518,0.30642180003545394,0.4043851943974409,0.43564632459952096,0.7560629821968743,0.8111763820474085,0.3374567855051323,0.4715078941021021,0.5741953417428075,0.6127078155518905,0.37104997093036995,0.6055482040094441,0.4905699394082745,0.52335411326872,0.49550946988625716,0.6887484447411215,0.5368710563391381,0.3678802773029056,0.600771935142368,0.588563241964354,0.706635080412435,0.2789421175000254,0.7145448291451799
2216.43201972,0.8605718819356093,0.6806154574466028,0.9036084469586071,0.659437325505783,0.2908600479739358,0.5641065019006815,0.686514487116652,0.305202240052836,0.4129362840754567,0.43550016069739367,0.7563390776510445,0.8092011167577325,0.33742736809981927,0.4660300240496604,0.5953560487524163,0.605957830268229,0.38728456244029447,0.5972717600169374,0.48606257536869263,0.526746670655456,0.49057031075458674,0.6859459758596997,0.5203720060560207,0.3985551326497433,0.5947300323377561,0.5835423848679219,0.6945670872744026,0.2827430828450147,0.7146111559873292
2225.68487077,0.8579422669770811,0.6706114001451841,0.9032583197316876,0.6423644513332619,0.2888800820275172,0.5326403634856706,0.6839313448826951,0.304278438430896,0.4219682748913604,0.43538692100395093,0.7563890626002996,0.8074789649600436,0.33771003557722007,0.4577066982140591,0.637275288732792,0.6045355614707405,0.4082340051533981,0.5854377929938261,0.47962422676216604,0.536521576335708,0.4852045379959397,0.6813071343271496,0.49685649113984315,0.44441801812592385,0.5899116644752599,0.585675247315876,0.6831316547432811,0.2863541840106488,0.7133522051219898
2234.96443997,0.854605794155837,0.6590937453941332,0.9041385857414745,0.6315788517515409,0.2878248679093487,0.48864512556992745,0.6803141691490515,0.30361904130470163,0.43040325406817936,0.43521146354378837,0.7566654063892719,0.8056457513245252,0.3381757003629205,0.4468985985607128,0.6624402783189224,0.6083266878551649,0.41583994279520425,0.569629937938181,0.47026026580296837,0.5448880112988048,0.48097216892878975,0.6760691701926177,0.4785442246343976,0.477976337991744,0.5857807934171485,0.5925396707776516,0.6725047026933503,0.2893425237647084,0.7116851660554633
2244.27015399,0.850508138617834,0.6462533853524454,0.9045782583935496,0.6322231383622754,0.28698908027674425,0.43857863169634104,0.676964907251244,0.30280522025393797,0.4387066348042323,0.43461252572866044,0.756927063470235,0.8035063302052501,0.3386905782607636,0.43608177127010206,0.6714815998687197,0.6128016477140429,0.4084928957530139,0.5551462499753614,0.46060231445154176,0.5525401158228342,0.478223652436587,0.6696889392559663,0.4656891340779191,0.4959329185138582,0.5813151801290178,0.5982399129652342,0.6621475556479158,0.2921536588061514,0.7086196723771877
2253.60010501,0.8462267602570065,0.6332956899208291,0.9049063936392251,0.6380516739218662,0.28650361142219394,0.40185482038671805,0.6746501996530594,0.302616175496615,0.44665916475785067,0.4339726885745164,0.7577424815405193,0.8020501921685612,0.33897970334252125,0.429342670445112,0.6747620834313431,0.6170034914936143,0.3964112442507454,0.5433649220498006,0.452090423993748,0.5592931245676943,0.4739490529018811,0.6612022090246155,0.4409312088807871,0.5038982085897736,0.5749800292386734,0.6003607654127839,0.6463192360735142,0.29380498444420733,0.7046889238641878
2262.95428072,0.8397850609893003,0.6227127698668237,0.9052203440476059,0.6396911725228378,0.286471496906023,0.3903823574987244,0.6702009909494024,0.30280725344458526,0.45437147845067094,0.4336487347691491,0.7582011426051012,0.8009171105629552,0.33925143335749863,0.4261943090954357,0.6726485198041727,0.6225584496892403,0.38955349885161233,0.5303912406238257,0.4439113472902815,0.5639171461055309,0.4645293004670452,0.6470985180167771,0.3987271731564979,0.5058078275556347,0.5689500195955214,0.5985438909810121,0.629263999836847,0.29298619016289557,0.6990143826037913
2272.33266852,0.8324106748821023,0.6137210567793244,0.9060517453801955,0.633600212634059,0.28669538812458684,0.3886975719587568,0.6652784807068778,0.302419395564182,0.46086992996394494,0.43328428564661053,0.7586125662756287,0.7989214928452689,0.3395724519533308,0.4220453812437617,0.6675846250672524,0.6281380172988709,0.3891737939441033,0.5162457454253103,0.4336689237372484,0.5651451919285102,0.4512147719555705,0.6240425408043112,0.3424854251477041,0.5037584517258383,0.564718598070904,0.5999746886942499,0.6250853298577724,0.2896016295418658,0.6923471904807781
2281.73525558,0.8231857912695472,0.6062933009740643,0.9057072077103446,0.624214384232049,0.2875093395991764,0.37708258664876837,0.6591052774567112,0.3026022554201019,0.46723353126343353,0.4330197371850257,0.7588629202136031,0.7966635128646607,0.34031749977037445,0.4148772380039002,0.6588711600754671,0.6322960309206636,0.3873026261723798,0.5027638116062666,0.4244818939775823,0.5633750619820027,0.441270241384862,0.5912938946111498,0.2786377842272928,0.4980061333906076,0.5622852109804721,0.6059475286676395,0.6376908777355792,0.28353608564021093,0.684028606733575
2291.16202877,0.8152064471798749,0.5995370108000942,0.9058999114273684,0.6189703327696944,0.288256155940742,0.35158478377606506,0.6525947268668709,0.30333276960392896,0.47222038496583235,0.4323819394506496,0.7583924542829416,0.7953906014384721,0.34075481183882467,0.40419122761397486,0.6482063923144226,0.6336969151876025,0.3776777244010416,0.48811484787725545,0.41486728677116586,0.5594542442640759,0.44208681696077934,0.5541601049921651,0.2284003781509526,0.4873523654394893,0.5610552221386336,0.6119908312963567,0.6617566689992602,0.2772410241442327,0.6745570050951867
2300.61297471,0.80874132420617,0.5941995658063484,0.9056016260806705,0.6182715141251819,0.28885028909145744,0.31568300712617875,0.6448554308907088,0.30388143192980704,0.4773427571162017,0.43187346805455606,0.7603319608027731,0.7941280831783194,0.341178929598292,0.3953079187798859,0.6367034432723616,0.6309401612046717,0.36329551812077043,0.4727476208126645,0.4036092077096881,0.5546932313852306,0.45191615570319826,0.52775608553993,0.19907392171492538,0.4682818038699149,0.5599588080935415,0.6157393974878992,0.6821951771601211,0.2716041129848792,0.663864305820649
2310.08279923,0.8026001195723859,0.5932683010753484,0.9061230260670077,0.6122109033902939,0.289220074539398,0.27568105226923023,0.6370694738767537,0.3047452765372064,0.4813537461215417,0.4309239811342444,0.7605903956872594,0.7928577312792158,0.341507856227123,0.38844786978632534,0.6245418660116812,0.6259160273694295,0.35053727823492997,0.4578264691410996,0.39134912485306456,0.5493624238998049,0.46238616846876085,0.5041804898096965,0.18921126779725142,0.4400683346788877,0.5575523799003487,0.6171846730261746,0.6980012875808987,0.26674170022447713,0.6514078906631848
2319.55711841,0.7952857870449752,0.5976239802419776,0.9049604232655447,0.5837334265501603,0.2896124837701193,0.24146435272897077,0.6302199320197843,0.3054430034864448,0.4871738224479495,0.4304391324736778,0.7603024985294106,0.7920067294916241,0.3417358357443704,0.38224753693244246,0.613285010783773,0.6179203362183309,0.3398924466997199,0.4494812131797421,0.3787877868617664,0.5430852045004795,0.46792790044518817,0.4983171148888082,0.21357636367666716,0.4166454563129571,0.5554461721904195,0.6148451436105132,0.7147350154766027,0.26108159364061134,0.6369540235400566
2329.03590187,0.7879116730157033,0.6049846672305644,0.9024129346389583,0.5340981680168737,0.289095290524471,0.22035549541420166,0.6231555136326116,0.30678680466866165,0.49552333852401215,0.42941091073559556,0.7604251853544319,0.7886576104951567,0.3423030405778079,0.37853651760344914,0.6061132780481749,0.6095579065849331,0.32921681038381956,0.451776929602055,0.37184843294206144,0.5363628803756049,0.46932302683203625,0.518739432342693,0.2701097682561267,0.41329883276950896,0.5502628787459396,0.6105394547601583,0.7268712565302051,0.2540450883615418,0.6207172761098974
2338.51911953,0.7851351727351068,0.6141237817936978,0.9021959037137277,0.48948580659182356,0.2876443139158343,0.21822255075063526,0.6139944094551456,0.30853412704943156,0.5036243968892533,0.4288072128045895,0.7608554761182234,0.7845904757820311,0.34211867865493545,0.37954080003907054,0.6005147165535646,0.6012666463164852,0.3193026656777231,0.4635525400667144,0.3745147823581589,0.5291935208955331,0.4682316902234638,0.540321357584472,0.3206446281248928,0.4247138713549739,0.5425303110323997,0.6032403704584923,0.7311036721565879,0.24517046237080603,0.6013320532541035
2348.0067416,0.7930013396627092,0.6185065379793072,0.9026974026994755,0.4623769095379587,0.2853667729709275,0.24112539029061242,0.6045862804521932,0.31040627752329064,0.5109453586348754,0.4280137741204882,0.7608189136632123,0.781299136424985,0.34242891951811744,0.3849566191170058,0.5906858140890369,0.5962842110637112,0.31457844377346705,0.47852745630997523,0.3852894086517215,0.5207878785604576,0.4640419169097496,0.5485721739763066,0.336282253459335,0.4352501051496652,0.531862729081365,0.5921086387304632,0.7295726782355222,0.23518000826570332,0.5807706742954353
2357.49873856,0.807574852547831,0.6182943463844373,0.9021125144658348,0.4511568541849221,0.2822142577693014,0.28826507915369487,0.5938861563311063,0.312557912327232,0.5166329119220554,0.42683499326652713,0.7605740631821463,0.7782275383312761,0.34246926251584436,0.3922394095645757,0.5794229381362581,0.5932814833757736,0.3155897655544109,0.4870917829579448,0.39549506474060286,0.5129994899174478,0.45958914744776114,0.544341188677677,0.3261470940584198,0.43566320685366217,0.5182628511974109,0.5781098067611861,0.722745213034987,0.2231475446992327,0.5600947157610847
2366.9950812,0.8228336461733855,0.6132928910733267,0.900445471173354,0.4595435790584234,0.2786500069721414,0.3496510564419963,0.5798173418345536,0.3142698803675011,0.5212894916505644,0.4263817211599783,0.7614538470623546,0.776815398296183,0.34280839038358957,0.4001708087676025,0.5701022001986527,0.5928254255272677,0.32015291952608116,0.4848207103827653,0.39978602548302666,0.5055613887173913,0.4548522494580962,0.5314761421455838,0.3019733277623548,0.4232742761131647,0.5029514889684519,0.5598079863395686,0.710029905898323,0.21011420673184997,0.5398107343598259
2376.49574055,0.833059887408161,0.60593885092412,0.8986640395114608,0.47750091967928404,0.2733790929667785,0.4090766810948698,0.5631675685956999,0.3167059774086883,0.5248356755518008,0.42624862819346176,0.7607620160691273,0.773237412074571,0.34335285979067004,0.4058751338680947,0.5616631456194092,0.5938947947084806,0.32446254345623615,0.4785601381230194,0.3983690599918121,0.4977067143394999,0.44929173805140826,0.5121183921349456,0.27039519994838873,0.39848466699141205,0.4858806768134318,0.5381187575649681,0.6930442995932787,0.19610746492993045,0.5211538451537852
2386.00068793,0.8389894796767579,0.5966988205607199,0.8974430671718402,0.4901778130485906,0.2677003750711177,0.4566838029382673,0.5429889874460593,0.3192625614614098,0.5281302486279874,0.4251242986932611,0.7612303065069245,0.7700728401226735,0.3438317266482957,0.40959247149908623,0.5539234252537204,0.5946015837893655,0.3247314979891068,0.47046929586725844,0.3950549788940587,0.4895046862458328,0.44254368671214944,0.4943558574806546,0.25346302232885426,0.3651682410110789,0.4673423583141606,0.5122838505910561,0.6709804949255643,0.1814278665026593,0.5037170932535208
2395.50989495,0.841517201714144,0.5865751338579297,0.8955553640695223,0.5059817725250438,0.2614838337920348,0.4928045865408701,0.5194962983964027,0.32157451522122066,0.5310973653918741,0.4253212574911659,0.7607869812565403,0.7669704323967859,0.3445014529051789,0.41270017484565685,0.5533790488779834,0.593509846694356,0.32352262099318574,0.46485936415124074,0.39186866916809215,0.48149254846230793,0.4363887351719606,0.48594735781937887,0.26044427266999787,0.3352652557802366,0.44790136131284664,0.4833647929030348,0.6466859710818742,0.16944898422756133,0.48978117549365935
2405.02333345,0.8406489633742404,0.5753337153033463,0.8939925632081742,0.5279274301410455,0.25381728888449806,0.5184524628797939,0.49251054025037444,0.32384633834896676,0.5353340024204727,0.42465941608208485,0.761291683653084,0.7639320772814931,0.3452940925582962,0.41652636708702456,0.5547979648604878,0.5929165034830228,0.3202726519152302,0.45840020365509127,0.3897588027324729,0.4735186384716791,0.4321712407541073,0.4863053180649037,0.2812646826664142,0.31574188415380294,0.4263275809912386,0.4538178951022526,0.6241525834303218,0.16554928680588887,0.47828904110897735
2414.54097557,0.8393064597177997,0.5633920936680942,0.8931731917545784,0.5477009932267884,0.24602452333917676,0.5368823136805998,0.4630348535643434,0.3271205563108638,0.5389618650054472,0.42405468236960103,0.7619886736439526,0.760201253644531,0.3455978441520677,0.4197202593710273,0.5520677983537483,0.5889171407585837,0.31801290270156757,0.45171065407381317,0.3866149439017312,0.46439510791468896,0.4301524504362398,0.4831278630269842,0.30292441889603583,0.29932068067035916,0.40437819981229634,0.42880026099460045,0.6099315741974296,0.16893177779783655,0.4696794749485885
2424.0627937,0.8350595698186549,0.5498186085734584,0.8910877368048364,0.5655080455586333,0.2376277024992158,0.5477292757834011,0.4299661278673389,0.3302278786421573,0.5413494754505446,0.42473405166250605,0.7617117399422954,0.7570724330894802,0.34617084667201437,0.4192335800023854,0.5436595145622715,0.5846724033397631,0.31525954307932236,0.4437867475809317,0.38260496225988655,0.45586315847252795,0.42894895018995743,0.4737631083333817,0.3117327429120562,0.28216179974479594,0.3829456803252483,0.4097835823415339,0.6031258302188081,0.17395830589566572,0.4632379104293333
2433.58876046,0.8262136414412757,0.5360526134947403,0.8892755094580966,0.5791322609488585,0.22937247237169656,0.5527814616531934,0.39705750990722205,0.33400118649302535,0.5430169776921903,0.42484403769272205,0.7612965519378397,0.7539861651391018,0.3467304066215997,0.41669487869988575,0.5310554802748872,0.5791746455950175,0.31355576021622206,0.4356194539734189,0.3795609545548445,0.44632276624012657,0.428534033310082,0.4626469253356582,0.3087730168704056,0.27129440300691826,0.3625327708929024,0.3970097333443093,0.5985405945335697,0.17625577741431686,0.4589928572512366
2443.11884877,0.8199215711225016,0.5211124899878951,0.8861367217906276,0.5868465001549334,0.22144845501456142,0.5524593527097074,0.3653566953903515,0.3380818405441218,0.5450827567924038,0.4241169605765846,0.7598578417226625,0.7510143317997088,0.34620084183569877,0.41283483529372494,0.5184609040890982,0.5748814347451837,0.3127057560424779,0.43038524995342675,0.37777074100889624,0.4381689763456144,0.42650396440556193,0.45181671269818396,0.30149629415783946,0.2697233578414336,0.3454643094927633,0.3879494653311894,0.5908595600212716,0.17526058203713482,0.455174255223957
2452.65303176,0.8070704225007278,0.507042449858707,0.8861532176480807,0.5863123125041535,0.2135672064756645,0.5500244860148601,0.33556661548992284,0.3425767218523757,0.5461567179852389,0.42347580206177954,0.7605376617989816,0.7473581647370817,0.34696164067942886,0.40883583283962716,0.5066188390439696,0.5745252240917462,0.31373083528676166,0.42355367580729786,0.37720313507248665,0.43067158937713956,0.42502413859024984,0.4413679231430939,0.2963886014864042,0.2681312519314692,0.3303107777511267,0.38007750928754724,0.5756544941061392,0.17243738952271098,0.452496294933742
2462.19128285,0.7965339966173742,0.49678116419802726,0.8852570087357543,0.5798773646646708,0.20681660397316987,0.5443350918952005,0.307977323567126,0.34548467390175763,0.5468727843400714,0.42328717025196566,0.7600541577554981,0.7442874322176279,0.34705607435032454,0.4050669893137618,0.4980899696442691,0.5730535136102222,0.3160166098850001,0.41767667952337584,0.3759428214233425,0.4246259794690173,0.4223811517378935,0.4289515370926762,0.2932045286255564,0.26052320633468257,0.3175805640088522,0.37271497529822006,0.5646865475642556,0.16824690389635222,0.44926849007779157
2471.73357568,0.7830522346133497,0.4888225026879126,0.8830341773568217,0.5723284869997981,0.19959818037248606,0.5367818683356516,0.285569649580287,0.34979710615773696,0.5501965682998647,0.4215565753782836,0.7605917258901369,0.7406009664790041,0.34720352450819614,0.4014420412077929,0.4896809230906195,0.5710966231082751,0.3187274476985688,0.4084383506058224,0.3718280356862003,0.4180540032969095,0.419457389578807,0.4214605607199616,0.2951635763680748,0.2556290126130289,0.3084325605379069,0.3638144247607011,0.5611500590581505,0.1639841531849344,0.44615443039252384
2481.27988414,0.7682263167945969,0.4814362041467011,0.8838302964530637,0.5670900285139788,0.19403335780366582,0.5253311713336811,0.26693562760744327,0.35582418746417227,0.5497903097663476,0.4226945303595497,0.7612553220410515,0.7396314258905579,0.3474630107751421,0.40109248025405086,0.4791802809179173,0.5705114620872273,0.3204195985943947,0.3984890223491662,0.36543730065169494,0.41358835351212925,0.4156341202914239,0.413315574568964,0.30233301854422434,0.25506924138442555,0.3006971546828823,0.358634708686654,0.5598076459179604,0.15931510247898004,0.44087496989556507
2490.83018234,0.7554113362328038,0.4760691226784715,0.8789361670660395,0.5669795620086863,0.18890459987321293,0.5146984815707575,0.25130610481743343,0.3593979440874367,0.5522011307741337,0.42223384685509746,0.7573123148492954,0.7393661462640492,0.34843944861870796,0.39918428259700917,0.46851297160301236,0.5730535698323745,0.32205034928109993,0.390070429104855,0.3595477171022327,0.4081924922096531,0.41168586120831413,0.40454939513905547,0.31025431921834573,0.24645898202132643,0.2974563239658638,0.3558329125627881,0.5530353222012754,0.15315844134067563,0.43754901791420675
2500.38444467,0.747749468887061,0.4738833975825129,0.8823650867435898,0.5636945430556795,0.1840564031999027,0.5046751184547884,0.24092810081270657,0.36478069392985396,0.5514605486080781,0.4190761036002173,0.7598740914476145,0.7382678234481789,0.34894844113410883,0.3993455070810292,0.4601004661675265,0.5714373174791029,0.3233698913889008,0.38519792633418126,0.35314351296340973,0.40414390127997335,0.4083023516471975,0.3947839616548263,0.31626546764540175,0.22822506818788774,0.2965258957197296,0.3558320828664038,0.5413064466416379,0.1484255914608688,0.4330974445920594
2509.94264572,0.7400510712209611,0.4784985634985983,0.879906240213652,0.5549972175742691,0.18057313042317882,0.49609329181142076,0.23365691769715102,0.36938483453458226,0.5526560782601891,0.4199608679404697,0.7557827860716168,0.73558609570592,0.3498157643914758,0.397552422030672,0.45481526779245235,0.5742581563512987,0.3226313186913503,0.38427226856469915,0.34866395524529187,0.39547648869097624,0.4044385913926339,0.3892864961093326,0.31726016904112375,0.2118817525716462,0.2980129227625124,0.35730599666893126,0.5229565655104181,0.14465807125125515,0.42373838419586574
2519.50476033,0.7302116951542034,0.48701356892879877,0.8835654066449342,0.5416813022309479,0.17665440048324443,0.488622517466474,0.22742221843046576,0.3731905263192623,0.5537020054419912,0.4191945513706817,0.7604118429885502,0.7312424025337426,0.34920250521215773,0.40219716579721315,0.44729477688667413,0.5732872445525595,0.32158741823926434,0.3851817747401184,0.3508290290497326,0.38870786370981764,0.4033100174171134,0.3810705358452708,0.31760156030630954,0.2115954900134562,0.3022322362073476,0.3610932970274274,0.5106387231197368,0.14054752789399672,0.42148205446647347
2529.07076355,0.7216587312082364,0.5052054447631481,0.8801694074771573,0.5296824944636676,0.1724506935559454,0.47991850068134334,0.22250009728150888,0.37781084418777167,0.5596511455599865,0.4204982168364781,0.7557860813635052,0.731675082131746,0.349105499484485,0.3981422228238492,0.4395319366782729,0.5718472004895552,0.32240017672022026,0.3899402468982632,0.35207049716065086,0.38293189825030804,0.40467824457244206,0.37557557122386176,0.3174275237732747,0.2263075505938069,0.30631041897637323,0.3634933962331982,0.5085844177752381,0.13830840916645168,0.4170944943636765
2538.64063068,0.7257314775660376,0.5264986307133743,0.8790714282323115,0.5244758446510063,0.1708730088782028,0.4774405355956204,0.22316757753354258,0.38139921743756494,0.556615924652866,0.4198686568714813,0.7591755827757262,0.7357421133114296,0.34955112168393054,0.3998712784533175,0.4321539300987354,0.5715734085701141,0.32199568010951696,0.39620458444873097,0.35646015658413494,0.38278436336111177,0.4018246147561337,0.3674404091132923,0.320625373358401,0.24085098212809963,0.30754691573525916,0.36290406756110005,0.5120583277609269,0.13588549668410266,0.41024999964823655
2548.21433723,0.747962647447313,0.5414341998494646,,0.5268599451271105,0.16640628109353217,,,0.386898261662834,0.5579111435450932,0.4203737251668852,0.7644131411838744,,0.3509014067656241,0.3987247602555587,0.4294563578599831,0.5683520895645546,,0.3996386949892522,0.34956171125087343,0.3828431372841402,0.3953638848738264,0.3642858964094916,,0.2529465403006338,,0.3604612131565023,0.5147485166372961,0.13211410359501669,0.40693784686432843
2557.79185893,0.767975347333263,0.5503652467969988,,0.5187761994726833,0.1637918165599004,,,0.3912566143316428,0.5523957282116416,0.41084725750308304,0.74869743400087,,0.34510611601387486,0.39541019301194763,0.4244195014638491,0.5688436905043581,,0.40780637436817185,0.3467160371093363,0.37852449621757583,0.39555337915365923,0.36183642158771195,,0.2549809570043023,,0.3607894410304275,0.5087204005949575,0.13113391714536543,0.40437641676824215
2567.37317174,0.7959516825877694,0.5522162006193996,,0.5192521749965989,0.15977605243312595,,,0.395780938276347,0.5606315223018155,0.4201692586034385,0.760237854534347,,0.3440524056637282,0.39196527617905896,0.41067876678974147,0.5656555668569822,,0.4132042813840378,0.3551499164110397,0.37826001570564893,0.3958416622806338,0.3639945939820062,,0.2523175881218198,,0.3585350453956188,0.5018617256223619,0.12954472125913616,0.40079414846659883
2576.95825182,0.8273001555943906,0.5621834886916556,,0.5234860171284429,0.15559760674181103,,,0.405456872811441,0.5540277616749398,0.4170459467690153,0.7751189848515472,,0.34737770394187223,0.3979070491553414,0.4011359441080207,0.5686133301764651,,0.41230112236981553,0.35215386831315054,0.3735596108747371,0.3952071666487307,0.355278077935603,,0.2542987950982713,,0.34860880359191493,0.48940590337995726,0.1253945012644424,0.3975205361832636
2586.54707556,0.8179300917214065,0.5747607636438112,,0.5207850611710011,0.15152940209718002,,,0.38425952284612924,0.55642897455704,0.4008416899962858,0.7724666404708656,,0.34481322287343547,0.3945962674990706,0.3999927091750285,0.5581114731815183,,,0.362379955201222,0.37265499960820114,0.3887406504299368,0.3436429709524305,,0.27032243881459384,,0.3486434597778457,0.4738595441424174,0.11988134352077792,0.384801448233696
2596.13961955,,,,,,,,,,,,,,,,,,,,,,,,,,,,,
2605.7358606,,,,,,,,,,,,,,,,,,,,,,,,,,,,,
2615.33577571,,,,,,,,,,,,,,,,,,,,,,,,,,,,,
2624.93934211,,,,,,,,,,,,,,,,,,,,,,,,,,,,,
2634.5465372,,,,,,,,,,,,,,,,,,,,,,,,,,,,,
2644.1573386,,,,,,,,,,,,,,,,,,,,,,,,,,,,,
2653.77172414,,,,,,,,,,,,,,,,,,,,,,,,,,,,,
2663.3896718,,,,,,,,,,,,,,,,,,,,,,,,,,,,,
2673.0111598,,,,,,,,,,,,,,,,,,,,,,,,,,,,,
2682.63616654,,,,,,,,,,,,,,,,,,,,,,,,,,,,,
2692.26467058,,,,,,,,,,,,,,,,,,,,,,,,,,,,,
2701.8966507,,,,,,,,,,,,,,,,,,,,,,,,,,,,,
2711.53208585,,,,,,,,,,,,,,,,,,,,,,,,,,,,,
2721.17095516,,,,,,,,,,,,,,,,,,,,,,,,,,,,,
2730.81323795,,,,,,,,,,,,,,,,,,,,,,,,,,,,,
2740.45891371,,,,,,,,,,,,,,,,,,,,,,,,,,,,,
2750.10796212,,,,,,,,,,,,,,,,,,,,,,,,,,,,,
2759.76036301,,,,,,,,,,,,,,,,,,,,,,,,,,,,,
2769.4160964,,,,,,,,,,,,,,,,,,,,,,,,,,,,,
2779.07514249,,,,,,,,,,,,,,,,,,,,,,,,,,,,,
2788.73748162,,,,,,,,,,,,,,,,,,,,,,,,,,,,,
2798.40309433,,,,,,,,,,,,,,,,,,,,,,,,,,,,,
2808.07196129,,,,,,,,,,,,,,,,,,,,,,,,,,,,,
2817.74406337,,,,,,,,,,,,,,,,,,,,,,,,,,,,,
2827.41938157,,,,,,,,,,,,,,,,,,,,,,,,,,,,,
2837.09789707,,,,,,,,,,,,,,,,,,,,,,,,,,,,,
2846.7795912,,,,,,,,,,,,,,,,,,,,,,,,,,,,,
2856.46444545,,,,,,,,,,,,,,,,,,,,,,,,,,,,,
2866.15244146,,,,,,,,,,,,,,,,,,,,,,,,,,,,,
2875.84356103,,,,,,,,,,,,,,,,,,,,,,,,,,,,,
2885.5377861,,,,,,,,,,,,,,,,,,,,,,,,,,,,,
2895.23509877,,,,,,,,,,,,,,,,,,,,,,,,,,,,,
2904.9354813,,,,,,,,,,,,,,,,,,,,,,,,,,,,,
2914.63891606,,,,,,,,,,,,,,,,,,,,,,,,,,,,,
2924.3453856,,,,,,,,,,,,,,,,,,,,,,,,,,,,,
2934.05487259,,,,,,,,,,,,,,,,,,,,,,,,,,,,,
2943.76735987,,,,,,,,,,,,,,,,,,,,,,,,,,,,,
2953.48283039,,,,,,,,,,,,,,,,,,,,,,,,,,,,,
2963.20126726,,,,,,,,,,,,,,,,,,,,,,,,,,,,,
2972.92265372,,,,,,,,,,,,,,,,,,,,,,,,,,,,,
2982.64697313,,,,,,,,,,,,,,,,,,,,,,,,,,,,,
2992.37420903,,,,,,,,,,,,,,,,,,,,,,,,,,,,,
3002.10434504,,,,,,,,,,,,,,,,,,,,,,,,,,,,,
3011.83736494,,,,,,,,,,,,,,,,,,,,,,,,,,,,,
3021.57325265,,,,,,,,,,,,,,,,,,,,,,,,,,,,,
3031.3119922,,,,,,,,,,,,,,,,,,,,,,,,,,,,,
3041.05356775,,,,,,,,,,,,,,,,,,,,,,,,,,,,,
3050.79796359,,,,,,,,,,,,,,,,,,,,,,,,,,,,,
3060.54516415,,,,,,,,,,,,,,,,,,,,,,,,,,,,,
3070.29515395,,,,,,,,,,,,,,,,,,,,,,,,,,,,,
3080.04791767,,,,,,,,,,,,,,,,,,,,,,,,,,,,,
3089.80344009,,,,,,,,,,,,,,,,,,,,,,,,,,,,,
3099.5617061,,,,,,,,,,,,,,,,,,,,,,,,,,,,,
