,CAGR01 Calcite,F1CC06B Magnesite,HS433 Halite,LAZE03 Prehnite,bkr1jb329c Siliceous-sinter,GDS26 Epidote,GDS1 Analcime,NBPP22 Clinopyroxene,LAPP47B Orthopyroxene,LAPO05 Fayalite,LASC02 Forsterite,GDS27 Hematite,NCLS04 Plagioclase,LACL14 Chlorite,LAKA04 Kaolinite,LAIL02 Illite,GDS106 Margarite,c1cy29 Vermiculite,LALZ01 Serpentine,LAMO02 Montmorillonite,NCJB26 Nontronite,LASA58 Saponite,GDS23 Talc,F1CC08B Alunite,GDS145 Bassanite,LASF41A Gypsum,LASF21A Jarosite,F1CC15 Kieserite,799F366 Mg-sulphate
Category,carbonates,carbonates,hydrated silicates & halides,hydrated silicates & halides,hydrated silicates & halides,hydrated silicates & halides,hydrated silicates & halides,iron oxides & primary silicates,iron oxides & primary silicates,iron oxides & primary silicates,iron oxides & primary silicates,iron oxides & primary silicates,iron oxides & primary silicates,phyllosilicates,phyllosilicates,phyllosilicates,phyllosilicates,phyllosilicates,phyllosilicates,phyllosilicates,phyllosilicates,phyllosilicates,phyllosilicates,sulfates,sulfates,sulfates,sulfates,sulfates,sulfates
Sample ID,CAGR01,F1CC06B,HS433,LAZE03,bkr1jb329c,GDS26,GDS1,NBPP22,LAPP47B,LAPO05,LASC02,GDS27,NCLS04,LACL14,LAKA04,LAIL02,GDS106,CY-PLH-029,LALZ01,LAMO02,NCJB26,LASA58,GDS23,F1CC08B,GDS145,LASF41A,LASF21A,F1CC15,799F366
Species,calcite,magnesite,halite,prehnite,siliceous-sinter,epidote,analcime,clinopyroxene,orthopyroxene,fayalite,forsterite,hematite,plagioclase,chlorite,kaolinite,illite,margarite,vermiculite,serpentine,montmorillonite,nontronite,saponite,talc,alunite,bassanite,gypsum,jarosite,kieserite,mg-sulphate
Subgroup,calcites,calcites,chlorides,prehnites,hydrated-silicas,epidotes,zeolites,pyroxenes,pyroxenes,olivines,olivines,hematites,feldspars,chlorites,kaolinites,micas,micas,micas,serpentines,smectites,smectites,smectites,talcs,hydrous_sulphates,hydrous_sulphates,hydrous_sulphates,hydrous_sulphates,hydrous_sulphates,hydrous_sulphates
Group,carbonates,carbonates,halides,inosilicates,mineraloids,sorosilicates,tectosilicates,inosilicates,inosilicates,nesosilicates,nesosilicates,oxides,tectosilicates,phyllosilicates,phyllosilicates,phyllosilicates,phyllosilicates,phyllosilicates,phyllosilicates,phyllosilicates,phyllosilicates,phyllosilicates,phyllosilicates,sulphates,sulphates,sulphates,sulphates,sulphates,sulphates
Library,MICA_new_dirtree,MICA_new_dirtree,MICA_new_dirtree,MICA_new_dirtree,MICA_new_dirtree,MICA_new_dirtree,MICA_new_dirtree,MICA_new_dirtree,MICA_new_dirtree,MICA_new_dirtree,MICA_new_dirtree,MICA_new_dirtree,MICA_new_dirtree,MICA_new_dirtree,MICA_new_dirtree,MICA_new_dirtree,MICA_new_dirtree,MICA_new_dirtree,MICA_new_dirtree,MICA_new_dirtree,MICA_new_dirtree,MICA_new_dirtree,MICA_new_dirtree,MICA_new_dirtree,MICA_new_dirtree,MICA_new_dirtree,MICA_new_dirtree,MICA_new_dirtree,MICA_new_dirtree
Sample Description,,,,,,,,,,,,,,,,,,"LLANO,TX",,,,,,,,,,,
Date Added,,,,,,,,,,,,,,,,,,19-Jul-90,,,,,,,,,,,
Viewing Geometry,,,,,,,,,,,,,,,,,,"i=30, e=0",,,,,,,,,,,
Other Information,,,,,,,,,,,,,,,,,,,,,,,,,,,,,
Composition,,,,,,,,,,,,,,,,,,,,,,,,,,,,,
Resolution,,,,,,,,,,,,,,,,,,,,,,,,,,,,,
Grain Size,,,,,,,,,,,,,,,,,,0 - 500 µm,,,,,,,,,,,
Locality,,,,,,,,,,,,,,,,,,,,,,,,,,,,,
Database of Origin,MICA Files (USGS/RELAB),MICA Files (USGS/RELAB),MICA Files (USGS/RELAB),MICA Files (USGS/RELAB),MICA Files (USGS/RELAB),MICA Files (USGS/RELAB),MICA Files (USGS/RELAB),MICA Files (USGS/RELAB),MICA Files (USGS/RELAB),MICA Files (USGS/RELAB),MICA Files (USGS/RELAB),MICA Files (USGS/RELAB),MICA Files (USGS/RELAB),MICA Files (USGS/RELAB),MICA Files (USGS/RELAB),MICA Files (USGS/RELAB),MICA Files (USGS/RELAB),RELAB,MICA Files (USGS/RELAB),MICA Files (USGS/RELAB),MICA Files (USGS/RELAB),MICA Files (USGS/RELAB),MICA Files (USGS/RELAB),MICA Files (USGS/RELAB),MICA Files (USGS/RELAB),MICA Files (USGS/RELAB),MICA Files (USGS/RELAB),MICA Files (USGS/RELAB),MICA Files (USGS/RELAB)
Reflectance,---,---,---,---,---,---,---,---,---,---,---,---,---,---,---,---,---,---,---,---,---,---,---,---,---,---,---,---,---
900.0,1.0,1.0,1.0,1.0,1.0,1.0,1.0,1.0,1.0,1.0,1.0,1.0,1.0,1.0,1.0,1.0,1.0,1.0,1.0,1.0,1.0,1.0,1.0,1.0,1.0,1.0,1.0,1.0,1.0
903.28574336,0.9996039592033247,0.9998412098468685,0.9996214693441087,0.9997387489364896,1.0,0.9916249224384407,1.0,0.9823412515118636,0.9407480695329601,0.9919742548161229,0.9871410785790995,0.9860068863878914,0.9996488675905795,0.998267231833168,0.9999664484832221,0.998205694416014,0.9979779033300258,0.9997067125890875,0.9991170669241825,0.9998001382165033,0.9953527716386044,0.9992230423342556,1.0,0.9995746704436448,0.9994415421678948,0.9997250045787446,0.9899339431785403,0.9999491161800625,0.9999497453169179
906.618278421,0.9993616124566066,0.999406593691897,0.999143591027421,0.999587385843632,1.0,0.9835499849487594,0.9996270314958446,0.9643885326543182,0.8898450419559878,0.9843448031646593,0.9742281911102106,0.9734010567729886,0.9991579589609172,0.997064819367023,0.9998543285313314,0.9966322607901816,0.9957248241109508,0.9996900513254308,0.9979768261454325,0.999067634042905,0.9909528786938837,0.9981801821658152,1.0,0.9991934454408066,0.9989003092463391,0.9994637622023873,0.9807248291854861,0.9999763651393627,0.9996540299963
909.999291084,0.9993216915343532,0.9988258698616692,0.9986578967149141,0.9996460798698942,0.9999781030810052,0.9756286301314406,0.9985818248232197,0.9459443508790865,0.8460638955441466,0.9770445869302984,0.9608389700159427,0.9620020191171469,0.9985542988848946,0.996219420204585,0.9997166567292916,0.9953061917546143,0.9934554651115106,0.9999514417753073,0.9968807452001833,0.9982112813729049,0.9866507466405258,0.9974976955629942,0.9999724711720971,0.9989199362858449,0.9983644235526148,0.9991887040198331,0.9722618334977516,0.9999923020004197,0.9991820115617835
913.430570243,0.9992362078941135,0.9986865859576051,0.9983491765170922,0.9997859345576935,0.9999584986098108,0.9672338177077391,0.9973319825537496,0.9269500548653242,0.8063931244138836,0.9694958906165446,0.9462733889616743,0.9513313577124963,0.9980892360429056,0.9955590312791185,0.9994481349434468,0.9937043021329484,0.9915962012712574,1.0,0.9962447413000074,0.9977111302484953,0.9823595289803815,0.9977428105065688,0.9997155206160658,0.9989139059684221,0.9977536207165003,0.9989337181702909,0.9647522153944835,1.0,0.998983515592903
916.914016797,0.9991494334245107,0.9985352258509169,0.9983982226639924,0.9998078666832966,1.0,0.9578549124960959,0.9961186062914491,0.9071095056758257,0.7717865429122581,0.9615120676008718,0.9309285995539843,0.9412593840978158,0.9977436631803036,0.9947999113844972,0.9990549810634508,0.9917248655707651,0.9905460479284584,1.0,0.9956560519020412,0.9973215270696862,0.9785465209060642,0.9976454244319728,0.9992555815620783,0.9992973194287742,0.9970197975004051,0.9988810843446596,0.9575555950657293,1.0,0.9988089742234686
920.451653694,0.9993262677437901,0.9982087673863669,0.9987675780996257,0.9997620316265494,1.0,0.9476935484977078,0.994894346765279,0.8868788405236401,0.7418509636351369,0.9532980330236304,0.9154914982266537,0.9322292845560005,0.9972785312092728,0.9939198782391401,0.998902806396428,0.9897588747616631,0.9901187281648651,1.0,0.9949310014833028,0.9970713223383219,0.9751481803747811,0.9968178646907689,0.9986646638869754,0.9997698714444283,0.9963148470219526,0.9988163897423655,0.9507028157686341,1.0,0.9985312519868703
924.045637162,0.9997987466013023,0.9979658021393834,0.9992642351980335,0.999847427184955,0.9997397034498217,0.9374552623861104,0.9934209723945373,0.8668615169439539,0.7150569962681929,0.9452472524844022,0.9001259574280455,0.9251807360365569,0.9964103990985903,0.9934804658070026,0.9991291570858822,0.9881263845182596,0.9896960344771016,0.9995905199668894,0.9939645541385653,0.9972944535171231,0.9717467567494809,0.9958990525755717,0.9980673182767437,0.9999006983757027,0.9959684170947907,0.9984132023324461,0.944643328566681,0.9999689914831544,0.9982143301105288
927.698269301,0.9998455624343116,0.9978345095809967,0.9997581516318864,1.0,0.9990333594342279,0.9275894111606063,0.9915072877715096,0.8464330796113821,0.6913570574670495,0.9375682861966826,0.8837980766681525,0.9208810093963711,0.9951741533429833,0.9944874473944894,0.9987537103149251,0.9862879434687595,0.9889396690388437,0.9988510784708646,0.9922543108335287,0.9980390969646654,0.9685238589402975,0.9950861784141661,0.9974394420731834,0.9998824169428262,0.9961730713268199,0.9980384948773344,0.9389463744620408,0.9999891674252056,0.9977407234028512
931.412012249,0.9996995950332581,0.9976645105813732,1.0,0.9999468771654939,0.9984180210011656,0.9182301681287509,0.9892533959580674,0.8262726711467779,0.6702307730074409,0.9302403350294313,0.8665944828733294,0.9180842790179063,0.9940361631696462,0.9957716190247411,0.9980957919570977,0.9846455223205189,0.9880268032927094,0.9979496597959941,0.9912811896598778,0.9991891208910983,0.9656800960238014,0.9941951530509778,0.996248510296259,0.9999239918741656,0.996297548263589,0.9979518470251706,0.9332851458708221,0.9999030501490042,0.9971288987685594
935.189504163,0.999673423469337,0.9975350030233096,0.999749042336635,0.9996356559901527,0.9979009252435634,0.9093501323081741,0.9868524716227471,0.8069194659558557,0.6521428560992465,0.9230662214684218,0.8490232299395208,0.9152019521575805,0.9930377298492742,0.9963785732306932,0.9976353796711561,0.9833741027629123,0.9872268900468558,0.9965809215718991,0.9917332609479526,0.9997409371518452,0.9629918575725251,0.9931392843273521,0.9937206542326623,1.0,0.9955706865447477,0.9981219556526432,0.928143857131066,0.9995315313129038,0.9963655350984022
939.033577299,0.9995427495357273,0.9976494081825399,0.9989410604757522,0.9995467870882665,0.9968743141408192,0.9006662873534862,0.9844589353252666,0.7877772167144328,0.6381894786661148,0.9158487123421459,0.8311872353854892,0.9117991206122715,0.9916146753511398,0.9969916027393607,0.9970941219071647,0.9818625877473317,0.9864607222509082,0.9941691309516762,0.9920572914228718,0.9986763374383011,0.9600685331964708,0.9915188525472006,0.9888929607324765,0.9998100554507103,0.993909460666246,0.9981952097254179,0.924092323058137,0.9988535458090887,0.9953947776972437
942.947278561,0.9994866308606984,0.9975652861678178,0.9978624280048543,0.9995835041442632,0.9958991459906515,0.8914905787587298,0.9822496923174531,0.7687409981300666,0.6268400737432598,0.9086228543960054,0.8132027584800272,0.9083417919621002,0.989847748479528,0.9974908241746628,0.9965514129339369,0.9803799186876198,0.985337913343141,0.9913620087154413,0.9918245963974669,0.9978617044148376,0.957390741328672,0.9878124991932491,0.9810005392077578,0.9990488866683233,0.9920288067180507,0.9976597840145384,0.9198120098882954,0.9978245758913445,0.9944779452649208
946.933892918,0.9994293621732582,0.9974567344599742,0.9970808019865756,0.9996138572401583,0.9955875186213222,0.8821007144293623,0.9799962571735693,0.749784714358504,0.6177184896749535,0.9011064886789761,0.7952672983871053,0.9057695517556762,0.9877726355861937,0.9975717146900869,0.9959020275435655,0.9789015441028204,0.9840984521345476,0.9896257292918694,0.9915925099981338,0.9977809071201734,0.955234852876111,0.983954474304757,0.9735354034631138,0.9981904302451267,0.9903902651274111,0.9968265868955363,0.9154164659876929,0.9965642533811412,0.9935950211440961
950.996970209,0.9992937331578349,0.9975196739870361,0.9972829154385063,0.999669523708019,0.9957227701506375,0.873351344920003,0.9771191952009279,0.7313405858657435,0.6109882834040153,0.8932858141988309,0.7773336739138716,0.9052832237123002,0.9856745897088907,0.9975568345356424,0.9947796142412982,0.9771764933817803,0.9833366518861825,0.9899581018846296,0.9919460003237415,0.9976757152354347,0.9532508873886067,0.9829937939896705,0.9725141065119887,0.9975841841252103,0.9891943300882248,0.9961370561481028,0.911250110805315,0.9952280384305372,0.9923293518907939
955.140355948,0.9991855230378079,0.9975486741089085,0.9983816947605775,0.9997771116723665,0.9956289586263098,0.8651624396701043,0.9728489019511694,0.7138556557802812,0.6066376824213573,0.8856448215491094,0.7591155952073481,0.9074720927209535,0.9837802721706118,0.9981102151796103,0.9934628213019585,0.9752938383823853,0.9828075597748717,0.9916485388935621,0.99295002006803,0.9971145414030752,0.9511636866553338,0.9843001391041305,0.978820265688481,0.9969709205265043,0.9883974720459896,0.9952921969887083,0.9073151299101757,0.9939051381341544,0.9902927411945569
959.368226885,0.9991638692709159,0.9974764171368407,0.999210978346953,0.9998523513414564,0.9952281057925004,0.8562411201491479,0.9665890935399761,0.6970777373049041,0.6049989615719774,0.8784517148413611,0.7405633775404842,0.911556283699842,0.9817236150919926,0.9991863150133474,0.9928711697576023,0.9737078119024003,0.981379344578726,0.9929437385768333,0.9943216255335469,0.9964045647023309,0.9493511057028166,0.9842171562449769,0.9853257536339771,0.9960279660883963,0.9875869704276239,0.9938762185634255,0.9041213594172146,0.9925824523341542,0.9876458337506225
963.685132242,0.9992079631736344,0.9974506899598731,0.9995364248508445,0.9999030135496175,0.9949257267998918,0.8465654059245794,0.9587619450078134,0.6811358971126226,0.606258238446443,0.8714456156334578,0.7219303636161647,0.9163312894773585,0.9795610480767549,1.0,0.9925431571297764,0.9725940561137231,0.9796011409581842,0.9938067626937811,0.9958770398386603,0.9958862093954264,0.9477839108092339,0.9837373999779826,0.9891447973265756,0.9945713864565884,0.9864444649002031,0.9926574935783988,0.9013831819297375,0.9910833730278936,0.9848894242212669
968.096041789,0.9990130125253875,0.9975002327729594,0.9997306726109302,0.9998057036090889,0.9949343100626342,0.8368507687321309,0.9513849191439363,0.6659097683147421,0.6102348364843005,0.8644549066519429,0.7031314326062913,0.9207019316818466,0.9770146996580247,1.0,0.9931625146495572,0.9717826045664875,0.9789310355996295,0.9944665795960311,0.9975004149121379,0.9953150915595554,0.9464752644964773,0.9843176200771149,0.9906132466287151,0.992668976717461,0.9849287526796521,0.9912865408520027,0.8992954651667687,0.9895790470196736,0.9822268981343428
972.606402173,0.998988663278411,0.9974946567781557,0.9997293233106366,0.9996917025054767,0.9952820926964401,0.8271616621098119,0.9487524899915379,0.651607374162313,0.6166206431117865,0.8563680605923513,0.6845977510212142,0.9250914173111006,0.9740909420894952,1.0,0.9949335990321065,0.9708467319817337,0.9791360246616821,0.9950461018422995,0.9988817536215323,0.9950485528067582,0.9456520829804692,0.9856731417902125,0.9903611523626383,0.990355079359212,0.9838270645046123,0.9898448859106554,0.8985315101620948,0.9882015512592106,0.9796486113129087
977.222203311,0.9991163663134511,0.9972918319915914,0.9990137251456611,0.9997566536904856,0.9958225034164975,0.8184667755973639,0.951143581772727,0.6381920362502229,0.625763612649001,0.8478551966546006,0.6667528691607422,0.9299315699589964,0.971051463315363,1.0,0.9966414897849843,0.9695800562377165,0.9793192026487952,0.9954915971011513,0.9997398743877888,0.9958392477006351,0.9450294220055787,0.9867526207737103,0.9892519607764785,0.9875475710631373,0.9837549204032942,0.9884681956018541,0.8984406834091332,0.9870305979998168,0.9774476455489189
981.950057134,0.9989814066799173,0.9971107962353589,0.998222348829591,0.999882879638212,0.9964705366159982,0.810787364413335,0.9559966237878206,0.6255542173551453,0.6374877589788255,0.8397227671293346,0.6490048466009991,0.9350196999718904,0.9682503737119798,0.999883920166406,0.9975956827568994,0.9681116019959692,0.9791275036102685,0.9957810412232219,1.0,0.9969607331630027,0.9444408592915912,0.9873800172697688,0.9883539041316337,0.984183319106247,0.9846192671695484,0.9868115082465801,0.8978641589997207,0.9861504466062341,0.9763295589597111
986.797291589,0.9988081325226087,0.9969706089896042,0.9984245295530634,0.9998158221441149,0.9970214153865162,0.8030196152528252,0.9623682401131424,0.6136402022874582,0.650878515044208,0.831553501273238,0.6311024199257955,0.9404029383537602,0.9654274474337534,0.9994156965779294,0.9978494845982472,0.9664836410393961,0.978494610116978,0.9960218135920464,1.0,0.9971587117702454,0.9444021960169126,0.9878733843732311,0.9878732090859899,0.9805208140286183,0.9860658282793003,0.9851724482512234,0.8973722208856868,0.9853351990952797,0.9763181262285344
991.720028203,0.9987459118148381,0.9967657810558842,0.9989603218391312,0.9995298744219644,0.9972735990845966,0.7957072134826964,0.9692632390292428,0.6026428125497304,0.6659818439961136,0.82328534759416,0.6137835372777081,0.9463720799733352,0.9618896917041158,0.9984873530414163,0.9977334410642622,0.9646453194963304,0.9774296114650945,0.9961214784826272,0.9999723066542285,0.9963604579592592,0.9449205136863319,0.9884805370537714,0.987208697121771,0.9772031576520467,0.9877352656581121,0.9839191540095359,0.8975850826147855,0.9843918780444729,0.9768476494163396
996.671068522,0.9986387622398233,0.9967453315592604,0.998482262703451,0.9991380633426832,0.9976150830555206,0.7886573240670337,0.975372215428289,0.5931072152132372,0.6835257606237138,0.8147552745086326,0.5974850424323982,0.9527524145477595,0.9579570933304896,0.9969934190851341,0.9981405038526417,0.9627829537141166,0.9755365267716026,0.9959781203356869,0.9998903799884593,0.9959275220151262,0.9453992588423786,0.989310733663335,0.9862661977218915,0.974949845773256,0.9895301900632983,0.9833160879551162,0.8979929416990601,0.983610159571653,0.9775797845657195
1001.65061855,0.9982385551917821,0.9970265417094274,0.9976302530021499,0.9987682119045113,0.9982219956557786,0.7811013928236117,0.98058501666839,0.5851474174054332,0.7035116932278488,0.806394144884286,0.5824179418782998,0.9590339024501052,0.954367857552985,0.9951837866032474,0.9984215442930895,0.9610463087321542,0.9729640105612968,0.9956060612721318,0.999684443366013,0.9965387313748452,0.9459976688282427,0.9901419997580423,0.9856486515085017,0.9743548481076515,0.9914006518293579,0.9838818596138736,0.898859120431763,0.9834038864413314,0.978377766003475
1006.65888632,0.9973814468258017,0.9976162286653599,0.9976934931651337,0.9985843356280835,0.9986599090845514,0.7735854744956653,0.985085392696967,0.57874068807548,0.7252247162248526,0.7982567185827536,0.5683850180204758,0.9648258836953427,0.9510362400044875,0.9931200228187476,0.9979269780762267,0.9593521653153648,0.9705468581082558,0.9948720479050887,0.9991840399053665,0.99612165726042,0.9471073465892726,0.9911332692261413,0.9854156217146234,0.9754716577935596,0.9930114930388759,0.9853967498151334,0.9004188298267863,0.9835906943939531,0.9796465584573667
1011.69608192,0.9967279021377841,0.9981131360460441,0.9981169135206442,0.9985215527172575,0.9987149664219674,0.7671523169935967,0.9883677767180191,0.5736093481633266,0.7482505651519756,0.7906557419781425,0.5555546860208299,0.9696920171270135,0.9475641609963541,0.9908926795169751,0.9976159060958528,0.957709761890025,0.9681707124238333,0.9939857502347921,0.9986122174243619,0.9949619973337904,0.9483551118514738,0.9922479335469403,0.9848591138852697,0.9780886886882677,0.9942309605573819,0.9873835737234332,0.9024871880613029,0.9835150163338594,0.9814657603806608
1016.76241755,0.9966669844631165,0.9984235355002663,0.9984496457418491,0.9984977013033177,0.9988977182955824,0.7625656934982259,0.9909729115644035,0.5695747781651604,0.7720892916766527,0.7836664576585695,0.5438372030083709,0.9736932707525177,0.9442969684375613,0.9884946510541196,0.9978701855331239,0.9558446027751304,0.9658493074571115,0.9934610946758387,0.9982193203733487,0.9941751654046413,0.9496036661851,0.9933917440569103,0.9837574811116363,0.9819250100388852,0.9952574539516557,0.9890430105446755,0.9048348248195112,0.9833130393693635,0.9834879381112811
1021.85810749,0.9968960912486192,0.9984698631855984,0.9981138357334428,0.9986878642564591,0.9992483261532376,0.7585132833590331,0.9929791267685295,0.5667819862991198,0.7964883148217411,0.776805129709132,0.5327175128974979,0.9769882973872376,0.9411145532691102,0.9857660364624767,0.9983132086250941,0.9535213248839658,0.9641973625701694,0.993069990411687,0.9981715362050025,0.9937452506273264,0.9512673047755709,0.9940488675472032,0.982897292314447,0.9865531262830096,0.9961918556968237,0.9903924922036479,0.9075246201480178,0.9833982706595614,0.9855370958204261
1026.97288016,0.99713374992275,0.9984953409663634,0.9972087187358147,0.9991078533261818,0.9992763770102902,0.7542391730784219,0.9942695587580603,0.5650988089059701,0.8205786311502037,0.7702253472000464,0.5226619074214852,0.9793583646530275,0.9378586072942697,0.9827504376865447,0.9985909839435894,0.9510947518270816,0.9627562833877891,0.9927607982671726,0.9977930000608625,0.9938939013614532,0.9532104550089192,0.9945632595146552,0.9825861943082179,0.9911536020065901,0.9970169641804447,0.9921372865896226,0.9107704265977261,0.983903693475392,0.987702855402308
1032.10649695,0.9971245280746109,0.9985976173142725,0.9966576198555802,0.9993715749709188,0.9992865274512336,0.750630499888543,0.9946954256126198,0.5646627302358525,0.8444595273523952,0.7633841306699072,0.5141583408218916,0.980881850402111,0.934828198705561,0.9795230059226135,0.9989654251637918,0.9490815429833889,0.9605832089651953,0.9927581397958805,0.9964515391076981,0.9941901089118483,0.9551696477023615,0.9954531944017754,0.982605752342605,0.9943843288537725,0.9977379335999401,0.994027438684682,0.9145984594884015,0.9846153434667727,0.9898275877885724
1037.25897753,0.9970149602710743,0.9986607448306921,0.9968750074100072,0.9994195424369915,0.99965172801983,0.7475783843451939,0.9948087498011439,0.5655408771046284,0.8681661692767527,0.7565924618263393,0.5071311111575035,0.981347965068564,0.9317836162455996,0.976356384879261,0.9991394099316924,0.9471794935467002,0.9580693981843958,0.992961577855839,0.9948275626385599,0.9944933458541537,0.9574259863550036,0.9961587780640776,0.983089686929926,0.9964500830662928,0.9984012441618367,0.9955571024367182,0.9186972951996826,0.9854325386846788,0.9918857884276095
1042.4303413,0.996638640324676,0.9988268338244098,0.9974503108252417,0.9994783417490344,0.9999379674807494,0.7447983031959274,0.995469843113644,0.5675142717418955,0.890912335559064,0.7508116478636967,0.5010467057133294,0.9809047729879915,0.9285154284934511,0.9732392684386794,0.999337854718199,0.9447940157940404,0.9558622363119358,0.9932913467334029,0.9935314795118948,0.9942060853895185,0.9598570715006053,0.9966260678410792,0.983780455796009,0.9978364559549674,0.9989438887701265,0.9969989307214286,0.9229617159065241,0.9864120168967293,0.9938738049396012
1047.62060737,0.9962872654682811,0.9989060891679966,0.9975852906699305,0.9995536798552225,0.9999718803353966,0.7427153276843913,0.9961409977794766,0.5705331801573262,0.9122034363976024,0.7452138310411861,0.4957994056553647,0.9798441966642861,0.925313365063942,0.9703818941185244,0.9995020480614696,0.9422852815695114,0.9539930113211912,0.9936581919338096,0.991776332224001,0.9931502418416255,0.9623620704112315,0.997225606915078,0.9838865941306804,0.9987309408686793,0.9992946339883795,0.9979617710504519,0.9274400464061529,0.9876170354634063,0.9956228128092263
1052.82979459,0.9961989278285979,0.998867353030658,0.9974313275024187,0.9995392970050392,1.0,0.7415247614899716,0.9960904287659089,0.5747303656756859,0.931670104684342,0.7396475143970276,0.49173624650828823,0.9780456205821866,0.9224164477208925,0.9672457959290675,0.9996144832851477,0.9394813685913778,0.9520455914007083,0.9941814236908777,0.9895546069776823,0.9919829139192642,0.9650371198929161,0.9977507302180653,0.9832858544090091,0.9992157625599012,0.9993680931435326,0.9984977472960861,0.9316069870432655,0.9890751521847904,0.9970428722469086
1058.05208946,0.9958480282129776,0.9989709356567135,0.9977981118901681,0.9996329699754215,0.9998729378794573,0.7408711586411457,0.9957800313241433,0.5802590626532943,0.9489530806800444,0.7346102906669962,0.48856670141666786,0.9765118147009267,0.9197498449922678,0.9634021543063163,0.9996823447535088,0.9367307577247704,0.9498970671997767,0.994900600799493,0.9881905013933293,0.9916661079188707,0.967718615692739,0.9982479217688098,0.983048458436184,0.9994192958825691,0.9993874318479313,0.9988765409352567,0.9358809278976593,0.9906688942150923,0.9981432586228894
1063.2810895,0.9958078165309193,0.9993092024644679,0.9986453631057586,0.999707221608475,0.9997655459121713,0.7409347272585386,0.9956115653343793,0.5870177120871785,0.963870415430159,0.7303070631322865,0.4868143855747832,0.9752775272660997,0.9170326316719183,0.9599993145330129,0.999570508940285,0.9344180039970692,0.9475267573784433,0.9957065779429474,0.9866530522509727,0.9923557174102924,0.9704031974688174,0.9985606666790073,0.9833244963811728,0.9996544693900997,0.9996399007822611,0.9992717165530012,0.9405432526099518,0.9923400500604114,0.9989945818892886
1068.51675432,0.9957213754320781,0.9996303332863381,0.9992018134740608,0.9997621732660366,0.9998673179248955,0.7419935517960701,0.9952996057532685,0.5947233990677071,0.9761779153766577,0.7264037850106668,0.4861620236144361,0.9739153896824327,0.9141501456994395,0.9573747622437668,0.9992569034166416,0.932550898162828,0.9447343461156593,0.9963311427362018,0.9850800501245024,0.9933702575259243,0.9734200285910127,0.998965800742695,0.9838500495298198,0.9999046560384063,0.9999130753715114,0.9996839998797754,0.94493283574787,0.9938800258185542,0.9995478743692572
1073.75904388,0.9959501357232865,0.9996464990978792,0.9987252080759155,0.9999042877903331,0.999890881864035,0.743829779813656,0.9949850004983114,0.6032958024248205,0.9857077151759629,0.7229557787758132,0.48600089744409747,0.9725840408978854,0.9112861589935428,0.9545164586838425,0.9986013226557309,0.9310602192738031,0.9420603686884029,0.9968248299588431,0.9836756093834834,0.9940447676175711,0.9764222076833529,0.9993943014864494,0.9845639663308535,1.0,1.0,1.0,0.9489926888804163,0.9952628187982115,0.9999150379003934
1079.00791838,0.9966429161539675,0.9995574487763531,0.9978377535862306,1.0,0.9999303741873339,0.7458926587113054,0.9946797483349789,0.6129200571045581,0.9926086643192981,0.7202260472992151,0.4870046577085013,0.9716455767043919,0.9086685617674654,0.9514117983407796,0.998123477563974,0.9289947290583871,0.9396881008973782,0.9972558597901251,0.9819769064095853,0.9946387095308777,0.9791228457686625,0.9997332811560488,0.9850112314954744,1.0,1.0,1.0,0.9534280076035078,0.9965579965473058,1.0
1084.26333836,0.9969344263764749,0.9996538757058204,0.9972562964319657,0.9999662746982085,1.0,0.7482321886909381,0.9941505897129944,0.6235191629680997,0.9969103455876485,0.7181113745984045,0.48916992828377687,0.9711066051984077,0.9061107375858038,0.9484657596654271,0.9982700419850206,0.9270661011035813,0.9378561907628115,0.9976177774419407,0.9802711874039609,0.9941045732209166,0.9819437057579613,0.999817830292025,0.9851826634404175,0.9998137770273947,1.0,1.0,0.9577583186730501,0.9975818683760169,1.0
1089.52507305,0.9969680650398022,0.9997277139176629,0.9979209161377851,0.9999250154645217,1.0,0.7521710073684917,0.9932783748105016,0.6347927959706966,0.9994158446125055,0.7158113157934479,0.492156041003533,0.9705966922381433,0.9037729661082639,0.9457741178977498,0.9991256282199578,0.9255838090807005,0.9367988209173872,0.9978446960542272,0.9789330969911563,0.9941431833976967,0.9847067426230546,0.9998114224901454,0.985756464000596,0.999454570876386,1.0,0.9998444439281824,0.9614649768286028,0.9984353883757553,1.0
1094.78823545,0.9967153949348322,0.9996195744407889,0.9988876931417642,0.9998972984353611,1.0,0.7571684832077015,0.9918945593808002,0.64687075238097,1.0,0.7140723627473946,0.49586993085465325,0.9701934449114402,0.9018379260343496,0.9437374713721374,0.9994516579632856,0.9239862296588677,0.9359630582602421,0.9978850172890219,0.9780940701145318,0.9942306170594958,0.9870155873158482,0.9999657308567679,0.9868106172514498,0.999206432795054,0.9994339353968618,0.9995350985195661,0.9651564987850837,0.9991423762035967,1.0
1100.05281299,0.9963944286886889,0.9996242231553563,0.9990761468106508,0.9999826672782423,1.0,0.763265972426501,0.989724763631515,0.6595950243631576,1.0,0.7132455928316851,0.5000554350053618,0.9702267580146197,0.8998567256499693,0.9417373942319671,0.9993228635222263,0.9227055536817054,0.9353387202208195,0.9980041044686225,0.9772901100383994,0.9937042764679991,0.9892366004828744,0.9999435134832381,0.9876956126621074,0.999011846931251,0.9986920531656505,0.9996307628762606,0.9686726722104325,0.9996540777435344,1.0
1105.31879326,0.9962315025699335,0.9997994923500826,0.999217030744277,1.0,0.9999593819823301,0.7703750309693287,0.9872074855603641,0.6726147518457508,1.0,0.712782297570777,0.5044769904469821,0.9708814041241652,0.897843077470782,0.9394252231071955,0.9992654241170618,0.9217415921605396,0.9348093738729782,0.9982574455569241,0.9765741383215674,0.9932868747689959,0.9914104429558771,1.0,0.9886584203372982,0.9987345241546038,0.9980158201733282,0.9998457184108241,0.9724220028790512,0.9999344700755867,1.0
1110.586164,0.9962484218523,1.0,0.999320287416012,0.9999851864319046,0.9998945912368887,0.7778942335662694,0.9847154136276575,0.6859228625034436,1.0,0.7125411117026459,0.508926167498506,0.9718054582964287,0.8959434116673258,0.9374200577254244,0.9993597993954834,0.9210312017736819,0.9341330143642563,0.9988502288469201,0.9761925748716523,0.9926849688015977,0.9935070708562578,0.9997173671343706,0.9896391890531695,0.9986039129889485,0.9973492130144095,0.9997944633302106,0.9757506525947631,1.0,1.0
1115.8549131,0.9959119075520627,1.0,0.999479532093994,0.9999840025453293,0.9998137857007406,0.7853962403703724,0.9826712756551331,0.6993914750982843,1.0,0.7126034467918124,0.5137102791322636,0.9726830102454064,0.8940241297123022,0.9360835185692836,0.9996163761678829,0.9208234752585578,0.9329781168645765,0.9995988164019143,0.9760436565779697,0.9918174785400015,0.995848517788753,0.999080634526505,0.9905643118159475,0.9986215929680734,0.996776871093418,0.999521313809005,0.9786775067488857,1.0,0.9998373996218275
1121.12502863,0.9959888949565101,0.9999692453500089,0.9993119045101919,0.999882373954872,0.9994648412429543,0.792865286845247,0.9805391878344759,0.7130998194470599,1.0,0.7126268803432014,0.5188766097733022,0.9736491445593539,0.8921157236762374,0.9354380749649056,0.9997580395555228,0.920536357786506,0.9321985304310465,1.0,0.9752636729707838,0.9909609501704104,0.997572993422046,0.9983970988578676,0.9913363143663291,0.9989459068210276,0.996759826642098,0.9992948074280164,0.9815621315274716,1.0,0.9993694917669856
1126.42117712,0.9961979877468863,1.0,0.9987799026470057,0.9996460166677064,0.9987991309842003,0.8004647367059957,0.9777708613063149,0.7268282483354971,1.0,0.7129946480085088,0.523860465510064,0.975160691610998,0.8903322909970283,0.934872021448405,1.0,0.9197935091278611,0.9320770129526941,0.9997921992921682,0.9747556548724178,0.9910088819593276,0.9985171228126415,0.9972959095900463,0.9922064660959777,0.9994081806192282,0.9963515356709716,0.9988168748164776,0.9846139519401836,1.0,0.9985007586786064
1131.75559815,0.9962626397423261,1.0,0.9985676841523654,0.9995337047781546,0.9978079830609495,0.8083603657613393,0.9738972971680583,0.7402137408763867,1.0,0.7137275142372342,0.5282751617339535,0.977525286699954,0.888490187259608,0.934123397292484,0.9997126218239524,0.9188407296545997,0.9318120470862163,0.9988555800707599,0.974535953524717,0.9914211451179701,0.9994515934980239,0.994984573977986,0.9930974348693032,0.9998547460474104,0.9944841433676584,0.9979941970695444,0.987139019572393,1.0,0.9974153088617193
1137.12876151,0.996331652890078,0.9999301931894352,0.9981553704635486,0.9996009832353892,0.9963307154741089,0.8164095468264362,0.9681287605244943,0.7532491928712084,1.0,0.7149818895526643,0.532620463547232,0.9803827240196348,0.8866187689727606,0.933236022637909,0.9996995856533267,0.9184828111643112,0.9315036798804853,0.997837088169501,0.9745710197647213,0.9908582105448214,1.0,0.9913635971691186,0.9937114099016714,1.0,0.9914768035222191,0.9968779770872229,0.9890249057718583,1.0,0.9956925525150653
1142.54114608,0.9965370913579975,0.9999277495178606,0.9977297962657581,0.9996604410662809,0.9942760052393987,0.824871379983483,0.9588926441989585,0.7661777927016916,1.0,0.7171754549587217,0.537082218619172,0.9827810771120398,0.8848320789504199,0.9330682060217614,0.9997843143816735,0.9182895636785766,0.9315261864950105,0.9967437242186296,0.9742252333773036,0.9896901284854202,0.9999296625273945,0.9866168183577971,0.9941453204826958,1.0,0.9875786965739773,0.9952299775659146,0.9908357606592536,0.999943519384263,0.9928831080044136
1147.99324008,0.9966923057888935,0.9998323127437782,0.9978244146479814,0.9995485400389701,0.9921492301477642,0.8339278099670177,0.943570722042489,0.7787428564240405,1.0,0.7199824335426143,0.541203492152564,0.9847528723775174,0.8829967990174373,0.9334643723011654,0.9994912607902402,0.9183801905430284,0.9320429953486762,0.9955339273652607,0.97374851109428,0.9885526895240463,0.9994972385939267,0.9813145071631281,0.994724276866627,1.0,0.982486304997213,0.9926058625477321,0.9927426218634446,0.9990183221784278,0.9887419784627035
1153.48554133,0.996383674281916,0.9997250660371932,0.9981661852616586,0.9994276654020341,0.9910440021048705,0.8435530125414119,0.9228482990881614,0.7907153110015516,1.0,0.7222803273878386,0.5451406992060347,0.9871204240419558,0.8812188962059219,0.9340331804325406,0.9994257401824806,0.9187067757133245,0.9326291562520884,0.994485688252361,0.9731426850025144,0.9887991921979862,0.9989664941550401,0.9778257914329326,0.9953282866105265,0.9999601718045914,0.9751787301282155,0.9886846446414832,0.9942745565470077,0.9974349281412371,0.9833619779923598
1158.99647413,0.9958242921981469,0.9997775155641278,0.9987394180785424,0.9993770398874485,0.991226086316654,0.8529119463412417,0.9057301176144605,0.8022371091268118,1.0,0.7236529239847092,0.5487828589790296,0.9896353153503071,0.879272838561811,0.9347061533737805,0.9996316834944172,0.9191312798598715,0.9331019973260355,0.9937293452297176,0.9731893372937479,0.9899338439826079,0.9989989493340222,0.9775604867239679,0.9957954959679695,1.0,0.9664991757092954,0.9840025442292216,0.9951341545369813,0.9957160811341796,0.977439195961774
1164.48107738,0.9959769731276388,0.9997989240140869,0.9996256158114255,0.999344320352624,0.9920750922439633,0.8618469305551585,0.9045222851059804,0.8132394597991119,1.0,0.7250295054293736,0.5516875545121617,0.9917387547585621,0.877198188626447,0.9356170657065253,0.9999407603582416,0.9196640837712368,0.9335420762242601,0.9933396450509371,0.974098898825538,0.9906289998539356,0.9996411071054581,0.9798497812994594,0.9964461535372172,1.0,0.9600864885471098,0.9783464644873789,0.9956685060402518,0.9943213393085898,0.9716930985313597
1169.93996942,0.996593181055198,0.9998493208955049,0.9999545816965646,0.9993885504650765,0.9930115909660243,0.8714669176863673,0.917230649923101,0.8238308190451604,1.0,0.7266941083285026,0.5539374534343097,0.993734668162832,0.8750879030481267,0.9366638721761553,0.9999333010611337,0.9203340081239422,0.9339621199723221,0.9933969540143346,0.9748433726006107,0.989922761824102,1.0,0.9827588396586507,0.9970863766222572,1.0,0.9593700950425228,0.9724284112764683,0.9963747369579077,0.9934035718362254,0.9666278157844597
1175.3737451,0.99694139487418,0.9999885997995153,0.9999210205013902,0.9994669317121648,0.9939094209354856,0.8820764777072122,0.9327155579687518,0.8335420869309457,1.0,0.7279030324622758,0.5560279403397612,0.9959950398134748,0.8733809014444396,0.9377143459507501,0.9996258178050483,0.9208362737543062,0.934496883224772,0.9938059776871199,0.9754859712398064,0.9896116674685058,1.0,0.9854974985627283,0.9976242963113726,1.0,0.9638929808816799,0.9677384930119834,0.9966699565615234,0.9926980825577991,0.9631990225318663
1180.78297699,0.996575734629827,0.9999912153059483,0.9994353392695168,0.9995948349619276,0.9946779706931069,0.8933706628198725,0.9448499106624236,0.8426052169624296,1.0,0.7283358217333803,0.5579157805356764,0.9981909150070271,0.8719391083027056,0.9388275174157513,0.9997247606562263,0.9217552510712707,0.9359977629706819,0.9944663215151331,0.9762831515315519,0.9899423192317445,1.0,0.9878960504459309,0.9985876439272509,1.0,0.9700888681454722,0.9649747467021614,0.9970656094769271,0.9919876993950903,0.9615960343238202
1186.16821657,0.9964520675243578,0.999899386416115,0.9985212711112601,0.9996749024352567,0.9951645151132653,0.9049954446525181,0.9522867561375536,0.8511450151463767,1.0,0.7292130615556471,0.559600659189921,0.9998018430710264,0.8702749026302671,0.9401239857291679,1.0,0.9235885418216006,0.9381266830865669,0.9952307335360151,0.9771354973493582,0.9905792465619027,1.0,0.9895108478350212,0.9996855431708737,1.0,0.9752182523659855,0.9632027687697157,0.9974690229635195,0.9912979723660504,0.9609599574988927
1191.52999524,0.9968034656760226,0.9997942458648978,0.9978221514331675,0.999736134636006,0.9955421829800116,0.9163663678988053,0.956462563861909,0.8591031758072607,1.0,0.7298679338516071,0.5608892776451837,1.0,0.8683989873013109,0.9414382624029465,1.0,0.925104484866991,0.9398608125394168,0.9961969052835945,0.9781409695755128,0.9920147993071764,0.9999194427898517,0.9908426297392571,1.0,0.9999836394591873,0.9786400747309717,0.9624392218429302,0.9979520465223533,0.9904514617632888,0.9606159962959168
1196.89576018,0.9971086443947841,0.9995935556932336,0.9975300783032257,0.9997359469362692,0.9960650218497121,0.926750324118597,0.9599548099880477,0.8668210220641567,1.0,0.7297349773097435,0.5622898932256881,1.0,0.8665768471508605,0.9430923774132055,0.9999062334400263,0.9261144261334973,0.9407949691859627,0.9976664569065609,0.9786627541428354,0.9937933436452039,1.0,0.992069036894219,1.0,0.9996763979115658,0.9809101548552438,0.9623207965118494,0.99859943586488,0.9891093213594341,0.9605396611618489
1202.26638934,0.9974604915219958,0.99949786400637,0.9983135865267115,0.9996067645160914,0.9966549880685237,0.935943368245673,0.9651025955464635,0.8741320908794683,1.0,0.7290694762374678,0.5637110545226182,1.0,0.8651214787631728,0.9450789325901705,0.9996888267627784,0.9273006490150764,0.9418085123559334,0.9991330791028207,0.9793852181253981,0.9962203049652044,1.0,0.9932649545933323,0.9997206104461926,0.9989401748715429,0.9825107387482711,0.9624799025634491,0.9990995789504512,0.9876828113780018,0.9608781576181076
1207.64185238,0.9973894707037266,0.9994767528455097,0.9988520721342599,0.9994452493790121,0.9972013182479698,0.945248465070956,0.9705380281052232,0.8805623165670026,0.9999182720849717,0.7281055515978526,0.5648599638489888,1.0,0.8639368373392544,0.9472318230276235,0.9992207116367428,0.9288242385800771,0.9434312872479359,0.9996085624166237,0.9807455173392833,0.9987239685214747,1.0,0.994132136165788,0.9995458335735936,0.9975730099927705,0.9842339147135196,0.9631634808569353,0.9995006207370944,0.9868104502364926,0.961565735145914
1213.0221192,0.9970397084817681,0.9991789968861723,0.9988444648372127,0.9992907204611963,0.9976614688218255,0.9540852340850006,0.9746284348550086,0.8865579648385434,1.0,0.7273332443367871,0.5658626514184871,1.0,0.8629388325674608,0.9493571919576143,0.9991027708088808,0.9307395366320189,0.9452857731156825,0.9997436781882147,0.9819545765444552,1.0,1.0,0.9953124629451245,0.9997906461314893,0.9956492106869745,0.9866076037143544,0.9652979646684013,0.9999857283693128,0.9860135157687864,0.962167705467967
1218.40715994,0.9971566010731772,0.9988710288710527,0.9984096240304126,0.9993101924439022,0.9980412651769501,0.9622330362680712,0.9775546181350449,0.8922370262327891,1.0,0.7263219735463219,0.5670318153150942,1.0,0.8618869599472412,0.9512631623663214,0.9984860883441605,0.9321941769314347,0.9470261861230194,0.9999665658232028,0.9828671301304552,0.9999034817148745,1.0,0.996418363188115,1.0,0.9927992290015794,0.989055098249723,0.968124954520081,1.0,0.985048036839889,0.9625497402243218
1223.79694502,0.9972254579805507,0.9988608762548772,0.9977792803227532,0.9994774806697616,0.9982620138847367,0.9700996800019027,0.9795891513302312,0.8976249504470205,1.0,0.7245997203998236,0.5683321820061151,1.0,0.8606957468650956,0.953036937790892,0.9970678285936069,0.9332807482607117,0.948502439899796,1.0,0.9831497384445028,0.9991509599533598,1.0,0.9973989978311696,0.9998553470290127,0.9890390614911636,0.9912323825812328,0.97028305958679,1.0,0.9840099339161545,0.9632424201832953
1229.190873,0.9972127837694643,0.9989980387269373,0.9975293008200339,0.9997678579358126,0.9983732701746769,0.9771111019429128,0.9805357062325184,0.9029511864757456,1.0,0.7225957375860063,0.5698499233088505,1.0,0.8597438654284723,0.9549110880578289,0.9952711891315217,0.9347510999643546,0.9501090031104967,0.9999620137240878,0.9830715732643658,0.9985844486839002,1.0,0.998066813299652,0.9994700980501754,0.9852237012556958,0.9930218111775341,0.9719912236802195,0.99999918174292,0.9832449589936767,0.9642832071976558
1234.58829679,0.9972717886496968,0.9992356276504517,0.997158523800782,0.9999498384057331,0.9984494355644629,0.9825777142294844,0.9809915478223592,0.9079143260104778,1.0,0.7212104636049665,0.5714328882765426,1.0,0.858894693802961,0.9568058290365851,0.993760704187081,0.9361830031187879,0.9518622120503695,1.0,0.9835073180394566,0.9991977054489865,1.0,0.9987238601042382,0.9995686241634634,0.9819193841424149,0.9944832227340007,0.974295852491049,0.9999394159052916,0.9826465651853005,0.9653874062066644
1239.98919257,0.9976532747395195,0.999569210041257,0.9970528308680534,1.0,0.9984910166893071,0.9871200963937016,0.9819209089569267,0.9125476970752163,1.0,0.7204320009404633,0.5730378161554129,1.0,0.8579459127113696,0.9587088787950018,0.992697571506691,0.9375383298152632,0.9539234564380571,1.0,0.9844719190572897,1.0,1.0,0.9991208221003298,0.9999192844753593,0.9788776532768798,0.9962150903520945,0.9774483133960111,0.9999555034942964,0.9821621888704434,0.966706369004744
1245.39353673,0.9978746534033489,0.9997513506354521,0.9974509228872477,1.0,0.998552138854718,0.991031488691495,0.9833330529408085,0.9173446265270779,1.0,0.7191954857807891,0.5746833677622104,1.0,0.8571037077517677,0.9604669785239042,0.9927320952387284,0.939248672471945,0.9558284476335709,0.9998041298233635,0.9857712455095967,1.0,1.0,0.9993898001520711,1.0,0.9755501565579485,0.9977214431351021,0.9806873040404092,1.0,0.9818003446788374,0.9681512279729986
1250.80130588,0.9979294275483165,0.9997765803981438,0.9981772835235727,0.9999787941639244,0.9987777491735759,0.9944334883350753,0.9846087839825601,0.9220959891617913,0.9999581574794194,0.7177490121341429,0.5766191772839775,1.0,0.8564305910778507,0.9618150509471503,0.9933874538042955,0.9408921073615106,0.9572069447562073,0.9992112876806865,0.9874021627005914,0.9997144695763367,0.9999420857145472,0.9999515993932732,1.0,0.9711359014197162,0.9989331751731757,0.983451026855873,1.0,0.9813541500277725,0.9696609194869052
1256.21247686,0.9981266409268107,0.9998545579773793,0.9989458161340204,0.9998813344262014,0.9991935822125526,0.9974296636997387,0.9851584278030912,0.9264713776853424,1.0,0.7161099981855259,0.5789502711416028,1.0,0.8558241542453283,0.9631707435686443,0.9941115709654894,0.9424067301438035,0.9587476174520627,0.9984818478801555,0.9886918286079044,0.9997492063967163,0.9999622198029655,1.0,0.9992907463820856,0.9646186127149537,0.9998192920238985,0.98587000290569,1.0,0.9811667212675164,0.9711747334076849
1261.62708732,0.9981011044086217,1.0,0.9997141682092311,0.9995147192311777,0.9996091285139415,0.9994458930446453,0.9853584628727267,0.9304844716847666,1.0,0.7145748926142899,0.5814747438876264,1.0,0.8553357836891734,0.9649351743165072,0.994129191697082,0.9436530854993012,0.9607659542753479,0.9979466204392448,0.9892629604996815,1.0,1.0,1.0,0.9973123466754116,0.956958311241506,1.0,0.9878420349924092,0.9998488033414283,0.9814947821308576,0.9726475161907329
1267.05580532,0.9978776259930392,1.0,1.0,0.9988813292267962,0.9999210466261548,1.0,0.985427229229673,0.9342233329801648,0.9998723853990517,0.7128663961302394,0.5840310473164937,1.0,0.8549008712463992,0.966813732819976,0.9933379387181758,0.9450635164022241,0.9627966112089387,0.9973827584325395,0.9894757993889824,0.9992955842504614,1.0,0.9995933893686642,0.993480792525058,0.9530591619306538,0.9997654815513455,0.9891996613522887,0.9999478158040075,0.9822676676645901,0.9740238845490493
1272.49861965,0.997665356246831,0.9998840220500385,0.9998418143848258,0.9980517063256709,1.0,1.0,0.985091012107089,0.9378714676525198,0.9992937763179948,0.7109416645494745,0.5868869297130229,1.0,0.8545923620648038,0.9686510652552481,0.9915345703769561,0.9465765701177556,0.9646845142495691,0.996035997424178,0.9901063382417082,0.9986685096187602,1.0,0.9986729562615854,0.988987880867695,0.9567600494326577,0.9996244381058191,0.9901991626037123,1.0,0.9831471584020629,0.9752513367317592
1277.95551888,0.997425359335667,0.9996404110731527,0.9995162450761276,0.9969804327958609,1.0,1.0,0.9841141062124621,0.9412578678630533,0.9983823606172669,0.7093033043766495,0.5900690437204482,1.0,0.8545191435402594,0.9704857520482253,0.989410790448098,0.948015898641648,0.9667369419289453,0.994375083550499,0.9903729247656464,0.9987422763735898,1.0,0.9981755868611286,0.9870574148710414,0.9662431561681845,0.9995330890524134,0.9910154822782056,1.0,0.9839353835259931,0.9763715670512753
1283.42649147,0.9974627848498769,0.9997035112226229,0.9990918440159204,0.995789549959759,1.0,0.9998599895630634,0.9820538280320394,0.9447187004185128,0.9970646305151979,0.7080024819153866,0.5934990044465549,1.0,0.8547403333544842,0.9724226595178844,0.9869318189500815,0.9497751886850246,0.9686872418171281,0.9941555671359409,0.9910109934225325,0.9980447437137138,0.9999956969671896,0.9984821365745732,0.9897568885353907,0.9778445441486724,0.9990907285822627,0.9916541677205449,1.0,0.9848207599941203,0.9774144458044268
1288.9115257,0.9977518743909357,0.9999398446840746,0.9987925704633354,0.9950911327355677,1.0,0.9993521045974925,0.9790451771594526,0.9482903305268282,0.9956904127765503,0.7070345002986107,0.5971816982981509,1.0,0.8553399991917585,0.9741524715876964,0.9836945439718353,0.951603975916739,0.9700317696003831,0.9964627770740055,0.9922996765789592,0.9970425585119802,1.0,0.9984525885944296,0.9925531990137197,0.9883973034145408,0.9981878907293841,0.9922519138684577,0.9997895385027039,0.9858170918895035,0.9782311413937309
1294.41060969,0.997910697531002,1.0,0.9984330873119454,0.9950299228481301,1.0,0.9988606312916284,0.9756054565726704,0.9515598151643508,0.9942435392420074,0.7058780834605083,0.6015226397842985,1.0,0.8560880235763464,0.9759601300165343,0.979479494990835,0.9530066911208762,0.9712727709785582,0.9989007918246033,0.9939900265888929,0.9961807149224943,0.999890979145556,0.9969886704420338,0.9926130565081365,0.9954652396157437,0.9969560375124982,0.9923938603638663,0.9997902166671689,0.9866828149040328,0.9787986753211635
1299.91690127,0.9980552787285945,0.9999225945219603,0.99811798067096,0.9951350862503703,0.9999846239379158,0.9975107030553413,0.9721726853387231,0.9546772938681105,0.9923625448507419,0.7043696085595762,0.6062388093293903,1.0,0.85678971664743,0.9779233148619113,0.9752007832953234,0.9545911961856574,0.9727636739350587,0.9999809402222279,0.9952778888079216,0.9951499222191067,0.9997274192953959,0.9955107797154431,0.9926404913597363,0.9989879525676708,0.9950982888774341,0.9920287294067944,0.9998298992339868,0.9874859303525753,0.9791239803440681
1305.42577023,0.9975762895981841,0.999814498868575,0.9982266115048426,0.9952888341815422,0.999585223840581,0.9954553869586715,0.968550875935358,0.9577924910730157,0.9901426451644637,0.7034021895110544,0.6108573276678445,1.0,0.8576867808145495,0.9798499122149075,0.9715272685987201,0.9565276947741729,0.9745750190014558,1.0,0.9957153528523299,0.9950136667136109,0.999450917132475,0.9941145416874593,0.9940400593798924,1.0,0.9924494238523695,0.9910793587483905,1.0,0.9881146314771723,0.9791685903176404
1310.93719838,0.9974192521484225,0.999933095882727,0.9981110994333136,0.9956765993296,0.9986238739187845,0.9930028951639319,0.963984719024068,0.9608391270086728,0.9877943722504378,0.7030512468549395,0.6156079794248815,1.0,0.8588448576989526,0.9817440346783289,0.9685929108104057,0.9581843411142854,0.9763693429497952,1.0,0.9960536448896252,0.9950371117611584,0.9987781826125994,0.9917386153843983,0.9948152614232966,0.999102162409726,0.9891074262309467,0.9897338152121468,1.0,0.9884897531640864,0.978922161340495
1316.45116775,0.997606204266966,1.0,0.9978883712061571,0.9961422605326455,0.9969920991133454,0.9908779006000719,0.9575946468142559,0.9638791353233324,0.9847536367468409,0.7025078898473597,0.6208207625775068,0.9999848158030673,0.8600996054767401,0.9837639110411831,0.9660027529955443,0.9593529207231475,0.977932169034628,0.9998363852254565,0.9970448243705654,0.9939584482760021,0.9976435624422457,0.9877586154966603,0.9942303864476607,0.995609302043412,0.9849043429122292,0.9877233335091579,1.0,0.9886089709679785,0.9784426455771015
1321.96766053,0.9976322406298567,1.0,0.9979308126285057,0.9963490417064901,0.9947069390948282,0.9893325380718581,0.9484767814367099,0.966621493537383,0.9810757505676183,0.7018742432729888,0.626159903919309,1.0,0.8613519765529732,0.9854582717080981,0.9633066502920076,0.9608006240068226,0.9793434855659504,0.9994953305382582,0.998082949548581,0.9929560521568376,0.9962076208381069,0.9826101585480105,0.993663896311059,0.9914493968914238,0.979143651600798,0.9848291014916281,0.9998137622093872,0.9881725115444504,0.9776994060148002
1327.4866591,0.997492977167995,1.0,0.9978310157072989,0.9964222256424654,0.9917404076540592,0.9877991091613836,0.9362757628677204,0.9691906183253196,0.9770011960825105,0.7015021787881862,0.6316950107983339,1.0,0.8624931071425984,0.9870419865532477,0.9608147230132366,0.9624815784372289,0.9805474369029442,0.9987091333714168,0.9984765236809204,0.9923545391382916,0.9948571144046725,0.9770269510917794,0.9936640958371474,0.987622490999986,0.9714346760610936,0.9810788895211541,0.9999581830139291,0.986999787424218,0.9767822043559805
1333.01349556,0.997106650208592,1.0,0.9978461681505075,0.9964345195416511,0.9881374790280689,0.9855208793981752,0.9215333896151614,0.9717127129447755,0.9726825076019727,0.7020544000535618,0.6381546070747538,1.0,0.8635172538416894,0.9886678029024396,0.958488840257611,0.9643535653104645,0.9819462122554281,0.9969230974231699,0.9983106559584616,0.9921213027356375,0.9937208372564561,0.9713888035314497,0.9936190324635983,0.9820905392632089,0.9623945737926493,0.9766109835940922,1.0,0.9848722499858727,0.9757373603062383
1338.5688161,0.9966836288464247,1.0,0.9976353251010487,0.9965050670151663,0.9840448144789895,0.9829223907994775,0.9064146574787804,0.9741511140406028,0.967989766429855,0.7032166665407487,0.6448822484257969,0.9998439097659914,0.864811551300151,0.9902515177275862,0.955506254002711,0.9655618036337555,0.9833305463945972,0.9938582370823058,0.9978141849326599,0.9917375651866147,0.9925691756744345,0.9657147525824891,0.9926855279068463,0.9776642682663469,0.9536933471320403,0.9715049906898453,1.0,0.9816139615129543,0.9745461108859844
1344.15282419,0.9960465854064072,1.0,0.9973470842709035,0.9964134389211139,0.9796004592760897,0.9808103052390748,0.8926997392084944,0.9762075964860547,0.9624784776600231,0.7039292503675519,0.6515984455188731,0.9999450478187681,0.8663800062613503,0.9914903037358404,0.9510060974303494,0.965658886254781,0.9843086234855164,0.9887049942399574,0.9967292879075065,0.9910373985730767,0.9913198628201003,0.9594514038701035,0.9910047960714866,0.9770384765028933,0.9476655782858865,0.966002890366953,0.9999429928297353,0.977305611578875,0.9732448130385634
1349.76572543,0.9949988286748916,0.9996037337759711,0.9970223854900988,0.9961450202877009,0.9748423109690291,0.9793896255351225,0.8809022598754718,0.9778045921014982,0.9559540330394851,0.7043566057269534,0.6581307461392933,1.0,0.868053586708868,0.9918530975005795,0.9437845711783374,0.9659336806715684,0.9851900036924828,0.9802477880234848,0.995116912837106,0.9897025302246939,0.9900596477049391,0.9523096961749994,0.9885632493311298,0.97782054472867,0.9447815114406246,0.959867960573157,0.9994943037195272,0.9722265187323065,0.9718079696613308
1355.4077275,0.993570478119428,0.9989723916749405,0.9964790280085408,0.9960460201084517,0.9691327523815778,0.9786035303945587,0.8712155135023085,0.9790728017537365,0.949124628043328,0.7051492277025022,0.6647834159260869,1.0,0.8697377020926528,0.9917359050372512,0.9345145837557998,0.9663562827011596,0.9857331833736812,0.9697407516713413,0.9921494963948078,0.9880737342532957,0.9887064674121967,0.944309152304293,0.9848418940116526,0.9791207685229864,0.9429752784958078,0.9536125553526317,0.999223676067694,0.9673171045215346,0.9701692180946232
1361.07904029,0.992584268210468,0.998144007608128,0.9964736599245527,0.995474370879627,0.960758849538597,0.9777224561852685,0.8636030242636126,0.9803186626413113,0.9425878346492377,0.7072075839529411,0.672090691333137,0.9999853499009504,0.8715946864129827,0.9915746490956864,0.9270150562874576,0.9677738241435732,0.9853958719652024,0.9607828121770221,0.9881334110669318,0.9841588218716361,0.9860891966173212,0.9356185747404637,0.9787979812091748,0.9818298746446387,0.9402382123852911,0.9478593891592706,0.9995210116665327,0.962771359712687,0.9683883442940824
1366.77987583,0.9926155950920011,0.9969126308372693,0.9964465412247825,0.9946533199434489,0.9481325989238871,0.9762624727720106,0.856840566274413,0.9823806156542786,0.935824251123125,0.7099351717485124,0.6800938192166683,0.9993206076528641,0.8738400367692923,0.991095517990496,0.9201463651654285,0.9690780433928708,0.984318884872424,0.9502280033628038,0.983646817742691,0.9785469896691541,0.9815804558119585,0.9243643870108306,0.9694850168491962,0.9853828383201559,0.9350754815968916,0.9426522144218377,0.9999179182931757,0.9583536623956821,0.9663990581671573
1372.46681289,0.9930622616459642,0.9956252732116756,0.9961903100912883,0.9943881079684507,0.9326051598225402,0.9740518637399368,0.8490285721864271,0.984530097681108,0.928560695285994,0.7129526647898409,0.6882100520308966,0.9974773945782925,0.8766520733475578,0.9898506598033813,0.909653959767122,0.9694422354941005,0.9812292769134935,0.9273647195156828,0.9755679335084624,0.9730016967190012,0.9758712324500652,0.906490424946295,0.9524313066214577,0.9867491879679147,0.9263933088015616,0.937791653684833,1.0,0.9536164985960496,0.9639028404397095
1378.13342967,0.9931890209934123,0.9934792551601273,0.9961656700535114,0.9942592797462243,0.9153657162181124,0.9710293194859839,0.8376917098177217,0.9861453029384716,0.9206486283999068,0.7159626661598902,0.6963248267031531,0.99453555326787,0.8791701940747468,0.985956783432575,0.8935939674359853,0.9690080914706898,0.9764808671391085,0.88301663430783,0.9566983484027961,0.9658667595422218,0.9687459144393482,0.8766407530364166,0.9163693855464021,0.9849256962317627,0.9134416366182583,0.9333013928159639,0.9996953900308789,0.9476869236458324,0.9605482892803745
1383.78010777,0.9932051012346512,0.9896277757114652,0.9956640146331411,0.9934253916682975,0.8951421088971108,0.9684937729442046,0.8210733842831757,0.9876821284651467,0.9118678111344631,0.719541916891925,0.7043165283026757,0.9919629440010233,0.8814121823096355,0.9756506048718067,0.8745453593657506,0.9686650750068896,0.9691262256713936,0.8415190661024692,0.930256034793281,0.9531968716711882,0.9573059331203526,0.8274962356647849,0.8453109906591807,0.9802481993231288,0.8960149273440237,0.9292895305845328,1.0,0.939486221114027,0.9561723869726826
1389.40721715,0.9931696628009922,0.9860458432668813,0.9943250992666992,0.9930164964168067,0.8717181004622446,0.9670836668471242,0.7992697912313033,0.989381419928245,0.9005454176721649,0.7223570962167326,0.7121788146899299,0.9911329431625094,0.8838312607466462,0.9617084314178408,0.8558564646939967,0.9659707376404971,0.9556140250274687,0.823101992507941,0.9135136833032184,0.9377524487033198,0.9405495466059789,0.7739006202738131,0.7595042049149885,0.9730951918834075,0.8770086265370391,0.9253736085423632,1.0,0.9289608529244415,0.950354063284577
1395.0151167,0.9929763239638795,0.9829814159457169,0.9933652517006218,0.99294670424729,0.8460259075170621,0.966042261393159,0.7717475249913077,0.9906572452384568,0.8888792095721068,0.7243744963363061,0.7198409615793551,0.9909455071385229,0.8861368183415999,0.9605203319962321,0.8423252351721945,0.9599223051483021,0.9315669719953438,0.8293751900813321,0.912834790725474,0.9207488224977922,0.9189233188025268,0.7603354445596228,0.74466448943901,0.9627439845771715,0.8606212991814874,0.919761281978161,0.999767921288024,0.9157583074217351,0.9426273057556201
1400.60415467,0.993314090797531,0.979468972414496,0.9922150540030753,0.9919412213772048,0.8213476958913608,0.9654224931741338,0.7366946080423278,0.9919611946742232,0.881133270263318,0.7268757800922909,0.7282641820429873,0.990431533818873,0.8886988046692603,0.9689877569896471,0.8388373889151957,0.9534416506706637,0.8923880664971684,0.8498441127275186,0.92612137656627,0.9012734570029532,0.8935441148616172,0.7641431828537786,0.8153692886439038,0.9475895328119366,0.8461093728618861,0.9108808098649835,0.9994345600250123,0.8992513184213583,0.9328207870644419
1406.19775036,0.9937333606602411,0.9752906495570931,0.9914020863591321,0.9907028070587541,0.8029023256180086,0.9650877303365948,0.6915528199510653,0.9936441120666683,0.8756347495227155,0.730759221953882,0.7374760556735034,0.9894589622996339,0.891368127622722,0.9754031055156144,0.8382649009970189,0.947951367008585,0.8498484919283175,0.8672424413255287,0.9422878579418605,0.8825347951660478,0.8691284309223456,0.7578458567877997,0.8806924801381721,0.9257014861552675,0.8290562582640145,0.8985701060799954,0.9998311872073072,0.8795187424402866,0.9211262512854739
1411.81328293,0.9937785379113964,0.971914335794949,0.9913429054210241,0.9895764383647043,0.7938024867428394,0.9637387942137435,0.6395928795095058,0.9952878177357696,0.8690675778514744,0.7352080312117741,0.7467095255848152,0.989123269028496,0.8944886605949428,0.9787237435971238,0.8315993783397111,0.9440835723457365,0.8363533771304801,0.8784902452454153,0.9559545986136164,0.8715078019033952,0.8504054166626732,0.75048123396974,0.9126687529865656,0.8947230370744056,0.8079516181644187,0.8828615318856171,1.0,0.8577920082996723,0.9082398890849964
1417.45083527,0.9940730384712206,0.9695021397111706,0.9908970780290449,0.9881289827679506,0.7926506934311047,0.9614438258113817,0.5938119305056254,0.9963352251238914,0.861101233568803,0.7395509548581126,0.7556551029900377,0.9897325225471666,0.8975094923862148,0.9812790295609379,0.8414233374624441,0.9438927209131496,0.8641851386745765,0.883945575589713,0.9662116677986545,0.8735282606339814,0.8393796757741575,0.7508468592644361,0.9269179314419205,0.8483396720952798,0.786810923445163,0.8643250348529629,1.0,0.835913253334362,0.8954634650786878
1423.11049053,0.994898541179697,0.9671795015167434,0.9903544357950418,0.9863349529266414,0.7961151154639342,0.9592196665327093,0.5710321783802871,0.9970405935093014,0.8529416321255692,0.7438995392695407,0.7646292683842731,0.9903019762304397,0.9002957072099107,0.9828165499496477,0.8801913698255313,0.9484606395026144,0.9060308487866416,0.8867029772420558,0.9732900040137665,0.8868686495811228,0.8345202471435739,0.7592332496059083,0.9349707677415556,0.7899138965366432,0.7711415791296662,0.844114203638277,1.0,0.8154689109843671,0.8841542444004484
1428.79233216,0.9955248091732534,0.9651526217480889,0.9897642041978985,0.9841292539713933,0.8015456759913444,0.9569906959387312,0.5786378174209624,0.9976629607560261,0.8441900615904565,0.7484513083568285,0.7737987725496509,0.990223827453006,0.9032096834867401,0.9831537203339871,0.9140316327796921,0.9555798077074777,0.9370290898480721,0.8890970697109721,0.9786080094349457,0.903223000864358,0.8340284281870016,0.7717501981459742,0.9411516432389989,0.7635600073682215,0.7653693784754229,0.8242380542202165,1.0,0.7974446544824559,0.8752418286002382
1434.4964439,0.9957592199723214,0.963314797874721,0.9886923822749748,0.9817270244219228,0.8076066634856132,0.9547485602714793,0.6086200854980344,0.9982413482967653,0.834767366211626,0.753381468208104,0.7832353249566686,0.989840202812547,0.9060839728465424,0.9832394552876079,0.9356456222193846,0.9628935098084358,0.9550779110663394,0.8919295719228446,0.9828439255445452,0.9174776737131388,0.8392493792805131,0.7849390627690123,0.9463554162120833,0.7788063440054803,0.7704382189228686,0.8026391714704355,0.9993677903807529,0.7817012261420574,0.8693544530338961
1440.21938683,0.99576640062918,0.9616057828155646,0.9876194508250516,0.9801554907670467,0.8134984093896247,0.952569926077605,0.6470256163323193,0.998753367447187,0.8245711429270837,0.7584113634759565,0.7925208705744579,0.9904318341951703,0.9087995395850335,0.9840116424516234,0.9487950611712535,0.9682281199403961,0.9664901752474433,0.8949838847969375,0.9863655508846813,0.9288333850527313,0.85365700096217,0.7969146798365028,0.9515914999015543,0.8002061952548765,0.7828223725901585,0.7784343766387628,0.9974194486879033,0.767973185427582,0.8668296635864295
1445.9515979,0.9958251057332655,0.9598883974089891,0.9871162070934414,0.9783166004278208,0.8186509740217209,0.9498906435815012,0.6829929039461762,0.9992906132715519,0.8140323974677511,0.7637606371131682,0.8013642436990515,0.9908193724513779,0.9116877154686474,0.9853075558585062,0.9565167273438313,0.9718252874080777,0.9744655426142923,0.898108170417953,0.989368549261108,0.9365008516091213,0.8736753270328472,0.8066740879821561,0.957401675229975,0.8032197947700916,0.7985376409640207,0.7605933764047437,0.9937264038812275,0.755778202859388,0.8674112619213156
1451.69304835,0.9958657571584054,0.9584797259785026,0.9870333690404963,0.9747662430890022,0.8229149233230716,0.9469382627520295,0.7099146441352695,0.9997908387701052,0.8034387125867652,0.7689014603012397,0.8100737193557751,0.9905122983685533,0.9146218972791308,0.9875535249573087,0.9617017918072277,0.9748569509306644,0.979846133633073,0.901346634787747,0.9916597254024526,0.9408106103709111,0.8902619043759855,0.8140013607956291,0.9625869135815032,0.7907011844632735,0.8153627397813324,0.7597619197824862,0.9874243497913853,0.7449888253092528,0.8699376445818828
1457.44370948,0.9959459965977308,0.9573992846857118,0.9869107925105556,0.9693121189700664,0.8269065520816277,0.9440892594582756,0.7244414082782312,1.0,0.7927206231573306,0.7743766691519622,0.8187813469028836,0.9911813475386584,0.9173694378570684,0.9899933966623784,0.9663434386331088,0.9774686592428444,0.9832033953429163,0.9044783336026931,0.9932679664888691,0.943197559584414,0.9003621449969909,0.8192700005420639,0.9664272978653706,0.7737276151217681,0.8301651597511965,0.7708956394824793,0.9771436064722466,0.7355865309940136,0.8734681026446783
1463.20355265,0.9959567183606101,0.9565517969399772,0.9871263036956223,0.9606910033288142,0.8321823838032122,0.9412232250604903,0.7296767019891749,1.0,0.781545265743314,0.7799890905736327,0.8276608557711742,0.9923301270192671,0.9199720614234302,0.9919742368610903,0.9699036549241798,0.9795445598371312,0.9855798802077723,0.9075831906674804,0.9943842552899622,0.9461234462158191,0.9070482287172261,0.8246926340384249,0.9691860611751053,0.756902694760592,0.8398430671532824,0.7821318873939138,0.962877553781023,0.7272687712519486,0.8773495743380902
1468.97254925,0.9962779380657828,0.9559579212281173,0.9878852183624216,0.9467012920631084,0.839839061553857,0.9379115372876325,0.7398729453306145,1.0,0.7703851153350803,0.7852559190490567,0.8367817309033383,0.9930185924266675,0.922604616985804,0.9938355831233856,0.9728164111503951,0.9813514384582711,0.9877792699718646,0.9110259242127617,0.9949948956940398,0.95008892736981,0.9136998065459534,0.8329772309527167,0.9718629046393849,0.7307896080156766,0.8440005399311902,0.7899400780702598,0.9468786527055184,0.7201495179161689,0.8814323574155136
1474.75040717,0.9968411546377892,0.9554100564764113,0.9885216236164103,0.92896753065485,0.8491825350819011,0.9334735957829001,0.7647598267158143,0.9999956857423734,0.7594788537616867,0.7909661755427202,0.8460286458481391,0.9938224263386217,0.9253467725922572,0.9952015124155971,0.9758193555353218,0.9835760669646145,0.9901963072745771,0.9148196343564012,0.9955111437315167,0.9556709228663611,0.921208692003169,0.8443273695820561,0.9748193852252746,0.6985491391261591,0.8467494579352889,0.7947845545980804,0.9337003368805106,0.7146710192857805,0.8860631932740236
1480.53455271,0.996889807834634,0.9549745264873126,0.9894155244326885,0.9214409009143775,0.8590344520211108,0.9281673811137704,0.795855927693818,1.0,0.7481758947695594,0.7966930332538887,0.8550452170730769,0.9949558596477156,0.9283623139808599,0.9963953780910046,0.9784956505653581,0.9854022060667347,0.9921114870995571,0.9189727724722561,0.9968065483413,0.9610719311796957,0.9287819140575376,0.8569982116022611,0.9780149858950942,0.7065959903187771,0.8543883206782195,0.7968948693619495,0.9308393794696099,0.7108329888831365,0.8914241362099954
1486.32495713,0.9967611652602498,0.9546745839825093,0.9907711569133666,0.9332962507517839,0.8689113787614455,0.9229060114285342,0.8244288191574879,0.9998800747453114,0.7369033954459328,0.8024861980140361,0.863919788766834,0.9963188321139742,0.9314414823991141,0.9971063723696054,0.9804298849744014,0.9866108155767024,0.9933634609022771,0.9232244171221407,0.9979069546913443,0.9655519196258938,0.9356052429472773,0.8689053957052014,0.9809821174511978,0.7633978945995519,0.866564217759905,0.7965853180796943,0.9423223610558843,0.7077861245011572,0.8973736085836592
1492.12159183,0.9970664804174298,0.9544827668264996,0.9917292361239627,0.9535900532901689,0.8784819120234068,0.9167859008733031,0.8486704447718485,0.9997385595452611,0.7256952104323209,0.8087857985990343,0.8725907323749102,0.9971464901634085,0.9343745039527992,0.997482257626238,0.9819183008324716,0.9880122864183335,0.9939503618401039,0.9274066569285245,0.9985502700472894,0.9694687443102786,0.941558858232125,0.8795132092574182,0.9830094746065582,0.8143126482815963,0.8786596337149274,0.7977063945645912,0.9586305191419159,0.7046785065105075,0.9036683120761547
1497.92442836,0.9974520139261577,0.9545100632466049,0.9919620353992548,0.9685672882113454,0.8876423881457897,0.9090173190286034,0.8685772150971407,0.9999067907702057,0.7143615549334843,0.8154013174952611,0.8806920472041085,0.9967852173996296,0.9368817240356376,0.9975931170820282,0.9828895558571713,0.9894192657818496,0.9936044777829466,0.9317187527107297,0.9991137925459532,0.9727573895991025,0.9468025405859399,0.8891772990810576,0.9844496333341425,0.8472176544633809,0.8900839251476116,0.8053987635175369,0.9689663563749442,0.7012360568283785,0.910011651968972
1503.73343845,0.9976352969482133,0.9545577266374589,0.9924526572876876,0.9772382283606292,0.8963193495641685,0.9002611406129039,0.8846250657208787,1.0,0.7028754269441664,0.8220220922320844,0.8884049501630598,0.9961501812459255,0.9393666107337837,0.9969618630074583,0.9845719353340683,0.9907749948801838,0.9928863334925945,0.936218863784428,0.9994488909643799,0.9757704568698272,0.951610116510027,0.8977967815575282,0.9855700304161007,0.8739118342427947,0.9010214534683029,0.8179410863999023,0.9739143664233162,0.6972306635499881,0.9161516096739891
1509.54899004,0.9977063704381488,0.9548167982338017,0.9929444803897038,0.982426617611898,0.904479521006391,0.8911175692299754,0.8979660299664953,1.0,0.6914575394096423,0.8284246038984029,0.8958517255728344,0.9960445429310578,0.9419752635881234,0.9965318038185138,0.9866937438373363,0.9920485175496424,0.9925517861909161,0.9409491946282804,0.9997349413788111,0.9788142772300835,0.955937285849992,0.9057412118090157,0.9863206784810563,0.8992179333892233,0.9103864962716163,0.829482718987973,0.9761524957963885,0.6924877978786922,0.9219283394559762
1515.38336105,0.9976349421648901,0.9553874754301475,0.9931049878086798,0.986256655909297,0.9121911310211126,0.8820577343708876,0.9097850646320319,1.0,0.6801606011514361,0.8352146098348783,0.9033723962117779,0.9968361632090172,0.9444653352833141,0.9965590661083176,0.9883027700016541,0.99313640671615,0.9918018649396779,0.9460232715011931,1.0,0.9808580510993208,0.95975502177558,0.9130746734909385,0.9868615282135544,0.9198357963699499,0.9175703623617704,0.8369507432615805,0.9763831011297479,0.687212586908027,0.927276041731143
1521.23658861,0.9976984980648329,0.956238380539276,0.9932854921453024,0.9891878678621546,0.919442986104331,0.872696108761458,0.9208847034438621,1.0,0.6687026318932535,0.8420339922100345,0.9105857080879236,0.997613382773733,0.9469656207138634,0.9963173651686114,0.9893379596795723,0.9937501593186153,0.9907339572842131,0.9510785828642634,1.0,0.9829915823212646,0.9632206945032074,0.9198645145090775,0.9868711163610175,0.9349895276575344,0.9225461114168053,0.8402674446546335,0.9751736971113731,0.6812831764683437,0.9321662210870267
1527.10870977,0.9977191067942014,0.9572164567172262,0.9940818581744916,0.991235477090378,0.9262196066548728,0.8631031652253793,0.9306910313633762,1.0,0.6574487236221239,0.8483826308725411,0.9176697948380392,0.9980050453709727,0.9495349276334468,0.9958827224683058,0.9903550648734227,0.9939499335750158,0.9893533742115839,0.9560920555478845,0.9998558069294803,0.9850061438281363,0.9662376639468856,0.9264452019508472,0.9857294703305116,0.9458686485022091,0.9257514516170559,0.8411307635431069,0.9738259993739777,0.6748392381679554,0.936620762497187
1532.99976154,0.9977623050201496,0.9582823670027942,0.9953021942757193,0.9927648536453388,0.9325783314471058,0.8534781957521999,0.9390548358739681,0.9998604935151345,0.6461504962853404,0.8549998155252385,0.9247249331396404,0.998096092963881,0.9517228893584067,0.9955939659053274,0.9916226897148482,0.9948628604469999,0.9877865476493343,0.9607190922013971,0.9996414019333455,0.9865741209311921,0.968895925787035,0.9326669591507928,0.9842131154643664,0.9541379494802738,0.9281211451261473,0.8413163188197013,0.9725529575954828,0.6681784690329099,0.940685158748807
1538.90978084,0.9980078799819652,0.9595414262815709,0.9962920904700567,0.9935607347769783,0.9385798470982959,0.8457324980049215,0.9460093305584724,0.9999276840847654,0.6348562981696343,0.861767606823557,0.9313982050573375,0.9989081913676975,0.9538544887876178,0.9954868599085881,0.9927950703123276,0.9963428820568552,0.9871910928714717,0.9647766359938112,0.9995393002387435,0.9884143655203442,0.9715264619056114,0.9388118092272304,0.9841277512364673,0.9614904826614652,0.9311823247215204,0.8437436563581535,0.9715518234280579,0.6616617047017384,0.9444506498258534
1544.8387776,0.9979822802612565,0.9610803732587007,0.9965572637326384,0.994228295764974,0.9442858126274818,0.8438529834039772,0.9525012128665655,1.0,0.6239153237945378,0.8681956401855973,0.9376941789954254,0.9995703467170165,0.9561735274055703,0.9957147777261475,0.9941433272776404,0.9970588628190374,0.9879820943028116,0.9680471750398261,0.9996243242322972,0.9897840675846264,0.9737377111909661,0.944640596208295,0.9863102993049434,0.9674227128284256,0.936115198283627,0.8509666130766281,0.9713757774195997,0.6567526769278432,0.9480207046416746
1550.78660554,0.9979103777401493,0.9630416780316038,0.9968585611641941,0.995317091329362,0.9495734255284609,0.848141985833219,0.9587128705352959,1.0,0.6129801684620475,0.8744344856406882,0.9437757202346714,0.9995836178016032,0.9579542870903396,0.9960227675033226,0.9949816203970324,0.9973947434735871,0.9892798885810518,0.970782163051694,0.9995910198563345,0.9899464069148529,0.9757639383801291,0.9498572218614363,0.9892194960907391,0.972125950276548,0.9428310848201843,0.8628020046326196,0.9719151660347054,0.6555841862763925,0.951376795753213
1556.75329898,0.9979657755933661,0.965154512897071,0.9973465814786207,0.9962047030316057,0.9544652021570447,0.856221795212457,0.9640224294647953,0.9998363565789962,0.6020201556182087,0.8803940984816822,0.9496487176059838,0.9997238578610927,0.9595367039413761,0.9962891336603436,0.9952318263846757,0.9976319244434428,0.9905494441322252,0.9727236411989452,0.9995644802196287,0.9906028789724626,0.9778118198733189,0.9547205644395278,0.9913882771583061,0.9760073927293207,0.949884797720056,0.8767428488134873,0.9733700291057051,0.6576797083030367,0.9545047920562821
1562.73889214,0.9981334122110769,0.9671062897056049,0.9979237761899041,0.9969306619250152,0.9590606898793015,0.8651382297761725,0.9684841086063858,0.9999173375304363,0.5912202039386355,0.8857339639020487,0.955175328802233,1.0,0.9613605991563366,0.9963970040141318,0.9959106746191365,0.9979328331103628,0.991196073205389,0.9742225027622746,0.9998216613396959,0.9915443902100348,0.979859003102103,0.9596612652844939,0.9926861002836566,0.9790952440377154,0.9563828813120363,0.8898392649354722,0.9760291916508674,0.6607604056424984,0.957488201961787
1568.7434192,0.9981235886960278,0.9692294277301892,0.9976104511810698,0.9974865914413843,0.9632766690328622,0.8731879414631449,0.9723605639564621,1.0,0.5806166568292324,0.8909956585095007,0.9603076460498605,0.9998100913181787,0.9628077888016868,0.9966923774581011,0.9967714011234654,0.9980610763984212,0.9914994119317923,0.9758850833079853,1.0,0.9931927740066879,0.9818483744241515,0.9641241780940462,0.993505485343275,0.9814071598998475,0.9621954425311652,0.9011234818697701,0.9789949075347905,0.6633755731262392,0.9603798631728826
1574.76691423,0.9979708970798004,0.9715458751137375,0.9970836691646813,0.9979473223297219,0.9671417319297902,0.8802515790056653,0.976233854786382,1.0,0.569925383531704,0.8966224535236211,0.9652862673554963,0.9996556267623578,0.9642009647371667,0.9969870679534778,0.997409500026662,0.9984905133589873,0.9923801505593598,0.9778092080080191,1.0,0.9948171035676405,0.9835990408150815,0.9677724177247314,0.994257514557366,0.9832965903465487,0.9673732154320879,0.9107436951820118,0.9820269565028,0.6649862142688946,0.9631340079790743
1580.80672696,0.9978368094145207,0.9736273892831651,0.9972726171709575,0.99821923798921,0.9707955291256861,0.8868584656722637,0.9803268886578017,1.0,0.559424166682687,0.9022091136886788,0.9699985348809145,0.999845945684958,0.9656601744810283,0.9976458395355006,0.9980942221535044,0.9992687142403551,0.9935742501036757,0.9797642358918446,1.0,0.9952040280811935,0.9851958921790953,0.9713012426065104,0.9948915183755342,0.9847320925167193,0.9717394399540065,0.9198681617851,0.984695824568732,0.6655711980048894,0.9657583251717577
1586.85843732,0.9979131008869082,0.9754583989898814,0.9978143245532739,0.9985216555428857,0.9741811376802224,0.8931008833397963,0.9843338915407708,1.0,0.5492731881400497,0.9078498302144117,0.974237179438852,0.9999539311012723,0.9669252215233594,0.9983715215261147,0.9982708625642331,0.9996023360482296,0.9947862315178305,0.9814707353799501,0.9998816439770689,0.995897792505591,0.9866098686026405,0.9750634846732616,0.9952060597021488,0.9859232087616598,0.9751779210570947,0.9283633874910092,0.9872625919417254,0.665225039605103,0.9683407003652618
1592.92202448,0.9983894745879948,0.9772319454972074,0.9978279342571293,0.9987935660210059,0.977311598332205,0.8986874460004294,0.9874170298993694,1.0,0.5392470574140472,0.913592970114983,0.9779292337554164,0.9998664349611861,0.9682561885319907,0.9987762497781393,0.9987491094542512,0.9996752352346876,0.9958839562343587,0.9832274344659369,0.9996386457671412,0.996787613836467,0.9879214403949012,0.9785896109251585,0.9954022156663037,0.9873267418649065,0.9785918518092015,0.9362776903551088,0.9899124263195084,0.6644468419801799,0.9708242953256827
1598.99746754,0.9992203867071305,0.978991792222204,0.9971338261666948,0.998512338200176,0.9802075787278183,0.9035788548496541,0.9893481927524369,1.0,0.5292273638343052,0.9190796344679473,0.9813758418113501,0.999653929363801,0.9699636323859343,0.9993301698417065,0.999362680672769,0.9995907076052786,0.9964582825044261,0.9848511398676921,0.9997552801660851,0.9982242302395169,0.9892652327050253,0.9817241684452032,0.9958641068325776,0.9884239238715353,0.982673142223007,0.9441811181549875,0.9922897800771107,0.6638200783408679,0.973292987628302
1605.08474557,0.9994311929742289,0.9808099717658282,0.9966202110409942,0.9984768598477723,0.9828584736407189,0.9078647456309933,0.9912885204706484,0.9999959384245888,0.5192155956035999,0.9240828478667498,0.9849080112855656,0.9997371987546091,0.9717173155223989,0.9996090904426348,0.9998313115495968,0.9994321856339405,0.9968123432490243,0.986096577482067,0.9997460804255235,0.9990018638429025,0.9903792423479357,0.9844348154868453,0.9965436704130287,0.988705942581917,0.9863766835473132,0.9520744071988078,0.9942332395479735,0.6633857338655997,0.9756717736828201
1611.18383758,0.9991858944446995,0.9824992765553244,0.9966975781329576,0.9990098405430472,0.9852840626630064,0.9116662404055234,0.9936735286440788,1.0,0.5096215689013237,0.9292203200854083,0.9879528847537319,1.0,0.9733291101656772,0.9996451777013189,1.0,1.0,0.9977383854534907,0.9872771800288527,1.0,0.9994502249464028,0.9914178075905489,0.986608413749726,0.9970028256987243,0.9898761859569031,0.9890938652138495,0.959746100353862,0.995856532440434,0.663875490881784,0.977970393031578
1617.31109985,0.9989477154773798,0.9841306156079075,0.9973229372315431,0.9993477011250332,0.987527492386042,0.9147842663782317,0.996087918714473,1.0,0.5004969032002023,0.934449202554245,0.9904372133603946,1.0,0.9744783673563171,0.999567793136023,0.99990521968914,1.0,0.9987717807262865,0.9882247658206286,1.0,0.9991654411136346,0.9924114248499617,0.9890921405291345,0.9971755823075206,0.9914570679146407,0.991628753241512,0.9669766949241468,0.9971627992297966,0.6654743432081576,0.9802246512845773
1623.47024896,0.9989923383158392,0.9855022055048617,0.997662879067755,0.9993782307147773,0.9896639874705603,0.9177116150805235,0.9979280160068016,0.9997801638209909,0.4915065907358328,0.939475548283149,0.9924403664931211,0.999549311790875,0.9750410950950672,0.9995548350434578,0.9995359238098093,0.9996591201187017,0.9995196953426635,0.9888520582858159,0.9997323762920411,0.9983797527437136,0.9930842041880474,0.9915123582893052,0.9972801133095772,0.9926844333470906,0.9941062633973914,0.9733061618101606,0.9981801938317486,0.6682225686082556,0.9824351237828117
1629.66154068,0.9990110897497204,0.9865811153636176,0.9975354271123239,0.9994521809725327,0.9916511229121219,0.920934635560292,0.9990756191557795,0.9995100345238245,0.48293153163835406,0.9441320109889,0.9943813052848214,0.9991079038638757,0.9754670942050387,0.9997051839043447,0.9993234271270922,0.9994881410572916,0.9999802537042322,0.9895822556836281,0.9997035543833074,0.9980221089379411,0.9937228882797547,0.993635997618627,0.9973048589939661,0.9936231700110882,0.9964265946469283,0.9792656495998994,0.9988689642235203,0.6720113118105349,0.9845628814735415
1635.88523392,0.9994833773040472,0.9873014618928306,0.9970030714890595,0.9997148889874158,0.9934337498667156,0.9240756253958129,0.9998000691646678,0.9995516693673221,0.4746553330837401,0.9489906014888821,0.9962197926966893,0.9989712358114279,0.9758608535821905,0.9998706191309458,0.9994106877496584,0.9998953430271281,1.0,0.990556141986308,0.999853874327631,0.9983010995735405,0.994575290395458,0.9960305932378568,0.9972931555306201,0.9945145387126243,0.9983020714623574,0.9850012446625076,0.9994025007914685,0.6771442027473886,0.9865513186979362
1642.14159076,1.0,0.9877824518141477,0.9961969379445561,0.9999500629406266,0.9948913314041924,0.9270917781448027,1.0,0.9998902512806468,0.4667248363156404,0.9535358011257965,0.9975096479922705,0.9989315608546392,0.9763038939851504,1.0,0.9997826833411455,1.0,0.9999059252977746,0.9913716669397826,1.0,0.9985103676864349,0.9954782115152306,0.9979589657177197,0.9973644703943392,0.995156402520283,0.9993874583327317,0.990053718637498,1.0,0.6833596502658241,0.9883959758700102
1648.57498892,1.0,0.9885198709866678,0.9959092281448922,1.0,0.9961097366037308,0.9302985806333509,1.0,1.0,0.45901196337161315,0.9577051470459937,0.9985785272949919,0.9988880744055677,0.9767582965861691,1.0,0.9997761231940573,1.0,0.9999744394144289,0.9922806956962619,1.0,0.9985567723994893,0.9960209343772068,0.9993959290301417,0.9973955545465286,0.9949502558268067,1.0,0.9940502734856058,1.0,0.6894333253598076,0.9901324316853161
1655.33520858,0.9997960739855639,0.989191394451215,0.9961365787351213,1.0,0.9971669072197118,0.9332899247464701,1.0,1.0,0.45128325710557493,0.9627138381102065,0.9991512133458073,0.9987148322153908,0.9774167009573816,1.0,1.0,0.9996777746846338,1.0,0.9934807047728604,0.9999060789695838,0.9989585125632332,0.9965748089213655,0.9998764318783607,0.9974245321978619,0.9940564866572997,1.0,0.9972656597469406,0.9995817781646641,0.6946906024868023,0.9916589156971967
1662.47344048,0.9993731387052305,0.9896468739431471,0.9967867063526361,0.999680984162577,0.9980319161245681,0.9356392523857848,1.0,0.9999401427831512,0.44328627243436597,0.9677716036336255,0.9995840994872472,0.9981526587264772,0.9779903658200372,1.0,0.9999461738105603,0.9989748961820254,0.999914968473407,0.9946630235236835,0.9999036101857668,0.9995631070006281,0.9971494499261703,1.0,0.9973802303799313,0.992323787828197,1.0,0.9994260526734341,0.9985076882973175,0.6993880391269323,0.9929018314913617
1670.05561049,0.9993579330473412,0.9902588848860743,0.9973873744372173,0.9994594437037322,0.9986934829865954,0.937426134563121,0.9994970951627461,1.0,0.4349474559009212,0.9718865034401132,1.0,0.997385241054604,0.978590531657565,0.9997560459833092,0.9992570565009419,0.997996399439671,0.9993652136410841,0.995481794511728,0.9998543885776517,0.999981864983598,0.9975230407220327,1.0,0.9967377864491878,0.9891971924899401,0.9989368103782856,1.0,0.9975609457986041,0.7040730121315292,0.9937518637690944
1678.16902352,0.9995182225023436,0.9907673641447203,0.996862448976793,0.9995368548514357,0.999309395227951,0.9397957930342158,0.9981922798502627,1.0,0.4258104641050311,0.9758388601172868,1.0,0.996784513172243,0.9798109330327304,0.9996430278888039,0.9994739379145727,0.99770407765628,0.9988722429396051,0.9962731456328926,0.9999249036095923,1.0,0.9979510977652091,1.0,0.9962779984629766,0.9852875990896327,0.9980800863594632,1.0,0.997627695235229,0.7087000991733028,0.9944072893583555
1686.55255666,0.9995228381398913,0.9912640115205364,0.9961359227359265,0.9997155902874588,0.9998254260691429,0.9444408426463061,0.9967788919306579,1.0,0.41662787950482294,0.9795476692363868,1.0,0.9973779051413013,0.9807382801957852,0.9997693683023071,0.9996330948182911,0.998000022009969,0.9992254609034754,0.9971843426441752,1.0,1.0,0.9984772928686148,1.0,0.9971940998301454,0.9809214115597532,0.9971310699819486,0.9988224284774132,0.9983477340505286,0.713336698304236,0.9947315499567344
1694.9652068,0.9997642618351841,0.9918237637368629,0.9962390665610711,0.9998357182097961,1.0,0.9510378008297244,0.9944365974181553,1.0,0.40815827702451707,0.9829236166381524,1.0,0.9989539899620727,0.9815408595514961,1.0,0.9998567511252203,0.998609252780221,1.0,0.9979923686277697,1.0,1.0,0.9991246308470297,1.0,0.9993614964312959,0.9759482448197166,0.9950568232198009,0.9938868185932739,0.9990070634630553,0.7180959865649321,0.9946278557170036
1703.40698655,1.0,0.9927847171436758,0.99718308400318,0.9999841326999864,1.0,0.9556708913386105,0.9904341099370245,1.0,0.4005378772146878,0.9861285140592152,1.0,1.0,0.9824961349933756,1.0,1.0,0.9994359262896935,1.0,0.998710273004248,1.0,1.0,0.9998594476230501,1.0,1.0,0.9694563287613281,0.9910005948263056,0.9844069859621194,0.9997392650539279,0.723256213978672,0.9944526266281566
1711.87790799,1.0,0.9936802477169302,0.9981131178877621,1.0,1.0,0.9585338500448422,0.9836308224617724,1.0,0.3931821203805721,0.9891320679670799,1.0,1.0,0.9830803735170907,1.0,1.0,0.9999073107697052,0.9998857322404319,0.9993801256628896,0.9998691660390224,1.0,1.0,0.9990270250496314,0.9989512453140109,0.9595368486818647,0.9846986673257151,0.9705815349429081,1.0,0.7293950290885852,0.9944932509723147
1720.37798277,1.0,0.9944638459231446,0.9987310107660871,0.9998049965820841,1.0,0.9621021628168825,0.9743015216454286,1.0,0.3860798807284021,0.991794923123424,1.0,0.998842003662182,0.9833797801672085,0.9998170595558953,1.0,1.0,0.9994403206532868,1.0,0.9998793186821574,1.0,1.0,0.9971899404343466,0.9976549468401118,0.9443387084915833,0.9764283832069516,0.9531703159781945,1.0,0.7372993246505315,0.9946700595455285
1728.90722205,1.0,0.9953816726172453,0.9992703894807992,0.9994220261777903,0.9995120845119818,0.9666309272315603,0.9618901954589829,1.0,0.37928031861778755,0.9937893250102929,1.0,0.9982093347103386,0.9836924473635317,0.9998930826559188,1.0,0.9999130218459625,0.9996178280636279,1.0,1.0,1.0,1.0,0.9945627136268409,0.997663820617715,0.9229860567088128,0.9661684514396526,0.9342331338156008,1.0,0.7466682668459544,0.9948979310343214
1737.46563653,1.0,0.9965104918970044,0.9999139495927731,0.9990513036292794,0.99862245228428,0.9712316153849844,0.9453276309998367,0.9996489237511196,0.372750535689604,0.9953821505039414,0.9999986340357263,0.9990599565874856,0.9837304198504404,1.0,1.0,0.9999944190316493,1.0,0.9999699223235712,1.0,0.9993645452465618,1.0,0.9910888772372218,0.999093481182333,0.8976461022638237,0.9546761746065597,0.916673584781803,1.0,0.7570961766681868,0.9952492498646047
1746.04891596,0.9999383095530594,0.9978496049047555,1.0,0.9990016226372846,0.9973135180494863,0.9748515275025117,0.9238114338791472,0.9984903300648532,0.3666594013075341,0.9973023675693989,1.0,0.999346688132009,0.9834547290237113,1.0,1.0,1.0,1.0,0.9997577650402301,0.9998949924395182,0.9986699389726664,1.0,0.987172453899721,0.9999184303253562,0.8720013165788395,0.9435178367817197,0.9048344650040819,0.9999317878521838,0.7686467224496586,0.9958368577800144
1754.65358123,0.9996208884224569,0.9989427187703478,0.999883222226788,0.9991803588074468,0.9956431239365721,0.9770670033340203,0.8989882842486467,0.9974013096067065,0.36104294516699714,0.9988830115503259,1.0,0.9989429253255071,0.9828517887219665,1.0,1.0,0.9998840514628192,1.0,0.9995940859822374,0.9995960037030877,0.998517759551643,0.9998811669848059,0.9830344580586532,1.0,0.8520893296649557,0.9344395114450994,0.9023154453844308,0.9995349572739222,0.7810697760807587,0.996738584483528
1763.27958128,0.9993602153525384,0.9996321564036164,0.9991030910225449,0.9994750158992391,0.9939124499901655,0.9787992613977531,0.874000635243945,0.9960765304549233,0.35574466856014764,0.9996589434910952,1.0,0.9985897265797034,0.9822294400919899,0.999837210521117,0.9997008437206847,0.9999602485682308,0.9998211911693905,0.9996993854282656,0.9992718139611614,0.9982771871194086,0.9997509625175743,0.9787732802035033,1.0,0.8430592912938963,0.9287984969203108,0.9077588787317885,0.9988942394114818,0.7937942834219178,0.9977182809614494
1771.92686491,0.9995797304787507,1.0,0.9976821011256932,0.9996846549193844,0.9924826975097322,0.9804496316357875,0.8523096485223505,0.9944650679484246,0.3508464085911308,1.0,1.0,0.9987024607704443,0.9817240510700889,0.9998041182144631,0.9989515054754394,0.999886295727699,0.999881871653911,0.999852114935118,0.9989241858065587,0.9977933064034207,0.9997067916161102,0.9746468878284196,0.9996537926327446,0.8504767229104874,0.9275070175291814,0.9161308199861168,0.9983074158799948,0.8065905064874017,0.9985337790328146
1780.59538078,0.999694369292596,1.0,0.9961042443147963,0.9999079226713327,0.9915390446412917,0.9834005296908589,0.8374762280457531,0.9924712658905155,0.34619316019215296,1.0,0.9999288562804602,0.9992459936468147,0.981399498991747,0.9997733243384003,0.9979295535381304,0.999740730495134,1.0,1.0,0.998751845938647,0.9974764185070313,0.999165021810278,0.9706894178998837,0.9997553937570501,0.8760679112077002,0.9308228356018424,0.9262874283109451,0.9977638107360024,0.8196733850663643,0.9991959273520956
1789.28507741,0.9994290922982615,1.0,0.9955452747112142,1.0,0.9912085966354187,0.9867146732106153,0.8301317006203354,0.9902164021761459,0.34189276375832467,1.0,0.9999934638636078,0.999518049140909,0.9812199738643526,0.9999644033833945,0.9966792910413148,0.999712903330872,1.0,1.0,0.9992006193192307,0.9971989097178895,0.9985918188231406,0.9669605226487641,1.0,0.9134446527590246,0.9387805629716912,0.9393707641696286,0.996855623397702,0.8329700078978519,0.9996969121152542
1797.9959032,0.9990423417918584,1.0,0.9957780070331295,1.0,0.9912924375805898,0.9865199213732178,0.8279689986485943,0.9879698776342367,0.33808782106047774,1.0,1.0,0.9989679010409779,0.9808634497301365,1.0,0.9960069822770754,0.9999888177891578,1.0,1.0,0.9997634031233019,0.9967160213742193,0.9977682705033605,0.9633887033327965,0.999904087427255,0.9501414303606543,0.9496074665349183,0.954128531100361,0.9948902671522298,0.8462921897555139,0.9999806232746747
1806.7210252,0.9991272335125688,1.0,0.9957529825057224,0.9997531086118524,0.9914993842657207,0.9820973584616005,0.8328263874091891,0.9854396106733517,0.33513187916849807,0.9997859908544238,1.0,0.9978986268243041,0.9805503400301747,1.0,0.9960344533665504,1.0,0.9992901368269481,0.9998691092556886,1.0,0.9960375268188669,0.9969989961494674,0.9599958761008456,0.9985270612891789,0.9752234682776804,0.9612617079096605,0.9672728890754374,0.9907054205958228,0.8592187296512742,1.0
1815.45600983,0.9994809455236204,0.9997817649570355,0.9948285767594115,0.9991132458009854,0.9912843508427163,0.9728945055775677,0.8450511248310644,0.9825450889659822,0.3326917889573277,0.9999312241094513,1.0,0.996864541980874,0.9800647161726525,1.0,0.9966023713395736,1.0,0.9980784517324509,0.9994723642186557,1.0,0.9951449382278558,0.9962467147826908,0.9562538269346393,0.9968076604203049,0.9893803419082368,0.9708769962793298,0.9772340768607436,0.9833506388974201,0.8710313110810255,0.9998157602460215
1824.20079533,0.9994972691835319,0.999434621490806,0.9943647255689767,0.9981490234528332,0.9899160438768507,0.9622817533113819,0.8586470381827125,0.9792818961774088,0.33062868416097474,1.0,0.9998841224583945,0.9954583817848158,0.9794656327623488,0.999348011637115,0.9977336451527955,1.0,0.9968007076072326,0.9986970137096922,0.9999755979897997,0.9938334278913481,0.9951032797815959,0.9518041314519562,0.9955392799058453,0.9967074250708734,0.9762570553985723,0.9837500943850593,0.9717872781117696,0.8804490068319265,0.9989988280304782
1832.95532041,0.9987211520536268,0.9986720682038893,0.9945837181331976,0.9971612572705576,0.9864918113792482,0.9573651631637928,0.8669865411859993,0.9756718359775637,0.32857308615761593,0.9998195418355623,0.9997298122124986,0.9938984119508858,0.9790811067179889,0.9984862086375095,0.9985938032684841,1.0,0.9956054412162644,0.9965616851786314,1.0,0.991131845172584,0.9933556988739599,0.9450937568561502,0.9963796492850687,0.9999206862438009,0.9763344905912115,0.9863559922616311,0.9539831722106907,0.8862928078543396,0.9971393161645142
1841.71952428,0.9975233908025304,0.9971888817596267,0.9941994247688036,0.995981191304975,0.979451901194902,0.962351281489121,0.8665391324602123,0.9724910842371574,0.3268539150988033,1.0,0.9998846606281777,0.9926305109631487,0.9786489575648506,0.997039346401152,0.9992119210825591,0.9993907673095949,0.99441345058413,0.9928426560638283,0.9998544742215897,0.9860836125247762,0.9910453941531071,0.9357336070312124,0.9971519867678256,1.0,0.9707218190686231,0.9839348896052595,0.9333142858356215,0.8873393519616947,0.993629392411228
1850.49334662,0.9965572630769166,0.9955372567113427,0.9932726840701128,0.9950223793395958,0.9662179763728199,0.9723740587491088,0.8559969662077705,0.9691550935688533,0.3259134002102803,1.0,1.0,0.9908311266582098,0.978305221743784,0.9954358868281524,0.9997788851369441,0.9983498482916038,0.9935068548624819,0.9868006367432035,0.9986240858250681,0.9789612979236861,0.9871206891859526,0.9205922959524494,0.9969538518945122,0.9998876939177305,0.9594983497458742,0.9754291809112117,0.9242717541518326,0.8827210718366763,0.9876738623505894
1859.27672761,0.9954921891822501,0.9951928725574024,0.9916182124205145,0.9940310428789458,0.942713390016104,0.9795037643864956,0.8336753597735161,0.9651170940060625,0.32569717927386316,1.0,0.9999290957355046,0.9868865364427981,0.9779743789270725,0.9940697741855979,1.0,0.9969054694995696,0.9930290670736549,0.9767666183846182,0.9972167048076725,0.967505159399794,0.9803988641154265,0.8955900732575895,0.9952141175231526,0.9977443779266594,0.9420440668093081,0.9589741982228493,0.9311448999307054,0.8711484566837152,0.9781254427442314
1868.06353858,0.9939293843323119,0.994126638255024,0.9895102736621831,0.9920616814659703,0.9029344007538621,0.9819585500217995,0.7958157233084344,0.9606768943460084,0.32624077432307697,1.0,1.0,0.979317144528202,0.9774740914618347,0.9930916899975355,0.9972041916446607,0.9937674168601127,0.992538748258221,0.9600886301483869,0.9950992819492533,0.9469462290767189,0.9693163549249574,0.8559488854780299,0.9905389416258152,0.9930655156940197,0.916234452419511,0.9326311679536898,0.9481964428724925,0.8498844775084599,0.9635767782219072
1876.84916726,0.9925860486382869,0.9883134438485357,0.9873616974864846,0.9879560763887477,0.8408281386042289,0.9830627888988909,0.7384606135702848,0.9574934982783322,0.32722444620191166,1.0,1.0,0.9686793454636089,0.976885987719787,0.9909866145956787,0.9905999589290695,0.9861318757238235,0.9915305126188066,0.9358998518127922,0.9892755341074974,0.9104673509795514,0.9504837442255141,0.7981709964029671,0.9815682177591399,0.9840138643240288,0.8793438929556242,0.8954879962078017,0.9697208280320605,0.8157560709561346,0.9422680348257133
1885.63362519,0.9930945176651458,0.9776322393855357,0.9841098246738119,0.9853276608928361,0.7578950452758425,0.985662227883403,0.6622243183386817,0.9535102166667935,0.32862299311573606,1.0,1.0,0.9601361392494091,0.9764526921492567,0.9901846452694093,0.9824115166227497,0.9756563094846111,0.9904452160541436,0.9039645534427891,0.9810649391248223,0.8550228510207645,0.9193216641628101,0.7187228336443371,0.9667076246121438,0.971981655909885,0.8289068697144513,0.8505702664004545,0.98733963757093,0.7718538492902723,0.9127244178665218
1894.41692373,0.9941131462782312,0.9640357281521815,0.9796631270042855,0.9834301071882097,0.6751140591849156,0.9908199353780333,0.5741331914152044,0.9483362717203505,0.3303605428642248,0.9999841952018935,0.9997522592853328,0.9586296749014661,0.9760514761415078,0.9904600825565859,0.9748141232037807,0.9614631371323652,0.9897880172079159,0.8671079320985723,0.9707999432128188,0.7864199727689359,0.8764056555542367,0.6327100148408924,0.9474285927903511,0.9588860161802305,0.7627415237685429,0.800422301147621,0.9969580871326326,0.7222166613769023,0.8737916981395015
1903.19907409,0.9947969879812014,0.948238319742922,0.9747964630958318,0.980281592133057,0.6243143809293085,0.995680596552271,0.49025259245980557,0.9432463472035993,0.3326271758873619,1.0,0.9999241247819387,0.9595290476589914,0.9756004722578118,0.9898879004253789,0.9668273686108436,0.9461402114352168,0.988243774631759,0.8339968538597681,0.9589292499370079,0.7349771220889755,0.8393982773786937,0.5730607527210082,0.9320684856664747,0.9446338055631557,0.6824833615581598,0.7464709892074595,1.0,0.6706997960386587,0.825974341086417
1911.98008732,0.9950093272329092,0.9318391088996849,0.9703579629049867,0.9775216119686541,0.6094828062142392,0.9970850141590617,0.4460205962519184,0.9385576217381585,0.3353742062896794,1.0,1.0,0.959473358684089,0.9753901662378337,0.9884405041102095,0.9601003068548504,0.9376659233579774,0.9868387181472635,0.8124965681550613,0.948730943389194,0.7297439811615863,0.829384815187845,0.5581927347222928,0.9271382174755332,0.9298186488697477,0.6032903408477642,0.6892750362119798,0.999420823926728,0.6224738979394792,0.7754675696783326
1920.75997429,0.9949898580654615,0.917028535300842,0.9664839294257533,0.976533359921285,0.61435412932563,0.9945325150829234,0.46041791591204334,0.9337513129782635,0.33894065179616123,0.9997469366891747,0.9998657131388832,0.9579105376902094,0.9750159446982541,0.9873516582616305,0.9582536220924457,0.9383673405695884,0.9853013392668578,0.8032617572587353,0.9435508034594295,0.7585194662935747,0.8417011355933037,0.5755880061849762,0.9314481152514712,0.9170504989045105,0.5575767347538306,0.6290652527158325,0.9975004450529992,0.5833805025006309,0.7329615353353275
1929.54914243,0.9949696333425689,0.905595485998704,0.9636951631741608,0.976376284042573,0.6270530188869964,0.987966889552442,0.512280849801254,0.9289638474872441,0.3430848446888904,0.9996951342281495,0.9997386624988497,0.9569291831421624,0.9747209670487769,0.9858850260213663,0.9595067728596696,0.9426738015441646,0.983381914872207,0.8022445456703567,0.9424333298167993,0.7921103291042074,0.8615251240000481,0.6039911604713847,0.9387502087505177,0.9079949467395921,0.5611960415801549,0.5687491455422472,0.9951228418743572,0.5554211031449882,0.7061475261325875
1938.35679058,0.9944100265654474,0.8978481292098287,0.9622347036072071,0.9771158257349969,0.6427948633451722,0.9775362140495788,0.5720538458644661,0.9242403506316816,0.3473048488084903,0.9995480623300542,0.9993477017135385,0.9573081744093989,0.9746139075231691,0.9841897301191076,0.9629205395297437,0.9477755273425089,0.9809663913766342,0.8055140618832607,0.9432860854069339,0.8172390450891995,0.8801895162846052,0.629828939231799,0.9453268830384082,0.9018791568206193,0.5925677162502583,0.5214480375945085,0.9932688455790302,0.534412184788033,0.6963324151765086
1947.18286652,0.9934660598446502,0.8923950320057271,0.9612092305382663,0.9788053606060032,0.6604450992115528,0.9691922581748048,0.6282385060527473,0.9192663900290534,0.3519178803049003,0.9996620487918811,0.9992352039212643,0.9578291722190416,0.9744893173813152,0.9818623150165151,0.9670257982868076,0.9521035438798219,0.978626283698079,0.8108156281497115,0.9443631448200811,0.8341931445658902,0.8957516919533025,0.6510006573682975,0.9512177675175755,0.8965594944618848,0.6279803621349267,0.5040468228233032,0.9927680573458338,0.5138348051055956,0.7004228394003288
1956.02731804,0.9927227665524361,0.8884659538460531,0.9605438367857366,0.9811177628548929,0.680209212800403,0.9715091201120916,0.6807243222439399,0.9139560354897416,0.35720584355342505,0.9994868306062037,0.9990788041773261,0.958998824574076,0.9741760904943034,0.9793039826832076,0.971850040760242,0.9561607534946068,0.9773084468115567,0.8167308543854266,0.9453783055425117,0.846988673417036,0.9082737583444451,0.6698268630791538,0.9568462872223021,0.8917143335547424,0.6670244781756428,0.5194033141644305,0.9938335531938065,0.4932197627614187,0.712792186614421
1964.89009294,0.99235934738423,0.885730675494717,0.9610882260599846,0.9835050528940859,0.7021235190215235,0.9828799464186874,0.7314948885771324,0.9084121268652091,0.3631133566137414,0.9994708972930415,0.9990987777081347,0.9613464913241346,0.9740055970873857,0.9771047979458234,0.9768129220220009,0.9602873046136216,0.975808700196065,0.8234115726589427,0.9462070750337926,0.8592052611576511,0.9184890562364267,0.6895577438232777,0.9620840743218552,0.8893895611639072,0.7071435313772358,0.5524251028898525,0.9954330361772985,0.4780243521828946,0.7287583326651131
1973.77113898,0.9920692979754865,0.8841915467029827,0.9617385076176296,0.9855564161988477,0.7260717321194429,0.9938640968382866,0.7787920711043379,0.9027847050544563,0.3697662242120843,0.9995038854615873,0.9992601733589723,0.9631730279790398,0.9738965713985259,0.9747408002779585,0.9815786723102707,0.964710578620236,0.9739238306958594,0.8313937767185993,0.9470758325308236,0.8723746665828325,0.9272181824372016,0.7114842130091265,0.9656536896518169,0.8898965100795926,0.7423911538113351,0.5838510762200309,0.9970926171073332,0.4728735806243115,0.7464533630078611
1982.67040395,0.9917324578634812,0.8841056740439549,0.9632430085607656,0.9871610109139286,0.7514541004240196,0.9988856948651496,0.8211376781690954,0.8971917931565939,0.37721423141055055,0.9996963829234337,0.9997103978226052,0.9653002232760668,0.9736930716644414,0.972691270058982,0.9857541464039873,0.9688883772298472,0.9716719683148435,0.8408935543576266,0.9488921006308974,0.8869822492191669,0.9353507947853336,0.735368839725171,0.9681859666891839,0.888245764999653,0.7764199889316893,0.6181067936618367,0.9984548786230737,0.47561256043378036,0.7651478109161912
1991.57932378,0.9913353926906,0.8854673823570121,0.9657619311544521,0.9885100367150527,0.7774762094154488,1.0,0.85606437256375,0.8918138347180756,0.3851682367500451,0.9998792016415738,0.9999268138922953,0.9677245735703423,0.9735663616175637,0.9719388664369977,0.9897123976161603,0.973014128904898,0.9702201719395186,0.8518397947544066,0.9524277107686817,0.90253135138613,0.9429647604784192,0.7603745282868644,0.9692587926427176,0.8804021732335631,0.8147572080704644,0.6648598374756315,0.9993960133803073,0.4817126219401383,0.7842520632620238
2000.48893957,0.9921205958665357,0.8876300684122661,0.9697855251784778,0.9899525336563694,0.8032078007669451,1.0,0.8831127463312058,0.8864433025743929,0.39363748944313,0.9999915150505291,0.9997589876068068,0.9697333907909687,0.9736371470008353,0.9724944729674974,0.9930511098109276,0.9771987122722342,0.9710173332737593,0.8637255752941547,0.9571904954081744,0.9179438118938044,0.9504309892055273,0.7859088293129282,0.9692106140610043,0.8685505210848767,0.8572004783559809,0.7279890609189635,0.9997458309330916,0.4870965910633389,0.8031063812521186
2009.39924527,0.9941480630947629,0.8902295476299134,0.9746514399062735,0.9915195352427116,0.8277855989763888,1.0,0.9038689488634705,0.8810795021581812,0.4028345344481596,1.0,0.9998605149961515,0.9717266402737296,0.973626480234548,0.9746777083615581,0.9956960588749738,0.9815095102370737,0.9743084945012632,0.8756420293170221,0.9623689444739215,0.9326240671070363,0.9578874004434236,0.8104462852938833,0.9715055376321422,0.8592810212261753,0.8966163406970697,0.7935005512718575,1.0,0.48782264194605174,0.8209519218415811
2018.31023493,0.9961378138801649,0.8930689870643357,0.9784111577412928,0.9930844674586032,0.8506169150237701,0.9996632516587248,0.9201570975762504,0.8757086459212944,0.4125330206339496,1.0,1.0,0.9740679143257263,0.9734308148005621,0.9781922930250945,0.9981247968411002,0.9856739909381598,0.9793070019238077,0.8871422761218204,0.9675905331216287,0.9460424824117121,0.9647663914377044,0.8330562212159237,0.9802047301773752,0.8557965105021421,0.9280567611398862,0.8462986716394343,1.0,0.48230243695312836,0.8373449486291593
2027.22190266,0.9975812276898216,0.8963459046140192,0.9810900547697112,0.994664816585972,0.8713764842515126,0.9988998703837841,0.9324673816491987,0.8701564097559742,0.42257393380511316,0.9999737456018123,0.9999254522147069,0.9761708649138463,0.9733381772917904,0.9823597126685629,0.9997142336463574,0.9893634882120477,0.9853103895887539,0.8980600562201005,0.9725313587509354,0.9574365110084521,0.9710924856367208,0.8536129592928884,0.9926227759791401,0.8540434312083873,0.9519767505879317,0.8850136130736787,0.999229584454978,0.4708972554175445,0.8521421561584475
2036.13424266,0.9987521086466864,0.9002034460745472,0.9839202125341707,0.996258098965705,0.8899352746134984,0.9996785605985656,0.9414573677396261,0.864733020445087,0.43306907124462013,0.9998068790682135,1.0,0.9781478448512071,0.973388973013602,0.986924917732162,1.0,0.992481045421381,0.9915355098455477,0.9086212346465103,0.9775009532236788,0.9665668551490767,0.9767838574079013,0.8717667308658454,1.0,0.84988677838066,0.9691829894217386,0.9133296959280799,0.9973163729622941,0.45585294109355273,0.8654959733679992
2045.04724919,0.9994350210302714,0.9045882945458887,0.9863093083323416,0.9976700607166802,0.9063298840355577,0.9999226445288961,0.9494250179590014,0.8595594372134214,0.444159317487472,0.9998823704301676,0.9999553481297823,0.9807315285191072,0.9733401555424657,0.991071811274684,1.0,0.9951598710422348,0.9963588587645561,0.91886945948006,0.9825433036398936,0.9738419994190345,0.981592025465956,0.8872217074299749,1.0,0.843846103121435,0.9810187031339739,0.9340527981708749,0.9949657429020609,0.4408389511317099,0.8775827573677433
2053.96130725,0.999562019573975,0.9093971429840281,0.9880039897727045,0.9986847060176527,0.9208869165607995,1.0,0.9558790479708383,0.8544994300293887,0.4559220337308172,1.0,0.9997354925667749,0.9830499497115994,0.9729936354303251,0.9946525637790378,1.0,0.9970209522553011,0.9987568345614926,0.9284750340740047,0.9876601771117516,0.9796693489731173,0.9856475566524253,0.900175962597954,0.9945107495511729,0.8373451375446418,0.988276781441523,0.9481907844242548,0.9930817804965337,0.4297530769787156,0.8885945901196757
2062.87694233,0.9995972266737928,0.9147517883359652,0.98913090059617,0.999353751366281,0.9340174881175575,1.0,0.9616684586681951,0.8494333993074764,0.468230631270104,1.0,0.9996872372881096,0.9850104449068877,0.972765091326711,0.9972860451959764,1.0,0.9981531783673618,0.9996107199557119,0.9363724712270791,0.9913079470598033,0.9845205406788691,0.9887311641150175,0.9110771579314066,0.9805297145467164,0.8326574739711889,0.9912441318142333,0.9567443526871201,0.9912913878308411,0.42468691348529486,0.8987866179957501
2071.79414164,0.9998910453947868,0.9205797993888974,0.9912460893331327,0.9998266686947085,0.9460470957928349,1.0,0.9668131386665666,0.8445101047334203,0.4810799183185332,1.0,0.9997585449970124,0.9869091389099156,0.9728129941629085,0.9989619236567622,0.999330372919152,0.9991210301504349,1.0,0.9416141395953768,0.9928035156304832,0.9882498751570307,0.9910487289013271,0.9204303346652349,0.957763727639564,0.8305418453279076,0.9911109807247853,0.9623946010136722,0.9896834216470723,0.4250189279982768,0.908263708120351
2080.71289251,1.0,0.9269001213310383,0.9931171183703703,1.0,0.95715012767357,1.0,0.9704454536135944,0.839985601315077,0.4943723599750222,0.9997844002967772,0.999687826764016,0.9882301834607611,0.9730369111250539,1.0,0.9980791558294103,1.0,1.0,0.9442237670464058,0.992625812298096,0.9904753732165621,0.9928144542094235,0.9276935499254912,0.9458682464483433,0.8273687298268022,0.9889243611396217,0.9664863192890897,0.9887738906493254,0.4282650058674495,0.9171548997218308
2089.63318245,1.0,0.9337535682739293,0.9944422909678489,1.0,0.9673332220254831,0.9999544852962591,0.9716878785522687,0.8353672090290101,0.5082040034015093,0.9997322065217531,0.9998305668546056,0.989526975434336,0.9732520498001466,1.0,0.9960264992565931,1.0,1.0,0.9462989158219959,0.990155966816319,0.9922086337653127,0.9943498898622536,0.9338134555422647,0.9511583057836527,0.8173929697858104,0.9857179406716504,0.9673106483315645,0.9883065335945688,0.4328141468108682,0.9254730472602528
2098.55499911,1.0,0.9406283495471641,0.995385611302738,1.0,0.976468370486907,1.0,0.9705256872688929,0.8307681377479099,0.5226201845009989,0.9999847374288856,0.9999313328545851,0.9918948873270583,0.9733159504861373,0.9997787093802365,0.992835744920601,0.9998839932040335,1.0,0.9496003815655881,0.9872110135992871,0.9940417550663987,0.9957635147444737,0.9403949737489186,0.9613540695737969,0.7968679682246126,0.9833448227890089,0.9646085893563985,0.9874221976009429,0.4382760493431449,0.9332326031305597
2107.47833028,0.9998039745872382,0.9476254867925806,0.9963892898139017,0.999865628764157,0.9845837328858319,1.0,0.9670061255109976,0.8264179738131624,0.5375520999849017,1.0,1.0,0.9945857403029428,0.9732556881321652,0.9989605899068019,0.9870177354810001,0.9996384535043241,1.0,0.9540303380515338,0.9854338890423275,0.9960575325787115,0.9967812059320665,0.9470415171374545,0.965683724390029,0.7644417087774709,0.9837460523252504,0.959329445460501,0.9851662224345179,0.4436419109856888,0.9404414693886858
2116.41133382,0.9996452261974581,0.9548766001157919,0.9982028503550746,0.9998323679062332,0.9915420144913997,1.0,0.9621628878425731,0.8227230700870587,0.5523597437773671,0.9998079662545759,1.0,0.996586202004522,0.9733172645188711,0.9988301239797486,0.9788287723202106,0.999413673728813,0.997720536507652,0.9592981298252312,0.9848664432165948,0.9982051237469277,0.9977616178734695,0.9535499319265308,0.9606604647419416,0.7203815812726785,0.9870366401794346,0.9524635024282654,0.9816929457698914,0.4480370317236914,0.9471679325199305
2125.37093026,0.9990692090064504,0.9623290143765169,0.9991916126805623,1.0,0.9969057961433903,1.0,0.9589307354587756,0.8192658427614399,0.5668897722203515,0.9993456066921956,0.9999887277231251,0.9985227071942034,0.9734193839859928,0.9992645830582508,0.9700730085378335,0.9996805336308708,0.9889233352676903,0.964393091923931,0.9851997761521342,0.9997897785330382,0.9984430618287583,0.9598239856886976,0.952703148330015,0.6724729705037236,0.9912360750750067,0.9451548441334346,0.977603723081986,0.4533997613042996,0.953432234755133
2134.35713173,0.9979217786226738,0.9700905996530638,0.999472925742636,1.0,1.0,1.0,0.9582772879123493,0.8156477284610028,0.5822105393671314,0.9991644455701275,1.0,0.9999154436162898,0.973389647823027,0.9997604698728675,0.9536766915332093,1.0,0.9721138078882213,0.9708095016360629,0.9862513513112042,1.0,0.9990392450453335,0.9665730147277551,0.9521068063733019,0.6332057155640118,0.9950524798964786,0.9380637497987903,0.972974620989436,0.4654780358495355,0.9593427481168115
2143.36995005,0.9963660921394036,0.9782542575814348,0.9992507149588349,1.0,1.0,1.0,0.960917056592685,0.8120278847667114,0.5981028800540273,0.9990920076246701,0.9998337092803105,1.0,0.9734665029275762,1.0,0.9239170508216153,1.0,0.9507197092945653,0.9793046918566124,0.9893886908356654,0.9999347982543328,0.9998235454470511,0.9732173663354025,0.9630017414728371,0.6028853931621121,0.998656922807117,0.931186965813259,0.9681976150520739,0.4924073227753957,0.9648771005109571
2152.40939672,0.9956706632073943,0.9861750824786994,0.9990103296646478,1.0,0.9967862548541072,0.9964196714563843,0.9656536354185267,0.8085408509565163,0.6143584216715827,0.9988321482502767,0.9994809751802365,0.999973119232591,0.9736006096501386,1.0,0.8840445172476528,0.9997433949015457,0.9294483301129672,0.9876133279396606,0.9940800763595895,0.997017111806659,1.0,0.9786570695841331,0.9756836156929245,0.5765328573501944,1.0,0.9237369159185406,0.963472927715657,0.5400057766335212,0.9701744540765045
2161.47548295,0.9961932984650732,0.9926043997623158,0.9987702623863821,1.0,0.9886339385884771,0.990145738759444,0.9720043916189705,0.804922368779019,0.6303438906022264,0.9984721046749591,0.9989173723601016,1.0,0.9737351316568881,1.0,0.8502629643053968,0.9974560952004411,0.9057216111185883,0.9939922297090782,0.9976823392162226,0.9899523595238433,1.0,0.9829738482680033,0.9804547370397803,0.5598681801856531,0.9998366378537188,0.9156659834314982,0.95891482379696,0.6049769834272268,0.9752404257241047
2170.56821963,0.9975295098907121,0.9970647788303342,0.9985500702017905,1.0,0.9749345893626175,0.9811602913498133,0.9796749717975446,0.8013725839615113,0.6459234095376959,0.998370596115353,0.9980797890098531,1.0,0.9739622428768365,1.0,0.8335418597351696,0.992446344201059,0.8747872011629017,0.9980931268093155,0.9995305629152669,0.9771904660098603,1.0,0.9867365884126741,0.9800636325437871,0.5590772949509399,0.9989877029361076,0.90843383298664,0.9541663678320578,0.6757401227811175,0.980164054880722
2179.68761735,0.9988017327644287,0.9996405839175896,0.9983142270657573,0.999806415361297,0.9562786654988064,0.970591730368684,0.9858844424865646,0.7979168846739852,0.6615090101229144,0.9986709370608118,0.9977041628857966,0.9993707685818906,0.9744273938567403,1.0,0.8272929137192457,0.9840481347512364,0.8372223022984895,1.0,1.0,0.9591487934206997,0.9997113680227385,0.9911439705178164,0.9860252751373719,0.5721280735454942,0.997374230793038,0.9034801495420789,0.9481604394116782,0.7408544510800372,0.984928567008545
2188.8336864,0.9995485178818334,1.0,0.9979465716647505,0.9979755879424667,0.9360607543939287,0.958823109384108,0.9901265483909408,0.7948023051723835,0.6776937807101863,0.9991098769143458,0.9977484933303795,0.9985759696579758,0.9752574088377358,1.0,0.8218685067027652,0.972219706066723,0.7949963888044443,1.0,1.0,0.9375843082691865,0.9987630786727918,0.9952496228989034,0.9962710058176351,0.6050939526011331,0.9950752914819642,0.9004574417875297,0.9402629788935513,0.7945257236059526,0.989347222726703
2198.00643675,1.0,1.0,0.9972134430137989,0.9922832990613171,0.9174054592769101,0.9433832945838101,0.9942611964261108,0.7925162493413899,0.6938165753507166,0.9994732301003391,0.9977224038150064,0.9985257359618881,0.9761380409694497,0.9987165474698549,0.8115062792091436,0.9584730517919618,0.7577780567564849,1.0,1.0,0.9159624231237454,0.9973025079012683,0.9980496640307919,1.0,0.650999250361709,0.9926166351693579,0.896791691082972,0.9304570271498643,0.8362930052695162,0.9931853913519921
2207.20587807,0.9998849313270083,0.997776493933958,0.996478935476482,0.9799674094856047,0.9029322017278973,0.9225312796064703,0.9978240225019666,0.7907072351687185,0.7098883722219291,0.9999000562815505,0.9977445622033415,0.9988375589264855,0.9769677269480714,0.99526697873761,0.8030001873815491,0.9456131950683249,0.7534167783823947,1.0,1.0,0.9052146275027949,0.9941670518098756,0.9997540110011962,0.9996897202370898,0.6878600398157246,0.9895969024731653,0.8916918842768128,0.9190925883234212,0.8677584082572772,0.9963140183019067
2216.43201972,0.9992590056809901,0.9927043911579496,0.9965451722448658,0.9608940943853851,0.8966115344412443,0.8930435505591501,0.9997284433031841,0.7892897555274868,0.7261660655091152,1.0,0.9978002737153746,0.998945707653353,0.9778398404448484,0.9884417726753764,0.8399301198319651,0.9375673345684608,0.7950730950691566,0.997416726107286,0.9994506277682135,0.9145479639683702,0.9884419940187535,1.0,0.9822391945734998,0.7519872790484554,0.986399919684285,0.889657729348635,0.9063246494466246,0.892879462942519,0.9986172545008849
2225.68487077,0.9977328374893175,0.9846198059945396,0.9967368956267624,0.9415375539535962,0.8979434761194256,0.8477067234365409,1.0,0.7884016332699451,0.7421727630698904,1.0,0.997904951083669,0.9987260131519261,0.9785084696304566,0.9759510966517533,0.9082345330104187,0.937558810709346,0.8474618872631394,0.9887556575215729,0.9948288885556257,0.9341554172581338,0.9815864188118869,1.0,0.9504701745235725,0.8454459046576143,0.985238729530213,0.8975976584761908,0.8940662508938272,0.9163798240275727,0.9998967675123661
2234.96443997,0.9949891431597431,0.9739889228469099,0.9969368808224839,0.9311571942651932,0.9026496078693935,0.7821875064689199,0.9999087639044779,0.7880437897310824,0.7578933391661445,1.0,0.9978870910849074,0.9984502968028885,0.9790914025131456,0.9575020621891357,0.9528646158722881,0.9450756864929973,0.8724449987969332,0.9737922446049267,0.9844165098755829,0.9519984057260886,0.9775134102346004,1.0,0.9273349648255884,0.9168710976785848,0.9855036841530741,0.9133929129850293,0.8838518648634685,0.9404838736832258,1.0
2244.27015399,0.991239332836224,0.961484058997138,0.997880907984111,0.9373835266381922,0.9080895917368167,0.7054360085143967,0.9997951655118446,0.7879838101053278,0.7733709466618107,0.9999955598531219,0.9977573569885786,0.9982408133853838,0.9797589150619024,0.939240093509556,0.9760605056205613,0.9546273545657127,0.8671538875256756,0.959830380466252,0.9720552274195571,0.9686249925712468,0.9764204095484025,1.0,0.9151287252735407,0.9592307815276058,0.9844903414835645,0.9270914514152863,0.8728473017568454,0.9639700684585562,1.0
2253.60010501,0.9865113908298178,0.9490468353641875,0.9983433220036895,0.9519784331502401,0.914251335565849,0.649526861526929,1.0,0.7885441078168193,0.7883560583577844,0.9999073278653561,0.9979416727056619,0.9986899770824784,0.9804616103739714,0.9295816350769248,0.9906868515543203,0.9641196721435801,0.8510035204880474,0.9511648559224697,0.962514324206978,0.9839529610205264,0.9716711646719135,1.0,0.8786223077671399,0.9829504736396246,0.981471872212766,0.9350896026054338,0.8550988508457419,0.983758001792072,1.0
2262.95428072,0.9802939665432819,0.9389055364627679,0.9986578714618102,0.9602502573887827,0.9220051401954042,0.6342794013370547,1.0,0.7898635940429986,0.802574181038421,0.9997179936947767,0.9982844827048915,0.9987537639206482,0.9812573755968326,0.9266297850563211,0.9983897092089506,0.9752204603151641,0.8463240294253854,0.9397074725074616,0.9530407568122055,0.9947995090243125,0.9565021182116346,0.9935900996715312,0.8066153200382244,0.9950056675160148,0.9782134676239452,0.9393047155364034,0.835639492953514,0.9964752880582176,1.0
2272.33266852,0.9726515593207626,0.9317621569523644,0.9992338842045914,0.9567316508513568,0.9315804429253368,0.6348276652517205,1.0,0.7913488097017609,0.8153379600788241,0.9997968759097827,0.998670182930857,0.9990315070431083,0.9820164400866295,0.9227061084229463,1.0,0.9868477911755817,0.8556236858522995,0.925897885038035,0.9401650974888698,0.9999172101120656,0.9335987349796074,0.9737055779748819,0.7024098941534175,1.0,0.9784401166366572,0.9463925927629605,0.8326395634566788,1.0,1.0
2281.73525558,0.9640015348327581,0.9263625631388737,0.9995583474490868,0.9478096344895838,0.9423762581590356,0.6193413752725239,1.0,0.793585309680747,0.826464189679769,1.0,0.9989150482138159,0.9987872103591001,0.9829480704504232,0.9117362449914076,0.9981710433770612,0.9959480238033008,0.8617395767987541,0.9129106704014841,0.9285819104309103,1.0,0.9173783568424217,0.9361552843136753,0.5800952674506009,1.0,0.9817864559869278,0.9612389251974005,0.8530969113485025,0.9994159781946771,1.0
2291.16202877,0.9560367990617876,0.9222250947952708,0.9991207607519644,0.945517563145663,0.9536152230953014,0.5807024557104341,1.0,0.7968660676225087,0.8362451533681432,1.0,0.9991589516030324,0.9986608837657232,0.9840864584080672,0.8934974696355846,0.9940390616601205,1.0,0.8502728785909057,0.8977647822049228,0.9160291835844604,1.0,0.9231830976365685,0.8926952369749295,0.4826893332084201,0.9936516633827908,0.9869951779179422,0.9772177383960412,0.8877638862181796,0.9969560884756686,1.0
2300.61297471,0.9491070280264051,0.9209843454564516,0.9998535580919452,0.9505962819768353,0.9647434925262985,0.5239292289163935,0.9993136387053982,0.7999683548839579,0.8460100662356942,0.9996844502876298,0.9996993045541119,0.9987588552358418,0.985117165192291,0.8778118344430439,0.9879621492890973,1.0,0.8280295153953025,0.881022170089056,0.9005805234228225,1.0,0.9480396621948686,0.8638038971600275,0.4268655673516491,0.9704350960588496,0.9920625822848695,0.9893590635630504,0.9182862342031235,0.9974359398563465,1.0
2310.08279923,0.9427137096472108,0.9255881753936064,1.0,0.947503528659969,0.9754447819213471,0.46004652920649175,0.9989511932178557,0.8035632869446412,0.8545367772770416,0.9989344850126741,1.0,0.9995493109321505,0.9857593148218492,0.8673591030071934,0.9802968390131714,0.9957348760055627,0.8092507245220043,0.8646004305785996,0.880997797985642,1.0,0.9740278432621501,0.839459322014838,0.4123922124225702,0.9278280308946545,0.9965358186354745,0.9967954881816479,0.9429494284550919,0.999870366367567,0.9976337774566405
2319.55711841,0.9351157492426575,0.938490890135637,0.9988944381775622,0.9087843488206225,0.9852424696682592,0.4052624623362012,1.0,0.807643004461357,0.8655053910687177,0.9983543703669523,0.9999708449341429,1.0,0.9862815423694021,0.857809434899636,0.9749612785177065,0.9880314338392546,0.7951959122714232,0.86027299896734,0.8609855161271944,1.0,0.9905568214046412,0.8439177222626504,0.4728965996163195,0.891711504006645,1.0,1.0,0.9691634397050274,1.0,0.9920812867349745
2329.03590187,0.9273362001672192,0.9577881583020987,0.9979546347279261,0.836354928707901,0.9929811473052872,0.3718689168868814,1.0,0.8127397109662172,0.8807581453467446,0.997592316935064,1.0,0.9998676635965478,0.9865882404019675,0.8540289693633066,0.9754652569662675,0.9790097979582424,0.7797101740034624,0.8762354996424921,0.8535788063589926,1.0,0.9983111177354267,0.8938620236824188,0.6075419656300882,0.8999146354329156,1.0,1.0,0.9886225842308228,0.9953721744533894,0.9828979086304078
2338.51911953,0.9254766135556832,0.9782524435573005,0.9982386534954834,0.7714159482904553,0.9979176014357785,0.3703498929000579,1.0,0.8187877324622773,0.8961669191322952,0.9970911818312287,1.0,0.9987850494616441,0.9866567145339262,0.8609750644135704,0.9780629484567095,0.970520090342119,0.76618411697207,0.9110225578198275,0.867693598034923,1.0,1.0,0.9480269828444166,0.7328051610612255,0.9416162152137957,1.0,1.0,0.9983623245823838,0.9838395607944533,0.9700928600475585
2348.0067416,0.9352560030180295,0.9934837478614433,0.9993455941791507,0.733910318364853,1.0,0.41140986338289454,1.0,0.8253940505420986,0.9097252066745025,0.996582498864784,0.9998824841462383,0.9981357419455005,0.9867489200357968,0.8774291356906552,0.9746268478174399,0.9653205814882158,0.7650783504442427,0.9547927612475455,0.9012381930154313,0.9986181848227608,0.9999006798766392,0.979708552881909,0.7818483538432938,0.9818099251657412,1.0,1.0,1.0,0.9651194112262017,0.9542981018585373
2357.49873856,0.9544424511362574,1.0,1.0,0.7202922935012374,1.0,0.49471512294597614,1.0,0.8328048010728243,0.9210266583250957,0.9957855554155028,0.9997755218725592,0.9983777563262048,0.9872092667269478,0.8990722026655772,0.9677563819122464,0.9654636806067499,0.7782636335015568,0.985409655439923,0.9355288386554155,0.9968078945607143,0.9972606852406142,0.990124209512357,0.7704197742763643,1.0,1.0,1.0,1.0,0.9397805857738499,0.9370692176587322
2366.9950812,0.9739860240188799,1.0,1.0,0.7385659693840049,1.0,0.6028432671769904,1.0,0.8399609918665479,0.9302719783297555,0.9953740854979899,0.9997434442307167,0.9990742815156269,0.9879679890888636,0.9219432782646254,0.9652715882397616,0.9698766687174255,0.7998708108713886,0.9956098756657007,0.9549729472261821,0.995949973720214,0.9936528215135203,0.9849018620207591,0.7255619716595418,1.0,0.9983170525388996,0.994539408605948,0.9990763941811908,0.9080500485464199,0.9201938501874725
2376.49574055,0.9876937255345735,1.0,0.9994285505460225,0.7725264233825709,1.0,0.709664597295348,1.0,0.8469953230562923,0.9376091949446848,0.995419335176502,0.9997718387458017,0.9994339059803812,0.9889152680845588,0.9413788642048512,0.9623268839273399,0.9757380729645945,0.8220557562262688,0.9954253913788136,0.9611055126530447,0.9957952271597201,0.9888458675833166,0.9675652894317917,0.6618998585255739,0.9722344032017246,0.9943045790719945,0.9815119807583726,0.9912159822293046,0.8689888872036683,0.905013442484263
2386.00068793,0.9955457373223632,1.0,0.998824092495316,0.7992121062245775,1.0,0.7973024467886175,1.0,0.8551605650960079,0.9437809452326551,0.9957302584527009,0.9997870813436078,0.9988697496079981,0.9900053806558593,0.9549315842639542,0.9621426113390905,0.9808562485680755,0.8359587028018857,0.9948859886951253,0.963644091316977,0.9948813108354535,0.9823770357103899,0.9521753839629385,0.6313779668095172,0.9213490438125055,0.9865809933027515,0.960064420466872,0.9765851818935702,0.8252770049505342,0.8928162621573765
2395.50989495,0.9991463601959102,1.0,0.9981378615839512,0.8297190448424331,1.0,0.8650072268182543,1.0,0.8638035519651008,0.950989730332486,0.9960339947010212,0.9998864033759552,0.9981994237893042,0.9914339785178572,0.9672100262035861,0.9745150184799084,0.9848755669139674,0.8430963830788216,0.9966713273068756,0.9666826179651518,0.9934923499004561,0.9760224350881813,0.955408102820713,0.6608264258038892,0.8770213600967209,0.9751595252163193,0.9310348283513347,0.9575380548136034,0.7923078738004173,0.8846985312548168
2405.02333345,1.0,0.9983335170479359,0.9980361100521891,0.870248052464137,0.9985792749739019,0.9158060953939281,0.9970403542623135,0.8726193960092776,0.959635053150476,0.9961910152181872,0.999893156811589,0.9979225056850856,0.9928358869136138,0.9818521788022694,0.9909840088096048,0.9868999702757231,0.8480795238739071,0.9995094257000923,0.9706758263608817,0.991633314386917,0.9734787457429673,0.9751355615028005,0.7273602751907787,0.8562591803087518,0.9596164184257384,0.8997319335509145,0.9419247086032007,0.7950029671468175,0.8815096985082749
2414.54097557,1.0,0.9946981471167372,0.9984649034956556,0.9096943251672537,0.9948998359900583,0.9525937301866013,0.9862772207771401,0.8826570510669891,0.9667106879341056,0.9970418234451619,0.9998245887761615,0.9978003693082147,0.9938132545724038,0.9947539866697996,1.0,0.9866917323393111,0.853214333014444,0.999870925781156,0.9737768772790619,0.9890453276166541,0.9763418150938347,0.9892131408976274,0.7972799403310851,0.8420470127773069,0.94118281398449,0.8753263537161793,0.937232121528912,0.835579112775346,0.8836236450357375
2424.0627937,1.0,0.9886167412813802,0.9984378907129983,0.9454753774014587,0.98958702892701,0.977237006441396,0.9698647821306614,0.8936659793389852,0.9719882453561389,0.9985048099369199,1.0,0.9971558493167793,0.9946593057936,1.0,1.0,0.9837289610458992,0.8590039931066463,0.9973715019077485,0.9747921972847666,0.9860784537604091,0.9819882125131173,0.9903367951182473,0.8360806748918233,0.8256679220820016,0.9232965827141861,0.8635326541017557,0.9439217083661077,0.8862607706641743,0.8905591203374426
2433.58876046,1.0,0.980512139191494,0.9979147890581436,0.9750052392836427,0.9834607445096489,0.9920729708983669,0.9498839182028552,0.9051674559568595,0.9761081102385796,0.9996304874321776,1.0,0.9960663430902948,0.995444663532072,0.9997254192168873,0.9963712781995837,0.9802991924324077,0.8665094983652603,0.9959615571977427,0.9756697095069198,0.9830463368356596,0.9875952991516509,0.9879477155007804,0.843612332012294,0.8265419497487727,0.9077113609209733,0.8630744446559844,0.9542572252162664,0.9254391566102955,0.9013845736854091
2443.11884877,1.0,0.9719575039565089,0.997511440284355,0.9943300180399035,0.9775803385785095,0.9993715274865448,0.9299282612807299,0.9177314696884559,0.9798469869423756,1.0,0.9998948647184288,0.9951778732313611,0.9963952754367291,0.9974267190423909,0.9898418774249231,0.9786744781631199,0.8784572857247547,0.9975825242095324,0.9811512976894551,0.9805190938715684,0.9924060099719213,0.9866332863990399,0.8423178322105102,0.8581304957792861,0.8964551261879498,0.8706742493818577,0.959276814125094,0.9499418695417472,0.9147554821834507
2452.65303176,1.0,0.9658681316898309,0.9974963918673212,1.0,0.9731935795478617,1.0,0.9128166750999575,0.9307468505469161,0.9831325885881144,0.9996075783666503,0.9999312820297634,0.9948098319219534,0.9973900941031166,0.993310512947626,0.98772929911088,0.9796143937911508,0.8959559236181178,0.9996964009974902,0.9916150023660482,0.97971675980754,0.9963753516543953,0.9840872185841504,0.8432808637526066,0.8919348098468245,0.8912781849664674,0.8832672507662476,0.9568671098687404,0.9649168929455689,0.9293685954358953
2462.19128285,0.9991146035255717,0.9643513184446917,0.9977545908098118,0.9972572068681024,0.9712875326119627,1.0,0.9008697809752327,0.9430620826624289,0.9863421147781354,0.9989294549766812,0.9998674377443945,0.99495500552105,0.9981086759177502,0.9886094442137098,0.9904267395940743,0.9827845602545321,0.9162742310638282,1.0,0.9996371746710527,0.9814091472383736,0.9991045561466012,0.9819924914377063,0.851633481262393,0.909606817189632,0.8922371708357666,0.8962382391742999,0.9563904374033685,0.975937014910825,0.944345352377072
2471.73357568,0.9961109440804983,0.9673208511401115,0.9983176958055373,0.9916442668079619,0.9726214223191901,1.0,0.9016655225188286,0.9560528067135927,0.9899907921663236,0.9991409048102017,0.9997474516790449,0.9958882068520852,0.9985344504029868,0.9869258943205962,0.993305713014754,0.9865543478366732,0.9377439171865111,0.9988982847884492,1.0,0.9849136159512303,1.0,0.984946007098395,0.8768272767268035,0.9364126740884897,0.9030489477679148,0.9093296451944649,0.9681643253083515,0.9844985662305639,0.9590868406209465
2481.27988414,0.993938852190214,0.9737284888594471,0.9990788932587988,0.9916922319429585,0.9778249484640708,1.0,0.9176588990364307,0.9699978994999463,0.9939221418484055,0.9996479180252951,1.0,0.9974348037191708,0.9988899809883378,0.9896335150988715,0.9932703739481666,0.9907527071458097,0.9596227039178865,0.9969502980989868,0.999956255552582,0.989904294201003,1.0,0.990384323653933,0.9172118234887641,0.9819785581328073,0.9243605627159042,0.9281989691353131,0.9868642738882948,0.9899776246065994,0.9732348431022841
2490.83018234,0.9954159581737485,0.9835115900052477,0.9997551828368422,0.9973699676578477,0.9869820691117002,0.9994469710537318,0.9479483433836251,0.9849617132102746,0.997225399881407,0.9997350876341466,1.0,0.9990048421470393,0.9993513601354781,0.9946936043256391,0.9938748271013993,0.9952695347519125,0.9810242831969762,0.9961610008178965,0.9995988552228062,0.9954538572481525,0.9991928231580718,0.9945626704262434,0.9616629028458268,1.0,0.9552182510093459,0.9585702178577075,1.0,0.9941477404055977,0.9868018023076349
2500.38444467,1.0,1.0,1.0,1.0,1.0,1.0,1.0,1.0,1.0,1.0,1.0,1.0,1.0,1.0,1.0,1.0,1.0,1.0,1.0,1.0,1.0,1.0,1.0,1.0,1.0,1.0,1.0,1.0,1.0
