,CAGR01 Calcite.,F1CC06B Magnesite.,HS433 Halite.,LAZE03 Prehnite.,bkr1jb329c Siliceous-sinter.,GDS26 Epidote.,GDS1 Analcime.,NBPP22 Clinopyroxene.,LAPP47B Orthopyroxene.,LAPO05 Fayalite.,LASC02 Forsterite.,GDS27 Hematite.,NCLS04 Plagioclase.,LACL14 Chlorite.,LAKA04 Kaolinite.,LAIL02 Illite.,GDS106 Margarite.,c1cy29 Vermiculite.,LALZ01 Serpentine.,LAMO02 Montmorillonite.,NCJB26 Nontronite.,LASA58 Saponite.,GDS23 Talc.,F1CC08B Alunite.,GDS145 Bassanite.,LASF41A Gypsum.,LASF21A Jarosite.,F1CC15 Kieserite.,799F366 Mg-sulphate.
Category,carbonates,carbonates,hydrated silicates & halides,hydrated silicates & halides,hydrated silicates & halides,hydrated silicates & halides,hydrated silicates & halides,iron oxides & primary silicates,iron oxides & primary silicates,iron oxides & primary silicates,iron oxides & primary silicates,iron oxides & primary silicates,iron oxides & primary silicates,phyllosilicates,phyllosilicates,phyllosilicates,phyllosilicates,phyllosilicates,phyllosilicates,phyllosilicates,phyllosilicates,phyllosilicates,phyllosilicates,sulfates,sulfates,sulfates,sulfates,sulfates,sulfates
Root Data ID,CAGR01 Calcite,F1CC06B Magnesite,HS433 Halite,LAZE03 Prehnite,bkr1jb329c Siliceous-sinter,GDS26 Epidote,GDS1 Analcime,NBPP22 Clinopyroxene,LAPP47B Orthopyroxene,LAPO05 Fayalite,LASC02 Forsterite,GDS27 Hematite,NCLS04 Plagioclase,LACL14 Chlorite,LAKA04 Kaolinite,LAIL02 Illite,GDS106 Margarite,c1cy29 Vermiculite,LALZ01 Serpentine,LAMO02 Montmorillonite,NCJB26 Nontronite,LASA58 Saponite,GDS23 Talc,F1CC08B Alunite,GDS145 Bassanite,LASF41A Gypsum,LASF21A Jarosite,F1CC15 Kieserite,799F366 Mg-sulphate
Sample ID,CAGR01,F1CC06B,HS433,LAZE03,bkr1jb329c,GDS26,GDS1,NBPP22,LAPP47B,LAPO05,LASC02,GDS27,NCLS04,LACL14,LAKA04,LAIL02,GDS106,CY-PLH-029,LALZ01,LAMO02,NCJB26,LASA58,GDS23,F1CC08B,GDS145,LASF41A,LASF21A,F1CC15,799F366
Species,calcite,magnesite,halite,prehnite,siliceous-sinter,epidote,analcime,clinopyroxene,orthopyroxene,fayalite,forsterite,hematite,plagioclase,chlorite,kaolinite,illite,margarite,vermiculite,serpentine,montmorillonite,nontronite,saponite,talc,alunite,bassanite,gypsum,jarosite,kieserite,mg-sulphate
Subgroup,calcites,calcites,chlorides,prehnites,hydrated-silicas,epidotes,zeolites,pyroxenes,pyroxenes,olivines,olivines,hematites,feldspars,chlorites,kaolinites,micas,micas,micas,serpentines,smectites,smectites,smectites,talcs,hydrous_sulphates,hydrous_sulphates,hydrous_sulphates,hydrous_sulphates,hydrous_sulphates,hydrous_sulphates
Group,carbonates,carbonates,halides,inosilicates,mineraloids,sorosilicates,tectosilicates,inosilicates,inosilicates,nesosilicates,nesosilicates,oxides,tectosilicates,phyllosilicates,phyllosilicates,phyllosilicates,phyllosilicates,phyllosilicates,phyllosilicates,phyllosilicates,phyllosilicates,phyllosilicates,phyllosilicates,sulphates,sulphates,sulphates,sulphates,sulphates,sulphates
Library,MICA_new_dirtree,MICA_new_dirtree,MICA_new_dirtree,MICA_new_dirtree,MICA_new_dirtree,MICA_new_dirtree,MICA_new_dirtree,MICA_new_dirtree,MICA_new_dirtree,MICA_new_dirtree,MICA_new_dirtree,MICA_new_dirtree,MICA_new_dirtree,MICA_new_dirtree,MICA_new_dirtree,MICA_new_dirtree,MICA_new_dirtree,MICA_new_dirtree,MICA_new_dirtree,MICA_new_dirtree,MICA_new_dirtree,MICA_new_dirtree,MICA_new_dirtree,MICA_new_dirtree,MICA_new_dirtree,MICA_new_dirtree,MICA_new_dirtree,MICA_new_dirtree,MICA_new_dirtree
Sample Description,,,,,,,,,,,,,,,,,,"LLANO,TX",,,,,,,,,,,
Date Added,,,,,,,,,,,,,,,,,,19-Jul-90,,,,,,,,,,,
Viewing Geometry,,,,,,,,,,,,,,,,,,"i=30, e=0",,,,,,,,,,,
Other Information,,,,,,,,,,,,,,,,,,,,,,,,,,,,,
Composition,,,,,,,,,,,,,,,,,,,,,,,,,,,,,
Resolution,,,,,,,,,,,,,,,,,,,,,,,,,,,,,
Grain Size,,,,,,,,,,,,,,,,,,0 - 500 µm,,,,,,,,,,,
Locality,,,,,,,,,,,,,,,,,,,,,,,,,,,,,
Database of Origin,MICA Files (USGS/RELAB),MICA Files (USGS/RELAB),MICA Files (USGS/RELAB),MICA Files (USGS/RELAB),MICA Files (USGS/RELAB),MICA Files (USGS/RELAB),MICA Files (USGS/RELAB),MICA Files (USGS/RELAB),MICA Files (USGS/RELAB),MICA Files (USGS/RELAB),MICA Files (USGS/RELAB),MICA Files (USGS/RELAB),MICA Files (USGS/RELAB),MICA Files (USGS/RELAB),MICA Files (USGS/RELAB),MICA Files (USGS/RELAB),MICA Files (USGS/RELAB),RELAB,MICA Files (USGS/RELAB),MICA Files (USGS/RELAB),MICA Files (USGS/RELAB),MICA Files (USGS/RELAB),MICA Files (USGS/RELAB),MICA Files (USGS/RELAB),MICA Files (USGS/RELAB),MICA Files (USGS/RELAB),MICA Files (USGS/RELAB),MICA Files (USGS/RELAB),MICA Files (USGS/RELAB)
Reflectance,---,---,---,---,---,---,---,---,---,---,---,---,---,---,---,---,---,---,---,---,---,---,---,---,---,---,---,---,---
900.0,1.0,1.0,1.0,1.0,1.0,1.0,1.0,1.0,1.0,1.0,1.0,1.0,1.0,1.0,1.0,1.0,1.0,1.0,1.0,1.0,1.0,1.0,1.0,1.0,1.0,1.0,1.0,1.0,1.0
903.28574336,0.9997307716266985,0.9998030690978238,0.9995184852695261,0.9997090791043766,1.0,0.9916109734715645,1.0,0.98216828559751,0.9393965865146441,0.9920148128422785,0.9871892941901828,0.9859933447791475,0.9995366053286301,0.9983056078064361,0.99995197932398,0.9983886374895823,0.9979111307953252,0.9997752106003671,0.9991437034290902,0.9998091562922793,0.9952658917881102,0.9992623611836045,1.0,0.9995044184437433,0.999436328319775,0.9997301808326954,0.9898794907898847,0.9999044134389801,0.9998809678216661
906.618278421,0.9994990897830192,0.9993841654290555,0.9990430302599741,0.9995748960777969,0.9998658560957717,0.983484205139939,0.9996637239492558,0.9640697458694317,0.8875996242710161,0.984420216633431,0.9741781990714566,0.9733061012113959,0.9989208842490536,0.9970625887596216,0.999847888913318,0.9965585936132307,0.995662646842753,0.9997217355385551,0.997967799589808,0.9990837355427746,0.990972061858648,0.9982208135579422,1.0,0.999146874757457,0.9988906269857344,0.9994770013961515,0.9806832087700675,0.9998768742032537,0.9996161783509774
909.999291084,0.9993900260998434,0.9986866434278814,0.9985996638558103,0.9996116351082942,0.9999586724897348,0.9755834096518443,0.9986033811608601,0.9455660067662812,0.8429607718629109,0.9770737157084862,0.9606728325841615,0.9619844014522585,0.998420883547848,0.9962073040516363,0.9996269204804086,0.9953186413981807,0.9934196773027111,0.9998985615108682,0.9968194409908102,0.9981660594489411,0.9867251529099619,0.9974589910635047,1.0,0.9989612638492024,0.9982499898366525,0.9991840825083731,0.9721898692409855,0.9999435597152087,0.9992093710068499
913.430570243,0.9993161928283114,0.9986536506389757,0.9983359301256519,0.9998901100220795,0.9998682007927069,0.9671851460742916,0.9972708870380994,0.9263976992918626,0.8028258001318965,0.9694882835041322,0.9459639135915969,0.9514292181122319,0.9979416565818232,0.9954913652078373,0.999486116151784,0.9935937438279646,0.9915430133376738,1.0,0.9962246419332431,0.9976856213451017,0.9823348311421921,0.9976662673508547,0.9997009730893102,0.9988866905749926,0.9976284629118007,0.9989304077535675,0.9647270285604306,1.0,0.9989932169652438
916.914016797,0.9992423738317697,0.9984710878819637,0.9983229900220936,0.9998246177320573,1.0,0.9576947575309352,0.996054636030156,0.9066016038860288,0.7678104076490839,0.9613250524673913,0.9305430388504239,0.9413441840300091,0.9975276336263446,0.9947039746202371,0.9990833876740286,0.9917151264466463,0.9905342130951575,1.0,0.9956691861736927,0.9972598563911254,0.9784955701151277,0.9975925206798492,0.9992417123591916,0.9992424870430576,0.9969938646975556,0.998874562905681,0.9576696830406854,0.9999657297948658,0.9986729204730478
920.451653694,0.9994118985123341,0.9981595173763871,0.9988125236238432,0.9996823447786192,1.0,0.9475003296304959,0.9948933192752706,0.8861686178706094,0.7375943600102072,0.9531890900808,0.915122923095928,0.932360746218601,0.9971885341442217,0.9938771231286989,0.9988407175739242,0.989841992634159,0.9900092795448304,1.0,0.9949654681521674,0.9969820071843556,0.9751510334050222,0.9968207609884341,0.9986537707039094,0.999742349383885,0.9963034886737865,0.998881551216668,0.9507057082167211,1.0,0.9984970671782499
924.045637162,0.9998872694996845,0.9979313470661915,0.9993315466572066,0.9998625245828248,0.9997101475257707,0.9372354435073035,0.9933418586382606,0.8660939350595943,0.7105963287059952,0.9450871812238669,0.8995308973712092,0.925426829424801,0.9962282688477231,0.9933927398217186,0.9991715583208163,0.9880869850134875,0.9896253095017724,0.9995249053309324,0.9939712978659032,0.997335160482803,0.971661179976968,0.9958884684991267,0.9980042349024943,0.9999580583278304,0.9959310653342527,0.9984016529196706,0.9447434186000073,0.999950710325605,0.9981243970977886
927.698269301,0.999863323848862,0.9977017569555633,0.9997153988546874,1.0,0.9989304495445,0.9273790250284302,0.9913974804923755,0.8455084133103845,0.6868132518800212,0.9374775521621852,0.8831280306095917,0.9211688341892104,0.995007622227215,0.9943936379251544,0.9987211766597318,0.9863223404443088,0.9889384194819666,0.9988930166875174,0.9922137522129805,0.9980280033895845,0.9685172327301349,0.9950808341989122,0.9974461648185822,0.9998645800332164,0.9960921525980457,0.9980816225162068,0.9389142048945187,1.0,0.9976539135262477
931.412012249,0.9998634186734653,0.9975592265996055,1.0,0.9999404244646366,0.9983210922345612,0.9179341300473849,0.989226425192993,0.8253013304080912,0.6655937674291151,0.9301041073125765,0.8657554977654118,0.9184749245629287,0.9938436791791715,0.9957355695803515,0.9979818447390735,0.984617825228466,0.9878668916426887,0.9979471382991898,0.9911535720262599,0.9991861862387026,0.9656610606444488,0.9941419581974749,0.9962799216030555,0.99992229692783,0.9962630282750575,0.9979073213667536,0.9334807389477753,0.9998283492546659,0.9970686019651026
935.189504163,0.9998333716887375,0.9974990847490784,0.9997203477394112,0.9997214456062261,0.9977980443653651,0.90905127198193,0.9867917615908894,0.8058408785900886,0.647504085449689,0.9228813570843805,0.8480133243839802,0.9155679154794653,0.9928545176706308,0.9962829430799329,0.997528329278832,0.9833291188802736,0.9871329734960229,0.996504920524538,0.9915893498865047,0.9996520148538927,0.962971286685111,0.9931606771365707,0.993720239522524,1.0,0.9955281808664436,0.9981174908604292,0.92823611358618,0.9996198694839965,0.9962905449117154
939.033577299,0.9996039531744814,0.9974361878662578,0.9988608976938638,0.999729061479014,0.9969133743916065,0.9002569723991249,0.9843315608389812,0.7866995906664773,0.6336147967983311,0.9156678856051098,0.8301171645962521,0.9123005589881169,0.9914712226816406,0.9968595315172668,0.9971084957561066,0.9818261410111827,0.986469248629214,0.9941125685190891,0.9919741367801626,0.9986795868126437,0.9600524291999839,0.9914830141368695,0.9888512384302377,0.9998469614475786,0.9938132634907324,0.9981857735573327,0.9242512145438664,0.9987520210369853,0.9953853851039327
942.947278561,0.9995140084149666,0.9975709798675797,0.9978790802817853,0.9995778483094185,0.9957912602956478,0.8911099956137244,0.9820784981626945,0.7674481118122597,0.6224018658946864,0.9083522481137626,0.8120324515775277,0.9087975486401902,0.9896712608421456,0.9974444473817374,0.9965218619256421,0.9803269346604234,0.9853002343740176,0.9914462236018553,0.991676726493746,0.9978304278826158,0.9573549407714287,0.9876818732415067,0.980904703744325,0.9990539824936168,0.992024480138417,0.9977064627926528,0.9200042042225386,0.9977665304721874,0.9944315273692004
946.933892918,0.9995597746235763,0.9974162964931866,0.9971159349610672,0.9996471802231676,0.9954434736831147,0.8817613804186953,0.9797408142439654,0.7484585107744655,0.6133900246938668,0.9008720412524459,0.7939318865785833,0.9063687029754964,0.9875287465537836,0.9974750081832965,0.9959223241506233,0.9788476225849555,0.9841361666044717,0.9896836784734517,0.9914740519224574,0.9977890264267777,0.9552135986199463,0.9838950656560178,0.9734115448001903,0.9981301981897438,0.9902376295400351,0.996787199470326,0.9155372326738009,0.9965687885509359,0.9935149874812258
950.996970209,0.9993670569018827,0.9974531267239636,0.9973870204555558,0.9996821677698172,0.9957077406659177,0.8730449718411653,0.9769800522444525,0.7299401698852557,0.6068061254570711,0.8929995973733302,0.7758792856785354,0.9058724739299137,0.9855214089508727,0.9973940740273332,0.9947462899754645,0.977087032704339,0.9833741616334649,0.9899360572827819,0.9918600239977059,0.997686539392927,0.9532261010254167,0.9829532704725599,0.9724717450767904,0.9975605941575724,0.9891565452226382,0.9960894671454763,0.9114327709503954,0.9951947822358929,0.9922630642725727
955.140355948,0.9992960034868462,0.9975007157149546,0.9983444111236368,0.9997172192377805,0.9956133553556843,0.8648199519739548,0.9726111412571997,0.7123653291778881,0.6026731989924416,0.885251699522975,0.7574586484227664,0.9080832975017018,0.9836139181738128,0.9979385271008534,0.9934434606860394,0.9753473413515372,0.9827507838360947,0.9916799513156623,0.9928526693980423,0.997116208864012,0.9511956043160671,0.9842525107929738,0.9786597550372464,0.99694517982673,0.9883479897737872,0.9952687400309175,0.9074795327839232,0.993895264719415,0.9902134168098287
959.368226885,0.9992512669100619,0.9973685539801848,0.9992960791379365,0.9999619904058864,0.9951631572232168,0.8558262311072394,0.9662634186164593,0.6955695360482608,0.6011552319313288,0.8781287274341898,0.7387529182351802,0.9122053682238994,0.9813932239799303,0.9990747417115691,0.9929474633917846,0.9736676144284205,0.9814061109906147,0.9930074270842838,0.9942391107844685,0.9964795984690248,0.9493819648073872,0.9841737307997604,0.9853238846233086,0.996112896885183,0.9875684078990581,0.9938528850885653,0.9042847657405917,0.9925011407719448,0.9876149555688929
963.685132242,0.9993487317624177,0.9973829389775325,0.999625827871432,0.9999030996954112,0.9949161031420259,0.8461253134030363,0.9585689254733821,0.6796092181102859,0.6026666041026941,0.8711172092309563,0.7199902017298989,0.9171174049260205,0.9792367576841559,1.0,0.992584674706669,0.9725937226308504,0.979668014515854,0.9937397140345615,0.9957509746598628,0.9959396129009324,0.9477977504957311,0.9837016461976155,0.989157626605065,0.9946303399114143,0.9863207565179936,0.9925225036627695,0.9015267720162431,0.9910198198242295,0.9847612838317097
968.096041789,0.9991538502188894,0.99751291719872,0.9997645068443407,0.9998918673525085,0.994894903021848,0.836467837360302,0.9511057531268069,0.6642797887496189,0.606826256926055,0.8641259522953953,0.7010115564359278,0.9215591424792796,0.9767023646888904,1.0,0.9931190264484935,0.9717313263881093,0.9789518322629899,0.9945162548647218,0.9974625731731289,0.9954072606149869,0.9465501978323773,0.9842264029515337,0.9907357992127129,0.9927107304385125,0.9848569060262875,0.9912095263381002,0.8995284750831031,0.9895167137022362,0.9821155119217747
972.606402173,0.9990575175760115,0.9975234053247837,0.9997863780102779,0.9998042394777579,0.9951701562274572,0.8266907542030367,0.9483755802618589,0.6499588197068852,0.6134084821549919,0.8559790488159816,0.6823183203143544,0.926068190258149,0.9738706996697842,0.9999613460610829,0.9949472184683392,0.970902816781494,0.9791127254445192,0.9950615488528373,0.998890183503022,0.9950211525898301,0.9457391879145342,0.9857276212736457,0.9904204816056246,0.990333847577907,0.9838587302225011,0.9898626280624201,0.8988340234094001,0.988216703171513,0.9794698376724434
977.222203311,0.9991536258344862,0.997397564630392,0.9990829663736659,0.9997940284873191,0.9958926789530056,0.8181068396604164,0.9507826206394309,0.6365205833529147,0.6227972363560668,0.8474533423859957,0.6642917707059719,0.9309287669733908,0.9707301206882076,1.0,0.996676878336291,0.9695729105650224,0.9794022505376478,0.99553081297981,0.9996729293866088,0.9958594122847622,0.945195397270212,0.9867256997576155,0.9893876507149203,0.987501554006166,0.9837151843190393,0.9884113996019793,0.8987848095651931,0.9870009952116271,0.9771778124800692
981.950057134,0.9990092535683666,0.9970798520964372,0.9983462920053701,0.9998717070853248,0.996328713612046,0.8103862920039685,0.9557722118951318,0.6238511870347307,0.6347987590909437,0.8391706434607946,0.6464869759743801,0.9360675799410326,0.967896037938215,0.9998179629711779,0.9976564003909628,0.9681195417180086,0.9792087258845985,0.9958100965301766,1.0,0.9970274911816012,0.944581387239501,0.9874550967472264,0.9883108744700381,0.9841418577509734,0.98456207817216,0.9867492180796407,0.8982042927770851,0.9861286236743514,0.9762226789830369
986.797291589,0.998947774518466,0.9969131147774568,0.998473827924806,0.9997132160582407,0.9969794759380544,0.8025395633230145,0.9620985895374151,0.6118875242964392,0.6485308015802923,0.8310390556881534,0.628460214756815,0.9415680692043363,0.9650841314337829,0.9992852467327984,0.9978777112543833,0.9664042106654881,0.9785766382967177,0.9960028184447631,1.0,0.9972115138481134,0.9445094703674427,0.9878519065814136,0.9879663383384112,0.9804339216511212,0.986042580217051,0.9851440378000842,0.8977484581003464,0.985239000937406,0.9762293789853045
991.720028203,0.9987906348433114,0.9967161788749641,0.9989843669203221,0.9995965289676139,0.997320929912559,0.7952363709208281,0.9691428205034182,0.6008358957078747,0.6639798280450274,0.8227690827936098,0.6110570816938257,0.94749500027392,0.9615156538296449,0.9983485402397508,0.9977288980221123,0.9646688324007151,0.9775206603127762,0.996172243337012,0.9998317825130093,0.9964241268202835,0.9449827086374223,0.9885395479827985,0.9872926602051573,0.9772743142468605,0.987698653667339,0.9838828067980918,0.8979847720191892,0.9843737374469438,0.9766877452764607
996.671068522,0.9987161382231249,0.9966714202594522,0.998461497305205,0.9992736791683295,0.9976853200697121,0.78818118474362,0.9752524651506148,0.591372999372532,0.6818226814495817,0.8142174131468635,0.5947301268474253,0.9538755720268863,0.957564152646859,0.9969936966538184,0.9981603167948007,0.9628690178601774,0.9754362939518085,0.995934365408112,0.9997893014079148,0.9959308339885313,0.9455286877220683,0.9893367655633732,0.9864049082499455,0.9747680475961897,0.9896107721132058,0.983338008926732,0.8983692709280696,0.9835509925211718,0.9775821284627784
1001.65061855,0.9983073324105746,0.9970041623153251,0.9976646416142733,0.9987630311532532,0.998141896156457,0.7806072113048929,0.9804892110234982,0.5835080717521806,0.7021537572818652,0.8058534678319028,0.5797591499344857,0.9602260048658622,0.9539105818514356,0.9951489244947667,0.9984152764762608,0.9609927407460749,0.9730501866242736,0.9956147919601809,0.9995605024435842,0.9965678113673747,0.9460597861023036,0.9901646867716766,0.9856333284585674,0.9743088443824758,0.9914294545998561,0.9838515790953126,0.8992221831721184,0.9834036317250332,0.9782029877620747
1006.65888632,0.9974718375968955,0.9976222629876642,0.9977648800933877,0.9986201101287268,0.9986249166399174,0.7730480296364236,0.9850056713998218,0.5770370542316705,0.724140109769678,0.7976842359615239,0.5657002520137707,0.9659708913723345,0.9505754981452673,0.9930859647587897,0.9980262442543352,0.9593127908468129,0.9706717768661564,0.9949653447113719,0.9990990072499437,0.9960999358300107,0.9472636523817942,0.9911073927112733,0.9854776713865242,0.9753361137881132,0.9929936014365079,0.9853209005551159,0.9008509137232119,0.9836239917593604,0.9795600577019672
1011.69608192,0.9967169742817263,0.9981019795975032,0.9981504477560087,0.9985081414057242,0.9986258586058794,0.7666294680879828,0.9882926842602918,0.571933305386655,0.7474220028377061,0.790127880531281,0.5528545445767487,0.9708921178770665,0.947112057526239,0.9908058648140187,0.9976878904576378,0.9576313195665302,0.9682201426275805,0.9940526299381147,0.9983884068907236,0.9949718900410677,0.9484676936183924,0.9923360235714185,0.9849323621425922,0.9780222965578181,0.9942358632738156,0.9873434673472871,0.902894092188305,0.9834317937688489,0.9813826234827585
1016.76241755,0.9967629998269769,0.9984734399314845,0.9984324089528996,0.9984678359812267,0.9989325715075711,0.762047475552888,0.9909441800396102,0.5679697087578619,0.7715469006494733,0.7830632327134692,0.541098576259952,0.9748220528086751,0.9439093241564043,0.9883658635733019,0.9978666876865365,0.9558218617924739,0.9658800377847101,0.9934560471867965,0.9980294221132784,0.9942609847080315,0.9497933017910026,0.9934444384619479,0.9837995462563475,0.9818290273532492,0.9952338989535924,0.989047796587029,0.9053747919653045,0.9832250483398667,0.9835070948568131
1021.85810749,0.9970086874454334,0.9984528720303908,0.9981391109643238,0.9987631220801024,0.9992181421296292,0.7579915521173657,0.9928897573563403,0.5652120251735936,0.7961816519774918,0.7762431823467151,0.5300383231898068,0.978116959815147,0.9407077146403998,0.9856526390138688,0.998340387847757,0.9534858459488093,0.9642493413223783,0.9931568135414688,0.9980431036315919,0.9937806820288656,0.9513458435089218,0.9940768106117548,0.9830233107928116,0.9864635825015172,0.996253062467145,0.9904128210560754,0.9081603389907827,0.9832881181633106,0.9855679746653342
1026.97288016,0.9972235367483916,0.9984737015433192,0.997218267479032,0.9991095707635202,0.9992095658938351,0.7537855108448945,0.99421117056241,0.5635524912045691,0.8204548262364693,0.7696587945592245,0.5199950239909346,0.9804814613530722,0.9374194165863257,0.982643604463193,0.998585274034134,0.9510808755853418,0.9627877942112051,0.9927425091079599,0.9977012012861136,0.9940155995944386,0.953340762400584,0.9946577236547547,0.9826339700827323,0.991080676581178,0.9969468492523781,0.9920703121407567,0.9113545953187435,0.9838327140838569,0.9876820336491972
1032.10649695,0.997192194266377,0.9985655874372877,0.9966846963057626,0.9993607706094263,0.9992616985081566,0.7501365510219311,0.9946702799805925,0.5631826404357657,0.844439672790089,0.7628157753921735,0.5115524037052662,0.9819495710958853,0.9343498747733107,0.9793557095370585,0.9990270607145679,0.9490525971138731,0.9606238040039814,0.9927216468333613,0.9963159132936914,0.9942041523569514,0.9553127026199844,0.9954926333684421,0.9827742984250566,0.9944666064361315,0.9976595113957687,0.9940480113399702,0.9151388157566503,0.9845360431422632,0.9898320034141671
1037.25897753,0.9971012529335301,0.9985765471731198,0.9968052842543276,0.9994090966668051,0.9995174534153269,0.7470436692146769,0.9947719497517855,0.5641064919531897,0.8683188041629138,0.7559771699258019,0.5045812696414981,0.9824001300755075,0.9311518288338716,0.9762481809382736,0.9991906121843755,0.9470777905497181,0.9580703316487101,0.9930850800505906,0.9945948858746706,0.9945430127252367,0.957528631389907,0.9963070698975519,0.9832121871052583,0.9964389522730364,0.9984803928572489,0.9956389076205582,0.9192661044745629,0.9853945538462828,0.9918392334508992
1042.4303413,0.9967368872229128,0.9987479105070411,0.9974959861498575,0.9994621729947398,0.9998157201543674,0.7442907383457971,0.995344323159156,0.566147333760816,0.8910487938955046,0.7502863213725571,0.49854039283705226,0.981961087658825,0.9280795216978268,0.973030511662306,0.9993616924508983,0.9447339657219547,0.9558195698723491,0.9933326216413073,0.9933373215457308,0.9941850915142009,0.9600582711118407,0.9967135439576156,0.9839015872377962,0.9977926840825359,0.9990590470843542,0.9969869177909678,0.9235960824022211,0.9863532528903692,0.9937842454573963
1047.62060737,0.9962217816884402,0.99884849471174,0.9976340839887539,0.9994438964619615,0.9999240303664056,0.7421912688853318,0.9960511372474318,0.5692218367562374,0.9125225828007454,0.7446267107640611,0.4933360607141787,0.9808407063839536,0.9248343321255201,0.9702104081644976,0.9995382613146181,0.9421901109387072,0.9539343014534695,0.9936970578966945,0.99157807213169,0.9933156789804858,0.962632577166488,0.9972451583785648,0.983989105244316,0.9987516724811556,0.9993240217619157,0.9979615090998487,0.9280018429499434,0.9875527141075209,0.9956267256693584
1052.82979459,0.9963706804280715,0.9989362106839207,0.9974720122326469,0.9994967331972486,1.0,0.7410281913047638,0.9960357422833118,0.5734313683865969,0.932047651053737,0.7390156806920403,0.48939612618939216,0.9790013083234813,0.9218577442280815,0.967070668332035,0.9996363221312902,0.9393399450093421,0.9519820638529601,0.9942306949073657,0.9894081071880272,0.992001128968196,0.9652177428185948,0.9978554017418162,0.9833047862445129,0.9992038443918986,0.999377858804448,0.9984500716553065,0.9322083967594726,0.9890881130785227,0.9970810857327226
1058.05208946,0.9959372786671608,0.9990200440061012,0.9978177667502927,0.9996803450185058,0.9997935566218489,0.7404247576154137,0.9956876734984242,0.579072051940939,0.9493452498674817,0.7340659183744767,0.4862920925130593,0.9773663195459691,0.9191696281472213,0.9631904321039128,0.9997258928052081,0.9366253745414201,0.949809233782016,0.9949315793384356,0.9879810349159899,0.9917310509219721,0.9678043780207991,0.9982857372501603,0.983097384727549,0.9994365954082615,0.9994226732521093,0.9988208949105298,0.9363746942208346,0.9905867114821456,0.9982427414475792
1063.2810895,0.9958424703497056,0.999384408846942,0.9985773703084144,0.9997017436633777,0.9997150355394154,0.7404725104095486,0.9956259281779671,0.5858651465397899,0.9642440951604097,0.7297389317017069,0.48463118714712655,0.9761614699917524,0.9164829939253842,0.9597032579817775,0.9995764670319403,0.9344909260752261,0.9474466360006543,0.9956727800717035,0.9864422147706782,0.9923995850699455,0.9704696623940671,0.998695171925721,0.983423823572023,0.9995361381498368,0.9996078242003457,0.999269450015097,0.941087687511711,0.9923323319046062,0.9990982975322229
1068.51675432,0.9957672361906253,0.9995700461604253,0.9992268021841707,0.9996818291046095,0.9997472644686691,0.741617492178492,0.9952005420844473,0.5936198527382635,0.9766041313613908,0.7258393386767985,0.4840808415699061,0.9747460032571819,0.9135853939686365,0.9572002368422358,0.9992380240451115,0.9325467818359131,0.9447811426420609,0.996298192502952,0.9849520757778351,0.9933649080103664,0.9735198045357369,0.9990012778117943,0.9839555988538174,0.9998878221397965,0.9999214612702184,0.9997199884312806,0.9455007282433958,0.9938348152506618,0.9995753090818758
1073.75904388,0.996039810144173,0.9995547029129306,0.9988030660871606,0.9998564656670234,0.9999121199009134,0.7433932958688655,0.9948937785929571,0.6023048006312594,0.986021746587272,0.7223996052727036,0.4840054458716804,0.9733875857188058,0.9106793933680434,0.954275705016331,0.9985389759201655,0.9309487425517285,0.942050777383649,0.9968418547569303,0.9835554175062787,0.9940015543634789,0.9765233466035633,0.9994202199312134,0.9847022968744993,1.0,1.0,0.9999795115374833,0.9496124084255312,0.995278428978571,0.9999502750484937
1079.00791838,0.996702944604917,0.9995319667379446,0.9978157524612518,1.0,0.9999054155542332,0.7454189888690129,0.9946316322967447,0.6119584485421096,0.9928608193665318,0.719698070628217,0.4851133825282057,0.9723223480358532,0.908155208311881,0.9512625279111275,0.9980053167443639,0.9289517082146992,0.9396062515546215,0.9972787955195846,0.9817647613508489,0.9946694503741107,0.9792017957405251,0.9997661909833063,0.9850615800124596,0.9999067499923517,1.0,1.0,0.9539737599220262,0.9966102680602698,1.0
1084.26333836,0.9968978453364663,0.9996713418323369,0.9971760785346476,0.9999261815035627,1.0,0.7478346920023774,0.9940761346955171,0.6226093547636903,0.9970840859951783,0.717579052898158,0.4873549329394463,0.9717703126981876,0.9054927623229682,0.9482288677423009,0.9982259947262895,0.926933758977679,0.9377808250361672,0.9976605162739502,0.9800955722147593,0.9940950195116911,0.9819716474023664,0.9998634786073716,0.9852126783829283,0.9998222112685685,1.0,1.0,0.958362089504503,0.9975517112240548,1.0
1089.52507305,0.9971350150988346,0.9997618379293385,0.9978662809524896,1.0,1.0,0.7517976509041135,0.9931745683294767,0.6339477275854766,0.9995716397634345,0.7152639026555108,0.49042804976504806,0.971258232361218,0.9031908293310259,0.9455207388431094,0.9990441611037068,0.9254465214507746,0.9367449871340284,0.9978329416291764,0.9786399549257485,0.9941506798647657,0.9848165375427419,0.9999114676732695,0.9858716018274181,0.9995199777072998,1.0,0.9997767122955995,0.9620343699208168,0.9984438752590741,1.0
1094.78823545,0.9967707815930483,0.9996810246820214,0.9989299760924477,0.9998766931812719,0.999957098261028,0.7568113533651856,0.9917533836112276,0.6461124103291638,1.0,0.7135139628492999,0.4942188914032832,0.9707539161898804,0.9011862288544081,0.9435092122838007,0.9994069673936324,0.923756344707567,0.9358716407514566,0.9979679580710453,0.9779006460125291,0.9942755022588378,0.987064382560709,1.0,0.9868445736022997,0.999180941049621,0.9994944682236183,0.9995182476302074,0.9657921737071126,0.9991384951616458,1.0
1100.05281299,0.9965033093250912,0.9996476854467623,0.9991225310280089,0.999970836897481,0.999978216457965,0.7628427197454497,0.9896268691543424,0.6588857424493025,1.0,0.7127632039145929,0.4984792561899575,0.9707669375501343,0.8992441007314208,0.9415497433771924,0.9993273595877082,0.9225178863236622,0.9352802062590675,0.9979257387075945,0.977142880961954,0.9937159178806884,0.9893127434510114,0.999960120614896,0.9878133008011102,0.9990234444550948,0.9986689712620562,0.9995682993205369,0.9691496222308364,0.9996014387302142,0.9999875534615387
1105.31879326,0.9962529343504289,0.9998965511111361,0.999290047792843,0.9999351392274107,0.9998517771797097,0.7700062262428098,0.9871359456721173,0.671980158650034,1.0,0.7122498124882809,0.5030414211858502,0.9714888765824848,0.8972866149623624,0.9391561969810116,0.9992170832306797,0.9215594523095942,0.9347831123997209,0.9983390933839045,0.9763925839735111,0.9933091162197005,0.991580600239884,1.0,0.9887927673562353,0.9987337673493055,0.9979699260352489,0.9997922271653201,0.9728359914759993,0.9999332442998309,1.0
1110.586164,0.9963789113642464,1.0,0.9993473630361627,0.9998789229045796,0.9998643106934442,0.777593238987006,0.984606802149934,0.6852592497897894,1.0,0.7121166254007346,0.5075577115596973,0.9723781267727939,0.8953371156376813,0.9372204091262722,0.9992782599523449,0.9208880418603037,0.934067330880492,0.998904399889513,0.9759894089451155,0.9926913146063506,0.993450401025373,0.9997760877779901,0.9897372814817779,0.9985304251579694,0.9974473810487491,0.9997868843669226,0.9761248578938262,1.0,0.9999851323903532
1115.8549131,0.9959776612656953,1.0,0.9994360838460976,1.0,0.9998370567510657,0.7850031261174955,0.9824935509022283,0.69888312162708,1.0,0.7121198373664572,0.5124872352073948,0.9731856207171542,0.893386678159233,0.9359010108762646,0.9995097128369276,0.9206754397950268,0.9329265611303907,0.9995988193234768,0.9758165360750369,0.9917388633085149,0.9958686921401572,0.9990668094997496,0.9906224142216603,0.9985816770926428,0.9967692408255518,0.9995778962483968,0.9791416448816391,1.0,0.9999160134953861
1121.12502863,0.996069990869631,0.9999300598897586,0.9993032395621435,0.9998291310013898,0.9995085165562657,0.7925385519679071,0.9804776655784007,0.7126002227698585,1.0,0.7121573721918928,0.5176623810094574,0.9741112358734685,0.8914147998914792,0.9352360664254225,0.9996213438144004,0.9203624960520438,0.932171421543572,1.0,0.9750253000123322,0.9910204956356881,0.9975904131894171,0.9983491326605208,0.9914155882463003,0.9988267165918361,0.996718839879699,0.9991592932575581,0.9820726718275731,1.0,0.9993225212324957
1126.42117712,0.9961977277942091,1.0,0.9988522820417393,0.9995762674107275,0.9988032588483124,0.800122952576101,0.9775478362636822,0.7264004105414766,1.0,0.7125300184628652,0.5227288430189626,0.9755078631740136,0.8896992987011599,0.9347021024108993,1.0,0.9196202757200884,0.9319978611487751,0.9997706158480901,0.9745432743095116,0.991058547096993,0.9985235817023881,0.997255466485895,0.9923156166539917,0.9993464632814446,0.9962525651094216,0.9987324343122058,0.9850629971729307,1.0,0.9985158214090398
1131.75559815,0.9963732627882086,1.0,0.9986076572679181,0.9995317736455975,0.9977926331173407,0.808059802335877,0.9736582336752321,0.7398633086233656,1.0,0.7132595680707488,0.5272001208065773,0.9779275750749392,0.8878533906492794,0.9339401975085965,0.9995683065059648,0.9186872251331498,0.9317594909623343,0.9988098060187667,0.9742617281078252,0.991359669447901,0.9994461649584687,0.9949607059597663,0.9931806880178972,0.9998306866489537,0.9944971128201777,0.9979806061520212,0.9875947545517396,1.0,0.9973888673360889
1137.12876151,0.9964163793136182,0.9998717269757955,0.9982209456334379,0.9995437473254514,0.9963684023627393,0.8161272755558984,0.9679968035765372,0.7529423814971046,1.0,0.7145458921144898,0.5315531067392917,0.9807249399508904,0.8860262453100323,0.9330648485863184,0.999607163216493,0.9182763930200731,0.9314245565321654,0.9978134970666775,0.9744535753793284,0.9908765251087667,1.0,0.9913460529154792,0.993903674915486,1.0,0.9914777903679992,0.99679190983601,0.9894277116627626,1.0,0.9957195667933746
1142.54114608,0.9966521247664728,0.9999567362555587,0.9977853936512111,0.9996709843047853,0.9942829062182672,0.8247027847635036,0.9587018020641257,0.7658105389815291,1.0,0.7167701955957935,0.5360853895213271,0.9830706758842983,0.8842621270387298,0.9329048678123286,0.9996346811142088,0.9181204061046178,0.9314615475876273,0.9967662495492278,0.974061552132375,0.9896495043519075,0.999886427425734,0.9866434022102505,0.9941827601624719,1.0,0.9875184929564935,0.9951302319650098,0.9912336535615711,0.9999778052180415,0.9928536045213371
1147.99324008,0.9967127044510259,0.999882054992228,0.9978508514722393,0.9995385696461853,0.9921030762845424,0.8337216459867551,0.9433043261558938,0.7785062180216911,1.0,0.7195194522049058,0.5402219687570794,0.985049744871801,0.8823132039924545,0.9332419300925401,0.9994498194225379,0.9182246616291502,0.9319676399108925,0.9956503707439263,0.9735566368268884,0.9885062200422343,0.9995332783296986,0.9812478413210327,0.9947628078715437,1.0,0.9823718513721525,0.9926015991514511,0.9930359852342422,0.9990562410489083,0.9886639062793301
1153.48554133,0.9964094355566266,0.9995846724083202,0.9981967401746454,0.9993764709735663,0.9910201291843822,0.8433404689865867,0.9225046029959224,0.7904866123915892,1.0,0.7218271267211486,0.5442736830210368,0.9874215155794563,0.8806205129464153,0.9337848297183706,0.9993917481770803,0.9185139302431176,0.9325463085924377,0.9945381448734221,0.9729271147266909,0.988788881002212,0.9989964866452894,0.9778342125132059,0.9953679323598921,0.9998830136295173,0.9750943012738102,0.9885843998236232,0.9947114332447431,0.9973920740024232,0.9833199340906236
1158.99647413,0.9959824002569697,0.999789601939402,0.9988718621639359,0.9993687499741759,0.9912209005647675,0.8527029619777069,0.9054971833524404,0.8020712881066155,1.0,0.7232748949286493,0.5479822315264037,0.9898633245654607,0.8785959759701014,0.9343730886011128,0.9996003241931902,0.9189782283706199,0.9330504901461908,0.9936676164731745,0.9729974825127224,0.9900069097331599,0.9990122193838724,0.9774279285211563,0.9958495903969817,0.9999799258838282,0.9663492593162978,0.983928009988271,0.9954634830621347,0.9956795561253907,0.9773962134980603
1164.48107738,0.9959689721487289,0.9996523336948033,0.999690544764925,0.9992506283555088,0.9920032748880377,0.8616970373358519,0.9041912332345521,0.8129993791518931,1.0,0.7247208416102149,0.5509626512343947,0.9919261430750319,0.8766103596943299,0.9353267882764598,0.9999321314430679,0.9194867300695054,0.9335073807468207,0.9933001706010256,0.9739478656637035,0.9906656735834528,0.9997031226395099,0.9799241554423517,0.9964184585489212,0.9999669329221991,0.9599120777100322,0.9782020342351547,0.9958730770537345,0.9942728582772279,0.9716113525976648
1169.93996942,0.996629951013751,0.9998260583870526,0.9999944370279976,0.9993887031945868,0.9928591030714328,0.8713209155742659,0.9169521185844192,0.8236401424855984,1.0,0.7263198641195425,0.5532262421490359,0.9939480530432695,0.8744297309364782,0.9364134950952352,0.9998926899449081,0.9202489149548163,0.9339067801465668,0.993454006594156,0.9747016839824888,0.9899312989261835,1.0,0.982632926974356,0.9971302081862187,1.0,0.9592307521869088,0.972207475515525,0.9965112356222817,0.9933376459679426,0.9665385583839206
1175.3737451,0.9970395447373812,1.0,0.9999902452732529,0.9994201831028354,0.9939290172521275,0.8820007413603124,0.9324659076560858,0.8334249800158304,1.0,0.7275823464087386,0.5553569466422011,0.9961386254927207,0.872764332548704,0.937466664400656,0.9995852762963878,0.9206825228335291,0.9344564790888669,0.9938214690527887,0.9752512089653801,0.9895296207605436,0.9999551269981071,0.9854601435053325,0.9976625069318917,0.9999733918288899,0.9637171958981835,0.9675546627906371,0.9968923368177582,0.9926336378600302,0.9630514594001329
1180.78297699,0.9966198430091775,0.9999429194911491,0.9994925680326101,0.9995716687718865,0.9946126543914144,0.8932704117197737,0.9446344741018156,0.8424602905826599,1.0,0.7280758996737046,0.5573104028071804,0.9983016258491283,0.8713645533255229,0.9385900647257956,0.9998244963585708,0.9216030924625828,0.9359012223889669,0.9944337645673414,0.9760441356194007,0.9900374964272136,1.0,0.9878397521293075,0.998658459065601,1.0,0.9699868762895536,0.9648399196890618,0.9972205969680268,0.9917933242609791,0.9614525071954062
1186.16821657,0.996517714757314,0.9997821746173937,0.9984598493179039,0.9997143469650094,0.9951917498094975,0.904821161198439,0.9520929397018587,0.8510389018203333,1.0,0.728861485742758,0.5590572013440693,0.9998696188122692,0.8695599334182803,0.9398471397652514,1.0,0.9234654115842635,0.9380105744290418,0.9952057096596133,0.9770425670876206,0.9905898123226953,1.0,0.9894261686489471,0.9997699796767069,1.0,0.9751425837496047,0.9630393767192809,0.9975801061002948,0.9911758629141733,0.9607954399121701
1191.52999524,0.9968205434572608,0.9997102229826716,0.9978986577203821,0.9997176414823952,0.9955593679746837,0.9162433115595869,0.9562878249837184,0.8590902331926642,1.0,0.729552288087284,0.5603321694581053,1.0,0.8677613662667558,0.9411357617369578,1.0,0.9249898552700406,0.9398220550322748,0.996167271165453,0.9780057262779713,0.9918689223445685,0.9999224457853502,0.9908301259208042,1.0,0.9999320383986882,0.9785003840530742,0.9622270153996588,0.998119024303069,0.9903312278385471,0.9604615999489512
1196.89576018,0.9971634713021769,0.9995245065439597,0.9976658177962013,0.9996845243056838,0.9960458151198278,0.9267194306254591,0.9597354078234008,0.8668602117003561,1.0,0.7294097618349182,0.5617999958708478,1.0,0.865999164483657,0.9428610177685459,0.9998179051897427,0.9258956214699346,0.9407693994931301,0.9977911351028217,0.9785089044711801,0.993784826282745,1.0,0.992076112706504,1.0,0.9996745461353546,0.9807473362140287,0.9622453901782544,0.9986390778288436,0.9889151118045713,0.9603595235342689
1202.26638934,0.9974313684139261,0.9994320339482665,0.9983234149146891,0.999638310776701,0.9967362941506451,0.9358461395395814,0.964898169827362,0.8740809165616673,1.0,0.728803687680723,0.5632494438902657,1.0,0.8645085050581877,0.9448480622606396,0.9997211202862968,0.9271460837136805,0.9417534387826528,0.9991765672872827,0.9791922552631112,0.996171108673798,1.0,0.9932116054403736,0.9997741897065204,0.9989044663621434,0.9824931076344265,0.9623117615980811,0.9990966643834042,0.9876079035922305,0.9606507790408059
1207.64185238,0.9975078836837658,0.9994093576860185,0.9989772516678497,0.9994259534876923,0.9972280588394455,0.9452752099051063,0.9702737897117555,0.8805735370691645,0.9998904488373024,0.7278229656361718,0.5644302919542555,1.0,0.8633839826583787,0.9469747897063656,0.9992462365478605,0.9286468003826732,0.9434395784418487,0.9996598469649319,0.9806083992349824,0.9987233669302484,1.0,0.9941476990871349,0.9995069250507006,0.9974584503921049,0.9840943095531195,0.9629428891400653,0.9995485998127965,0.986649260745265,0.9614278635901652
1213.0221192,0.9970667854801423,0.9991152669938275,0.9988849906799459,0.999335634125913,0.9976390572874417,0.9539873247406004,0.9744190771887551,0.8865448566707622,1.0,0.727055349289883,0.5654197988978249,1.0,0.8622698087037806,0.9491062561950312,0.9990621934599552,0.9306006804801582,0.9452752444906305,0.9997840327819302,0.9817113548015841,1.0,1.0,0.9952708844251652,0.999851294201135,0.9956141269252263,0.9864846039797145,0.9651939412537898,1.0,0.9859113683163818,0.9619991357988603
1218.40715994,0.9971548766802033,0.998822605629253,0.9984785045665013,0.9992581056109028,0.9981204284291296,0.9622259772755385,0.9774026802068196,0.8922675627072907,1.0,0.7261103205334897,0.5666216877245045,1.0,0.861286286000675,0.9510057787208026,0.9983763935780008,0.9320389522138021,0.9471008927396734,1.0,0.9827652709611748,0.9998276541173431,0.9999819256684263,0.9963204971048986,1.0,0.9927421274747877,0.9889786258955241,0.9680077054802996,1.0,0.9848174985441369,0.9623190755269251
1223.79694502,0.9972898636919069,0.9987415323951736,0.9978866881958094,0.9994496773695686,0.9982084123397034,0.97003297136538,0.9794783128389517,0.8976453160821577,1.0,0.7243519211959923,0.5679737948609347,1.0,0.8600783719522092,0.9528079163349206,0.9970136819305875,0.9331589230361016,0.9484410325071941,1.0,0.9829719981619325,0.9992010607329528,1.0,0.9973501708812521,0.9999353209523952,0.988907130977361,0.9911770549527409,0.9700986359505833,1.0,0.9837630099561218,0.9631101638470206
1229.190873,0.9972204856541109,0.9989266387158181,0.9975494544821942,0.999708286081946,0.9982512409880031,0.9770693619254469,0.980404407799395,0.9029002945846966,1.0,0.7222812561381329,0.5694568492721479,1.0,0.8590979370209653,0.9546627099214411,0.9952106476096929,0.934578397431252,0.9500109614157565,0.999983024162574,0.982934680275714,0.9985436298318305,1.0,0.9979950565147618,0.9994973487285076,0.9851583537241994,0.9929257588345233,0.9718683388263366,1.0,0.9830427487619882,0.9640838994715917
1234.58829679,0.9972359098910364,0.9992508900446693,0.9972759405384147,0.9998754664810342,0.9984365659545328,0.982619591039489,0.9808152441305668,0.9079827277868973,1.0,0.7208890634518519,0.5710771562286355,1.0,0.8582040633597879,0.9566591393421064,0.9937058615681075,0.9360308654278315,0.9517772572638692,1.0,0.9833648930737862,0.9991852838076667,1.0,0.9986997776478459,0.9994558310113215,0.981920196638118,0.9944228334359599,0.9741837044317794,0.9998625597733187,0.9823424823289657,0.9652320012614042
1239.98919257,0.9976167726740639,0.9994915031362298,0.9970516327161735,1.0,0.9985442954215583,0.9871076265616603,0.9817014973239115,0.9125258367112593,1.0,0.7200645102631406,0.5727572097738047,1.0,0.8573073037761035,0.9585163299074463,0.9925807518765514,0.937386398505935,0.9538479891249424,1.0,0.9842943573286075,1.0,1.0,0.9990532585130305,0.9998765827398423,0.9788235009055177,0.9961136835083658,0.9773262255035476,0.9999005189740576,0.9819398800289719,0.966581664577102
1245.39353673,0.9979374581448176,0.9996708822740593,0.997469072857547,0.9999694659246858,0.9985827723290004,0.9910687667028065,0.9830426889032674,0.917308334886866,0.9999601237592779,0.7188154154480583,0.5743718554232602,1.0,0.8565369804442056,0.9602190361367906,0.9925882097259521,0.9391755311651058,0.955802582858276,0.9998377098559964,0.9855944855642705,0.999976552405607,1.0,0.9993365996247862,1.0,0.9754919653970778,0.9975927081788217,0.9805550237886627,0.9999738977262054,0.9815631283985934,0.9679968704540052
1250.80130588,0.9979496427829674,0.9997705798124098,0.9982127214231861,0.9999412899381273,0.9987764626041308,0.9944578350379507,0.9845096621257824,0.9221776738920529,1.0,0.7174236739411839,0.576342817482555,1.0,0.8558354714060048,0.9616006507929975,0.9933262001188072,0.9407876985800844,0.9570572574371586,0.9992819019955529,0.9872963824496437,0.9996545903189576,0.9998985905417139,0.9998478453634971,1.0,0.9709748227185148,0.9989217632110461,0.9832319261873478,1.0,0.9811518521859963,0.9695533881744475
1256.21247686,0.9981475972724068,0.9996703147836159,0.999046337419958,0.9998854989138538,0.9992430597979811,0.9974709113793262,0.9849757655015048,0.9264880111306837,1.0,0.7157363467103979,0.5786734779762251,1.0,0.8551975138319086,0.9629147946577513,0.9940426836868058,0.9423037185867141,0.9587610852793215,0.998535151727101,0.9885795371147881,0.9997617315976202,0.9999648606171073,1.0,0.9992792520555493,0.9645310969577493,0.9998593680308692,0.9857243720925237,1.0,0.9809406045599937,0.9709529882723038
1261.62708732,0.9981806555040195,1.0,0.9997693672305872,0.9994589847133879,0.9995904762186302,0.999410842329576,0.9851831617149726,0.9305592671339921,1.0,0.7142639357020986,0.5812328636492768,1.0,0.8546683174996225,0.9647854157201957,0.9940613680729204,0.9435216265494422,0.9607076138886161,0.9979203011129953,0.9890181008890641,1.0,1.0,1.0,0.997355390920478,0.9568419334711635,1.0,0.9877130377175188,0.9997441490119734,0.9812077619296535,0.9725027722793383
1267.05580532,0.9978481542033002,1.0,1.0,0.9988717520900828,0.9998864203249122,1.0,0.9852803281092152,0.9342884711952895,0.9999097849460048,0.7125006043253184,0.5837883876984741,1.0,0.8541954459396331,0.9666845166948684,0.9933192541377781,0.9449295052057111,0.9627392070528216,0.9973794180898738,0.9892372723985927,0.9991525091690611,1.0,0.9995525295728979,0.9934147835506651,0.9529537827597834,0.999686821963197,0.989047313278359,0.9999471945591845,0.981941456711301,0.9738260137004926
1272.49861965,0.997654208308588,0.9999234381619831,0.9999008631531453,0.9980182466728793,1.0,1.0,0.9848693490259578,0.9378707399426688,0.9993728080924155,0.7105774451692104,0.5866384215911093,1.0,0.8539381739395879,0.9685183969931549,0.9913913912641578,0.9464887202818626,0.9645885172775789,0.9960543396993659,0.9899071839687551,0.9986848385171742,1.0,0.9988073238590017,0.9889441689771319,0.9566552606021551,0.9996267420206211,0.9900595613811217,1.0,0.9829505383052494,0.9750429102148783
1277.95551888,0.9974301046611838,0.99967665388103,0.9995420061771799,0.9970606484578579,1.0,1.0,0.9839423295236595,0.9412301973234077,0.9983379479167293,0.7088999499226787,0.5898347120610102,0.9999995730994274,0.8538359220876285,0.9702411551742112,0.9893860884466257,0.9479402930620138,0.9666879040816114,0.9944672175597594,0.9901790143204785,0.9986423707079394,1.0,0.9981053017694873,0.9870199927523701,0.9660680287836855,0.9994606252165004,0.990928969237308,1.0,0.9836112258719883,0.9761753037961336
1283.42649147,0.9974906540564595,0.9997823360587982,0.9991869144046253,0.9957356154974524,1.0,0.9999676720406777,0.9819942766777666,0.9448503517510483,0.9971409719850954,0.7077225761086023,0.5932799149239276,1.0,0.8540816508449339,0.9722310585070887,0.9868183176121522,0.9496664273892388,0.9686451799061176,0.9942267027722491,0.9908092690000503,0.9979836263305772,0.9999521634925785,0.9985021305233484,0.9896865246030286,0.9777494726421019,0.9989745031533649,0.991510083422883,0.9999875770630303,0.9844780313005326,0.9772290752917798
1288.9115257,0.9977730639463898,0.9999599590747424,0.9988293626079591,0.9950096914581136,1.0,0.999325877356485,0.9789076056210682,0.9483755345975093,0.995723559819454,0.7067032734909967,0.5970038440159777,1.0,0.8547448451204661,0.9739481506539591,0.9835937437037116,0.9515508805513203,0.9699830130185789,0.9964724583290788,0.9921703302844268,0.9969679107743933,1.0,0.9983356417484277,0.992497388815036,0.9882823955863792,0.9981149297014799,0.9920499635707031,0.9998884838946122,0.9854663050374008,0.9780612016198603
1294.41060969,0.9979193341401308,1.0,0.998484999570396,0.9949873425984179,1.0,0.9988421833738208,0.9754555387733258,0.9516836304531769,0.9942610295360044,0.7054910492685711,0.6013442730570674,1.0,0.8555004305479859,0.9758040780258047,0.9793515410124016,0.9529614353865644,0.971245339419057,0.9988270583774193,0.9938282936104821,0.9960224340534989,0.9997995660232162,0.996986418951031,0.9925907535166945,0.9953940553314266,0.9968510826625803,0.9922443382718876,0.9997322868743125,0.9864333400720431,0.9785661301986845
1299.91690127,0.9980745568705319,1.0,0.9981408007947078,0.9951269589749913,0.9998965463697367,0.9974397449118878,0.9719230783998871,0.954724149223226,0.9922789598605398,0.7040079543165794,0.6060788381987504,1.0,0.8561985251732327,0.9776919238779889,0.9751110994590225,0.9544071027912684,0.9726902552441304,1.0,0.9952019572835894,0.9949886881532368,0.9995734117765314,0.9954946426550818,0.9925952393990981,0.9988776570978511,0.9949436786083322,0.9918824203910681,0.9998526060227206,0.9871491074501598,0.9789885163865073
1305.42577023,0.9975915459863494,0.9997266331023233,0.9982869690879819,0.9952285786642909,0.9994563537875255,0.9953098961662614,0.9684818492353472,0.9579087100050255,0.990072278300539,0.7030779661412998,0.610718570777835,1.0,0.8570747090135923,0.9796356728958108,0.9713350751739549,0.9564452211056642,0.9744859646035204,1.0,0.9956538374726095,0.9947846107867828,0.9992669390652256,0.9940687873115189,0.9939289959145949,1.0,0.9922923864009188,0.9909495434682846,1.0,0.9877589285060528,0.9790077224096606
1310.93719838,0.9974026115887518,0.9999837488422295,0.998135579036777,0.9956322412559916,0.9985030069866324,0.9930369556684372,0.9637307673847955,0.9609793063888306,0.9877027784850846,0.7026444611880921,0.6154930128432273,0.9999798410311969,0.8581889487972432,0.981543637423014,0.9684621094259674,0.9580802199136312,0.9763505642909103,1.0,0.9959197573853154,0.9948479849917832,0.9986677328821385,0.9916282302815743,0.9946842633892836,0.998983161087887,0.9890276754229773,0.9895482734396333,1.0,0.9881708774049179,0.9786579201370809
1316.45116775,0.9975842130489829,1.0,0.997933498007479,0.9960612658237405,0.9968750272463828,0.9907948627281914,0.957494149050716,0.9639248374569697,0.9846656841122039,0.7021984968089714,0.6207649419250026,0.999991520545448,0.8594883335080866,0.9835927865826765,0.9658712889287577,0.9592701567787888,0.9778902958520937,0.9997395063191372,0.9970000954153334,0.9937444761576449,0.9975839439117273,0.9876621499720468,0.9941081079066207,0.9954749461591255,0.9846836670145531,0.9875799913701375,0.9998384968630288,0.9882651259604394,0.9783231741325938
1321.96766053,0.9976647178954876,1.0,0.9978227189885752,0.9962889950551185,0.9946168651850248,0.989221291028566,0.9481676322557563,0.9666663088435488,0.9809685404241044,0.7014562291892718,0.6260430957132406,1.0,0.8606480770774403,0.9853151769179793,0.9632595357350541,0.9607545051685421,0.979305317505266,0.9994024678364121,0.9979569141296796,0.9928112744117711,0.9960647793216603,0.9825035211593515,0.9935747557176479,0.9913504112490545,0.9790346773492002,0.9846525376394841,0.9997565690790968,0.987796413435428,0.977595435419645
1327.4866591,0.9974649292970699,1.0,0.9978554489691378,0.9964223649732632,0.9916488157616447,0.9876857903401365,0.9361202357435977,0.9692537347707586,0.9768651023250342,0.7011112415902929,0.6316595156442275,1.0,0.8619161967110425,0.9868484608364854,0.9607105586977305,0.962336700626484,0.9805516283854028,0.9986482677168732,0.9983294643764441,0.9922711350944459,0.9947518333686338,0.9768891886877963,0.9935613315520977,0.9874524741937585,0.971200884293694,0.9809803170335512,0.9999864998866826,0.9866872075691691,0.9766375626298432
1333.01349556,0.9970638834014767,0.9999890469555899,0.9978828632297392,0.9964636976421757,0.9880847818005511,0.9854783669846391,0.9213687305602434,0.9717715017412424,0.9725385567087854,0.7016071561665799,0.6380851974474562,1.0,0.862843770908758,0.9885285556100197,0.9584112836355039,0.964177171147814,0.9818456979734227,0.9968476944823729,0.9981937178472763,0.9919625430973315,0.9935644217982006,0.971251534433953,0.9934779514673606,0.9819410902969071,0.9621226678388264,0.9764582040433332,1.0,0.9845668209069849,0.9755202181748833
1338.5688161,0.9966836938884952,1.0,0.9976356844764682,0.9965099429077607,0.9838604889635159,0.982746074437743,0.906115027907145,0.9740786469197069,0.9678288849914033,0.702734460151185,0.6448310030237426,0.9999043808858048,0.8642491712488786,0.9901243269171721,0.95539318907001,0.9655250433122311,0.9832388489993863,0.9937343006931691,0.997747238435716,0.991593537478098,0.9923714397077504,0.9656868542861404,0.9925514222129265,0.977483225412048,0.9534226456116384,0.9713839190960619,1.0,0.9812944313746851,0.9742792990138194
1344.15282419,0.9960535674612054,0.9999060432400294,0.9973882624240263,0.9964488145424923,0.9794588084672176,0.9807073987082551,0.8924425480872338,0.9762229388889877,0.9623256390448007,0.7035748466365714,0.6515679200271352,0.9999952660179451,0.8657307049885746,0.9913127428966889,0.9508369086968259,0.9655172207462037,0.9843260867821194,0.9886949762724004,0.9965319930078934,0.990911918406669,0.9912180372156907,0.9593597468334013,0.9908165424195511,0.9769665695885368,0.9475757264235751,0.9658619413371097,0.9999873518846824,0.9769637042773172,0.9730820723511874
1349.76572543,0.9951317208908584,0.9995600571307696,0.997062773641659,0.9961260161853126,0.9746520764313014,0.979219212815113,0.8806374750665125,0.9778842389217558,0.9556862552344813,0.7039646979551668,0.6580710785347488,1.0,0.8675383697426172,0.9916232841813172,0.9437064592271406,0.9658094356795522,0.9850646140785362,0.980088301559366,0.9949964116968827,0.9895669735798477,0.9897714059157713,0.9522534559318641,0.9884695591760131,0.9777129391223521,0.9445797135766262,0.9596404699293862,0.9995491464101762,0.9718537947374274,0.9715658606296937
1355.4077275,0.9935439125698925,0.998972939340913,0.9965450093250804,0.996066510897304,0.9688862843945951,0.9784141823726876,0.8708768148086724,0.9791536843608837,0.9489479996347434,0.7046855462530123,0.6647612744244464,1.0,0.869109303729357,0.9915111147096172,0.93433881754032,0.9662800487971948,0.9856155559822506,0.9694588702863831,0.9920575729352219,0.9878764082445513,0.9884997953304212,0.9441221896579097,0.9847158033286304,0.9789660308192488,0.9427854742136812,0.9534415749061772,0.9991747839251671,0.9668194160827357,0.9700070496964026
1361.07904029,0.9926448312621862,0.9981479701681721,0.996471202863269,0.9954822588523231,0.9605480593991591,0.977585211434666,0.8632272675778684,0.980398129391784,0.9424564930022511,0.7067455237743889,0.6721005150346838,0.999984667315678,0.8709754595974494,0.9914461724454973,0.926848317394276,0.9676542290057635,0.9853899380872131,0.9605555868184211,0.9880457729030794,0.9838953690468414,0.985912576043196,0.9354461192296518,0.9785955944072291,0.9816557410187945,0.940113178710401,0.9477708544931912,0.9996457588340149,0.9624424412634932,0.9681685702230216
1366.77987583,0.9926651008036513,0.9969221934672616,0.996328530847315,0.9946354214401772,0.9477816288187235,0.9761319874999511,0.8564639071531223,0.9824276416309112,0.9356419326804077,0.7095819098969703,0.680108364622746,0.9992182300720268,0.873266310150063,0.990905700951694,0.9200070034651204,0.9689087606071235,0.984275817655339,0.9500823488533962,0.983514849194809,0.9783250428777862,0.9813273676578248,0.9241059404097995,0.9693327465006301,0.985276057879953,0.9349171405142263,0.9423866477892398,0.9999749514316516,0.9579402230467128,0.9662128978321682
1372.46681289,0.9930049406714454,0.9955920840085463,0.9960453360641269,0.9942344404224707,0.9323213777888728,0.9738231595020937,0.8487313947054269,0.9844792376895143,0.9282547717218307,0.7125498530979404,0.6883187780047426,0.9974994325818846,0.8759803365576854,0.9895877129716818,0.9095398586447284,0.969357070733369,0.9811697831062829,0.9271676634951289,0.975473180113111,0.9727924719002241,0.9756707739965667,0.9062324219724432,0.9523202917199721,0.9866057357217897,0.9261015897400595,0.9376522621041832,1.0,0.9532060803977889,0.963675593782697
1378.13342967,0.9932395201711122,0.9934645178368704,0.9960530479619248,0.9942293687492632,0.9150690686963361,0.9707692291416606,0.8373525923073597,0.9862090547287035,0.9204256052716879,0.7156240404880889,0.6963726845717623,0.994360890012817,0.8785780810318925,0.9858145563990502,0.8934017844643732,0.9688751371988826,0.9763994200110557,0.8826782738778396,0.9565723992695384,0.9655917649912565,0.9685626508622275,0.8763863248718904,0.916098332461883,0.9847760741575826,0.9132470508204867,0.9331116518141758,0.9996586125181743,0.9472891966722057,0.9603308151592926
1383.78010777,0.9931453312819322,0.9895964710492597,0.9956330093955384,0.9934534492613775,0.8948053537429337,0.9681953011706869,0.8206935731881578,0.9877474346861155,0.9116881366851357,0.7191730257453206,0.7044092784236182,0.9918598016729768,0.8807624569660759,0.9754681002535979,0.8744143202905411,0.968603855845516,0.9690372594825619,0.8411169031428568,0.93005604189032,0.9529675960720555,0.957043253793194,0.8271720410508319,0.8450489254948356,0.9800553477800723,0.8957608255545998,0.9290103768014808,1.0,0.9390888735813036,0.9559072859979089
1389.40721715,0.9930255384635114,0.9858753010725292,0.9942803626945264,0.9929455414099786,0.8713260270991966,0.96689423513623,0.7989354410313313,0.9893808026059072,0.9002129913540795,0.721959674533994,0.712271710686736,0.9911073272935305,0.8832683178517797,0.9614257597512061,0.8556013933925783,0.9658433798455668,0.9554967689456749,0.8227623403464164,0.9134411625232615,0.9374651588166438,0.9402559881988367,0.7736066945761559,0.7590604115038495,0.9727942768167145,0.8767027135320684,0.9251986020400919,1.0,0.9284915946168767,0.9501727767563298
1395.0151167,0.9930145876282712,0.9829041559106265,0.9933387098955966,0.9930220721157887,0.8456594971588733,0.9657464777176299,0.7713613869379778,0.9907236343936465,0.8885730241727098,0.7239797625924822,0.7200256667225889,0.9907890779947754,0.8855680456665073,0.9603749982001439,0.8421149900671422,0.9597755925629828,0.9314925355925741,0.8291093763174656,0.9126729145717195,0.920485836190805,0.9186008231352893,0.7599519049813392,0.7442250243789925,0.9625105042360496,0.8603122573458578,0.9196018717874681,0.9997365379904456,0.9152695906958167,0.9423432486750736
1400.60415467,0.9932186409844368,0.9794229692197727,0.9921312491805829,0.9919591548609452,0.8209032185257913,0.9650457143189417,0.736216036975125,0.99202077656562,0.880889807258327,0.7264554561690942,0.7283564405098749,0.9903576786211409,0.8881190551076494,0.9688323985414412,0.8385944752328333,0.9533136405708499,0.8921714824969244,0.8495554113066031,0.9259359024245971,0.9009126119285508,0.8931852985309366,0.7637481454773347,0.815006980445204,0.9473117289892824,0.8458432189853236,0.9106561367578,0.9994606908841831,0.8986872799827547,0.93253694894044
1406.19775036,0.9937640063139752,0.9752253907854759,0.9913066154267507,0.9907589244640219,0.8024208385765239,0.9648827367803033,0.6910089059234278,0.993659099069855,0.875313926159956,0.7303662501720536,0.7376558746334418,0.9892906404788457,0.8908426388107271,0.9752170648733526,0.8380992332912832,0.947887211602306,0.8495922395054849,0.8669113963502773,0.9421102628857524,0.8821473655034807,0.8687777239938655,0.7574753812391105,0.8804692828340716,0.9254601766386723,0.82866594074548,0.8983515870689758,0.9999084772571243,0.878963293755343,0.9209047112068577
1411.81328293,0.9937449700819238,0.9717880224221649,0.9913164454161174,0.9896456091445655,0.7933471857318389,0.9633721396938071,0.6390585307106732,0.9953271035449149,0.8687579267734457,0.7348092044460574,0.7469364143945906,0.9890222265088224,0.8939107634470809,0.978463704984229,0.831365759208252,0.9440087473006192,0.8361745281979632,0.8782348843578434,0.9558825789572026,0.871242038241853,0.8500246462831402,0.7500840678443891,0.9124174080619233,0.8944645009187813,0.8075966394619939,0.882702487630879,1.0,0.8571679100898585,0.9078329854563234
1417.45083527,0.9941747575946008,0.9693440509969462,0.9908721305997366,0.9879768376147543,0.79217571305821,0.9611870693709783,0.5931911479302255,0.9964298614409761,0.8606441405613249,0.7391911006490602,0.7559046681081941,0.9895038337733947,0.8968129816074176,0.9810146657743465,0.8411040053222033,0.9437104877057435,0.8639555237919088,0.8836302952794276,0.9661043161337527,0.873175883571915,0.8389987641115904,0.7504022326137381,0.9266105404343769,0.8479479701338645,0.7864122530174351,0.8640239353519636,1.0,0.8352714360243945,0.8950446072563331
1423.11049053,0.9949688747760818,0.9669963681209722,0.9902717835932359,0.9863576868042059,0.7956991562236218,0.9589210156177657,0.5704120937895027,0.9971035900290565,0.8525353966492555,0.7434968553164049,0.7648364348977265,0.9901571027903886,0.8996761067818453,0.9826176284119452,0.8800715507814227,0.9485020702380623,0.9059691360600337,0.8863121771807411,0.9733356616574784,0.8865552192183023,0.8342726183356666,0.7588177749743736,0.9346588758554012,0.7895170479195311,0.7706438548975019,0.8439133103134016,1.0,0.8147962657934206,0.8838382422251431
1428.79233216,0.9955063158736333,0.9650198947738549,0.9896892872963298,0.9841088334591072,0.8011099270310136,0.9566895780687602,0.5780836749198763,0.9976521976158419,0.8437756093843202,0.7480932702349689,0.7740896774246594,0.9900363578348993,0.9025808417708201,0.9828736335464897,0.9138954550053587,0.955454927160297,0.9368779987924871,0.888843706398658,0.9784916807336085,0.9028349537311272,0.8336080232154484,0.7714421581902301,0.9408298081884151,0.7631938220401612,0.7649115750983992,0.8240067118428736,1.0,0.7967877065956064,0.8748024770527381
1434.4964439,0.9957264910086576,0.9632505944266594,0.98863840412153,0.9817605938496893,0.8072057968035784,0.9543878322706686,0.6080700515179602,0.9983813531174764,0.8343449904028412,0.7530294622230547,0.7834117164085043,0.9897196987472235,0.905546721293242,0.9830869297504351,0.9355117793345712,0.9627288060882998,0.9550328457727318,0.8916744277093489,0.9826874972201514,0.9171395828995281,0.8388821210453291,0.7846433821977704,0.9460242596626605,0.7783412580430225,0.7700347449905768,0.8022390276204855,0.9992885257938983,0.7810845490141546,0.8690726839410059
1440.21938683,0.9957012428482663,0.961353339569247,0.9875657012959501,0.980175257482088,0.8130013121064718,0.9522548558823264,0.6464722261834623,0.9988671405634981,0.8241423886482535,0.7580259841280399,0.7927273694639259,0.9903089827966208,0.9082167644885191,0.9837509524293772,0.948782579622389,0.9681903643900042,0.966278471204835,0.8947683605249258,0.9862893209545553,0.9285630328476142,0.8532899896481574,0.7965817679123836,0.9513644142221246,0.7998730125356401,0.7824891772385455,0.7780800837917798,0.9972851272588134,0.7674406923214113,0.8664184722647142
1445.9515979,0.9958075085734548,0.9597065567046528,0.986958350060599,0.9782414871220041,0.81817032006549,0.9494480951189156,0.6825262754040529,0.9992819533808223,0.8135538279712434,0.7633067942073238,0.801580828669563,0.9906799060105298,0.9110833015691819,0.9851438890282971,0.9564256373175555,0.971717787245477,0.9743684544384117,0.8978832382835479,0.9893111954069015,0.9362845355845748,0.8734160565260268,0.8063885410608935,0.9571189768396798,0.8027625744272643,0.7982113744918062,0.7602191546064357,0.993730257593686,0.7550917081637961,0.8669819659503081
1451.69304835,0.9958580639621192,0.9582651388424941,0.9868971914271101,0.9746634683803546,0.8224523534920689,0.9466153234173327,0.7094357589786054,0.9997870627427197,0.8028719322735026,0.7685014278278554,0.8103375154092815,0.9904591488438567,0.9140111232678425,0.9873657521204676,0.9616733446972272,0.9749004424098657,0.9796511264320161,0.9010815779312954,0.991471967742126,0.9404651293784767,0.8898488461129084,0.8137532188537762,0.9623572694137733,0.7902727837785503,0.8150387867728132,0.7594464096187664,0.987285740081851,0.7442217450538742,0.8696491476900523
1457.44370948,0.9959336833383682,0.9572892266206728,0.9867412185622889,0.9692034242719985,0.8264692341774458,0.9438099786938426,0.7240922865949442,1.0,0.7922496742730119,0.7738975742188232,0.8189383815543584,0.9910282602470998,0.9167871521014466,0.9898672366135894,0.9662447736485609,0.9774385182522066,0.9831523017792836,0.9042569795880115,0.9931934718051524,0.9428471416187569,0.9000009715548231,0.8189252296747748,0.9661627696389816,0.7732803019714892,0.8297910183379825,0.7705909716685891,0.9771094209759048,0.7349241688929443,0.8731577449115441
1463.20355265,0.9959748757315368,0.9563616633130553,0.9869954060030295,0.960637922126674,0.8318049823750512,0.940896241251921,0.7292451150537309,1.0,0.7810243784585736,0.77954279000888,0.8279733218356649,0.9922652757701155,0.9194329814733943,0.991755070515377,0.9698085066893433,0.9794571045100786,0.9854111031648134,0.9072785384105547,0.9943116029150493,0.9458157512804471,0.9066512055618374,0.8243828787911998,0.9689176225950001,0.7564397444754546,0.8396093517968649,0.7818592164748839,0.9627980489467549,0.7265297613481922,0.8770606320024089
1468.97254925,0.9963210899421585,0.9557677805009506,0.9878271971443565,0.946569768607242,0.8392670355599825,0.937416256274128,0.7394894215707682,1.0,0.7697770938184343,0.7848976812479368,0.8371162859199478,0.9930111264687524,0.9220929764953779,0.9936889335819166,0.9728772736563831,0.9813680298359457,0.9876969289709846,0.9106919397343612,0.9949267539484659,0.9496982342949081,0.9133529991681357,0.8326769432495743,0.9716099630140159,0.7302664994283055,0.8436954674819229,0.7895365361722224,0.9467451485656035,0.7193875632204031,0.8810971795053529
1474.75040717,0.9968718424500114,0.9552293556390445,0.9884451414774518,0.9288133514765466,0.8486828166602004,0.9330247897546322,0.7644120269913983,0.9999894316005177,0.7589409926727225,0.7905975927366493,0.8462963500861532,0.9937282325278111,0.9247915701976979,0.9949597277072948,0.9757386492084533,0.9835541388712754,0.9900818931292547,0.9144663660379763,0.9954319841274848,0.9553642936341664,0.9209023043083947,0.8439858087138572,0.9746331578098912,0.6980092762912168,0.8463882272027119,0.7945283886139066,0.9336837681465239,0.7139390889568559,0.8856396271486312
1480.53455271,0.9968554515314192,0.9548263752295871,0.9892409119413822,0.9212968199259274,0.8586208222034739,0.927751560318683,0.7955388286501315,1.0,0.7476120535528061,0.7963014632260312,0.8553966334657404,0.9948035132109267,0.9277834747083278,0.9962830078895956,0.9784319969789825,0.9852628784851016,0.9919461229287899,0.9186803660101398,0.9966906268416902,0.9607644031735026,0.9283798834921791,0.8567311243769458,0.9778415207049153,0.7060580384381264,0.8540774589330212,0.796606970821319,0.9307995955148232,0.7100355614026052,0.891148279261748
1486.32495713,0.996686970851633,0.9544751700097438,0.9906878817705395,0.9332196347474381,0.8684755389881401,0.9225165991184823,0.8240431413889417,0.9997606118223902,0.7363223491382027,0.8020804485206864,0.8642427020674752,0.9961436535315281,0.9308913883334081,0.9969422434717198,0.9803062019953996,0.9865958611649254,0.993170293355403,0.9230049120797276,0.9979189410466613,0.9652893750953292,0.9352303366629275,0.8685676483793592,0.9807761404150509,0.7629462582677722,0.8663228136427021,0.7961878543639931,0.942266699350582,0.7070451625279603,0.8969875447096137
1492.12159183,0.9971569994128981,0.9541302232316409,0.9916183306847186,0.9534776059760588,0.8779409153842246,0.9163538827306126,0.848336142959834,0.9996595285556333,0.7250628143481893,0.8083594410442624,0.8728387569352157,0.9970030161722067,0.9337580445875125,0.9973551961698143,0.9819916625743887,0.98791788800516,0.9938206142927071,0.9272028303909742,0.9984880841608619,0.9692454089226438,0.9412415538315902,0.8792477848544228,0.9827233288341082,0.8138998159321493,0.8783873010473392,0.7974611801156823,0.9585771720825966,0.703920203251685,0.9033428865489121
1497.92442836,0.9974226088653688,0.9543551317921464,0.9918134269390251,0.9685794943672625,0.8871297121619768,0.9085535905578623,0.8683157231134655,0.999746647121937,0.7137942916201901,0.8149859719036091,0.8809570165890875,0.9967242542218994,0.9363083996469397,0.9973605839749246,0.9828956935756294,0.9893521912011435,0.9936041478908452,0.9314242766810154,0.9990303298331838,0.9724851513465812,0.9464365370083778,0.8889000118330332,0.9842558962987972,0.8469222447476006,0.8898709771748824,0.8050511137056859,0.9689213167728912,0.7004808397087845,0.9096980152280608
1503.73343845,0.9976082873634872,0.9543931850795251,0.9922471266427952,0.9771574978651364,0.8958140530040112,0.8998440200788816,0.8844227705713403,1.0,0.7022475693510725,0.8216783348624874,0.8886804004649862,0.9960566746303727,0.9388993206343539,0.996836748386548,0.9845736463778086,0.9907226247177907,0.9927646510025663,0.9359977114512548,0.9993853509981712,0.9755071943213931,0.951245427206689,0.8975626009833032,0.9853767236117448,0.873592867308405,0.9008333107796596,0.8176997058569144,0.9737888737211282,0.6964820799730135,0.9157823415571388
1509.54899004,0.9976875080910969,0.9546124895732611,0.9928075839893141,0.9824783692173455,0.9040077099741306,0.8907200293926523,0.8977569609044385,1.0,0.6907581197875061,0.8280576102052808,0.8961708883836621,0.9959990421230834,0.9414905393347192,0.996397729175497,0.9867449671285209,0.9919404240319539,0.9925001544854685,0.9407419831596494,0.9996943703344348,0.9785115102210503,0.955524044325625,0.9054182202390518,0.986101798949816,0.8988172373167196,0.9101726483467206,0.8291911827747843,0.9760547965458395,0.691720723723976,0.9216045675340282
1515.38336105,0.9975377513725886,0.9551316079842849,0.9930146784523742,0.9861755004241844,0.9117213511545884,0.8815768586015028,0.9095470762464475,1.0,0.6794156453741357,0.8347566260426872,0.9037242674622064,0.9967839836546589,0.9440483865535151,0.9964313161195134,0.988224958347642,0.9930044169806119,0.9916918296618012,0.9458342475886894,1.0,0.9805306223120706,0.9594718769064242,0.9128016326686303,0.98658950824081,0.9194919530961617,0.9172970860846159,0.8366891325437739,0.9762252749866493,0.6864375496435415,0.9269729355552643
1521.23658861,0.9976825830789011,0.9560623357059577,0.9930219427584245,0.9891600078973666,0.9190335306781307,0.8722558104701423,0.920638624783792,1.0,0.667973786659416,0.8416545330736958,0.9109223654134789,0.9975268923314214,0.9463831423010627,0.9961894667908211,0.9893115612016552,0.9937219146422909,0.9906780581118545,0.9508658782770815,1.0,0.9825665939417035,0.9628254585551588,0.9197291783799061,0.986674492804254,0.9346916710291341,0.9223336885294456,0.8400456011632627,0.9751304646098413,0.6805129041545289,0.9318361574226681
1527.10870977,0.9977033560143975,0.9570403586706813,0.9939207160667785,0.9912300101306958,0.9258579960680896,0.8624797031224192,0.9305104432346452,1.0,0.6566411168781887,0.8480000870354794,0.9179329725512856,0.9979416126356128,0.9491459435211368,0.9957270086891482,0.9903609098593799,0.9938185657619285,0.9891337552615567,0.9558053185871106,0.999766307987336,0.9846455963180728,0.9658497009436582,0.9262030541198517,0.9855130028387696,0.9455208737653137,0.925538683157809,0.8408803674598396,0.9738525738100458,0.6740678946809683,0.9362094672221726
1532.99976154,0.997814022551161,0.9580549821974189,0.995299645329696,0.9926984549638264,0.9321493162727063,0.8529313511399083,0.9388821102701482,0.9998634493081887,0.6454121195067476,0.8546960632160213,0.9250266319692093,0.9981198148149585,0.9511560872748727,0.9955282658360224,0.9915461598928573,0.994662253985466,0.9876505605889457,0.9604853816525544,0.9995891617636344,0.9862788036447053,0.968505648142034,0.9324408927803058,0.9837807088906653,0.9537867718876061,0.9280149875880115,0.8410059572338958,0.9724743978507718,0.6673416147160678,0.9403555332350065
1538.90978084,0.9980654490937787,0.9593272809939087,0.996190910239058,0.9935108424951725,0.9381333819519132,0.8452093351264703,0.945903854124535,1.0,0.6341183209363687,0.861284968907045,0.9316549748473583,0.9989089220396685,0.9532803876511854,0.9953392595359042,0.992898070567563,0.9962517708033446,0.9871361497430793,0.9644896844388621,0.999442734221823,0.98800568496297,0.9712105988444238,0.9385478528729175,0.9839195918418912,0.9611480795731066,0.9308825022514828,0.8435300087774367,0.9715129202801945,0.6608027030282647,0.9441824288366854
1544.8387776,0.9979978935562712,0.960823108473544,0.9964271071049785,0.9942408762381438,0.9438107831924543,0.8433159001603386,0.9523572125318732,1.0,0.6231118760311671,0.8677638458837309,0.9380721312171056,0.9994693316342664,0.9556565657101842,0.9955351412876225,0.9941715878391751,0.997042418683902,0.9878605623994225,0.9677522193821649,0.9994120395896596,0.9894888776727446,0.9734321887779231,0.9444220000959579,0.9859480130830572,0.9671291604909363,0.9359070319198166,0.8506884665809784,0.971294417736899,0.6559439565500902,0.9476370573129782
1550.78660554,0.9979831293188236,0.9628277379170257,0.9966639787762009,0.9952896069953805,0.9490817103207176,0.8476451974483076,0.9586331817100143,1.0,0.6121879555420199,0.8740955872062229,0.9440355176844967,0.9995647037444246,0.9574498015082217,0.995888147709547,0.9949970983072143,0.9973448087047625,0.9891642940725778,0.9706478915809074,0.999604693078133,0.9896105770622782,0.975376859029744,0.9496617365539357,0.9890134795621996,0.9717304757948194,0.9426054208016157,0.8626284839916392,0.9718413382429278,0.6547176588855852,0.9510260956659012
1556.75329898,0.9980035797179106,0.9648570795820471,0.9971512864597776,0.9961734452521137,0.9540024326098373,0.85576174840047,0.9638807973070014,0.9997711315523363,0.6012923582692886,0.8799411539837848,0.9499208347362389,0.9996843807616047,0.9590159523222749,0.9961026754420859,0.9952868926129192,0.9976804943005835,0.9904138278011618,0.9725431665576231,0.9996727431085976,0.9902269187690091,0.977435079787695,0.954478085716342,0.9911328113933532,0.9756416814167403,0.9497214856510715,0.876490218909309,0.9733081293714695,0.6568730596482194,0.9541381157009391
1562.73889214,0.9981499703956506,0.9669271992419536,0.9977621082064194,0.9969112010738161,0.9585821797530454,0.8646522768272297,0.968370845767196,0.999852474278618,0.5904240831065625,0.8854750323206568,0.9554274199027005,1.0,0.9608245872824471,0.9962438557220438,0.995909130231396,0.9979175052175036,0.991160498392925,0.9740033238091113,0.9998780225582,0.9912009326683044,0.9795125250499827,0.9594353349550919,0.9925151851908532,0.9787773884785602,0.9560594227771836,0.8896802891370469,0.9759023963224555,0.659989045098268,0.9572613921445785
1568.7434192,0.9981522427637339,0.9689648309838902,0.9975530114578324,0.9975082887816683,0.9628938171069713,0.8726388606074814,0.972249095368052,1.0,0.57986027891236,0.8905324405647828,0.9604947065972156,0.9997858267398007,0.9624056798051569,0.9965611948323825,0.9968266948779546,0.9979878111755178,0.9914109118668238,0.9756065399939222,1.0,0.9929254930006532,0.9814818420953002,0.963906217507346,0.993251953780175,0.9810779370954487,0.9620975425774618,0.9009932581531901,0.9790370931410988,0.6625897815436693,0.9600831161564444
1574.76691423,0.9979770831360358,0.9713551469668598,0.9969483910822706,0.9979047864169056,0.9667735341538305,0.8796488568528852,0.9761018254975443,1.0,0.5690907811603799,0.8962273730646219,0.9655347596851896,0.9995283847530335,0.9635951967939805,0.9968461690366323,0.997692441906012,0.9984412543502545,0.992276433650986,0.977554834394605,1.0,0.9945603350925991,0.9832696106222026,0.9675858584954738,0.9939513288262183,0.9829607656432764,0.9672135525779365,0.9107263671012646,0.9820022695388197,0.664127021746393,0.9628220829800026
1580.80672696,0.9978299363574022,0.9733302925235283,0.9970456771971541,0.9983431966225729,0.970259765620664,0.8863750733411992,0.9802930331303847,1.0,0.5585768205968127,0.901843706140953,0.9702957695308748,0.9996805192995696,0.9650613649718325,0.9975464922487081,0.9981975756788133,0.9991572053903821,0.9935106817301065,0.9795423511591566,0.9999138915289006,0.9947607835029544,0.9848851411660251,0.9711698085425868,0.9946322024638654,0.9843538145284633,0.9714666595250558,0.9196257889702054,0.9847392228102033,0.6647179883284156,0.9653720689947181
1586.85843732,0.997915260929128,0.9752121560863665,0.997718395282365,0.9984149105806385,0.9735782230276858,0.8924757330675921,0.9842146745349236,1.0,0.5483401973641424,0.907502028139081,0.9744612496775451,0.999937127031439,0.9664100590107573,0.9983906257757984,0.9984491379063212,0.9996596682430683,0.9947202181659719,0.9813095658727707,0.9998296588050396,0.9955700577080758,0.986184751884178,0.9748188310054133,0.9950241413738,0.9856288140906627,0.9750046379796281,0.9282697047257492,0.9872676224715566,0.6644210863987393,0.9680380384990148
1592.92202448,0.9983353492846438,0.9770150092492704,0.9976311157517983,0.9988154858745036,0.97677705156783,0.8982078040577811,0.9873229316471682,0.9999919781039972,0.5384070009474925,0.9132344258213221,0.978045592995303,0.9999433376034518,0.9677217719253702,0.9987092296336257,0.9987996363451253,0.9995718630852115,0.9957946462024833,0.9830492403989206,0.9995311250083199,0.9965291935827869,0.9875211861730454,0.9784422936969592,0.9951510414839534,0.9871069083807743,0.978486271320027,0.9360975336861719,0.989849716172865,0.6636077845909982,0.9704439165608
1598.99746754,0.9992622882206691,0.9786704609102655,0.9970661510881368,0.9985232981036829,0.9795957373289786,0.9030466890548581,0.989289334928006,1.0,0.5283879924603893,0.9186467238204242,0.9815747125595012,0.9995557301687181,0.969439802713674,0.9993016243070404,0.9993916816585975,0.9995198625108687,0.996460070018786,0.9846317868546389,0.9995838548655019,0.9978867808800879,0.9888748552846262,0.9815793084580283,0.9956021511875047,0.9880876986380458,0.9824272213307814,0.9441219711032746,0.9922641868904827,0.662981611258674,0.972958710808937
1605.08474557,0.999386974995175,0.9806054242356227,0.9963941260967102,0.9984756022448547,0.9824344850315978,0.9072689111128054,0.9911522380952968,0.999929281753396,0.5183120984231955,0.9237341993587567,0.9850614782569599,0.9996835479153452,0.9713455651780516,0.9994770581121061,0.9999382436793178,0.9994155990974861,0.9967059777591163,0.9859340617810985,0.9996257623030105,0.9986881851096658,0.9899575115294188,0.984254811475973,0.9963392076423515,0.9883258850388568,0.9862422378495971,0.9519889160729104,0.9941258676848725,0.6625857504242494,0.9752931475228812
1611.18383758,0.9992689528867322,0.9822613320580734,0.996437090722021,0.9989400723769108,0.9848520647957635,0.9111609909220623,0.9936111775884771,1.0,0.5087058828982194,0.9287638534402375,0.9881458195229571,0.9998947105590561,0.9729167098736181,0.999512742883164,1.0,1.0,0.9976581153540423,0.9870139716597391,1.0,0.9990260504601848,0.9908761129642896,0.9864877553680513,0.9967624623529785,0.9895599669618019,0.9888922695160766,0.9597320724884284,0.9959197405118614,0.6630003804847473,0.9776819130615301
1617.31109985,0.9989563839838945,0.9838005800086794,0.9971406945725831,0.9994220017139217,0.9870917894204221,0.9142600721844303,0.9960076716556121,1.0,0.4996067993359654,0.9340057289065282,0.990679454761175,1.0,0.973997234676603,0.9994561507052195,0.9998142166310011,0.999942875562916,0.998631269512766,0.9881322592895869,1.0,0.9988122053222772,0.9919708252772108,0.988907704283579,0.9969208931704969,0.9910517933253166,0.9914673164256025,0.967019181988232,0.9971896297116003,0.664623983732733,0.979931571073975
1623.47024896,0.9990231776183297,0.9852028994246059,0.9975323786451852,0.999299156221221,0.9892231193309358,0.9171847213952139,0.9978784585658953,0.9998205352206183,0.490550224253596,0.9390948511019318,0.9925548622917163,0.9993055068167158,0.9744655678222048,0.9995342702389635,0.999629547352031,0.9996212825246541,0.9994370505479664,0.9886747865365537,0.9996388783351072,0.9981852225570781,0.9926448391602863,0.9913319914611516,0.9971199750711515,0.9922646209388766,0.9939906006434731,0.9732439422736271,0.9981524809584907,0.6673522856924143,0.9820912859423564
1629.66154068,0.9990741736248471,0.9864113817983233,0.9974050141940694,0.9995279641927054,0.9912017282233597,0.9204044111865908,0.9990563656959142,0.9994835400689422,0.4819607024031359,0.9438188329202173,0.9945187433251089,0.998861785048214,0.9749598972525201,0.9994847322180149,0.9993864172895099,0.9995086268426588,1.0,0.9892084014749042,0.9997029230391528,0.997648902939207,0.9933569564555211,0.9934398438756878,0.9971590782853305,0.9932562083569771,0.9963276009634439,0.9792373494632831,0.998799896278274,0.6711280386546352,0.984262375296136
1635.88523392,0.9995595674651265,0.987152277530594,0.9968076403958048,0.9997521070422952,0.9930266530317113,0.9235776051954838,0.999736839463808,0.9995580785268494,0.4737078857632126,0.94856286746613,0.9963569333565078,0.9989033686498971,0.9752179453945238,0.9997333671548724,0.9994631894550823,0.9999549799912874,1.0,0.9903014049199628,0.9998797467213578,0.9978833177097546,0.9942253285714503,0.995831406015347,0.9970839054950683,0.9939659331409632,0.9981632817029574,0.9850482768761479,0.9994060427643007,0.6762680539804149,0.9861511802856744
1642.14159076,0.9999282774721412,0.9875761709493874,0.9959178294630305,0.9999726663990147,0.9944200698103214,0.926639914221874,1.0,1.0,0.46572096341352637,0.9530710132777993,0.9975291139276491,0.9988455505855723,0.9757229648130439,0.9999676593696658,0.9997710549479567,1.0,0.9998188984798067,0.9911449751572712,0.9999677124808352,0.9982208233932733,0.9951421602217112,0.9977839294925605,0.9971074022208977,0.9947225152039638,0.9993180061332432,0.9900288651207827,1.0,0.6825564219970253,0.9879841498552293
1648.57498892,1.0,0.9883800323569525,0.9956628386538011,0.9999979453079002,0.9956861509068123,0.9298458342066063,1.0,1.0,0.45800734501539486,0.957399870993994,0.9987102299754538,0.9988052004660793,0.9762917292400517,0.9998860287547072,0.9999115726371531,1.0,1.0,0.9922216975500634,1.0,0.9983471565584282,0.9957281765447268,0.9991409338389321,0.9972945543845655,0.9946066442290653,1.0,0.9941341668352007,1.0,0.6886012080292987,0.9898882434578863
1655.33520858,0.9999271940859741,0.9890778206350304,0.9957414192868161,1.0,0.9967332864531679,0.9329225685225223,1.0,1.0,0.45017351356217356,0.9622359584718115,0.9992169092153526,0.9986749864109419,0.9768182242643341,1.0,1.0,0.9995153537287004,1.0,0.9933229343894804,0.9996973298241222,0.9988435983452993,0.996231473842149,0.9998530423961337,0.9973608613672348,0.9936538386883699,1.0,0.9974478369285423,0.9994897948148437,0.6938021736005546,0.9914380207758251
1662.47344048,0.9992073618786127,0.989603418665219,0.9964418529073316,0.9993946277137662,0.9977771226878613,0.9352159415275728,1.0,0.9999322282057296,0.442259214413389,0.9676999856746026,0.9995198195355187,0.9982637976332761,0.9773918052859816,1.0,0.9998701414002736,0.9988474431730853,0.9999838776310037,0.9945406689659548,0.9996822024833999,0.9993103632497644,0.9967337971754622,0.9999254445417579,0.9973575967355863,0.9919390963392591,1.0,0.9994277021421021,0.9988433587032818,0.6985357138442067,0.992807489041016
1670.05561049,0.9995500360590708,0.9904110328619201,0.9971548797594273,0.9996254344561434,0.9980227352696021,0.9372836210842497,0.9994158143735541,0.9998941098435927,0.4337962915542891,0.9714363848717528,0.9998625534967842,0.997404841892652,0.9781219541839707,0.9996628072703049,0.9988153569992935,0.9980303187799171,0.9994624103048372,0.9955461155258654,0.9997737318829119,0.9999010564712686,0.9975238514968535,0.9997912091257842,0.9964746960644935,0.9889584364059976,0.9989846632915365,1.0,0.9977738340198273,0.7030773725110827,0.9939794978824046
1678.16902352,0.999344798742561,0.9905251725247867,0.9967131164330574,0.9996136867245714,0.9991439550887984,0.9395272253148678,0.9981837584124819,1.0,0.4245759109040564,0.9756450051638355,1.0,0.996719212693205,0.9788741991922307,0.9994507720661993,0.9994547274581331,0.9977813628726983,0.999012068566952,0.9963869039477234,0.9996864826582457,1.0,0.9976447827392342,1.0,0.9962459195890322,0.9848931062889144,0.9978599830829774,1.0,0.9976226089584049,0.7078052789969971,0.9944508074065491
1686.55255666,0.9995654357692295,0.9913555077741468,0.9958687311479487,0.9998124754312208,0.9996645797260159,0.944013810432288,0.9965132415459338,1.0,0.4153121319704113,0.9793972097138682,1.0,0.997329920302403,0.9802733514818293,0.9997762231158158,0.9996939622461279,0.9979787091821074,0.9994849351461822,0.9968073669777896,1.0,1.0,0.9987013823024681,1.0,0.9970309432802702,0.9807095069420078,0.9968755362408048,0.9989030538353935,0.9981156493237775,0.7127591900670599,0.9944973004573373
1694.9652068,1.0,0.9917560763651766,0.9960100413329741,0.9996291876042251,1.0,0.9505328718111625,0.9942847039167483,1.0,0.40681091115356693,0.9827525753038506,1.0,0.9991808024478336,0.9810921264046583,0.9998677493113823,0.9997357997527901,0.9984030105387748,1.0,0.9980264175686243,1.0,0.9998011898590998,0.9990976240892451,1.0,0.9992942164321473,0.9757128684346926,0.9946373262399545,0.9935682845194346,0.9989306983700231,0.7172751011231115,0.9947113534587267
1703.40698655,1.0,0.9927447594212853,0.996897339274847,0.999833043685778,0.9998881437293683,0.9553619916969553,0.9902640071910509,1.0,0.399181337520512,0.985871780522473,0.9999478154278661,1.0,0.9820880287256883,1.0,1.0,0.9993284768380939,1.0,0.9984487582007304,1.0,1.0,0.9998103701707692,0.9997566297918121,1.0,0.9693013732197943,0.9908123029886436,0.9843606111654146,0.9993169304918329,0.7225312822504176,0.9941627607858472
1711.87790799,1.0,0.9936315580459867,0.9980055753892624,1.0,1.0,0.9579963428671525,0.983318273869781,1.0,0.39177275496755004,0.9888470624621448,1.0,0.9999952764366322,0.9828480096859187,0.9999150494339363,1.0,1.0,0.9999409392051637,0.9993103471918573,0.9998692023185427,1.0,1.0,0.9990378687351282,0.9989268322681505,0.9595464229041188,0.984463596222518,0.9703615795412656,1.0,0.7285827438858445,0.9943424057455463
1720.37798277,0.9997906411089641,0.9944070953198052,0.9983553661019484,0.999756975720974,0.9999432236202754,0.961616097847558,0.973927821414361,1.0,0.3848231744839642,0.9912368137372032,1.0,0.9990651961330118,0.9828018971906286,0.9996965860614854,0.9997660181087605,0.999661361203382,0.9991053406974548,0.9998962435760721,1.0,1.0,0.9999311215456868,0.9973377832525436,0.9975355929632425,0.9441849429639618,0.9763609422669216,0.9529363386125935,1.0,0.7365409135482113,0.9945881417837559
1728.90722205,1.0,0.9951904600006422,0.9991721803579056,0.9995251456672105,0.9992205341304838,0.9663380831135993,0.9613809940859923,1.0,0.3779415956565003,0.9933672701974916,1.0,0.9984902018407972,0.9831630840647722,1.0,1.0,0.9995438839782113,0.999200927606667,1.0,0.9999968182600866,1.0,1.0,0.994129836704594,0.9978279971507972,0.9227898345723697,0.9657255182613275,0.934138206144738,1.0,0.7459554315872939,0.9951127190833031
1737.46563653,0.9998031907417689,0.9965539589786606,1.0,0.9990541265312355,0.9987659781120576,0.970807872114019,0.9452521532068888,0.9995016129421362,0.3714369883702247,0.9952042914918732,1.0,0.9994723718471286,0.9831053280727469,0.9998305610877818,0.9996478950078101,1.0,1.0,1.0,1.0,0.9992616605696402,0.9999554830094124,0.9908559593357769,0.9987708100361347,0.8974377838047343,0.9544111328825678,0.9163999017296527,0.9998070316798162,0.7561708085333056,0.9950700615773688
1746.04891596,0.9998136662115648,0.9981484630471671,0.9999984824598199,0.9990003925436163,0.9973059637064511,0.9743763264188996,0.9233113086323137,0.9986139819956804,0.36536772308788484,0.9971147365500808,0.9999940702752186,0.9995685050115912,0.9828537613827534,1.0,1.0,0.9998776926063203,1.0,0.999062123068107,0.9995469921920972,0.9985469734991514,0.9999202189889435,0.9871223760666438,1.0,0.8717875179454034,0.9434341275492396,0.9043732483409094,0.9999706527285396,0.7678632261050449,0.9956497549934689
1754.65358123,0.9993664900527849,0.9989568439105323,0.9997116289874115,0.9991564843845319,0.9956691207786692,0.9767416136288525,0.8988042770689189,0.9970503179783753,0.35970579702331906,0.998405459252956,1.0,0.9990074608441307,0.982230381815652,0.9998557004784895,0.9998828402980118,0.9997300526996311,1.0,0.9992804613753667,0.9995678741155997,0.9983944195334256,0.9998755542132406,0.9828548516380569,1.0,0.8516766149134161,0.934072243427664,0.9019562768882501,0.999679147627856,0.7805087803283651,0.9966816390520463
1763.27958128,0.999086350142,0.9996607335928587,0.9989265205507126,0.9996824345341049,0.9934746844849922,0.9784944964997364,0.8734982770606566,0.996280737330254,0.3543359024048191,0.9994164207250106,0.9997685438158765,0.9988414415615607,0.9816046932510819,0.9998113935600003,0.9995406091664659,0.9998446342481965,1.0,0.9995522480065792,0.9990913839252747,0.9981683212866942,1.0,0.9785772188360603,1.0,0.8427720424243994,0.9284163291032596,0.9073464873799271,0.998731248121631,0.792921260697918,0.9975721724776936
1771.92686491,0.999086458697864,0.9999123602615908,0.9978087168170611,0.9995744449748173,0.9921508133669575,0.9800997375994251,0.8517118723434457,0.9947972897790829,0.3493655608291079,0.9997392488439137,1.0,0.9989936309633023,0.9808801644498715,1.0,0.9988070705701252,0.9995765252177912,0.9996811904883136,0.999485105712556,0.9988286911458548,0.9975742435211045,0.9992728079844937,0.9745438366820238,0.9994464842088903,0.8502648116577226,0.9270082764320324,0.915693962070521,0.9980958848086294,0.8057544367738733,0.9987110092137936
1780.59538078,0.9994390053885652,1.0,0.9958116386259996,0.9997776096297797,0.9912884952212542,0.9830243835427785,0.8370731005022399,0.9925717629236311,0.34476500614265077,1.0,1.0,0.9993959825289522,0.9806927483090385,0.9998025271087699,0.9977922667366872,0.9993504190320178,0.9999465206075582,0.9995828146946992,0.9983847708730307,0.9975550747298585,0.9988745557537816,0.9702744525066719,0.9998800222815408,0.875625194145926,0.9310048547838568,0.9260782598807061,0.9979300663543004,0.8188808059924628,0.998989594751745
1789.28507741,0.9990907077402978,1.0,0.9952789457496157,1.0,0.9909467401096171,0.9865662259794916,0.8295169246239673,0.9904199989735966,0.34041194930841956,1.0,0.9997490637355165,0.9996609094432759,0.9808573528413197,0.9998834629920985,0.9965201859713958,0.9993569415010294,1.0,1.0,0.9990455128112675,0.9970164706111068,0.9985744148370941,0.9664399534159452,1.0,0.9134085342800915,0.9384052907375675,0.938839507972797,0.9968124746302912,0.832272236392411,0.9994842912325369
1797.9959032,0.9990083693319983,1.0,0.9954689459687234,1.0,0.9907054590210296,0.9862814386019837,0.8275216132379065,0.9880162150810398,0.33655899102124026,1.0,1.0,0.9991599199283626,0.9802934286728359,1.0,0.9959484194915342,1.0,1.0,0.999780767670431,1.0,0.996539898333597,0.9974015165941649,0.9629511106505726,0.9999420869709376,0.9501968853364514,0.9491442232622986,0.9535559082676461,0.9949045985438726,0.8456442710187037,0.9999060999501642
1806.7210252,0.9991545763280817,1.0,0.9954183640185053,0.9997053840329948,0.9911391742954224,0.9817500058794372,0.8322269663644926,0.9853027914491896,0.3335695597048299,0.9996491971328433,1.0,0.9980197122193042,0.9799495184586647,0.9998579709680824,0.9959132738700549,0.99957648558735,0.9992032705789938,0.9996331118026354,0.999704861081851,0.9960612128427544,0.996969527684072,0.9599153227495701,0.9983301111807824,0.9750004725524686,0.9608985504431049,0.966873287497965,0.9906265229853939,0.8587020099915751,0.9999216773202695
1815.45600983,0.999580252449518,0.9999230047481381,0.994533003760275,0.9992736671022842,0.9910231830158044,0.9730441099269599,0.8445785589053686,0.9828658219617432,0.33121447200055726,0.9997199693029636,0.9999656371642661,0.9970386515662982,0.9794716248968277,1.0,0.9962998618670262,1.0,0.9973846308812642,0.9993177924432982,0.9998275851959705,0.9950471830395629,0.9961557298818842,0.9557718706181413,0.9966833861996175,0.9892489732057911,0.9705288413251518,0.9768910451569155,0.9830512476685921,0.8703973219103892,1.0
1824.20079533,0.9994854574157347,0.9992933655630004,0.994424236280311,0.9982067394479656,0.9895921967017918,0.9619927482305434,0.8579283168318241,0.9791802941320407,0.32916092412295106,1.0,1.0,0.9953744685746532,0.9790138141739871,0.9994193474553944,0.9977463903540255,0.9999941418308158,0.9963904579915106,0.9984195731930393,1.0,0.9934699109698506,0.9947937026641702,0.9511595887071811,0.9955883502228307,0.9964633872879319,0.9760103623257388,0.983238933499181,0.9719353063292134,0.8797240537337402,0.9989701248427885
1832.95532041,0.9984242633386293,0.9987389076237464,0.9947095169144782,0.997033099964633,0.9862811391508172,0.9572541193294313,0.8665685011623876,0.9761790979381495,0.3269736145055057,0.9995298929468587,0.999422241822519,0.9937757321790167,0.9783055942312758,0.9985393203819322,0.9984124571526622,1.0,0.9954641174159183,0.9964991234249653,1.0,0.990851092464458,0.9929961935865542,0.9449399424359071,0.9965149379427662,1.0,0.9763023915191484,0.9856018864731501,0.9535224956943802,0.8858045293407786,0.9969143435607741
1841.71952428,0.9971214061157806,0.9973482660842558,0.9939613307030702,0.9963866829933575,0.9790900276899731,0.9619210694276475,0.8660470661145888,0.9724967596227865,0.3252255834968341,1.0,0.9995547537651684,0.9925596607432524,0.978316138983815,0.996738072670772,0.9993781131655773,0.9995952116687001,0.99408727421511,0.9924032166194493,0.9997762946675356,0.9859385274234556,0.9908995829359689,0.9352422000599553,0.997779081538632,1.0,0.9704605211772936,0.9834194359302182,0.9334252152360105,0.8867520689141083,0.9931094011712984
1850.49334662,0.9965454293658182,0.9957860299378521,0.9932172193974793,0.9948620890049539,0.9656280260317155,0.9717962599580219,0.8552313161944578,0.9692476597226338,0.3243439018875243,0.9998547431657986,1.0,0.9910535903559813,0.9773658417570232,0.9954942578397548,0.9997345114800772,0.9985580655036745,0.9937617165511485,0.9864308538329711,0.9982333660242437,0.9787254661220959,0.9866118830682232,0.9200897564416114,0.9970372858224203,1.0,0.959096876191142,0.9753512394854384,0.9241385305765808,0.8817250683248726,0.9875472204075662
1859.27672761,0.9953995460257996,0.9951181834848951,0.9916753236681816,0.9941046862589008,0.9423392759776635,0.9790506126075766,0.833506636475836,0.9651995975273464,0.3240209458423914,1.0,0.9997605391308453,0.9870173756845754,0.9776668797353233,0.994098152464102,1.0,0.9969910104756613,0.99293875731844,0.9764371554051088,0.99675224703107,0.9675208994212288,0.9801924390061867,0.8948773744165511,0.9954633432100787,0.9976946315757987,0.941511785086571,0.958482830453503,0.9310416935350412,0.870880095849204,0.9775855224561135
1868.06353858,0.9933794468847754,0.9943436065901397,0.9894244593668782,0.9918173460047277,0.9026029710242565,0.9816195943152166,0.7952300090881361,0.9608440745702486,0.32463600646357066,0.9999282412088935,0.9995436029046171,0.9795958713077707,0.9770451578628508,0.9929589458639608,0.9967043766539201,0.993351476921558,0.9923587940424213,0.959962756471211,0.9949011144069763,0.9466196882993424,0.9692303725570356,0.8555562032087795,0.9902468058687514,0.9931778652765193,0.9159578670230579,0.9316434267778796,0.9480422726901797,0.8494588923407242,0.9628820839433678
1876.84916726,0.9925018084345248,0.9884341537947272,0.9870360148662181,0.987763519571901,0.8402851971924535,0.9826773921310769,0.7381044475937784,0.9574524298900348,0.3256895963541626,1.0,0.9997301913311809,0.9686683703176062,0.9759103788598509,0.9909153951350871,0.9902349825119628,0.9864437121649293,0.9909637758909471,0.9357118997200176,0.9889447013711923,0.9100507439446591,0.950341983823053,0.7977247592058458,0.9813127254849913,0.9836811547799736,0.879016367841871,0.8945984774713998,0.9698197453324543,0.8149423341031053,0.9421095373659467
1885.63362519,0.9931213383622088,0.9772645994150835,0.9836587229981767,0.9851671419497139,0.7573755443249994,0.9856962893632006,0.6616579936649803,0.9535228363979038,0.3269144825258353,0.9998417105415933,1.0,0.9598929056012698,0.9759484114271235,0.9897585444048457,0.9825062320020415,0.9758782663255795,0.9901047202600465,0.9038702253106126,0.9808142322238627,0.8545354858178965,0.9190942873146708,0.7180118391959586,0.9666528542930449,0.9723028543042664,0.8287841965391796,0.8498406787000754,0.9874406785977066,0.7711018188472809,0.912332985354352
1894.41692373,0.9939763520273189,0.9635832808510385,0.979757147549098,0.9837586785134771,0.6749489946617734,0.9905397564979059,0.5732238733067617,0.9486798856150841,0.32867003283565943,1.0,0.9986073454573529,0.9588786154273661,0.9756156053632392,0.9900168895896589,0.9745044439208485,0.9613771016388283,0.9894954433475868,0.8665877421353025,0.9705791245519548,0.7861142471202965,0.8757333323850048,0.6318409065769779,0.9471694282940113,0.9586623657934172,0.7622446764605275,0.7997228825156691,0.9973537754915527,0.7215772741475249,0.8734664815621845
1903.19907409,0.9946113754099093,0.9479474729806966,0.9747629233230154,0.9802067595077515,0.623881206726964,0.995547064888124,0.4892500611568993,0.9430125181943056,0.3310715268805507,0.9999819355483105,0.9997009622943908,0.9595185714570484,0.9748057529169977,0.9897933370666511,0.9665328066175505,0.9459987456222109,0.9881377349259894,0.8335441326953399,0.9584929114031666,0.7346125727119482,0.8390183766082286,0.5720614091216851,0.9323703654919625,0.9445948125105402,0.6818305461193271,0.7455029326033876,1.0,0.6697751237784032,0.8254696446409028
1911.98008732,0.9946841729194827,0.931798817906314,0.9703324390244774,0.9774572457597988,0.6087459977055505,0.9968444130268781,0.4449810254283286,0.9384814160628719,0.3336232027275836,1.0,0.9994299625301684,0.9597491716574157,0.9748473124734667,0.988143407715529,0.959833912115742,0.9378901358727812,0.9866650244395159,0.8121690859340276,0.9485349561728138,0.7290020474612334,0.8288461172136082,0.557498602716482,0.9270328311453426,0.929680595037516,0.6023798028764468,0.6887257536726986,0.9993886126064943,0.6216445149843778,0.7750022698144948
1920.75997429,0.9945171912569885,0.9167121123535369,0.966062904945177,0.9760885350075705,0.6135124533053498,0.9942058517320651,0.45922118478287993,0.9336242213167391,0.3372144548276212,0.9994743425547107,0.9995431263473504,0.9580263706226408,0.974135706878679,0.9871916979786265,0.9583397638258633,0.9383952159529673,0.9851528992259524,0.8026813576471677,0.9436496561612152,0.7582081345989625,0.8409683933227871,0.5751815584988689,0.9317555918979691,0.9167576264876227,0.5566980158433059,0.6282003650931642,0.9973965929576686,0.5825674050796261,0.7321817312145351
1929.54914243,0.9950404900605179,0.9051313741850948,0.9635759782103457,0.9763186848526384,0.6263806783687911,0.9877526558708509,0.5112232223386818,0.929004246084992,0.3412519031078844,0.9991861208787057,0.9994958866520409,0.9574160020853772,0.9743976150897511,0.9859177823082393,0.9593559246966145,0.9424785955743651,0.982757709562537,0.8018050818955228,0.9418770003913568,0.7918952020655721,0.8609853929493075,0.6033064150787255,0.9391190976271815,0.9076417575246432,0.5602977028782148,0.5678056259045129,0.9950999367058047,0.5542954206270589,0.705270065489613
1938.35679058,0.9942123169758347,0.8978516472196804,0.9622119634225959,0.9767449855210303,0.6420807709895602,0.9777405441206256,0.5711517112237672,0.9243156012574162,0.34547062606385337,0.9994641985277359,0.9985577687994333,0.9572249613707372,0.9742599965169806,0.9839636069876312,0.9629959918842195,0.9475120698795969,0.9809103698122164,0.8046758178091359,0.9428445991579553,0.8165321006130882,0.8793651812160218,0.62919809806395,0.9453894805236575,0.9019162572229036,0.5917178376180181,0.5205903937743989,0.9930784209475325,0.5333240960074819,0.6957367623350945
1947.18286652,0.9932851409588151,0.8920910613986986,0.9611148138947004,0.978504967199675,0.6597076198736372,0.9687451411094641,0.6276086875493051,0.9192628367142653,0.3499883007643386,0.999547085185379,0.9983427015848744,0.958049630643957,0.9739535001845231,0.9808636840418435,0.9666896070358075,0.9518540888453103,0.9778073788851702,0.8104104847011792,0.9440197741204387,0.833697855812604,0.8952168397981737,0.6503103651759831,0.9514339216982205,0.8962170929817126,0.627064619994092,0.5030339920142327,0.99300226154791,0.5129504305916742,0.6995314779538334
1956.02731804,0.9931652122533992,0.8874082218998142,0.9601300880845819,0.9811549748661167,0.6797044495935216,0.9715335420703877,0.6796744478660427,0.9140841797396313,0.35573278443998024,0.9994081217189608,0.9983657653282026,0.9592403584661151,0.9728486859654816,0.9790516942093834,0.9716467659095928,0.9563215310902912,0.9767066051608252,0.8161898437269385,0.9453915088031477,0.8470667396935919,0.9077593109083989,0.6691939062769957,0.9569313137743987,0.8915636074549111,0.666460000002886,0.5180210178413523,0.9941458016224693,0.49225265374051286,0.7119043773276703
1964.89009294,0.9924838038729782,0.8854070457104728,0.9612268671868913,0.983255449765339,0.7014647876564861,0.9823642886459119,0.7308533867339935,0.908731678155512,0.3613599757685123,0.9996474675488208,0.9986349628599546,0.9611398494033024,0.9734527562991274,0.9767338100427038,0.9761456143654438,0.9604169602120758,0.9755046697790615,0.8226856783556459,0.945502221114399,0.8592020341697344,0.9181830525294464,0.6888083917269009,0.9623837313997078,0.8889050979148554,0.7064961160048482,0.5512960479193079,0.9946531731438407,0.47711721050884026,0.7279167499608306
1973.77113898,0.9920892299696373,0.8839005448952554,0.9611014713611366,0.9859281907820998,0.7255379439396864,0.9935756399704233,0.7776603074428914,0.9030272982228263,0.3679234312953328,0.9990570380103753,0.9983134330155954,0.9630936068581335,0.9733085175557514,0.9744458060200544,0.9816512847896336,0.9640266933405357,0.9734263483607898,0.8305069474333162,0.9464314937666146,0.872112890701744,0.9270624067639116,0.7108669543738542,0.9659490222449184,0.8894539070418511,0.741790492330763,0.5826771898713997,0.9965294025067414,0.471794624942181,0.7457264843333459
1982.67040395,0.9916878695065687,0.8837173539674023,0.963333395307832,0.9874615620110744,0.7508280578411615,0.9987634731496214,0.8201834349430058,0.8971524712312822,0.3752435757632606,0.9988225782450033,0.9994858133782785,0.9648487819455122,0.9729605524033742,0.9727213344009641,0.9854929254853358,0.9688194830209097,0.9709151313241617,0.8403060945780869,0.9479411039981082,0.8868714559350046,0.9345029606205176,0.7345252756534794,0.9683218348433406,0.888087523912356,0.7755235205402924,0.6169837206775254,0.9979600756810383,0.47451128771420986,0.7643359072844457
1991.57932378,0.9917458004706362,0.8851342778826456,0.9659297278437914,0.9884903901632651,0.777512473999785,1.0,0.8551430399542647,0.8918735235527796,0.38307751277873253,0.9998776584853588,0.999701797918717,0.9672121876258016,0.9725677911384816,0.971196791788503,0.9894233479010291,0.9730813383858584,0.9694887296642907,0.8514193517184996,0.9519597180894642,0.9029329533646266,0.9421111962600145,0.7594175616403541,0.9696078549091305,0.8803566156455677,0.8144612404323378,0.6638261264058025,0.9993993822165198,0.48034176577999943,0.783170490225572
2000.48893957,0.9927414056830054,0.8871299987560689,0.9702428781801428,0.9899079784061011,0.802037293743553,1.0,0.8824627346344948,0.8861090367531078,0.3918020210161053,1.0,0.9994652920548099,0.9697611587797708,0.9727684689540141,0.9723428338669713,0.9928744942965141,0.9763937362948432,0.9699305710404401,0.8632602257969362,0.9571264381894069,0.917937853048061,0.9492052278093451,0.7853123800984322,0.9700936600223741,0.8681446707100114,0.8570214398988275,0.7271421152746657,0.9991485780919866,0.48581459507337543,0.802166613878671
2009.39924527,0.9945226303267515,0.8891926798918686,0.9743485821333375,0.9913686942262032,0.8277369525509516,0.9999271423071238,0.9032862189369324,0.8815874355517924,0.40092325707111504,0.9996663530090668,0.9995551525656362,0.972067511544664,0.9728651851905009,0.9751433925686821,0.9960478739930947,0.981300209446439,0.974072569669901,0.875066229434571,0.9625254190147412,0.9319252184587092,0.9578356816273518,0.8098697137197641,0.9720567042791982,0.8583368798539204,0.8959921913982434,0.7921695539914095,1.0,0.4867752008558759,0.81936803805338
2018.31023493,0.9963467248227251,0.8924254876115588,0.977849116827306,0.9931657401129855,0.8490997890221057,0.9992540480551422,0.9197722436537104,0.8757235646869296,0.4107294826866883,1.0,0.9990181313508313,0.9743230926284498,0.9728480156580538,0.9776748267067327,0.9977006190184466,0.9847023123722072,0.9793697474168848,0.8870340523329378,0.9674244272050349,0.9464670930331615,0.9640603578540116,0.8320332940777295,0.9806081490921527,0.8561482564180836,0.9282499575039872,0.844974018065012,1.0,0.4814103094008436,0.8368426778793978
2027.22190266,0.9967638629323674,0.8955183641089471,0.9812563191499886,0.9947902293573214,0.8710502652615129,0.9991115233098767,0.931969228860331,0.8692847298995838,0.42078078056545737,0.9994200359328239,0.9993953691046735,0.9762829880457071,0.973040394502614,0.9822863768943565,1.0,0.9892059470375305,0.9848021667092796,0.8979206165930337,0.9720020464910245,0.9570095874706497,0.9704823083329588,0.8528574650225924,0.9929805885690298,0.8533542330425257,0.9513328583813696,0.8839421713635618,0.9988653535407686,0.4699134150079119,0.8508981867802006
2036.13424266,0.9987749359087472,0.8993968663858677,0.9835663904263051,0.9961304385464125,0.8889820057854771,0.9995335332877919,0.9407696725445104,0.8645356487787376,0.43130823507420224,0.998837371856207,0.9995982920337886,0.9784294415752213,0.9730601925730874,0.9870097170646203,0.9996602387017213,0.9915654920841819,0.9909344541876282,0.9078698186344333,0.9774376656467666,0.9668080001169447,0.9763765640976633,0.8710999241830825,1.0,0.8489998622645959,0.969061721248445,0.9124579865417699,0.9962494547065851,0.45473952723424715,0.8644356864139465
2045.04724919,0.999380515974271,0.9036598495927225,0.9862159748592098,0.997230024577919,0.9057720362916514,1.0,0.948791704272187,0.8591691988566873,0.4422342940198107,0.9989557731310081,0.9998046248959347,0.9805242102674334,0.97287032380355,0.9909074937770017,1.0,0.994718285626915,0.9953821173349423,0.9183387442563977,0.9823238016199516,0.9740012897674263,0.9812114998462128,0.8869001849937254,1.0,0.8441594714479274,0.980843548384468,0.9331731580124752,0.9937816696069945,0.43968720501381586,0.8768672908496156
2053.96130725,0.999597939550376,0.9090178264841385,0.987786225318291,0.9987607459186064,0.920902270620816,1.0,0.9556767602022662,0.8546737223372214,0.45410157762654463,0.9996037433606932,0.9993516349472295,0.9829540708075477,0.9720840498570467,0.9941698884945854,1.0,0.9965966009910342,0.9986374556390412,0.9278857004311567,0.9866830388064455,0.9799466633484414,0.985531744474118,0.8996984947947169,0.9949516976375528,0.8367374986302086,0.9877409307037772,0.94732893616179,0.9912904494140007,0.42866446398043,0.887621589157333
2062.87694233,0.9999679627080188,0.9142506965273937,0.988693372510601,0.9994144809305879,0.9335527649158774,0.9998718666383214,0.960723090211029,0.8490801969025237,0.46622868921847527,1.0,0.9998828286333761,0.9852959375822892,0.9722973061068151,0.9967913828878255,1.0,0.9976857433084957,1.0,0.9359835563048307,0.990578206952055,0.9850780344344636,0.9875677906849564,0.9105043689959796,0.9802782347639983,0.8316894519221562,0.9912773013440938,0.9560662184114178,0.9906093060270867,0.4235679736169716,0.8985857480860964
2071.79414164,0.9989048856300223,0.9198900599649811,0.991274472271984,0.9995845354765075,0.9457564984335891,1.0,0.9663349696470223,0.8441138784559395,0.4789966994942032,0.9995091050697194,0.9995412166522171,0.9870808792880941,0.9725060804898213,0.9990175303892371,0.9995671743445204,0.9994603402979336,0.9994694890299601,0.9411626441341207,0.9931022150777792,0.9877182795442511,0.9906439700711559,0.9193924636357816,0.9576705423405906,0.8298109417597906,0.9917053866323634,0.9611732645606431,0.9883087985409962,0.42410233863556485,0.9071051014099076
2080.71289251,0.9998309795808276,0.9261477141345905,0.9925460006612493,1.0,0.9569737259185787,1.0,0.969074503785216,0.839624284828506,0.492377877348254,0.9997455862586915,0.9992525532776901,0.9881758267297422,0.9727334053513634,1.0,0.9984955832119318,1.0,1.0,0.9440269444639409,0.9924972892433961,0.9904746191922149,0.9920650639865068,0.927299516532507,0.9464181187435652,0.8269358010496506,0.9889294725480265,0.9657659830939991,0.9878215529561332,0.4271498022519673,0.9165189957081618
2089.63318245,1.0,0.9332079760287229,0.9945698459302454,0.999939240299264,0.9667388086452338,0.9998682846295037,0.9710802399542289,0.8346267898329006,0.5064012085517915,0.9992223945384883,0.9995239773663228,0.9899994741781247,0.9730301885084064,1.0,0.9960432288008709,1.0,1.0,0.9455386643430865,0.9894584841875029,0.9929167965221937,0.994629629150296,0.9335161622648377,0.9518875858828113,0.8168800999896797,0.9855493783795783,0.9663070575643394,0.9873692787656044,0.43145725143664454,0.9247433211467642
2098.55499911,0.999839849557054,0.9404300737170803,0.9949966979893564,1.0,0.975647570140985,1.0,0.969629245816954,0.8300963870351987,0.5207902339388985,0.9996824463211434,1.0,0.991502650079483,0.972022958556328,0.9994896279397432,0.9923605792173443,0.999547125702395,1.0,0.9492789563708995,0.9872606629648765,0.9944365988547471,0.9956640195631208,0.9406349582868446,0.9609254815921949,0.7960399268999374,0.9834877178841673,0.9635345967259327,0.9859299759418697,0.4369535275616173,0.9321599776356604
2107.47833028,0.9993551179578452,0.9464748230916745,0.9957626717829433,0.999590813816379,0.9840662020256044,0.9996340872866306,0.9662718048201611,0.8262633242649754,0.5356168286757887,1.0,0.9994584044017099,0.99446323506527,0.9722549935362467,0.9984801287289914,0.9866524191469265,0.999373319139599,1.0,0.9545476363769795,0.9855732256687445,0.9962166540052579,0.9966450004112978,0.9467555983690008,0.9662873553180241,0.7642467543023233,0.9837942824798976,0.9587612446353785,0.9843634064036672,0.44272478099732737,0.9399030650861316
2116.41133382,0.9999613306056325,0.954474551239234,0.9981339798257094,0.9994448495066405,0.9911362434876648,1.0,0.9617613474142243,0.8221798784819283,0.5504844391775284,0.9996243944625469,0.9999571118863039,0.9965532879555876,0.9726519358095439,0.9991475306696712,0.9789440766555361,0.9987379723058447,0.9981522793848261,0.9583158662845678,0.9845506396511918,0.9980123169572319,0.9982434296759854,0.9534412923727575,0.9606491645373756,0.7195514902906561,0.9870886303357888,0.951230095250722,0.9802197968955929,0.44673099259178606,0.9464340925648608
2125.37093026,0.9992131011050973,0.9616553844639303,0.9992853174288412,0.9996665610580111,0.9965035946437295,1.0,0.9582699192253246,0.819211082135579,0.5652506236443597,0.9989780144568504,0.9999824926762377,0.9988574081046167,0.9731242823070506,0.9988681785305729,0.9702388565284064,0.9994975852662398,0.9891244469752101,0.9639825952079536,0.9852607638603782,1.0,0.9982102491128523,0.9597525681614577,0.9527093298501315,0.6714425656144825,0.9911761485467087,0.9437846454858839,0.9762353277867658,0.45237621525898386,0.9530088240995357
2134.35713173,0.9976790311138278,0.9690090464156915,0.9996198291216518,1.0,1.0,1.0,0.9578596250486208,0.8149704813689935,0.5799417660475675,0.9987256558429841,0.9999215689827823,1.0,0.9731152331275172,1.0,0.9537500596730288,1.0,0.972107236313237,0.9700933858885114,0.9849363906397968,1.0,0.9991811150680997,0.9656799160045356,0.952058523300562,0.632572108414288,0.9956232332894287,0.9373736703621717,0.9713843325805929,0.4643119871994309,0.958962468880967
2143.36995005,0.9965588923476916,0.9771585832988939,0.9994834124772001,0.9998687948516218,1.0,1.0,0.9607161823216022,0.8116052189497525,0.5959335110634864,0.998940456244145,0.9996266547377144,0.9997651046741408,0.9727237939563956,1.0,0.9240179671191001,1.0,0.9502514640433013,0.9790558371504553,0.9896311409286904,0.9996865909353317,0.9992309061900507,0.9728946915328461,0.9633411155856308,0.6022693062515355,0.9989539274722213,0.930038398082829,0.9669629482345046,0.4912827319300935,0.9649564788959588
2152.40939672,0.996055442767095,0.9854283755922407,0.998183745888631,1.0,0.9973194567150796,0.9964480950209471,0.9651417222052897,0.807967817852356,0.6124428786912891,0.9991458360554273,0.9997599936871874,1.0,0.9737422549986916,1.0,0.8837197722235586,0.9995339366481336,0.9287859977734472,0.9876576597429111,0.9944429244242288,0.9973844754321193,1.0,0.978361635332507,0.975165950484054,0.5754470010962826,1.0,0.9229488923022161,0.9619750899473234,0.5389417005728662,0.9700311836580348
2161.47548295,0.9963296846843865,0.9922589890347236,0.9983965109597295,1.0,0.9883657820495265,0.9895787373399638,0.9717903364268533,0.8040797838361694,0.6285912903255185,0.9978905151269719,0.998806755277113,1.0,0.9725770636768145,1.0,0.8498896607133785,0.997102924485656,0.9050812844352574,0.9938566351743808,0.9973162689291092,0.990077636845893,1.0,0.9826256486074455,0.9806126200786409,0.5586371456013831,0.9999529314756889,0.9146633418773759,0.9583440480773842,0.6042749223374008,0.9745721479793296
2170.56821963,0.9979660105296871,0.9968024307576282,0.9985588619022248,1.0,0.9757527844044429,0.9810623449795591,0.9790059421571417,0.8008350157106826,0.643983967212806,0.9986562344298496,0.9982988678460785,1.0,0.9733158397060152,1.0,0.832618309155809,0.992031977828723,0.8747465979643934,0.9983715705121553,0.9996921288779013,0.9769553026847375,1.0,0.9868798700477802,0.9797334791870123,0.5582931237213302,0.9988623766600807,0.9067714830540196,0.9526162747390373,0.6748446120058061,0.9795772462246591
2179.68761735,0.9990228086307674,0.9989478311840158,0.9988085047744611,1.0,0.9564190365111029,0.9700755631093053,0.9853667564919488,0.7971114008479678,0.659832939299965,0.9988029290668762,0.9975262685991552,0.9993148931364855,0.9741212928683008,0.9997235730168671,0.8268507157870018,0.9843695008221474,0.8365677885135169,1.0,1.0,0.95921092974552,0.9992591229088177,0.991604465671936,0.9862038059984564,0.5707513909736603,0.9972666719647001,0.902457101200247,0.9468527996662869,0.7401000887767478,0.9848348000224574
2188.8336864,0.9996359395122681,1.0,0.9981951626589727,0.9982493042408521,0.9357108513851077,0.9583588090030059,0.9894810098271919,0.7941209736280262,0.675132349926372,0.9988562584961499,0.9972645172448484,0.9976499351212788,0.974569465447924,1.0,0.8214717950058567,0.9717656332990439,0.7940791381180743,1.0,1.0,0.9372592245012761,0.9982081717383087,0.9949024044068964,0.9968017673592354,0.6038962460832503,0.994927275296584,0.899555248763699,0.9387787212630008,0.7934608365036472,0.989154488354861
2198.00643675,0.9998488683700055,1.0,0.9978535726401638,0.9920775725700464,0.9172812611496955,0.9424996904880474,0.9942056851931435,0.7918992022353961,0.6914128725170621,0.9995912768244907,0.9980557917442442,0.9979182519603882,0.9752920221848363,0.9979578992050091,0.8107254921213461,0.9587284836583229,0.7567803216496,1.0,1.0,0.9162720074476203,0.9965146138432067,0.9980269550042848,1.0,0.6503339700860881,0.9922686580334869,0.8956903732755619,0.9293243227838167,0.8357959908936269,0.9930435617226521
2207.20587807,1.0,0.9973948539206429,0.9962793681392721,0.9806609771932726,0.9026249339524032,0.9220001698883064,0.9976100234391115,0.7896697858248485,0.7079257003263002,1.0,0.9982606917308507,0.9986997352660577,0.9768589208622834,0.9943144241010082,0.8025213077608845,0.9449731996664571,0.7526265429645823,1.0,1.0,0.904881083667714,0.9940553309323268,1.0,0.9998176873239762,0.6870149604877129,0.989880524903369,0.8908255398797479,0.9176507988502265,0.8674448360424895,0.995445412903464
2216.43201972,0.9994513483545713,0.991947484318106,0.9966316148881895,0.9599293382420415,0.8956976811827494,0.8924872349361873,0.9992508036441794,0.7891269508604092,0.7250515277118809,0.9998918775576379,0.9977368948533583,0.998608629250734,0.977276507576043,0.9878511772850265,0.8387809702881874,0.9372159370935788,0.7937924523676023,0.9978688759489233,1.0,0.9147137045486781,0.988450511278836,1.0,0.9823133211139089,0.7511915747919911,0.9862844952937446,0.8889948615466383,0.9043911995558317,0.8925592852470882,0.9983671274882262
2225.68487077,0.9981419077432526,0.9844287168692317,0.9963444377913195,0.9408124533120941,0.8974649312411744,0.8471955198310411,0.9998191071970408,0.7873306809222517,0.7404043298221791,1.0,0.9979179383990043,0.9985814057291402,0.9780683678719772,0.9756345984183852,0.9079858212363584,0.9367717624576536,0.8471167232207891,0.9890953174988742,0.9945542343576199,0.9335515198519136,0.9813137282407687,1.0,0.9500081305407955,0.8449988077117797,0.9853984290040319,0.8970695029882504,0.8926405877252664,0.9165241756027113,0.9994610261501549
2234.96443997,0.995014583400619,0.97362875980598,0.9967976836485224,0.9302323518593144,0.9028643455398462,0.7812289398732076,1.0,0.7873003447071335,0.7555473586523314,0.9997405181743769,0.9983051893158778,0.9976543895187356,0.9790033747594131,0.9564476172841478,0.9525570170369683,0.9449795211119085,0.8717758633804318,0.9740719024589982,0.9842303707401685,0.9518842572901229,0.9768948570498811,1.0,0.9275432463067385,0.9164191066868856,0.985218633154781,0.9127102007447081,0.8824829873015005,0.9402856928264204,1.0
2244.27015399,0.9914325202560833,0.961118388770773,0.9976332279832012,0.937218427316385,0.907590455026388,0.703729247554518,0.9998082697415022,0.7869344300995756,0.7715656137393228,0.9992796132415648,0.9977061745049969,0.9978640844217568,0.9789704345871961,0.9387080140562006,0.9764388882217525,0.9541180702005838,0.8663092407522619,0.9602545739085795,0.9714144677119898,0.9689619240527554,0.9761637424849949,1.0,0.915331359518862,0.958488173670661,0.9844039368852198,0.9259263227676853,0.8709160738906238,0.963959662281632,1.0
2253.60010501,0.9861474930468156,0.9481069941536238,0.9981403523544353,0.9515306442181861,0.9144031960985148,0.6481243618382149,1.0,0.7874806443503366,0.7868648623643894,0.9998416029856613,0.9981028866933594,0.9978183841498508,0.9800352420576897,0.92861506250483,0.9908618248972352,0.9647209595943234,0.8502578927584004,0.9509824437740562,0.9618078997834241,0.9837581864676419,0.9710718162779712,1.0,0.8783070234317437,0.9832035613082486,0.9811289443863277,0.9343111513038801,0.8532204098062615,0.984341992442308,1.0
2262.95428072,0.9799404196934524,0.9371674819175635,0.9985517719387491,0.9594323221527312,0.9222217881749388,0.6325117748586229,1.0,0.7887630203291075,0.8012272349273625,0.9998289933342287,0.998254899861151,0.9976567195091807,0.9806132503912894,0.9257529697663178,0.9986300475151101,0.9754811749579262,0.8454413806014524,0.9397376259623086,0.9527918614588218,0.9949408327621726,0.9565463872834077,0.9944967236029207,0.8057437743794549,0.9953574174361784,0.9783664770483145,0.9382974327068565,0.8338571358550216,0.9959889019670121,1.0
2272.33266852,0.9724784184556183,0.931723114466657,0.9992880040864582,0.956424938170687,0.9318925793887283,0.6331376659699552,0.9999160021138769,0.7899182361530142,0.8138823391726331,0.9999817640516886,0.998844040272169,0.9987622820309778,0.9810871794109025,0.9218521929003127,1.0,0.987268871591796,0.8545504264882438,0.9255218724409559,0.9398950992244158,0.9989910708254888,0.933011574356085,0.9747014061046051,0.7008587333891962,1.0,0.9782347732472098,0.9455460823087156,0.8311334497902148,1.0,1.0
2281.73525558,0.9634066390324878,0.9249847234333746,0.9996324965940399,0.9470471371446835,0.9424923811218447,0.6176103491188649,1.0,0.7922883457837925,0.8248189273153939,0.9989934595422917,0.9986818173368487,0.9987184105370208,0.9828717202389424,0.911316741274405,0.9981267268555907,0.9963858963407207,0.8606678963787414,0.9129960219625373,0.9283791147311954,1.0,0.9165890915249228,0.9365103348378956,0.5778508022675094,1.0,0.9814093049355053,0.9604830811529956,0.851423338239133,1.0,1.0
2291.16202877,0.9560629512910672,0.9213835126599065,0.9994058417293228,0.9457893036310798,0.9533536194183426,0.5787735776008962,0.9996256922559861,0.7955263846565336,0.8349202488651227,1.0,0.998893505069759,0.9983566507327277,0.9838251258383395,0.8923986986816286,0.9933059490442914,1.0,0.8488842118045673,0.8971803960356132,0.9158471578915314,1.0,0.9225343229593589,0.8927560484475652,0.48028511643404315,0.9945080618747948,0.9862864246240439,0.9767343969526391,0.8854932368044907,0.9972746123902946,1.0
2300.61297471,0.9489317965576921,0.921009988776556,1.0,0.9497026018569169,0.9644987943236022,0.521666373300662,0.9987744153112658,0.7986045661141812,0.8448795937939403,0.9994113141375132,0.999531097292784,0.9983386474607154,0.984770807069134,0.8771390335064634,0.9875660561798839,1.0,0.8269634206849388,0.8806338347508091,0.8998594306631879,1.0,0.9478225692661107,0.8636561150420994,0.42392295786412365,0.9701987267414767,0.9921206087715203,0.989105058218122,0.9165879215969751,0.9975800565254052,1.0
2310.08279923,0.9423991925940701,0.9248726567240224,1.0,0.9471723552353913,0.9756791418698647,0.4568670304984982,0.9988050649940274,0.801954781898546,0.8528547979274675,0.9985861014849935,0.999016964796735,0.9985080051365129,0.985342766655416,0.8664836009400667,0.9807585027121223,0.9965045098809663,0.8076171220405682,0.8635093627371755,0.8801034299294914,1.0,0.9732856295455435,0.8389278567666777,0.40893688283845026,0.9274475334941895,0.9962279603748121,0.9974112528361645,0.9420312805523312,1.0,0.9976263776730067
2319.55711841,0.9347419006447215,0.9380560921575253,0.9986988824623392,0.9074588091402069,0.9860816210732903,0.40165778631381516,0.9987990365296848,0.806077345171234,0.864014901069562,0.9970655069482653,0.9991017292693047,1.0,0.9864131629841455,0.8567385384003313,0.9741282911443851,0.9881311979618423,0.7932526947440027,0.8594855414114927,0.8604195816509574,0.9994344333394383,0.9906605511666821,0.8434400347577046,0.4692991358809633,0.8914174830597639,1.0,1.0,0.9681605758552708,1.0,0.9920634226493601
2329.03590187,0.9275357379276583,0.9564430569678115,0.997727455017356,0.8352257713982303,0.9937419611466458,0.3676461196330814,1.0,0.8106766311592255,0.8793401323397387,0.9963477038331497,1.0,0.9995618444345536,0.9850725357163523,0.8528254918523862,0.9750745003605329,0.978741718692159,0.7779416032969748,0.8756206278533757,0.8524572319147505,1.0,0.9980988493797649,0.8931799267373376,0.6041600838861627,0.9000391405692698,1.0,1.0,0.9877388465918924,0.9960337372675823,0.9834830838631043
2338.51911953,0.9246409965764387,0.9768456136050658,0.9978387209887327,0.7695715441830514,0.9979734607613344,0.3662490234990053,0.9998321266635665,0.8169986883937785,0.8942230179808783,0.9952032258411069,1.0,0.999474420320487,0.986102370226366,0.8598167120836114,0.9773109639192437,0.969950566768993,0.7646031542411791,0.9108801450192127,0.8671468235795026,0.9997884780857766,1.0,0.9471004067935198,0.730451694285213,0.941945726640223,1.0,1.0,0.9972726812845429,0.9840634702454545,0.9695223766954639
2348.0067416,0.9337239384537536,0.9926772580067069,0.9992629632325881,0.7315187507255835,0.9999904384209709,0.4069984921997877,1.0,0.8234225229261769,0.9080183873250073,0.9955866243148876,0.9994844499182581,0.9985208735975966,0.9856770812203929,0.8761888945722547,0.9751618385517319,0.9653054642848639,0.7628986065186856,0.9546742021388249,0.9006084505158833,0.9985685946739022,0.9996947940578319,0.9796081743938335,0.7799860499518579,0.9814949690537362,1.0,1.0,1.0,0.9653501627255626,0.9531286788519696
2357.49873856,0.9540575862628266,1.0,1.0,0.7174746054353958,1.0,0.4905245928095898,1.0,0.831007933054563,0.9189116304494546,0.9944838678225303,0.998764254758389,0.9975323349238553,0.986905740510533,0.8990123077570176,0.9674328359931005,0.9650776751823863,0.7758272431839442,0.9855922089008101,0.9353727926204173,0.9955799838781217,0.9980580375129819,0.9896950515017527,0.7688783423969223,1.0,1.0,1.0,1.0,0.940011161684277,0.9359456175904914
2366.9950812,0.9736367053591788,1.0,1.0,0.7363458814146769,1.0,0.5999936828944551,1.0,0.8382280667201206,0.9292669820299652,0.9943039729824473,0.9997957261680938,0.9996779550968039,0.9881574175286003,0.921580782997865,0.9660004132790119,0.9708403116061001,0.7978221810794022,0.9954079803111768,0.9547046140771164,0.9948995053871528,0.9931953338319472,0.9852438056261527,0.7227654587932958,1.0,0.9980515555297139,0.9948535924904003,0.9988119701609897,0.9082920893661808,0.9187960860610425
2376.49574055,0.9872182390375055,1.0,0.9984793165766256,0.7709141553896011,1.0,0.7071424234998797,1.0,0.8450301885935341,0.9364842531055253,0.9938202806490241,0.9993035543783843,0.9990894146750925,0.9880965487801979,0.9413902324823524,0.9621934125994365,0.9768760970006483,0.8206803691450166,0.9952153091582189,0.9600438433938441,0.9955927455407123,0.9887885386284448,0.9660121181148174,0.6587659825445584,0.9727564923648719,0.9948059600820874,0.9815417217419425,0.9906060134738836,0.8685721768348785,0.9038284946970756
2386.00068793,0.9948780581793759,1.0,0.9986167721124073,0.7973213263254504,1.0,0.7959869603803109,1.0,0.8539164154900225,0.9426854080083813,0.994895213997984,0.9986793758682982,0.9989633601590614,0.9904447859833844,0.9556409939936492,0.9620539385082545,0.9813311069461687,0.8330754201382754,0.9943603012153184,0.9626895062868842,0.9940633986630529,0.9830689786080058,0.9500844006136968,0.6279710239053885,0.9214272596855557,0.9879391419499483,0.9608512382403348,0.9757485259450791,0.8256053092577706,0.8904556472084995
2395.50989495,0.9987841965439445,1.0,0.996977147429323,0.8272928187690577,1.0,0.8641449764201347,1.0,0.8610165319795385,0.950121628950252,0.995018170718798,0.9997808341909727,0.9986850803108609,0.9912958057729591,0.9668370421539835,0.9755816218324863,0.9863454775922929,0.8409316561297647,0.996454628550604,0.9666207333061076,0.9917713781886851,0.9755565216777353,0.9546290217134292,0.6569849446478108,0.8767985175705697,0.9752907198846457,0.931031298584264,0.9570390130464604,0.7921505936842611,0.882889821361779
2405.02333345,1.0,0.9971268173127488,0.9979712978503031,0.8694696841486345,0.9978215192163494,0.9143404996840948,0.9966388667648549,0.8710195021874433,0.959183854741322,0.9942872251588708,1.0,0.9986243488262799,0.9929836794001334,0.9818164751079262,0.9921598350278891,0.9878776241984651,0.8456953674912675,0.9993788472149471,0.9713924055729963,0.9901679901893867,0.9737837621240717,0.9734971549269601,0.7237365088206476,0.8572806110664193,0.9603664632807862,0.8999005401265389,0.9395357609541631,0.7958800344813018,0.8795452600708759
2414.54097557,1.0,0.9938306854147632,0.9989706410197917,0.908720777024015,0.9960392250964556,0.9507539463009976,0.9869138454866275,0.8806327422056044,0.9656340861235104,0.9957918101964857,1.0,0.9989486846618053,0.9940378086608109,0.9956792415787317,0.9991000094330408,0.9881650565741342,0.8512076025164291,0.9996447960063414,0.9726258183717823,0.9882261426349566,0.9755998830235976,0.9884117704439306,0.7934617876130242,0.8416471208153732,0.9408085157451863,0.875707324375196,0.9350557719587116,0.8359230040426147,0.8815126672413672
2424.0627937,1.0,0.9882038164510477,0.9982303289057545,0.9450839674433722,0.9895512514642038,0.9766403857973367,0.9705185470783478,0.8912831877670183,0.9722130500546362,0.9974961685590064,0.9995075843418361,0.9974580755887352,0.9946647536360941,0.9996812104799837,1.0,0.9856525823017582,0.8567835236627573,0.9969144164623455,0.9745671064824942,0.9830821291522699,0.9817404357201374,0.9899190918480022,0.8323533027502076,0.825178504073874,0.9247500859201672,0.8640339303925942,0.9431962883653935,0.887422016532432,0.8877605914227212
2433.58876046,0.999947847541553,0.9816637563342416,0.998727441464442,0.9747484971426773,0.9843109902008994,0.992479486419579,0.9509091864503992,0.901373837469221,0.9744034746762489,1.0,0.9992393762340311,0.9963084393011761,0.9944764136994011,1.0,0.9965940913287504,0.9817945307832827,0.8633997992799329,0.9959753887899467,0.9757340228102137,0.980948826256063,0.986381870093861,0.9849209182214628,0.8406071556931669,0.8264733702726543,0.9078472852125551,0.863712938522958,0.951862817947057,0.9270183418933069,0.8986211349447101
2443.11884877,1.0,0.972623745362047,0.9965724343628091,0.9962259271378578,0.9774209205583732,0.998856667032815,0.9299850123717416,0.9155568381809714,0.9794187525415119,0.9993498345007197,0.9978314744845532,0.9969585575943751,0.9955454539253311,0.9972996602732649,0.9898508832624926,0.9810713287401915,0.8740367605806891,0.9961871551941652,0.9798278514419285,0.9781798174243505,0.9907274164991217,0.9837541918944075,0.838480187095064,0.8589744637984175,0.8973317321777217,0.8707007156215562,0.9562957113120455,0.9512584486130564,0.9108536055621962
2452.65303176,0.9993848059285135,0.9685520521032586,0.9967558032161038,1.0,0.9737030827527571,1.0,0.9159072620878725,0.9277770690471298,0.9827002937449122,0.9981405207789109,1.0,0.9961716704354163,0.9971814794352455,0.9942785589769347,0.9870207319720761,0.9802269814164288,0.8934963368959372,1.0,0.9923190953913619,0.9775701064919525,0.994781525104009,0.9801161820524998,0.8392476300544819,0.8923994948005657,0.8898199615734177,0.8825910767660835,0.9544060365953299,0.9681316233339442,0.9260072505956318
2462.19128285,1.0,0.9661160692843587,0.9978548373491155,0.9963241905376424,0.9715290465714504,1.0,0.9010009578719063,0.9405768804666677,0.9870314619583033,0.9982796928169905,0.998226217593473,0.9966545877078079,0.9974438934747126,0.9887187788422492,0.9906031399541521,0.9855069497335,0.9122066653624433,1.0,1.0,0.9794622767715627,0.9985707489464293,0.9793520749112772,0.8470429066498383,0.9123386240432979,0.8939592836546877,0.8946561093814084,0.9530207816723926,0.9806664944475597,0.9407421417328359
2471.73357568,0.9944052277613553,0.9682122788726338,1.0,0.9930964480316942,0.973679850766926,1.0,0.899980288879376,0.951462912078108,0.989215038431898,0.9990468225426044,0.9994796493045645,0.9946949754306283,0.9991609291296267,0.9900665993757114,0.9931786009812167,0.9894527971407128,0.9333709954625742,0.9978541612916074,0.9987562451188775,0.9847163681942864,1.0,0.9814121423043172,0.8728494049232242,0.9361868640816519,0.9024869643371201,0.9090757202814567,0.9657903565136368,0.9875462650236557,0.9564488122942719
2481.27988414,0.9942424899406627,0.9768115415702692,0.9991601423431825,0.9885134306206825,0.9770660099901958,0.9993787813946432,0.9176928371253762,0.9661572118957988,0.995592122536484,0.9996446189589373,0.9968709627769301,0.9989660151299667,0.9952304191747656,0.9917277759343556,0.9942460187132097,0.9908676125581287,0.958152575897467,0.9974866046382035,1.0,0.9880261044279929,0.9993488736636635,0.9846200142326171,0.9114272312244075,0.982389463373409,0.9250681245775793,0.9282176965472183,0.9821788178531051,0.9929833149150455,0.9681921383020632
2490.83018234,0.9962811946491169,0.9852519955475322,1.0,0.998507966530782,0.9876807139623884,0.9965599785516822,0.9488714016320796,0.9817118880809024,0.9968787026217636,0.9966016600983054,1.0,0.9992333986896491,1.0,0.9937696956996567,0.994439226594982,0.9955175709837217,0.9760821158081098,0.996087737645737,0.9980764167113404,0.9914862235279929,0.9991619517420075,0.991912349418533,0.9565804809161268,1.0,0.9555967542578413,0.9586146360922577,1.0,0.9973548383332207,0.9849486131392147
2500.38444467,1.0,1.0,1.0,1.0,1.0,1.0,1.0,1.0,1.0,1.0,1.0,1.0,1.0,1.0,1.0,1.0,1.0,1.0,1.0,1.0,1.0,1.0,1.0,1.0,1.0,1.0,1.0,1.0,1.0
