,CAGR01 Calcite,F1CC06B Magnesite,HS433 Halite,LAZE03 Prehnite,bkr1jb329c Siliceous-sinter,GDS26 Epidote,GDS1 Analcime,NBPP22 Clinopyroxene,LAPP47B Orthopyroxene,LAPO05 Fayalite,LASC02 Forsterite,GDS27 Hematite,NCLS04 Plagioclase,LACL14 Chlorite,LAKA04 Kaolinite,LAIL02 Illite,GDS106 Margarite,c1cy29 Vermiculite,LALZ01 Serpentine,LAMO02 Montmorillonite,NCJB26 Nontronite,LASA58 Saponite,GDS23 Talc,F1CC08B Alunite,GDS145 Bassanite,LASF41A Gypsum,LASF21A Jarosite,F1CC15 Kieserite,799F366 Mg-sulphate
Category,carbonates,carbonates,hydrated silicates & halides,hydrated silicates & halides,hydrated silicates & halides,hydrated silicates & halides,hydrated silicates & halides,iron oxides & primary silicates,iron oxides & primary silicates,iron oxides & primary silicates,iron oxides & primary silicates,iron oxides & primary silicates,iron oxides & primary silicates,phyllosilicates,phyllosilicates,phyllosilicates,phyllosilicates,phyllosilicates,phyllosilicates,phyllosilicates,phyllosilicates,phyllosilicates,phyllosilicates,sulfates,sulfates,sulfates,sulfates,sulfates,sulfates
Sample ID,CAGR01,F1CC06B,HS433,LAZE03,bkr1jb329c,GDS26,GDS1,NBPP22,LAPP47B,LAPO05,LASC02,GDS27,NCLS04,LACL14,LAKA04,LAIL02,GDS106,CY-PLH-029,LALZ01,LAMO02,NCJB26,LASA58,GDS23,F1CC08B,GDS145,LASF41A,LASF21A,F1CC15,799F366
Species,calcite,magnesite,halite,prehnite,siliceous-sinter,epidote,analcime,clinopyroxene,orthopyroxene,fayalite,forsterite,hematite,plagioclase,chlorite,kaolinite,illite,margarite,vermiculite,serpentine,montmorillonite,nontronite,saponite,talc,alunite,bassanite,gypsum,jarosite,kieserite,mg-sulphate
Subgroup,calcites,calcites,chlorides,prehnites,hydrated-silicas,epidotes,zeolites,pyroxenes,pyroxenes,olivines,olivines,hematites,feldspars,chlorites,kaolinites,micas,micas,micas,serpentines,smectites,smectites,smectites,talcs,hydrous_sulphates,hydrous_sulphates,hydrous_sulphates,hydrous_sulphates,hydrous_sulphates,hydrous_sulphates
Group,carbonates,carbonates,halides,inosilicates,mineraloids,sorosilicates,tectosilicates,inosilicates,inosilicates,nesosilicates,nesosilicates,oxides,tectosilicates,phyllosilicates,phyllosilicates,phyllosilicates,phyllosilicates,phyllosilicates,phyllosilicates,phyllosilicates,phyllosilicates,phyllosilicates,phyllosilicates,sulphates,sulphates,sulphates,sulphates,sulphates,sulphates
Library,MICA_new_dirtree,MICA_new_dirtree,MICA_new_dirtree,MICA_new_dirtree,MICA_new_dirtree,MICA_new_dirtree,MICA_new_dirtree,MICA_new_dirtree,MICA_new_dirtree,MICA_new_dirtree,MICA_new_dirtree,MICA_new_dirtree,MICA_new_dirtree,MICA_new_dirtree,MICA_new_dirtree,MICA_new_dirtree,MICA_new_dirtree,MICA_new_dirtree,MICA_new_dirtree,MICA_new_dirtree,MICA_new_dirtree,MICA_new_dirtree,MICA_new_dirtree,MICA_new_dirtree,MICA_new_dirtree,MICA_new_dirtree,MICA_new_dirtree,MICA_new_dirtree,MICA_new_dirtree
Sample Description,,,,,,,,,,,,,,,,,,"LLANO,TX",,,,,,,,,,,
Date Added,,,,,,,,,,,,,,,,,,19-Jul-90,,,,,,,,,,,
Viewing Geometry,,,,,,,,,,,,,,,,,,"i=30, e=0",,,,,,,,,,,
Other Information,,,,,,,,,,,,,,,,,,,,,,,,,,,,,
Composition,,,,,,,,,,,,,,,,,,,,,,,,,,,,,
Resolution,,,,,,,,,,,,,,,,,,,,,,,,,,,,,
Grain Size,,,,,,,,,,,,,,,,,,0 - 500 µm,,,,,,,,,,,
Locality,,,,,,,,,,,,,,,,,,,,,,,,,,,,,
Database of Origin,MICA Files (USGS/RELAB),MICA Files (USGS/RELAB),MICA Files (USGS/RELAB),MICA Files (USGS/RELAB),MICA Files (USGS/RELAB),MICA Files (USGS/RELAB),MICA Files (USGS/RELAB),MICA Files (USGS/RELAB),MICA Files (USGS/RELAB),MICA Files (USGS/RELAB),MICA Files (USGS/RELAB),MICA Files (USGS/RELAB),MICA Files (USGS/RELAB),MICA Files (USGS/RELAB),MICA Files (USGS/RELAB),MICA Files (USGS/RELAB),MICA Files (USGS/RELAB),RELAB,MICA Files (USGS/RELAB),MICA Files (USGS/RELAB),MICA Files (USGS/RELAB),MICA Files (USGS/RELAB),MICA Files (USGS/RELAB),MICA Files (USGS/RELAB),MICA Files (USGS/RELAB),MICA Files (USGS/RELAB),MICA Files (USGS/RELAB),MICA Files (USGS/RELAB),MICA Files (USGS/RELAB)
Reflectance,---,---,---,---,---,---,---,---,---,---,---,---,---,---,---,---,---,---,---,---,---,---,---,---,---,---,---,---,---
900.0,0.8844807380607128,0.9018819448943669,0.9012613839255933,0.7346022693697538,0.569610325810402,0.257469902368753,0.9076804685995193,0.21675874021408578,0.12248140503065717,0.22345767035500794,0.3322283602048165,0.24485977250433424,0.3298072479282648,0.2760241239395131,0.9328826645482173,0.4386132417194677,0.409628253019014,0.7418473845693566,0.4012030091197468,0.5793844380522872,0.38413661959508566,0.911975636942729,0.5599375429353904,0.8696530253303295,0.9228991322704786,0.9439715505859902,0.41013929057236337,0.8543866335469245,0.9494609439697022
903.28574336,0.8841831774273909,0.9017745662110811,0.9009661772148798,0.7345089265869,0.5696404094160471,0.25653601390611974,0.9078508236698434,0.21392325262641415,0.12165450142144199,0.22237183994292525,0.32948103739973944,0.24670777798687057,0.3297284559839554,0.276401466248114,0.9330383797095874,0.4386480437618787,0.40945463127345894,0.7421049959984172,0.4015350283944461,0.5796186140464082,0.38357302214377453,0.911248933927012,0.5610301263012205,0.8695867264769582,0.9223077657592069,0.9436583878375923,0.40914188840310567,0.8544059055314627,0.9493188087089107
906.618278421,0.8840236191751423,0.9014170217623502,0.9005816721793551,0.7344984429129854,0.5696437286577535,0.2556779468902477,0.9073656753183224,0.2110014816820054,0.12125502195348144,0.22137446956959433,0.32669600030359974,0.24883615109877955,0.3296038345357689,0.27693646120424853,0.9331229131929367,0.4387898858650629,0.40919198491460684,0.742576348732019,0.4017711875810688,0.5795462777515269,0.383111731104254,0.9102780008324657,0.5619581204653001,0.8695634674584097,0.9217318006123361,0.943357745800793,0.40848415452614023,0.8544935512793237,0.9489404810383828
909.999291084,0.884045486646168,0.9009273635522823,0.9001910658986607,0.734645057817319,0.5696283071326892,0.2548584400537219,0.9062640751288952,0.2079483935864182,0.12126763300568534,0.2204512368897922,0.32372867775909997,0.251219768592283,0.32944239034000794,0.2775821479640476,0.9331862345313067,0.43905140383847635,0.4089292626362323,0.7432630507279105,0.4020338358580064,0.5794063038817651,0.38269557040309976,0.9096385004115066,0.5626866984482884,0.8696392155300777,0.9211601317625278,0.9430433607714326,0.408127642899277,0.8545725562644146,0.9483922821039119
913.430570243,0.8840276514218011,0.9008397318424015,0.8999622337625123,0.7348533356546448,0.5696143728097987,0.25391268451268995,0.9049740751387345,0.20474900424851442,0.12136864385385411,0.2194710391211608,0.3203365497763415,0.2537501207906972,0.3293276973622637,0.27829142494310954,0.9331293970335659,0.43920064453753227,0.40884390605302096,0.7437978980048413,0.4024926886680043,0.57947967801124,0.3822912817219411,0.9098514029732948,0.5632958215877971,0.8699543502281185,0.920518092053415,0.9427474438172412,0.40816856248566186,0.8546456086558066,0.9481045398419676
916.914016797,0.8840096261164075,0.9007418037995701,0.9000593571467043,0.7349758729468524,0.5696356668214874,0.25270356782569475,0.9037161226037426,0.20133489152397208,0.1217941366187701,0.21839072654394392,0.31665071894751107,0.2564041944193717,0.3292534153348266,0.27898508486734297,0.9329583455499307,0.4391919857389748,0.4091030699509218,0.7442688249220725,0.4029807590488773,0.5796230667034251,0.38208315108240626,0.9097494579977988,0.5638004868165349,0.8706162229184299,0.9197609766591885,0.9426432781072944,0.40834143130022,0.8546872241774897,0.9478383488409756
920.451653694,0.884227580983447,0.9004854575001993,0.9004483497573967,0.7350498924202618,0.5695737376172895,0.2512811759411284,0.9024468143629357,0.19780539272227537,0.1225819298959715,0.21725659255824095,0.31290504741524805,0.25931687878349774,0.3291400998838619,0.27965709099660524,0.9330171398164178,0.43919963849993077,0.4096310273054356,0.7446281429850456,0.40342355016301457,0.5798536748366796,0.38204842952331525,0.9089767540340664,0.5642417079876442,0.8713616950453015,0.9190299514678889,0.9425268753920467,0.40866357886637455,0.8546648102364081,0.9474721009749423
924.045637162,0.8847100581185118,0.9003057502439749,0.9009538914633478,0.7352228668570006,0.5692317320462855,0.24983158903588018,0.9009484420941459,0.19429504146011362,0.12355880336318917,0.21615901240063368,0.3091558201509091,0.2627757433876852,0.3288935586754022,0.28046730549449156,0.9334353653875908,0.43936737169206413,0.4101713178506901,0.7446843183727292,0.4037782524339259,0.5803675562764521,0.3820239287900157,0.9081203700499192,0.5646906530688761,0.8718127997918501,0.9186311776360003,0.9420879487823038,0.4093358537264635,0.8545931850307147,0.9470669623343654
927.698269301,0.8848141582127564,0.9002282930407641,0.9014579088195633,0.7354474294268013,0.5686313830697143,0.2484756358808741,0.8990465115671212,0.19066224838857698,0.12478207985189443,0.21514678520833933,0.3050415257241208,0.26704099620991983,0.3285254117083704,0.2817043898739828,0.9332908237090171,0.4394545558329013,0.4105829392671541,0.7444987986580955,0.40383894607215787,0.5811936511249586,0.38208240545694744,0.9073613942073456,0.5651340465018733,0.8721386961404319,0.9187432278538042,0.9416753914571926,0.4101778135269912,0.8545650993939427,0.9465106438053726
931.412012249,0.8847475523859425,0.9001164673900829,0.9017340486788376,0.7354667565589379,0.5680805232707072,0.24725132019800464,0.8968326489871312,0.18706003591905687,0.1262181132493555,0.21421614431548297,0.30058731556247015,0.2717929776474546,0.3281907005469518,0.2830384569633994,0.9328840069828528,0.43964184572381554,0.4109398993834657,0.7441976451158817,0.40421240624831983,0.5822646150916142,0.38230521147295454,0.9065307603017096,0.5652680845781541,0.8725230754062211,0.9187795546820412,0.9415357818326545,0.41104945691664074,0.8544450182683263,0.9458208279767131
935.189504163,0.8847888862935293,0.9000422678819431,0.9015530206485013,0.735295989584713,0.5675830825723265,0.24615351763121088,0.8944832959518887,0.18361243429787208,0.1280172889707627,0.213322215210639,0.2959676152264971,0.27657912319420874,0.327903177003948,0.28419702577408623,0.9326667083807217,0.44000914189617923,0.4113554310942392,0.7435516699824701,0.40518372516581974,0.5829920581766853,0.3826052372609898,0.9055489065778726,0.5646492959346391,0.8729439091301617,0.9180242333543324,0.9416391960307925,0.4121693344417125,0.8540788954675357,0.9449848137219135
939.033577299,0.8847383091874612,0.9001905185506812,0.9008672409437145,0.7352910400353183,0.5667910649863986,0.24510713160463202,0.8921393195579912,0.18018428900527858,0.13047958987035177,0.21241951886189814,0.2912164865641245,0.2812663293436968,0.32747532558765496,0.2853757965292553,0.9323771523562859,0.4402823223582965,0.4117970245050676,0.7421281871521163,0.4061167762017378,0.5827776642255418,0.38282722401046265,0.904048999820261,0.5627234661932153,0.8731308633723525,0.9164006318421726,0.9416496205486562,0.4138018406509849,0.8534487116216471,0.9439492921432143
942.947278561,0.8847554524697534,0.9001593291168843,0.8999368144201977,0.735380278232628,0.5660255647015922,0.2439241269857805,0.8899619247570271,0.17675151263362668,0.1333709935728174,0.21151645802648683,0.28637341500680485,0.2859958803232778,0.32693400289190705,0.2865409746519198,0.9320902261377347,0.4405830219749808,0.4121009618359095,0.74041327830174,0.4068349820381251,0.5827169527413529,0.38316463555273556,0.9006350171820753,0.5590467955915787,0.8728221899388799,0.9145726637405376,0.9410810370256993,0.4153610187448115,0.8525162823908614,0.9429637659000394
946.933892918,0.8847729079071608,0.9001069162270494,0.8992771515888348,0.7354660335610647,0.5656362965892152,0.24267948256346886,0.887742483738678,0.1733078782817722,0.13667078840295976,0.2105468781074856,0.2815078223427652,0.2910740633752646,0.3262910850651571,0.287604777033431,0.9317070480216008,0.4409009336424533,0.41236828985258844,0.7395092325655914,0.40756823250404967,0.5830950819317626,0.38373121877987393,0.8970825244771697,0.5556184247076792,0.8724345117946495,0.9129685970128874,0.9402288898667261,0.41689851323090865,0.8513845719419585,0.9420090056540597
950.996970209,0.8847219379146,0.9002112879054832,0.8995116899767617,0.735571832267628,0.5654987437919412,0.24161024243369747,0.8849526884467793,0.16995439717184246,0.1404747066950762,0.20950710037858658,0.2766023452043073,0.29691838807629156,0.32564142103953664,0.2886607880139265,0.9308828002554915,0.44112288586918347,0.4128505496501414,0.7401680286428127,0.40855967898212076,0.5834670664586985,0.3843884009677131,0.8961890627761449,0.5559014214579934,0.8722755208889643,0.9117742099348339,0.9395123239340455,0.41857462429033426,0.8501872719890277,0.9406873330711685
955.140355948,0.8846968768284393,0.9002859044216724,0.90056135118671,0.735717451991586,0.5652262965193722,0.24069744406857274,0.880891510873497,0.16679780037546124,0.1448437596683898,0.20851150057374476,0.27155254660058853,0.3037740288439992,0.32506040180953116,0.2899037651234529,0.9298799200076697,0.44128954355720906,0.4134458806965432,0.7418574310367869,0.4098385623251582,0.5835791601455701,0.38502613878013625,0.8973754739969547,0.5604219746012334,0.8721176754365573,0.9109488195027993,0.9386474301775349,0.42039554872144447,0.8490010427879967,0.938628550348332
959.368226885,0.8847505003228524,0.900269696958627,0.9013675173914024,0.7358405596134391,0.5647744186356001,0.23958075622000424,0.8750165896808492,0.1637816052473503,0.14992831547979715,0.2076248248328309,0.2663379452164147,0.3114344800650658,0.3244263537814724,0.2913233064289323,0.9295647102457507,0.4416085746682819,0.4136755204636087,0.7432592073371825,0.41128973342485764,0.5836122767558053,0.3857997377369442,0.897287023748027,0.565086676452617,0.8716773038474691,0.9101094203512522,0.9372396326309235,0.42260679800372497,0.8478145749403533,0.9359862253246157
963.685132242,0.8848643528515633,0.9002969659882499,0.9017175492971392,0.7359469955527222,0.5643745217650012,0.23825105526147625,0.8677137521616166,0.16093894635534095,0.15585555907793816,0.2067863808063297,0.26104864553363843,0.31952546071185217,0.32375806902656146,0.2926912516136756,0.9295029935313579,0.44216224234462426,0.4137715031134487,0.7443456255887408,0.41283856389030005,0.5837674542927822,0.38669996325378714,0.8968345248414527,0.5682294889123676,0.8707925246052644,0.9089607653928728,0.9360181932106925,0.4250849922232837,0.8464760639563422,0.9332381368019083
968.096041789,0.8847669188928937,0.900393891240696,0.9019498111741246,0.7359454592972963,0.5641474695835756,0.23690877809778846,0.8608209668727064,0.15824401772503366,0.1626636264940628,0.2059560151160021,0.25565195205547814,0.32767965746107564,0.32296316890679844,0.2938401133067935,0.9303395259076558,0.44287530261906716,0.4143548374927531,0.7452893403454587,0.4144382928254698,0.5839012524030397,0.3877350554895625,0.8973541792499826,0.5700389122178029,0.8695229908775727,0.9074647276900588,0.9346513974416836,0.4279328044054668,0.8451325680777896,0.9305781118800373
972.606402173,0.8848233518587124,0.9004421438611507,0.9020059243775702,0.7359332806134523,0.5641088375892851,0.23557282973243956,0.8582469456950571,0.1557496388779263,0.1703520839978614,0.20486644584046562,0.2503058334566212,0.3360531169877657,0.32204378180823084,0.2948779557128249,0.9322678256806926,0.4435539696768789,0.4153299821092335,0.7461834169297994,0.4159605631367062,0.5842252157773955,0.38900197734157804,0.8985846841662547,0.5708750657893993,0.8678989726859525,0.9063510209770597,0.9332165683454611,0.4314881540339433,0.8438975015563742,0.9279967531564689
977.222203311,0.8850172495881703,0.9003127446003296,0.9014151399120212,0.7360554859143849,0.5641745417750156,0.23452300206010793,0.860241765180707,0.1534506418372775,0.17910384279478234,0.20367721183601745,0.24516909399401252,0.34481839649624113,0.3210869654355006,0.2959356261042282,0.9341436549007334,0.4441041837256068,0.41631686923172845,0.7469878779188904,0.4172880752481971,0.5851852410441056,0.3903868897943696,0.8995617923248002,0.5712358852140763,0.8658481120271868,0.9061897446818243,0.9318423312130891,0.4354559010546909,0.8428392421984652,0.925773161757978
981.950057134,0.8849791480500637,0.900204730378439,0.9007571266606891,0.7362250499822963,0.5642956902969015,0.23377164052828012,0.8644709270662612,0.15132407037612094,0.18896249213943309,0.20258364477023416,0.24002332071818092,0.3539213517082613,0.32021056760262867,0.29696586408391107,0.9353163314383628,0.44458593252093864,0.4171654479304048,0.7476866544159697,0.4183893749515164,0.5863538803157804,0.3918237320917454,0.9001241790355579,0.5717418168236319,0.8633146951730075,0.9068941096359683,0.9302014330477357,0.4392802690557275,0.8420300424631769,0.9245792287568535
986.797291589,0.8849073394622101,0.900132836003128,0.9010008997520492,0.7362519113237195,0.5643516384887478,0.23300024187952836,0.8700729118247648,0.1493639937775172,0.1997589602221766,0.2014884134545893,0.234794863988351,0.36339153642125627,0.3193272660674286,0.29791518236306486,0.9358314074004157,0.4450166848305337,0.41784652900658686,0.7483562385587248,0.4193168748131594,0.5869865618757075,0.3935277106273892,0.9005598385043696,0.5725131437893355,0.8605213578066986,0.9081325206382139,0.9285744275464198,0.443244182699663,0.8412724054460996,0.9244359103522087
991.720028203,0.884934181210096,0.9000006337723638,0.901546773506189,0.7361163299600079,0.5642300750014344,0.2323537565420998,0.8761420844830594,0.14761179422841858,0.21150461232828652,0.20036763086833956,0.22974707262065597,0.37328519488455486,0.3182061251061411,0.29873998399773416,0.9359976175957812,0.4453614095372973,0.41835399818291524,0.7489221851866004,0.42014312030040535,0.5870341444285166,0.3954887928801019,0.9010958857425839,0.5731903925978178,0.8580317895844367,0.9095724021895718,0.9273110199295088,0.4476207072430782,0.8404011141720464,0.9248046836735202
996.671068522,0.884921520446813,0.9000362009615506,0.9011728368632493,0.7359028135399208,0.5641577779955202,0.23176624414433267,0.8814908069563191,0.1461939857005896,0.22441472002304522,0.19916948431166587,0.22501526472725597,0.38348250193154365,0.31695386355853233,0.29939834651503,0.9366589533755023,0.4456973813065853,0.418507548546913,0.7493074060408278,0.42095117903744167,0.5873006065815409,0.3974445420877486,0.9018360334693986,0.5737096422329693,0.8564825710036732,0.9111270237578372,0.9266638746471224,0.45212054301525834,0.8396685851675881,0.925365067739013
1001.65061855,0.8846482622798111,0.9003459731604003,0.9004600519192816,0.7357060416884916,0.5642346966355212,0.23101066379266483,0.8860199398734523,0.14514557936889272,0.23857045406342225,0.19799956188143292,0.22068707327274234,0.3937845354328614,0.3158160721819185,0.29996416857787045,0.9372031578790101,0.4460943859597887,0.418369152501082,0.7495224691951132,0.421711381480185,0.588189166940296,0.399462434681671,0.9025767850149277,0.5744233462596091,0.8563994175777586,0.9127500897506734,0.9271239237301538,0.45688135030071836,0.8394298374283038,0.9259867454057269
1006.65888632,0.883968448957505,0.900936077448312,0.9005784225018454,0.7356474827226835,0.5642138863242604,0.2302472319656941,0.88989735409105,0.1444679747404635,0.25380053337946795,0.19687188500955075,0.21669429903236512,0.4040260958895547,0.31476420876518196,0.30045515457206995,0.9370171735505229,0.4465139571252649,0.41829858744501175,0.7494662365490081,0.42235107209208544,0.5884708240246427,0.4017101103010422,0.9034637763657501,0.5753674851150059,0.8578312423649906,0.9141314358279105,0.9284822756863729,0.462031325281409,0.8395280823943719,0.9270549729016975
1011.69608192,0.8834705988952003,0.9014422184233557,0.9010240847257743,0.7356790724425974,0.563974161472823,0.22978964341571492,0.8926648964824567,0.14409797629860974,0.27001357612440735,0.19586505112301003,0.21310926840202313,0.41400965006516477,0.3136657972156256,0.30089810660027555,0.9370059194922106,0.4469605894653701,0.4182466340993725,0.7492970832301992,0.4229644864211999,0.5883139543403982,0.4040308165399252,0.9044634198292276,0.5761270323451761,0.8605927542502508,0.9151493834215514,0.930286422590301,0.4674845461597083,0.8394007855533995,0.928645088818343
1016.76241755,0.8835013325410369,0.9017793500927448,0.9013878694308123,0.7357399592174373,0.5638054205558589,0.2298750398006094,0.8948145231599972,0.1439959720231653,0.28706888780953593,0.1949995327446668,0.20990492290021126,0.4237402540431766,0.31263573921445253,0.30129031086085173,0.937529979146313,0.44730542754702085,0.41821938467342096,0.7494043009657491,0.4236582099009102,0.5883808067956318,0.40636645772221486,0.9054893570819086,0.5765704903167767,0.8644371117422621,0.9159877182243782,0.9317792523285263,0.47312827212757685,0.8391648781765431,0.9304263012547802
1021.85810749,0.8837906841267849,0.9018765470980851,0.9011451603080063,0.7359594800868828,0.5637295949869774,0.2301135492114512,0.896417367232256,0.14420493943878937,0.30490217836786904,0.1941560428302319,0.20688977056131913,0.4332660167532563,0.3116339927542492,0.30158165678119286,0.9382331321130979,0.44743616000326447,0.4184848967379418,0.7496144520878143,0.42450304619853546,0.588661805345931,0.4088951793556807,0.9060683873717269,0.5771598359433038,0.8689863355194454,0.9167391947977496,0.9329770522469304,0.4789998449296628,0.8391743120518315,0.9322308127348575
1026.97288016,0.8840879931303545,0.9019550323661715,0.9003862853653386,0.7363494861222577,0.5634699660692007,0.2302739703255131,0.8973690846672051,0.1446940773786528,0.3231709710240574,0.19337143994995026,0.20424598307360864,0.4424565543859538,0.3106078260936742,0.30178256808493875,0.9387814937822374,0.44751682961455763,0.41884284512275755,0.7498884282599086,0.42520947774948176,0.5892889932200769,0.41155772053964146,0.9065164850503158,0.578075860713973,0.8735161021978168,0.9173888473223083,0.9345480891744369,0.4852103549612185,0.8395436939361933,0.9341443837762425
1032.10649695,0.8841656992371723,0.9021034396380014,0.8999489979929441,0.7366240617308949,0.5631993378373539,0.23062850564365855,0.8975355719350164,0.145504282966976,0.34190830363117625,0.19250875605286297,0.2021753645554068,0.45132500823672406,0.3096567608228572,0.3019152606473304,0.9394223857126677,0.4477917872627883,0.41888072661390946,0.7503968393293938,0.4255055876076065,0.5900062789455952,0.4142409512606388,0.9073082281373346,0.5791909165059894,0.876838001176787,0.9179415467830553,0.936255644674362,0.4917821530079551,0.8400894501681513,0.9360172143192081
1037.25897753,0.8841543629618807,0.9022165402467636,0.9002092491427296,0.7367391641393969,0.5631286973662617,0.23114712109989416,0.8974178787286294,0.14665907023795177,0.3611251109975708,0.1916463085887946,0.2006585855002922,0.4597515134780292,0.3087010053211015,0.30206368089328095,0.9398751651248936,0.4481189642020963,0.41876817003052513,0.7510637910729309,0.4256812982162279,0.5907300523398146,0.4170679552550379,0.9079309595139377,0.5805853830258395,0.8791320186773556,0.918440317784455,0.9376211000533823,0.4985544001362264,0.8407252112625905,0.9378251463343684
1042.4303413,0.8839057384267995,0.9024232955610839,0.9007944904442514,0.7368625916617341,0.5630123049546963,0.23174412044247153,0.8977955655627825,0.1481072708818706,0.3804808804290176,0.19103021926535071,0.19949095132973443,0.46778051235983376,0.30767082714598354,0.3022244656341538,0.9403522547497031,0.4482155157801372,0.41878903803687995,0.7518289331708604,0.42599864596372244,0.591103599217844,0.41998674637479444,0.9083353884930768,0.5821077211630961,0.8808272727751738,0.918827001120049,0.9389025828483623,0.5054735628439357,0.8414995442375108,0.9395647937579972
1047.62060737,0.8836796944922983,0.9025514781158782,0.9009805708514932,0.7369985716723784,0.5627522809778915,0.23255460352354143,0.8981812291345365,0.14984109018410727,0.3997289316235075,0.19045099154562542,0.19863631580628116,0.47553119488525597,0.3066626527428701,0.3024635310577051,0.9407981832461436,0.4482516098813965,0.4189580179906614,0.7526245642099795,0.42611901854844525,0.5910196524839014,0.4229539332034262,0.9088607101804445,0.583287452358295,0.8820892667802726,0.9190358916838753,0.9397302550851883,0.5125692307643055,0.8424665664115585,0.9410759736462264
1052.82979459,0.8836881728549061,0.9025725075482809,0.9009046937513541,0.7370682287873205,0.5624877311652166,0.23364409642274087,0.8979121384960469,0.15190128473945044,0.4186574451628028,0.18987032535066878,0.1982443214766014,0.4829270439020816,0.30575605283818663,0.3026124074353333,0.9411958794400611,0.44814413600664177,0.41909203174562953,0.7535410242891948,0.4260376531552137,0.5908696750238341,0.42601210000193535,0.9093173214225487,0.5840495371755696,0.8829897319350666,0.9189878967447994,0.9401533796035481,0.519550407157057,0.8436493921395627,0.9422732559931034
1058.05208946,0.8834628209113353,0.902722481067735,0.9013012628009722,0.7372179128243195,0.5621015042050813,0.23490306840499725,0.8974071373334074,0.15433359664328175,0.43703007148129674,0.18941635297932238,0.1982029129409599,0.49044461202666945,0.30492607268749966,0.3025336619794563,0.9415517373099238,0.4480578684896973,0.4191352533464073,0.7546080267035601,0.42632572060066753,0.5912286073190726,0.42908734910234136,0.9097477623802184,0.5850298358366339,0.8836415432704725,0.9188892988039578,0.9404271871555273,0.5266436480197326,0.8449473450455696,0.9431658238063281
1063.2810895,0.8835143982911555,0.9030854638620429,0.9021337888679128,0.7373533301774255,0.5617262119409461,0.2363908331969238,0.897030520953469,0.15711574192416014,0.45467588603890824,0.1891428609033951,0.19873143649069885,0.4980995650899563,0.30407911140033755,0.3025869614901813,0.9417381404603918,0.4481769081935945,0.41907679052485475,0.7557426027759113,0.42653740079885644,0.5921907841468596,0.43217651092121845,0.910009400849932,0.5863182770435924,0.8843223423762128,0.9190057918491611,0.9407162393273476,0.5340058001922466,0.8463110462859247,0.9438213922459243
1068.51675432,0.8835249361075489,0.9034329751456138,0.9027026717542522,0.7374745706936646,0.5614686195681913,0.2382011598397188,0.8965240714062178,0.1601771777408271,0.47139842185993974,0.18896494711104178,0.19970847980680895,0.505677118612443,0.30317696953974216,0.30288094116000447,0.9417340985181026,0.4485066582573241,0.4188268050817359,0.7567404288695306,0.42673213177945624,0.5933491666349305,0.435427326877743,0.9103555179118933,0.5877582762995929,0.8850173937969809,0.9191412246736818,0.9410212190870155,0.5412628899811109,0.8475619310292016,0.9441937274950528
1073.75904388,0.8838164192272051,0.903503902207593,0.9023346937320768,0.7376604753098975,0.5611666449067806,0.2402693223418609,0.8960152285341204,0.16350072976566682,0.4870280078706768,0.18889847995142248,0.20088766862490065,0.5132578279714035,0.3022808310427523,0.3030957652678622,0.9414068316623674,0.4490152999833932,0.41862512084352244,0.7576397989335442,0.4269987076262364,0.5943052812390739,0.4386854255359069,0.9107229602310994,0.5893139166386651,0.8855757793199466,0.9191046687670009,0.9412349944214642,0.5483779282215874,0.8486778208675244,0.9443891468232987
1079.00791838,0.8845214331154483,0.9034794782608502,0.9015942465781578,0.7378121336113047,0.5608733538422986,0.24242037774383923,0.8955148319532124,0.167141467961369,0.5015479287422208,0.1890143598433275,0.20255606202338486,0.5210369289391031,0.3014665987736653,0.3032265714464959,0.9412479287444363,0.4492426694833081,0.4185540154517752,0.7584925930458837,0.4271355635404305,0.5952144221025244,0.4418209262389692,0.9110084927347439,0.5907119794371974,0.8859823973006186,0.918874438692167,0.9411052166050133,0.5557583594439411,0.8497183241055473,0.9443167358419423
1084.26333836,0.8848691117113163,0.9036234011480638,0.901131505619135,0.7378631021758855,0.5605967048697169,0.2446720701480306,0.8948121622897736,0.1710834162932997,0.5148860317328996,0.18928767818579356,0.20472097579891058,0.5290279436919975,0.30067212277678473,0.30340245739933075,0.9416802686703115,0.449532780219173,0.41872132065854956,0.7592937759281593,0.42726751888128073,0.5954469087133356,0.4450237718672324,0.9110613458602573,0.5919460458531282,0.8861941166689716,0.9186423685626354,0.940814864802286,0.5631266014751675,0.8505263255133239,0.9440682305745622
1089.52507305,0.884987065957214,0.9037466497122999,0.9017989757434073,0.7379084347244756,0.5602111919484392,0.2474621737333291,0.8937995744527077,0.17524825416865122,0.5273803873996797,0.18950772386667278,0.20724732445790825,0.5370344077369563,0.29995081564536696,0.3036546159037875,0.942783955560816,0.450036862333271,0.4192337199651575,0.7599925031894241,0.4275584015656987,0.5960237799675433,0.4482129142294645,0.911030689655615,0.5934245934303937,0.8862519102192692,0.9180708084509653,0.940067774467988,0.5701720529783068,0.8511879634279765,0.9437123966575749
1094.78823545,0.8848500025535213,0.9037048658041101,0.9027405674227454,0.7379638300820114,0.5597494747077257,0.25061957023502596,0.8923257248274503,0.179674445844166,0.5388929989156539,0.18987234397804037,0.21009889814826896,0.5450941092917807,0.2993634989691424,0.30411253437929603,0.943386698352194,0.45048101146260094,0.41984385404061175,0.7605490501287847,0.42806630437141596,0.5966302718872715,0.4512050390700991,0.9111470240542875,0.5951953287667039,0.8864085589442094,0.916928356618965,0.9391758391164693,0.5772463593590907,0.851724102742848,0.9431038312159845
1100.05281299,0.8846521401171434,0.9037654374752726,0.9029763179352583,0.7381030123893038,0.5592730240788216,0.2541643596976969,0.8901434725959153,0.18432165883695076,0.5491868143615062,0.19047764290136773,0.21317090009956874,0.5533982434998389,0.2987606249593576,0.30457784494145446,0.9435589373639748,0.4510767216830433,0.4205478072663475,0.7611661609090744,0.42858842189419166,0.5968672265606787,0.4541661503378966,0.9111020441116932,0.5968660943887295,0.8866129602821607,0.9156249572209162,0.9386658337912877,0.5842524717906861,0.852093119157928,0.9422922791745657
1105.31879326,0.8845951269065789,0.9039808168817355,0.9031690062988587,0.7381918416161249,0.5587573826375606,0.2580733814386383,0.8876490560134992,0.18909408795362118,0.5584881334570214,0.19117890121982165,0.21636491890016327,0.5620651131251639,0.298146755484743,0.30493714892624885,0.9437988752149881,0.451825121481159,0.42129358140511564,0.7618864189003632,0.42914816456417015,0.5971695206420509,0.4571145449555795,0.9111290681892946,0.5985863318975001,0.8867437973644058,0.9143829072169776,0.9382679386987971,0.5914368652487918,0.8522642964824635,0.9413843108740677
1110.586164,0.8846983986084298,0.9042191272978327,0.9033276485232237,0.738238290973525,0.5582282514816391,0.2621494772954236,0.8851788418931144,0.19399123189857273,0.5669493773888412,0.19193912219342274,0.21959202468223665,0.5709035718241442,0.2975706908627012,0.30539164390417234,0.9441828036476164,0.45269630622673607,0.4219717966185223,0.7628671825551406,0.4298545731666456,0.5973602092045025,0.46003601613558076,0.9106774705751369,0.6003198903770007,0.8870053727339742,0.9131506049368141,0.9376192337890359,0.5984011737754759,0.8522517869036833,0.94038337268819
1115.8549131,0.8844868116068656,0.9042245382007256,0.903537148647445,0.7382948663986749,0.557690227992974,0.26624989059804033,0.8831138689911125,0.19897804360443888,0.5742284941643028,0.19278119327700372,0.2229870850759642,0.5797319680075081,0.2969879063506853,0.3060609712628211,0.9447206698983053,0.45381437815501435,0.4224314229225286,0.7639681843045651,0.43066348923822373,0.5973900237772638,0.4630802196865862,0.9099026142448117,0.6020219685670599,0.8873992276113427,0.9120057001721812,0.936761915611962,0.6051508058341021,0.8521252937523907,0.9391982190214189
1121.12502863,0.8846443414366727,0.9041678029454844,0.9034508158016089,0.7382779121893616,0.5570037658290204,0.27037043578342923,0.8809720133160567,0.20407789709174598,0.5805248911577836,0.19361199826626985,0.2265678794948942,0.5886362991929871,0.29640844183592235,0.30695558044849164,0.9451519059627566,0.45489387466522674,0.42306018488447866,0.7648056643757399,0.4311938997859601,0.5974271258563189,0.46584766070681494,0.9090872674689698,0.6036341363990391,0.8880692554626616,0.9113722150724453,0.9359500195122137,0.6119076723931922,0.8517740729958067,0.937727182408704
1126.42117712,0.8849203722211824,0.9041674569544296,0.9030346145301762,0.7381618821387479,0.5561391179031678,0.2745740058248292,0.8782576492338038,0.20923452839582612,0.5862110326358461,0.19454071483715427,0.2300966802786044,0.5979356633482436,0.29587065307305144,0.3078806868926839,0.9456808681711012,0.45575267643170775,0.42399262303007307,0.7648571320063066,0.43184871170117783,0.5980140831888735,0.4682659573130844,0.9078909974790156,0.6053143419208235,0.8888657880019031,0.910377941562653,0.9349001368005216,0.6188248846920381,0.8510610485551064,0.9358759717514895
1131.75559815,0.8850683792783064,0.9040008534765314,0.9029089547589436,0.7381381803136501,0.5550901546164998,0.2789220925638311,0.8745477685760163,0.21434591984936371,0.5910544245993523,0.19557654102407634,0.2334059633370231,0.6078527016738847,0.2953134969256387,0.3087519564863009,0.9455611608388929,0.45651376976870583,0.42486628521254816,0.7643509237995415,0.4326373307621518,0.5988258306210038,0.4706977052891957,0.9055894098506777,0.6070175878928573,0.8896515154210559,0.9080436357588912,0.9335231868966724,0.625474678526201,0.8497609580261776,0.933815784676553
1137.12876151,0.8852209620235488,0.9037496753509608,0.9026022990642161,0.7382479670578433,0.5537677981746011,0.28336737190596334,0.8691321647904766,0.21940888588448126,0.5952073450069636,0.1967640561031994,0.23671569793472755,0.6181833380801957,0.29474675750173096,0.30958339645837857,0.945702828099547,0.4575784390336364,0.4257266645748083,0.7637831843168038,0.4335456403041383,0.5990509585022671,0.47296466537953613,0.9020925481990859,0.6085611880688028,0.8901715671399913,0.9046642379600255,0.931867800269144,0.6317777658237975,0.8478201978059675,0.9311527681097421
1142.54114608,0.8854958345506597,0.9035582766897212,0.9022841117515418,0.7383524350623125,0.552121933476167,0.28800194824981934,0.8605967914987963,0.22449374340678566,0.5990348420547159,0.19822108801089341,0.24010947327819093,0.6283324025592667,0.2942084759674431,0.31066112008461666,0.9459384578386051,0.45873368709840323,0.4267456693020851,0.7631592532194522,0.43429034237557285,0.5989124491784799,0.4749188897223676,0.897569026474412,0.6100039465797014,0.8903297386653892,0.9004698716570758,0.9297113116826041,0.638088998064914,0.845106468001706,0.9274679521113048
1147.99324008,0.8857266645686737,0.9032813186925672,0.9024383154041795,0.7383304404844109,0.5504345696603935,0.29289292810466355,0.8465883830221049,0.22952467649498953,0.6024425591803045,0.19986030700698745,0.24338152863264265,0.6383101641306073,0.2936541851350149,0.31193569957109546,0.9458168856439234,0.4600401584928014,0.4279997140311128,0.7624471854184457,0.4349823964821962,0.5987954748836931,0.4767143891428434,0.8925397255017153,0.6115457659235141,0.8901320476880441,0.8951849833851977,0.9266387376450389,0.6445191525792631,0.8416399176465801,0.9225356279994498
1153.48554133,0.8855441915388111,0.9029910957898716,0.902816831460351,0.7383015159498584,0.5493124532925407,0.2980341086198914,0.8277278921676678,0.2344321581681022,0.6056007390043152,0.20137043152852652,0.24660516284512968,0.6486425444591111,0.2931193766744414,0.313277033355358,0.9459106007169493,0.4614740690266227,0.42929384332028675,0.7618588474179936,0.4356212009104296,0.5995215809951265,0.47847362106006536,0.8891637557480914,0.613111982997435,0.8897185264649123,0.8878788679121072,0.922350619311678,0.6507584346624525,0.837603239998651,0.9164460194893618
1158.99647413,0.8851373662281039,0.9028423088298027,0.9034047168637033,0.7383233048700748,0.5489023657639789,0.3031236462502254,0.8121189594541723,0.23925024304261247,0.6084117077780882,0.2026297504640612,0.24972669506837264,0.6591349809634846,0.2925287168542837,0.31465739616228955,0.9462588660291208,0.4629607001748555,0.43053918605126823,0.7614920085181058,0.43655306567398744,0.6007878588298605,0.4805046426111157,0.8887242361377428,0.6145965771971807,0.8893703385098551,0.8793272576766045,0.9173523661492997,0.6565804255309851,0.8334498671609686,0.9098565729105669
1164.48107738,0.8853648695630119,0.902666411376036,0.9042762731658028,0.7383581010584089,0.5488645309585127,0.30809161736253315,0.8108243261101361,0.24394484833042807,0.6108664983740196,0.2038890189028846,0.25251909534014705,0.669351936112657,0.2918946368911381,0.3161144376698972,0.9467044581380128,0.46449722375242425,0.4317653628066241,0.7614058134230397,0.43786948905033923,0.6017850348363546,0.48282128186945134,0.8906137574426508,0.616190280319202,0.888964788059243,0.8728576097155032,0.9114537766424956,0.6621694262708385,0.829590464440369,0.9034505112219876
1169.93996942,0.886005215629722,0.9025177253687116,0.9046420801121619,0.7384496531223946,0.5488767488858955,0.3133347965767191,0.8220375951028539,0.2485460315630752,0.6129837060127623,0.20522883598154182,0.25501510786402726,0.6794912404604733,0.29124815796102593,0.31761445560188317,0.9468490620774924,0.46609884601644325,0.4329783010243671,0.7616622243992358,0.43910881082955183,0.601926166549913,0.48499350656151197,0.8930676763446266,0.6177734409965939,0.8885273254242608,0.871588858361607,0.9053213284079435,0.6678546902530563,0.8261493966336834,0.897696406617453
1175.3737451,0.8864063079913453,0.9024503900992543,0.904678764660197,0.7385662612848408,0.548868991526379,0.318967659571956,0.8357387378004377,0.2529089284485418,0.6149707525909747,0.20643868373787364,0.25744069409086506,0.6898086693804313,0.29073582400445974,0.31911295176039883,0.9467082757906796,0.46761111688118095,0.43424082498479355,0.7621882248067292,0.4402992697434949,0.6023050271423411,0.486956971583575,0.8953658854653952,0.6192889826178564,0.8879942704431031,0.8750929106201081,0.9003453340085651,0.6732450544523794,0.8229024161136976,0.8934805467104995
1180.78297699,0.8861706061821912,0.902260321177004,0.9043050365716336,0.7387193204691581,0.5487911655441549,0.32488509260868426,0.8464226595615494,0.2570999538440747,0.6167080450768971,0.20742549007745206,0.25977451836600424,0.700080913858593,0.29031158885116826,0.3206302519743428,0.9469527281131027,0.46933171259399037,0.4359509290859315,0.7629068142942311,0.44155691807050174,0.6030728873524609,0.48886979258490776,0.8973540043329049,0.6210656427485426,0.8874334633077278,0.8801151527883875,0.8971737895730011,0.678683357263697,0.8196675719496522,0.8909730830204426
1186.16821657,0.8861502698036205,0.9019857718746425,0.9035424087882007,0.7388367067763538,0.5485590575243681,0.33096148361436134,0.8528830240606919,0.26115416655255563,0.6183300006619833,0.20853679384228632,0.2620150277800277,0.7099369959686137,0.28981264821697206,0.3222081058082413,0.9473640385480797,0.4715170176530395,0.4379535529616752,0.7637048885579196,0.4428371052421391,0.6040258224212018,0.4906362419841661,0.8986284679684944,0.6229233371280114,0.8867265216582033,0.8841623531297271,0.8949323553824738,0.6841080129494719,0.8164656747772829,0.8893708430366767
1191.52999524,0.8865538269769687,0.9017017193596255,0.9029750154747779,0.738940866102258,0.5482699540828216,0.33698532288598443,0.8564142915845369,0.26505137324020167,0.6196747012621778,0.20958171392214262,0.2640648329100319,0.718772870708753,0.28924235299125806,0.3237911168156834,0.9474108662269458,0.47354014189565663,0.4397717537477577,0.7646595247130425,0.44418605624033153,0.6054670251139589,0.4922802035919628,0.8996474497542338,0.6242898000274075,0.8856391720778677,0.8866557771309502,0.8936354740750782,0.6895734386836395,0.8131517390991119,0.8880460178621408
1196.89576018,0.886916319881241,0.9013313172556572,0.9027769891169618,0.7389996111686007,0.5480602460663305,0.3426911548015583,0.8593298380979482,0.268901656870645,0.6208099748306374,0.21040081460130233,0.2661748944310215,0.726827664616871,0.28868983560959977,0.325495649246647,0.9471435807797133,0.4753080148352964,0.44121830393233147,0.7660021500125335,0.44531700921530604,0.6071202784649752,0.49400500396652963,0.9005699164404322,0.6252210992158139,0.8842935117918022,0.888099037078541,0.892939234312888,0.695162239381942,0.8094341355492054,0.8869689687358714
1202.26638934,0.8873205661499469,0.9010557454911418,0.9035549423376981,0.7389628429432401,0.5478865847422256,0.34799735015016314,0.8637283878453211,0.27265203451961306,0.6217722868505663,0.21106563546881318,0.2683027063863923,0.7345350767916309,0.28825969489212483,0.32732051387673666,0.9467589212474589,0.47717060836655617,0.4427051058504879,0.7673433476713678,0.44654140398265346,0.6091733463823705,0.4956107433966654,0.9014639596585612,0.6259206942594104,0.8825679779541535,0.8889316263344854,0.8925005786680642,0.7006588265938405,0.8056525775564416,0.8862747266823167
1207.64185238,0.8873478388537656,0.9008474563904777,0.9041107138640719,0.7389021767697109,0.5476879063916426,0.35338454485579684,0.8683819625679411,0.27615149983015586,0.622494928256491,0.2116425684227146,0.2703075429673277,0.74185442301547,0.28791989135942697,0.3292090590064769,0.9461363953193473,0.479211907755432,0.44448259328777123,0.7679223795378136,0.4480598790856083,0.6112766589441231,0.4970210844682342,0.9020584074073775,0.6266863557964476,0.8802854282347411,0.8898726605684973,0.8925483367600491,0.7060949789441983,0.8023280486185754,0.8859012225972507
1213.0221192,0.8871266052629716,0.90038921627605,0.9041710880326741,0.7388467458666225,0.547440888803351,0.35863499719223824,0.8718266641509447,0.2795366326334761,0.6233203275540045,0.21227399978559713,0.2722483199810783,0.7490139474181353,0.2876423619625567,0.3310941438198328,0.9458461881945514,0.4814614336107918,0.4463740453158188,0.7682397840586171,0.44951226160387114,0.6126296677387911,0.49825255143912694,0.902937008633498,0.6277165067757006,0.8775135766886326,0.891399934663873,0.8939413914722364,0.7115996736587235,0.7990673023721088,0.8854463724960071
1218.40715994,0.8873216512570873,0.8999217609196405,0.9038438630430187,0.738920319907341,0.5471488684730335,0.36366239584432847,0.8742256128419126,0.2828427395016766,0.6240439886524699,0.21283406481548087,0.274276011217046,0.7557313669687611,0.28734674237721375,0.3329083948451155,0.945082931883716,0.48347781536979767,0.4482161979983159,0.7686251157149216,0.4508313885331463,0.6130623235126825,0.4993718521708868,0.9037473078698519,0.6287255469483315,0.873928347183608,0.8929903259097983,0.8959734841566356,0.7167759313204548,0.795672252509756,0.8847867062129162
1223.79694502,0.8874739494671947,0.8997230981411263,0.9033392693796763,0.7391034890608917,0.5467687579089612,0.3686177051956061,0.8758239254063191,0.2860763535726375,0.6244899571485406,0.2131826696533745,0.2763747446605189,0.7616058914274628,0.28700445286674175,0.33468168744321436,0.9435597398428143,0.48530741712754183,0.44993733041817247,0.7688648136671606,0.4518628977161034,0.6130920158188018,0.5004589894643595,0.9044431235385255,0.6294819780634897,0.8695468555600173,0.8943326137534048,0.8973813962220109,0.7215947410246271,0.792221627115643,0.8844111705211206
1229.190873,0.8875536003342789,0.8996572336531817,0.9031798810112454,0.7393779334394619,0.5463280284257263,0.37327943359046206,0.8764464784695593,0.2893095149389685,0.6247574097016838,0.21344436968482988,0.27858773269350573,0.7669763652219761,0.2867420836015992,0.33649552792790816,0.9416783300263982,0.4873413486617599,0.4517244260651983,0.7689244317135423,0.45272916046521516,0.6132358281426816,0.5015169914616359,0.904854189147756,0.6300868486833657,0.865124410373679,0.8953211129435268,0.8983692882137017,0.7263335472845562,0.7889943220756481,0.8843532928095573
1234.58829679,0.88769727342953,0.8996818266774309,0.9029109128949895,0.7395721110536199,0.5458676945780947,0.377377007219461,0.8766290088536676,0.2924444963307963,0.6248649433469118,0.21388582820971047,0.2808412354902702,0.7722739731777154,0.2865139709869503,0.3383219064938866,0.9400688545893748,0.48935992101050685,0.4535856035691829,0.7690427292932354,0.4538334422889373,0.6141059081872063,0.5024470178120737,0.905255100249967,0.6309976365092217,0.8611588862643512,0.8960107317190878,0.8999066799777818,0.7310322368215837,0.7859030880690228,0.8843507227700165
1239.98919257,0.8881287402694351,0.8997928131499482,0.9028825713192358,0.739668650495529,0.5453880893829568,0.3811409189279741,0.8772350708955532,0.29549028084041734,0.6249177611328819,0.21450566237041946,0.28311428983791237,0.7772941062708432,0.28625245925591425,0.34015653372925525,0.9388838788389829,0.4913429616778808,0.4555985666363461,0.7691003988304895,0.4551840586459095,0.6150934178778243,0.5032675065222743,0.9054195027585193,0.6320688438821068,0.857430555858474,0.8969420569555775,0.9022249216296825,0.7357892659537094,0.7829046052010346,0.8845420390683236
1245.39353673,0.8884174794622789,0.8997670066099863,0.9033115392569365,0.7396300176970693,0.5449188585840878,0.3846794929446181,0.8782725871522171,0.2986060829532052,0.6249214409509134,0.21498684509329397,0.2854163940035709,0.7821311721342091,0.28602650861824813,0.3419447839386306,0.9387392085276225,0.49351734469554925,0.45754162329814835,0.7688886072243392,0.4566923582043996,0.6155022348003405,0.504016777731066,0.9054674837019079,0.6329700279282292,0.8534579586602611,0.8976674297968315,0.9046187057752546,0.7405705186234254,0.7800047395411955,0.884845156529519
1250.80130588,0.8885576627088688,0.8995995772876049,0.9040385671864734,0.7395687517973418,0.5445391408744312,0.3880363810618391,0.8791872116866698,0.3017241952282072,0.6247804748443057,0.21540241032609536,0.28787310072143846,0.786495305629059,0.28585705228261515,0.3435912807100485,0.9391825218580893,0.49566184387912376,0.4592363090892987,0.7683710797798448,0.4583577944401064,0.6156696480414882,0.504590489878476,0.905781005309468,0.6335472501632775,0.8485409221555892,0.8981250494532569,0.9065689662746743,0.7452582331905022,0.7770383773449926,0.8852038109340161
1256.21247686,0.8888250390525884,0.8994796000946439,0.9048040037420058,0.739450980029396,0.5442627257141435,0.3912491472734541,0.8794516488513591,0.30473553096201367,0.6246919477828835,0.21575687504228677,0.29053959960427667,0.7901923701447658,0.28570984694817364,0.3452444991105026,0.939690637063062,0.49774344106966867,0.46101270840006286,0.7677484813580729,0.45986781403416815,0.6160348341357054,0.5052041117812778,0.9056284234420947,0.6335396829971144,0.8417946213612163,0.8982876083801346,0.908197105484817,0.7498793370669001,0.7742775017546518,0.885562329236954
1261.62708732,0.8888939994238837,0.899420956533491,0.9055695857533388,0.7391341877019398,0.5439859787580443,0.39408948114201364,0.879403694351865,0.30764303931289116,0.6245610096369968,0.21613932922636092,0.29331528061049783,0.7936565771342978,0.2856020195698482,0.347049389000819,0.9395303451491849,0.49968817835643425,0.4630240339406599,0.7672763208227352,0.46104597569115924,0.6165343572370082,0.5058281374439862,0.9050220853756029,0.6327258255969447,0.8340650100918409,0.897814697637246,0.9094100935534581,0.754329832280618,0.7719227753103663,0.8858799379890929
1267.05580532,0.8887865477002229,0.8992032005036884,0.9058974009984753,0.7386197009424061,0.5436510993175047,0.3963632576759449,0.8792377418016735,0.3104770441722683,0.6241635378883601,0.21646752222607887,0.29612377617027924,0.7968177705845448,0.2855121568053519,0.34890285645351127,0.9386039946022515,0.5017269055678639,0.46504835498207175,0.7667821071391054,0.4620600087908318,0.6163690047680637,0.5062767799505394,0.9039653774986264,0.6307328893882308,0.8296294279724792,0.8969289074803768,0.9100526938688958,0.7589809679690556,0.7699089014545454,0.8861038243440028
1272.49861965,0.8886893246929819,0.8987641777331441,0.9058031814695602,0.7379598287873987,0.5431878752246404,0.39839861980081487,0.8787092882935237,0.31329759573038884,0.6234835554538484,0.21672773051297642,0.29910245023801807,0.7993454872627968,0.28546469108353584,0.35074899029628875,0.9367197329088218,0.5038275412100371,0.4670105223944742,0.7656850073153032,0.46327257646745923,0.6162518439165994,0.5066833391338753,0.9024424213021673,0.6283169357326883,0.8318187037546065,0.8961257006831435,0.910362142378089,0.7636091087078789,0.7679675860199265,0.8861864973575434
1277.95551888,0.8885675758212089,0.8982095314341957,0.9055571368858134,0.7371209645409639,0.5425830545194026,0.4004238799520997,0.8776080664367241,0.3160467619185401,0.6225953367661421,0.21707336393025597,0.30226739441419653,0.8016804525409769,0.2854961080107356,0.35260169613727743,0.9345326380370286,0.5058962599016046,0.46905944459070115,0.7643461309465385,0.4643178146004079,0.6165684876792452,0.5069582736367864,0.9013017278725427,0.6275301667730248,0.8390264719352843,0.8953655926658401,0.9105001530740993,0.7681966052299058,0.7659436346805247,0.8861663512696426
1283.42649147,0.8886937104230345,0.897930215034848,0.9052214892708254,0.7361935478057227,0.5419193798298595,0.40223652847017805,0.8755391886501598,0.3188368803102102,0.6214533155612681,0.21752118457112216,0.3055806759211185,0.8039373528166889,0.2856262493144334,0.3544992687767791,0.9320100021193358,0.5081437413995837,0.4710657765111555,0.764117181170726,0.465540714071682,0.6164087635309282,0.5071192812498891,0.900886603646947,0.6296935016026322,0.8480506663824279,0.8942891562204041,0.9104721810850583,0.7726865313787327,0.7639842094859974,0.8860708610848952
1288.9115257,0.8890447928840483,0.8978058466843634,0.9049995687260459,0.7356309199971095,0.5411695818841554,0.40390466814847564,0.8726240208038673,0.3216807349066868,0.6202761938276962,0.21807093264976588,0.30904683462654264,0.8060215651788244,0.28588332916007425,0.3563287865286451,0.9287707898650692,0.5104367551741585,0.47278331231057846,0.7658333650789968,0.4670738866117831,0.6160608732168047,0.5072851814695953,0.9001658161036303,0.6319221354396275,0.8561366610805147,0.892799047995472,0.9104042128255578,0.7769117100254715,0.7620991970739469,0.8857652644644066
1294.41060969,0.8892796896021656,0.8975216656608034,0.9047230023739132,0.735539925267368,0.5402667693941394,0.40558194426568484,0.8693246692832318,0.32443771638036784,0.6190536225103214,0.21856207776630354,0.31288048689772485,0.8079474192398891,0.2861903636900447,0.35819396172451756,0.924607442351433,0.5125083347741015,0.47445559465846615,0.7676493776279855,0.4688011780269998,0.6157997127735251,0.5073820871687867,0.8981485534996623,0.6324077414166691,0.8611764671839199,0.8910135771955225,0.9099148859634778,0.7813103903514617,0.7601009478800319,0.885229160064386
1299.91690127,0.8895019153598418,0.8969634027644091,0.9044867237962677,0.7355719260984356,0.5392127635214148,0.40690899951650694,0.8660327612375381,0.32715584438366047,0.6175608713930589,0.21894187282597724,0.31693604060365727,0.8096902760062418,0.2864820484341562,0.3601223308308092,0.9203851190460044,0.5146834487459802,0.47625436457295695,0.7684195815018466,0.4703421175752579,0.6154336001043929,0.5074511657882171,0.8961196168415145,0.6328730834799472,0.8631309703580086,0.8886688242440703,0.9089589117867788,0.7857448247416122,0.7580462267226595,0.8844710411202886
1305.42577023,0.8891673601943378,0.8963774786431311,0.9046352347541777,0.7356398850847047,0.5379513756674783,0.40794254365995786,0.8625738953416332,0.3298847474097889,0.6158581827094572,0.2194876189763621,0.3209651636384003,0.8112487827973819,0.28683930523961637,0.3620425605281627,0.9167365143292348,0.5170541200688169,0.4782143826557613,0.7683730358159189,0.471482680027175,0.6156214449201924,0.507462970468839,0.894166117283419,0.6342155508708321,0.8629074530946222,0.8856192474394435,0.9074672897070397,0.7902848746084045,0.7558523192235665,0.8834580393630496
1310.93719838,0.8891203294486126,0.895994949930255,0.9045802607289947,0.7358810823987858,0.5363881122140736,0.4088056131006126,0.8582745870991917,0.3326014397045922,0.6140769871273972,0.2202249363890029,0.3250889247045205,0.8126264334964516,0.28728417403478285,0.36395604376322976,0.9137878369625052,0.5192788709522423,0.48017047043555283,0.7678298378333482,0.4725774028517256,0.6159083937195029,0.5072734039065714,0.8913324786538578,0.6351602321402889,0.8605407551980835,0.8819540433207406,0.9056135333010547,0.7946576736222555,0.753460213270361,0.8821817472121438
1316.45116775,0.8893805773154208,0.8955657530464474,0.904427959991177,0.7361798962822651,0.5344665219475473,0.40979598301944725,0.8523513373206901,0.3353271476086222,0.6118663455479176,0.2209011080844394,0.3294841752391602,0.8138988488664789,0.2877616007319618,0.36592159804302543,0.9111654971253248,0.521243251935232,0.4820166924608008,0.7669161999259471,0.47398401001730744,0.6155120032233324,0.5068488977957827,0.887059208221382,0.6352355114453737,0.8559420853302343,0.8775247838391423,0.9031522526071307,0.7988133629019143,0.750870223530281,0.8806953808285451
1321.96766053,0.8894971751797555,0.894904488415395,0.9045164926108459,0.7362870158089029,0.5321978692754157,0.41102035143803806,0.8439998756384033,0.337959940464273,0.6092613508425201,0.22154774858606097,0.3339748118159909,0.815196913282149,0.28823838877033003,0.3677710461575545,0.9084440999123322,0.5233637494547254,0.48379186691797116,0.7658663875357277,0.4754153116326201,0.6151625373841542,0.5062709355695661,0.8817412770509467,0.6353222997352194,0.8507808390389358,0.8717121446862243,0.8998844745857005,0.8028129182909466,0.7478572032465963,0.8789721229482629
1327.4866591,0.8894663048816523,0.8941228567557156,0.9044759707393745,0.7362954302827337,0.5295695167491236,0.41224515997457095,0.8329058671252869,0.34054222679223856,0.6064123525801685,0.22227621846716772,0.33859876505442166,0.8162789588674262,0.2886779932276703,0.36958397749854793,0.9059169224878859,0.5256167134109916,0.4854680093320602,0.764475915439889,0.47654128788169403,0.6150618430352708,0.5057366363937992,0.876040458904571,0.6357722524748514,0.8459184765622755,0.8641715464975576,0.8958376163537376,0.8070808499177744,0.7442895434663908,0.8770938430968103
1333.01349556,0.889215354249836,0.8932321532833585,0.9045402170407799,0.7362595343432743,0.5266073222030191,0.41315568427490657,0.8195546581335298,0.3431198717478694,0.6034147811277132,0.22329938152933065,0.34375159412741557,0.8169676606608485,0.28907843592581545,0.37141928996969437,0.9035486744783069,0.5279820805244071,0.48724596411222526,0.7623211714381647,0.4774026868912371,0.6151910930970862,0.5053129588407287,0.8702988397857637,0.6361949523253331,0.8396082115995486,0.8554565936834424,0.8911399582693839,0.8112759574942633,0.7400068631397128,0.8751024590339582
1338.5688161,0.8889320571559317,0.8922502780219258,0.9043994799142261,0.7362665522858248,0.5233866159300307,0.41393220494592564,0.8058744846231914,0.3456852909126712,0.6001861847109162,0.2245234163990725,0.34909249312999724,0.8174061301036015,0.2895699324470095,0.3732490877526002,0.9005605971139469,0.5299947615428645,0.48902542016283357,0.7591869386962735,0.4781100506428199,0.6152281781980155,0.5048819781379813,0.8645296472996997,0.6360498770273799,0.8342526376262605,0.8470524312153529,0.8858621624429216,0.8151012092685508,0.7348742057317089,0.8729766359100736
1344.15282419,0.8884579503917461,0.891169696783167,0.904188700786941,0.7361533519507886,0.5199823675384473,0.4149144996516913,0.7934506285071482,0.3481316722383153,0.5964510396384628,0.22561021361915046,0.35447136510453203,0.8180581538369445,0.2901538825025938,0.37495862030783655,0.8961406168575865,0.5314055076126242,0.49061081040033844,0.7544575915699936,0.4785385331597239,0.6150698563249187,0.5044017859124753,0.8582372176181248,0.6354265175670886,0.8321448750163446,0.8410337924340476,0.8802263333130084,0.818591170852323,0.7289611988586137,0.8707494185473401
1349.76572543,0.8876172042710225,0.8897175289135745,0.9039450577551593,0.7359091448745254,0.5164158400177317,0.4161925710824456,0.7827392487252485,0.35042928453566524,0.5920894375634703,0.2266111997903344,0.3597938716265687,0.8186756082434821,0.2907736062424563,0.37634490221062555,0.889153751910266,0.5329217657117948,0.49215570990649216,0.7472101764127391,0.47871583908591403,0.6145179740345232,0.5039165397953433,0.851164105162386,0.6343151323966428,0.831229590336626,0.8378127625099824,0.8740173698104229,0.8217768264620079,0.722484516595494,0.8683983332576571
1355.4077275,0.8864366323486937,0.8880513340650832,0.9035030418627276,0.7357901228577525,0.5123504980418263,0.41774614668118804,0.7739109376253122,0.3526229408868919,0.5875415112092994,0.22773590163278043,0.3652265901347324,0.8191229689944692,0.291397372521065,0.3775556386892591,0.8802364034271871,0.5345277812155554,0.49353875870073005,0.7384092028445629,0.47824106868538496,0.6137840033718027,0.503384411746694,0.8433297218307958,0.6323809365550104,0.8307438890005667,0.8355490951929019,0.8677034844315463,0.8251249773835574,0.7161480510358262,0.8658644926339669
1361.07904029,0.8856515317088691,0.8862056892931637,0.9035499747296144,0.7353212207742668,0.5068844233353439,0.41926576210452215,0.7669316813780531,0.3548220585097686,0.5831779016671123,0.2292782671509708,0.3710667376611759,0.8194681531502982,0.2920796972662786,0.37875577801450355,0.8729917068139441,0.5366946682485677,0.4944863441424319,0.7308014552864264,0.4772584801232121,0.611627854975809,0.5022082861336296,0.8348868522788936,0.6289511294597842,0.831440468158734,0.8324591158335817,0.8618520655164339,0.8289612828198145,0.7100938019849289,0.8632019368231151
1366.77987583,0.8857753392449237,0.8839955435633194,0.9035768582953689,0.7346659274141699,0.49918737778301564,0.42053951470402284,0.7607100896103737,0.3573305666439759,0.5786753970660923,0.23104884857213845,0.37734648637088003,0.819274768310948,0.29289319177962037,0.37983821001519874,0.8663415465947895,0.5388073731199237,0.495064678577339,0.7219872193572225,0.47604271324336195,0.6084121745582277,0.5000643233732768,0.824161641433945,0.6234108686222709,0.8328305632408314,0.8272186138094064,0.8564999112779363,0.832894495735134,0.7041438474611895,0.8603498980405934
1372.46681289,0.8862700878150438,0.8817409213651756,0.9033954062221459,0.7344217805437571,0.4899937484709061,0.42147750331745343,0.7535592722382881,0.3598739954713259,0.5738687067726573,0.2329189270170786,0.38372841992050466,0.8181121021608574,0.29389718248369473,0.3806212743253558,0.8562780605833769,0.5403953984764421,0.4946216422811385,0.703835884176085,0.4730715922097552,0.6052339442298024,0.4973058560425443,0.807548248068235,0.6128724539827907,0.8323654130790615,0.8188709900831075,0.8514711233349251,0.8365572536675262,0.6979909988383566,0.8570532604901763
1378.13342967,0.886478562413633,0.8787326895478607,0.9034241803557146,0.7342787410500158,0.47993871590590936,0.4220470103591765,0.7432803720166886,0.3622223176909012,0.5686669663436335,0.23479077305662396,0.39014623108264956,0.8160452208236627,0.2948025404306855,0.3803735139463203,0.8409718907452124,0.5415328275792533,0.493328496691005,0.669411230468165,0.46483242343249986,0.6010612079416155,0.49382267006239694,0.7802877758360206,0.5900591427621987,0.8292125829261712,0.8067613373580995,0.846787501331375,0.8398315683816977,0.6910035796195791,0.8530027261010497
1383.78010777,0.8865877775213714,0.8742245400088784,0.9030194079755197,0.7336144537785927,0.4683609778290481,0.42281116960079024,0.7283153220895235,0.3645412581626408,0.5629345978730114,0.23685460427524196,0.3965311543604637,0.8142788163810508,0.295615193296978,0.37762669744858834,0.8228567227629456,0.5427153429401058,0.49069941076454743,0.6372243611492437,0.45286303040871395,0.5934331051533605,0.48813464273055546,0.7358871265838873,0.5446277420638054,0.8236703422726088,0.7907171173347115,0.8425463801407945,0.8436057987595866,0.6824064949436213,0.8480562850761422
1389.40721715,0.8866506163787908,0.8699670927528665,0.9018537373305668,0.7332647553787632,0.4551568552035916,0.4240531983188936,0.7087536459066899,0.3669199217401712,0.5556386307178135,0.2386711457133619,0.4028785220806894,0.8139419633615064,0.29648741720113875,0.3734361681855713,0.805088902866005,0.5425698248513442,0.48492119872872774,0.6225956684676672,0.44557742770549685,0.5840668931154585,0.4797284036741542,0.6875993880429376,0.48960704355733364,0.8160704529185006,0.7733051220574083,0.8383996959180494,0.8468685812251131,0.6721795743084709,0.8418437076471191
1395.0151167,0.8865719355188695,0.8661781165984612,0.9010322484893555,0.7331660473017353,0.4408228423632607,0.4254461100713983,0.6841256261753162,0.3691406398583618,0.5481390362423275,0.24022641905846018,0.40914691300241984,0.8141320446493105,0.2973215610342748,0.3741809460144804,0.7921874451264759,0.5405211326403024,0.47374432727614296,0.6266865914675531,0.4461171262993884,0.5737187114851786,0.4688296737954723,0.6749897263664524,0.4803687565120623,0.805819218343114,0.7582337461389902,0.8327220316835272,0.8489451540384603,0.6600872736719489,0.8339568024033163
1400.60415467,0.8869685045475448,0.8620062433505764,0.9000378480869314,0.7323766234086726,0.42707555263854646,0.42701693628789383,0.6528268878316839,0.3713713212145127,0.5430687494396393,0.2419448453222882,0.41588349249607454,0.8140561208944009,0.29824192158430085,0.3786975722723928,0.7887508968385613,0.5382079259274157,0.45478849155967216,0.6415027214544244,0.4535003298858924,0.5618186105227106,0.45600824531522194,0.67783835322103,0.5264353050274501,0.7915911242222806,0.7448418243124506,0.8240935256013731,0.8509306408339483,0.6457007471011388,0.8242511675896308
1406.19775036,0.8874385562167857,0.8572562716468536,0.8993500367223872,0.7314157942122653,0.41661980895371076,0.4287146910880171,0.6125913175253065,0.3737513426902896,0.5393902902669647,0.24413260294892178,0.4231187300064809,0.8136055763122297,0.2991986946799866,0.3824316406745954,0.7880611055941574,0.5364397001185369,0.4340278503866073,0.6539666075708859,0.46232492660167185,0.5503688795707984,0.4436726257434435,0.6717097048660747,0.5690838991622809,0.7717908875927606,0.7292311562806403,0.8123709729106521,0.8535430151009892,0.6290929051997364,0.8128984574138414
1411.81328293,0.8875744246764186,0.8532164531983848,0.8993473525630039,0.7305377878257999,0.4110470592936012,0.42996551948856443,0.5663278426383104,0.3761293427120791,0.5350553578593503,0.2465232614720482,0.4304230615260576,0.8136801734651552,0.30030779871790264,0.38496800754081256,0.7816353048278343,0.5355828618162976,0.42806419893494996,0.6617595437016345,0.46995359018744814,0.543727941649156,0.4342400115568378,0.6646412028454164,0.5901987153141411,0.7444819000404449,0.7100754146431605,0.7975878080682585,0.8559710971092226,0.611161610278559,0.8005156325274306
1417.45083527,0.8879337518347051,0.8500264704554442,0.8989934949821412,0.7294223946971773,0.4096040998668382,0.4307941353463305,0.52557036656795,0.3782933936414566,0.5298613144994939,0.24889266179180086,0.43761730024969026,0.8145343197399499,0.3013839984403131,0.3872152608290721,0.7907306399463828,0.5368140778672781,0.44330464379752893,0.665166136433492,0.475930642602012,0.5452372894914825,0.42873804705507224,0.6644332073046836,0.5998565673684618,0.7044581871094744,0.6909155975444955,0.7802660321747965,0.8573056405054066,0.5932336012834816,0.7882544348722417
1423.11049053,0.8887686376247652,0.8469162604731972,0.8985518176722527,0.7280508258800203,0.41054448791087317,0.43165308434624966,0.5052318559527422,0.38033748127408035,0.5245524157631118,0.2512782373068067,0.4448840446885824,0.8153576499184273,0.30238188385243936,0.38907052580869655,0.827056856862992,0.5407665409663751,0.4658267008250846,0.6665300513405243,0.48036052508920674,0.5538274827378278,0.42638723654346744,0.6713262586517328,0.6055108881861939,0.6545867361953317,0.6765926896154596,0.7614535132349053,0.8582451646936019,0.57643412132971,0.7773097000116646
1428.79233216,0.8894257890794086,0.8440661117926771,0.898067046904211,0.7263750222480084,0.412487393065449,0.4325085434175124,0.5118414620798756,0.38235921934166883,0.518883401969473,0.2537471724844232,0.45232155472872637,0.8156491044563506,0.30342336510628465,0.39045738248332745,0.8587316152457504,0.546197357008377,0.4828502390736443,0.6676134945935384,0.48393633519293894,0.5643116933652278,0.4262701633799344,0.6818602773561626,0.6099595490298954,0.631466736795363,0.6709820477494931,0.7429674404925346,0.8587428757172177,0.5614469458843316,0.7684941126368338
1434.4964439,0.8897326806369027,0.8413815152966354,0.8971446665330182,0.724553913199598,0.41473932030115573,0.43335647126119287,0.5382786099386968,0.3843731263424525,0.5128061592324654,0.2563600305414682,0.4599741353867331,0.8156896326284412,0.3044521124018746,0.391749598656823,0.8788927159291106,0.5517653531434268,0.4932517472571777,0.6690194696165639,0.4869892615494984,0.5734917691986563,0.42907718963851493,0.6929679306594614,0.613780988776162,0.6428164815336305,0.6748908337848568,0.7229510959514587,0.8586217474992376,0.5481544573539994,0.7623513705323021
1440.21938683,0.8898363311249404,0.8388095310874525,0.8962212623807785,0.7233464678194984,0.4168881369420642,0.43423027622699517,0.5721635643345404,0.38636901749593,0.5062585714248281,0.2590223868922407,0.46759601082257213,0.8165345102128366,0.3054280108885679,0.39332046455958947,0.8910843219729693,0.5562201626908754,0.5002581062556369,0.6705845937961866,0.48969804980830406,0.5808650462625095,0.4365891584190683,0.7029823056535145,0.6176293339514951,0.6591876354147952,0.6852046307605899,0.7006121224719494,0.8573680206574554,0.5363535466910178,0.7591678290330073
1445.9515979,0.8899862774119826,0.8362324184059241,0.8958157076832972,0.7219415777835986,0.41864410145881886,0.4348691779414487,0.6038689847436165,0.38837950495219065,0.49950689854919994,0.2618084918499223,0.4750090577448178,0.8172121181899552,0.3064624849418375,0.3951056184888675,0.8981674188544115,0.5596908334746314,0.5055071630973688,0.6721959824845274,0.4921570262897382,0.5859346230385072,0.4469793201061071,0.7110218067559942,0.621856670688955,0.6603481425279738,0.6984179562560274,0.6840371311046729,0.8546120290106478,0.5256949831329925,0.7587095933510264
1451.69304835,0.890120247198162,0.8339264625839049,0.8957923724890029,0.7192722052577526,0.41993325610052057,0.4353749230576421,0.6275458892084281,0.39038038693536276,0.4927281667542992,0.26453767019627733,0.48239376969421294,0.8173171744551496,0.30751293076715835,0.3972787650030534,0.9028628714719956,0.5628472891476303,0.509425558852303,0.6738865544715793,0.49426829900005553,0.5889045769878108,0.4556180466721151,0.7169008634403654,0.6256834541082036,0.6487347274055683,0.7125791392557561,0.6827966029455842,0.849607391323517,0.5160774745664588,0.75994989033169
1457.44370948,0.8902898410956706,0.8319076042252197,0.8957329949276764,0.715196550209578,0.4210727723682971,0.4359198726179737,0.6402360702069335,0.3922716844376544,0.4858797926779981,0.2673969229092115,0.489828334170667,0.818229165923491,0.3085009892195425,0.3995380934590309,0.907045344461559,0.5657714409544391,0.5123025421502151,0.6754907764734596,0.4960442361883333,0.5906717910303219,0.4609384290786255,0.7209539905811531,0.6286399450756811,0.6335080645891166,0.7249459346199135,0.6923192230872885,0.8411709181233721,0.5074764220558016,0.7620601889519399
1463.20355265,0.8903973791111908,0.8300919461775573,0.8959810697798619,0.7087816433533347,0.42285553750026805,0.43644870898260546,0.6446955890282678,0.3940541275693194,0.4787576546044931,0.2703190928783379,0.4974174819148546,0.8195388882246045,0.3094406829402569,0.4016197388995729,0.9102096544947562,0.5683941834311806,0.5146762635316133,0.6770686155401223,0.4975785023238956,0.5927788884748875,0.46451219966801954,0.725133989225726,0.6308958338431431,0.6184576807286569,0.7328119793479501,0.7019183922055073,0.8292918499043217,0.49967190731864525,0.7644672107800675
1468.97254925,0.8907831264476971,0.8284966142261013,0.896723313743238,0.6984015494616345,0.425834089968469,0.4367614802096954,0.6535413213542559,0.39580219705164055,0.47165200159566195,0.2731365212503554,0.5052047844332597,0.8204695402974157,0.31039090756832965,0.4036599683879096,0.9127640900453718,0.5708685501922718,0.5169644640257067,0.6788922916957927,0.49886276640676885,0.5955405174866746,0.46807067611257197,0.731822903893777,0.6331016316725532,0.5958766563945731,0.7358426757492432,0.7084227594889618,0.815907302475464,0.49273292591490786,0.7670392812330635
1474.75040717,0.8913857557211027,0.8269407510318434,0.8973543015339378,0.6852571321246937,0.4296488965535828,0.4365367037527388,0.6753752838260457,0.39754892843440903,0.46470916409334545,0.27612376091519214,0.5131222209019591,0.8214965217703825,0.31137851884724244,0.4055048301893397,0.9154016512710348,0.5735941224348856,0.5193736806407399,0.6809706789502487,0.500102151679002,0.5993196586768716,0.4720711304526558,0.7411932460663804,0.6354930798769887,0.5683876999599584,0.7376374512830896,0.7122558856558432,0.804942935404602,0.4869513411418273,0.7700774300591324
1480.53455271,0.8915277446388625,0.8254822314733271,0.8982195521375376,0.6796540809701481,0.43369913191395404,0.43588825329355485,0.7026867400081099,0.39930102278912766,0.4575304304099222,0.27913230287481017,0.5209522221189489,0.8227974340073047,0.31245872915587325,0.4072842602310366,0.9177311601868924,0.576094531068096,0.521525612957813,0.6833096042612482,0.5017362175148408,0.6029886090348885,0.47610720936933126,0.7517060642602197,0.6380440360302212,0.5737699230168098,0.7436902778396599,0.713629835299216,0.802873100249665,0.4823138686646911,0.7737385372490988
1486.32495713,0.8915110562583716,0.8241407757828839,0.8995048215174895,0.6883671491897558,0.4377392352491929,0.4352419959403771,0.7277516376518546,0.4009458937903049,0.45037775328245994,0.2821797361583277,0.5287471455639962,0.8242897904632271,0.31356086505756336,0.4088700155971323,0.9193628299605067,0.578239528945452,0.5233334279626242,0.6857141069318198,0.5032755002782228,0.6060821664935379,0.4797610549055524,0.7615292731396345,0.6404492061560121,0.6186928547364308,0.7536830904742889,0.7128317491469909,0.8131880284245263,0.4782316279478642,0.777897203343293
1492.12159183,0.8918832227761682,0.8228922195302953,0.9004287561912385,0.7033109748326978,0.4416022989057758,0.43416979582291904,0.748974087162248,0.4025835029032515,0.4432718253218884,0.28542189329947304,0.5364679300752864,0.8253402873853898,0.31461419213460984,0.41032105827598614,0.9205751548264725,0.5805030696584315,0.5247938446189331,0.6880591920384721,0.5045868608545869,0.6088245413946237,0.48297079705713175,0.7701948430665272,0.6422429969229967,0.6586555477006525,0.7635874680314951,0.713314657793817,0.8276820808247539,0.4741236590997254,0.7823404912942752
1497.92442836,0.8923274399717643,0.8218318764222392,0.9006932555417251,0.7143263754543764,0.44523725419273574,0.43229054365292285,0.7663542375534594,0.40434787613381734,0.4360965143519526,0.2887931403947968,0.5438864953002793,0.8254066756664316,0.3155243469861764,0.41166502792904236,0.9213014550077749,0.5827755280340966,0.5257627355325257,0.6904928971551257,0.5058601533070459,0.6111743644392356,0.4858180796098483,0.7780172273901704,0.6436548726837975,0.683889672362883,0.7728899824902918,0.719675810589852,0.8370281381996726,0.4698065683680861,0.7868104320817051
1503.73343845,0.8925906436780612,0.8207879180668741,0.9011923314633372,0.7206834083083712,0.4486086434699246,0.42991030096103316,0.7803157842825523,0.4060841659574156,0.4288354430405008,0.29218411634126307,0.5511108217302825,0.8252464236692096,0.3164273738756182,0.4127032204634777,0.9226944451964832,0.5850234038157951,0.5265344657803486,0.6930580193372274,0.5070196958462418,0.6133530110432936,0.4884432616964739,0.7849102382909642,0.6448592111298126,0.7040023088292348,0.7817522798100487,0.730362853821395,0.8417241326070515,0.4651308183157149,0.7910889719903719
1509.54899004,0.8927538022803067,0.8199251726400658,0.9016927489631478,0.7244686155173896,0.45170177849117693,0.4273118633285548,0.7918795109506684,0.40763816731740365,0.42162336663690136,0.2955151890692166,0.5582139810281782,0.8255268946434254,0.3173726018625991,0.41382550114941674,0.9244998706846734,0.58722895955128,0.5275105359381047,0.6957857518717516,0.5081569044248315,0.6155538141417916,0.4908241786576331,0.7912000958387054,0.6458234726491698,0.7229069571401756,0.7892333574239145,0.7401388195209282,0.8440820431768921,0.45998488684758626,0.7950393264674492
1515.38336105,0.892789607932312,0.8193259270864938,0.9018920394396783,0.7272502783602346,0.45454985856360736,0.4247230818389258,0.8020924220801408,0.4091799745687978,0.414492110406824,0.29900488407340864,0.5654126688973519,0.8265531640989824,0.3182783749454571,0.4151415996166778,0.9258230614914297,0.5893327333873628,0.528268110190165,0.6987573585331639,0.509287247566509,0.6171274641320647,0.49294520831795,0.7969421800003789,0.6466523995063056,0.7379560531206387,0.7948068545287311,0.7462605559765197,0.844705501669507,0.45450705859582613,0.7986031831848425
1521.23658861,0.8929467339235092,0.8189621908482352,0.902109718231262,0.7293678619762504,0.45714872023455416,0.4219576842865797,0.8116638537532322,0.4106896361341773,0.40726950375881477,0.3025259254692481,0.5724675917660358,0.8275693882373409,0.31918815281201957,0.41634952806262904,0.9266070715989074,0.5911621332765448,0.5288577813032327,0.7017041306249028,0.5101962357117819,0.6187598405496872,0.4948870316313831,0.8021966042572126,0.647134659320924,0.7485511358892597,0.7984541456983778,0.7486668464880596,0.8440834458234229,0.4486216712018211,0.801757416519048
1527.10870977,0.8930657217407633,0.8187019158918692,0.9028878404676122,0.7308327448765504,0.45949213040710524,0.41904793493644854,0.820088023678423,0.412036271031772,0.40017841203294646,0.3058979352618186,0.5794890942076398,0.8282672823151468,0.3201217981097517,0.41748013242685533,0.9273732071072736,0.5927509962876152,0.5292812749995115,0.7046090467912851,0.5110088704161234,0.6203194422892159,0.4965997737673939,0.80725630791228,0.646862185466995,0.755671063460506,0.8005590485654023,0.7488797326835132,0.8433420058435479,0.44242626806078766,0.8045223686699339
1532.99976154,0.8932053141386335,0.8185110062410281,0.9040519335399015,0.7319147692119023,0.4616100186757484,0.416089525872048,0.8272343020954485,0.413236816813119,0.3930672530676267,0.3093870856100222,0.5865400260582818,0.8287169954698808,0.3209272204092058,0.4186752742767472,0.9283732192111409,0.5947720348077096,0.5296053465329974,0.7072181764485899,0.5117881909129748,0.6215995387870078,0.49812952705059327,0.8119911706978756,0.6463438466182583,0.7606660627634015,0.801934152129761,0.7484859269306363,0.8426656236256345,0.4361201380577828,0.8069385657962053
1538.90978084,0.8935267171041329,0.8184790766843163,0.9050066877033577,0.7324551256603875,0.4635337206770992,0.41401877995160624,0.8331330581091702,0.4145268791160218,0.3859655575715772,0.31295161491724816,0.5933951090110028,0.8297675309748029,0.3217141252862074,0.4199506378337659,0.9292829692533293,0.5971408181233607,0.5304520474972021,0.709397682104453,0.5126277012533176,0.6230533580407296,0.4996464788474765,0.8166475524252095,0.6467671416827426,0.7648976225258908,0.8039013674088736,0.7500856425632979,0.8422254925364268,0.4299402346359321,0.8090855677465105
1544.8387776,0.8936053501418519,0.8186794035358477,0.9053023421682187,0.7329005797740695,0.46529478575013256,0.4148089767910539,0.8386198046718444,0.41582332384845855,0.37908597239763403,0.31641323168974106,0.6000542462483074,0.8306952767468394,0.3225648788304279,0.4213719052586527,0.9303564923060774,0.5990593046079087,0.5320485861180427,0.7109890115898932,0.513566167276463,0.6242121884836094,0.5009490039197236,0.8210174891226137,0.6486851987753672,0.7679701744281546,0.8074784621961745,0.7559458960259993,0.8425020331396355,0.42483405526627505,0.8110529894338976
1550.78660554,0.8936428022082331,0.8192323686669696,0.9056310784210962,0.733656741961744,0.46683375093244783,0.4186451884781383,0.8438556225166615,0.41695500016527426,0.37221675776183477,0.31982581935966237,0.6066192220990748,0.8310849061508698,0.32323426266795985,0.42283206219785185,0.9309513290265026,0.6007555491905178,0.5339245914174078,0.7121788681425741,0.5144467425939995,0.6246102380599647,0.5021575632043015,0.8248442831466551,0.6510857731725499,0.77004267940473,0.8125847529119321,0.7658941088139398,0.8434011379499459,0.42216361806915004,0.8128256670933662
1556.75329898,0.893794766919914,0.8199061290915709,0.9061299419171716,0.7342642268664847,0.46816303123557396,0.42438540538445035,0.8482928913742059,0.41799162844947046,0.3653392793669719,0.32315562964148525,0.6130922102258901,0.8315815606805597,0.32383707125859673,0.4242795696333787,0.9309946244440427,0.6023979471228498,0.5357921748973976,0.7127793299585947,0.515333663944812,0.6253216332983342,0.5033785526237233,0.8283541420989257,0.6530025550453559,0.7714435730198069,0.8179701921758569,0.7776943192101358,0.8450975474231649,0.42159005851561016,0.8143922391775098
1562.73889214,0.8940477738259356,0.820434639205747,0.9067101939997736,0.7347522371167943,0.46933268381860294,0.4305811301773184,0.8519800465751255,0.4191340856137491,0.35856599194654737,0.32627604799989657,0.6193820766810857,0.8321928291706269,0.3245219661262618,0.425664299330572,0.9314386233841812,0.6040844887359377,0.5373285251782327,0.7130495496339423,0.5163701158026823,0.626214628876322,0.5046004690613365,0.8319215517403472,0.6543483267757939,0.7721993031303567,0.822864310961158,0.788724321004707,0.8478435374110576,0.42162781698579654,0.8158247039347599
1568.7434192,0.8941419656178866,0.8211003781643562,0.9064802598276893,0.7351146180909293,0.47030299403109627,0.43638550276738086,0.8551489812726499,0.42028096974012447,0.3519188354601081,0.3293851985518395,0.6254547781019495,0.8321615873904711,0.32507995098438935,0.42713403637617714,0.9320520924622703,0.6056718793107247,0.5386835155353141,0.7134344675232346,0.5173691370195737,0.627556299019112,0.5057938730560281,0.835064962887707,0.6553810319186861,0.7723278383368393,0.8271565096755097,0.79812759971206,0.8508600122231407,0.42134502971919574,0.8171685445413543
1574.76691423,0.8941082462975828,0.8219211157330324,0.9060561720399648,0.7354064663522792,0.4710890250979614,0.44173327644771365,0.8583122288389026,0.42134184767639554,0.3452252294684723,0.3326474774441915,0.6314647749287102,0.8321600358197633,0.3256200838798009,0.4286084362853873,0.9324561170174551,0.6074477391323754,0.5403576554522046,0.7140050415526371,0.5181848974284268,0.6288845775586984,0.5068652589913445,0.8374933762278841,0.6563714918512034,0.7721107646240959,0.8308917559766396,0.8060389522889935,0.8539379941918701,0.42040441147825547,0.8183849307309978
1580.80672696,0.8940913655248586,0.822534322914396,0.9062835798192415,0.7355586548091799,0.4717602705703557,0.4468846151352213,0.861665873785882,0.42238040814099503,0.33865402038383025,0.33591276217417354,0.6373355164305482,0.8324457067996798,0.3261829302187081,0.4302442619791452,0.9329026613537138,0.6094417025739729,0.5422081773626862,0.7145924394499181,0.518877809035413,0.6294310158156693,0.5078581010627444,0.8398105604459604,0.6572857742249901,0.7715261985786825,0.8339197733514359,0.8134962300617694,0.856703219188643,0.4188024095396955,0.8194812168638091
1586.85843732,0.8942634864003042,0.8229288116999305,0.9068322235380711,0.7357332713869481,0.4722908244476895,0.45188236566028217,0.8649413019603026,0.42331202980863447,0.3323021502471614,0.3392153909735778,0.6429257312854348,0.8326631824789807,0.3266804243083483,0.4319135643144632,0.9328733685063961,0.6111690064918949,0.5440737881320578,0.7149935777609885,0.5194936265221369,0.6301727009208773,0.5087575153202808,0.8423227870777447,0.6579902759724074,0.7707420847966696,0.8361434170070529,0.8203830510537256,0.8593829281883679,0.4166088588043994,0.8205335296182912
1592.92202448,0.8947949368001206,0.82326827730272,0.9069003247736717,0.7358853093955632,0.47268790891617357,0.4565761385451056,0.8674018131986763,0.424124057719277,0.3260326603701512,0.3425737807943243,0.6481829554318597,0.8327181158954317,0.32720055149864236,0.43344814393869996,0.9331257940073194,0.6127404216815456,0.545882051401434,0.7154267267825877,0.5200457866260619,0.6310397073819469,0.509604952162449,0.8446238430898831,0.6586177107409946,0.7701163544974489,0.8383394364590946,0.8267434092015893,0.8621383547859495,0.41414372566627744,0.8214938595171842
1598.99746754,0.8956449595303598,0.8235897762456185,0.9063242782165336,0.7356292823880756,0.47296237313059347,0.46094184247579834,0.8688475963414103,0.42490527264085876,0.3197737096535766,0.34585315160135494,0.6533033234639984,0.832669177457371,0.3278484593449946,0.4350515468656534,0.9335042796430427,0.6142182851900204,0.547407554688753,0.7157584493387102,0.5207865077535053,0.6322545871699448,0.510469882958292,0.846580078490356,0.6594225265761015,0.769243761398178,0.8411007974743863,0.8330820086664323,0.8646596201634331,0.41177346194170256,0.8224335026083289
1605.08474557,0.8959386976752455,0.8239539306985781,0.9059125954216749,0.735554496197235,0.4731099056327907,0.4650211537354223,0.8703000229629974,0.42565501229438457,0.3135262079728108,0.3489666981454135,0.6585064358382139,0.8328671650817694,0.3285124116795605,0.43653897303825073,0.933746746568841,0.6156533148339937,0.5488154667878494,0.7158108240703193,0.5214630964209997,0.6330529969311429,0.5112169800201937,0.8481645006241227,0.6603732387836156,0.7677304427731677,0.8435311800812787,0.8393995003657232,0.8668055542656254,0.4095220714247245,0.8232891449595647
1611.18383758,0.8958237120956971,0.8242045376286721,0.9060392292872298,0.7358998252521203,0.4731417039585753,0.4688734239548928,0.8721431850091846,0.4264102088327998,0.30753732760449476,0.352147260693822,0.6634077978199542,0.8332169981198475,0.32912877614345365,0.43792429645634484,0.9337100576128372,0.6175409882356114,0.5505434625674515,0.715813168939677,0.5222797608365197,0.633644690264728,0.511927075783136,0.8492821047234633,0.6611803524035595,0.7669030681532726,0.8451119338398742,0.8455107275218684,0.868677296172172,0.40783802085246956,0.8240705836542906
1617.31109985,0.8957157017488868,0.8243974530699917,0.9066651479467679,0.7361012686205972,0.4730755320008074,0.4723973228337316,0.8740102048830152,0.426889119773536,0.3018379340895499,0.3553822022041131,0.6679614682337471,0.8333025794125212,0.32958904060219146,0.43926640907632925,0.933189753164615,0.6190371048183855,0.5523390456581465,0.7156407935835039,0.5229000852198417,0.6337729192423472,0.5126154482958297,0.8506602935593822,0.6618002766168992,0.7663816794928126,0.8465296679046963,0.851219984219035,0.8702764903443305,0.4068210193769995,0.8248041984819953
1623.47024896,0.8958622055993652,0.8243629175647723,0.9070315545822792,0.7360758914824811,0.4729471006099536,0.47584543744436536,0.8753705267681964,0.42709620793522884,0.29622517183076835,0.35856035287595683,0.672218248093947,0.8330109789309159,0.329851118686234,0.44064398220738477,0.932411105180191,0.6202865186491477,0.5539852357013997,0.7152303994386786,0.5233619478257208,0.6335844885224169,0.5131392665594617,0.8519761807532095,0.6623777366203947,0.7655728193933969,0.8478907522065242,0.8561223873606296,0.8716270690540807,0.40648432068656526,0.8254896260790228
1629.66154068,0.8959860823721988,0.824074263203769,0.9069726809138211,0.7360823679430163,0.4727364567042811,0.4794702200591263,0.8761208267285878,0.42728323040342403,0.2908685890692249,0.3616168770223952,0.6764595988298571,0.8327275673010135,0.33006732012007023,0.4421011105862541,0.9317770192976436,0.6216484346462361,0.555480001922511,0.7148888844935893,0.5239519952590989,0.6336693405740118,0.5136467014957278,0.8530295776184134,0.662904961437894,0.7645282414176598,0.8491101196068197,0.8606870477642967,0.8726939121733802,0.4067512707035777,0.8260942425652912
1635.88523392,0.8965179730794746,0.8234774768475337,0.9065453513250609,0.7362278512505703,0.47241779381427307,0.48307608636840343,0.8764979973368162,0.42760523199180916,0.28569752108116864,0.36477057383019273,0.6806576497004947,0.8326988554111073,0.330273037015718,0.44357272858557906,0.9314206418510643,0.6233784536870229,0.5567368138898957,0.7147176388493284,0.5246393600113315,0.6341605273160891,0.5142659835800653,0.854308379337564,0.6634107121819856,0.7634347719009561,0.8499428741384394,0.865043085852916,0.8736282489759252,0.40779526459016124,0.8265707881349852
1642.14159076,0.897095062509806,0.8226846170708358,0.9058705603113769,0.7363613040602168,0.4719424504541634,0.48664697211582136,0.8764271014612037,0.428060350947241,0.28073206891574476,0.36782677552234105,0.6845057286075401,0.8327662395804545,0.3304965407226333,0.44504439857340283,0.9313425344949918,0.6249382981112749,0.5578287566671285,0.714433168440879,0.5253385076175346,0.6346193979106369,0.5149234893101106,0.8551937226323746,0.6639837623602649,0.7621505408671749,0.8501065496299003,0.8688008861509318,0.8746436691560954,0.4094468090289588,0.8269280609444728
1648.57498892,0.897183201541159,0.8220822006473767,0.9056711915988128,0.7363658924821322,0.4713255318243947,0.49039506165222513,0.8759779734529523,0.42843039625844204,0.27589001442163624,0.37079067595745313,0.6882940184976148,0.8328477142991354,0.3307266851915635,0.4464608830379884,0.9309148376160657,0.6261166271069277,0.5590521065285619,0.7141974163391719,0.5259217385007509,0.634994473145935,0.5154112073734332,0.8556479565569035,0.664554470510322,0.7601784966864079,0.8498557517847284,0.8716197834536307,0.8749504141851281,0.4109164645469953,0.8271694918244157
1655.33520858,0.8970889547601935,0.8213647390611158,0.9059446221851958,0.7362933965719971,0.470571054106809,0.49415030623966755,0.8749699781198053,0.42854105631514944,0.27103183338331743,0.3741633656822747,0.6919006329451515,0.8328298837945455,0.33103014365458183,0.4479394232825745,0.9306848249850184,0.627034435806704,0.5603140595782847,0.7141261620664442,0.5263629889215764,0.6356164454586009,0.5159183430946371,0.8552456711116787,0.6651544191126871,0.7575940701718581,0.8486163830512421,0.8737171601479857,0.8747299154097786,0.4117525645458908,0.8271734751039311
1662.47344048,0.8968044717037107,0.8203992381083572,0.9066076563603169,0.7359607744709198,0.46965614791232785,0.4977022035064326,0.8730280103629245,0.4285209339328609,0.2660035376554099,0.37765224465058633,0.6955939906212438,0.8324982681193427,0.3313096546357252,0.4494034274120943,0.9299866786827017,0.6277781791025302,0.5613697297067054,0.7139901704814079,0.5268836631261968,0.6363923803484958,0.5164525814701907,0.8544971985178336,0.665741358163321,0.754273091630443,0.845558959853447,0.8748503459362137,0.8739502978693524,0.41209481511121615,0.8268708350531826
1670.05561049,0.8968946871503651,0.8194844860674105,0.9072309923355871,0.7356983809697424,0.4685650232462475,0.5011117448106204,0.8701073146115436,0.4285538428225569,0.2607584095444779,0.38088421309148174,0.6994906280765488,0.8320088038158769,0.3316038309485527,0.4508216952832447,0.9286647165272597,0.6284248391771282,0.5622359782800002,0.7135329090526049,0.5274172502248441,0.6370797663917874,0.5169025569635332,0.8535763306086316,0.6659710042068124,0.7497832606088887,0.8414192946896119,0.874551123337452,0.8733016009393177,0.41224524312513394,0.8261609610016407
1678.16902352,0.8971404174213989,0.818358780261005,0.9068302652850383,0.7356319187441813,0.4673357707325343,0.5050026067321355,0.8662900368064733,0.42849632357844775,0.2550417316158829,0.38417262175006317,0.7033179323420098,0.8316391474926429,0.3321138273567914,0.4523885701265984,0.9281073978109453,0.6295703133338657,0.5631988788903923,0.7129657445773941,0.528031588474538,0.6375202789625328,0.5173767656719842,0.8524164509470338,0.6663492750695899,0.7445404477077449,0.8372111506734246,0.8725495861711111,0.8735082536885165,0.41214150184298926,0.8251620111906741
1686.55255666,0.8972413393736661,0.817149647846419,0.9062453186727022,0.7356208860754228,0.46599324752379545,0.5102131686447127,0.8622725215863328,0.4283950371924003,0.24931385895378835,0.38743006203369845,0.7070086257695501,0.8322471694677517,0.33252657002493596,0.4541032181501323,0.9274442620956428,0.6311142941409223,0.5646666844107839,0.7124318023696088,0.5286491363709745,0.6376809805448914,0.5178917384176653,0.851171968994529,0.6676560039699289,0.7388736105665011,0.8327973579390267,0.8681777757513279,0.8742544968073309,0.41191008695418263,0.8238128220803811
1694.9652068,0.8975557091454043,0.8159854864928026,0.9064170435763648,0.7355663210371077,0.4644849541070344,0.5165217489596143,0.8574515463341967,0.42822512745102914,0.2440220966470075,0.39057500752025376,0.7105220965107767,0.833677136499384,0.33289744689164713,0.4558718480234393,0.9268382668153347,0.6328628304635361,0.566378955907698,0.7118180014256573,0.5291750078436122,0.637704850455124,0.5184709591525501,0.849413487773822,0.6698064854010876,0.7327636541220013,0.827440989448402,0.860544528268987,0.8749485241786678,0.411700673186802,0.8221030460474283
1703.40698655,0.8978654530369383,0.8151439634670927,0.9073558760884601,0.7355322692894888,0.46279307586486607,0.5218043696169844,0.8512057120506424,0.4279658082999248,0.23924718122956462,0.3936703954513681,0.7137836207742334,0.8346651096718872,0.333320756243716,0.45747045782740287,0.9261548894742335,0.6347562768799345,0.5675937189274628,0.7111340109020801,0.5294850441686024,0.6376382047894734,0.5190970310791777,0.8468109715195382,0.6709354197907592,0.7255319136619536,0.8204440373339932,0.8490090313801129,0.8757074275672612,0.4116702309192615,0.8203291959512836
1711.87790799,0.897757728040835,0.8142401999749741,0.908282429519649,0.7354002673931209,0.4608521009879437,0.526150595440057,0.842570873387886,0.4275744169130689,0.23463741710865046,0.3967031790066892,0.7168503008802902,0.8345254926215909,0.3336184276888337,0.45856551796817285,0.925168027104777,0.6364305378469168,0.5682436155709747,0.7104101030549462,0.5296031385377795,0.6374807013280513,0.5194155629482444,0.843359218317916,0.6703372196039079,0.7157639877459495,0.8116106811883592,0.8337884730541102,0.8760540051582083,0.4121405921180391,0.8187285396917813
1720.37798277,0.8974477917356566,0.8132364281133052,0.9089247628792554,0.7351069538788907,0.4586133261293643,0.5309130869548712,0.8318059205295893,0.42705820302700986,0.2301857755112951,0.3996160628426938,0.7195217815107551,0.8333000726462572,0.33381967240960486,0.45956904248741476,0.9239620675439094,0.6378692125689651,0.5687073214625714,0.709645076347884,0.5297968665272782,0.6369293189877476,0.5194983999309007,0.8391758093982653,0.6695730204786263,0.7021072030969012,0.8011937706900965,0.815578508170972,0.8757033425914059,0.4135414874067229,0.8172344755183101
1728.90722205,0.8969863271710456,0.812334367158833,0.9094959006195978,0.7346750259938789,0.45613425405184194,0.5362398729368585,0.8184589039209921,0.4264583589816424,0.22592133438787695,0.40227431249230255,0.7217165877334848,0.8325132761925655,0.33402584456537987,0.4606955748950864,0.9226084426785984,0.6391182395780917,0.569528465841251,0.7083640495460358,0.5300501559067862,0.6361178592911735,0.5194820846271839,0.8343297762290812,0.6696864928399126,0.6839508306590999,0.7891979071484903,0.7961740602581822,0.8747922866353696,0.4156826380971185,0.815776448862926
1737.46563653,0.8964808841457835,0.8115955446751183,0.910162434419777,0.734251658099193,0.45346695158409916,0.5416430743150373,0.8016481832758416,0.42560971924105023,0.2218242988022132,0.40478279573688253,0.7237704064135239,0.8329641471006805,0.3341389039196241,0.4618402465683582,0.9209101033144392,0.6404794296075648,0.570469207809329,0.7068508094124855,0.5300562002407716,0.634810112686963,0.5194164334167569,0.8287797323236842,0.6707554961804956,0.6629430353170688,0.7762619544715651,0.7780589071536175,0.8734612321942301,0.4183205490339034,0.8144130860849041
1746.04891596,0.8958815959511619,0.8110192258677572,0.9103206711793369,0.7340642277691283,0.45060740642917957,0.5465310341473896,0.780732213034319,0.42441559148813596,0.21799526027919958,0.40743667821622553,0.725832213031915,0.8329430949364591,0.33414544642086214,0.4628638894716713,0.9190260478843411,0.6417959243809542,0.5711689036999349,0.7052046350076637,0.5298270717198399,0.6334633051735236,0.5193442083023442,0.8228711324137395,0.6714185071087269,0.6418291899001233,0.7636716424754498,0.7648974099992364,0.8719511610406935,0.42147800439391175,0.8132369438748585
1754.65358123,0.895051674111827,0.8102347408438121,0.9101499791478258,0.7340447394402085,0.4475856692096635,0.5506550811470324,0.7571443320819207,0.4232509319469517,0.2144549350521751,0.4099630018043483,0.7276454774178515,0.8323453103734093,0.3340407180997692,0.46371372371349917,0.916805753915223,0.6429762777652201,0.5714200065361841,0.7035896997186671,0.5294949530949593,0.6324597711969231,0.5190925324017375,0.8167929091156595,0.6715822760377295,0.6250481738196236,0.7528342686572662,0.7596673693054348,0.8701518045723015,0.42500542413563214,0.8123113643855647
1763.27958128,0.8942717231012789,0.8091155391863945,0.9093740355384085,0.7341103445680195,0.4445391206117088,0.5545254716983734,0.7335549247373085,0.42198599478186716,0.2111092573502875,0.4121677593285632,0.7292509907805804,0.8317894779395998,0.33392950574392477,0.4644411748576264,0.9142701769420284,0.6442837020262563,0.5714644814250001,0.7021609354175797,0.5291494226816912,0.6313985486382254,0.518834779078155,0.8106285277442143,0.6709880608214844,0.6163272882173996,0.7448170953031064,0.7611327652348283,0.8681383130445499,0.4285824997839474,0.8114424813167004
1771.92686491,0.8939211125513956,0.8077300617534121,0.9080134596163584,0.7341132147120206,0.4416291316824673,0.5583668375788564,0.7128651700523684,0.42059969615314036,0.20800655137582638,0.41419983236969804,0.730643518241512,0.8316219541875306,0.33385828255120303,0.4652310063773686,0.9113195772256536,0.645497655800714,0.5716466032367206,0.7007616032772086,0.5287914372915936,0.6301819270491463,0.5186215464902756,0.804592300145527,0.6697712945771211,0.6196461709054925,0.7403111314837377,0.7650018790594422,0.866170349342272,0.43208174582891345,0.810433120249477
1780.59538078,0.8934750987023307,0.806028348688188,0.9065098177052185,0.7341259375863547,0.43893574495068277,0.5629710664653985,0.6980194438817454,0.41905217082613694,0.20505390027733364,0.41609275446779087,0.7319060310479811,0.8318131084973778,0.33384886504303324,0.4660240823284425,0.9081188458888656,0.6466684401425051,0.5718622341931014,0.6993548796558251,0.5285262926531917,0.629069683092097,0.5181498201592166,0.7987113626843464,0.6688530586862197,0.6361371112056963,0.7394727398265721,0.7702916920398929,0.8642384466411837,0.43561631040877474,0.8092929234986808
1789.28507741,0.8926876825666058,0.8041838640835477,0.9059355377334543,0.7340420501062562,0.43651168470985563,0.5678096792098554,0.6894836881471563,0.4173954526778632,0.20231512792385925,0.41793889275173923,0.7332714031764442,0.8317773133129021,0.33388909788996496,0.4669230605523918,0.9047101498954302,0.6479186698650224,0.5719317278567204,0.6978027285113062,0.5285900021144931,0.6279809072573941,0.5176617986129072,0.7930334302481392,0.668028131832624,0.6610349101612392,0.7422774518612738,0.7779304919694254,0.861989521666027,0.4391436517766161,0.8080163613955061
1797.9959032,0.8917904081756494,0.8021729241436768,0.9060831858261431,0.7337636836561294,0.43426505850570635,0.570642371182483,0.6852799742123351,0.41574358150579066,0.19987505073004436,0.41949151965681536,0.7345973798326679,0.8310553157292345,0.3338691304743166,0.46775130616421,0.9018251862881188,0.6493692000071957,0.5716951791221284,0.6961533082708405,0.5287132170426645,0.6267608317590435,0.5170433818979946,0.7874974809054227,0.6656907356008679,0.6852487686564088,0.7472749730201808,0.7868527218784082,0.8588257495334933,0.4425618083438341,0.8065581910531295
1806.7210252,0.8913142206537559,0.7999416508306153,0.9059956155846152,0.7332347510831699,0.4320679030507948,0.5710167876127318,0.6868836700252844,0.41397419113425776,0.1979429682260788,0.4208573165223793,0.7357814729757514,0.8299005976531616,0.33386406031316174,0.46839545086441103,0.8995722450336079,0.6506500053070969,0.5709137439052133,0.6942846369684395,0.5286632544013609,0.6254170834490985,0.5164530230233757,0.7821224830518096,0.6624986758211865,0.7009168326748264,0.7528338395158577,0.7943398784866493,0.8537508552490892,0.445654159027181,0.8048831679823052
1815.45600983,0.8910775944243081,0.7974734557580044,0.9050878186444734,0.7324173450108915,0.4296842661332005,0.5685701862562611,0.6945207579825273,0.41205447905492104,0.1963195748272599,0.4223762987609339,0.736846102833045,0.8287756403270086,0.3338001496559125,0.46897068276913845,0.8978045156107657,0.651912124442368,0.56984569805386,0.6922301258176916,0.5284701309845862,0.6239394327121903,0.5158718349870753,0.7764793802928361,0.6590838037606639,0.7086224394893942,0.756709012172915,0.7991255229278907,0.8459577493331909,0.44805750204070705,0.8028697203118643
1824.20079533,0.8905388243137288,0.7949013351306898,0.9046000599816384,0.73136223653919,0.42680144193944114,0.5652422707237619,0.7032086500783749,0.40998336363650006,0.1949217230524118,0.42386503935313985,0.7377070525987757,0.8273413789801931,0.3336975076978885,0.46918400186765236,0.8965389208031028,0.6528320416691913,0.5687406117415695,0.6899131786131466,0.5282572430407283,0.6222000842026199,0.5150883265108425,0.7702806403384608,0.655972047830017,0.7113742146726554,0.7572172526539587,0.801029313462691,0.8345676978726001,0.4491315973301246,0.800347778194652
1832.95532041,0.8892923991941184,0.7919986870215135,0.9047349708693554,0.7302904297207702,0.4230399442177039,0.565222383001442,0.7075186678796305,0.4077707591206176,0.19352985819175345,0.4251088826558849,0.73854043267079,0.8257797321932739,0.3336681539366167,0.4692987532009018,0.8950227521910692,0.6536003880884512,0.5676833887787107,0.6866584250418866,0.5280702686625258,0.6195923095805076,0.5139924019672883,0.7622778921939032,0.6542505098617275,0.7111575175059848,0.7535813654277915,0.7997098824075194,0.8178555888293781,0.44830992285365334,0.7969929135600753
1841.71952428,0.887670287941537,0.7885267245547587,0.9043197454035233,0.7290782319371076,0.4177480971800435,0.57106223619455,0.7046217510559525,0.4057419760069897,0.1923387461401656,0.42650808168781945,0.7396038550161913,0.824461776777778,0.33362256211028674,0.469137829871043,0.8932839283918468,0.6534849263184946,0.5666287469066392,0.6823191089563949,0.5272249334214251,0.6155220689570777,0.5126058604404204,0.7521764772916103,0.6524782511122934,0.7086986507603159,0.7455634897609329,0.7943054851052633,0.7987408760045989,0.4450240603250521,0.7923257432299754
1850.49334662,0.8862554239671974,0.7849264261947564,0.9034099374314344,0.7280289228146085,0.4098561713216482,0.5799445957838688,0.6935337701383338,0.4036520820623096,0.19160954523144205,0.42766248387106826,0.7406393475166861,0.8227023116801577,0.33360721900052026,0.46890238510274246,0.8914945707408042,0.6530869519005659,0.5657375875726021,0.6763960339603171,0.5258074760000417,0.6101659841060489,0.5103846741854249,0.7374863147947571,0.650066408136055,0.70447150471737,0.7332890952346338,0.7840178028339589,0.7896279577360935,0.4389039780590831,0.7857222204152301
1859.27672761,0.8847527435056163,0.782359996802927,0.9018366210802581,0.7269558933237892,0.3976852548856745,0.5871536531801246,0.672980880756183,0.40127347021242304,0.1913094670195063,0.42859755492722895,0.7414710904331214,0.8191594223495076,0.3335963053257031,0.4687777315189733,0.8893918019218829,0.6524240640101644,0.5650909309518701,0.6677581566865184,0.5242976885845005,0.6021210347109349,0.5067172735918878,0.7149927219203139,0.6466495074407013,0.6988162212552438,0.7163494301303444,0.7674160579027511,0.7941261278609596,0.4293861456104142,0.7762837685301942
1868.06353858,0.8828078589874575,0.7792275059157207,0.8998500005454511,0.7251672873751631,0.3787870334722165,0.5915859837536059,0.6400408008520643,0.3987328770158708,0.19145840978063713,0.42952372842568376,0.7424085975696062,0.8126050580410592,0.3335273868703462,0.4688352115535118,0.8842269480894398,0.6506498681653444,0.5644372877636582,0.6546164984817855,0.5224165047425757,0.5884324071219494,0.5007967883124239,0.6809717915264166,0.6413359582347206,0.691409517633308,0.6932080006276856,0.7430398386833905,0.8072769648188756,0.4152240431741586,0.7629164714004092
1876.84916726,0.8810601016404463,0.7723856215007571,0.8978265705578898,0.721817089913648,0.3507482274202651,0.5952140605866398,0.5916753462004671,0.39672063330060486,0.1918662193272146,0.43042547114787705,0.7431768327526526,0.8035047232374216,0.33342830199859813,0.4683585830037205,0.8757069591007625,0.6459238985381753,0.5634895174410823,0.6364171233603974,0.5185939797087306,0.5648903180179747,0.4908737155718994,0.6327679436778801,0.6332685596440402,0.6810127244596688,0.6619067062600562,0.7102710290919263,0.8241831778296389,0.39500635310527715,0.744258245472849
1885.63362519,0.8809604354656044,0.7617727250879849,0.8947976188712549,0.7195506003617764,0.31434777214595355,0.5997601369815251,0.5285469339195928,0.39438126556631065,0.19251737130088395,0.43099747468237076,0.7437123387789201,0.7961499191535888,0.33338207133378267,0.46849730246791643,0.8658252502110156,0.6393299370005197,0.5624989724684576,0.6130399133965917,0.5135300842462652,0.5296491324604647,0.47458555011661824,0.5677334437794478,0.6214501557394173,0.6686392205506531,0.6207216635134827,0.6716156524697355,0.8377099396375259,0.37038541084849413,0.7191835483916189
1894.41692373,0.8813137256238717,0.7489416380779269,0.8906798461971519,0.7178206463900135,0.2783961752154292,0.6058889835212098,0.4564196695331503,0.3915546890107221,0.1933665364875433,0.43142208320096387,0.7440362343435996,0.7946437434232875,0.33334672284012334,0.4691464018358323,0.8565082936531978,0.6302892791343869,0.5617529075217058,0.5864410760282006,0.5074042590503898,0.48635879330779647,0.45223654524532364,0.4979560600627982,0.6068651967640339,0.6556385453765738,0.5681780947612445,0.6291583558586836,0.8444032583034174,0.3434118609083281,0.6868301832893144
1903.19907409,0.8813688141942301,0.7344666314430149,0.8861796792634894,0.7151782067025703,0.25596532254507454,0.6118662399557778,0.3881509467923165,0.3887701555002986,0.19452511060080707,0.4318604499656825,0.7446731485561291,0.7951360864947137,0.3332942249337929,0.469393602247736,0.8468914009574111,0.6204984702669664,0.5605037276719116,0.5625057523738345,0.5004556587352721,0.45381003848394086,0.43295556012879294,0.4493636107052197,0.5948743253350006,0.6419605339074438,0.5056695801116231,0.5840722762144643,0.8455034794436892,0.315979905494613,0.6476470183044961
1911.98008732,0.8810049099344502,0.7195995777864105,0.8820701968577236,0.7128221191978221,0.24846034508982812,0.6157349734671633,0.3517325947993212,0.3861583214634372,0.19596366488498887,0.4322270247057448,0.7452385036184472,0.7948354741713386,0.33332409379768463,0.4692244510617305,0.8384196555764667,0.6151995204650378,0.5593350371387478,0.5465169345486786,0.4943982032506194,0.4498984037018162,0.42762541465335635,0.43616275899774226,0.5895984751070018,0.628020999251842,0.44455730662679466,0.5368331184700574,0.8432881866496866,0.2905324680204228,0.6065369793094385
1920.75997429,0.8804358118645846,0.7060346584790429,0.8784756123481532,0.7117627879059147,0.24902580173650055,0.6171533309978454,0.36177344170490383,0.3835046924956422,0.1978798141085809,0.43242118736178053,0.7455926313543804,0.7932851768883458,0.3332977610862299,0.4692254869546601,0.8342406898918834,0.6159292873808058,0.5580933856654118,0.5388531052107703,0.49097198532969866,0.4669719896828732,0.43382460282222596,0.4482199255314658,0.590211737918678,0.6155822070478205,0.4086586519040282,0.48765449998444116,0.8399471449251229,0.26973429564167656,0.5718700175739702
1929.54914243,0.8798660170935988,0.6951335000564801,0.8758703953826495,0.7113115804567144,0.2527279572142657,0.6160536763663855,0.4011426153773901,0.3808647577722417,0.2001303069686128,0.43270333045082005,0.7459526725887998,0.7922185344221577,0.3332986586548808,0.46904705214135156,0.8327647749852126,0.619032138918542,0.5566368241752999,0.5367322618807951,0.48966751207228687,0.48695837365451766,0.4438935316042521,0.46874144432972814,0.5926964985716919,0.6057265711971347,0.409185107567567,0.4388132490188881,0.8362285864705937,0.25438312407700586,0.5495954669790587
1938.35679058,0.878817392059801,0.6871059622145038,0.8744758107983632,0.7115142548336666,0.2575896895668171,0.6124947198016705,0.4463924407060462,0.37825626693095604,0.20242038744463886,0.432944899259765,0.7461160115127731,0.7922802142176146,0.3333641645535522,0.46875949007523543,0.8331493717882524,0.6226619157004029,0.5549001110267896,0.5374795228918389,0.4893870413902491,0.5016784995250858,0.453357234994231,0.48711731649552803,0.5946864758852387,0.5978900321671703,0.4298717075380029,0.4004086910256466,0.8329547807955806,0.2424297851313476,0.5406396929957135
1947.18286652,0.8774280530311503,0.6808634092489602,0.8734776122933375,0.7124088551941172,0.2631367592220311,0.610195077691257,0.4884926586125112,0.3755502579115248,0.20493590104728357,0.43330057597143795,0.7464885674666046,0.7924591126988267,0.33342385167419125,0.46816979942279263,0.8341082166308674,0.6257864260352181,0.5532074385134783,0.5395678446037842,0.489220525746196,0.5113320997135878,0.46121483039850025,0.5017460427530263,0.5962114661177629,0.5906220545139039,0.4532398524208012,0.385242683609979,0.830818033901636,0.23084791923097114,0.542507278076131
1956.02731804,0.876216287906695,0.675803241216817,0.8728074945523813,0.713756060260153,0.26943713522086576,0.6146081766524999,0.5273882073599903,0.3727121162551044,0.20784138768145402,0.43353143527473326,0.746829093803218,0.7931751035428111,0.3334189825238748,0.46746874020751716,0.8356594124950917,0.6287362494050811,0.5520945837211688,0.5420426130634284,0.4890192457851865,0.518403808039762,0.4675000454982883,0.5144510635998116,0.5975410378899609,0.5837020306020042,0.47894786723861527,0.39518027417167084,0.829989538755513,0.2194231295018378,0.5507650337290577
1964.89009294,0.8753402612170009,0.671664154260267,0.873239752111116,0.7151561091034138,0.2764900903212276,0.624808598796056,0.564644931699032,0.3697845507747998,0.21110342081055125,0.43383229179008576,0.7473027557790501,0.7948664226005364,0.3334632671469498,0.46693831798744906,0.8372990171423864,0.6317353294208171,0.550879423693941,0.545001262619658,0.48871898495478777,0.5250963939050802,0.47259238279163784,0.5277433275442671,0.5985969346938567,0.5784566285474722,0.5051225674115408,0.4184174117859776,0.8296000501412581,0.2105675077375663,0.5617511202051675
1973.77113898,0.8745284919948728,0.6684397066870594,0.8737683574650884,0.7163098419162227,0.28423467271509617,0.6348382349607287,0.5989227636790652,0.36682922202015306,0.21479464243909938,0.43415526291980294,0.7478835785349516,0.7961246124804544,0.3335288431445863,0.4663280931899569,0.8387385982696439,0.6349336857858648,0.5494473194973298,0.5487943663210175,0.48843709187376116,0.5323477313676284,0.4769157533006463,0.5426013960480347,0.5985884649634946,0.5750557764944803,0.5275150638021058,0.4402118283702339,0.8292523145327044,0.2062339185058064,0.5740064275844416
1982.67040395,0.873674354689865,0.6663148276089609,0.8750751811702013,0.7171360733230399,0.29242210682206454,0.641107456688719,0.6291164565550883,0.3638944082433568,0.2189437908554813,0.4345482175108905,0.7486823968805294,0.7976300875557947,0.33356212317499495,0.46586695636306036,0.839643029314887,0.6379731790645113,0.5478083050063933,0.5535572399539282,0.48864057292804736,0.5404506751784459,0.48092821944977243,0.5588254814889754,0.5979167567255909,0.5702552791905456,0.5487680659144557,0.46390801478553584,0.8286474841022708,0.20535791390018904,0.5869597621265885
1991.57932378,0.8727665749543209,0.6652770409755983,0.8773061931912134,0.7177745938751162,0.3007358517213453,0.6448862162132295,0.6533850797298584,0.3610540091359222,0.2233810948920655,0.4349372333719482,0.7493063753753471,0.7993799637899355,0.3336218405251726,0.46602673378797044,0.8403366822732002,0.6409808992711112,0.5466218698405778,0.5592362590700279,0.48972525870133327,0.5490992265247086,0.4846702741878306,0.5757660083909771,0.5963308581567139,0.561508660973731,0.5727923926708738,0.49671421515113373,0.8276860164223173,0.205896583682611,0.6001546363792354
2000.48893957,0.8729023669492114,0.6648341506900012,0.8809081350408515,0.7184807339626531,0.30881539334901775,0.6475535061458207,0.6714478124006688,0.3582239966597942,0.22811060623353213,0.4352958366276595,0.7496416599059436,0.8007849746021618,0.33374945199362477,0.4668150320659408,0.8404844809383889,0.6440306036973061,0.5467055235759402,0.5654927079582294,0.49143582566139576,0.5576363624433922,0.48833407828757847,0.5929687688736263,0.5940516941113391,0.5502850054231301,0.5993998912340437,0.5413900294399846,0.826232767145631,0.20607784624817999,0.6130866489063004
2009.39924527,0.8741327671174041,0.6647082056764217,0.8852774075416475,0.7192769871331045,0.31633246624389677,0.6500110618191473,0.6845778731492508,0.35540405183937296,0.23325545480876664,0.43560941564659406,0.7501795796494081,0.8021764070288577,0.33384907975778755,0.46838784639095293,0.8400287934883276,0.6471668969509791,0.5481949817739125,0.571726617286412,0.4933529276098788,0.5657006935893889,0.49199068908014315,0.6092808713155553,0.5932064384350558,0.540788566464087,0.623571510241696,0.5873851700138623,0.8247000656253073,0.20425571434354567,0.625178564386307
2018.31023493,0.8753279504529358,0.6647494262649687,0.8886385964457015,0.7200713149117399,0.32306983791016775,0.6518971415140691,0.6942095088858995,0.35258856542810824,0.23868276014987974,0.43591506727046275,0.7507462721766226,0.8038550950582984,0.3338850634348542,0.47060512289872436,0.8393774622727852,0.6502098357326358,0.5506443817368815,0.577646132977153,0.49528471191996004,0.5729730216650006,0.4953483342113965,0.6240124227877558,0.5962542349273516,0.5349920010786401,0.6419125071409236,0.6235346463801472,0.8225690041360814,0.19983122799901534,0.6360986086751332
2027.22190266,0.8760400783676948,0.6651029891628906,0.8910149147932832,0.720876453292895,0.3289169292648748,0.6535029370054145,0.7007513626760667,0.3497072047264673,0.24429926978152386,0.4361279171314897,0.751145181327551,0.8053358519510941,0.33395647883314095,0.4731417848518356,0.8380092447333837,0.6529420204868452,0.5536564100667797,0.5831452971075305,0.4970653545227911,0.5789950155321734,0.49841997255982357,0.6370854761995549,0.6015202245501498,0.5303015502810174,0.6548284078000531,0.6489676895150387,0.8194993170710204,0.19303490770942283,0.6457463502314492
2036.13424266,0.8765110059277388,0.6658719531379453,0.8935290065672515,0.7216906235804553,0.3338399275208645,0.6561206006901384,0.7047317508876151,0.34688525408841797,0.25016949277227374,0.4362794891906632,0.7516565354244248,0.8067117561268782,0.3340772777617584,0.47587577718984075,0.8355424326793803,0.6552989090629813,0.5567893769422037,0.5883739252342166,0.49885371611620827,0.5836276012911464,0.5011639044284512,0.6482565683029822,0.6036799724391311,0.5241413107990414,0.6629587830177517,0.6665267896145368,0.8154985159921947,0.18485765286413483,0.6542463076537397
2045.04724919,0.8765516950126733,0.66701298312866,0.8956412259661457,0.7223729771603137,0.3378680873462005,0.6583897775924168,0.7078962716031865,0.34417103113334363,0.2563745886931419,0.4365373272787681,0.7520759340549347,0.8085886140235713,0.3341637921244421,0.4784132681089463,0.8325053573749482,0.6573682052915485,0.5591302136412353,0.5933622607086113,0.5006722665752552,0.5871238045645689,0.5034529357540427,0.6573261456946992,0.6007806531137095,0.516860365019972,0.6672965667700469,0.6783633515640776,0.8111507541956521,0.17682401868317987,0.6617399714391815
2053.96130725,0.8761031711739314,0.6684463150979112,0.8971207849003978,0.7227671109719388,0.34113777572902654,0.660550719141795,0.7098885197385222,0.3415092789858142,0.2629585904865007,0.43681395386241445,0.7523631010268838,0.8102454151090154,0.3341477265543701,0.48068209484737856,0.8284356151707158,0.6588986086690433,0.5601052453480345,0.5978990955067397,0.5025217751921306,0.5897344261308509,0.5053546265261636,0.6644628698396593,0.5942362304908976,0.5093497633143018,0.6684408562167486,0.6852874447933665,0.8071949111458598,0.17048518093511447,0.6683792405671658
2062.87694233,0.8755740129631262,0.6702582606399881,0.8980830952250318,0.7229108541733494,0.3438133375344862,0.6625500142853673,0.7113507156614182,0.3388517897223677,0.26984715970268125,0.437025147562453,0.7527798437135806,0.811605737555403,0.3341722679408137,0.4824966470650623,0.8228318566937688,0.6599482169240916,0.5602119548561868,0.6013017440086338,0.5036167314325947,0.5917473380495893,0.5067567909416444,0.6700168898913279,0.5826698375687409,0.5029907273702114,0.6666374111647239,0.6880895067797984,0.8033246502122963,0.16661298598168064,0.6743618118446051
2071.79414164,0.8752720508810203,0.672392081350079,0.8999458577218186,0.7229128781301952,0.34602406701820365,0.6636411993154883,0.7123034844192063,0.3362580330375437,0.2770365213698768,0.4371381909836926,0.753287075133296,0.8129144398951412,0.3342921114149859,0.48385037826229954,0.8157593438907452,0.660890496234852,0.5600578762467696,0.6029709241413428,0.5036135451897726,0.5930776918908776,0.5077656137468192,0.6743757599303651,0.5659903151716092,0.4982163207561006,0.6627332095807207,0.6887504614885879,0.7996112127292878,0.16488647321774974,0.6797710047576231
2080.71289251,0.8748077244816167,0.6748583681604855,0.9015862397453368,0.7226984938806558,0.34784121559524284,0.663967920811353,0.7121148991961566,0.3338298931639377,0.2844694508711228,0.43708725519779823,0.7536870521673537,0.81374558802678,0.3344727159504764,0.4848970630217443,0.8082234898265684,0.6617753922204015,0.5594953552053328,0.6029360776194911,0.5027600804887914,0.5934993425728591,0.5084914049284786,0.6771561128827934,0.5558614324568102,0.4928285250228958,0.6574615638046233,0.6882602582680372,0.7964695122919467,0.16427851498089766,0.6847074224785791
2089.63318245,0.8741288485822551,0.6776834461085929,0.9027293984710806,0.7220949712861051,0.3492737508751195,0.6639341769837196,0.7101560108481392,0.33137016563708754,0.2922009066315083,0.43710820543473533,0.7542487099260842,0.8145564560406676,0.33465037481340604,0.4853639562337856,0.800058821626417,0.6618997702074597,0.5581098950804961,0.6025506752189131,0.5007467547678707,0.5936227340075569,0.509099371588615,0.6790646457707485,0.5558771842907374,0.4834368396951617,0.6515308790791653,0.6854227658044879,0.7936884651549996,0.1641377402499894,0.6891840565484368
2098.55499911,0.8733474858401757,0.6804927460661732,0.9035247719077998,0.7210443792721138,0.35028221651424085,0.6639617127891156,0.7064372583507131,0.3289240446541314,0.3002563581423424,0.43726305821870165,0.7547788484285215,0.8162512126058066,0.33477589979985856,0.4851739623549805,0.7910123774815677,0.6615207074797306,0.5555448965917194,0.6029387982370722,0.49849767376755016,0.5938035913500179,0.50964528735062,0.681275299834634,0.5587165172263966,0.4679229431298442,0.6461734464737549,0.6800897778937065,0.7905761002118513,0.16430021198742437,0.6932149923598162
2107.47833028,0.8723349969842397,0.6833604765362181,0.904375407315486,0.7198083248313656,0.3508849453055706,0.6638268436115423,0.7010156923180347,0.3265823375453147,0.3085946680837951,0.4373145917763425,0.7552849823637473,0.8182124798666918,0.3348586066066847,0.48469564666199233,0.7799293879604532,0.6610578160779421,0.5513984064689313,0.6040323957800805,0.4968446564959146,0.5940923568498664,0.5099899169890473,0.6834992342234755,0.5580917832421433,0.4456308354522878,0.6426516899086921,0.6729671467934664,0.7863742155127054,0.16437889206620915,0.6968109586544775
2116.41133382,0.8713557926479191,0.686380201666229,0.9059643389047906,0.7186476685338712,0.3510393885985211,0.6631498691888106,0.6946587844544801,0.3245046353054789,0.316844950330149,0.43713290537747124,0.7557032984576242,0.8196045855833759,0.3349835666226577,0.48455446117986256,0.7670582948301996,0.660611786937653,0.5449755159523587,0.6056405681927755,0.49580680405881644,0.5944588196433789,0.5103183823880127,0.6855891608678896,0.5520489847600304,0.4168631768740431,0.6410062598743882,0.6647730170738794,0.7812156136682116,0.16405192951207628,0.7000260385443351
2125.37093026,0.8700100002466247,0.6895055838292771,0.906801838252824,0.7176293840458667,0.35059349631277875,0.6624306017315635,0.6894838380887034,0.3225236818283827,0.3249196910693619,0.43683274696406355,0.755952163429269,0.820942863230213,0.3351228744998241,0.48468859986289115,0.7538346909173734,0.6604917013607061,0.5350256421022599,0.6071162597970916,0.49522224921133784,0.5944847166839885,0.5104941588246839,0.687469223830605,0.544348795773006,0.3862414930453036,0.6399131714286821,0.656310695280005,0.7755786783219101,0.1640319610575618,0.70287137901815
2134.35713173,0.8681640068167787,0.6928123951866603,0.9069947938347348,0.7164694431223776,0.3493223317265236,0.6608989088871738,0.6861709159891373,0.3204814953191236,0.33343483331435503,0.43665597564068576,0.75621893207464,0.8218317129524872,0.33521692957480353,0.4848533834594397,0.7348096972662985,0.6604066353189595,0.5208471010728847,0.6094012664348144,0.49499728689839445,0.5936889592134251,0.5106268815233815,0.6896482568355266,0.5408845413090856,0.3609533538924917,0.638530786540108,0.648042045883319,0.7695282379116046,0.16636776383940652,0.7054294403182901
2143.36995005,0.8659614683757887,0.6963647401312921,0.9067289764614894,0.714834467084279,0.34695526223656353,0.6578467673569319,0.685207788422913,0.3184411281698222,0.3422631022372665,0.43652695521300783,0.7563038702804425,0.8216412344691245,0.3353481688130963,0.4848944757127923,0.7057540722419434,0.6597126454312755,0.5043885448739178,0.6129640484726351,0.49581682740735356,0.5919026181218681,0.5108566021629944,0.6917097133388596,0.5439240178724072,0.34106406528852906,0.6369728501847626,0.6399627694265067,0.7633778882118237,0.1738524797654768,0.7076858568849703
2152.40939672,0.8645089616286618,0.6997013172176331,0.9064466078940002,0.7127476403580784,0.34319817509050243,0.6523820440486001,0.6857142044071899,0.3164554959573585,0.35128384699524745,0.4363158889993782,0.7562476648237482,0.8210075163671541,0.33549956232949574,0.4846300781597768,0.6693987299032504,0.6580585929102297,0.4882020645692092,0.6163751607921766,0.4974097857051075,0.5884259309599071,0.5107760595492497,0.6928744363422176,0.5478899398282685,0.32365789657463434,0.6339391006706377,0.6315314168310419,0.7572864868075465,0.1883241135651532,0.7097448026746491
2161.47548295,0.8641161212958357,0.7019389526358798,0.9061645492330839,0.7102259479440503,0.33776160205145844,0.6451699364664151,0.6873296828766458,0.3144204198943043,0.3601325754346284,0.43606106066738126,0.7560315719681795,0.8204167825628229,0.335651456145439,0.4839422743768256,0.6381339059275876,0.6550650496793111,0.47094185071990585,0.6185472864272757,0.4984499722286477,0.5825104408461781,0.509939547473213,0.6932101360858859,0.5473350583640795,0.31188134333681283,0.629653401454339,0.6227219224955826,0.7513434948705582,0.20836804113477012,0.7116118363828307
2170.56821963,0.8644282551282418,0.7027508283364408,0.9059006357771964,0.7070268236879393,0.33047846860998553,0.636223674642552,0.6898322541018886,0.31241462066464315,0.3687316402387021,0.43591969638131156,0.7556073876144369,0.8192457184394031,0.3358357818866825,0.48292360936054557,0.6200197262049281,0.650286418865898,0.45019321410591184,0.6192739462671423,0.4986076664999429,0.5732664800333858,0.5083749553790197,0.693126456965527,0.5438666678198377,0.3090415597915303,0.6249275384685713,0.6145305253236462,0.7452685655222983,0.2298020419475665,0.7133533047249527
2179.68761735,0.8646806577424238,0.7022101065069554,0.9056225074158769,0.7030513828493495,0.32159217661360917,0.6262989683924179,0.6912565203927906,0.3104478245421139,0.3773180891484582,0.4359545754704179,0.7555347942238382,0.8170869491412768,0.33610299297450397,0.4815101865684211,0.6098502603419249,0.6432979852329924,0.4263654152553818,0.6186195005124617,0.4980741536386829,0.5609684422360652,0.5061416137051814,0.6934682163886131,0.5439070113966133,0.31381771118428115,0.6197209279524378,0.6079191390561313,0.7382308237729067,0.24869635051280362,0.7149579775921262
2188.8336864,0.8644727057871512,0.7000971884096231,0.9052243042554526,0.6979190211406611,0.31227699828391686,0.6156574300902865,0.691261446250148,0.3086163205297249,0.3862320581959662,0.43605034231538864,0.7557822536375293,0.8147899640290769,0.33649717870415696,0.47951987940884583,0.6003524537126101,0.6340871884965424,0.4005604704534309,0.6164103626175944,0.49687454138724935,0.546670812256483,0.5035714817911453,0.6935695255567867,0.5462556459532332,0.329348031648988,0.6140921678179057,0.6026305034901409,0.7297465115398116,0.26320027813131497,0.7162915214046157
2198.00643675,0.8640053320854183,0.6961225778602158,0.9044930349847137,0.6900971072348645,0.3035815704868293,0.6027256573741412,0.6911603017213216,0.3071095024373571,0.39509395705030065,0.43611318873132143,0.7559767378915068,0.813099782938261,0.3369095103340073,0.4766431093146203,0.5873285713985016,0.6236557414324908,0.3776937345072867,0.61260618809043,0.49495468801807996,0.5324114627423991,0.5007428924343822,0.6927349922586805,0.544964892504356,0.35159756850832874,0.6083731988629687,0.5969271148631027,0.7198164249760293,0.27331442699029884,0.7171863916034217
2207.20587807,0.862929254731708,0.6902469578501519,0.9037605297550748,0.6777138270595874,0.2963549784822632,0.5864267722219333,0.6906321374717155,0.30578864671535094,0.4039102220009145,0.43620407341099376,0.7562085831958335,0.8117007802307982,0.3373047724516457,0.4727350540179008,0.5757626779751001,0.6138386329002997,0.37148243188130564,0.606817979716079,0.4920788081057675,0.5245418865994388,0.49707658100890184,0.6911210255552933,0.5378264523255538,0.36858513809710874,0.602321083092867,0.5902913258368835,0.7087251284216912,0.27971501183964936,0.7175529987944868
2216.43201972,0.8614085607287879,0.6824163026640381,0.9037580570091355,0.660752853442275,0.2918586955105948,0.5647639964088625,0.6889318827194003,0.30461940970855866,0.4128279756096012,0.43615206232332715,0.7564666357228077,0.810130427553189,0.3377153703887894,0.4672370459979459,0.5966609967994061,0.6071838027569487,0.3878555503501865,0.598409880847335,0.48769603441966025,0.5283388154602212,0.49212661999494056,0.6884867897104456,0.5215378797889305,0.39978240650031815,0.5961757839202416,0.5857078785202042,0.6966035662063658,0.28380056195749614,0.717312254936055
2225.68487077,0.8591076441577781,0.6725552848284024,0.9038701838219266,0.6437335237380886,0.2898655052638626,0.5332590307958016,0.6860922177907571,0.3036543592023462,0.421574416505536,0.4360170828424481,0.7567626817674104,0.8082887182307943,0.33805590525456314,0.4590916748438523,0.6391883940770986,0.6057602548292358,0.40897661543974034,0.5863968094136895,0.4813325103534477,0.5380342130248201,0.48663430888411546,0.6841104650229239,0.4979407926340338,0.4459274027891052,0.5912724035735585,0.5876773039273844,0.684931236779222,0.28713941889862715,0.7163267770903042
2234.96443997,0.8557544740762617,0.6610201850692173,0.9039900755874063,0.632976295426246,0.28894148402503245,0.48933447223014664,0.6829191459633633,0.3028926728812108,0.4301413913294279,0.4356892686649643,0.7569659213814495,0.8063977373959055,0.3383672176098911,0.44819950836549644,0.6642372265974582,0.6092021480440054,0.41638832809306686,0.5707708123012999,0.4722122055275716,0.5466431413701381,0.4825431616232031,0.6786221204995168,0.4792467601450301,0.47970084454643114,0.5872207199154162,0.5947088884372795,0.6748791135925074,0.29044118078397246,0.7144932838990983
2244.27015399,0.8515346286118286,0.6482988426708363,0.9047887498164529,0.6335547658474734,0.2882196935077814,0.43877977564450865,0.6797261819685342,0.30224336828006954,0.43855408829770565,0.4352907826154144,0.7570843295276537,0.8045567862083055,0.33870847166881785,0.4374720455714848,0.6738333354944411,0.6139331954174193,0.4091670804148245,0.5559118515512022,0.46223795841032134,0.5544894579269,0.4799332070199095,0.6724952474905844,0.46645165316622494,0.49772929731504634,0.582397043866174,0.600258580406124,0.664269609078364,0.29332443236718275,0.7116148708480512
2253.60010501,0.8464750468870106,0.6357217075861143,0.9051486802741652,0.6397220471495223,0.28769114190626227,0.4016728297602553,0.6767462149331077,0.301830161649544,0.4466706634956458,0.4348552771741892,0.7574430189837967,0.803245083898925,0.3390625210715822,0.4308224806422121,0.6772283470377051,0.6185967838146569,0.3968989227970262,0.5442712223483425,0.4536890874851056,0.5615334195992414,0.47553033662768074,0.6638984622152737,0.44153881686414115,0.5057677592570243,0.576390338826055,0.6020246118864482,0.6485808918307625,0.29487257830348224,0.7075115633787066
2262.95428072,0.8401372896155059,0.6247757342379796,0.9053742024452538,0.6415279486695028,0.287622062240998,0.3900989270299845,0.6728749256432168,0.301705161224575,0.4543354548804984,0.4343753181465461,0.7579234930764218,0.8016171061545636,0.3394495488397863,0.4273152623947188,0.6757124500397109,0.6242651481420644,0.39010617259158653,0.5311446609237384,0.4452414274938792,0.5659661019876563,0.4660525724752514,0.6497069523269117,0.39944314203815984,0.5076258564889976,0.5702593998560584,0.6012995512517632,0.631678249161024,0.29413783400876004,0.7020737078273738
2272.33266852,0.8325803885342604,0.615896949640048,0.9058387794043502,0.6353992990094031,0.2880706561633861,0.3883498347468395,0.668189314126553,0.30163830575553247,0.46115810132166424,0.4340122151220802,0.7584375661630428,0.8001574175003684,0.33982441802248314,0.4233693701552729,0.6699842225387463,0.6302380425309437,0.38975368935760113,0.5168367067118347,0.43528353460019337,0.5671015638440688,0.4528715667372154,0.6269218235395004,0.34253613685203477,0.5057899011589291,0.566171957591069,0.6023720189790827,0.6273073024177451,0.29059854529620366,0.6953638228038632
2281.73525558,0.824166638676271,0.6082202183716823,0.9060744653223707,0.6257068141869334,0.2888375584114691,0.3767548252381276,0.6623776566729254,0.3018539668729168,0.46703628678262804,0.4337029912704588,0.7588447637751629,0.7982733398380286,0.3402600582902297,0.4162077295891269,0.6612287963200052,0.6345600657533984,0.3878470306187123,0.5031563474117343,0.42601817653644247,0.5653634434599252,0.44302057171728265,0.59328404446315,0.27831863842593024,0.5001922019725941,0.5638731251463801,0.6083110679407611,0.6406208374696467,0.28484482899018737,0.687448242013168
2291.16202877,0.816353309908021,0.6014077349906594,0.9056152689905936,0.6204451023395026,0.2896762494250608,0.3511193715437111,0.6553306227691016,0.3024627572191238,0.47213838934894625,0.4332607268765306,0.7592519610814842,0.7964808882391562,0.3407685181087128,0.40577619709423746,0.6509716571643261,0.6356330238171523,0.3779965257716487,0.48845458836087957,0.41639804846492845,0.5616566731433236,0.4438594320220609,0.5566780525740173,0.22768945129013365,0.48929997313793183,0.5626034480033871,0.6148525427966302,0.6645047321834492,0.27855846452822397,0.678172496307024
2300.61297471,0.8094384842636536,0.5965048984200882,0.9062248118532418,0.6200223774055679,0.2904152636913102,0.3147061889659316,0.6476721647783323,0.30299485353424277,0.47722168314414015,0.4326138155162418,0.7598868646619629,0.7948642822981511,0.3412401906341551,0.3965800334396405,0.639496029251845,0.6332413922915144,0.3634934111643031,0.47307999311365145,0.40556399281404415,0.5569132169955341,0.4538223221516405,0.5298854297893774,0.19795720536544212,0.47028640786947856,0.5611996876923283,0.6188655146474715,0.6851161599673794,0.27309231344584567,0.6673999565110764
2310.08279923,0.8029918344497554,0.5953782439310554,0.9062994564610277,0.6142283046772399,0.29096091676314534,0.2743455825370456,0.6402174176525295,0.3037081334049329,0.4815923576858793,0.43177699158247557,0.7603388755718279,0.7937970412353453,0.34157682216736734,0.3898120439280858,0.6270765192425171,0.6277627732572963,0.3507311932777897,0.45809273517593635,0.39299845017844104,0.5516593432857644,0.464219553484936,0.5064053528876554,0.18813704527587435,0.4423392177990203,0.5594090885842173,0.619850152690415,0.7012046855340776,0.26813387909519615,0.6548841691095869
2319.55711841,0.7955213795197464,0.5995359347033054,0.9045390599790117,0.5853841148705204,0.29118212036548413,0.23984336400959888,0.6336665543677826,0.3045980568749055,0.4873416336614944,0.4310152149619817,0.7605092810437561,0.7924561976538084,0.3418719548453672,0.3834965110625903,0.6162504049689217,0.6201394864041807,0.34020409944511165,0.4496983682547189,0.3804044350395857,0.5456683661415769,0.47000715466101917,0.5005581307724726,0.21267229768831944,0.4181031356741335,0.5570162239939586,0.6181615083640333,0.7183328362521667,0.26253928907974783,0.6403547646855482
2329.03590187,0.7879056019064742,0.6076570742151461,0.9029310135955319,0.5351324180494686,0.29074753462258063,0.21846108380651702,0.6264092614140152,0.30586610129128716,0.49551220908592186,0.43017560076707145,0.7607243982181849,0.7894588005589518,0.3420920929924124,0.3798027298281753,0.6091657257513622,0.6117304638317139,0.3292149181167252,0.4519065084004686,0.3735154275458516,0.5391811852572308,0.4715689736614827,0.5212396840667974,0.2695937420135961,0.41493670985991904,0.5522959109255181,0.6139756176263332,0.730333416347569,0.25548500617851827,0.6236330663544619
2338.51911953,0.7853663338991579,0.6163508486257612,0.9024398188391317,0.4902265825378168,0.2894582837285783,0.21623402705325584,0.6175456519503851,0.3074850830634666,0.5037595968321337,0.4294505227408732,0.7608820956663105,0.7857072528420802,0.3422291537127857,0.3808974339316169,0.6033712447868144,0.6037032535905376,0.31921152910562567,0.46354466925026727,0.3760561966818639,0.5318373820261625,0.4702387371604295,0.543342848672792,0.3204601801924055,0.42688628348172925,0.544454774992526,0.6066413312326782,0.7350653026509343,0.24674525611385745,0.6048435198061489
2348.0067416,0.7927815635325229,0.621579832823238,0.9026986359640781,0.4632661777016708,0.28732273975934447,0.23920091348021455,0.6082517966834339,0.3093037557318222,0.5109472933596237,0.4287233905993724,0.7608890192070525,0.7823023153066332,0.3423746892459535,0.38617009784047723,0.5938470507345384,0.5977716859719374,0.3145026236541564,0.47924247162138467,0.3868584530771139,0.5237189213137186,0.4668147411841405,0.5516482586079241,0.3364429952197467,0.4375134484978231,0.5336734263941286,0.5957232316749442,0.7337900846420609,0.23637159246306383,0.5844927411551938
2357.49873856,0.8082209913976268,0.6212382766717668,0.9025446747365242,0.45169417557275376,0.2843837074731451,0.286775135394891,0.5973952978739465,0.3114140671241229,0.5168475562549688,0.4278727024978326,0.7609037560218997,0.779601314372447,0.34264941233055374,0.39365602328735494,0.582300264499128,0.5951832323714066,0.31565370153198546,0.48776387778531777,0.39770318916463004,0.5153971125357006,0.4622110508052107,0.5475093338983397,0.32588851590365475,0.4378422968357718,0.5199607985798408,0.5814476836890098,0.7267814083733898,0.22462646938623212,0.5636172382401804
2366.9950812,0.8239400524631098,0.6163229903886427,0.9014896397354191,0.46027057030371815,0.28051540781277917,0.34837110111881525,0.5836438893084969,0.3134135622089939,0.5215765969097652,0.4271904036043849,0.7609757345821682,0.7772544001089862,0.34302917524174265,0.40158589157229196,0.5734766074034267,0.5952340922037259,0.32006181324814337,0.4858051349113869,0.4019869007806702,0.5075887833387287,0.4571799965150899,0.5346342745092181,0.3014412781803554,0.4257537315779884,0.5043046138760657,0.5636291387007026,0.7142274047797933,0.21167894022729158,0.5433232444233681
2376.49574055,0.834655327000077,0.609016132191049,0.8995302688920206,0.4785091535070135,0.2756900774418535,0.40854523885782257,0.5666384570156164,0.31535246314650195,0.5252204006059586,0.4267070244559703,0.7610939165745199,0.7746387432739424,0.3434757226810595,0.4079188785992638,0.564421822487395,0.596156213867352,0.3244626010069949,0.4786575654584724,0.40053617989998913,0.5001475252495524,0.4516251594686766,0.5153789143713631,0.26984982493633214,0.40062958012987626,0.48753361696736386,0.541766958133967,0.6967909217104191,0.19742652458391605,0.5243794899624095
2386.00068793,0.8403616100697061,0.600084027067323,0.897541511474629,0.49197164943518945,0.26996583096270976,0.45695378010478827,0.5463306226673034,0.3177031245496765,0.5282008723157876,0.42633970607155397,0.7612016447475711,0.7712990175998843,0.34397321367780836,0.411616231687576,0.5570213253117485,0.5965965268981194,0.32536012135074466,0.47133487141944647,0.39754586767826255,0.49233041954380985,0.4453474715945445,0.4974905458516799,0.25260355759497755,0.3669812100655342,0.46908694438754717,0.5157314173673264,0.6748307063420285,0.182593422602843,0.5074660171111588
2395.50989495,0.8424367161309922,0.5899091772418944,0.8954791298194258,0.5075930452671924,0.26341138104099243,0.49334220129911704,0.5231973028938104,0.3202171636918428,0.531764425958152,0.4259705262979993,0.7613737499168796,0.7678778264993701,0.34459065801192096,0.41470694104232286,0.5568442248154724,0.5963444770721534,0.3234757294376912,0.4651078134360558,0.39474189231313916,0.48429354873290037,0.4391671095182227,0.489500830657069,0.2597066960334638,0.3372338653327428,0.44913256899008064,0.48633051670287,0.6501912500421886,0.17059472971414008,0.4930994163683128
2405.02333345,0.8421689796717181,0.5787074519217486,0.8939473867810585,0.5291401594511354,0.2561198122943557,0.5196296146504815,0.4962487661542065,0.32277862200660296,0.536136821434367,0.425539441149341,0.7614740690029592,0.764763108560879,0.3451999554982756,0.41876354712660585,0.5588138333980989,0.5948645252709512,0.32068257170202946,0.45933655041441945,0.39230353752827085,0.47604982090231157,0.4347446995102476,0.48977705278977324,0.2809219185347534,0.31747408764318513,0.42764065943738616,0.45660559408923446,0.6282967046125608,0.1664944872510284,0.48161335913409037
2414.54097557,0.8398814571707296,0.5663995489701698,0.892895962395659,0.5497303425872287,0.2482802423523521,0.5376217397992974,0.46571315374516475,0.3257807199831563,0.539619430051367,0.42540943969659534,0.761515627432348,0.7617674462925194,0.34566099289314534,0.4220172648560223,0.5563747610677019,0.5920281866982012,0.31788517386160614,0.45238172656699316,0.38947603140399023,0.46748632623441905,0.4327566535989323,0.4868604268856695,0.30249422420678856,0.3006172258730643,0.4053262658656065,0.4312034591915159,0.6139660031330919,0.17012315462761926,0.47304893546979976
2424.0627937,0.8352954115284636,0.5527733238658459,0.8914307708980301,0.5678133446273658,0.24009163935843578,0.5485047036373014,0.43315036331150486,0.32912707161742855,0.5420845314294335,0.4255452138152818,0.761744841961555,0.758367711364085,0.3460768427954694,0.42196242119964306,0.5480719772865982,0.5875374589587631,0.31526768017470724,0.4441191513574206,0.38579474557281884,0.4587830447984199,0.43199020405960903,0.477376009785529,0.3113099482428285,0.28337420574423566,0.3837603030781825,0.4125720105163284,0.6071171560178406,0.1752886044649739,0.46698019127810486
2433.58876046,0.828741835955336,0.538133366342929,0.8895162977515366,0.5818738976725065,0.23178179432054863,0.5537067243837455,0.3998705379123335,0.33263630744140277,0.5438949343852624,0.4255374596699663,0.7616909542770453,0.754626641678445,0.34647240924348605,0.4193848308060384,0.5358123102104828,0.5827861853257239,0.31320829607409256,0.43636167897626094,0.3820539801171082,0.4500929897804982,0.4311785188431464,0.46619801454852,0.3079657386497933,0.2722977367183507,0.3636277564655559,0.3995621127907653,0.6024292904020709,0.177638060098239,0.46276968965296955
2443.11884877,0.8201964226397357,0.5233925567947575,0.8877101542484483,0.5896120000426345,0.22361102083102544,0.554589684586224,0.36757626296975837,0.33652053656234837,0.5454900721218994,0.4252061733974481,0.7611972621576225,0.7510417807667886,0.3469276870365292,0.41595895913630354,0.5220883653991655,0.5791374742912258,0.3126657161542113,0.42993542071740104,0.38010907273634187,0.441676752225439,0.42999284880953126,0.455566059216648,0.30128529764592515,0.2709866368637698,0.34561773815344293,0.39019405406883934,0.5941736957280532,0.17677791579863153,0.45961158929863705
2452.65303176,0.8096443763496609,0.5101181584359888,0.8862547752658108,0.5890804017794598,0.21585263848647326,0.5517030202556329,0.33731470859564705,0.34054923107628976,0.5468295266010473,0.4244485842161477,0.7608101795145534,0.7478554306022429,0.34740023087063504,0.4117841150027624,0.5108064088689318,0.5770326632918799,0.3139651803214362,0.42368260304049193,0.3800531949615305,0.4340696897829881,0.42842295612626224,0.44439709934651467,0.2954087054322385,0.2694703567602557,0.33019539594943254,0.38277210597727446,0.5812363900308398,0.17389951515721383,0.4567787664669376
2462.19128285,0.7966885163040888,0.49933849256224644,0.8850457771860372,0.5827229250952669,0.20868945008873316,0.5462220973813067,0.3096715153027688,0.34429066771326783,0.5481268447095382,0.42357109256865744,0.7603419032743992,0.7450584312357047,0.34777662191497355,0.4073852268994585,0.5020371093600469,0.5762576777084981,0.31606004602572885,0.41661243743783705,0.3789860131961427,0.42757465999385774,0.4263067474939662,0.4334772250909844,0.29208374450179914,0.26228569523625955,0.3171090612086022,0.3751218382289062,0.5695110671115631,0.1701490251649266,0.45380626917795075
2471.73357568,0.7820060198998181,0.49086961476480895,0.8841117617661487,0.5747036070949847,0.20222969290962994,0.5379925767410549,0.2866930694144549,0.34825824646047454,0.5496739779825502,0.42308067560480944,0.7598256128523349,0.7428565078072049,0.34805071352941025,0.40426102898596616,0.49331582999355467,0.5758350045108851,0.31832901510620143,0.408074027813954,0.37495754003152615,0.42184366661783,0.42340334251559475,0.4247973878981619,0.2944021758105719,0.2571300632873143,0.3073760799062588,0.3671177357689622,0.5650303832694636,0.16584966423423692,0.45039951893653746
2481.27988414,0.7679851228839891,0.48404433804315333,0.8833565770938917,0.5700415156264058,0.196534950975889,0.5276778765103901,0.2681265226125628,0.3525544854355532,0.5513835116926554,0.42272196914262994,0.7595931245025388,0.741112840389248,0.34830148733707483,0.40296152870623414,0.48311546256050264,0.5756629279839326,0.32050155189905793,0.3991709777547094,0.36890547352660175,0.4167007438537517,0.41959457635121944,0.41711664243665986,0.30146252204732554,0.2561829216509482,0.3007733814698999,0.3609825368679765,0.5642942518458121,0.1609411561314444,0.44640107602179274
2490.83018234,0.7567792379510214,0.4787239892797024,0.8825250847920022,0.5686544227805893,0.19154313843130494,0.5167537456584687,0.25254952203408587,0.35720182606171863,0.5527403876862987,0.42218725610729235,0.7590137772186862,0.7393776305384209,0.3485920334420836,0.4026233936611074,0.4732395282171877,0.5756779679228555,0.3222739468848919,0.39072042664443196,0.3627343983366858,0.4117269403257021,0.41546117142876904,0.40880132623973986,0.3092856521262772,0.24699530239598663,0.29652904411247144,0.3586387626415065,0.5599690213197529,0.15575753654985044,0.4418366288480546
2500.38444467,0.7478340175528438,0.47642353172006613,0.8813041666221815,0.5654741800126866,0.18715709335484387,0.5063794575855741,0.24068877135419967,0.3618459950600692,0.5538003525103021,0.42173527037503317,0.7583058189453741,0.7371980359761555,0.3489523225773553,0.402371397999755,0.46598372594586507,0.5758218500686195,0.3230074620144449,0.38405841776014776,0.35683530865838914,0.4062661078144338,0.4120291572283359,0.4009130755176172,0.3144980713290934,0.22836696325853997,0.2955489465446379,0.3594252218464343,0.5479269277370262,0.15077808948878912,0.43681972572957756
