,10_Otago_00001 10_otago.,10_Otago_00002 10_otago.,10_Otago_00003 10_otago.,10_Otago_00004 10_otago.,11_Iceland_00001 11_iceland.,11_Iceland_00002 11_iceland.,11_Iceland_00003 11_iceland.,11_Iceland_00004 11_iceland.,15_Oxia_Sophia_00001 15_oxia_sophia.,15_Oxia_Sophia_00002 15_oxia_sophia.,15_Oxia_Sophia_00003 15_oxia_sophia.,15_Oxia_Sophia_00004 15_oxia_sophia.,2_Atacama_Red_00001 2_atacama_red.,2_Atacama_Red_00002 2_atacama_red.,2_Atacama_Red_00003 2_atacama_red.,2_Atacama_Red_00004 2_atacama_red.,3_Sabtha_00001 3_sabtha.,3_Sabtha_00002 3_sabtha.,3_Sabtha_00003 3_sabtha.,3_Sabtha_00004 3_sabtha.,4_Watchet_Bay_00001 4_watchet_bay.,4_Watchet_Bay_00002 4_watchet_bay.,4_Watchet_Bay_00003 4_watchet_bay.,4_Watchet_Bay_00004 4_watchet_bay.,4_Watchet_Bay_00005 4_watchet_bay.,4_Watchet_Bay_00006 4_watchet_bay.,5_Granby_00001 5_granby.,5_Granby_00002 5_granby.,5_Granby_00003 5_granby.,5_Granby_00004 5_granby.,6_Hydrothermal_Clay_00001 6_hydrothermal_clay.,6_Hydrothermal_Clay_00002 6_hydrothermal_clay.,6_Hydrothermal_Clay_00003 6_hydrothermal_clay.,6_Hydrothermal_Clay_00004 6_hydrothermal_clay.,7_Oxia_Teresa_00001 7_oxia_teresa.,7_Oxia_Teresa_00002 7_oxia_teresa.,7_Oxia_Teresa_00003 7_oxia_teresa.,7_Oxia_Teresa_00004 7_oxia_teresa.,8_Mudstone_00001 8_mudstone.,8_Mudstone_00002 8_mudstone.,8_Mudstone_00003 8_mudstone.,8_Mudstone_00004 8_mudstone.,9_Congo_00001 9_congo.,9_Congo_00002 9_congo.,9_Congo_00003 9_congo.,9_Congo_00004 9_congo.,00001 Standard.,00002 Standard.,00003 Standard.,Standard_retest_00001 Standard_retest.,Standard_retest_00002 Standard_retest.,Standard_retest_00003 Standard_retest.
Category,samples,samples,samples,samples,samples,samples,samples,samples,samples,samples,samples,samples,samples,samples,samples,samples,samples,samples,samples,samples,samples,samples,samples,samples,samples,samples,samples,samples,samples,samples,samples,samples,samples,samples,samples,samples,samples,samples,samples,samples,samples,samples,samples,samples,samples,samples,standards,standards,standards,standards,standards,standards
Root Data ID,10_Otago_00001 10_otago,10_Otago_00002 10_otago,10_Otago_00003 10_otago,10_Otago_00004 10_otago,11_Iceland_00001 11_iceland,11_Iceland_00002 11_iceland,11_Iceland_00003 11_iceland,11_Iceland_00004 11_iceland,15_Oxia_Sophia_00001 15_oxia_sophia,15_Oxia_Sophia_00002 15_oxia_sophia,15_Oxia_Sophia_00003 15_oxia_sophia,15_Oxia_Sophia_00004 15_oxia_sophia,2_Atacama_Red_00001 2_atacama_red,2_Atacama_Red_00002 2_atacama_red,2_Atacama_Red_00003 2_atacama_red,2_Atacama_Red_00004 2_atacama_red,3_Sabtha_00001 3_sabtha,3_Sabtha_00002 3_sabtha,3_Sabtha_00003 3_sabtha,3_Sabtha_00004 3_sabtha,4_Watchet_Bay_00001 4_watchet_bay,4_Watchet_Bay_00002 4_watchet_bay,4_Watchet_Bay_00003 4_watchet_bay,4_Watchet_Bay_00004 4_watchet_bay,4_Watchet_Bay_00005 4_watchet_bay,4_Watchet_Bay_00006 4_watchet_bay,5_Granby_00001 5_granby,5_Granby_00002 5_granby,5_Granby_00003 5_granby,5_Granby_00004 5_granby,6_Hydrothermal_Clay_00001 6_hydrothermal_clay,6_Hydrothermal_Clay_00002 6_hydrothermal_clay,6_Hydrothermal_Clay_00003 6_hydrothermal_clay,6_Hydrothermal_Clay_00004 6_hydrothermal_clay,7_Oxia_Teresa_00001 7_oxia_teresa,7_Oxia_Teresa_00002 7_oxia_teresa,7_Oxia_Teresa_00003 7_oxia_teresa,7_Oxia_Teresa_00004 7_oxia_teresa,8_Mudstone_00001 8_mudstone,8_Mudstone_00002 8_mudstone,8_Mudstone_00003 8_mudstone,8_Mudstone_00004 8_mudstone,9_Congo_00001 9_congo,9_Congo_00002 9_congo,9_Congo_00003 9_congo,9_Congo_00004 9_congo,00001 Standard,00002 Standard,00003 Standard,Standard_retest_00001 Standard_retest,Standard_retest_00002 Standard_retest,Standard_retest_00003 Standard_retest
Sample ID,10_Otago_00001,10_Otago_00002,10_Otago_00003,10_Otago_00004,11_Iceland_00001,11_Iceland_00002,11_Iceland_00003,11_Iceland_00004,15_Oxia_Sophia_00001,15_Oxia_Sophia_00002,15_Oxia_Sophia_00003,15_Oxia_Sophia_00004,2_Atacama_Red_00001,2_Atacama_Red_00002,2_Atacama_Red_00003,2_Atacama_Red_00004,3_Sabtha_00001,3_Sabtha_00002,3_Sabtha_00003,3_Sabtha_00004,4_Watchet_Bay_00001,4_Watchet_Bay_00002,4_Watchet_Bay_00003,4_Watchet_Bay_00004,4_Watchet_Bay_00005,4_Watchet_Bay_00006,5_Granby_00001,5_Granby_00002,5_Granby_00003,5_Granby_00004,6_Hydrothermal_Clay_00001,6_Hydrothermal_Clay_00002,6_Hydrothermal_Clay_00003,6_Hydrothermal_Clay_00004,7_Oxia_Teresa_00001,7_Oxia_Teresa_00002,7_Oxia_Teresa_00003,7_Oxia_Teresa_00004,8_Mudstone_00001,8_Mudstone_00002,8_Mudstone_00003,8_Mudstone_00004,9_Congo_00001,9_Congo_00002,9_Congo_00003,9_Congo_00004,Standard_00001,Standard_00002,Standard_00003,Standard_retest_00001,Standard_retest_00002,Standard_retest_00003
Species,10_otago,10_otago,10_otago,10_otago,11_iceland,11_iceland,11_iceland,11_iceland,15_oxia_sophia,15_oxia_sophia,15_oxia_sophia,15_oxia_sophia,2_atacama_red,2_atacama_red,2_atacama_red,2_atacama_red,3_sabtha,3_sabtha,3_sabtha,3_sabtha,4_watchet_bay,4_watchet_bay,4_watchet_bay,4_watchet_bay,4_watchet_bay,4_watchet_bay,5_granby,5_granby,5_granby,5_granby,6_hydrothermal_clay,6_hydrothermal_clay,6_hydrothermal_clay,6_hydrothermal_clay,7_oxia_teresa,7_oxia_teresa,7_oxia_teresa,7_oxia_teresa,8_mudstone,8_mudstone,8_mudstone,8_mudstone,9_congo,9_congo,9_congo,9_congo,standard,standard,standard,standard_retest,standard_retest,standard_retest
Subgroup,10_Otago,10_Otago,10_Otago,10_Otago,11_Iceland,11_Iceland,11_Iceland,11_Iceland,15_Oxia_Sophia,15_Oxia_Sophia,15_Oxia_Sophia,15_Oxia_Sophia,2_Atacama_Red,2_Atacama_Red,2_Atacama_Red,2_Atacama_Red,3_Sabtha,3_Sabtha,3_Sabtha,3_Sabtha,4_Watchet_Bay,4_Watchet_Bay,4_Watchet_Bay,4_Watchet_Bay,4_Watchet_Bay,4_Watchet_Bay,5_Granby,5_Granby,5_Granby,5_Granby,6_Hydrothermal_Clay,6_Hydrothermal_Clay,6_Hydrothermal_Clay,6_Hydrothermal_Clay,7_Oxia_Teresa,7_Oxia_Teresa,7_Oxia_Teresa,7_Oxia_Teresa,8_Mudstone,8_Mudstone,8_Mudstone,8_Mudstone,9_Congo,9_Congo,9_Congo,9_Congo,Standard,Standard,Standard,Standard_retest,Standard_retest,Standard_retest
Group,10_Otago,10_Otago,10_Otago,10_Otago,11_Iceland,11_Iceland,11_Iceland,11_Iceland,15_Oxia_Sophia,15_Oxia_Sophia,15_Oxia_Sophia,15_Oxia_Sophia,2_Atacama_Red,2_Atacama_Red,2_Atacama_Red,2_Atacama_Red,3_Sabtha,3_Sabtha,3_Sabtha,3_Sabtha,4_Watchet_Bay,4_Watchet_Bay,4_Watchet_Bay,4_Watchet_Bay,4_Watchet_Bay,4_Watchet_Bay,5_Granby,5_Granby,5_Granby,5_Granby,6_Hydrothermal_Clay,6_Hydrothermal_Clay,6_Hydrothermal_Clay,6_Hydrothermal_Clay,7_Oxia_Teresa,7_Oxia_Teresa,7_Oxia_Teresa,7_Oxia_Teresa,8_Mudstone,8_Mudstone,8_Mudstone,8_Mudstone,9_Congo,9_Congo,9_Congo,9_Congo,Standard,Standard,Standard,Standard_retest,Standard_retest,Standard_retest
Library,EXM_MRS,EXM_MRS,EXM_MRS,EXM_MRS,EXM_MRS,EXM_MRS,EXM_MRS,EXM_MRS,EXM_MRS,EXM_MRS,EXM_MRS,EXM_MRS,EXM_MRS,EXM_MRS,EXM_MRS,EXM_MRS,EXM_MRS,EXM_MRS,EXM_MRS,EXM_MRS,EXM_MRS,EXM_MRS,EXM_MRS,EXM_MRS,EXM_MRS,EXM_MRS,EXM_MRS,EXM_MRS,EXM_MRS,EXM_MRS,EXM_MRS,EXM_MRS,EXM_MRS,EXM_MRS,EXM_MRS,EXM_MRS,EXM_MRS,EXM_MRS,EXM_MRS,EXM_MRS,EXM_MRS,EXM_MRS,EXM_MRS,EXM_MRS,EXM_MRS,EXM_MRS,EXM_MRS,EXM_MRS,EXM_MRS,EXM_MRS,EXM_MRS,EXM_MRS
Sample Description,Sample 10,Sample 10,Sample 10,Sample 10,Sample 11,Sample 11,Sample 11,Sample 11,Sample 15,Sample 15,Sample 15,Sample 15,Sample 2,Sample 2,Sample 2,Sample 2,Sample 3,Sample 3,Sample 3,Sample 3,Sample 4,Sample 4,Sample 4,Sample 4,Sample 4,Sample 4,Sample 5,Sample 5,Sample 5,Sample 5,Sample 6,Sample 6,Sample 6,Sample 6,Sample 7,Sample 7,Sample 7,Sample 7,Sample 8,Sample 8,Sample 8,Sample 8,Sample 9,Sample 9,Sample 9,Sample 9,spectralon only,Setup,Setup + Grey,Spectralon Std retest,Spectralon Std retest,Spectralon Std retest
Date Added,"02/20/2024,02/20/2024","02/20/2024,02/20/2024","02/20/2024,02/20/2024","02/20/2024,02/20/2024","02/20/2024,02/20/2024","02/20/2024,02/20/2024","02/20/2024,02/20/2024","02/20/2024,02/20/2024","02/20/2024,02/20/2024","02/20/2024,02/20/2024","02/20/2024,02/20/2024","02/20/2024,02/20/2024","02/20/2024,02/20/2024","02/20/2024,02/20/2024","02/20/2024,02/20/2024","02/20/2024,02/20/2024","02/20/2024,02/20/2024","02/20/2024,02/20/2024","02/20/2024,02/20/2024","02/20/2024,02/20/2024","02/20/2024,02/20/2024","02/20/2024,02/20/2024","02/20/2024,02/20/2024","02/20/2024,02/20/2024","02/20/2024,02/20/2024","02/20/2024,02/20/2024","02/20/2024,02/20/2024","02/20/2024,02/20/2024","02/20/2024,02/20/2024","02/20/2024,02/20/2024","02/20/2024,02/20/2024","02/20/2024,02/20/2024","02/20/2024,02/20/2024","02/20/2024,02/20/2024","02/20/2024,02/20/2024","02/20/2024,02/20/2024","02/20/2024,02/20/2024","02/20/2024,02/20/2024","02/20/2024,02/20/2024","02/20/2024,02/20/2024","02/20/2024,02/20/2024","02/20/2024,02/20/2024","02/20/2024,02/20/2024","02/20/2024,02/20/2024","02/20/2024,02/20/2024","02/20/2024,02/20/2024","02/20/2024,02/20/2024","02/20/2024,02/20/2024","02/20/2024,02/20/2024","02/20/2024,02/20/2024","02/20/2024,02/20/2024","02/20/2024,02/20/2024"
Viewing Geometry,,,,,,,,,,,,,,,,,,,,,,,,,,,,,,,,,,,,,,,,,,,,,,,,,,,,
Other Information,"Acquired with 1    RS-3500_SN17580H8 [3]
Name: Instrument, dtype: object; 7,32,30,20,50,30 integration times; 100,100 scans averaged","Acquired with 1    RS-3500_SN17580H8 [3]
Name: Instrument, dtype: object; 7,32,30,20,50,30 integration times; 100,100 scans averaged","Acquired with 1    RS-3500_SN17580H8 [3]
Name: Instrument, dtype: object; 7,32,30,40,50,30 integration times; 100,100 scans averaged","Acquired with 1    RS-3500_SN17580H8 [3]
Name: Instrument, dtype: object; 7,32,30,50,50,30 integration times; 100,100 scans averaged","Acquired with 1    RS-3500_SN17580H8 [3]
Name: Instrument, dtype: object; 7,32,30,50,50,30 integration times; 100,100 scans averaged","Acquired with 1    RS-3500_SN17580H8 [3]
Name: Instrument, dtype: object; 7,32,30,50,50,30 integration times; 100,100 scans averaged","Acquired with 1    RS-3500_SN17580H8 [3]
Name: Instrument, dtype: object; 7,32,30,50,50,30 integration times; 100,100 scans averaged","Acquired with 1    RS-3500_SN17580H8 [3]
Name: Instrument, dtype: object; 7,32,30,50,50,30 integration times; 100,100 scans averaged","Acquired with 1    RS-3500_SN17580H8 [3]
Name: Instrument, dtype: object; 7,32,30,20,50,30 integration times; 100,100 scans averaged","Acquired with 1    RS-3500_SN17580H8 [3]
Name: Instrument, dtype: object; 7,32,30,20,50,30 integration times; 100,100 scans averaged","Acquired with 1    RS-3500_SN17580H8 [3]
Name: Instrument, dtype: object; 7,32,30,20,50,30 integration times; 100,100 scans averaged","Acquired with 1    RS-3500_SN17580H8 [3]
Name: Instrument, dtype: object; 7,32,30,20,50,30 integration times; 100,100 scans averaged","Acquired with 1    RS-3500_SN17580H8 [3]
Name: Instrument, dtype: object; 7,32,30,40,50,30 integration times; 100,100 scans averaged","Acquired with 1    RS-3500_SN17580H8 [3]
Name: Instrument, dtype: object; 7,32,30,40,50,30 integration times; 100,100 scans averaged","Acquired with 1    RS-3500_SN17580H8 [3]
Name: Instrument, dtype: object; 7,32,30,40,50,30 integration times; 100,100 scans averaged","Acquired with 1    RS-3500_SN17580H8 [3]
Name: Instrument, dtype: object; 7,32,30,40,50,30 integration times; 100,100 scans averaged","Acquired with 1    RS-3500_SN17580H8 [3]
Name: Instrument, dtype: object; 7,32,30,20,50,30 integration times; 100,100 scans averaged","Acquired with 1    RS-3500_SN17580H8 [3]
Name: Instrument, dtype: object; 7,32,30,15,50,30 integration times; 100,100 scans averaged","Acquired with 1    RS-3500_SN17580H8 [3]
Name: Instrument, dtype: object; 7,32,30,15,50,30 integration times; 100,100 scans averaged","Acquired with 1    RS-3500_SN17580H8 [3]
Name: Instrument, dtype: object; 7,32,30,20,50,30 integration times; 100,100 scans averaged","Acquired with 1    RS-3500_SN17580H8 [3]
Name: Instrument, dtype: object; 7,32,30,20,50,30 integration times; 100,100 scans averaged","Acquired with 1    RS-3500_SN17580H8 [3]
Name: Instrument, dtype: object; 7,32,30,20,50,30 integration times; 100,100 scans averaged","Acquired with 1    RS-3500_SN17580H8 [3]
Name: Instrument, dtype: object; 7,32,30,20,50,30 integration times; 100,100 scans averaged","Acquired with 1    RS-3500_SN17580H8 [3]
Name: Instrument, dtype: object; 7,32,30,20,50,30 integration times; 100,100 scans averaged","Acquired with 1    RS-3500_SN17580H8 [3]
Name: Instrument, dtype: object; 7,32,30,20,50,30 integration times; 100,100 scans averaged","Acquired with 1    RS-3500_SN17580H8 [3]
Name: Instrument, dtype: object; 7,32,30,20,50,30 integration times; 100,100 scans averaged","Acquired with 1    RS-3500_SN17580H8 [3]
Name: Instrument, dtype: object; 7,32,30,50,50,30 integration times; 100,100 scans averaged","Acquired with 1    RS-3500_SN17580H8 [3]
Name: Instrument, dtype: object; 7,32,30,50,50,30 integration times; 100,100 scans averaged","Acquired with 1    RS-3500_SN17580H8 [3]
Name: Instrument, dtype: object; 7,32,30,100,50,30 integration times; 100,100 scans averaged","Acquired with 1    RS-3500_SN17580H8 [3]
Name: Instrument, dtype: object; 7,32,30,100,50,30 integration times; 100,100 scans averaged","Acquired with 1    RS-3500_SN17580H8 [3]
Name: Instrument, dtype: object; 7,32,30,20,50,30 integration times; 100,100 scans averaged","Acquired with 1    RS-3500_SN17580H8 [3]
Name: Instrument, dtype: object; 7,32,30,20,50,30 integration times; 100,100 scans averaged","Acquired with 1    RS-3500_SN17580H8 [3]
Name: Instrument, dtype: object; 7,32,30,40,50,30 integration times; 100,100 scans averaged","Acquired with 1    RS-3500_SN17580H8 [3]
Name: Instrument, dtype: object; 7,32,30,20,50,30 integration times; 100,100 scans averaged","Acquired with 1    RS-3500_SN17580H8 [3]
Name: Instrument, dtype: object; 7,32,30,20,50,30 integration times; 100,100 scans averaged","Acquired with 1    RS-3500_SN17580H8 [3]
Name: Instrument, dtype: object; 7,32,30,20,50,30 integration times; 100,100 scans averaged","Acquired with 1    RS-3500_SN17580H8 [3]
Name: Instrument, dtype: object; 7,32,30,20,50,30 integration times; 100,100 scans averaged","Acquired with 1    RS-3500_SN17580H8 [3]
Name: Instrument, dtype: object; 7,32,30,20,50,30 integration times; 100,100 scans averaged","Acquired with 1    RS-3500_SN17580H8 [3]
Name: Instrument, dtype: object; 7,32,30,100,50,30 integration times; 100,100 scans averaged","Acquired with 1    RS-3500_SN17580H8 [3]
Name: Instrument, dtype: object; 7,32,30,100,50,30 integration times; 100,100 scans averaged","Acquired with 1    RS-3500_SN17580H8 [3]
Name: Instrument, dtype: object; 7,32,30,100,50,30 integration times; 100,100 scans averaged","Acquired with 1    RS-3500_SN17580H8 [3]
Name: Instrument, dtype: object; 7,32,30,50,50,30 integration times; 100,100 scans averaged","Acquired with 1    RS-3500_SN17580H8 [3]
Name: Instrument, dtype: object; 7,32,30,50,50,30 integration times; 100,100 scans averaged","Acquired with 1    RS-3500_SN17580H8 [3]
Name: Instrument, dtype: object; 7,32,30,100,50,30 integration times; 100,100 scans averaged","Acquired with 1    RS-3500_SN17580H8 [3]
Name: Instrument, dtype: object; 7,32,30,50,50,30 integration times; 100,100 scans averaged","Acquired with 1    RS-3500_SN17580H8 [3]
Name: Instrument, dtype: object; 7,32,30,50,50,30 integration times; 100,100 scans averaged","Acquired with 1    RS-3500_SN17580H8 [3]
Name: Instrument, dtype: object; 7,32,30,7,32,30 integration times; 10,10 scans averaged","Acquired with 1    RS-3500_SN17580H8 [3]
Name: Instrument, dtype: object; 7,32,30,7,32,30 integration times; 100,100 scans averaged","Acquired with 1    RS-3500_SN17580H8 [3]
Name: Instrument, dtype: object; 7,32,30,20,50,30 integration times; 100,100 scans averaged","Acquired with 1    RS-3500_SN17580H8 [3]
Name: Instrument, dtype: object; 7,32,30,7,32,30 integration times; 100,100 scans averaged","Acquired with 1    RS-3500_SN17580H8 [3]
Name: Instrument, dtype: object; 7,32,30,7,32,30 integration times; 100,100 scans averaged","Acquired with 1    RS-3500_SN17580H8 [3]
Name: Instrument, dtype: object; 7,32,30,7,32,30 integration times; 100,100 scans averaged"
Composition,,,,,,,,,,,,,,,,,,,,,,,,,,,,,,,,,,,,,,,,,,,,,,,,,,,,
Resolution,2.8nm@700nm 8nm@1500nm 6nm@2100nm,2.8nm@700nm 8nm@1500nm 6nm@2100nm,2.8nm@700nm 8nm@1500nm 6nm@2100nm,2.8nm@700nm 8nm@1500nm 6nm@2100nm,2.8nm@700nm 8nm@1500nm 6nm@2100nm,2.8nm@700nm 8nm@1500nm 6nm@2100nm,2.8nm@700nm 8nm@1500nm 6nm@2100nm,2.8nm@700nm 8nm@1500nm 6nm@2100nm,2.8nm@700nm 8nm@1500nm 6nm@2100nm,2.8nm@700nm 8nm@1500nm 6nm@2100nm,2.8nm@700nm 8nm@1500nm 6nm@2100nm,2.8nm@700nm 8nm@1500nm 6nm@2100nm,2.8nm@700nm 8nm@1500nm 6nm@2100nm,2.8nm@700nm 8nm@1500nm 6nm@2100nm,2.8nm@700nm 8nm@1500nm 6nm@2100nm,2.8nm@700nm 8nm@1500nm 6nm@2100nm,2.8nm@700nm 8nm@1500nm 6nm@2100nm,2.8nm@700nm 8nm@1500nm 6nm@2100nm,2.8nm@700nm 8nm@1500nm 6nm@2100nm,2.8nm@700nm 8nm@1500nm 6nm@2100nm,2.8nm@700nm 8nm@1500nm 6nm@2100nm,2.8nm@700nm 8nm@1500nm 6nm@2100nm,2.8nm@700nm 8nm@1500nm 6nm@2100nm,2.8nm@700nm 8nm@1500nm 6nm@2100nm,2.8nm@700nm 8nm@1500nm 6nm@2100nm,2.8nm@700nm 8nm@1500nm 6nm@2100nm,2.8nm@700nm 8nm@1500nm 6nm@2100nm,2.8nm@700nm 8nm@1500nm 6nm@2100nm,2.8nm@700nm 8nm@1500nm 6nm@2100nm,2.8nm@700nm 8nm@1500nm 6nm@2100nm,2.8nm@700nm 8nm@1500nm 6nm@2100nm,2.8nm@700nm 8nm@1500nm 6nm@2100nm,2.8nm@700nm 8nm@1500nm 6nm@2100nm,2.8nm@700nm 8nm@1500nm 6nm@2100nm,2.8nm@700nm 8nm@1500nm 6nm@2100nm,2.8nm@700nm 8nm@1500nm 6nm@2100nm,2.8nm@700nm 8nm@1500nm 6nm@2100nm,2.8nm@700nm 8nm@1500nm 6nm@2100nm,2.8nm@700nm 8nm@1500nm 6nm@2100nm,2.8nm@700nm 8nm@1500nm 6nm@2100nm,2.8nm@700nm 8nm@1500nm 6nm@2100nm,2.8nm@700nm 8nm@1500nm 6nm@2100nm,2.8nm@700nm 8nm@1500nm 6nm@2100nm,2.8nm@700nm 8nm@1500nm 6nm@2100nm,2.8nm@700nm 8nm@1500nm 6nm@2100nm,2.8nm@700nm 8nm@1500nm 6nm@2100nm,2.8nm@700nm 8nm@1500nm 6nm@2100nm,2.8nm@700nm 8nm@1500nm 6nm@2100nm,2.8nm@700nm 8nm@1500nm 6nm@2100nm,2.8nm@700nm 8nm@1500nm 6nm@2100nm,2.8nm@700nm 8nm@1500nm 6nm@2100nm,2.8nm@700nm 8nm@1500nm 6nm@2100nm
Grain Size,,,,,,,,,,,,,,,,,,,,,,,,,,,,,,,,,,,,,,,,,,,,,,,,,,,,
Locality,,,,,,,,,,,,,,,,,,,,,,,,,,,,,,,,,,,,,,,,,,,,,,,,,,,,
Database of Origin,ExoMars Mission Reference Samples,ExoMars Mission Reference Samples,ExoMars Mission Reference Samples,ExoMars Mission Reference Samples,ExoMars Mission Reference Samples,ExoMars Mission Reference Samples,ExoMars Mission Reference Samples,ExoMars Mission Reference Samples,ExoMars Mission Reference Samples,ExoMars Mission Reference Samples,ExoMars Mission Reference Samples,ExoMars Mission Reference Samples,ExoMars Mission Reference Samples,ExoMars Mission Reference Samples,ExoMars Mission Reference Samples,ExoMars Mission Reference Samples,ExoMars Mission Reference Samples,ExoMars Mission Reference Samples,ExoMars Mission Reference Samples,ExoMars Mission Reference Samples,ExoMars Mission Reference Samples,ExoMars Mission Reference Samples,ExoMars Mission Reference Samples,ExoMars Mission Reference Samples,ExoMars Mission Reference Samples,ExoMars Mission Reference Samples,ExoMars Mission Reference Samples,ExoMars Mission Reference Samples,ExoMars Mission Reference Samples,ExoMars Mission Reference Samples,ExoMars Mission Reference Samples,ExoMars Mission Reference Samples,ExoMars Mission Reference Samples,ExoMars Mission Reference Samples,ExoMars Mission Reference Samples,ExoMars Mission Reference Samples,ExoMars Mission Reference Samples,ExoMars Mission Reference Samples,ExoMars Mission Reference Samples,ExoMars Mission Reference Samples,ExoMars Mission Reference Samples,ExoMars Mission Reference Samples,ExoMars Mission Reference Samples,ExoMars Mission Reference Samples,ExoMars Mission Reference Samples,ExoMars Mission Reference Samples,ExoMars Mission Reference Samples,ExoMars Mission Reference Samples,ExoMars Mission Reference Samples,ExoMars Mission Reference Samples,ExoMars Mission Reference Samples,ExoMars Mission Reference Samples
Reflectance,---,---,---,---,---,---,---,---,---,---,---,---,---,---,---,---,---,---,---,---,---,---,---,---,---,---,---,---,---,---,---,---,---,---,---,---,---,---,---,---,---,---,---,---,---,---,---,---,---,---,---,---
900.0,0.265680671913998,0.31217002149385314,0.21863902255122689,0.13400625686575915,0.13887597095074972,0.1320710808698251,0.0927043148514714,0.09207960488967169,0.3014878744992824,0.30992474071404064,0.3004030742547053,0.3032080766457764,0.2733113532091122,0.24933064276123965,0.295510946824433,0.30087228255362486,0.3827324431271365,0.4964406477659742,0.5242682320820655,0.4415142124641533,0.3591899243525179,0.39537652468800766,0.400050582880497,0.3836745193554054,0.3375274140742525,0.4106167422886537,0.15103588663432574,0.12910901366355856,0.09653689605710837,0.11479774550553755,0.3222176889483617,0.2615400822355371,0.22471922062606006,0.2757191837449021,0.3525966594607228,0.35363422844793935,0.3402604442853958,0.35394773591300277,0.0971862783673986,0.1041437721990478,0.09400961058389114,0.14157105105645748,0.10570019714212227,0.09737396912902642,0.10985516588222671,0.11206289311586358,0.9999411692999661,0.999865998868409,0.4516752783071701,0.9966316973812192,0.994692234956216,0.9960801039733238
903.28574336,0.2656470672166057,0.3122430271363334,0.21869138028319113,0.13400034514619133,0.13738281166296662,0.13065407791261077,0.09197133487184843,0.09142658711112721,0.30136627213077155,0.30991493177932417,0.3004740233043756,0.3032043371017231,0.2738918176882634,0.24979556092249164,0.29628495295882806,0.30158992646737665,0.38239254068576145,0.4960748067006143,0.5240981272219533,0.44120062076203787,0.3593317984671437,0.3958050409556873,0.4002057438297097,0.3838715040865267,0.3378338859389397,0.4109490105115428,0.1511506396810468,0.12905136459827218,0.09659968146983539,0.11484153975416066,0.3221063113468758,0.2613815292132483,0.22467087079734596,0.2755972410587319,0.35269500471384074,0.35380246026156204,0.340445825870335,0.35411381180378326,0.09723651852121137,0.10419436635006467,0.09407286027339226,0.14159267124996358,0.10574445562945643,0.09737439287230289,0.10978941899796973,0.11201050987469023,0.9998273026897697,1.0,0.45208456713887846,0.9966897436183044,0.9947600355597964,0.9960101097625003
906.618278421,0.26572724755661753,0.312332244113817,0.21882131078130246,0.13399176152299472,0.13584151363590347,0.1292579753713285,0.09123279861218545,0.09074942949840042,0.3012671835524919,0.30988465859096004,0.3004724421103169,0.3032110885961638,0.27444178026638977,0.2502284977736096,0.2969781106955955,0.30243056091474996,0.38202333821134216,0.49572335968123493,0.5239108714973351,0.44091564059449073,0.3595392635670576,0.396293636700044,0.4004517914544995,0.38399854487933016,0.33812368183980707,0.411232719469782,0.15130173937551458,0.12904932064564953,0.09668200016791718,0.11490693444693177,0.3220400832909797,0.2613064629373381,0.22470401677077237,0.27553357726175376,0.35273340964931243,0.35381520886085016,0.34045578170081636,0.3543618862366376,0.09727957432481882,0.10425462060502537,0.09417778570774625,0.14160651072840352,0.10580112046502764,0.09740838356994286,0.10976492025255559,0.11198384985260186,1.0,1.0,0.4525579554618701,0.9965897985506779,0.9945924325991441,0.9960364156007595
909.999291084,0.2659210029890495,0.3124894836915623,0.21896521708005467,0.13401611974148642,0.1342853851729037,0.12780940954573322,0.09050096475249801,0.09002262618841982,0.3012202417925654,0.3098237272791541,0.3006086503646118,0.3031734775017309,0.2750004796218946,0.25069672086780476,0.2976129327966345,0.3032494963177587,0.3816504238054704,0.49544804825147304,0.5236474008421595,0.44061778869104484,0.3598544777414788,0.39686545226767683,0.4006851032121605,0.38425662239712627,0.3384940239588164,0.4114534070562384,0.15149317268741044,0.12907071502802178,0.09681265118375891,0.1149767166458226,0.32205365825362575,0.26122176090118215,0.2247379512597928,0.2755165294270669,0.35285068035500944,0.35391470193979385,0.3405039475645033,0.35440716528580873,0.0973296423269141,0.10434014762495285,0.09425646217763672,0.1416356847938106,0.10589898650855041,0.09743124421234224,0.10971685312012441,0.11196303975392072,1.0,1.0,0.45303597965683606,0.9964458068558592,0.9945272760201688,0.9957249129320009
913.430570243,0.2661634095551906,0.31270258182662364,0.21908177739465529,0.13410983524832534,0.13273517975625654,0.1263342433509027,0.08974979761769812,0.08927062098892748,0.30122936602368533,0.30980314222138816,0.3006581415353003,0.303267595516032,0.27559297493938034,0.2512569315049046,0.29831650117609837,0.30412227087582827,0.3813853518125792,0.4952285779279353,0.523471420352773,0.44030256128404865,0.3602643439978147,0.39737206174836776,0.4009301486072558,0.38461566262475344,0.33882425483339185,0.4117592186294241,0.15168589606646762,0.12905827002277243,0.09689474659304885,0.1151094738327419,0.32208847779888805,0.2611554549903497,0.2247362962411173,0.27556047775269427,0.3528991749683136,0.35406809850584725,0.3405608857458315,0.35436470253084384,0.09739187364240359,0.1044084803272847,0.09430427823546451,0.14161234241244866,0.10597799298372572,0.09751239653521336,0.10963914213315308,0.11196536258675026,1.0,1.0,0.45360664436159115,0.996536773493556,0.9945181970873374,0.9957154368188033
916.914016797,0.26642878128873554,0.3128541831121559,0.21917672242551772,0.1342440288390995,0.13119447993540145,0.1248591210683927,0.08899011355565722,0.08852228397283496,0.30118716020115843,0.3098841946139278,0.30069720563144825,0.3033907616902025,0.27623885929421654,0.25188145078848667,0.2990194283286694,0.30487742197509154,0.381143769336938,0.4950550728593956,0.5234174374870194,0.4400035002533708,0.3606335000004091,0.39797641462278455,0.4013135674112182,0.3849720811327277,0.339247404145173,0.41202641464158657,0.15188245538409673,0.12902919072645147,0.09699864852413803,0.11521718235851532,0.32216241711309057,0.26112711684136763,0.2248390948779265,0.2756672335560862,0.3529106945572688,0.3541907169995886,0.340687603435054,0.3543933645818854,0.09747477687171337,0.10442696847953199,0.09432897028398797,0.1416150902575552,0.10601860588748357,0.09762073598803497,0.10963946280316361,0.11197763633600852,1.0,1.0,0.4540422023494215,0.9964026532083948,0.9944480243173478,0.9957484938048466
920.451653694,0.2667033633069688,0.3130602743733661,0.21926811915836816,0.13435938408093676,0.12966113671855023,0.12337670545785343,0.08824164252936047,0.0877712992374613,0.30124788872224617,0.3099741612713353,0.300672366964674,0.3034543107795249,0.27693142525052267,0.25253688204133135,0.29980399811149505,0.3055851063166841,0.38092715010391826,0.49495955690394056,0.5232249868897808,0.43982720130619785,0.3610334545947377,0.39852349032965395,0.4017962691614261,0.38544070937716024,0.3396219343114408,0.41230907663268923,0.1520857681093436,0.1290026097731285,0.09708692042147386,0.11530806656707804,0.3222073380483453,0.26120832606851907,0.22498053014969918,0.27576030345338487,0.3530562110628521,0.35419814184563125,0.34082622161501014,0.3545497425981893,0.09759729142887136,0.10447117831635312,0.09440123749887243,0.14160108286893935,0.10607982188249036,0.09768797265587188,0.10966685029187713,0.11194916454348358,1.0,1.0,0.4544273651396423,0.996189627938824,0.994313844484797,0.9956178298495406
924.045637162,0.2670521125388305,0.3132355486021721,0.2193582454058393,0.13456087205985284,0.12815565295651282,0.12189397495096192,0.08747414305872328,0.08703540628157147,0.30132465950215037,0.30996594645225806,0.30058969081089826,0.3035699496329704,0.2776470689850541,0.25317820522749107,0.30059186302523294,0.30640826614245925,0.38067072478909997,0.4947794786999241,0.5232460192188694,0.4396528862979375,0.36162517755611373,0.39925007738213325,0.4022320224675312,0.3858477187626579,0.3400347193969288,0.41261985227632353,0.1523371114987167,0.12902897532788826,0.09718158087815872,0.11541994807783712,0.32230490428160286,0.2613132804059352,0.22511943667004256,0.2758876289400506,0.3531920255910582,0.35430677902259833,0.3408981488938759,0.354586651585852,0.09772075601351388,0.10459402859238452,0.09451090877152554,0.14159885410017772,0.1061336718865645,0.09773065541710586,0.10968753025154383,0.1119403487839506,1.0,1.0,0.45480192976689593,0.9964042901134387,0.9944418748755101,0.9956985294945218
927.698269301,0.26742668460262525,0.3134323610820959,0.21955977642943533,0.13479599168107068,0.12670223627650853,0.12046812352436974,0.08670440602040645,0.08627075051705042,0.301338570807224,0.31006567903383353,0.3006234174017304,0.30369256223213187,0.27839845841514016,0.25382831509108705,0.3015020311057544,0.30739782618663153,0.3804209111214413,0.4946686860578498,0.5232901712076994,0.4395858007399105,0.3622742815310671,0.3998924557181208,0.40277813550902153,0.38626717070470223,0.3405076663743536,0.41314914023616595,0.15264156348101815,0.12912348279323232,0.09727616749926235,0.11555271002109554,0.3224008387507562,0.26148642472894706,0.22531831044514825,0.27607453745866,0.353269667060545,0.35448066984831733,0.341058848075782,0.35464160250554744,0.09784165425054454,0.10475171807366804,0.09463414843614375,0.14164548984724185,0.10620645050908553,0.09777684763137091,0.10970252674235027,0.11196632898516308,1.0,0.999934873209876,0.4551657518197996,0.9963542108469143,0.9944663952351883,0.9957983545290359
931.412012249,0.26780919916809276,0.31366713640840727,0.21981765233583342,0.13494434633540522,0.12522226624031474,0.11904245537205026,0.08595719357801959,0.08551500050127146,0.3013609896009316,0.3102421171349375,0.30069175340583293,0.30377620603125766,0.27911422550165993,0.25453988198315197,0.3023590803222706,0.30831618955300794,0.38013779373539036,0.4943130857509253,0.523467854257067,0.4393931962575468,0.36286193456921273,0.40049871686577465,0.40333113487517785,0.38663987278699363,0.3410701888241619,0.4136764843261051,0.15287113958585252,0.129199628007037,0.09738259994196172,0.11566806007692233,0.3225548623886452,0.2615820659374104,0.2255169242322453,0.2762485080509855,0.3533048691541726,0.35462877742028526,0.34116674931496216,0.35472952494677146,0.09790182380070685,0.10489225759834933,0.09476937862538287,0.14163399890073947,0.10628903989424043,0.09782103586663231,0.1097345455401411,0.11199233401635939,1.0,0.9999891270466189,0.4556825634193441,0.9964861452066155,0.9945241381441325,0.9957165703472596
935.189504163,0.26815966597909524,0.31410000088681445,0.22010031237438013,0.13517531258244017,0.12373583171027785,0.11766333112872891,0.0852612975804223,0.08474662062707856,0.3014924075353959,0.31045778881545594,0.300933037806444,0.3039513114775153,0.27991654977169,0.25521993181495106,0.3032451654074594,0.30928105795990757,0.3798111475196287,0.49400452092881075,0.5234274145703649,0.43924845290092024,0.3634860539148472,0.40118674552747896,0.4039060795769738,0.38714890258816526,0.3417273887837335,0.41426430162533234,0.15312679773805407,0.1293072855919801,0.09753375748896098,0.11583872569529421,0.32278997602849907,0.26164695822971634,0.22570760283464855,0.27644702190367115,0.35341500398198833,0.35468602645257924,0.3412606627336327,0.35485950668623,0.09793478655965193,0.1049932860714015,0.09487315956638079,0.14166864476234006,0.10639180716315319,0.0979219760758064,0.10982244491689677,0.11201710099986487,0.999893456598295,0.9999703119802571,0.4562265351727254,0.9964856530064589,0.9947457104571888,0.9957610630757191
939.033577299,0.268564449916064,0.31441036903064784,0.22043058731192003,0.1354242753726247,0.12224397806712142,0.11630280544643569,0.08456244432379006,0.08401712819508948,0.301652188484023,0.310730370150999,0.3011589427236632,0.30414579479372483,0.28074256079327886,0.25590044831661923,0.3041541301727913,0.310211809274534,0.3793503050163543,0.4938036167044569,0.5232961064605252,0.4389969950062384,0.3641395437743132,0.401972165964425,0.404477003488274,0.38770850531138484,0.34239786314464005,0.41487093368223704,0.15337437661872305,0.1294130609159915,0.09769368060409239,0.11600135182933312,0.3231343706049001,0.2618251327011462,0.22582624853835606,0.2766775242506478,0.3535278241463626,0.3547397561162281,0.341407881939428,0.355061485240091,0.09800419131796331,0.10507688442756968,0.09497222751670852,0.14170928951882203,0.10647755569334218,0.09803011352984008,0.10993299587103106,0.11208659958929218,0.999734843176524,0.9999247601335887,0.4566856103036643,0.9965890149009868,0.9948218329506918,0.9958309812931703
942.947278561,0.26896661045842696,0.31473999682472237,0.22074882243952323,0.1356371907880811,0.12074383870241917,0.11494330106377676,0.08385891589022504,0.08326385513913648,0.3018895952947102,0.3110144889354608,0.30128619471902934,0.30428904363469395,0.2814545661643605,0.25652100104265113,0.30502754077095173,0.3112184859035708,0.378748127951755,0.49336273542029907,0.5230386252700294,0.4386416753614617,0.3646186701914284,0.40259644449828524,0.4049416470288082,0.3882379063785627,0.34286588879515356,0.4155057757796054,0.15363793216302296,0.12949010962941113,0.09783800418636457,0.1161811471345859,0.32344636764438467,0.2619963155033917,0.22598880408392893,0.27693958011581293,0.3536682176317111,0.3547922266100552,0.3414737959881361,0.3551088084411456,0.0980606582078414,0.10519218532361874,0.09508849433668913,0.14175071557334307,0.10662974058246373,0.09813136754939364,0.10999346816774452,0.11215685447022535,0.9996104853925287,0.9998747121544518,0.4573155845757945,0.9966937429527963,0.9948328366648084,0.9958614438784922
946.933892918,0.2693448981123129,0.3150782758227707,0.22101499284129072,0.13585771545528866,0.11923988031916914,0.11359837022796512,0.08317001297147623,0.08257652335162292,0.30216692525989935,0.31127450202714824,0.30144297558330696,0.3045362474340676,0.2822413789533639,0.25720723924059935,0.3059496507154556,0.31221631264503946,0.3780802042306585,0.49288537212282213,0.5226933929658092,0.4381281871747337,0.36511861506716614,0.4033726371795989,0.40541427604031816,0.38876714111279426,0.3433250827136413,0.4161365602189513,0.1539205880122401,0.12956646177737083,0.0979527472610577,0.11631418924012289,0.3237063086652107,0.2622007930799882,0.2261818125102051,0.27726126063073914,0.35392105839941507,0.3548729609894031,0.34154482740905817,0.35515149868403023,0.09811521628794413,0.10526427783056083,0.09514942887808346,0.14179743155906838,0.10677358919792085,0.09825613527595553,0.11008011330772423,0.11221629174848706,0.9996039859856037,1.0,0.45779318945439396,0.9966951299575019,0.99483939006217,0.9957509057316669
950.996970209,0.26978991284516435,0.31545608669303044,0.22136772975993474,0.13608960804061446,0.11782787748156842,0.11230188262282986,0.08252406700297069,0.08190261695380105,0.302454391382751,0.31155375909244143,0.3016918841455224,0.30479053961244124,0.28304736173161343,0.2578158909241915,0.30689157188975386,0.313207302370052,0.37726572473250874,0.49236622252716755,0.5223596709415437,0.43762094685874736,0.36562603192386917,0.4042184086054177,0.4059679558777112,0.3893810083935812,0.34385500311217704,0.4167988973291847,0.1542556578847317,0.1296697444365592,0.0980559865983789,0.11644950630631101,0.32397321709633553,0.262379893578654,0.22640997509353136,0.2775308945646814,0.35394698326790847,0.3548752235194772,0.3415558814989677,0.35524735264651935,0.09817054028676635,0.10529606053596235,0.09520037329332331,0.14183590257574677,0.10689353703788153,0.09840461027604164,0.11015151761531494,0.11226759889217214,0.9994320943407347,0.9999603451663382,0.4582522416885025,0.9968065252748995,0.9948463284589896,0.9956918510968137
955.140355948,0.27021724340625397,0.3159343896722242,0.22167563264610837,0.1362874238519085,0.11648801829865903,0.11106394103018322,0.081858016683538,0.08129115327787233,0.30276610915974317,0.3119432569447585,0.3020692619934837,0.305135932873735,0.2838776192957807,0.25839102041077766,0.3078167845706099,0.31428601370525194,0.37630365062364063,0.4917435031423938,0.5219264067227554,0.43712087519284826,0.3661845989352019,0.4049968377100349,0.4065804480508284,0.38994350692163143,0.34446974115015166,0.4174638741851554,0.15461280031242206,0.12981153184679914,0.0981566852820752,0.1165588815977523,0.3243313586326969,0.2626139189497358,0.22666708724655746,0.2778759286104137,0.35388772830321324,0.3547760575903445,0.341564464250947,0.35532205467976813,0.09824156659794996,0.10537636675486141,0.09527579064829096,0.14187149726650178,0.10705605226620352,0.09853066507724347,0.11022063866386327,0.11239969015604244,0.9994280242327082,0.9999508184359501,0.45871722994037967,0.9966953783888965,0.9947604840140635,0.9958093595624524
959.368226885,0.2706754339949618,0.3163782278847462,0.2218886045309329,0.13654605334332984,0.11521146781673175,0.10989737663614126,0.08116669497820897,0.08064463518470102,0.3032173373809948,0.3123800421840588,0.3023545854654952,0.3055119566239372,0.28472961575101563,0.2590096490085295,0.3087507208797503,0.3152989511008539,0.37521385233351423,0.49108878105149745,0.5214545631667887,0.43655686435852026,0.3669269705837291,0.4057465134482734,0.4071648728271781,0.390452677614914,0.345083745366326,0.4181440888548037,0.15497825012694028,0.12993630624297495,0.09828608561159118,0.11666587911325359,0.32467539455623945,0.26280094693426703,0.22695916164542412,0.27824876169464496,0.353878549500708,0.354692133426642,0.34157526560306717,0.3553289643854534,0.09833107653412253,0.1054971173345504,0.0954369135931391,0.1418883914634975,0.10722149327727053,0.09869529117786999,0.11025263260747473,0.11253220573280312,0.9996107570615116,0.9998971890772017,0.459152036611384,0.9965792354064734,0.9947817100309205,0.9959837873681209
963.685132242,0.27109278933558556,0.31687188551346246,0.22211362209115612,0.1367798967064004,0.11394534579955205,0.1087086948597608,0.08045932674310233,0.08003143030691717,0.303547891201455,0.3127459043635907,0.3026458237151567,0.30579297291658825,0.28547543368597345,0.2596474627453836,0.3095943079749092,0.3163106361609156,0.37385779754626614,0.4904287552299103,0.5207652267500624,0.43571849592014417,0.3675405645729497,0.4064356651852706,0.4077496530117735,0.3910313466510502,0.3456231427665259,0.4186840816495846,0.15527608174623814,0.13008182031031987,0.09845330918181994,0.11679050744517783,0.32506702931284936,0.2631660371571987,0.22728116932778925,0.27861816033000225,0.3537650108318007,0.3545563820187241,0.3414022126754223,0.3551339612422622,0.0984190542575862,0.10563991239171626,0.09561554036979984,0.1419434005117087,0.10737154651724774,0.09883794323577563,0.1102617891510541,0.11263421503708233,0.9997893457893461,0.9999205327541416,0.4596653124857554,0.9965359653536408,0.9946740851885103,0.9959228680516544
968.096041789,0.27153859609610914,0.3174285335825544,0.22235312389867898,0.1370076550870214,0.1127598861494023,0.10764259430118854,0.07980642977641314,0.07948851816468669,0.3039486568849728,0.3131339129422138,0.30296878523092347,0.3061183865714669,0.28624071333652784,0.26031620359366103,0.3104208724756226,0.31717459272109993,0.3722958625623278,0.48960939754430094,0.5200115777404453,0.4347979989455015,0.3682460722840633,0.40701738973264784,0.40849254197484464,0.39173797045398456,0.34613821722386895,0.4192814610273982,0.15560039412122048,0.13023821509192357,0.09866329637324915,0.11694243180840841,0.3256276810057366,0.2636142863662458,0.22761435445139397,0.2790317652377973,0.3536918228829048,0.35447311799955233,0.34122490230288915,0.3549807369651167,0.0985410525628158,0.10577170939223926,0.09574934772800973,0.1420625625675571,0.1075703109217109,0.09899086129717584,0.1103222823852264,0.11275154689105248,1.0,1.0,0.46021623948413676,0.9962310415713922,0.9947258398637818,0.9959181393032426
972.606402173,0.27200285403808905,0.31811594720850594,0.22268645852693802,0.137278180660764,0.11169931099299524,0.10662834402775115,0.07920328468326236,0.07897422179784555,0.30436027728047504,0.3136188210868835,0.3033783618037601,0.30654249437302933,0.2869201227270033,0.2608662320266897,0.31117756789400686,0.31806697739325446,0.37066233969455475,0.48866837224559934,0.5191578527460798,0.43375305942684084,0.36898855991061996,0.4077305721631339,0.4091652284129591,0.3924746268054182,0.34677646880069585,0.4198485311733049,0.15597626008469154,0.1304257757714323,0.09885942548435572,0.11711906151711081,0.3263147416839169,0.2641627108105556,0.22787516136234662,0.27933752653815225,0.35371827904638514,0.3545320413153498,0.34100856835226756,0.35492566918220814,0.09871675829255606,0.10591999190796121,0.0958697113261325,0.14226329338519325,0.10782250101635925,0.0991278104064278,0.11040876670154057,0.11284203378018752,1.0,1.0,0.4607527599029104,0.9962383471890303,0.9947611541040443,0.9959434066171654
977.222203311,0.27259412945342615,0.3187195565187756,0.22317369251979732,0.13764735197008984,0.11074140570842325,0.10568589751078707,0.07866741423012295,0.07847605890670076,0.3047054709446078,0.3141886817289201,0.3036924014770072,0.30687939863583086,0.28748667032083086,0.26150890229020973,0.3119239527913971,0.3188647706209163,0.3687516381329484,0.4877352009679466,0.5181733652487677,0.43250160764227175,0.36977077410457176,0.40867294461631365,0.4098297679365696,0.3930816025604313,0.3476133740914401,0.4205510125609927,0.1564013210326251,0.13065052677731945,0.09909196536856896,0.11730388878189606,0.32690821744247384,0.26486777656188953,0.22807267215055943,0.2795403397573515,0.35377655523195634,0.3547595846765315,0.34094404607041645,0.3548627309139333,0.09890745004368663,0.10610759971011563,0.09598995640087726,0.1425040589991924,0.10800576156741978,0.0992685011057759,0.11049251405380345,0.11285977290011161,1.0,1.0,0.46127079051203373,0.9960716993638749,0.9946322608484249,0.9960393639497408
981.950057134,0.2731798193393388,0.31934633409691704,0.22375094743608215,0.1380799638015111,0.10983895127198268,0.1047284103848398,0.07811967173375713,0.07793696107246495,0.30507432082622726,0.31477123953479197,0.3042216844624298,0.3071878277724544,0.28802291227218424,0.2621287060250088,0.31260204249241114,0.31962569188718487,0.3662513203873728,0.4867234876710414,0.5169422219071255,0.4308004728152559,0.3708213745539988,0.40968984772075234,0.41037066638527026,0.3937285844163548,0.34824379835359415,0.4212248861070519,0.15684830142825368,0.13095397749315096,0.09945655425064136,0.11760427208432385,0.3273990790442982,0.2658225662897327,0.22826708616971542,0.2795092020025161,0.35381344898864864,0.3549429206739264,0.3408775786653846,0.3547467897869284,0.09912882735202681,0.10638536745233776,0.09618917296827183,0.14282565561431954,0.10813249651747998,0.09945034425991359,0.11059022300601548,0.11286485290514196,1.0,1.0,0.46182966266863046,0.995787057893281,0.9942565391330453,0.9957907209461996
986.797291589,0.27361085983018624,0.3199089436229345,0.22433796710509302,0.138566199598019,0.10902834089930384,0.1038044473085225,0.07761454013662061,0.07737147934608216,0.30548155717632025,0.31545164972692863,0.30499047567660054,0.3074691020425322,0.28841815955327227,0.2626900734650727,0.31322387829449455,0.3204032905625625,0.36307745413524123,0.48567497289472406,0.5155484954480657,0.42859064781115014,0.3722812341070108,0.4105880712349197,0.41076320829107743,0.39450872581042346,0.3487857265734236,0.4218045022615507,0.1573214316841373,0.1313831141227917,0.09996391067298611,0.11813045362063912,0.32779376740753885,0.2669303321509775,0.22853966755752433,0.27908978247841243,0.3540075470097626,0.3550450754760776,0.3405946927605665,0.35453634007388507,0.09946842672927081,0.10678218123383891,0.09654740808134839,0.14320076654538486,0.10816862476443923,0.09971257760804805,0.11066357098541767,0.11286167040309121,1.0,1.0,0.4626418892984235,0.9953433950047039,0.9935839194829635,0.9952545312696647
991.720028203,0.27390442501286366,0.3203549397214073,0.2249121413715235,0.13899066447200642,0.10842492302690071,0.10305672939990537,0.07726773564982482,0.07688930768554603,0.305982699315495,0.3161865499090605,0.3059077272147674,0.3077707422381944,0.2885496904751811,0.263142882305673,0.3136518422832506,0.3210333049079973,0.360770633033714,0.48516249642637577,0.5145961661652579,0.4268096194487777,0.37393157884467515,0.41128614873117564,0.411083338980857,0.3952586209939109,0.3490282768041617,0.42231808337303145,0.15780467435679066,0.13185526292813826,0.10051241012941559,0.11874871184594803,0.3280717818403442,0.2679589344816868,0.22898655573939525,0.2785754865428334,0.35420415519333454,0.3550097983958729,0.3402760703734412,0.35430437915885893,0.09982236283642301,0.10721663211340696,0.0969562169866707,0.14358577044516643,0.10815996423544247,0.09997155343596015,0.11067932897482671,0.1128519751897808,1.0,1.0,0.4635789030838106,0.9949032197926813,0.9928583755891324,0.9947102691946811
996.671068522,0.2739997543664776,0.3205972771708504,0.22532443567210172,0.13925419554873536,0.10803201285945016,0.10256504010061457,0.07706132533234465,0.07656712729064392,0.30649169448685626,0.3168873990981881,0.30665338265879344,0.30814209915695706,0.28863438440119843,0.26345405763092894,0.3139530718724233,0.321474760691054,0.36007521908462525,0.4853302163006982,0.5143812758402063,0.42618115906524484,0.37521356256502375,0.4119137564842849,0.41146279214855636,0.3958540565011723,0.34907700754661763,0.42270486334405344,0.15833722429728772,0.13223893924527066,0.1009181116015515,0.11929009548675398,0.3284284696897615,0.268667542004466,0.22957523258272658,0.278463939377319,0.3543844530423883,0.3548604163861642,0.3400178911656865,0.3540852644163706,0.10009115891428079,0.10752503683133635,0.09725061306345448,0.14386549959495645,0.10817450975129171,0.10019404577465271,0.11066569357527509,0.11286128319356101,1.0,1.0,0.46443175075409665,0.9947360888800684,0.9926767782764615,0.9944359037904865
1001.65061855,0.2742393690865214,0.3207987186306407,0.22564476469700945,0.13946619901318258,0.10769931740245874,0.10220040488023184,0.0769153625283993,0.07636267851168976,0.3069899317706421,0.31742397201385125,0.30709777927641113,0.3085426815237693,0.2887186473515863,0.26373420816431115,0.3142456748580016,0.32183898393514804,0.3606983852289873,0.485954591123796,0.5147256290563538,0.42645748952411644,0.375993502540641,0.4125096231720053,0.411842107826006,0.3962643638358357,0.3490801367712078,0.4231758339927154,0.15886381088088117,0.13250616042941996,0.10119206801280321,0.11966392554948486,0.32892689529417696,0.2692065471997063,0.23015880096621105,0.27870528695890556,0.3544129819956799,0.3547724712981654,0.33989001705755384,0.3538760682243488,0.1002186004066466,0.10772147077999636,0.09741861592262216,0.14409237980991757,0.10826157513672048,0.10033750355420651,0.11064422606710225,0.11286755650150337,1.0,1.0,0.4651714681022887,0.9946363595838923,0.992496865984416,0.9940294781981249
1006.65888632,0.27442871156136905,0.3209660403324144,0.2259287008178226,0.13960434933576843,0.10740845303587374,0.1019306283594442,0.07679595645318285,0.07620391919167212,0.30745724791689405,0.3179240544885865,0.3074912366367078,0.3090062558879254,0.2888308122255251,0.2639683897562648,0.31452142065806243,0.3221322888676273,0.36185832923948463,0.486620931849109,0.5153478268200745,0.42714647614119305,0.3766488695358413,0.412963241321977,0.4123127132059851,0.39661864489402343,0.3491618607041698,0.42367363161492344,0.15941041620879487,0.1327473631433192,0.1014047275028526,0.11995185373547539,0.3294909218929076,0.26962153400461253,0.23078233530791603,0.27914061408001356,0.35443364773717495,0.3546167367146328,0.33976743638116713,0.35370402286786323,0.10029984451096345,0.10783799017120381,0.09751826055318089,0.14428539838673038,0.10838219768076875,0.10044493842892216,0.11060805591371961,0.11285715334426481,1.0,1.0,0.4658329583175843,0.9947082307152912,0.9925629771717552,0.9940614190422573
1011.69608192,0.27466448585906955,0.3210732363325735,0.22616664222965902,0.1397180386503248,0.10718469507635595,0.1017103703209305,0.07670677163546082,0.0760859184466143,0.3078806959461739,0.3183689580166313,0.3078234682423171,0.30942543083772045,0.28887776002771776,0.26419771580046014,0.3147855546549622,0.3223770073739128,0.3632725263150622,0.48734566747536784,0.516024142378705,0.4279997362467513,0.37719632566717054,0.4134203741886243,0.41271837022847135,0.39693569000020595,0.3492083319915512,0.42410655300414574,0.1599503354176877,0.13295310228970975,0.10160522086645535,0.12020138161606647,0.33005073485657443,0.27000860973138807,0.2313752495291853,0.27964741988090175,0.3543631553459274,0.35453173098616275,0.33967241252702823,0.3535609702552149,0.10038692475496921,0.10794077507794145,0.09760735311454215,0.1444379105725563,0.10849457575791235,0.10053542806887637,0.11057871890129788,0.11285617450103505,1.0,0.9999404862403926,0.4664511374472389,0.9947043001275266,0.9926692371120596,0.994122944863014
1016.76241755,0.274883589309404,0.32125459348931207,0.22637263126101514,0.13986340151170376,0.10708244100537014,0.10158584543351408,0.07667405906766639,0.07602370436596595,0.30831257391868255,0.31880359320988605,0.30819545686802374,0.30984374197017434,0.28899370384436274,0.264404330819366,0.31494216747161624,0.3225892804344504,0.3646841292384645,0.48809300415310436,0.5169148104057392,0.4288776168898183,0.37775140125846046,0.4137910602053584,0.41317303877693023,0.39726071770279514,0.34933453630396377,0.4245005862169194,0.16053126732749076,0.13314398667284463,0.10181652307822225,0.12047947506920326,0.3306393634612354,0.27045364050904347,0.23195253019471126,0.2801758446103194,0.354369382061146,0.35447018725439783,0.3396459856427033,0.353491018656786,0.10049617091859393,0.10804708053655998,0.09769004380313694,0.1445415487312823,0.10861857924579268,0.10063357687076417,0.11052871746355143,0.11289521472737467,1.0,1.0,0.4671223889712676,0.9947799677168412,0.9927064635230853,0.9941518072476975
1021.85810749,0.2750566357010587,0.3214554777360902,0.226499255184312,0.13996516740856246,0.10711558373692635,0.10156794616423233,0.07668320354373381,0.07602803014683115,0.3086963022446993,0.3191846235956413,0.30855068643805755,0.3102694730245953,0.28909933285812583,0.26448627211398873,0.3150537835394536,0.3227111607758701,0.3660267441628028,0.48890212796248084,0.5178124521650709,0.4296900743553213,0.37825613737925096,0.4139068244615197,0.41347138197302247,0.39745156224931655,0.34938175065724086,0.42489449193842005,0.161096751499896,0.1333341674666345,0.102077200475839,0.12072323219051236,0.3312473012899108,0.2709727346280442,0.23243088325730746,0.28067073868514875,0.35430871381229784,0.35441247016129407,0.33961827231022884,0.3534012671824343,0.1006104169793391,0.10813325232173782,0.09775122788546041,0.1445657025397541,0.10871161683896874,0.10072267985784622,0.11044986971156161,0.11289848052550863,1.0,1.0,0.4677072401712448,0.9948673641704074,0.9927322397685379,0.9940907065743594
1026.97288016,0.2751616627404101,0.32169410442664376,0.2265857229487801,0.1400478307625153,0.10723530542403131,0.10165953871782446,0.0767243985030295,0.07606139876113305,0.30895980743780016,0.31950595355235517,0.3088892902779422,0.3105954363183902,0.2891022883524868,0.2645055538866385,0.31506921320752646,0.32273541489153595,0.36724843938717705,0.48956751755671873,0.5185615983643119,0.43037304868092563,0.37856448306096674,0.41386202717714904,0.4137708513784862,0.39751372138488833,0.34939452083632533,0.4250746130016043,0.16159486890195193,0.1334857160108809,0.10230902366270932,0.12093298246694699,0.3318110513071727,0.27145494844422574,0.2328950444783639,0.28121775310670893,0.3541847449118762,0.3544363580967664,0.3394968537822642,0.3533487761777075,0.100697016367559,0.10815030423464385,0.09777020815150415,0.14457150484001335,0.10877397588298729,0.10075308333731561,0.11035493231788919,0.11282095623233801,1.0,1.0,0.4682766878288466,0.9948741321472822,0.9927232302767547,0.9941491439499821
1032.10649695,0.2753220872957559,0.3219824933627084,0.2267517403400846,0.14023357774115758,0.1075299555269426,0.10193785345950748,0.07683069239379751,0.07615991038022503,0.3093074067406977,0.3198951076597566,0.30925381007973746,0.3109643352592975,0.28907500298480054,0.2644864438859405,0.3151590387663847,0.32269347210083216,0.3683291663416298,0.4902827127779262,0.5193067236334165,0.43115358545853266,0.37894419020189013,0.41394005734015876,0.41410031782952916,0.3975146682074773,0.34945056789357054,0.4252998347750119,0.16212575136318932,0.13369525275043923,0.10256092962635312,0.12119861633019026,0.3324548873789888,0.27202605155537274,0.23341303944002767,0.2818984294337004,0.3541325094491699,0.3544730713557751,0.3394655844844809,0.35339767782659715,0.10076122317470629,0.10817792640912388,0.09786932972467935,0.14461088416337808,0.10886177712667175,0.10081062352835761,0.11029531767103831,0.11278367139868006,1.0,1.0,0.4689426103868078,0.9948921349882921,0.9926527823862747,0.9940398791498104
1037.25897753,0.2754031185563823,0.3222910192559767,0.2269090798263928,0.1404161452747024,0.10797784024120784,0.10230051324689546,0.07700899181788486,0.07630789544044207,0.3096338537857192,0.32030467528384304,0.309558366754229,0.31129432571649335,0.2889745875692451,0.26447191657106994,0.31517342540059706,0.32263047172258524,0.36929168075708985,0.49088216332356244,0.5200057127471571,0.4317759568063591,0.379306248325753,0.41396274762628493,0.41433781348957616,0.39737229351949677,0.3493620357376861,0.4255931056313548,0.16265936802389722,0.13387408447242616,0.10280057359145138,0.12145061843150548,0.3332033891854468,0.2725991862088375,0.23398235921456598,0.28266869878622797,0.3541691871775575,0.35456737298052654,0.33943148254836264,0.3535141022428034,0.10077509748720859,0.1082281220807536,0.09798680797840621,0.14463714495325808,0.1089078404483413,0.10085808236265106,0.11022835677988867,0.1127100583656032,1.0,1.0,0.4696317655560451,0.9947091680087744,0.992598182880013,0.9938066695802431
1042.4303413,0.27551326346685656,0.3225432022276798,0.22700957464058302,0.14054224600382811,0.10854420892091073,0.10279023440506634,0.07725340455816206,0.076543645769945,0.3099698748570604,0.3205759063000057,0.30984653042102717,0.31159935271267253,0.28878218292589114,0.26434083938989633,0.31507992349008074,0.32241913346413686,0.37002164652919023,0.4912160620259528,0.5205535622484289,0.43210887028005923,0.3796005567843887,0.4139337986179386,0.4145277611548391,0.39740705567420753,0.34913378387512833,0.42576081007530936,0.16321782714187041,0.13404228010891003,0.10307023777549418,0.12174617705947506,0.3338887011767098,0.2731215532892137,0.23454751991180967,0.28347806110170237,0.3542894529153644,0.3545995673566061,0.3394451699035991,0.3536153119837939,0.10078465944439671,0.1082809659043798,0.09804861333801262,0.14463215558009024,0.10895789820608343,0.10090067483690049,0.11014303861382954,0.11258080719657951,0.9999616960182914,1.0,0.47027782514479854,0.9947219682119005,0.992614401175627,0.9937675010936253
1047.62060737,0.275697126905478,0.32275000088595707,0.22712468513393944,0.14064426272472444,0.10922519455124646,0.10340827836126454,0.07755970085638818,0.07685756851386306,0.3102315478668636,0.320842845078571,0.3100854907603188,0.3119193422149108,0.2884598693053627,0.26418325012206484,0.314825757246153,0.32221100423610827,0.37057648841332874,0.49131265541862357,0.520823634566924,0.4323643598595508,0.37977572267545967,0.41387096449193117,0.41467691317504557,0.397424976249873,0.3488345176413098,0.4259554000262546,0.16381104369077581,0.13426728185992784,0.10335409872604838,0.12204710168291372,0.3346281134107704,0.2736922451858488,0.2351427159281463,0.2842800852562367,0.35443836426617353,0.35465446253217064,0.33952604578579715,0.3537200414265633,0.100837170794684,0.10834740993726708,0.09807779429936998,0.14464544684927422,0.10901442821685264,0.10094449773954184,0.11008691750068328,0.11250792471096736,1.0,0.9998998645328042,0.4708580626827952,0.9947131731281139,0.9925793731371153,0.993858122454327
1052.82979459,0.2759284532035628,0.3229878905361742,0.22726899930675562,0.14076512907937477,0.11003728612215938,0.10415971643724665,0.07795070957655025,0.07721670687976083,0.3104794155929094,0.3211294407869296,0.3103114522714997,0.3122338235325596,0.2881181494284863,0.26387874292543134,0.3145433891201254,0.32194513691717264,0.3710016280892298,0.4913838079748903,0.5210446053562613,0.43254375340912543,0.3799251090599326,0.41375247176798613,0.4147874179241319,0.39743795918829433,0.3485668395126623,0.4261815225552935,0.16444587379475872,0.13450568095309115,0.10365787894678427,0.1223461983334316,0.3353776624221002,0.2742909303558497,0.23575440761836658,0.2850938645378715,0.3545891951019929,0.35475611847570354,0.3396461510057552,0.3539106192803301,0.10090722332444244,0.10841362448999843,0.09815766615749456,0.1446741013667867,0.10907378656885369,0.10099016298832522,0.11005706572149591,0.11244269592354214,1.0,1.0,0.47146657093890454,0.9947836204427877,0.9925931181186776,0.9937256716669183
1058.05208946,0.2762008271549563,0.3232006760852887,0.22742177805609579,0.14092337800039123,0.11099229011632193,0.10505460939901122,0.0783871370192671,0.0776123043986688,0.3107752240290671,0.32142955010368696,0.31058094284555765,0.3125369618098342,0.2877607945020366,0.2636038308897434,0.3142639248608294,0.321660357560245,0.37121128813184756,0.4913898756559359,0.5211729515867339,0.43269019692740246,0.3801045071906266,0.41370404104901454,0.41497004433499085,0.3974335475360017,0.3483383030256999,0.4264382960447253,0.1650916872543669,0.1347860275379255,0.10397224237054084,0.12268634106201277,0.3361903025531169,0.27502115996694515,0.23637071671238563,0.2859508640749123,0.35484044021910116,0.35505670987264476,0.33984505220462974,0.35413147393806754,0.10097071829573372,0.10847257946614201,0.09822285662804929,0.1447308310442405,0.10911538575892606,0.10099020887617213,0.11002458364801186,0.11238933928915568,1.0,1.0,0.47204281279473975,0.994712833350706,0.9926661188960664,0.9937977168580824
1063.2810895,0.2764111046296993,0.32350522908431156,0.22761661334038524,0.14108811108702948,0.11208783330786885,0.1060581250552139,0.07887425636830167,0.07808192729114452,0.31110196325427464,0.32173162966775537,0.31091440172471946,0.3127847308964009,0.2874021739787177,0.2633371023226783,0.31387491955355845,0.3212835914289778,0.3713572267775951,0.49141772715317744,0.5213380441260791,0.4327796621333639,0.38026046383915224,0.4136134592731443,0.41522482672618544,0.397454822110629,0.34820624498351804,0.42665791712354556,0.16573397193852424,0.13509573215222023,0.10431446091499788,0.12305313226378013,0.33709743783480267,0.27579155964024576,0.23709552136743972,0.2868882205170655,0.3551552713782916,0.35538361239423705,0.34016069970279805,0.35447159612682555,0.1010251304763086,0.10851305150691183,0.09829345009417696,0.1447989652975843,0.10919089615789317,0.10100110905239121,0.11001268071716937,0.11234035305814385,1.0,1.0,0.47263465523530523,0.994725091024437,0.9925037861549264,0.9938471936437521
1068.51675432,0.2767033903772696,0.32379873963191924,0.2278038869492744,0.1412352865440197,0.11331047208144586,0.10715653672701819,0.07945181097470712,0.07864487889346765,0.31147744109467185,0.32211897375517334,0.31113833009602865,0.31299611808986816,0.28696302305833404,0.26307882285045975,0.3134553342434588,0.32085537126556757,0.37130885475107,0.4913961071493228,0.5213565634637857,0.4327469596176478,0.3804210643568175,0.41348635077178486,0.41547109355668754,0.39742574985949636,0.348032521427045,0.426839395246159,0.16639177001614705,0.1354257852410498,0.10466266212031901,0.12340814025647838,0.33800270729251713,0.2765266999053394,0.23790408051212716,0.2878234380337428,0.35548962018635155,0.3557503322982477,0.34053017375104816,0.3548391063898729,0.10113065040505931,0.10858581068423023,0.0983395765957376,0.1448576954066111,0.10929059855299261,0.101030352167774,0.11000893209665162,0.11233104580027012,1.0,1.0,0.4731296502062185,0.9947596222164733,0.9924512658080301,0.9938411452411265
1073.75904388,0.2769949968743672,0.3241419612470286,0.22801941614410295,0.14133194625054768,0.11460561769082157,0.10834589699699619,0.08003770262715733,0.07927034101758819,0.31184133652214757,0.3224634031249937,0.31130801800076996,0.3131797187848707,0.28641978886749425,0.2627868544108447,0.31301656707852316,0.3203685271273103,0.37114156123539155,0.4912248147307936,0.5212253964349092,0.4325987904632661,0.38065972895723066,0.41332114144816307,0.4156486343918592,0.39726914814537223,0.3478497884092662,0.42700943500435445,0.16710804479937053,0.1357528099410409,0.10499594008597156,0.12375288829958925,0.3388891613597729,0.27733468150618706,0.23868623083886523,0.2887847112996159,0.3559465275192377,0.3561352213765209,0.3408921286828928,0.35534762068646536,0.10125124689979746,0.108696259601481,0.09839876684258674,0.14491459380666621,0.10935992763169784,0.10108548059819969,0.11001949184128501,0.11232076004859032,1.0,1.0,0.4736650267323993,0.9945379860635037,0.9923646607925908,0.9938300623666628
1079.00791838,0.27730402120786435,0.3245261389212155,0.22826441002493375,0.14145960534168525,0.11602138835484846,0.10960659947708948,0.08065217936624937,0.07991586737533049,0.31216337070761135,0.32287080052099215,0.31160038885006475,0.3134068740953294,0.2858481950186376,0.26249478235237117,0.31263106158196563,0.31995232193198475,0.37085835389311267,0.4909352909213211,0.5209684308027926,0.43249098486668264,0.3809709017320844,0.41317999205058886,0.41581241564911264,0.39714501066922125,0.3475998744714938,0.42715813885233506,0.16790504714871712,0.13610583004490837,0.10531665756292694,0.12408981493878954,0.33989749605445063,0.27816905475294385,0.23949559116945865,0.28982222383215045,0.35642066396329924,0.3565617773716732,0.3413966304580634,0.35590854885058143,0.10140311389512967,0.10881124774847512,0.09848650641404456,0.14497233219402422,0.10947830674611823,0.10114789355715008,0.110038999687645,0.11232558986104269,1.0,1.0,0.4742375357819772,0.9944592107507594,0.9924411752481496,0.9938303162121632
1084.26333836,0.27779628603380463,0.3249277536871982,0.22858430592358064,0.14165277997067935,0.11757356545093282,0.11100544720525882,0.08133782967813402,0.08062506308775423,0.31253830408176575,0.323221262608231,0.31198685375940644,0.3137452585605886,0.28539425718830375,0.2621737266692447,0.3123100261876426,0.31964300399335793,0.37051237294317163,0.4905421457083856,0.5209122655034014,0.43229336042974187,0.3813635694562515,0.41324414613162297,0.4160431911126639,0.39707636140133956,0.34745303451280546,0.4273785374557415,0.16871651300404517,0.13648091550253424,0.10566119191958614,0.12445231009586122,0.3410236714727685,0.2791866995968315,0.2403321937013469,0.29093993356756537,0.35705642530358556,0.357164043327763,0.34195940738151365,0.3564781195466514,0.10154745759539033,0.10888734096111383,0.09857602752617586,0.14510541939816807,0.10965934153255291,0.10125425000576675,0.11007221026118602,0.1123475162651467,1.0,0.9999336296684582,0.4748363271069023,0.9942896731439151,0.9923530320577938,0.993817634611868
1089.52507305,0.2783750313217588,0.3254367566917759,0.22896864694338295,0.1418819471983574,0.1192718659095139,0.11253130237170615,0.08206629104388374,0.08136674757326105,0.3129638636507027,0.32359464221094,0.31249774130149166,0.3141058968793071,0.2849648474413868,0.2618897027933071,0.31202185257768333,0.31938960433893826,0.370138196012741,0.49013345255561497,0.5208866859577579,0.43194499275327136,0.38195424296520397,0.41343247409283856,0.4164237912731674,0.3972306744285651,0.34736307658044063,0.4276893210107418,0.16954672879815044,0.13694313220123888,0.10607354906353257,0.12488634493016668,0.3422876865525141,0.2802413840487335,0.24132357924422357,0.29220321379324105,0.3578446632902753,0.35789119953664467,0.34270139935494814,0.35709753207611955,0.10167830540527543,0.10899269757895644,0.09869290753746132,0.14525957859652225,0.10986091989331476,0.10141763813893416,0.11013147784024632,0.11240322382941494,1.0,1.0,0.47545728436843326,0.9943523472807417,0.9924005750614926,0.9938145839133071
1094.78823545,0.27895361142506575,0.3259542972505481,0.2293291180137397,0.14213097323230653,0.12102556814870735,0.11409991241152172,0.08282482977858337,0.08210804369795766,0.31336613308051475,0.3239504294392759,0.31293399492008084,0.3144340415882323,0.28457963027531896,0.261589924722088,0.31169340776609983,0.31902484817261856,0.3696095262552584,0.4897003863705438,0.5208454173787982,0.4314902373393717,0.3824520369756774,0.4135930573695797,0.41679645354267575,0.3973406855132553,0.3472474078081925,0.4280873745540415,0.1703601230519858,0.1374084834242629,0.10651824588314779,0.12537645597648323,0.3435685287707077,0.28129882808659457,0.2423425590720965,0.293521134686121,0.3586301650233973,0.35858804305552794,0.3434630695321152,0.357746920262768,0.10180563783956467,0.10915532401780718,0.09884006655913147,0.1453666213310099,0.11009963332676014,0.1015828569000492,0.11022230007888383,0.11249089137830426,1.0,1.0,0.476081480186849,0.9945840481565003,0.9923770245764044,0.9939718214931318
1100.05281299,0.27958700310409024,0.32650896160669673,0.22974136635566533,0.1424372130375538,0.12278275725729898,0.11573205504812534,0.08359821822864084,0.08288667639702117,0.31374193562775265,0.32428267440279335,0.3133247867437486,0.31474836641126824,0.2841790577695223,0.2612412175709146,0.31134247292320283,0.3186041448581127,0.3689465197116141,0.48926534593345594,0.5205498442331906,0.4309393752862081,0.38295105394565737,0.41363679351453353,0.4172666892990328,0.397448981598466,0.3471619825191864,0.42839773717689694,0.17113329093597782,0.13782922020036298,0.1069991589698971,0.1258956765019739,0.34491639933549895,0.28239489719816896,0.24335604199103067,0.29487922604251776,0.35942375374182856,0.3593658535503653,0.3441854387301415,0.3585086224974137,0.10195347646686617,0.10937342455211604,0.09903310013766817,0.14551329279961747,0.11028904204038986,0.10173481905205498,0.11036392598601177,0.11256620947298453,1.0,1.0,0.4766733293595503,0.994594868855444,0.992362530886673,0.9939472836391519
1105.31879326,0.2802370391310762,0.3271738992462017,0.2302633271074285,0.1427826288258692,0.12457196950434016,0.11733111772297729,0.08439260157646168,0.08367146686768036,0.31413507041014693,0.32452348953860677,0.31369653984416634,0.31509495281710037,0.28375464107804155,0.26090707265003693,0.31095504330795387,0.31818186497869994,0.36820122184142645,0.48891745101628226,0.5201870729568636,0.43045829079044423,0.3835086361488332,0.41363707799494726,0.4178461824596071,0.3974918263672226,0.34704154674320725,0.42891449985439856,0.17191186333403308,0.13826328606500948,0.10749130421938698,0.12640974319249984,0.3462916630205231,0.28344184731729816,0.24437614027104038,0.29620664259452567,0.3602261954910782,0.3601807617960371,0.34493463097812055,0.359290209145536,0.10211941213699628,0.10959481530993123,0.09923378240333855,0.1457435272825357,0.11047337193860103,0.10188846618109351,0.11051880642586721,0.1126414177030199,1.0,0.9999500262693362,0.4772949147783377,0.9946664842716046,0.9923640681559085,0.9939639407865527
1110.586164,0.28095118378894546,0.32783857858719256,0.23081413717013508,0.14312695097265316,0.12640246481045525,0.11888661671898094,0.08517839329142342,0.08445073440837524,0.3144914199177009,0.3248065075681464,0.3140765166768805,0.31547015374337034,0.283307123041,0.26057629437037183,0.31065589015498396,0.31775911297511655,0.3674355208499621,0.48842415460301986,0.519715266473007,0.4299748266037778,0.38416653491834113,0.41356702680688295,0.4183418170261352,0.39748255178665043,0.34700478822516573,0.4294077545664871,0.1727671558177311,0.13870501339798672,0.10799432413714156,0.12697199506944964,0.34766441402038845,0.2845052450274039,0.24541307838708734,0.2975536291819972,0.36105832755071027,0.3610259536856048,0.3457297755816931,0.3600599113449781,0.1023171420716236,0.10978094549330118,0.09945562737995199,0.14601919355270798,0.11065288234581938,0.10205130317717977,0.11065772243726166,0.11273280430225635,1.0,1.0,0.4778049525713521,0.994707098194989,0.9923513533408415,0.9939595141077148
1115.8549131,0.28179304737899924,0.3285103900092977,0.2313645276802799,0.1434927967781503,0.1281901321055884,0.12043557270059103,0.08592873991049678,0.08522211217277578,0.31481898036885597,0.32508978706623964,0.31442707152389415,0.3158715056376702,0.28281401522146804,0.2602107362931449,0.3102472705244839,0.31727193682606075,0.3665556722128928,0.4878987984999184,0.5192804441496929,0.4294523416469647,0.38494741049402104,0.4136621858876092,0.41900662858135757,0.39760602613243423,0.3469868274254341,0.42994749687165723,0.17366137433222303,0.13919374130908593,0.10854670033842166,0.12752178729173227,0.3490354440560284,0.2856366096750826,0.24648203517575426,0.2989136730371086,0.3618890360443456,0.36180351814526956,0.34650956067799055,0.36082003501807147,0.10252116163031297,0.10997469978570364,0.09966173191625172,0.14630960461467385,0.11087855147563115,0.10223488753484034,0.11081916563683696,0.11288251898236032,1.0,1.0,0.4783867832586169,0.9945902090369222,0.9922591049314602,0.9939586401168541
1121.12502863,0.2826343121258028,0.3291463590662338,0.23197687835390404,0.14388105132789653,0.12993837825636656,0.12195305097757754,0.08666830382738369,0.08592700460703553,0.31513911903741065,0.3253342746910876,0.31472177570773446,0.31627641188109223,0.28226433436850445,0.25984951164720843,0.309827197965525,0.31681438262718614,0.36554285653921853,0.4871124639442484,0.518770310563149,0.42871132798128014,0.38567099102659386,0.41370561325759314,0.41964965256508535,0.397798532317387,0.34694610435027,0.4305110381327534,0.17455672931021426,0.13968145643736476,0.10912557227536822,0.12806509804163985,0.35037048474778976,0.28675495984987404,0.24754865754062744,0.3002461659332907,0.3627603557011216,0.36259400775455813,0.34728545628948104,0.361615418448447,0.10271400765189787,0.11021614320665443,0.09985048307471134,0.14654344696096355,0.11109594319389612,0.10243491444587699,0.11097570801634571,0.11308018210077853,1.0,1.0,0.4790168451335413,0.9945445563372081,0.9923090002550823,0.9938804337691003
1126.42117712,0.2834952996313226,0.32980028070924766,0.23257726149906605,0.14424137606763654,0.1316073952818635,0.12344629211761582,0.08735314178204492,0.08657549592551284,0.31542593043187556,0.32555564354163136,0.3150129640654651,0.31674883629207834,0.2817004314833161,0.2593927376034994,0.30933379998735366,0.3162667914674156,0.364333721678125,0.4862376300231432,0.5180545286037621,0.42792111934001226,0.3863904318640807,0.41373911608890307,0.4202560593183789,0.39802380102928825,0.3468743038522928,0.43102368922244766,0.17547957547877396,0.1401754628306019,0.10971616292511271,0.1285932011055861,0.35174278683880733,0.2878725042630776,0.2485534225265717,0.3016158977052356,0.36356111136560926,0.36324064003190426,0.3480043098772516,0.3622780382693466,0.10285633548671685,0.11045979858290897,0.10003550738438806,0.1467185780453398,0.11131759320351509,0.10262621309414205,0.1111507673621451,0.11332136602004331,1.0,0.999960837313067,0.4796784022855907,0.994274377590081,0.9921340761252667,0.9937392716514303
1131.75559815,0.2844401423751666,0.3305880326859309,0.23325347247884634,0.14467568754833798,0.1332734417219034,0.1249746121778319,0.08803251786874425,0.08724724604835649,0.3157671225014409,0.3258966501015962,0.31542887325755614,0.3172307779021821,0.2812175092833638,0.258962046781388,0.3088392076671337,0.31576927549069783,0.3629022983097096,0.48525956107181506,0.5172369143755479,0.4270480978163414,0.3872233728227885,0.41382594991701277,0.42091972633921854,0.398278938323804,0.3468961466725525,0.4316474889484834,0.17644602946529475,0.14067744072304839,0.11034929148823057,0.1291566933862418,0.35322563009931984,0.2890209798689188,0.24965210774047517,0.30302212328949546,0.3644955107433802,0.3640472837075326,0.34873707563010753,0.36310016031205183,0.10301600737462788,0.11072573253775594,0.1002821280318527,0.1468938971487788,0.11163697789685414,0.10284585482699818,0.11135700846525984,0.1135591075189953,1.0,1.0,0.4803602700564712,0.9942292493235859,0.9921247942947431,0.993644950542242
1137.12876151,0.28547926806569557,0.33152793569539923,0.2340034654545904,0.14523114053958994,0.1349198668266222,0.12652944583986708,0.08869190785001506,0.08790639748354133,0.3162598350007173,0.32643864470817063,0.31589373455341213,0.3178030732003184,0.280857409263807,0.25861297249525617,0.3083625153948982,0.3152562677003405,0.3609815469996486,0.483998388751535,0.5161857873153733,0.42587472422123773,0.3880915694159059,0.4139504656321607,0.4216803360728387,0.39857824130519326,0.34698105227975024,0.43241595785420045,0.1774510988929223,0.14119208645342,0.11097292421772802,0.12973985671138566,0.3547003429120812,0.2901924117752855,0.2507745441389353,0.30450243756339274,0.3654240088216511,0.36500424630100725,0.34954609161313743,0.3640207155815009,0.1032459402729577,0.11099445878646566,0.1005068182983056,0.14706131443548306,0.11202684303696876,0.10309092640028819,0.11162810908504191,0.11384613488602194,1.0,1.0,0.4809907378671466,0.9944326226183147,0.992098959189125,0.9937110992484905
1142.54114608,0.28650279946761226,0.33249291620427635,0.23474487689410958,0.1457836638654599,0.136467219385255,0.12793645127457373,0.08929624130454199,0.08849995185058052,0.3167471549131376,0.32704185584305073,0.3163617058716459,0.3182777063360608,0.28039142739301054,0.2581711492113178,0.3078701745059426,0.31465395114746375,0.35823479648982837,0.4822887980881758,0.5147547008600674,0.42421755551928475,0.38895807196271576,0.4139679263417174,0.4224031052456913,0.3988353139105453,0.3469835995446623,0.43320287494686444,0.1784296631514726,0.14173496251001313,0.11154855416887133,0.1303479308906391,0.356207664446042,0.29137453435201666,0.25186296747155085,0.30596115761902504,0.3663094434188148,0.3659046623168767,0.35038284490226695,0.36490437896192784,0.10348507555170287,0.11127078125859734,0.1007248529995061,0.14723320100021114,0.11237827834839394,0.1033524904611644,0.1119182568606382,0.11415882851556666,1.0,1.0,0.481653928748829,0.9945517316359287,0.9922304571379351,0.993692012732449
1147.99324008,0.28754455791840106,0.3334705084499262,0.2355010758774846,0.14628780771636332,0.13794733393736022,0.12924386626571482,0.0898345792713184,0.08903499815832193,0.3171721508513794,0.3276258282791167,0.31678441028281007,0.3187350684587041,0.27987047226039885,0.25769137401496994,0.3073513253671794,0.3140417939323011,0.35442807483090255,0.479931436263383,0.5126492937503404,0.42194628349401947,0.3897480418943894,0.4140955351058879,0.4231684077188328,0.399060660729231,0.34696780516774767,0.43400508447209446,0.17934758062976877,0.14231287907740636,0.11211383881538732,0.13092687275318846,0.3576521674197314,0.29258145817108333,0.25289211944150414,0.3074250854930095,0.3671780401774136,0.36685456682302975,0.35116863870307696,0.3656374556568278,0.10376981671474851,0.11154866700396437,0.10090916674904249,0.14744562971830052,0.11276488157328213,0.10362277501652199,0.11219073449139057,0.11449648308868002,1.0,0.9999903571656896,0.4822121199402614,0.9945169493322212,0.9922772097934989,0.9936834688460917
1153.48554133,0.2886418604154723,0.33449949763485437,0.23630670449299906,0.14681773600750941,0.13937063952920822,0.1304749931282027,0.09034755861807083,0.08951558469989923,0.31763471032648677,0.3282084207664774,0.31720635113181345,0.31919849260787836,0.27933139388380096,0.257229953094378,0.3068858545356239,0.31345112318295104,0.3497293329846148,0.47705432850640445,0.510009605524768,0.41889544327734446,0.3906211711481328,0.4142260133039576,0.4239454628523598,0.39945094041620044,0.3470486008197127,0.4347840913137849,0.1802579810325508,0.14297754037172444,0.11272163323663761,0.13151285855787886,0.3590911731661849,0.29386035113323616,0.25393774774332584,0.30891733618279194,0.3681607858769646,0.36775477849017124,0.3520156347548344,0.3664292576703026,0.10411992192007709,0.1118313721227641,0.10109268624840043,0.1477189517739807,0.11316438109880401,0.10394477797990466,0.11249269802603183,0.11484784488000632,1.0,0.9999881846769081,0.4826993943177642,0.9943467172316621,0.9923170157456925,0.9936304172222247
1158.99647413,0.28985971838059305,0.3356027681655731,0.237204709344951,0.14738882157975072,0.14066357996239284,0.1316185351242389,0.09082684244420777,0.08995883477415852,0.3181526547476598,0.32872696940359314,0.3176491845129119,0.3197069929274027,0.2788286343765351,0.25678924056897734,0.3064397528113059,0.31286484706827994,0.3441281272090364,0.47353825544603073,0.5066726558963488,0.4153090867835369,0.39161025225179846,0.4143694624836945,0.42467451877966256,0.3997385796832642,0.3471679841662355,0.43553350902318955,0.18122485833790758,0.1436121716337222,0.1133839050784451,0.13213312331110397,0.36056800537439004,0.2951250415423942,0.25507192765236675,0.3104286038600075,0.36911295582778836,0.36857871154874805,0.3527472151092212,0.36726460372588876,0.10446912350733847,0.1121439518128728,0.10132073246271026,0.14799939366147094,0.11361564832864557,0.10429456479482362,0.1127750506901504,0.11520607202228265,1.0,1.0,0.48333875732681875,0.99449124902581,0.9924345165746981,0.9936940846385751
1164.48107738,0.2912087094329763,0.336827981316898,0.23809084667121885,0.14801843182443347,0.14187928650919626,0.1326970329461052,0.09123809223789697,0.09039652335181009,0.31874398511074603,0.32937613884331834,0.31813455104962557,0.3203281989485358,0.2784053339314697,0.2563738795851731,0.3060371786097738,0.31228264251239196,0.33824834073115323,0.4698071555924621,0.5030655221563322,0.41148399384012935,0.39267426369757114,0.414527316020457,0.4254629170757093,0.4001396170637775,0.3473086810913991,0.43638418403470547,0.18234414355203965,0.14428814458886843,0.11414616344010609,0.13281438731150186,0.36213198987300815,0.29648646494367303,0.2562547874851143,0.31200687582990677,0.3701256146845426,0.36943971932632,0.35362216735571544,0.36830481421934524,0.10480250707151638,0.1125102451704933,0.10161777010450367,0.1483077018923864,0.11404225368103901,0.10468435240629063,0.11311672535205643,0.11562507235270526,1.0,1.0,0.4838485283861987,0.994500183616995,0.992461546402968,0.9937166985002281
1169.93996942,0.2926591111386669,0.3382307306332589,0.23903530881695942,0.14866779207421976,0.14299383174415253,0.1337227103602235,0.09158386435627348,0.09081526017013605,0.3194856496353606,0.33011505540523667,0.3187128399699999,0.3209780539385014,0.2778978336389042,0.2559938111003937,0.30557876615724083,0.3116740965000818,0.3325351323594011,0.4662347482735615,0.4996931652702404,0.40796672288308145,0.39391929638344414,0.41486155504316347,0.42629388012251684,0.4005593823704589,0.3475024815769856,0.437350051954817,0.18355786993617712,0.1449641562345202,0.11493255063988446,0.1335552133595024,0.3637388656388549,0.29785706045710586,0.2574552176432446,0.3136197816718057,0.37106915443846406,0.3703266031781822,0.3544798868425653,0.36930852122720664,0.10512110443511352,0.1128804968806262,0.10195635659928556,0.14867440503846663,0.11445998309616645,0.10508378185698433,0.11347875341165987,0.11608217972405184,1.0,1.0,0.48452584299901746,0.9944939561114126,0.992603948476093,0.9935654734958895
1175.3737451,0.29402102383293754,0.33971612695308384,0.2399834606782089,0.14929966773736236,0.1439616736255476,0.1346188204313106,0.09191309577655152,0.09115243311362402,0.32022334695167004,0.33079645453242834,0.31923230278597436,0.3215447845476263,0.2772054288877954,0.2555545795766796,0.30506009498827386,0.3110670524164135,0.3279497061991532,0.4632087390250158,0.4969551264887076,0.4051492107059022,0.39508489307914546,0.4152324916437576,0.42711496216853095,0.4010450339441858,0.34782398692950217,0.43824321048345627,0.18480225227090893,0.145616537133545,0.11571327979152014,0.13427039715954342,0.3651799300579033,0.29915431958175104,0.2586466355845598,0.3151440309876679,0.3719341401564576,0.37119699122694527,0.35534313997187367,0.3701823642572307,0.10544312673512114,0.1132662165115675,0.10227697206738927,0.14900362655625513,0.11491588537750483,0.10548293271997779,0.11384812669133045,0.11650996383986026,1.0,1.0,0.48517799317494487,0.9942369925819182,0.9923926716506657,0.9935354351169325
1180.78297699,0.295372147998709,0.3411785554346167,0.2409588451212115,0.14992743725168128,0.14486959000298444,0.1354128582633015,0.09218080167979618,0.09142124345805844,0.32085581254662504,0.33142071705820636,0.31978228609544485,0.32205926216160613,0.27648466782203945,0.25512050899341404,0.3044621564448444,0.31045756394338087,0.32470204693772003,0.46101970998426156,0.49491794720019,0.40321045693668867,0.3962831210259373,0.41558941861145077,0.42805956561814523,0.4015574597281395,0.34807629236010224,0.4391410445527395,0.18593914137216064,0.14626436956597605,0.11647001837555823,0.13500318385876423,0.3665505672377395,0.300328077873679,0.25975223169910305,0.31656735810160436,0.3726545185958187,0.37192968153187383,0.35610305372303847,0.37094097900907563,0.10577647093132082,0.11362758952912119,0.10261725579500819,0.1493213701171264,0.11537809360102323,0.10588482532475216,0.11421446176960005,0.11690408585818847,1.0,1.0,0.4857669627547563,0.9942593211216948,0.9924104918252676,0.99338039920223
1186.16821657,0.2968424250562066,0.34282717285847547,0.24208332664762167,0.15063260138978796,0.145724828141013,0.1361654089132906,0.09243490562733561,0.09169039857027676,0.32156839331042214,0.3321215141432518,0.32049556650876876,0.32261795256891523,0.27597268846840417,0.25468617778265973,0.30388248485048136,0.30997534794126996,0.3228399549045494,0.45980843767370205,0.4937783083908427,0.40214313312834943,0.39769800782627873,0.41613539092389573,0.4292543917966695,0.40212265401182723,0.3485181453764149,0.4402545723676293,0.18714666118012702,0.14695432891642946,0.11725971470865552,0.13578093551030654,0.36806979490536984,0.30156633591261334,0.26087445474291915,0.3180017441002532,0.37351408986824963,0.372864732869348,0.35688365936796296,0.3718017149461197,0.10617425514787168,0.1140523168995115,0.10300585101710036,0.1497429105177703,0.11590903910456572,0.10631631332459461,0.11466169409536923,0.1172659274281825,1.0,1.0,0.48640415879379634,0.9941387766385714,0.9922006493641072,0.9933345382182612
1191.52999524,0.2984236512681079,0.34455286320940426,0.24332795484988742,0.15142592856662704,0.1465137012539768,0.1368564191634315,0.09272751330453709,0.09196415190586756,0.32246908599314417,0.33296510934066054,0.3213279638699034,0.3233951105557175,0.2755607814600684,0.25431029854540305,0.3034557462429975,0.3095529252866136,0.3218908903827615,0.45918482524025195,0.49328842392397354,0.4015563718260608,0.3992408742713985,0.4167669325308964,0.43071532880122415,0.4028898175178178,0.3490324892532309,0.4415566906371224,0.18837841260459687,0.14768744434482803,0.11806475676345184,0.13664098430963298,0.3696193283410599,0.30291020625726883,0.2620207229372501,0.31954477603259496,0.3744169589030181,0.3737660145549278,0.35763235893200407,0.372757112363587,0.1065799907580072,0.11454820260771195,0.10345185498038167,0.15021116552508965,0.11652879911473797,0.1067874190615226,0.11520411062715544,0.11773343586540662,1.0,1.0,0.4870497412597456,0.9941690796959446,0.9921598367938558,0.9933061855122636
1196.89576018,0.3000892404330596,0.34624478256929464,0.24451594451214645,0.15219388504371942,0.14726050996976478,0.13749318427819895,0.09301267585702126,0.09217314214919352,0.323284556525082,0.3338216991047933,0.3220948625374382,0.32413767223204787,0.2751174542807749,0.2539808000858854,0.3030372795609186,0.3090633887222688,0.3212387242805825,0.458847874811453,0.4929349196890272,0.4011797077624285,0.4008026407848068,0.4172512424207188,0.43213404056810134,0.4035707746773435,0.3494856908315438,0.4429651192640039,0.1895543265309701,0.14841672891603738,0.11890025107479894,0.13749280984663945,0.37115555480814644,0.3041968115801036,0.2630661791501643,0.32095683428564464,0.3752399773509078,0.37466553792468715,0.3583991427893136,0.37359759534926457,0.1069849687103959,0.11500190513091796,0.10389199818143408,0.15062685267623538,0.11710494252298158,0.10727520975883938,0.11572579758619292,0.11822128586676013,1.0,1.0,0.4875456732755283,0.9940714257740956,0.9921607555164987,0.9933217338802439
1202.26638934,0.3017918180067138,0.34798840887700283,0.24561715993055894,0.1529503109654475,0.1479731760112049,0.1380542618791367,0.09324282854247165,0.09232126755861372,0.32398095283341977,0.3346025430764101,0.3228832485232222,0.32496755622577583,0.27462187531631205,0.2535866922141959,0.30268501120644953,0.30855816317027696,0.3208672188412911,0.458663356989496,0.4928831709001798,0.40090854735768394,0.40238406065252275,0.41760870351589235,0.4335032276150466,0.40414552706774143,0.34990529839418133,0.44433530640284374,0.19076196014180474,0.1491159221448828,0.11973699255520347,0.1382802142513664,0.3725698737946887,0.3053560617837583,0.2640839764536842,0.32236119730381946,0.376117130481823,0.37539874008922464,0.3591784511917541,0.3744414765739054,0.10738304777290376,0.11542620185706894,0.10428183664858441,0.1509920066630558,0.11765077992822595,0.10772559907207319,0.11623776370051728,0.11872728917082574,1.0,1.0,0.4880442216621567,0.9942817467096334,0.9921365474683501,0.9934111295298411
1207.64185238,0.3034832398532266,0.34972783898439225,0.24667679229985176,0.15376032495062836,0.1486164660743726,0.13854993292560805,0.09344566628972141,0.09244917595910791,0.32472991310375643,0.3354021504413028,0.323653884220714,0.32578987260363756,0.27416183119461035,0.25324021485682274,0.3023251077609335,0.3080848515895856,0.32128421146836605,0.4589609935769542,0.4934408293292049,0.40120114598256074,0.4039492112319858,0.4181090791383675,0.4348715870815756,0.40484902634991654,0.3502319579518568,0.445824704832621,0.19191610208438037,0.14981775883564002,0.12052446784646288,0.1390332200898759,0.3739644920378414,0.3065509037708587,0.2651051864100493,0.3236827265376217,0.3769985768196924,0.376188093064417,0.35989171579668244,0.3752529753238885,0.10779950542683911,0.11584721762952496,0.10466240287349217,0.15135456324854324,0.11821328342193664,0.10817610005077562,0.11674929488305799,0.11924321178555944,1.0,1.0,0.48863647065613364,0.9940364882418135,0.9923110348245971,0.9934070673042903
1213.0221192,0.30519930001384094,0.35152520928743713,0.24781666579950626,0.1545818371039434,0.14924873534072147,0.13903850622824449,0.09355161275132595,0.09257554637633357,0.3254357670472933,0.33628942036435444,0.3244757063299096,0.32659880329513014,0.2736466003342564,0.2529189153385217,0.3019414821514765,0.30764866032948684,0.32261568561043585,0.4598347102337157,0.4945865378548288,0.40221172585981896,0.4056036375850049,0.4186351269943398,0.43632719506571344,0.4055609606715949,0.3505561274388711,0.447335953811771,0.19307513184734532,0.15054198670208965,0.12133330411644777,0.13986859566775986,0.3753666337541245,0.3076634861668137,0.2661767593677662,0.32510593249171926,0.37785316886190046,0.3770352718242834,0.36065067409094625,0.37607173117594594,0.10827025843965718,0.11629571359606301,0.1050625058759694,0.1517244686247859,0.11882824029656484,0.1086676032868531,0.11727297081924774,0.11980623516089642,1.0,1.0,0.48926193980575217,0.994094914785675,0.9921937016254071,0.9934405614527622
1218.40715994,0.30699377705375663,0.35326944527354026,0.24902578860326088,0.15545870346343035,0.14987133271773104,0.1395043249617023,0.09365538534769546,0.09269780048624374,0.326292085023468,0.33729222947768706,0.3253078812882448,0.3274614114181114,0.2732311884706957,0.25258337159700683,0.3015680539758101,0.307249809554954,0.32434125845337414,0.4610116686993197,0.4959947265644937,0.4034298935639146,0.40721225467151606,0.41922587095227143,0.43785571555261976,0.406404340874815,0.35092389477517566,0.44883134056282464,0.1943060306401141,0.15127397599267764,0.12215656426836385,0.14073033605782007,0.3767498881071564,0.30881291682809575,0.26720620126186,0.3264344782803834,0.3787970635878603,0.3779423947304149,0.36135709716385267,0.3768087346248952,0.1087574454584091,0.11676817858197054,0.10549396204476598,0.15208448578436698,0.11946596708081594,0.10919347558274967,0.11781098514085656,0.12038858459569322,1.0,1.0,0.48983221410367717,0.9939973109264738,0.9922650865122989,0.9933492581143804
1223.79694502,0.3088526750197774,0.35509537008570363,0.2502947271212151,0.15631831323149156,0.15049100206421676,0.14000214098021804,0.09373788121587479,0.09279970998694924,0.32724431582364305,0.33838993932609174,0.3262412251570989,0.32839176742720655,0.2728066294396269,0.2522583973780606,0.3011756199962,0.3069029810478195,0.325872964655008,0.4621333761208878,0.49743937039866193,0.40452041861654525,0.4088833056912684,0.4197579253877211,0.4395032483192252,0.40720120292602424,0.35122305230933204,0.4502918940767475,0.19555205879269882,0.15203274630267283,0.12301103721830821,0.1415640370112237,0.3781879771724299,0.30994053103542224,0.2681574509495921,0.32782156540245866,0.37978500847628277,0.37890376409793747,0.36212216358425664,0.37765789850234693,0.10921359881401302,0.11726226440602423,0.1059168185480284,0.15257645279514706,0.1200998571009312,0.10969479324214115,0.11834475038376664,0.12098211787321601,1.0,1.0,0.49037480996238625,0.994014562549167,0.9922473214786292,0.9933671223580764
1229.190873,0.31068991036450955,0.356888119896166,0.25152732219693635,0.1572043544520933,0.1510414061785355,0.14045414745833565,0.09379596393355649,0.09294119457269052,0.3281953148021302,0.33942650353558246,0.32718951227250087,0.3292858139558914,0.2723662758559067,0.2518279991127968,0.3007090080974604,0.30644864250100495,0.32727498401580607,0.46302676268803333,0.4987632952170685,0.4055366152295754,0.4104973552539678,0.4202101627410503,0.4411132356991615,0.40792123198618546,0.35158363734928755,0.4518276053387059,0.19679535903425138,0.15276292033153596,0.12390946089063486,0.14238236118481645,0.37950457191970866,0.3109506855829632,0.2691042518072338,0.32915426008081594,0.3806782147459886,0.3797767986487172,0.36298396332698135,0.3784455055128215,0.10961875865875577,0.11770864755151077,0.10636077870747229,0.15310334699568445,0.12070582117208917,0.11010248597415223,0.1188393349450642,0.12154352793024897,1.0,1.0,0.4909519972023339,0.9941665356366371,0.9922817403374075,0.993453170878445
1234.58829679,0.3124893799055926,0.3586297188485843,0.2527356304043707,0.15815136696119395,0.1515732778513391,0.14088374057425285,0.09391686557162084,0.09310599595843819,0.3292857792926346,0.3404752661987194,0.32821757718773353,0.3302496507954743,0.2718843913453209,0.25141826353709157,0.30020644488998,0.3059344542391743,0.32916998823078375,0.4641798525595642,0.500236864654416,0.4067939834306752,0.4121677014411966,0.42076986139989647,0.44283343420843885,0.4086274939964641,0.3520351969412069,0.4534279173180317,0.19804311186712234,0.15347169231992072,0.12482801190777784,0.14320000810987937,0.38072659408146997,0.3119681080859043,0.27001476268785,0.3303728258570415,0.3815386424331233,0.380604615842615,0.36383935885840807,0.3792664752926509,0.11005173360810326,0.11815045370128893,0.10681846845450761,0.1536490101453133,0.12129766922933655,0.11049804977312858,0.11933660992578433,0.12209672422300459,1.0,0.9999909639204313,0.4914928777297365,0.9941869935087351,0.9923716994019024,0.9935166398420473
1239.98919257,0.31430477110684657,0.36053038856013875,0.2539690019847564,0.15910425533471328,0.15207049325207442,0.14133998225036032,0.09409633670604026,0.09327101859656965,0.3303360933624516,0.34154126132316753,0.329268335513291,0.3312190022573851,0.2714272328036569,0.25104910829668625,0.299718640611145,0.30545925061262863,0.3316671436516057,0.46583213442245724,0.5021276456446305,0.4084899133336354,0.4140125259085664,0.4213233814626436,0.4445807429305099,0.40945139347015,0.3524753216666741,0.4551387883663756,0.1992564836497104,0.15422457582937138,0.12574337907430755,0.14403489346052165,0.3820053750756461,0.31304061725283894,0.27091608472180256,0.3316315204351464,0.38247846549676423,0.3814540855448415,0.36470501656191756,0.3800342501410348,0.11052430352533052,0.1186008679210921,0.1072451729889755,0.15423637944423135,0.12187478125421944,0.11094634152551829,0.11993236836508413,0.12267415852622318,1.0,0.9999807251569965,0.4919345884577254,0.9942708968469399,0.9923933074164621,0.9935845419528432
1245.39353673,0.3161207902076146,0.3624392664832171,0.2552258536491612,0.16004738644870892,0.15250688175387167,0.14175366856379867,0.09428664000375403,0.09339340828194896,0.33144128559276886,0.3426404600881875,0.3303186855535234,0.33220471939012874,0.2709812178566994,0.25064495323128116,0.2993021633465237,0.3049499718135789,0.3343233768660785,0.46759159958573143,0.5040793874542728,0.4102672975026012,0.415924047348141,0.4219659788140992,0.446355153539196,0.4103165132009213,0.35288556994871806,0.4569467673634991,0.20044394422024725,0.15502717769604202,0.12663201276446084,0.14485236758098988,0.38331466779455303,0.3141000311446374,0.2718363301211891,0.3327616791269378,0.38334730830072233,0.38229687539365953,0.3654126947570839,0.38080518642546846,0.11099563737940442,0.11909088438915405,0.10764622617665712,0.15484439924751392,0.12245988368001437,0.11143064131779627,0.12055741615593557,0.12326891149532145,1.0,1.0,0.4923866175749321,0.9944137686327759,0.992452988086453,0.9934256072788755
1250.80130588,0.3179138938799532,0.36435993244460024,0.2565780323507092,0.16094719037403696,0.15292861202143293,0.1421174117246943,0.09442487341178765,0.09349409114856302,0.33253696124055937,0.34372866043773725,0.3312887218519487,0.3332459034266318,0.2705680848373107,0.2502325702092096,0.29895808046955813,0.304500979817797,0.3365783813472265,0.46916658911760495,0.505785116120806,0.41173725025699043,0.4178402139846016,0.42262070256687817,0.44798504823993884,0.41114139323653576,0.3533210084014801,0.4586520361339583,0.2015507237227505,0.15575473286684513,0.127483379966772,0.14565099069540816,0.384478406089373,0.315062499776078,0.27269464997480714,0.3339197481448604,0.384059782903331,0.3831273713686312,0.36616897443913565,0.3814991095672249,0.11146664353622766,0.11958173227999547,0.10809030759827305,0.15535342984746406,0.12303012490098593,0.11193108345597136,0.12116864333011075,0.12382256689756212,1.0,1.0,0.4929089917738572,0.9942591932999302,0.9922667330018531,0.9935290930903954
1256.21247686,0.31982588939520773,0.36623910732944515,0.2578353253663289,0.16186449034647576,0.15335159492874956,0.14247669449176212,0.09452217793074241,0.0935847074762006,0.3336449013127946,0.34471887976571025,0.33227956326166097,0.3343005979471798,0.2701516459714474,0.24985070344605867,0.2985335829013857,0.3039895590718983,0.33833943545285683,0.4702807850239679,0.5070830022725824,0.41289269304251636,0.4197019435217783,0.4231537076179156,0.44956510736359134,0.4119032728490068,0.3537918526224008,0.4602317514338294,0.20261965475424534,0.1564671236315001,0.12833334625545811,0.14645770140890765,0.3856551628475942,0.3160379263380513,0.27349199798029067,0.33499623963655545,0.3848102088263369,0.38382080559836435,0.3668936807663537,0.3822903531186935,0.11191109531289219,0.12008224336547028,0.10857647195745831,0.15580111964352678,0.12358661352217236,0.11242682571965047,0.1217254048134243,0.12436523200693717,1.0,1.0,0.4933805191600403,0.994152516512649,0.9921171544929325,0.9933734305675906
1261.62708732,0.3217123214855719,0.3680288690514922,0.2590318141729741,0.16270993126160596,0.15378378048782476,0.14284413802631718,0.0946058556154035,0.09369704334569182,0.3347414392551634,0.3457166700425682,0.33321432941822515,0.3353553375188571,0.2696520422432816,0.2494577020032265,0.2981048212689958,0.30346829549163346,0.33964870471778313,0.47102436400728837,0.5080453324599654,0.41370928550679614,0.4213915476397572,0.4237266590405494,0.45110215419973404,0.41254537123887547,0.3541998683646797,0.4617409429920423,0.2037095949366284,0.15716525379419188,0.12916120095186273,0.14724147187650893,0.386720320154379,0.3170247035238367,0.2742597211198053,0.3360350804608695,0.3856389474706812,0.38452121300711545,0.3675610163853994,0.38307228297025236,0.11237850296764886,0.12052802315283023,0.10907566883098548,0.15627318349991057,0.12414579566159024,0.1129519246157215,0.12230049573330784,0.12487930494348189,1.0,1.0,0.49401486732921024,0.9938870173232092,0.9919057397851367,0.9932682115546331
1267.05580532,0.32358084621901245,0.3697606033422595,0.26019074214891436,0.16357465201133226,0.1542185910073857,0.14319960697499856,0.09470106907982327,0.09383360025102334,0.3358314704435419,0.3466753062375257,0.3341051775488161,0.33636862613765306,0.2691392375601176,0.2490307105666298,0.2976378452694769,0.30299547793841863,0.3407445623547803,0.47146714602177847,0.508907134234727,0.4143012141419102,0.4230750021452269,0.4242316400208045,0.45270982098399565,0.41312885627604323,0.35455595173399673,0.4633017154275917,0.20483529482647986,0.15788995799023217,0.1300064183412953,0.1480133983651768,0.3876907150788338,0.3179263690771444,0.2749909013237309,0.3370600833599759,0.386532095014206,0.3852302486949692,0.36823321372175943,0.38385899515790345,0.11283480099013316,0.1209350720302378,0.10955783462589853,0.15671239826394226,0.12471337968807127,0.11344250314162964,0.12288149944388017,0.12539577631946489,1.0,1.0,0.4944854452040808,0.9938600964715146,0.9919931266862418,0.9930940756550531
1272.49861965,0.325458221330602,0.3715164389201159,0.26136237144288244,0.16445089900682597,0.15470197632023835,0.14358912348132608,0.09479828845259984,0.09397702607614296,0.3369449835959813,0.3476716852060096,0.335072200134739,0.3373831364061008,0.26863779787047043,0.24874272243540657,0.2972117669336309,0.3025948513178243,0.34166207669369064,0.47183935778173813,0.5095457287748322,0.41479554688025494,0.424840370491164,0.42474769633462517,0.45430697960843147,0.4138536723767342,0.35489599355466706,0.4649239430071646,0.20598034666235765,0.158606936550812,0.13084514684659426,0.1487801594988315,0.3886219966141757,0.3187427201122875,0.27573964859628053,0.33812050790565146,0.3874179340272736,0.3859632840939093,0.3689326067001749,0.3845946052159986,0.11330217560712806,0.12133264000947386,0.11004747037381916,0.15713449241780109,0.12525830069104057,0.11392853022307957,0.12345371160201377,0.12594083753368,1.0,1.0,0.49502572969886627,0.993983470672868,0.9919911571058546,0.9931560329901388
1277.95551888,0.3273339039659231,0.37313380721614836,0.2626548282904965,0.1653837079989075,0.1551780649949012,0.14398918113495096,0.09488987150192194,0.09407647245465395,0.33805151232259073,0.3487242978417866,0.3361255550202521,0.3385680512495211,0.2682108592806163,0.24844682726850492,0.2967758299523374,0.30223078290536065,0.342067386888386,0.4721345330000146,0.5099406829777865,0.41521742339524015,0.42666949684945904,0.42530508506416104,0.4560537399682088,0.41462990001707867,0.35531963861413146,0.4666299576200121,0.20717211799610027,0.15933498983443256,0.1316880115595668,0.1495477289519108,0.3895827483800647,0.3195427545589011,0.27650883433306517,0.33912868240231187,0.38844833497715353,0.38674368000287823,0.36971437178278904,0.3852414209512418,0.11377751972558099,0.12180429256820546,0.11056977264018547,0.1576146475212035,0.12586983658698814,0.11444790009986139,0.12404457302684525,0.12656170358015714,1.0,1.0,0.49556448234718853,0.9941013353174267,0.9921137104249694,0.9931983649501488
1283.42649147,0.32926107620463907,0.37479437240417107,0.26400117692421576,0.16634778443052337,0.15565715749229259,0.14439210622417217,0.0949832310092669,0.09415826987302787,0.3392606321844387,0.34992731091369766,0.33721517183638877,0.33972040078119564,0.26783078095622176,0.24824653359414847,0.2964103283366824,0.301990361447484,0.3421761594231043,0.4722487934373217,0.5100814729447081,0.4154195186031023,0.4282888559637647,0.42593455179003004,0.4577069091644192,0.4154030741844521,0.35579613102278157,0.46830234578929636,0.20841220190724058,0.16005585939924197,0.13253770631486692,0.15033303288031655,0.39043066417917,0.32037785122260576,0.2771583278742206,0.3400185030625276,0.3893431517224312,0.3876172772783217,0.37048426715203164,0.3860008389251954,0.11424945681955942,0.12229178085625332,0.11111134836188155,0.1581589747187301,0.12649715165959163,0.11495597263171349,0.12462711753502301,0.12718585200085525,1.0,1.0,0.4961837735191973,0.994290894012809,0.992148856073515,0.9932682882953913
1288.9115257,0.3311015097594948,0.3765328162072785,0.26527242933074446,0.16723974888209062,0.15616166398018225,0.14478936437542506,0.0950580936999091,0.09426193697681888,0.34048972782805664,0.351188518080704,0.33836932643271544,0.3409365315253512,0.2674757301923931,0.24801840522510354,0.29601807361703836,0.301633729722047,0.3418304150230991,0.47208669520169555,0.5101358594869894,0.4153620368000343,0.4298526859675504,0.4264196044968392,0.45922568966262295,0.41614260032494144,0.35626543857844895,0.4698299629049249,0.2096686394950679,0.16080199892836045,0.1333640156681872,0.15107870615475502,0.3913676552437481,0.3211339162148486,0.27782451391573343,0.34084658839034093,0.39017950191850165,0.38847633078345,0.37129967939597164,0.38673224710871557,0.1147325353959976,0.12274019737948637,0.11159172446941107,0.15865919349282487,0.12710836233711512,0.11544578981279494,0.12519110706650846,0.12778115445352609,1.0,1.0,0.49674871947192484,0.9944846599595087,0.9921381832202883,0.9934158543750203
1294.41060969,0.33291999049447546,0.3783020649472711,0.26661859826004325,0.16802609935616225,0.1566667628427583,0.14518269126589822,0.09516088443397706,0.09440089684398109,0.3417489997971704,0.35255556065043436,0.3395308099863129,0.34219261762854886,0.26712371147663716,0.24775832599200973,0.2957247475532493,0.301197132192534,0.34118708093549266,0.4715905532935693,0.5098158854881264,0.41505400824753513,0.43147201667172014,0.4269263197190982,0.46056961148162745,0.41682113408617555,0.356692300552764,0.47115183943541883,0.2108813923360462,0.16153062336970753,0.13419804057997844,0.15184562098338159,0.3922085555201464,0.3219031419297967,0.2784126279438265,0.34161825407101903,0.3909847276786833,0.38938453844674575,0.371996984927673,0.38762556479178656,0.1152300619498148,0.12324063883965376,0.1120197363258923,0.15910168282298662,0.1277097574357764,0.11595679319091579,0.125764208240962,0.12836883463759038,1.0,1.0,0.49728269251404894,0.9944832787206407,0.9921201732104131,0.9934811552476223
1299.91690127,0.3346512612584589,0.3799311402845917,0.26798229064069495,0.16881478471170236,0.15718429603836828,0.14560486412705634,0.09528062182764724,0.0945757102592267,0.34289557066916865,0.35384727945206124,0.3406981854130905,0.3435102076407868,0.2668428703020609,0.24749603336098924,0.2955285364263814,0.3007476697759174,0.3400895502732989,0.4707368944114125,0.509330130438903,0.41440384627767424,0.43326514574348785,0.42736964075910483,0.46195461459050713,0.4174735215932726,0.3570005911913132,0.472441129568922,0.21205847425231963,0.16226113273695236,0.13505000317818108,0.15259420230762247,0.3929877643669471,0.3226156596719773,0.278983729306255,0.34235241118318466,0.3917863791813082,0.39023033625961534,0.37265801602790893,0.38847058968403536,0.11570102552991048,0.12382544569880134,0.11244124614134399,0.1596195801784274,0.12835782827613176,0.11647428168840429,0.12632752664622593,0.12896593348117194,1.0,1.0,0.4978755745815507,0.9942841157274216,0.9921167483232199,0.9935590670827754
1305.42577023,0.3363222133066344,0.38145188751335196,0.269326982785667,0.16964369945239646,0.15769770223301768,0.14603785720915155,0.0953680418185027,0.09471061116457155,0.3439533552774651,0.3550595682795421,0.3420008451595407,0.3447215782378231,0.2664594384960418,0.24713171489518615,0.29527757361265594,0.3004023531858807,0.33842271629976467,0.4694563605549936,0.5083633275891352,0.41332767318778935,0.4350162723307843,0.4278023112703505,0.46334943064812495,0.41807775056860597,0.3572217654345475,0.4736561883093842,0.21317310654473617,0.16298080035057966,0.13588030865619552,0.15331255748640585,0.3936356142797191,0.3231665286824735,0.2795055255751341,0.34305195246156545,0.3926177811977494,0.391079515005627,0.37331985161503617,0.3892722354939257,0.11615651121274828,0.12437864468032908,0.11285060742619138,0.1601218309598007,0.12895764326691492,0.11694890474140493,0.12691291750042386,0.12954738713116087,1.0,1.0,0.49834018040183276,0.9941534787190229,0.9920634079247818,0.9934224102763972
1310.93719838,0.3379874669501227,0.38297597840965214,0.2705163386079049,0.17053165223768812,0.15824992846895958,0.14651693384369036,0.09548159233044157,0.09484471559189109,0.3450334483130196,0.35627614628597004,0.34325057535686104,0.34598284993215805,0.2660700540107603,0.24683744208805386,0.2949676559244173,0.30011584162424326,0.3362358969213388,0.46785398601273986,0.5070481391140375,0.41182009296958744,0.4367025044070338,0.42825198102115924,0.46478491134776945,0.41870764679315303,0.357468397652903,0.4750176245237745,0.21427950437648474,0.16365607153852388,0.1366982700598008,0.15404398911287948,0.3942858553794641,0.3236661904767599,0.2799644263724766,0.3437112826829165,0.39347463944296623,0.39196366618074546,0.37418811791597495,0.390087642455727,0.11661605080719434,0.12490658005658384,0.11329789489161778,0.16066811906112008,0.12958454819074872,0.11749458191433362,0.12751751158159721,0.13014316087798955,1.0,1.0,0.4990240954628178,0.9940415915957307,0.9921302328558561,0.9934568317180058
1316.45116775,0.3397910826688631,0.3844205443227357,0.2717369276069781,0.17141352281047528,0.15876547691430898,0.14700964195687793,0.09558011317513672,0.09504487571429693,0.34616199135898,0.35745907400206817,0.3444644413225383,0.3472238314145364,0.26575231324462695,0.24658327368177865,0.2947004715797563,0.2998115990619412,0.3335634829077502,0.46588297247258764,0.5053138196474976,0.4099862038928367,0.43827011676640837,0.4286437790687256,0.4660721855233081,0.41940411225619895,0.35768369211114676,0.4762550788465735,0.2153386193574981,0.16429433248560296,0.13746921984187882,0.15478543210484433,0.3949115369985349,0.32414825417639925,0.2804152767534306,0.34432917657856127,0.39430311809248414,0.39288972699958175,0.3749275898808792,0.39088405672450655,0.11705838848411794,0.12544487468583612,0.1137713781826294,0.1611971223757529,0.13021428229933438,0.11799024785904652,0.1280819323907648,0.1307479280598639,1.0,1.0,0.49962537763594894,0.9940273839687951,0.9920413255392411,0.9931291937489474
1321.96766053,0.3415712299232281,0.38568389007665094,0.2727865727618844,0.17226864186286725,0.15929691953631173,0.14749454655349054,0.0956875869311827,0.09520389792658508,0.3472080889810129,0.3585963833391465,0.3455972629455231,0.3484130840814578,0.26537197459689793,0.24634653005619767,0.29429233043185204,0.2994649540299104,0.3302411233476386,0.4633538732046787,0.5032048539381297,0.407704807484763,0.4396880717572443,0.42898923810847833,0.4671080450810249,0.41993234356207737,0.35778400180995434,0.4774152571121107,0.2162996402072549,0.16488475871300556,0.13815539858347883,0.15548984690954992,0.3954500838625457,0.3246121377108162,0.28075933849417706,0.34483996585281446,0.39514420680186796,0.393732694835228,0.37568376872171844,0.39147816673600355,0.1174901410475213,0.12594068931340754,0.11420994580402409,0.16164932404196153,0.13083741344123023,0.11844921019779622,0.12864419670732238,0.13132339476175872,1.0,1.0,0.5001911025586768,0.9940192161296574,0.9919423989870261,0.9931430155945664
1327.4866591,0.34313364374067246,0.38685358681262416,0.27390268228784326,0.1730901638350045,0.15977588463369952,0.1479464417861988,0.09576001508811044,0.09530930792579842,0.3483207509690456,0.35970902470705457,0.34660516835315314,0.3494653407801323,0.26497249388340066,0.24607279969394463,0.293908223775717,0.2991280699484512,0.32629552621388136,0.46047548549117406,0.5004972053329473,0.4050326154942618,0.4409862943781255,0.4292009331622486,0.4680027803661762,0.42038764149129676,0.3578015912266713,0.47843388044782914,0.21716528517859934,0.16541107302855823,0.1388624248299455,0.15614577331120552,0.39584800291900574,0.32496061628215706,0.28105369082597953,0.3452772495943644,0.39593764176989976,0.39448626387579594,0.37623810881639247,0.3921338575860341,0.11794125853247878,0.1264034310464207,0.11461800480171357,0.1620494523342394,0.13144941040817784,0.11887166218937889,0.1291607905316758,0.1318598720743181,1.0,0.9999864355201622,0.5008026467750809,0.9938148992402109,0.9919605333291944,0.9931060850476896
1333.01349556,0.3446062027619969,0.3878755388836563,0.27491719076136417,0.17382963988622277,0.16025322080690946,0.14838593635221128,0.09581610015021562,0.09539647794152199,0.3493728669226234,0.36085651308908445,0.34762961134050535,0.35049076708675136,0.26455087331642,0.2457177785835971,0.29348596809171656,0.2988048423382059,0.3218153034975779,0.4571237001358922,0.49713773556795543,0.40187764356813777,0.44220447428021575,0.4292619270931147,0.46863332663171164,0.42059460708827046,0.3578698728688874,0.47924330065409154,0.21801144685676793,0.16590707826620704,0.13951034954188682,0.15669665274488423,0.3961878992760433,0.32531957376784537,0.28129248323589734,0.34558120418564237,0.39668894602650784,0.39505643757078257,0.3767436933780998,0.3927344949442039,0.1184265270996559,0.1268200877112253,0.11499314959491383,0.16245830557162103,0.13204937353846774,0.11930057551453695,0.12967613799772024,0.13241085944901776,1.0,0.9999810876628948,0.5012659833982813,0.9939214434213303,0.9918618225747177,0.9928478135569058
1338.5688161,0.3461251591966636,0.38888288620492656,0.2759233906633084,0.17458157805114227,0.16078396133397302,0.1488854452815519,0.0958816956205012,0.0955575587102408,0.3504581426880026,0.36204352155808717,0.3488250479001659,0.3515745241258456,0.264208110533867,0.2453969782307672,0.2931391549385663,0.29849100596405115,0.31696390831656773,0.45347032851480396,0.49337156051416325,0.39845649701395736,0.4434680347579707,0.42926572642153854,0.46924578682458523,0.42090844211017453,0.35797442606943053,0.4799608765365755,0.21883670913553316,0.16644397114315093,0.1401076791957765,0.15725051420978206,0.3965152039424341,0.32561308735366923,0.2815094990206056,0.34587626700688473,0.39745231421166977,0.39571893375193967,0.37736226181740634,0.3934309103099316,0.11890686801750813,0.12724755745930855,0.11537694914569714,0.16297716497334971,0.13264182710284375,0.11972319150884154,0.13021276044741836,0.13298617889845463,1.0,1.0,0.5017938425151669,0.9939621241401518,0.9918126286105585,0.9928667986606841
1344.15282419,0.3476402608884605,0.38985273288776656,0.2769961195669089,0.1753103067801124,0.16138770559642152,0.14942673343298152,0.09598928876726678,0.09572641189541187,0.3516423398252817,0.3631365950591836,0.3499051068567891,0.3526800133528341,0.2638885774286976,0.24506793891843887,0.29287339256400396,0.29814490853758757,0.3117422903005338,0.44943147974974157,0.4893735480303852,0.3947294641921743,0.44472787932155683,0.42935572331527655,0.46984918879633564,0.42114042583200256,0.35820133432968726,0.48064683001546066,0.21972347005152862,0.16695174408778002,0.14065796331366623,0.1577748140621081,0.3966846665970547,0.32580895302054685,0.2816751434225365,0.3460788041751331,0.39821014639020025,0.39647546381335325,0.3780615650023131,0.3942133276126113,0.11935338407972007,0.12767376499707198,0.1157189441161349,0.1634699977266106,0.133235395110552,0.12018181846102546,0.1307592087068061,0.13349644401838662,1.0,1.0,0.5022671460614864,0.9938019200401375,0.9917461689786063,0.9926907826495414
1349.76572543,0.3488850280035592,0.39062362759390334,0.2779723616135094,0.1758575050535149,0.1619847051965668,0.14995286487881768,0.09607736469253422,0.09586695829656348,0.3527635630878409,0.3640946382696091,0.3508556031004606,0.3536806427746334,0.2635767611300242,0.24468969793795764,0.2924343836400971,0.29770511614054995,0.30638908224269207,0.44513832291180117,0.48503951033190956,0.3907802877894108,0.44570474867659504,0.42940269241595064,0.47006619548647943,0.42138993593681,0.3583651066906943,0.48099253468765507,0.22050303548436753,0.16736562093938262,0.14116104656647,0.15820856666678018,0.39657137190691194,0.32579330963499675,0.2816688909119954,0.3459547227172114,0.39900424432553416,0.3971323501811446,0.37869811553154387,0.3949157234992064,0.11969957042912555,0.12808521018313027,0.11598957960850119,0.16386434105660994,0.13380898709460115,0.12063749496982885,0.13126631547632356,0.13398760614119906,1.0,1.0,0.5027877922568913,0.9937125858082849,0.9913849034232949,0.9925525500813156
1355.4077275,0.349955092956698,0.3911530071666301,0.27881328658229626,0.17636994505397333,0.1626869104114866,0.15040273298733278,0.09620485361509469,0.09601568607946456,0.35372191816842263,0.3649843699844926,0.3516631469533814,0.3544696430766907,0.26323770935388935,0.24432514281115683,0.2919790844334061,0.29732315930663855,0.30109345966641576,0.4410626606256376,0.480624055715005,0.38689174835437734,0.44653706231858614,0.42943962909147076,0.4701871558277796,0.4213867799157362,0.3584735649883231,0.48115537565640804,0.2211592382149607,0.16771202396430268,0.14161118303392045,0.15859493474809613,0.39613994969212807,0.3255385755614793,0.2813493918612818,0.3455735283446927,0.3997858388107729,0.39796006622814917,0.37932945033232884,0.3955793313871724,0.11998352585141497,0.1284812527748224,0.1162660301121122,0.16415009147930004,0.13432541189752914,0.12103495870020241,0.13173758446459893,0.1344363756872658,1.0,0.9999703787502692,0.5033719093481497,0.9934225366834044,0.9911207767218065,0.9924366649199464
1361.07904029,0.3509195081432481,0.3915166250907445,0.27949990816973963,0.17690348239097972,0.16344360901853042,0.15083666178826213,0.09636776872436045,0.09618043026314994,0.35436173558109496,0.36568247702152995,0.35222075774300354,0.35505839486134666,0.26292213704052836,0.24400904761766987,0.29159019108932094,0.2969325244583433,0.2961545523461085,0.43720571299179156,0.476592057475725,0.3830737926888932,0.44716856927087023,0.4293493582157776,0.4700628309276646,0.42131363802302224,0.3584996128878751,0.4812609876529175,0.22159668157483495,0.16798199626467542,0.1419870327916238,0.15891263334274042,0.39537908295915863,0.32484161953256446,0.28067095926976166,0.3447965342173875,0.4004812090182119,0.39862523930902904,0.37990156473109765,0.3961717439148398,0.12027830949026264,0.1288203866275542,0.11651172131662525,0.16439473800985382,0.1347530730925797,0.1213820308377294,0.13216806276074206,0.13485783875984078,1.0,1.0,0.5039359649181231,0.9932841980572656,0.9909409379248421,0.9923384874897027
1366.77987583,0.3516737800845247,0.3913043607279954,0.2800009782882354,0.17727996510445446,0.1641577801116349,0.15132767113410217,0.09652578329153096,0.0963507861311223,0.3544607056220015,0.36579142100428946,0.35237851009648413,0.3551560502284944,0.2625772779244564,0.24371186273894482,0.2912087611000801,0.2964939975979866,0.29134788124790406,0.4333333458132719,0.4725203399100554,0.3791669357666788,0.44747608945121387,0.42909370713259315,0.46960852166506306,0.4211340356369111,0.3583183149293736,0.48116127856818686,0.22173410300038737,0.16812945117887848,0.14226050024284198,0.15910256406399753,0.3939903209062515,0.32366839190101415,0.2794085230657491,0.343340887767498,0.4010698325983696,0.39917192187195144,0.3803704954465846,0.39669617434133997,0.12044385809326216,0.12903169192542913,0.11669836329911838,0.16458861608669922,0.13512689337551356,0.12169087683149288,0.1325797222374455,0.13518766328301443,1.0,1.0,0.5044560738642161,0.9931607324456059,0.9907603542908838,0.9923564975850195
1372.46681289,0.35184391538204557,0.3904389371621507,0.28035928836940716,0.17731422933441318,0.16476169789175016,0.15183366349084493,0.0966834085022606,0.09650651015069929,0.3542395886259406,0.3655196661696152,0.3523514383123364,0.3549331058285708,0.26215672088872943,0.2433409853662867,0.29070000727630646,0.29602709319140513,0.28653512984151347,0.42934512926382024,0.4680010531148858,0.3751940259253142,0.4472785440095482,0.4286563910510835,0.4688797624133308,0.42060459131918704,0.3579788858069468,0.48057218948746366,0.22170885265485377,0.16806257237451766,0.14230259937696635,0.15901364107380517,0.3916753681956871,0.3215356214524373,0.27760814803345135,0.3410248055601155,0.4015768260614933,0.39960781371220916,0.38077579380352455,0.39711873419615096,0.1204837547822758,0.12913491182662554,0.1167363825309764,0.16463957345427857,0.1354410057611201,0.12195282062263615,0.13283715494355788,0.13539615209279374,0.9999618613919122,0.9999002399250324,0.5049544166818003,0.9931374635413833,0.9908181378739317,0.9923736107203553
1378.13342967,0.35126036231319113,0.3886978264610565,0.28035881829568604,0.1769570650698017,0.16537522637383142,0.15231341656415212,0.09684481206481271,0.09658076476145888,0.35431765704080376,0.3655722101686369,0.3525430493859107,0.3549020296349713,0.2616485124301357,0.24292139186288642,0.29017205739666085,0.29560117442546646,0.2816803986627817,0.4249655487072267,0.46285235605453706,0.37083930815661936,0.4464552590028702,0.42797517834467835,0.4675541029390366,0.41966284001680243,0.3572161631290573,0.47924074427217794,0.22134956405567827,0.16766461376492586,0.1419795108125773,0.1585425295061025,0.3882110653433852,0.3185252573709625,0.27497600087251106,0.3377130970751504,0.4019705817431602,0.3999886384006806,0.3810363643271536,0.39749143747771015,0.1204025873215632,0.129057875862474,0.1165968433618263,0.16448855835131754,0.13562585486817158,0.12207558051596508,0.13291118340103708,0.13542305154076165,1.0,1.0,0.5055338670468635,0.9931403558654573,0.9907928298184978,0.9923256687265781
1383.78010777,0.34995646209085807,0.38597219396900345,0.27980312249974904,0.17628226558341634,0.16599695976895995,0.1528230182870209,0.0969789077039824,0.09669808250024986,0.35457103638013077,0.3656734509944043,0.3529193143646528,0.3550417451995886,0.26107324471978605,0.24247741341763185,0.2894867180224032,0.2950037951731252,0.2766274554808523,0.42046321439034035,0.45747497586684144,0.3663126879661171,0.4446011371074485,0.4267510595686426,0.46519696236686336,0.4180321936047116,0.35589681031657266,0.47701308413443894,0.22031180465918157,0.16679022550699318,0.14122661182067126,0.15762743995055314,0.38382515163259134,0.314714540223162,0.27168821653827857,0.3335760374483304,0.40211107719527067,0.4000832142034456,0.3810515992517194,0.39758496853658465,0.12013396486007948,0.1287995878145254,0.11625382681255582,0.16413987418098533,0.13555011951588897,0.12199036770858951,0.13271299979228895,0.13518664836978617,0.9999986296693173,0.9998945658640603,0.5061844579576765,0.9932883957179102,0.9910297149261,0.9922423163756535
1389.40721715,0.3480985466704689,0.38220295975807866,0.2787261671483848,0.17525536369048403,0.16662880976205213,0.1533047011372672,0.09713733259934053,0.09686036507021872,0.3545331720565199,0.3655322673115439,0.3529816642506696,0.35495701757835113,0.2605208520281494,0.24194351044023324,0.2886848338938425,0.294256680324837,0.2711901974407107,0.4157196223597463,0.45200464873337,0.3618664426522248,0.44212519441719195,0.425251499564144,0.46213472128935335,0.4161528295952199,0.35431812101256055,0.4742171230551283,0.21852838327846583,0.16538179334156627,0.13989052102551408,0.15618124804265254,0.3786973404513945,0.3101886607320254,0.26794020291174575,0.3289554419365996,0.40201973777939337,0.4000260815787362,0.3809219309782116,0.3973812330460796,0.1196599936265824,0.1284348536095232,0.11574161448395216,0.16374667894407063,0.13505395120759922,0.12151659478092432,0.13210622971167038,0.13459460167716494,1.0,0.9998131671622219,0.5067683064108305,0.993345102295405,0.9911168402334443,0.9923718709340144
1395.0151167,0.345929388705539,0.37752184329644284,0.2770466734025221,0.1738320434192342,0.1672512554450179,0.15382655382110239,0.09727072009826711,0.09701388737468479,0.35474601929082983,0.36583779124214316,0.353266597459163,0.3553047927315232,0.25994698718625114,0.2414470437713884,0.2879673352418471,0.29365124743439125,0.2648247864289752,0.4104991669123623,0.44608622176249535,0.3569558944626051,0.4396491387356285,0.42378561198639614,0.45872606592525017,0.4141688989973473,0.3528142125374009,0.47109377336172226,0.21619164797127782,0.16355528826552504,0.13806802813263602,0.15430372764839925,0.37299525375787573,0.3052275052822299,0.2638818414471494,0.3238966458713031,0.40184443174665063,0.3998254746989274,0.38062956576149337,0.3970825915491873,0.11917331284691274,0.12805366322232695,0.11518911923742953,0.16340086037595186,0.13412502502602452,0.120663309754896,0.13097515855401942,0.1334940452934033,1.0,0.9999889674295508,0.5074151341527808,0.9933610446226797,0.9912649940060011,0.9923813204919475
1400.60415467,0.3436190429140298,0.3722528922362129,0.2748907011210107,0.17206103869629136,0.1679119542091321,0.15438639607665897,0.09739315267244056,0.09718131025961337,0.3555409625708299,0.36677084329509774,0.3542019453398711,0.35634396511442207,0.2594563860003325,0.2409261148114593,0.28736955465492636,0.2931460199077747,0.257520332558649,0.40449962612661133,0.4392504046983602,0.3512215160017534,0.4368287498045741,0.42209546737542086,0.45486172818595816,0.4120390754018586,0.3512230163642875,0.4674308194170564,0.2136672818778573,0.16166067536476902,0.13608297172619638,0.15228131910296416,0.367460798938925,0.30034672339129853,0.2598144441968116,0.3189100555650872,0.4018284088346118,0.3996909326427733,0.3806149049171831,0.3969534031151785,0.11881065613420878,0.1277491642247437,0.11476437235554013,0.16312228113659386,0.13295304495621277,0.119613558680402,0.12954428751499134,0.13210588833080894,1.0,0.9998449724027129,0.5080334492391482,0.9932598283788784,0.9913599468087276,0.992709632946373
1406.19775036,0.34162584027586407,0.3671414412326269,0.2726873931202963,0.17029971445575853,0.16854159074739306,0.1549765642615738,0.09749931439399302,0.09730583296513515,0.3564708853590881,0.3677673006826605,0.35531672466217146,0.35756124856679267,0.25900844857116767,0.24038491681986127,0.28678322436251374,0.29257552891911115,0.24963037750280154,0.3978804088860453,0.4311740341018618,0.3446833712012266,0.43406763614220323,0.4201109484701456,0.4507068972513253,0.4098703523300346,0.3496470346082368,0.4634772779675613,0.21135372376865905,0.1600012605534817,0.13436450580342774,0.1504931737700645,0.3631570243899356,0.29656143218992875,0.25663013521937555,0.3149351894281088,0.40180681028561466,0.39971330068176525,0.38065531673178293,0.39703675892307155,0.11853497501826693,0.12747984431751525,0.11443125098552683,0.16285977306386565,0.13195738433710683,0.11870627166832341,0.12826934855787012,0.13086274385307503,1.0,0.9999787106373789,0.5086076558246693,0.993294291373021,0.9916497389306725,0.9928360145131264
1411.81328293,0.34097461959281283,0.3635642025999755,0.27124592587449353,0.1692496585371628,0.16920482882538151,0.15552850901136853,0.09755188638774834,0.09747157243955547,0.3573774188296389,0.36872053479153616,0.3563770659861431,0.3586119305079331,0.2586092134047302,0.23987690067870912,0.28615824246359667,0.29199648080553464,0.24182538637448087,0.39082516579286025,0.4222821153413376,0.3377952007829488,0.432322831203688,0.4184778802007872,0.44691319782998545,0.40811643530586644,0.3484737528988204,0.4601147609014477,0.20987676174370998,0.15898904557772958,0.13326642072332529,0.14937403080291614,0.361653954735373,0.2952434812818515,0.25548271209411805,0.3134842746407819,0.4019197505587231,0.39991987050297184,0.3808504401613226,0.39720067361342676,0.11858584420233509,0.12750071277462782,0.11443133298872613,0.16286738901252767,0.1316574021610948,0.11839727374905114,0.12774982360999526,0.13038064916706868,1.0,0.9999488152544936,0.5091640624544946,0.9934847930556595,0.9917029160734919,0.9927840470382423
1417.45083527,0.3426540314746323,0.36273374815819504,0.27105272235194,0.16954716183680593,0.16987764497357355,0.15606272010306346,0.09765024740454747,0.09765665302881327,0.3584461165204742,0.36999768641987,0.35764188634370586,0.3597913287493314,0.2582310368056746,0.23940165622594203,0.2856860968715883,0.2914584718384068,0.23472973304022826,0.38387784826531507,0.4135127768369373,0.33110376165502164,0.4321188384627912,0.4176927403232312,0.4440074000909224,0.4071785275197742,0.3479413090595148,0.45774158980308993,0.20955303963662847,0.15882833244581182,0.13307581016139094,0.1491302541457363,0.363707659152975,0.2970346149794036,0.2569240630870489,0.31530114458513253,0.4023770225804351,0.40026284452433386,0.38112879729037213,0.39753333970036636,0.11941039598967351,0.12838632355616925,0.11528027050328205,0.1637800798505638,0.13229785602876504,0.11894062234964553,0.12838760242203232,0.13104655809188231,1.0,1.0,0.5096743766794598,0.9935062446329579,0.9917407658122526,0.9928230890708433
1423.11049053,0.3459850512136311,0.36405239423339275,0.2720787311524865,0.17100924865174227,0.17052073996648195,0.15655626890858465,0.0977668255875609,0.09784885836771536,0.359739237032564,0.37158183659777744,0.35923684652093996,0.3612394530050774,0.2579703819672278,0.2390314876326745,0.28533095261099567,0.2911010678440393,0.22873092685568175,0.37736778562640805,0.4054194864782998,0.3251245944317958,0.4332434704790363,0.41736953018007544,0.4417620323680465,0.406963787078315,0.3479665288965877,0.45600554047099634,0.21034832662002878,0.1593824824294028,0.1337476732441195,0.1497256857340973,0.36790027640234396,0.30065176905434243,0.25993661365975307,0.31904116191500004,0.4028442275104653,0.4008473679146701,0.38153214386762324,0.3979507417641497,0.1208556297177713,0.12991504221530073,0.11677634995643726,0.16530953448649838,0.13377439799143537,0.12018930373586839,0.12998302855467586,0.13267497775959322,1.0,1.0,0.5101177934827299,0.9936745084446278,0.991644126789025,0.9928344383192711
1428.79233216,0.3496614838695074,0.3665077626337003,0.27382416322129005,0.17293345540277097,0.17121872745640065,0.15704136308075392,0.09791840569198386,0.09803001654808348,0.36124815708140806,0.3731601051589984,0.36076871235837416,0.36268969270014173,0.2577081482512938,0.2386616028164682,0.28506512327403327,0.29081984118235743,0.22386607674826095,0.3715010719155848,0.3979550542354958,0.3197283917862316,0.434362535216284,0.4169642146757425,0.4391523666902382,0.4067921695828226,0.34806286920773144,0.4540799525832703,0.2119893121734081,0.16054521432570462,0.13509872913606866,0.1510686662927804,0.37254995522136863,0.30467103514486116,0.26329785191882693,0.32329862452681973,0.4035475527946823,0.4017328900118203,0.3820027240706143,0.39847743594957885,0.12237227986848914,0.13148622987552958,0.1182388542637557,0.16678495837541946,0.13563781742036654,0.1217446510250721,0.1319646401793212,0.13469639695242147,1.0,1.0,0.510604929487485,0.9936647413554922,0.9917359224466417,0.9927819241921381
1434.4964439,0.3530869562241101,0.36943929713161605,0.27575584641851086,0.1749847996980105,0.17196391629985236,0.1575587166451476,0.09807348746976759,0.09823463538897688,0.3628244082240921,0.37477581732918297,0.3623269262840858,0.36417207972606963,0.2574799881615394,0.23825604021956495,0.28474980592020677,0.2905674671270631,0.21979435420058652,0.36593579511130037,0.3907377168575062,0.31467028648008827,0.4347529380595773,0.41608816101811436,0.43559417858178423,0.4061232869618932,0.3478307373140108,0.450965415391061,0.21422645017419487,0.16202459002604908,0.13678513915771184,0.15283459893735213,0.3768233163668442,0.3084316369011786,0.26641484847768676,0.32729864184466834,0.40446812494890655,0.40284545878500755,0.38268081116964625,0.3990908368330783,0.12371736461496653,0.13284232829647777,0.11944452209398862,0.16811428602795106,0.13742995965215654,0.12325803306343223,0.133849201038096,0.13660053113070122,1.0,1.0,0.5110644487160989,0.9940096962270345,0.9918202567868691,0.9930085078871865
1440.21938683,0.3562581944880107,0.37251065053685195,0.27762834049279134,0.17684534410755695,0.17272288240592165,0.15807384564779448,0.09823598537821716,0.09842114969362804,0.3643553409788696,0.37620873893544504,0.36386983995887157,0.36559149815987224,0.25721877586303205,0.23782393431298487,0.2843389565974693,0.2902928368328408,0.2165217122784345,0.3611418430514988,0.384357385462595,0.3104146075359102,0.4346233594795268,0.414773876293537,0.4316304989606549,0.4050083343143158,0.34719564482785437,0.4474464640403049,0.21662017696306007,0.1636044840747023,0.13857273239787138,0.15466482721932015,0.3805723872223194,0.31163554251928516,0.268960198531166,0.3307359667068131,0.4054427533764801,0.4037607374683778,0.38330267740463986,0.3998383572466187,0.12476787704295374,0.1339414641117732,0.12046632944429658,0.16922904515647652,0.13890361895661552,0.12454428702964576,0.13536426249249514,0.13810420327403383,1.0,0.9999657220474076,0.5113617854675568,0.9940894598854565,0.9917748125771365,0.9928024018365191
1445.9515979,0.35904631764451234,0.37546544186831465,0.2795025876113668,0.17859441446622618,0.17344792782991933,0.158563834868793,0.09839663130332604,0.09859357011662387,0.3658603494625165,0.37765402799819275,0.36530738897677334,0.3669446945932635,0.25701925593196256,0.23757369739113776,0.28399420106309414,0.2901271834131274,0.21454286699021546,0.35819302146042126,0.380621818194268,0.3078993521068462,0.4354209885521786,0.4142358644274039,0.4301585066857739,0.4047522919293323,0.3470819029830012,0.44617962211657813,0.21893139218795488,0.16509967840857842,0.14028465540733204,0.15643562687714152,0.3835727339880072,0.3142592599334773,0.27114031878696765,0.33350029013685956,0.40636575601187136,0.4046553537856009,0.38410712037275574,0.4007511264044706,0.12560287283175367,0.1348422036488471,0.12139071850224879,0.17011199058430376,0.1401076964626293,0.12555123419114297,0.13655905557155182,0.1393082667912813,1.0,1.0,0.5118159376137944,0.993829780294208,0.9917329954603559,0.9927835343832032
1451.69304835,0.3616976702761938,0.3782780047849158,0.28128635453834977,0.18010694409058278,0.174097237172875,0.15907782339296794,0.09855706345540453,0.09875526517448036,0.36736636970888487,0.3790548795323231,0.36672832750755496,0.36833550471697585,0.25689127226297387,0.23743960461587618,0.2839637623430533,0.2901096523238145,0.21391885989931822,0.35746044822888795,0.37988397561715637,0.3075461393769249,0.43785112063960635,0.4151471778240441,0.4323997040556785,0.4059813191403906,0.347842931417285,0.4484948443250411,0.2210221007093302,0.16636591777844068,0.14180612141456914,0.1579919860797937,0.38604003992280805,0.3163784090855941,0.27291772145487764,0.3356763257637893,0.4072498728512632,0.4056350183941766,0.38488730706640156,0.40159157037451937,0.12634317543145068,0.13557864374779377,0.12218642221318578,0.1708531449282886,0.14108071656471022,0.12635315723134743,0.13750446988517045,0.14033215287688475,1.0,1.0,0.5122222894515865,0.9937183604588145,0.9917063997360631,0.9929116950109089
1457.44370948,0.36422181738197934,0.3809625978846096,0.2830142891259512,0.18148183921011476,0.1746594409149942,0.1595939115969834,0.09870330018374461,0.09889406331624291,0.3688185831138839,0.380627810880362,0.36805366175351195,0.369682534119175,0.25689199711274513,0.23744048926190378,0.28407177947862045,0.2902201236147041,0.2139971395011422,0.35798308258473643,0.3811053836332301,0.3083686521276935,0.4410265417440606,0.4167382761920966,0.4366687569676148,0.40793403465230693,0.3490851658040034,0.45260120473492466,0.22280143126653984,0.16750678995198823,0.1431957890450354,0.15932246606703623,0.3881137367892979,0.3182168728055536,0.2744562864454755,0.3375423054443387,0.4083534960086968,0.40657510058703616,0.3856779893494755,0.4025058697111999,0.1270761034347328,0.13626146456675575,0.12285496481275203,0.17144249631357777,0.1418426163746997,0.12704767837941475,0.13831301011395997,0.1411888152437924,1.0,1.0,0.5127759017183984,0.9936201178684991,0.9915479580654919,0.9929653746949675
1463.20355265,0.3667106511968822,0.38348387718856913,0.2846042087667602,0.18272345032192477,0.17521534436315125,0.16015386382993718,0.09884029575014155,0.09905735259908599,0.3702470375656462,0.3821900657651873,0.3693760121259665,0.37107603386357074,0.2569267973270589,0.23754943265452214,0.2841982183114918,0.29024347320871813,0.2142644959078746,0.3589657749652537,0.3827410550043478,0.30935369680480423,0.44407201168130533,0.4182441316132624,0.4405361227800395,0.4097544619471493,0.35029366981320326,0.456337538125802,0.22447353141128717,0.16867846633074116,0.144481373065766,0.16054011045748498,0.3900182040320394,0.31989958421822573,0.2758328568498877,0.33932411664335504,0.40944648694970875,0.4075695620782615,0.38646185001195293,0.4032376286274101,0.1277467995249508,0.13693878415199767,0.12348130203177811,0.1719959670721893,0.14255570059101028,0.1277278240444598,0.13906568859786836,0.14208846253585045,1.0,1.0,0.5132906342732618,0.9936192863144826,0.9915057562893377,0.9927518621434002
1468.97254925,0.36930495637786986,0.38626255110898183,0.28634336328029203,0.1841253101275356,0.17577218770268319,0.1606891601848564,0.09897034436474228,0.09924113902875809,0.37162580717128874,0.38378873696091886,0.37072247668536623,0.37252730795412325,0.2570314443666037,0.23768848984435414,0.2842894882531457,0.2902922546020753,0.21451796168834816,0.35975762997042277,0.3843172352528653,0.3101477273952102,0.4466793876217306,0.41948442138150516,0.44354760246404945,0.4112876057175604,0.35121984864086775,0.45933034820199725,0.2262705880470309,0.17001994403772994,0.14596391138788312,0.16185954492982926,0.3919098104771374,0.32146344072558847,0.2772319139069604,0.3410960253448552,0.4104358362427807,0.4085977460701586,0.3871413545396173,0.4040298045178123,0.12833534095904134,0.13760034715345826,0.12411924761163988,0.17252026403139972,0.14326423863016935,0.12837211406075386,0.13977968820871645,0.14296847427879147,1.0,1.0,0.5138067426765903,0.9935320369459905,0.9914098450969621,0.9928760592621868
1474.75040717,0.37212452268189944,0.3894561763303887,0.2882545557679903,0.18564488412814475,0.17636687970684434,0.16117314014975004,0.0991136313959002,0.09945142380973535,0.37295813811033085,0.38527369239600706,0.37205352334211556,0.3738452562866225,0.2570944308578408,0.23786389664670798,0.28430120622403776,0.29043371296663173,0.21463619431385983,0.36035794089823886,0.3856805764727808,0.3108534548526192,0.4489829468769767,0.4204741897965044,0.4458203548697007,0.41251074664631215,0.35212406314883243,0.461589491193585,0.22821462283641575,0.1714798239380479,0.1476154500700575,0.1634596290384199,0.3938856135185161,0.3232136693159346,0.27860394655465176,0.34296479428686183,0.4114637770170217,0.4096238935336608,0.3880304991681329,0.40480962097208456,0.12885935187312042,0.138280217415798,0.12472313668607221,0.17312446597803213,0.1439220923098677,0.12898760254762567,0.140474866270443,0.14370606662366026,1.0,1.0,0.5143248828605018,0.9934898799019313,0.9914578130885237,0.9927335322222632
1480.53455271,0.3750476281418376,0.3929303473716838,0.2903812045886989,0.18724035305082196,0.17702430617420936,0.16165143923127537,0.09929180138600774,0.09969887483273338,0.3744503758724777,0.38681634531119996,0.37351931503166136,0.3752840311574362,0.25711020956879843,0.23799397206012185,0.28435193995516855,0.2905538799412593,0.21467771383380957,0.360914720322809,0.38653138841791734,0.31127234478865484,0.45097538867186665,0.4212172097218531,0.4472617635890576,0.4134595550599359,0.35287765940971755,0.46310396271877674,0.23032165171400437,0.17291499676774733,0.1493126369202628,0.1651543071969819,0.39592919509591284,0.32504896519608056,0.28002409066759953,0.3448189405348127,0.4124862857054529,0.41079591599519544,0.3889991113152714,0.4058287635733872,0.1293262001447165,0.13892917838605512,0.1253161359579563,0.17371013886544487,0.14462529065743437,0.12958408515289815,0.14115060247045616,0.14443494221330372,1.0,0.9999723152815402,0.5148551186185427,0.9936308984470279,0.9916052693845787,0.9928552301108627
1486.32495713,0.37794775387577895,0.39662180864118846,0.29254855397030577,0.18881135813301625,0.17765252585430913,0.16206631838668478,0.09943217678115993,0.09990983830458632,0.3760737595439424,0.3882085634317527,0.3751299599817262,0.37675955401598654,0.2571290992311238,0.23802336883095943,0.2844476863477715,0.29060965198272054,0.21467310597369482,0.36138723828402763,0.3871556714991821,0.31170226021446895,0.45286333192276096,0.42175021270686686,0.4484458942421974,0.4143389433088987,0.35344770578835016,0.4642899903230172,0.23240023852513178,0.1743767572575842,0.1509548114329391,0.1667350941845472,0.3978083935999508,0.32674307867564095,0.281399219339431,0.34665259051016806,0.4134532827400928,0.4118848118455178,0.38999125593910067,0.40686973141912897,0.1298427265069106,0.1394956143557484,0.12584616215832686,0.17432435704721436,0.1453199026038172,0.13010432257435864,0.14183353552776037,0.14513629235657735,1.0,0.9999245777994201,0.5153144110226313,0.9938854268157307,0.9918357860857484,0.9930169144448012
1492.12159183,0.3807297559401831,0.400219007694141,0.2947482469594488,0.1903249456390165,0.1782044364199838,0.16243353634651458,0.09952012905535998,0.10004287484225281,0.3775615395279594,0.3896447880514744,0.37656567632445287,0.37835475140955255,0.25710794882420884,0.23803429747838512,0.284616265542747,0.2905702201050009,0.215066193931867,0.36229339881361844,0.38850548619600406,0.31278412712423065,0.45499990011491387,0.42251649682657094,0.4506198636060168,0.41542916106881644,0.3541122255637712,0.4663022952765781,0.23450110241572175,0.17575018817728774,0.15251280316109014,0.16821363824063973,0.3996128223190723,0.3282876389201118,0.28274473298762276,0.3483491023346819,0.4144926035786865,0.41293632277291037,0.3910531164700886,0.4078470947007402,0.13037727456682718,0.14000095703747378,0.12637758264150656,0.17493797327944538,0.14602112949286009,0.13059107343678564,0.14247359653757116,0.14580554378709842,1.0,1.0,0.5157696480286459,0.9938994994943643,0.9918928793234145,0.9931353351013602
1497.92442836,0.3835716664333866,0.4037792339707208,0.2968999239068336,0.1917853251686943,0.17876419897466975,0.16282307658291528,0.09960821846593056,0.10016085836150812,0.3790351020059677,0.3910806524805312,0.37804599611307155,0.3798223160001197,0.257124909169175,0.23809362076020438,0.2848857028735358,0.2906216745466571,0.2160176373157713,0.3640340711287413,0.39107536718027375,0.3145151079557724,0.4578870112263041,0.4238511315554887,0.4543857870714866,0.4171128680773722,0.35519353031418543,0.46978135176241204,0.23662218567154783,0.1770266858836159,0.154054443683497,0.1696908320385569,0.40137345093672755,0.3297944545665429,0.2840655312739128,0.3499183203090172,0.41555405928346156,0.41380581861713245,0.3919413895436761,0.4087877307144885,0.13089689277974303,0.14059166215879607,0.12694837915971102,0.17557905457203857,0.14667820608065701,0.1311299962975322,0.1430747295560018,0.1464501089756202,1.0,0.9999716626585935,0.516448928509084,0.9938984470168405,0.9919477017577977,0.9929764921422397
1503.73343845,0.38634985948316064,0.4072552853592655,0.2988641477860264,0.19312164474604096,0.17930142437565016,0.1631891373823711,0.09972562544266503,0.10025821388579449,0.38050556728550117,0.3926332307831474,0.3795448455981848,0.3812873863465237,0.25707696415657266,0.23815213687267728,0.28518516594747245,0.2907073250923852,0.21723460956138388,0.3660937990704633,0.3940623466337067,0.3166446603807117,0.461066252723624,0.42570416806132727,0.45886436205416237,0.41908273029300164,0.3563941301225623,0.47407607724946277,0.23861482196039885,0.17823939017799123,0.1556073490001251,0.17113494873119794,0.4030337052494694,0.33115201288150664,0.2853423771288676,0.3514071037184061,0.4166227343656707,0.41463942957390804,0.392768093384479,0.40964127213617785,0.1314420700367656,0.14118189799854747,0.12749033061239382,0.17627497893435162,0.14731013892696498,0.1316610898875977,0.14371653772152002,0.14707762076450967,1.0,0.9999724012473861,0.5168990602703208,0.9938070966018727,0.9918378087014477,0.9928906645616546
1509.54899004,0.3890242518985366,0.4106506396293945,0.3007452610094917,0.1944047578585119,0.17983690933167276,0.16354146616275128,0.09986839749558778,0.10036760970408229,0.3820416913970187,0.3941956856774288,0.3810126989674524,0.38275475393949593,0.2570161518868412,0.23818087511865305,0.2854978906538047,0.29079354260334067,0.21824179518136697,0.36783455750234156,0.3968025259391679,0.3184558619616892,0.4642127041928765,0.4273611407442946,0.4626846959148848,0.42075988417481364,0.3573764797956057,0.4779657756764203,0.24047840412767812,0.1793995532413408,0.15707975947646083,0.17250495874509408,0.4047013778099258,0.332490561966106,0.2866314595079874,0.3529064503620084,0.4176201145209283,0.4155121231633893,0.3936622485808017,0.410508472508978,0.1320413755213886,0.14177047208797294,0.12804892597615236,0.17692298118225558,0.14793241192842937,0.13224097465490273,0.1443630162446916,0.14773200657923494,1.0,0.99998488387836,0.5173459122027704,0.9938424506180122,0.9916421602724537,0.9928803763407226
1515.38336105,0.3916613011419831,0.41392232801883955,0.30262547383782457,0.1956193046398083,0.18039544726269952,0.16389286429353433,0.10000312576846605,0.10049208741609725,0.3835649727848261,0.39578702974953867,0.382438074223175,0.38410170734374083,0.25705473356960057,0.2382122069065863,0.2857737037527743,0.29075999224447935,0.21889050341254723,0.36895668857726355,0.3988038611761147,0.31973193387556037,0.46665632008930824,0.4285776030260219,0.4654985452032244,0.4220257347177964,0.35800279154248527,0.480802980755901,0.2422321765674896,0.18046074461538536,0.15847621982438573,0.17378418722035235,0.40623282187096826,0.33379610219496125,0.28780665416480133,0.35425331503328594,0.41875148164085985,0.4165213276564666,0.3945820967646215,0.4112538480556887,0.13266277955048184,0.14233508071171222,0.12860764411724201,0.17754718116569654,0.14862161613286898,0.1328128694579788,0.14499219740692187,0.14836021495295612,1.0,0.9999286921637343,0.5178148203670866,0.9938945562146998,0.9918025276455789,0.9929304909168009
1521.23658861,0.39423764476334616,0.4169023919449887,0.3043860207841943,0.19686987822757074,0.18091244414498497,0.16424362503968076,0.10011053244347058,0.10064941924720161,0.3849223100782336,0.39725364782787,0.38388277397994364,0.3854486668552743,0.2571269401295153,0.23821808082809268,0.28598848508857716,0.2906869159574336,0.21918400769086918,0.36951391967964725,0.4000563997112196,0.3204424287354936,0.4686128523073283,0.42930357697423854,0.46727821658631347,0.4228446348286003,0.35838917465341696,0.482527981967438,0.24394790363420238,0.1814450948758536,0.15981437126655026,0.1749835724174287,0.4075863304038837,0.33494914848470303,0.28877565893393203,0.35541433884120366,0.4196700639454594,0.4173508062629805,0.3953304231326744,0.4119669877075679,0.13317650091308886,0.14288430661796314,0.12910076583141147,0.17804999183279205,0.14922074235743124,0.13328652378202152,0.1455427628389311,0.14893263714294006,1.0,1.0,0.5183220122354104,0.9939603476808412,0.9920487377480646,0.992737714603185
1527.10870977,0.3966294394918573,0.4195417542297192,0.30594190996373644,0.19808976615800003,0.18137330211142816,0.16456034235610528,0.10018153629401089,0.10081989704590423,0.38619570605835074,0.3984958786571462,0.38511360349338,0.3866876675231106,0.2570675084747111,0.23820963355174388,0.28606356986160536,0.290580143342569,0.21914159404015776,0.3696906482412575,0.4007074612865569,0.3207030808189582,0.47019929166225344,0.42975079332640537,0.4684537904778584,0.4235218718789463,0.35859509077503027,0.4835996830705118,0.24547395463401164,0.1823932553057273,0.16103500800645507,0.1760264784221745,0.4087590255466797,0.335931158388792,0.2895679993995397,0.3564626575519678,0.4205385279385728,0.4180134932949586,0.39587781797362137,0.41263408995409057,0.13366540834844318,0.14341950198067965,0.12960332476489686,0.17838801444096164,0.1497117986950675,0.1336780933507906,0.14606687354875264,0.14944009782803838,1.0,1.0,0.5187661615477764,0.9938697610179873,0.9917752287203219,0.9926738126971827
1532.99976154,0.39898350551052114,0.4220281054269233,0.3074199451807567,0.19934053940607258,0.18180988464680733,0.16488318290574,0.10030382848118875,0.10096924819677826,0.3873384125084219,0.39970347500221953,0.3862849817693075,0.38773729118517175,0.25699266334894033,0.23818521533060374,0.2861406910045458,0.2905907634148802,0.21930692346243577,0.37003442837238787,0.40143444784464577,0.32106570540052526,0.47178014652725214,0.4300909629534124,0.4696934299671116,0.42400812303790714,0.3588363251648623,0.4847814775253343,0.24693212220777777,0.18337484330239234,0.16215601246700392,0.17703012810569793,0.4098265546883053,0.3369588575193512,0.2902995979936344,0.3574725584736527,0.42134042394280097,0.41879730403933696,0.39642726840247994,0.41334847665568114,0.13411589025002418,0.14389455070091764,0.13010105721147372,0.17870016397147925,0.15021056221574924,0.134066543741105,0.14657809804892144,0.1499306893433545,1.0,1.0,0.5191748428571002,0.9937783332032306,0.9915217621767255,0.9926520725311776
1538.90978084,0.40134102364972835,0.42451112284834747,0.308986853415494,0.20054452278590376,0.1821765835908574,0.16530869283615024,0.10041433178911252,0.10112129524103189,0.3883512250242245,0.40087456102071406,0.3874814890051332,0.3889044787371192,0.2569148616162912,0.23816663532314616,0.28616559680188325,0.29061887264506847,0.22017455225042765,0.3711453842936943,0.40333448017339985,0.322294680741828,0.4738350398593398,0.43073711407408505,0.4719616164430489,0.42500206633466353,0.3593525127735588,0.48675634727352723,0.2483495750393426,0.184325350266369,0.16319436352352565,0.17798207852917436,0.4110263741792015,0.33794260033739604,0.2911240102874533,0.3584999687402955,0.42207863706977444,0.41951688439545287,0.39684165526471266,0.4140092884417878,0.13459686414455094,0.1444200772395453,0.13059718144147445,0.1790838281679927,0.15068341778392713,0.13454356088931962,0.14711454423924003,0.1504059502338494,1.0,1.0,0.5196793439078439,0.99357484589362,0.9914868917756817,0.9926755548266047
1544.8387776,0.40364191046328457,0.4269952394480669,0.31056520357941614,0.20173775325301677,0.18262955305056727,0.16568170975043445,0.10046032204287665,0.10124012795660649,0.3893969423444704,0.4021213265823589,0.38874817190586636,0.3900552922808833,0.2568635843176096,0.23827558902672227,0.28631447225054985,0.29070533418415906,0.22217478954177722,0.3733762411066786,0.4066088184250722,0.32465463611546125,0.4765947944900249,0.4318254439584799,0.475632584379592,0.42660629736234984,0.36021854050998464,0.49006122586932777,0.2497693971475801,0.18526686359704966,0.16420742981786787,0.17898143871772035,0.4121258092290766,0.3388205889037944,0.29191136215489893,0.3595533714876722,0.42287478223615216,0.420161246934115,0.39733202139128404,0.41467511751199343,0.13512600063878835,0.14492553236120062,0.13111652896487566,0.17945225997677605,0.15116287796247738,0.13506718503403056,0.1476559316577946,0.15089347517106635,1.0,1.0,0.5202074593313148,0.9935172622731554,0.9912246352636978,0.9926175293882241
1550.78660554,0.40582979865203006,0.42927369239489815,0.3120596132579206,0.20285313463380986,0.18305074455509796,0.16602234047043973,0.10044820542998276,0.10126432537579129,0.3904367979983098,0.40328765277881895,0.3900167982891249,0.3911714563968717,0.2569128764929248,0.23830648157603626,0.2864512318481965,0.29084555947303936,0.2252673453042668,0.37627264754831197,0.41103030003930197,0.32789825592289895,0.4796398175186595,0.433324199010853,0.48012341281243875,0.42842075601557406,0.3611997790575806,0.4943334172157206,0.25113655959155046,0.1861854050624037,0.16517365156968772,0.17996942426177542,0.4131163473636773,0.3396392210270118,0.2925916163176606,0.3605102992668027,0.4235256875917033,0.42074490232254924,0.39783882629909123,0.41530872764854604,0.13563652254754552,0.14536678996949007,0.1315861316623232,0.1797818570908376,0.15167587818013523,0.13557123768516147,0.14816536125469118,0.15137985472326063,1.0,1.0,0.5207031535259796,0.9935935933351269,0.9912232680303151,0.9926084636599493
1556.75329898,0.40804865475354396,0.43154188467160004,0.313361627171818,0.20393751386782,0.18345086446120765,0.16630382233814933,0.10044773276567777,0.10120190278284355,0.39153046991889695,0.40429530220498805,0.39130158714889735,0.3922321167373378,0.25687817687315123,0.23828356432775005,0.2864512062853485,0.29097677605819067,0.22898683312064988,0.37964365749777224,0.41601176666196166,0.33136035605803754,0.48261068710615734,0.43461917551114093,0.48474640570191413,0.43024618966213607,0.36213142397043396,0.49862355505971084,0.25240003589078813,0.18702889549088772,0.16614950607450685,0.18091470879923027,0.41392859442100416,0.3404144201075275,0.29315965913201586,0.3612540508387616,0.4241646050985302,0.4213109897596114,0.39845914624791945,0.41594465616617804,0.13609492466091236,0.14587104152560168,0.13207539399386395,0.180178828500034,0.1521628963048511,0.13599520549174315,0.1486675637775814,0.15192846405337815,1.0,1.0,0.5210768875354677,0.9935750813242837,0.9911252530340191,0.9929203181133986
1562.73889214,0.4103023598280248,0.43379989621277415,0.3146810627542186,0.2050918246591086,0.18374402204293544,0.16661659189879705,0.10051825326020836,0.10120976586796038,0.39258246470408403,0.40521605452993015,0.392478810256406,0.39322957340372383,0.2568116637250118,0.2383397764535894,0.28651574819631437,0.2911090300575417,0.23294116864255748,0.38317870311122476,0.42110253686950205,0.3349003976847998,0.48545613840993374,0.4358120130935438,0.48913648504460916,0.4320119205092107,0.36306848388665025,0.5025784134171967,0.2536158284115762,0.18778874308692367,0.16710618894041102,0.18183744168858895,0.41473485676183663,0.34112559759669303,0.2937666119746924,0.3619621126791793,0.4247526037386168,0.4220511876415833,0.39904446957312467,0.4166561405135345,0.13649368041089557,0.14635308441111325,0.13259551292185418,0.18064949851667272,0.15264253473626405,0.13639770008442356,0.14917215494521596,0.15246361710934608,1.0,1.0,0.5216378279366243,0.9935971149610344,0.9913616702991164,0.9928837670013673
1568.7434192,0.4127263295062024,0.4361054339950903,0.31614827351097924,0.20621779652218158,0.18408757267612672,0.16689791651210148,0.10063075669234418,0.10123874832235566,0.3936123132985501,0.4061439106368073,0.3935950924906061,0.3943802878168708,0.25688595657061586,0.23856321099675215,0.2864843986604476,0.2913731937033628,0.23690004163423134,0.3866939240515307,0.4260844589071686,0.338316390404676,0.4882448508442758,0.43700238276421544,0.4932107796536924,0.4338364939713441,0.36410916121342685,0.506319824180905,0.25490997605131227,0.18854182978012046,0.1681479748118656,0.18276653715144736,0.41557409537494894,0.34172822374216183,0.2945114485969377,0.36272832782925923,0.4254418170582175,0.4230243267796526,0.39963862748614587,0.4173553548305387,0.13692821010486678,0.14686373632606128,0.13314773913326686,0.18115657615678468,0.15318338368727857,0.13685260976006092,0.14965798892010085,0.15304982179402007,1.0,1.0,0.5222175732369767,0.9936221475101642,0.991493161148845,0.9928656621247806
1574.76691423,0.41510559587983603,0.43834277640083685,0.3177063733426989,0.20728361023096506,0.18437277772166868,0.16717078531118532,0.1006898905561298,0.10128979589901003,0.3945824368098619,0.4071266562705981,0.39468355499372304,0.3955755636600151,0.25703677063079483,0.2388253503334339,0.2865577795061604,0.29162480826816206,0.24084869613272633,0.390144273589194,0.4304529967215719,0.34162353528006534,0.4907923077830731,0.4381430513760925,0.4968806569941689,0.4353914677927099,0.36505879254860607,0.5098609874633762,0.25611167534633533,0.18925130671703286,0.16911168511513144,0.18373250622314174,0.41639763785644285,0.342321208490126,0.2951976440781056,0.36354464542358866,0.4261789868031596,0.4237548013604589,0.4002573431893674,0.41786451190587676,0.13732968777949528,0.14731289740375186,0.13367024306216366,0.18169978476283413,0.15373576491857172,0.13735078070005724,0.1501238102414998,0.15361051618556973,1.0,1.0,0.5228301476866537,0.9938200094506721,0.9918148560524638,0.993060896249055
1580.80672696,0.41728803755742866,0.44049474080418016,0.31928640411058784,0.2083404575784519,0.18459688470492006,0.16744247962441378,0.10073838662073173,0.10141985855324864,0.3955678783370352,0.40819219854980654,0.39581609366273135,0.39650106947625935,0.25715475398402493,0.23901766521504478,0.2867068174084162,0.29184365579739324,0.24486802823695197,0.3934711948882909,0.43454193359818927,0.344708329699707,0.4932635215098727,0.43935219038770046,0.500088948365765,0.43678800965435666,0.3658749914994772,0.5130348609507334,0.25732425023841216,0.18995254216969912,0.17003509944891473,0.18468243671798948,0.41713802069844363,0.3430376911075773,0.2958197775767586,0.3641861377076583,0.42685768881082986,0.4244158251477481,0.40090206144889695,0.4183071746828993,0.13771113648352845,0.14770794559837525,0.13417773560666896,0.18222746361218817,0.1542902583751368,0.1378566867392246,0.1506120281421836,0.1540748688907365,1.0,0.9999996069677476,0.5231999858415941,0.9937320821101832,0.9918897711817608,0.9931542162592985
1586.85843732,0.41936127606753915,0.442439425476281,0.320609391904342,0.20932507666066089,0.1847274073299267,0.16765433618802247,0.10072853085004604,0.10152491929947731,0.3965100265854783,0.4092604652191282,0.3968601697619406,0.39744019277548964,0.2572948170850197,0.23920692762132614,0.28684549356395755,0.29185862808384044,0.248815714458016,0.39662728432173266,0.43840228692563016,0.347822442123828,0.4952993304972065,0.4405431737704791,0.502908063660663,0.4379367186940347,0.36658736391736285,0.5158243879115871,0.25847629069856937,0.19058292517234698,0.1709021149576852,0.18550233713959832,0.4176496785215832,0.3437150374391275,0.29620202904389625,0.3646787319489832,0.4274562788910433,0.4250015322978493,0.4013609417835369,0.41860395833180153,0.1380208750932062,0.14816772786536006,0.13460284741846334,0.18265028611983486,0.1548550284371514,0.13834063967626328,0.1511161927080749,0.1544620892538785,1.0,1.0,0.5236262402176917,0.9936886047344545,0.9917549621621966,0.9927418274274947
1592.92202448,0.4213928402525306,0.4442244274480209,0.32184557015809473,0.2102732103135379,0.18481513722878368,0.16773339516507343,0.10075898930421907,0.10155612334039452,0.39725916127847166,0.410197884494936,0.3976949407700973,0.39827356066742675,0.25734608631930955,0.23927799046679618,0.28695017804883616,0.29191371958535445,0.25279230591470375,0.39971388865076074,0.44224353601294764,0.3508261856165595,0.4974509692358863,0.4414977380431612,0.5057493598271986,0.43895758143771135,0.36723406082242405,0.5183267299985819,0.2596048597009545,0.19124329837993814,0.17179058329374583,0.1863006272441373,0.4180733383663049,0.3442226178586264,0.29650206641654364,0.3650180131325518,0.4280225888648426,0.42553535061381914,0.40166105312255695,0.4189535594907019,0.13828335391125207,0.14857727278967126,0.13501409798852596,0.1829387430907947,0.15532429384401983,0.13871321065079958,0.15155914320147856,0.15481316472648057,0.9999065224676458,0.9999623712633617,0.5241154478084417,0.9933561280167376,0.9915514671663148,0.992566450420839
1598.99746754,0.4232917434909708,0.44601323525148334,0.3231302208387804,0.21116257295361546,0.1848403648581567,0.1677369389958855,0.10075926537972237,0.10152073839278591,0.3980836194594982,0.41102975746726883,0.3986195950852738,0.39906813369050503,0.25736746404404115,0.23927530644542572,0.28706083333968646,0.2919478081070234,0.2569514467076849,0.40279812056759584,0.4461799692166651,0.3539657937470046,0.4994856834184086,0.44234497249276533,0.5086254603973377,0.4399907383671766,0.36774540228298497,0.5207143291424924,0.2605599350354122,0.1918720689692734,0.17269102493687388,0.18713152847641684,0.4185302544837567,0.3446277764579306,0.2968558588966535,0.3654334910465252,0.42836208080057947,0.42597916041115413,0.4020148871002371,0.41931427560807244,0.13864721518090356,0.14894080078968425,0.1353900761625481,0.18316705047059664,0.15579748388042605,0.13894463422195413,0.15191710417176613,0.15516879751249746,0.9999033388221242,1.0,0.5245892329586278,0.9932443941023228,0.9915078712918174,0.9922386980471367
1605.08474557,0.4253137725676543,0.44785206637428526,0.32428638133725685,0.21202314977499587,0.18493403221239202,0.16776515699585007,0.10071136014394119,0.10153315010960187,0.3988680883581514,0.4118173875389841,0.3994976904314386,0.39994150203702444,0.25743292252598965,0.23937611720557306,0.28731068195028775,0.2920230870047653,0.26131613771949974,0.40578054547973047,0.450190688937327,0.3571826721754517,0.5015580718421649,0.44308915766159784,0.5115517694694669,0.441194532118908,0.3684080022753865,0.5232320195411987,0.261539149948154,0.1926215956264662,0.17361719689521854,0.1879095654668363,0.41910834788784,0.3450362968970453,0.29719968971644173,0.36589369174555636,0.42877674091866946,0.4263002624557446,0.40237265257295013,0.41977497365156635,0.13902961068200861,0.14931895525663816,0.1357637454184986,0.18350030975728135,0.1562515045774751,0.13927002494319696,0.15230958636596076,0.15558769069625358,0.9998890420064369,0.9999336892163223,0.5251256295979114,0.9932340648074627,0.9912976602888166,0.992251393928655
1611.18383758,0.4274599404747537,0.44966201986257004,0.32539619674110815,0.21300996424527435,0.1850468302701564,0.16778416722676667,0.10070044936106036,0.10161409021053097,0.3997347757925006,0.41281712136014553,0.4003567640465058,0.4008645495034629,0.2575525099943375,0.2395068883724445,0.2875348922579482,0.29218028652767103,0.2658398859330229,0.4088713035248127,0.454292176803579,0.36036040632841254,0.5037079293588426,0.4438590833605158,0.5143580339547585,0.4423073054555041,0.3691796178576053,0.5257327365779333,0.26254544095419574,0.19338374680308137,0.17441261222450638,0.18866176919702157,0.4196691189917009,0.34546625234164824,0.29748552395650807,0.3662668850713664,0.4292693539567968,0.42680008466714986,0.4027295023005337,0.4202574793747102,0.139483825933548,0.14969187713848092,0.13609809591502484,0.18393859800828744,0.1566783336661654,0.13970170595275208,0.15279406193846476,0.1560639048377735,1.0,0.9999878314243459,0.5256098374200968,0.9933811222441996,0.9914964617888528,0.9923703241233999
1617.31109985,0.4294610977455884,0.4514814669438522,0.3265283551832344,0.21400739157288026,0.1852215317855882,0.16786269577784865,0.10068418278080814,0.10172537076335227,0.4007051044073816,0.4139007343979815,0.4011486571706506,0.40177304392285673,0.25771143286973536,0.23970637491775504,0.28778305504784407,0.29235548809923384,0.27024771092870303,0.4119377468450189,0.4580368678443642,0.3633572852321952,0.5058745597187557,0.4443950098708734,0.5170425943336728,0.44317459507703505,0.3699532608989654,0.5282501174049372,0.2636000983114602,0.19403864096740994,0.17517175045602107,0.18937403186844276,0.42026387464682935,0.34597978394568174,0.29787304426774197,0.3667042118354661,0.4297428650390718,0.42735610521762957,0.40313116324879616,0.4206486505480876,0.13984503896214404,0.15009176534153382,0.13649745094698626,0.18429178940832847,0.15714604852628838,0.14020034517895769,0.1532466967193243,0.1565282317272759,1.0,0.9999321460563813,0.5261851452093051,0.9932989843497634,0.9914757870045336,0.9923601577655503
1623.47024896,0.431441297843924,0.4531499307356456,0.32771326185975563,0.2149928274925249,0.18538589627587307,0.16796719652129588,0.10069918913655301,0.10178549119820773,0.4017957920416176,0.4150287461147279,0.4019719225646173,0.4026755371347081,0.2578418623945844,0.23996731553633943,0.2880447033891505,0.29236711800440546,0.2744502714773342,0.4147582512332759,0.46140510181045863,0.36611748546226786,0.5077664872986,0.4450862840742475,0.5195825203686748,0.44394286669540256,0.3706230335284749,0.5304875183508697,0.2645840532282494,0.19464001806901743,0.17594840070183126,0.19008165830270599,0.4207294868455186,0.34643244837537723,0.2982893841126482,0.3672354053675916,0.4303127530016746,0.42797877883605867,0.4035939238940116,0.42110033688584336,0.14015370204322017,0.15044922689147563,0.1368581042061692,0.18449937783503567,0.1576163655076638,0.14063696113335955,0.15364612328725508,0.15698119277705996,1.0,0.9999774861142745,0.5268397943206093,0.9934212908123564,0.9913299557765602,0.9922824068356129
1629.66154068,0.43342434553905307,0.45482958591144895,0.3288933839399653,0.2159422334144148,0.18548492086268215,0.16797955694788594,0.10072738397447456,0.10180398010056224,0.40285825385166474,0.4160268794605689,0.40289698874506763,0.4034470866620623,0.2579581356136892,0.24009113892961692,0.2883293651123243,0.2924890465569689,0.27850350895815495,0.41745736220285534,0.46441344171560756,0.36871052511094166,0.5097492865185896,0.44591617466540884,0.5220682876640573,0.4448078127475068,0.3712667584771499,0.5325710096399313,0.2656299674992448,0.19526112784025837,0.17676087849102987,0.19083333241924272,0.42105371520464074,0.3468258826459312,0.2986406236523452,0.367750621350276,0.4310418845584818,0.4284830135510504,0.40401421217839995,0.42170677974143617,0.14047167477572248,0.1508005281614463,0.137095019851909,0.1847528505953548,0.15805043711594344,0.14093923836476047,0.1540352706190486,0.1574664874225582,1.0,1.0,0.5275899184815013,0.9934932193250133,0.9912995641101346,0.9924552578974415
1635.88523392,0.43519450523203107,0.4565194553805332,0.33003685429940893,0.21676751453979237,0.18549745937447362,0.16788431445427923,0.1007419760626367,0.10177172013776693,0.4038453683590276,0.4171225740048463,0.40378071928190873,0.4041158526291685,0.25804866179673375,0.24018029438206745,0.2885174164675998,0.29273110296692,0.28230593687087757,0.4200992676301851,0.4672961283791546,0.37107069115993485,0.5115157777692433,0.4468186611003791,0.5242851227061073,0.4456694551438136,0.37196894535835573,0.5346398302847827,0.26663696330634096,0.1958784487871561,0.17749445666278252,0.19155586793473553,0.42138716164643797,0.3471533648502252,0.298817182194594,0.3680889811269367,0.43175587146814537,0.42889424848369956,0.40442572350299755,0.4222714436685049,0.14075781075087473,0.1510652349189398,0.13733815860452703,0.18500703302229224,0.15847198105799526,0.14120577181324304,0.15437600445133842,0.15790075290082906,1.0,1.0,0.5282750595242518,0.9933587266166265,0.9913417577033401,0.9925155064714718
1642.14159076,0.4370053406765171,0.45822709084889374,0.3312624820562953,0.2175350327133693,0.18553250334912902,0.16777530944258454,0.10073344559995234,0.10167415593462062,0.4047731697826257,0.41816423454301344,0.4046342373392689,0.40482074737956136,0.25818694567868367,0.24031539665034415,0.28870727694953274,0.2929590685447128,0.2857705487361811,0.4223658903013791,0.4699959818431938,0.3730807894540932,0.5130778655226306,0.4476466317689521,0.5262345086130452,0.4465913038183467,0.37260347138426136,0.5363843439982733,0.2674126039692018,0.19642652884227332,0.1781442695461059,0.1922310377885675,0.4216964910772352,0.347417877487018,0.2991033597018135,0.3683248566949049,0.4323682205027184,0.4292546840055333,0.4048006059123984,0.4227199219063877,0.14096268923369148,0.15123142335516618,0.1375479793584994,0.1852202347463401,0.15892264785371185,0.14142590979047762,0.1547446807818514,0.15829554142736973,1.0,0.9999751574443351,0.5290399255369522,0.9932231443417537,0.9913327529662234,0.9923477389928048
1648.57498892,0.43882293308711096,0.45992042946023914,0.33253841651821126,0.2183128454535013,0.18553696437973638,0.16770831169574635,0.10067673895473692,0.10166198047041396,0.4057879997037854,0.4191557574119054,0.40563766296627285,0.4058163828615245,0.2585088942381481,0.24048333205270603,0.2890031797462555,0.29331184195141957,0.2886317027045319,0.42435963969597723,0.47233490945457285,0.37477028890032926,0.5145353355214732,0.44825999183479054,0.5280842030430997,0.44739858552326134,0.3731640312262922,0.5379793974295556,0.2682049405198736,0.19697904350179585,0.17889469321657622,0.19295974778167602,0.42211163665639234,0.3476927658884712,0.29949479417806857,0.368581408549663,0.4329565516841909,0.42981984795348444,0.4052765149896668,0.42318545238871513,0.14113317684387008,0.15148000084288363,0.1377766847509048,0.1855497005433664,0.15939266087915338,0.1416579507052227,0.15512978092111715,0.15861850378232129,1.0,1.0,0.5299632152365046,0.993265353398236,0.9912911365710737,0.9922201828978003
1655.33520858,0.44079216522945913,0.46163405835465227,0.33380194544253955,0.21909380188396904,0.1855393643480412,0.16763341968535078,0.10061382635520488,0.1016668085546482,0.40669653961694513,0.4202074729034085,0.40657026382899775,0.4068299438298833,0.2587702083105878,0.24064298742683946,0.2891993245878978,0.2936523563768861,0.2908083904615699,0.42576588061620196,0.473964756944552,0.37597399857154906,0.5161145185065283,0.4489528371858266,0.5295942497471571,0.4480342099615985,0.37355327192577653,0.5393954513806234,0.26915923182407353,0.19752246578459598,0.17958420176947165,0.19371302542789803,0.4225748381005651,0.34798305988206296,0.29983406198377816,0.3687961367612951,0.4335172254421461,0.43053170748419894,0.4058349028825199,0.42363387065047037,0.1412675896702229,0.15172661716271094,0.13794567891435836,0.18591181364222192,0.15983183936366432,0.14196537853286312,0.15550632740562856,0.15894814396919663,1.0,1.0,0.5307065024590568,0.9937821012840571,0.9915601422728507,0.9923586997592938
1662.47344048,0.4428150752948962,0.46326955624336463,0.33498202721868336,0.2199172273630468,0.1855825012706307,0.16752510625800718,0.10047888623229426,0.10159507559178833,0.40756499154658676,0.4211170699207395,0.4074433713680056,0.4078120061206466,0.2589500478008874,0.24063968409121536,0.2895009695991378,0.2940686398392627,0.29181562395971133,0.4260452398793599,0.47476990006174996,0.3763227705231911,0.5173819593723391,0.4494788853117249,0.5306786001654723,0.44871923317007334,0.37384635053158854,0.5405671861414388,0.26995861188683823,0.1980053216397572,0.1802282571682411,0.1943083959655804,0.4230353273002064,0.3482279401183456,0.30010157471434296,0.36904762284664927,0.43411034184033354,0.43115846513253775,0.40630462326217776,0.4240689795929843,0.14139342877245129,0.15192526348900176,0.13799654532601294,0.18623307120054247,0.16023305180545883,0.14233363379281405,0.15590298412929535,0.1592941898183833,1.0,0.9997748244069743,0.5313009044540723,0.9940366782370742,0.9917308874763935,0.9925016803987589
1670.05561049,0.44461305070671076,0.4645257419925082,0.3358165497223575,0.22072310820157093,0.18545620996619921,0.16729336494514044,0.10031787117014834,0.10145288869853689,0.4083254446405981,0.421908322031355,0.40820797282572435,0.40852689402521786,0.2589946514280373,0.24059842019749456,0.28955164095303587,0.2943073523115248,0.29117529280006765,0.4249690488861388,0.47392941138556327,0.375566756395858,0.518580343746466,0.44979086769606763,0.5314646637727033,0.44930301077845874,0.37367500416313376,0.5412558341480794,0.2707503126553168,0.19835489167025358,0.18074918475355253,0.19486305424382175,0.42307909972185137,0.3484521646150578,0.30016560222124083,0.36914388626816813,0.43464343049304416,0.43147216939398036,0.40634954573811277,0.42433572344530207,0.14143453363874237,0.15188699922291887,0.13796612078457987,0.1864537264393598,0.16055370611969394,0.14272531822390006,0.15626130684595915,0.15957155218137345,1.0,1.0,0.5318283996563297,0.9939680972198278,0.9913133747822063,0.9923192834232744
1678.16902352,0.44650497360092606,0.4661626823204071,0.3369518207612134,0.22172178039773563,0.18533828922736442,0.1672082000362954,0.10018041037277263,0.10133652729087908,0.4093151173392463,0.4228932444669081,0.40921400213423226,0.4097721730696966,0.25907007283638295,0.2407356476487637,0.2899126972711997,0.2947188164348613,0.2890599234577629,0.4229863161997479,0.472066521837499,0.3738586505872039,0.5195145477103622,0.4504277411286132,0.5316606325108686,0.4496043285134404,0.3739636061953855,0.5417560911015888,0.2716082533889338,0.19900283553389284,0.1815389146973917,0.195679197087469,0.4232639964226665,0.3485731579416006,0.3004290228121561,0.36938802963752543,0.43535572569836384,0.4320126378997656,0.40662992425816025,0.4247856222376181,0.14146641629470355,0.15185743488602393,0.1379609669301647,0.1865910039573078,0.16107553649743983,0.14314464745172453,0.15675333619905718,0.16003972232171818,1.0,0.9996564662301044,0.5322895512612357,0.9938281750419592,0.9914676073591457,0.9928337638408942
1686.55255666,0.448722001112839,0.4678252529277059,0.338046725214735,0.22274575338856786,0.18526507103074819,0.16705254784965398,0.10010718438379716,0.10129492415724115,0.4102520925842332,0.42407511128583525,0.4102903304985778,0.4109730523052222,0.259313786549953,0.2410542185530399,0.29025171631633767,0.29513692498763644,0.2844356427840548,0.4194285969334132,0.4686222636154725,0.3704786132904518,0.5202911853153921,0.4509349756787075,0.5317998155130645,0.45012477659263156,0.37418093321471035,0.5414456079753756,0.272452162518584,0.19973687138827473,0.1823039458203105,0.19633472176093594,0.42363270164612227,0.3487010601612045,0.30070027154141715,0.3697976506122427,0.43605823257907844,0.4325806262719401,0.40710772787017174,0.4253319936982036,0.1414159332387384,0.1518103672693783,0.13789675991341402,0.18672569769255243,0.16164709858102233,0.14357205884221014,0.15730423937689847,0.16040143920430538,1.0,0.9998471095914109,0.5333186739991882,0.9936896824539366,0.9918635121677961,0.9924755261069053
1694.9652068,0.4506487947216977,0.4686590353103889,0.33915149001981093,0.22355673700252335,0.1849802817499894,0.16684975699875854,0.10002977339075823,0.10131951541343041,0.41111830377828074,0.42495910372287965,0.41133421336638454,0.4119038896594895,0.2594582107723209,0.24136645386006045,0.29046333141897185,0.2954872156581733,0.27705965688716194,0.41373070391431727,0.46286058433448757,0.36486413824673963,0.5202935980483818,0.4512893679697195,0.5303372614408957,0.4500648229449155,0.3744296031217889,0.5405239703483214,0.2731122759689412,0.20024120215161215,0.18293283351892578,0.1969924207984489,0.42398179615956066,0.34878907948335774,0.3008393722902129,0.3699305441958642,0.43656910116709585,0.43308794666391065,0.4074279983064117,0.42575003983628673,0.14123118832762685,0.15160865066883,0.1376420307530263,0.18674580097091853,0.1621803052043986,0.14405191072100798,0.1576918278712808,0.16090024989235105,1.0,1.0,0.5341007587155743,0.9931328031673143,0.9913880103161997,0.9926566112499555
1703.40698655,0.4525627307572396,0.4695561838095903,0.34028947296065937,0.2243031865402315,0.18476443330694464,0.16660671381368428,0.09994997274638297,0.10127745043534296,0.4118788498225824,0.425912575823864,0.41257184607960357,0.4129501244361739,0.25968994511220894,0.24172937209900813,0.290626311401203,0.2958963521518703,0.26690526900884315,0.4061093465978814,0.4544103861198879,0.35765865005012304,0.5196930323244561,0.4513122631264939,0.5273482272513241,0.44955047833797057,0.3741931017390851,0.5380695900070951,0.2738333355536757,0.20067399333780905,0.18341717250206435,0.1973301869599766,0.42427012953788945,0.34880737042742255,0.3009277511417377,0.37003190638726147,0.4372289289070555,0.4338367257880278,0.40781529268486844,0.4259966719947928,0.14107080157373644,0.15146450964688912,0.13740146576936169,0.18677754659209864,0.16271805744983725,0.1443897900055187,0.1580829732104278,0.16121589988124232,0.9999470943933984,0.9997257275341499,0.5350411321535598,0.9937082940282378,0.9918658398884548,0.9927185972829223
1711.87790799,0.4543311243064792,0.47014466111648207,0.34123002046063217,0.2250857646895113,0.18444218971435253,0.16630294257229902,0.09978229310120218,0.10111069643426468,0.41260964032407416,0.4265689849195673,0.4136736748601071,0.4139877944829002,0.25991718621005167,0.2417279688883233,0.2907924966856602,0.2962527565891222,0.2551965375620864,0.3970916425697714,0.44417028836914807,0.3488778240183907,0.5181536745462946,0.45098203933392855,0.522662436717905,0.4483377553936511,0.3739084079640077,0.5343872985976061,0.27441958060060856,0.20096355074259312,0.18383416855198542,0.19762392919577434,0.4241811462610869,0.3486453837236116,0.3008873515411441,0.3699593180875082,0.4375891425079414,0.4340183771193491,0.40808284800347344,0.4263252183446685,0.1410327709007954,0.15137614038289396,0.1372274759490109,0.18674304742786663,0.16321267959490235,0.1448946931360934,0.15849881392016588,0.1615061674031535,1.0,0.9998380643774474,0.535897241600744,0.993326944614035,0.9918424123670218,0.9931002521037896
1720.37798277,0.4557102910775151,0.47053206663496605,0.3419824627260457,0.22564955117236918,0.18410767204873463,0.16597497424916613,0.09959611973167783,0.10091436833196843,0.41313451477502966,0.4271997961742543,0.4142194598433804,0.41466107179569617,0.2601523906734429,0.24168651193955867,0.2907919202838193,0.2966491138302537,0.24326029390477907,0.38732909372478336,0.432775211633098,0.33952341282598636,0.5156101415379476,0.4498686584876927,0.5164456265103922,0.4460583511826233,0.37314098110001537,0.5290740551855957,0.2748650664858048,0.20109144111183372,0.1840285199830251,0.19777329028998591,0.4238868657529996,0.3484514505145015,0.3006698500228033,0.3694690418789033,0.43772511334925,0.43446465035277837,0.40814170242551395,0.4261987819794418,0.1411806199325681,0.15130668088800697,0.13714233505174128,0.18678291517788154,0.16360943573742742,0.14530813381901236,0.15879796109371433,0.16169920031849622,1.0,0.9997769654610527,0.536568394767122,0.9935967894857279,0.9916297125431057,0.9929783586578613
1728.90722205,0.45700472602003633,0.47067886065255254,0.3425541923707238,0.22609490144349614,0.18363216887232434,0.16567954249911604,0.0993758120985115,0.10067954723698305,0.4138569094029075,0.42778308358874495,0.41472664503084483,0.4154481720962582,0.2602509884842084,0.24144558884203607,0.29084661399055106,0.29661929359515476,0.23260223529636467,0.3782179664527498,0.4218803355538873,0.33077119891709383,0.5126165633409241,0.44814480957739977,0.509555201444392,0.4435574773939326,0.37205197377755245,0.5230167725383705,0.27497381828542117,0.20100670340000026,0.18411369968472396,0.19779266356685118,0.42352855298214676,0.34797933864264863,0.3003069551492094,0.368839843970319,0.4379108265261843,0.434721429499997,0.4079929079155772,0.42643359265841824,0.1414064146666843,0.15148231969806644,0.13739986670343324,0.18692841783985764,0.1640016126799166,0.14554036118830443,0.15889424229693844,0.1619121254857027,1.0,1.0,0.5370121791443232,0.9938829615807352,0.9914008220993068,0.9928351651987783
1737.46563653,0.45810134813263115,0.4704222765979386,0.34305275678263353,0.22641910937837964,0.1831461682323791,0.165179064136858,0.09910424406687107,0.10042924293469012,0.41435884396966327,0.42769786873786186,0.4152281271996696,0.4157680111352181,0.2602290959376103,0.24119014631368782,0.2908219636054937,0.29650703146225665,0.2246787523294608,0.37084224629179485,0.41265850115638636,0.3237096063141644,0.5096467061186675,0.4464139480423189,0.5030681882108592,0.44104819396790945,0.3712098622278227,0.517391003126711,0.2749411807794266,0.20079226212911963,0.18403135999226328,0.19777870718263754,0.4229136297786556,0.3475699880955601,0.2995956604153678,0.36821614947312087,0.4380862324195167,0.4347403861940432,0.40814545380762646,0.42609465785749445,0.1416306877996847,0.1518187923241675,0.13776065757549966,0.18724296458020936,0.16428390008696694,0.14580520461114202,0.1590389406344294,0.162046930228441,0.9999676486705669,1.0,0.5375477381883353,0.9938129557884651,0.9910856363690216,0.992715443326016
1746.04891596,0.4589846984516289,0.4701874468003915,0.34305845509874655,0.22658868538995175,0.18262091413634987,0.16483038779783124,0.09886289639865346,0.1001815383929086,0.4146180310416242,0.42795559629675006,0.41545242854558384,0.4162969820223245,0.2598936353416955,0.24106482056923587,0.29078082949566536,0.2964578650097685,0.2201318609484831,0.3661410973706258,0.40708010887726226,0.31940513006965526,0.5079334460978366,0.44551803952101077,0.49898176172916653,0.4393072631437467,0.37053709653278993,0.5132188242393498,0.2746292448871165,0.20042580042131003,0.1838393400182285,0.19765561593841433,0.42196126307047954,0.34696280651414224,0.29894659797665646,0.36737984433583815,0.4381107618138759,0.4345390613730216,0.4079905270307243,0.42575142944104455,0.1418728649044242,0.15213268194536547,0.13808961994992058,0.18768242307810193,0.16451340090470476,0.14601307080797019,0.15912274422142633,0.16226303009922233,0.9999006060701057,1.0,0.5382183700580034,0.9934801714411563,0.9912813785928806,0.9925840196509064
1754.65358123,0.4595453471442714,0.46987177457427615,0.34337053843700843,0.22681214128892052,0.18190887481528473,0.1643340578424683,0.09867425967063843,0.09999304758505825,0.4149315326010367,0.42818609627674864,0.41574268533267017,0.41660121096479125,0.25985440919231606,0.24101850723847557,0.2907544188610612,0.29647227966238243,0.21868266392664326,0.3644883807108653,0.40521736613086135,0.31792602257091707,0.5078810280244415,0.4452199996855268,0.49828171657040804,0.4387793313791592,0.3705337962574524,0.5125607763363826,0.2743547893575013,0.20004795445893755,0.18362828587522034,0.19748286373369367,0.42107173242139356,0.34628232014316335,0.2982871827557819,0.36643750161889055,0.43788426000807157,0.4346514191539253,0.40771888325777234,0.4254980595184728,0.14202133741778733,0.15240284901667583,0.1383153550645771,0.18796500625432938,0.16472270561860225,0.14628002409558735,0.15925619793194998,0.16234573068305752,0.9999497177351871,1.0,0.5386338568755894,0.9937719664460799,0.9915372071552929,0.9926108157055744
1763.27958128,0.4601469723650746,0.46916150277021057,0.3434740793209316,0.22708703291201665,0.1812266386772927,0.16393998876726704,0.0985203415123038,0.09985145181219947,0.41530103242292027,0.4286119784127504,0.41606240317344484,0.41694545699309404,0.2598755333806209,0.241115071076367,0.29104915020251804,0.29657709796356246,0.21926145751246262,0.36450742062572117,0.4057646195652032,0.3181702306633898,0.50892018503465,0.4459164414702719,0.49964350778208183,0.4392747658843996,0.3708314540780725,0.5137115836496847,0.2739101686000854,0.19955401152069102,0.18323715264268495,0.19709647844963957,0.4203596654937245,0.34531115961042824,0.29767938208721734,0.3656532505199122,0.43767809056842705,0.4347968788927755,0.40730654955490225,0.4253534227525637,0.14234273528974103,0.1526952953498764,0.1385831394831131,0.1882056544297467,0.16494198981193245,0.1463737787368405,0.1593724000918022,0.1624139886523038,0.9998257934391174,0.9999945238390556,0.5391800004994418,0.9939365105246032,0.9916569653009368,0.9929817078880377
1771.92686491,0.4605433597890876,0.4685737531663061,0.34359984951220246,0.227078961194805,0.18055393610106465,0.16335693704898294,0.09835167120533204,0.09967188683520786,0.41575815199757576,0.42906723390143886,0.4163270843415057,0.4172717172914235,0.26002314348287114,0.24121700281315123,0.29121385958571605,0.29673940450679925,0.22074320179474693,0.3654722783902145,0.40731189952926466,0.3191720132184563,0.5098344341860047,0.4464495755488033,0.5010132076101299,0.439990720262046,0.3713669099902654,0.5150794479553743,0.2734413039671192,0.1992109408697917,0.18280276327197587,0.19658675200792045,0.4193592219211748,0.3445991530980017,0.29684324645942983,0.364588860417988,0.43764041371078655,0.43472996210542664,0.40711103293618833,0.4249907197070919,0.14265130414143742,0.1530843369111715,0.1389893878987116,0.1884753096099945,0.1651733452307445,0.1465241265843095,0.15940953658355475,0.16255732612488666,1.0,0.9997443976370789,0.5396061335251725,0.9936929454188356,0.9913682894407213,0.9927999618842892
1780.59538078,0.4607890814467982,0.46805520923340976,0.3439506216496258,0.22706458191604525,0.18012681412272274,0.16288754829275737,0.098125032824997,0.0994138304012496,0.41606086984595814,0.42962800594977113,0.41691964633374573,0.41782529579459915,0.2601093261045236,0.24147994476339862,0.2914384185980647,0.2971151882767431,0.22301001897788017,0.36700806504216477,0.4098086401047726,0.32087522526161805,0.51131091753069,0.44719008323409765,0.5036936017290097,0.4411848030635066,0.37185016965048784,0.5172621623847541,0.27314488117823593,0.1989176274011631,0.18248563956792813,0.19627315768612788,0.4187770532578549,0.3435731025536019,0.29619720436563984,0.3639884086088153,0.43777262628904356,0.434698820348187,0.40742646153025136,0.4251035515308939,0.14309036413741116,0.15364770447064158,0.13944452361835835,0.18874572311296536,0.16537724806937593,0.14670866505117922,0.1594760703877236,0.1626681716165126,0.9997650544117613,0.9999587527081611,0.5402232091931781,0.9936847124533406,0.9910285432437863,0.9924660485051945
1789.28507741,0.46147924926443495,0.4677375831507566,0.34433537653997437,0.227107428938647,0.1795119880828851,0.16230808818860765,0.0978485821713632,0.0990655939047883,0.4168333744491495,0.4303606621241408,0.4177137694713212,0.41856808944281454,0.2603353845317439,0.24161589376126955,0.2915744380799431,0.2974219494170426,0.2262257657994309,0.36914684057169295,0.413005228556434,0.3230302429171067,0.5133580303408443,0.4483493649320905,0.5074341554900985,0.44288702183493633,0.3724292248916554,0.5206458268299383,0.273021466027144,0.19853607192904643,0.18235330909138608,0.19609666528290098,0.417941040700922,0.3426816064154897,0.2956477301764107,0.36330781802568585,0.4379125803087636,0.43483755543925134,0.4074754012389313,0.4252234605909996,0.1435884874749599,0.15409910184370657,0.13986434643844228,0.18905105517254864,0.16561303809406155,0.14700617193318144,0.15964816153378275,0.1627788409292282,0.9998455707466753,0.9998437007356433,0.5410076915180912,0.9934030460640101,0.990875265809394,0.9924580448681369
1797.9959032,0.4621149373799694,0.4675786955904723,0.3448727694580703,0.22730714670673285,0.17897612020470502,0.16172275885756743,0.09758539608781985,0.09879484084729792,0.4177304571325928,0.4312951241069407,0.41872801561801654,0.4192711044414586,0.2606102325287143,0.24184452042045218,0.29180244904625696,0.2978094949744267,0.2297550283406098,0.3719624432726144,0.41660900594125344,0.3254455269022249,0.5154928800293587,0.4493708558108302,0.5108053780610884,0.444465535472201,0.3730163087989073,0.5236998944870196,0.27290435763019283,0.19830111711880877,0.18234153635064512,0.19607168201129296,0.41688161968195336,0.3420000278312435,0.2952868333944228,0.3627081048594035,0.4378123852263172,0.43515310982289696,0.40799898928954637,0.4251873583354324,0.14391801279171168,0.1545221457916863,0.14031160045022545,0.18952666403247218,0.16575009170298255,0.1472364560613568,0.15991700531565403,0.16288176345307107,1.0,1.0,0.5417737990735028,0.9935088118451987,0.9908918122213657,0.9919451342958481
1806.7210252,0.46270458828707967,0.467555444909088,0.3452475166517707,0.22749566827179873,0.1784261447324911,0.16115386390984662,0.09736813847853375,0.09860155939818961,0.4186269882060367,0.43208878011946444,0.4194897169591607,0.41986691125746345,0.2607338001205129,0.24216883631095132,0.29211515308382296,0.2982498412276499,0.232631185602379,0.37429880626640666,0.41951636685244076,0.32742097488014027,0.5171633022071849,0.45025525166818486,0.5135869502036688,0.44571545274788216,0.3738844750220878,0.5261389938059268,0.2730385124019249,0.1980567158688738,0.18231283183779678,0.19616079979815962,0.41617055698591593,0.34128290278688495,0.29497932772156976,0.3623293123752006,0.43800626666590087,0.43535923111204183,0.4079983712070635,0.4252402166983613,0.1441253690962797,0.1548470924271463,0.14062336045185422,0.18999712424801546,0.16603827091940399,0.14743003656435316,0.16020432748485347,0.16310748022771165,1.0,1.0,0.5425634712238546,0.99294591444355,0.9907507739380425,0.9919668827697496
1815.45600983,0.4635041173671117,0.4672401768202589,0.34566887303204963,0.22748397912914428,0.17778462876544707,0.16066513857240308,0.09720572191122645,0.09845754981410981,0.41934635936515363,0.432875092808336,0.42043486646254336,0.42036578261130536,0.26114631677956024,0.24245419480744343,0.29256735837889625,0.29877546169371805,0.23416109292025641,0.37558755449006936,0.42122162153689086,0.3284794821927601,0.5182745696721516,0.451025416876724,0.5151002518560459,0.4464965439678217,0.37472661543770264,0.5275762498662414,0.2731172619095013,0.19794346925968356,0.18229607182569593,0.19614849470158127,0.41552159377775105,0.3406940345272945,0.2945926732208711,0.36178132640506633,0.43822537164533576,0.43563616352851553,0.4083042459496159,0.42536745278074656,0.1443222592857737,0.1550960238111467,0.14092334688400054,0.1903247893144724,0.16618644654027742,0.14775453927395318,0.1603530056264603,0.163222766785598,1.0,1.0,0.543394051561126,0.9928987583901179,0.9907651767501715,0.9922732669946399
1824.20079533,0.4638618320481805,0.46636517281833667,0.3456094625146088,0.2273767875938668,0.1771053030175582,0.16017441405894878,0.09690550345197775,0.0983211929379084,0.4199332678329553,0.4333116212320922,0.4207963879673455,0.4209343242352324,0.2614371360191039,0.24253909358754025,0.29290332921951034,0.29925112676867405,0.23434392211022378,0.37576869702697513,0.421733511783908,0.3282941814620192,0.5182435499219216,0.4509452809385929,0.5151058839977337,0.44681951055584945,0.3751410511165039,0.5276629510414328,0.2729259403352272,0.1975783401141318,0.18188239814034357,0.1958448111698438,0.414679923741106,0.3398456922633984,0.2939088984037706,0.3607380091291824,0.4385771378031822,0.4360045435691076,0.40814634805535494,0.42549646471427915,0.144486229912588,0.15521776958395564,0.1410456609511323,0.19041469281456727,0.16632188000576942,0.14793181266380964,0.16035721224136018,0.1633493112695197,1.0,1.0,0.5439179208620899,0.99323379782468,0.9908887528958201,0.9921668795780281
1832.95532041,0.4636619981846295,0.464697647716202,0.34541350161168854,0.22686879654319558,0.17645718180693754,0.1596521317283072,0.09668724036356392,0.0981197282207832,0.4201858460806104,0.4335316970860882,0.4209279585264461,0.42096493266662866,0.26151290463404353,0.2425657621175867,0.29300800526532705,0.29971917370307477,0.23310262209985044,0.37413804842903275,0.4199861096646275,0.3265343713676801,0.5170214451148665,0.4509794875021449,0.5134149657800746,0.4462431964022369,0.37511967987434885,0.5264040023211274,0.27220935861976747,0.19687854241101588,0.1808546052826736,0.19510789765112663,0.41315666577698396,0.33824456380382717,0.2931126862089573,0.35938569175166435,0.4388982541634743,0.43592949508927414,0.40783175601378296,0.4250746883135665,0.14458546672774458,0.15527038829938375,0.14111670858915953,0.190583113696633,0.16634815914161727,0.14799264806116835,0.16023734699981576,0.16325261367255794,1.0,0.9999949093085566,0.5448431518828506,0.9932011182244913,0.9910115168550448,0.9918368472035899
1841.71952428,0.4620866951536282,0.4616180388011694,0.3442554468976869,0.22559296579947125,0.1756507952550528,0.15904703935215395,0.09641146200226956,0.09783203764141725,0.4201076165172404,0.4333540306959296,0.42088782242296396,0.42095113128588296,0.26144603211291534,0.24262558203067755,0.29315255724878786,0.30013491333841724,0.2297424841553684,0.3707856298934575,0.4164508022812215,0.32301037256506787,0.5147943999110308,0.44999268680238014,0.5098332663566049,0.4449867534636697,0.37431706900714984,0.5229751547324063,0.2704673834443098,0.1956312184477592,0.17926406127775238,0.19381111598744533,0.4106727017069053,0.3359601077726814,0.29138843865640984,0.3570195750043426,0.4388473752691975,0.4354351440236443,0.40718535886108653,0.42462874607696954,0.14453273679463075,0.1552546148035613,0.14097579153452214,0.19055307245487194,0.1661008097599756,0.14778345492460596,0.15994657275978974,0.16285953005854728,0.9998729037354338,0.9998230390408347,0.5457189360512341,0.9933474343034977,0.9906259009357128,0.9917863083045801
1850.49334662,0.45910682693293026,0.4562763904036336,0.3421219848682936,0.2236196040074985,0.17476319926197667,0.15832798422400707,0.09613945235108541,0.097503750603441,0.4199618028286582,0.4331103439038453,0.4204463849169324,0.42058301075527577,0.26120545944335566,0.2426332260230354,0.2928242752304492,0.30051356192585155,0.22435499214104634,0.3652485399672962,0.40973757098035374,0.31738190833833585,0.5099570246992163,0.4485404775703642,0.5032346826883803,0.44192965790119976,0.3727910553863354,0.5171674195810403,0.2677074342694602,0.19363046938428102,0.17665132798053182,0.19194190113662757,0.4067022462580824,0.3325510703230509,0.28905245790054696,0.3536265451264308,0.4383135423905762,0.4348385304756049,0.4065636266159009,0.42389667880790444,0.14437461330989862,0.15500712967139363,0.1407294347684503,0.1907359377747844,0.16573294609956846,0.14750780257034818,0.15939332358948372,0.16234905055218898,1.0,1.0,0.5465102095419717,0.9935790130297368,0.9907861904073629,0.9920169874985189
1859.27672761,0.4534265514344202,0.4482730810802202,0.33888207614967564,0.21999510182811224,0.1737877824243865,0.15789736426110018,0.0958594227995225,0.09706605719920817,0.4190207237143398,0.43202804988502524,0.41927740354624904,0.41964084776775573,0.2607540988697121,0.24236955654120793,0.29242760329892237,0.30066342504998606,0.21706751452428688,0.3571807635980795,0.39991316726692766,0.30883663222202656,0.5028665578540262,0.4457110295864137,0.4930738974636835,0.4377601783823848,0.3705098155478604,0.507561686430026,0.26312078064250805,0.1901661657222157,0.17259890058073624,0.188654617239969,0.40035599449951026,0.3271748421711452,0.2850106679000398,0.34779333902798293,0.43735314703797706,0.4336737213734663,0.405477045054685,0.42286395973375646,0.14400397862263245,0.1544830680867174,0.14022197313533186,0.19058845900915022,0.16501094665017177,0.14708473050680382,0.15853333327813718,0.16143249112128272,1.0,1.0,0.5470500957578538,0.9929931438206074,0.9910924293743761,0.9919363921176552
1868.06353858,0.4443020759944869,0.435762247062127,0.33300219071963316,0.2143668875737785,0.17274681745369483,0.15747824841026822,0.09556429120167573,0.09665065437303379,0.4171207433519275,0.4300340673396081,0.41693021629097793,0.4175516661392764,0.2596226503974962,0.24145592561148344,0.2912833343960672,0.3008715131317365,0.20913043926453315,0.3472740700940862,0.3877888536128285,0.29704032874074704,0.49205597944262924,0.44092901596542877,0.47772599738927346,0.43120262184104313,0.3667387012208364,0.4938484028018036,0.25574546842045154,0.18492730585133949,0.1660742743938782,0.18371228169452722,0.3899258642622065,0.3179992806672847,0.2784322479529284,0.33851061985271397,0.43578717497800784,0.4320989665880861,0.40376062520584555,0.42086567646741085,0.14320638831492172,0.1534453676644226,0.1391165354346845,0.19004230585404988,0.16398029508703005,0.1465769016685481,0.1571992141546267,0.1600532520023682,0.9998928318791079,0.9995563149478848,0.5479228215748052,0.99421796296986,0.9917607999755156,0.9922047710219158
1876.84916726,0.43015174882787316,0.41853677416222057,0.3243448683548253,0.20575481255880612,0.1711937738891173,0.1570124049610304,0.09493818605749589,0.09610540052396897,0.4141015709416183,0.42673356527455186,0.41384494886372164,0.4146521516614802,0.2568520300601471,0.2395275336337628,0.2890900033647032,0.3007299814812902,0.2005984970704617,0.3354594059082877,0.375299858930402,0.2792089129641225,0.47684612707176205,0.43301081822272885,0.455352758641595,0.42147602523894373,0.36060551577711775,0.47460818351080936,0.24390246339598148,0.17725206764027668,0.15566244804289833,0.176313589112527,0.37358563802214617,0.3036905690130651,0.26745353687332996,0.3238435755848348,0.43350324343700963,0.42961558193519356,0.4005499393192155,0.41719652196119206,0.14146576030753472,0.15124321118579911,0.13679199977770753,0.18842106154779836,0.16189375176160073,0.14592034900513995,0.1548907971950678,0.1574688151172294,1.0,1.0,0.5488278970348136,0.9945775209172466,0.9929914979422331,0.993844389788846
1885.63362519,0.41173928787506503,0.39733617166638197,0.3131407198656949,0.1935467519779166,0.16847137014302657,0.15651766478678844,0.09374357474420905,0.09508521545529477,0.41040004786143575,0.4217719864531842,0.40913288427381456,0.41127683566285617,0.2507430026837825,0.23557247827136313,0.2847614450467366,0.29985906098951604,0.19110621343237177,0.3201415774388108,0.3632789182811071,0.2509377037896802,0.4569387884031419,0.421664615211517,0.4244604049990523,0.40933993691307136,0.35157911717974716,0.44951466813622476,0.22626071461508024,0.16676708938417723,0.14008326388660647,0.16645688838290593,0.34896410823944496,0.2821489032464829,0.2515132316819774,0.3023427312457173,0.4312943105486188,0.42562466566528306,0.3954113957733457,0.41071202365932796,0.1383057105549586,0.14698611327641875,0.13274687994846804,0.18494356059837497,0.15850704118576464,0.14534219505317716,0.15086677872584883,0.1530762608904996,1.0,1.0,0.5503632638808327,0.9958526407688687,0.9944669694435536,0.9945610059225107
1894.41692373,0.38924234576725514,0.37243727152176664,0.2987437717142854,0.17944098490626614,0.16565540592393282,0.15598015177299832,0.09268114231971994,0.09428786798740989,0.4047096230151662,0.41482976825926116,0.4020097130718593,0.40546932955613724,0.2443102526892149,0.23159245342865303,0.280216370388079,0.2982117867011037,0.1822229384539271,0.30366379050225173,0.34923072103922514,0.224453173615693,0.4343825588701085,0.40819189836129516,0.39127525725223317,0.39495268506427067,0.3405182824317865,0.4219181653286645,0.20605952943685837,0.154144567050107,0.12350014228115483,0.1547079070952424,0.32311063590143346,0.25880233305833955,0.23431576121402525,0.27971654299652343,0.42679076065513205,0.419573264853464,0.38826129076630367,0.40188787899833145,0.13440500110663847,0.1417601914107175,0.1277592793175552,0.18066331110643138,0.1541481993337861,0.1433045603826423,0.14550339885577385,0.1476471513742803,0.9997155153753403,0.9999783501167303,0.5523293448856414,0.9970644324586623,0.9959941175955425,0.9956709913627712
1903.19907409,0.3692246959700342,0.34887936618622695,0.28350946894317985,0.16717691377597124,0.1636379391176765,0.155278559549766,0.09201917385989321,0.09327533028890603,0.39754587535362157,0.40696929390629455,0.3944253461842872,0.397919368928342,0.24049665961421768,0.22825892261989933,0.2758625042837407,0.29543274759314386,0.17518235478240932,0.2907450635311279,0.33180973171021916,0.20877926495383095,0.41270865669571954,0.3939452752525875,0.36377746194050337,0.3809510036245846,0.3292282141982079,0.39683195197271154,0.19044492368818453,0.14294912434791654,0.11156143411140747,0.14370835731638776,0.30497600833089866,0.2416500482706406,0.22065081331903297,0.26360302085956744,0.4194155058395093,0.4125057535845666,0.3809086527171978,0.3935507506079064,0.13080679588717897,0.13824323208263498,0.12414713157179115,0.1772618074758034,0.15043683581478035,0.14089810541875133,0.14114145929782393,0.14330456290563262,0.9995921108808851,0.9999741842678241,0.5534881627267594,0.9980900665552622,0.9959469430350938,0.996446610213566
1911.98008732,0.35791268596243214,0.33456528325735413,0.2736317424854516,0.1591414980854438,0.16194098899138104,0.1545835212481921,0.09188239103728156,0.09261584229928049,0.3927836670993318,0.40158062122696053,0.39009174345958136,0.3925445466221631,0.23826763271895082,0.22540156176055626,0.2722638999147073,0.29255444238555367,0.16966515780331465,0.2794577383064272,0.3154333276617458,0.19891400789463662,0.3964125327571735,0.38168057877316075,0.3412750312095784,0.3700122985560206,0.32016097369921515,0.37600220287000063,0.182235648745592,0.13696490889997767,0.10589855281898321,0.1380782983761813,0.2960606380550764,0.23263177968063983,0.21448329124710086,0.2561335680781554,0.4132211723795662,0.4066510084182773,0.3750127297869554,0.3866853330826259,0.1294057047297707,0.13743769737172798,0.12306472621331137,0.1765689092873244,0.14952592950208515,0.14068425884583868,0.13980644561903774,0.14204938713648527,0.9999836439017245,0.9997882818139697,0.5542617467939178,0.9984433037931066,0.9959188507599548,0.9969771724317957
1920.75997429,0.3553312892803221,0.3299292749596409,0.2705195745962527,0.15540916966638718,0.16082606619408896,0.15425282963306164,0.09205761575836022,0.09238363612438451,0.39148588683269675,0.4005593020062528,0.388991651593201,0.39116128152510415,0.2369270497803712,0.22340393500622707,0.26966332334611853,0.29061660355637653,0.16522555454337387,0.2703555468910454,0.30217442416315493,0.19162505528207283,0.38372991237338033,0.3708019889905966,0.3222696525221446,0.3610788273242204,0.31271430734337374,0.357771410109456,0.18194288905127656,0.13582941168856955,0.10607006566174455,0.1379293419565687,0.2949145232609034,0.2300361618686009,0.21429912214810584,0.25575704970536484,0.4104790012472763,0.40446577631035485,0.3725423406460792,0.3834559267713859,0.13000389237990065,0.13825795890695058,0.12346931244714061,0.177901899004186,0.15045283656868375,0.1420003390264471,0.14092261274802684,0.14310567716442082,0.9995583308344496,0.9996695158102111,0.5547723543288124,0.9983125068356905,0.996390062148407,0.9975734236526611
1929.54914243,0.35813426768139045,0.3314317636807881,0.2720214385877585,0.1544360004257688,0.15992504074639652,0.15384052982317387,0.09235386916505188,0.09230776104160861,0.3929691925767663,0.40197152794698476,0.3900379558103348,0.39230592792870744,0.2359209096292357,0.22146591931541562,0.2676208742513003,0.28879981743334887,0.16141616649795693,0.2634008223917833,0.29199635536693563,0.1862853846161125,0.37319440984797175,0.36096428485557924,0.30635934116950214,0.3536328448019093,0.30651675341719353,0.34191679356828697,0.185314800671139,0.13724128501078325,0.1090710355680349,0.14047268909054353,0.297326167296691,0.2305427613506694,0.2172382722869204,0.25905065043217657,0.41035804942694704,0.40462307317163876,0.37239404574667406,0.3831644595816716,0.13138688477001673,0.13975991558029885,0.12433821332406081,0.17926244981504122,0.15165179046169652,0.14356948557017088,0.1424054440871634,0.14464963925506907,0.9995009622868345,1.0,0.5555253407529968,0.9990340791827217,0.9965259840286936,0.9974737548239099
1938.35679058,0.36325784221294166,0.33634070764522966,0.2757887083974271,0.15518064273396784,0.1591370998978708,0.15324763447194936,0.09271868868662217,0.09213169752889165,0.39517671161003376,0.4042072475818291,0.39233376445429025,0.3948384457572627,0.23559984537585793,0.22016601846029957,0.2666074254040062,0.28777557600054654,0.15870653815832178,0.2584408397450886,0.28540196924693395,0.18264321873938827,0.36599174718998567,0.3543525072674504,0.29597041560400755,0.3487723390412962,0.3025947637689358,0.3312679815738833,0.18973390374299223,0.13931168086493836,0.11294304287500637,0.1432706199113592,0.30116148762320355,0.23218297843915348,0.2213647688982794,0.26317578788081214,0.41116007781915065,0.4059422138070772,0.37338326106925246,0.3838413026312137,0.13245291605707402,0.14107557038382515,0.1253600492532187,0.18050744347464737,0.1526568189392822,0.14490595705911266,0.14381036073227443,0.14591775181898245,0.9998654753255288,0.999953840130862,0.5565332559671372,0.9989806221422489,0.9969760610223213,0.9976368272213603
1947.18286652,0.36852969707696537,0.3423609869178497,0.2805055960171293,0.15633599607410884,0.15834711813727664,0.15281852916120184,0.09306005070758408,0.09194619067788552,0.3975055877579235,0.40660268194925203,0.39503434904306783,0.39726494265440504,0.23643388497434914,0.22093110206152058,0.26727424561891133,0.287964396221799,0.1569560538395624,0.2558037972906265,0.2828782153666822,0.1804229336958266,0.3655292012187228,0.3539498526155472,0.29419764625011435,0.34848074292470194,0.30284531095726286,0.3296982916545181,0.19438896139545725,0.14141010697826112,0.11679763716548312,0.14604986038828574,0.30546987099329004,0.23443329282200973,0.22561733050425092,0.26761775759079126,0.4127894160834049,0.40791624466624715,0.37489362495695394,0.3854772387233634,0.13348910306031622,0.14225843824209453,0.12625471977770938,0.1816644735050872,0.1535181343004504,0.14613250426853347,0.14498016296523517,0.1469736007665897,0.9995006701683603,1.0,0.557304441560167,0.9986613179045517,0.9968731016972037,0.9973535363467443
1956.02731804,0.37414191904772326,0.34855245177941296,0.2850490385215297,0.15793643173240696,0.157840559799844,0.15236397785229372,0.09360279729295479,0.09184460446136616,0.39974089836516774,0.40984235903367383,0.3981479928085161,0.3997912788025701,0.2383382140879718,0.22357768874144998,0.26955279860150533,0.2899261744821496,0.1561027856754378,0.2554413818575508,0.283719324137248,0.17933059592903836,0.37142888640390664,0.3601928131591056,0.3006476014494948,0.3527196810930248,0.30750645548781513,0.33630258762904874,0.19898300479765035,0.14348756009707275,0.12057117900528688,0.14897119506729395,0.30972093776453863,0.2371104029787408,0.23024163095044595,0.27143345658807017,0.41470344811599025,0.4104760226922265,0.3767409701824888,0.38721262488828484,0.13437277407127346,0.14346892700699454,0.1271742492406548,0.18263400221326018,0.1543653918037821,0.14724779023567466,0.14584062099731934,0.14785095898830267,0.9997295379184352,1.0,0.557887367662508,0.9989620516137045,0.9976226418321911,0.9980340769626098
1964.89009294,0.37998424769269723,0.3550843469417905,0.29015072728706714,0.15988476655804162,0.1575087208198271,0.15201513944706366,0.09413098019495414,0.091969369171934,0.40259084438983106,0.4131042853661234,0.4014534558587743,0.4023452462537639,0.24039510367733202,0.22648755899943457,0.27251093818513833,0.2919359352357436,0.1556894006401525,0.25671672894995734,0.28608213843125446,0.17912570782194231,0.3793918397330083,0.3687691594676737,0.31091995084270774,0.3593019510145295,0.313574279095976,0.34615586829663686,0.20367074357314235,0.14562905047809352,0.12455127977053959,0.15204103784597567,0.3143976120722513,0.24035389142127314,0.2350124339071142,0.27583129549242563,0.4173351924321829,0.41362145461214217,0.3791257525341468,0.38937798859292494,0.1352696457547605,0.14469279952531855,0.1282476706769406,0.18377513389838965,0.15524096340793914,0.14854911066668658,0.1470485946546164,0.1491206008759196,0.9998127505720719,1.0,0.5596463619597212,0.9991099032888785,0.9976213033495799,0.9987805446557126
1973.77113898,0.3865030161460027,0.3617128387314387,0.29533890894342096,0.16191091084459092,0.15723007091434732,0.15164943416794416,0.09463517835950455,0.09198413464347638,0.4051398643346526,0.4169657651541302,0.40465374179569086,0.405755508733903,0.24263124926494475,0.22898117662023187,0.27515042494695935,0.2940767675360013,0.1553408723280361,0.2583704454356212,0.28934344826151037,0.17945442063820086,0.38750826575860936,0.37651727867602575,0.32097979314962155,0.36534200729697325,0.31922717826062075,0.35563038647350015,0.20899600509974312,0.14823002595712495,0.1285548609856028,0.15508728782206785,0.31935936679234606,0.24409105319440513,0.24022921272027145,0.2800780410407679,0.42013437630234424,0.41673644066931037,0.38222912662395264,0.39200694832016175,0.13636771264315417,0.1460614345007833,0.12966820771863333,0.1848259780163164,0.15610190655774928,0.14977153035264104,0.148152469946721,0.15023878471373722,0.9999720151364266,1.0,0.5611294663987254,0.9995157267373133,0.9975411003440993,0.9981824133666845
1982.67040395,0.39374561834875116,0.36896016072601057,0.30123410052893124,0.16409890335898772,0.15690003847195674,0.1513003990657426,0.09504337985531869,0.0920648663175891,0.4088126714670248,0.4216825360318243,0.4086874284416579,0.4092773733486971,0.24489745830682158,0.231681177014912,0.2779146140961269,0.2964465178448614,0.15531341292707512,0.261616893858757,0.29405869801439377,0.18086029163591152,0.3967754821073534,0.3852988922229545,0.33314681023851295,0.37235699584633153,0.3256679077194163,0.3679051971141441,0.2147329641120421,0.15094000140563477,0.1328504816553298,0.1583528392118884,0.32455819204803216,0.24859137798349998,0.24543708434421152,0.2844236742033794,0.42323182207137094,0.4203475107994601,0.38522925834722493,0.3953865009146038,0.13745144982886542,0.1474008026120521,0.13101579626155105,0.18603503221304404,0.15690919464227665,0.15110192548014403,0.1493308215178691,0.151376811194871,0.9998833660477144,1.0,0.5626998503419509,0.9986506160508232,0.9971288464378167,0.9978408313063833
1991.57932378,0.4012947321682486,0.37635669684621226,0.30751494048717204,0.16654767271383783,0.15684110267555115,0.15096656909635273,0.09545048993443499,0.09221990110889362,0.41247595183933466,0.4264140889063129,0.4127988262111266,0.41326173794240445,0.24756267927857706,0.2347966761822394,0.28128014562652276,0.29918532110144913,0.1560876201842081,0.26663673857570275,0.3015960296588158,0.1835758361341231,0.40921575383434244,0.3969980073464257,0.3507394660946321,0.38158015915092824,0.3342326268828044,0.3853346172037756,0.22045931466032095,0.15409571018568974,0.1369146453634051,0.16223370960796837,0.3299234250574583,0.25358304152119826,0.25073218492492816,0.2887628498491648,0.42628060546586477,0.42467054188064407,0.3887945479682844,0.3988212672213786,0.1386039704553162,0.14882011039432308,0.13227078788983118,0.18751847193025645,0.1581498184794673,0.15249115771727112,0.15044025906393826,0.15260049928835684,0.9995845694015549,1.0,0.5644892084157305,0.9985336115333735,0.9972854173071534,0.9979908024019988
2000.48893957,0.408822049393125,0.38432319403586024,0.31418233869293166,0.16897469584131067,0.15673006315339347,0.15070085197071237,0.09588809455281856,0.09230862233288922,0.4164352969136747,0.43154170819198456,0.41661895941354216,0.4176056685919779,0.2503653423862977,0.2380554030572062,0.28476305013242703,0.3022277852101351,0.15747475406252756,0.27355137981757277,0.31162962370675773,0.18768177613245796,0.4249363391564438,0.4107067312372893,0.3731148851918888,0.39324247548503777,0.3434170131323313,0.4071830108198071,0.22651789118380555,0.15731766852869816,0.14101223566041884,0.16594987634986472,0.3352322453281429,0.25846847253233135,0.25509776197559264,0.29336081897502053,0.4294715896733186,0.4282077964901816,0.3928884591425161,0.40250663581603907,0.1395632023378706,0.1502002189902412,0.13351317143975136,0.1888457971245706,0.15935077982544513,0.15342464455966356,0.15146900784925785,0.1538269485748847,0.999747943928663,1.0,0.566362003466088,0.9997588817701584,0.9977295838284634,0.9978985448918313
2009.39924527,0.41652991522497906,0.39276213353652834,0.3208478641908801,0.17151725746864602,0.15644375297389068,0.1503448182564943,0.09608394334450306,0.09241632593202069,0.42022641418408263,0.4366764024485389,0.42098579714978845,0.42219200333542345,0.2530935264463371,0.2410270408975967,0.28798790424203047,0.30486433638319216,0.15885932320613536,0.2810366541777466,0.3228760553160837,0.1923022621789079,0.4401573055578987,0.42393770310684,0.3956531317387731,0.4045587465445212,0.35294150442214517,0.4281567003691084,0.23234130760188412,0.16033289980757912,0.1450340141959059,0.16953370319203437,0.33984802147281074,0.26345693036203277,0.2595247941024897,0.29784307718600384,0.4328876692616661,0.43239147283311086,0.39566898449017457,0.40553266848562863,0.14033736746981193,0.15138042950564934,0.13455291467806968,0.19021185147957695,0.16047681922463064,0.1545646659928393,0.1524881825238263,0.15518862582570972,0.9989497279684089,1.0,0.5680028650992166,0.9987376779862486,0.9974980967285653,0.9988466619622308
2018.31023493,0.42496123970478505,0.40103119864543496,0.32758402023772837,0.17378221917177347,0.1563901795143403,0.15000231931751515,0.0962134621406337,0.09244520201018304,0.42416715252271525,0.4409830652690187,0.424746968801663,0.4259980150018085,0.25543637452294404,0.24403475815059741,0.2912187476889647,0.30739062236120696,0.16036805941522042,0.2878889096457516,0.3331465675242061,0.19717610994941792,0.45258156032930924,0.43372282720444505,0.41331719224229696,0.41372801082450733,0.359409338778334,0.44514287658286705,0.23776033109259498,0.16329704349068236,0.14898118347012596,0.17343124134146815,0.34496265746851973,0.26790866485186154,0.26348907061535926,0.3021101605221784,0.43590662180333595,0.43585896339089053,0.39943826739875166,0.4087578283853108,0.14152935086854915,0.15260121822222336,0.13550335044271591,0.19184090177461358,0.16200135943127839,0.15552532718421924,0.15377062939479205,0.15650063587290552,1.0,1.0,0.570173134056346,0.9989583587489417,0.9978598581467472,0.9981680562069708
2027.22190266,0.43194029549518587,0.4087483075320674,0.33398766336786506,0.17561556928401773,0.15610197173542464,0.14969611123112858,0.09652536232338878,0.09246577426528771,0.42829270900976574,0.44564404577249256,0.42926056175401595,0.4301647069898118,0.2575693748178008,0.2462824799650978,0.2941553142443064,0.30980401330347074,0.16201273758134585,0.29423046851093515,0.341813931633128,0.20180128852861445,0.46258685850535947,0.44099092607274154,0.42743081945226746,0.42101147874141376,0.36547010355252657,0.4580777386920281,0.24301683223105916,0.16615081413340152,0.1526814205033559,0.17717564551828383,0.3495936548950655,0.2720876412514014,0.2667420654624374,0.3063958883744825,0.43911803662788307,0.43926887810507237,0.40202411770617963,0.4116599127625284,0.14209772171606685,0.15356095984784296,0.13634734972739143,0.1929278685166484,0.1630855957482828,0.1561364349360069,0.15498232219984198,0.15755726442504017,0.9994643181665256,0.9993440917687604,0.572124262859117,0.9992950583136028,0.9974432270911265,0.9985377811000161
2036.13424266,0.43892757441727276,0.41577319435500726,0.3396275125185382,0.1771200699704912,0.15604409775631034,0.14939632825567176,0.0966044512244635,0.09253029884124965,0.4314905158131428,0.44980083455784314,0.43289429953028646,0.4332172021914061,0.25980310834885334,0.24870332095068695,0.296750287652823,0.3120637882353169,0.16345903743412601,0.29962465903074403,0.3487644967835909,0.20587555374811925,0.47042784113033353,0.44728155129489966,0.4386048625588741,0.42677518834592104,0.36967585447470386,0.4677295376099789,0.24766025621594956,0.1688085826116983,0.15595242347189758,0.1804857725039592,0.35386881435169354,0.27574498752260446,0.269113809684846,0.30994532383443263,0.4418734590352642,0.44211812169001147,0.40431400565465997,0.413984950265228,0.1430522744291382,0.15453868586718877,0.13712840920493086,0.19385772844207805,0.1643031989662869,0.1569299373408449,0.15618812146937286,0.15858027604001448,0.999692903392189,1.0,0.5743253030545805,0.9991369901623639,0.9984869716658288,0.9983786301477157
2045.04724919,0.4456654775720916,0.42183615884653103,0.3443983589273297,0.1781045662990203,0.15571608496558098,0.14907787029430913,0.09648665761708455,0.09236475546475324,0.4346653736071087,0.45330353684452085,0.43663273747130693,0.43626663278512023,0.26168796316888815,0.2503512941093761,0.29906272194052685,0.31399567873328793,0.16452018423371972,0.3040792134951074,0.35422705623281775,0.2091155632848804,0.4762600133951974,0.45182366320268313,0.4469274196686865,0.43099344521912414,0.37324373529955013,0.47503200770052706,0.25153367241124963,0.17071228036390151,0.15907283458193835,0.18338206905299007,0.3576190397324718,0.2786691296851907,0.2712985777297211,0.31334699640570096,0.4447823880502277,0.4447739005273355,0.4066129313824786,0.41643369268425506,0.14366120628750523,0.15496301354798325,0.13769316151187527,0.1946782709405713,0.16508954230451617,0.15727725288500852,0.15703175923720386,0.1594790624424074,1.0,0.9999709302425156,0.5762912350683936,0.9993238920621667,0.9974592064728028,0.9981857914739863
2053.96130725,0.45025570193006986,0.4271526476645034,0.3486598638177886,0.17888644934772546,0.15529061970367192,0.14879550847482104,0.09630908490811983,0.09202836936313873,0.43734725563335636,0.45640692185052195,0.4399220652111767,0.4389212596958559,0.26310754845852724,0.2517479600207943,0.30134939973060776,0.31573473683835057,0.1651369409597612,0.30723009658209743,0.357948316994877,0.21173110498330375,0.4808469909144788,0.45536796802136464,0.45280269031295345,0.43386537693698474,0.37596283989456303,0.47995599718768467,0.25563343076514616,0.17261992973283283,0.1618465154152157,0.18605235823606162,0.3609016428317574,0.2809580790324503,0.2727162014730042,0.3155438454021454,0.4465528723689987,0.44618782337297885,0.4080233583627504,0.41834251103901854,0.14381096200064006,0.1556092797101715,0.13802416869450587,0.1950000517341033,0.16560414695490805,0.1576054980959932,0.1573356498949188,0.16012853753920717,0.9998249227003319,0.9999894023657372,0.5783457523133101,0.9989936440205291,0.9975972084396088,0.9991757482804186
2062.87694233,0.45426211914553505,0.4316693766174484,0.35192462368669375,0.17919951258677902,0.1550240041193661,0.14829651115217848,0.09611072435158428,0.09166754775446596,0.4396588748207266,0.4590018566593285,0.44296473325995583,0.4408729792411663,0.26453710055779583,0.2530134556797978,0.3032659546492055,0.31700709413728556,0.16545343622116268,0.3096295650527427,0.36089948506330677,0.2138442703995813,0.4835221499515318,0.4570981185787904,0.45561677981121756,0.43587875129101966,0.3774825870226304,0.4833427238521271,0.2590954993055548,0.17415220295732328,0.164523900224735,0.1887030392454965,0.3637585878347564,0.28242599416744557,0.273897406748714,0.31728172734950433,0.4481483683394376,0.44830091049759757,0.40986807122211105,0.4196915324030297,0.14376140428148193,0.15584822951466792,0.13818490726627142,0.19557571805033178,0.16596595908785244,0.15756567098740207,0.15761607101131628,0.1606150587561396,1.0,1.0,0.5798917314906115,0.9986864907878082,0.9972413723462833,0.998696200623341
2071.79414164,0.45833000541308166,0.43583341575716583,0.35528933403284746,0.178872559075012,0.15487884698924564,0.14797670275246536,0.09596977611726175,0.09125772967380708,0.4420510409763042,0.461624687555076,0.44617481432989503,0.4432680309056874,0.2661413408924692,0.253825754437288,0.3046526219945005,0.31817970618275504,0.16561085602291548,0.31139384960674327,0.362572246045019,0.21550590161037975,0.4851030860878894,0.45882949267774936,0.4582101340707059,0.4374020374460793,0.378968079262272,0.4856499648433091,0.2624663367129449,0.1754783810062523,0.16665865870530536,0.19102902498404167,0.36653531891645935,0.28357427474197816,0.27502280744411906,0.31840245680694157,0.4499862403296497,0.4502683962160727,0.4111616840838715,0.42137705106630513,0.1437028212408951,0.15600529604313354,0.13807740875099112,0.19539883332340302,0.16623233670236884,0.15723275773771078,0.157851946068452,0.16097225629292897,0.9996046832543477,0.998939336472203,0.5814655190633612,0.9988499842609005,0.9980568643199454,0.9986060499678383
2080.71289251,0.4619146399440948,0.43916624652768355,0.35783377032922586,0.1788194001805672,0.15443948410978295,0.14778426732297978,0.09583075709032156,0.09079377228177285,0.44377577547758384,0.4637112617467864,0.4485427195207398,0.44548833108999003,0.26740604036098914,0.25530170435306565,0.3063698051162215,0.31944184020747557,0.1658493971932841,0.3129866675005305,0.36424973487570167,0.21710512291588896,0.486176690277918,0.4603151352272039,0.4594830250568319,0.43836692202486693,0.37982916889109253,0.48694454033923534,0.2655111188379149,0.17662628373414635,0.16884177939571712,0.19332427696085885,0.36884326536724316,0.28486581208147826,0.27555980883607445,0.31928542552304284,0.4510589466999905,0.4515600929415455,0.4127696663843342,0.4229275273957161,0.14353791697888674,0.15582556002723585,0.13801201379792208,0.19529566835423173,0.16591866730194477,0.1567825789664736,0.1580913942189418,0.1611655144689658,1.0,0.9997466415856818,0.5828016050098501,0.9987726728763913,0.9984519719312848,0.9991448305596388
2089.63318245,0.46476010016268604,0.44191060483399386,0.360454126319329,0.17880519586221255,0.15411615259894665,0.14737959771035317,0.09560173197262338,0.09050377684630691,0.44593469652177176,0.46547876214121925,0.45071148521698806,0.4473535183862433,0.2684776051533872,0.25671579068280637,0.3077532850169386,0.32062290881356165,0.1657216524700434,0.3140272004258416,0.365039457288503,0.21781266732330246,0.4857948829086099,0.4606642642256302,0.45977070108901874,0.4386696953963729,0.3799003547968562,0.48637945601201465,0.2677125243653205,0.17736359055510342,0.17060265700159494,0.19555446650605215,0.3706870265864501,0.28563146487222707,0.2758776740331751,0.31930213798034,0.4526682282261401,0.4529558737198635,0.4138769778182167,0.4244210042455911,0.14315599151751338,0.15548506822143168,0.13750772041591972,0.19513747981317384,0.16575605335229565,0.1561599673209606,0.1580556136702937,0.16095187495065721,1.0,1.0,0.5845581000409498,0.9975740485260527,0.9986692426994412,0.9983829854179102
2098.55499911,0.46681266021477946,0.4446223053162081,0.36234085471170163,0.17887527852765206,0.15391298182737664,0.1468276781744738,0.0955447815418343,0.09011586814516222,0.4474379286300668,0.46734713008833023,0.45291151959066495,0.44904147375561065,0.27009339001785415,0.2578204080190374,0.3093374512411332,0.32172638212933674,0.16544550538119815,0.31444803573456603,0.36473148524949656,0.2179412475213166,0.4850036820668711,0.4605496478566509,0.4575542028426535,0.43771508209688703,0.3795972391519288,0.4848283616961957,0.27039454256721723,0.17806556124324446,0.17180935134710604,0.197476659892295,0.3722439948490833,0.28640529401721077,0.2762937431283016,0.3193958179923462,0.4543155305628437,0.4540698940996047,0.4149794445961388,0.4257456781320249,0.14267372602970083,0.15513809232810688,0.13694655419531415,0.19488374685016757,0.16562268518907997,0.15560078195903257,0.1575517943557339,0.16073095347712682,0.9995285800643539,0.9998113770972736,0.5866255968790279,0.9980290811851058,0.997115200006323,0.9982499190691223
2107.47833028,0.46883679439280157,0.44728630021767357,0.3638465274550489,0.1788807657284944,0.15370802319668786,0.14643374398233827,0.09530861802441877,0.08987919052275034,0.44909323334082013,0.4691761628656724,0.4553367309322391,0.4509340101057224,0.27158116757114187,0.25880808207093725,0.3108942554903844,0.3226683324110643,0.16474980287457,0.31359474334150994,0.36424456845612857,0.21796662494906885,0.48338204810204405,0.46027550117192506,0.4545782158364002,0.43675476183283013,0.37942538835116074,0.48224500481672794,0.2724077415275788,0.17816216271250881,0.17289026509599945,0.19886003370844244,0.3737100540146553,0.28706997008180024,0.2764799736069178,0.319426531255055,0.4556749859838358,0.4561177090298704,0.4162942010501389,0.4272693897623233,0.142081634150802,0.1547618284153284,0.13629190530856233,0.19443177850972485,0.16517190911144478,0.1551860040558951,0.15732432392753098,0.16030063172779543,1.0,0.9995914733092058,0.5877674676145548,0.9987501370564983,0.9981367688650846,0.997877557613177
2116.41133382,0.4694805128906883,0.4485169190405872,0.364753836582732,0.1789624042848128,0.15352731793613156,0.14571345155508217,0.09511146645334362,0.08972329896189726,0.4511851117738924,0.4713895570949901,0.45754392324018883,0.45272806738978144,0.2728032978457548,0.25974658183858185,0.3121344364215,0.32361509067749916,0.16388826913446464,0.3126210106006438,0.3629797951919703,0.21771211820711903,0.48165915998156666,0.45949244707678305,0.4515369038742287,0.43579579625252485,0.37900290237347084,0.47805393788575934,0.27384128524933204,0.17840453533629683,0.17382679362830714,0.20020250333301598,0.37447373649244176,0.287303433950217,0.27680903727504524,0.3195996947040736,0.45639980252297135,0.4570749826111094,0.4174775386033585,0.42903322889994344,0.14147152012896574,0.15415407890104627,0.13534020118346443,0.19385243479047137,0.1647488257355041,0.15479183507187436,0.1572120024872384,0.15987106371371873,1.0,1.0,0.5898627939533182,0.9986585179782349,0.9977344687286309,0.9977407944254821
2125.37093026,0.46981279249447266,0.4501999244936587,0.3650550476947538,0.17935787001609949,0.15333327660471724,0.14508825477704415,0.09477816480757617,0.08949000130164178,0.4527773291246857,0.4728571577856626,0.4598224414042722,0.45432275195056754,0.2740255460983429,0.2609461243028479,0.3133733577526404,0.32467352489631723,0.16292649354383293,0.311545762587113,0.361724772042795,0.21751256900184257,0.47994122848689247,0.458964626145831,0.44769149828731003,0.4345764295204948,0.37842898350528414,0.47475720855984743,0.27509534451317164,0.17867826964759945,0.1744077239124522,0.20115017089686987,0.37492807607957296,0.28755834166156735,0.2765618180599965,0.3192254802200942,0.45699355307741574,0.4583316468295085,0.4187602907671321,0.43034724790544526,0.1408237876930688,0.15357490235349425,0.1344743852576205,0.19325491471055475,0.16459631939040387,0.15456041864678824,0.15746790372906774,0.15953644167631204,1.0,1.0,0.5912764581701211,0.9979414374417042,0.997330476666025,0.9980422818228918
2134.35713173,0.4686586515921281,0.4500427779950523,0.364488008464248,0.17946302735611255,0.15305977833398035,0.14422505786899614,0.09436700246276832,0.08919472394560249,0.45364426442055045,0.47425561265608596,0.46108915922319,0.4553662069168684,0.2745508814846973,0.2616622686804979,0.31438874376806436,0.3251406790370883,0.16163314504542833,0.3099725297343404,0.3597018512994331,0.21717255815332162,0.4777249859879437,0.4571916327799965,0.44381352369762594,0.4326997048714472,0.37762005963762174,0.4708410246068613,0.2755391090005918,0.1787676907517081,0.17425366779973384,0.2011836855625474,0.373970183102051,0.2865611892636064,0.27516640739169534,0.3170225330925042,0.4571911395232078,0.4582539552452142,0.4196037165549899,0.4312102685828786,0.1393993715180766,0.15215697318346896,0.13312332377848154,0.19176991069625837,0.16414026343639468,0.15404611310060395,0.15739495029499007,0.1593910574821959,1.0,0.9996363621728587,0.5918960451680826,0.9988718393156863,0.9971921074579284,0.9985238049297672
2143.36995005,0.46448692816476755,0.4479712096296744,0.36268653853835003,0.17914404899810726,0.15241733148387024,0.14317985665925567,0.09390692073033186,0.08878670600769704,0.4538102384023152,0.47413878704083484,0.46158030721774135,0.4561048490149349,0.27566356050780627,0.26203965733722573,0.3152018274654987,0.32571687906907887,0.16042562309399347,0.3080722655057858,0.35740695961811575,0.21626344334318182,0.47400103034752705,0.45491963918270123,0.43878990244209903,0.4300447219299148,0.37589272790793776,0.4667891171649345,0.27508500232841765,0.17835266654416723,0.17351585484388193,0.20081150816672758,0.3707935666053421,0.2840932666836366,0.2722557064272731,0.31347148254512197,0.45760546061121304,0.4579494180326422,0.41920646451652716,0.43079814406260913,0.13698995627773908,0.14964484094602898,0.13078851229531405,0.18927267311670404,0.16351721695171392,0.153354992453583,0.15703344787698717,0.15884663107059666,1.0,1.0,0.5921331053890804,0.9981848300265197,0.997432949334559,0.998321960172286
2152.40939672,0.4573539975922481,0.44372063670128986,0.3593820819316493,0.1782455420366178,0.1514875849048031,0.1417857163881323,0.09324647892655437,0.08822938089442929,0.45267054356761743,0.47326146496749727,0.46126067389495595,0.45577875586604044,0.2760185977951082,0.2619906491012877,0.31528690215693933,0.325674698648924,0.1590086017512002,0.3056361152521839,0.3544868841299878,0.21518543561462522,0.4694156682707929,0.45144737009789104,0.43294542032374983,0.42695691169800315,0.37373619598804053,0.4611185191422563,0.27389006825310797,0.1770660152871822,0.1723317248683687,0.20003326581963948,0.36509677402735274,0.2796943368582701,0.2669313560593957,0.3072727361480742,0.456243356298335,0.4571110983048897,0.41873175597933115,0.43036579742256725,0.13388258473590384,0.1462624172719424,0.12744805928091837,0.18593387820799553,0.16233362795933526,0.1521564321865859,0.15601828971396745,0.1578217780332962,1.0,1.0,0.5918510080985117,0.9982030276832162,0.9979452992462622,0.9982464850139621
2161.47548295,0.44941809464345495,0.43879545804407466,0.35512664799279103,0.17698156063979661,0.1502967384858341,0.1404834618155029,0.09238435526581004,0.08758841581535225,0.45138586070788594,0.4716420190458458,0.4599355259013321,0.454724818280919,0.2755506145856412,0.2609925112870018,0.3141071478365666,0.3249358615956755,0.15744705405025974,0.3023476619354217,0.35131217146747873,0.2136595475362705,0.463420569807472,0.4470802759211835,0.4256624349216825,0.42176858944986356,0.3699456144981157,0.4537252439183616,0.27138727411092106,0.17553061969985637,0.17061011403230647,0.19831480190165335,0.3563436534409928,0.2728502846680401,0.25989583493648305,0.2990403101393846,0.45448679408340353,0.45539291654588315,0.41692102484228444,0.42945637874572706,0.13070090079801747,0.1427826546678983,0.12420730345700713,0.18256444458591012,0.16041986162114485,0.1503248736824783,0.15423859800128314,0.15560726696371938,0.9998356774362311,1.0,0.5907833087779616,0.9983441241152734,0.9984548863312019,0.9985948400834328
2170.56821963,0.44256438987598734,0.43329064091380576,0.3501741191314593,0.17565619143432365,0.14887117067942854,0.13898379304893202,0.09157858351048767,0.08692951813308476,0.44968803996148854,0.4696664577884958,0.45785639013317103,0.45252561529323293,0.27523059270753925,0.259845355531996,0.3130060929530433,0.32366264570821246,0.1560050965504429,0.2990050878488376,0.34720575513097596,0.21203937832904363,0.4557909381618157,0.44256559703990067,0.4171736576557673,0.4165234921383354,0.3661979009138648,0.4456127415551405,0.268747604947647,0.17364699839410636,0.16863885598767764,0.19622410418040215,0.3465256889948932,0.2647489056553197,0.2517444116040263,0.28975604334837113,0.45288933573454887,0.45281237278220426,0.4149545805315214,0.4276484688029484,0.12796961808057306,0.13989418991372882,0.12178879431297664,0.17961044110271732,0.15772436795822564,0.1474563711045829,0.15123577021049145,0.15216536177087725,0.999814051231802,1.0,0.5890683943496366,0.9985371523793536,0.997538003040012,0.9986707006343767
2179.68761735,0.4351212261290888,0.427153871331964,0.34530504744848195,0.1735117214326392,0.14747979145161455,0.13772079531846748,0.09050561336628568,0.08625812475421746,0.4477709973336756,0.46705516071561537,0.456075108887875,0.4507438147228936,0.27440815053393575,0.25893176457223804,0.31165413407952675,0.3226364779769896,0.15460545025055777,0.2958280344468798,0.343726210864045,0.2109870154172943,0.4477213429806011,0.43729476805204043,0.4087405812710556,0.41077276014944314,0.36177305766283857,0.4369852481596643,0.26521184258724734,0.17156455074509852,0.16636687989259288,0.19376494888187684,0.33652393227005023,0.25647020875070753,0.24346106111991056,0.28039752195455525,0.45035608567473095,0.45083991663414336,0.41277102288849526,0.42572746039449133,0.125616527048237,0.13713013717798414,0.11944640249811513,0.1766706219415938,0.15355945846330046,0.14368294462092004,0.14673960587239518,0.14763203342796263,1.0,1.0,0.587041871381481,0.999134431729038,0.9980261492584381,0.9989370794090601
2188.8336864,0.42706785105299416,0.41973511743874486,0.33970580839976494,0.17076015156465263,0.1464265071268764,0.13655531960537853,0.08937347989804405,0.08568386648575992,0.44549226308311785,0.4654624952268952,0.4538321886380746,0.44903222707441737,0.2735259586144685,0.2578437869218457,0.31070090983992804,0.3213404375860281,0.15303024697677753,0.293156276810747,0.34021447166988683,0.20967458653263085,0.4391372338441077,0.4319068588986588,0.40041098804135405,0.4046334937040338,0.35746421942565243,0.42876571611799247,0.2614527194777967,0.16970706296629637,0.1633520505921572,0.19179738082173156,0.32747490677843666,0.2491805889896922,0.23580299818159736,0.2721941262160432,0.4489217838540253,0.448734760965261,0.4105687957839718,0.42442423620322595,0.12284340702335138,0.13406831721914853,0.11662169913749884,0.17349758021015402,0.14836076607801033,0.13871503962165105,0.1412211968310226,0.14222499362455462,1.0,1.0,0.5857204342951495,1.0,0.9978768566593756,0.9988289125116678
2198.00643675,0.4182745151235828,0.4120342980237755,0.3331702168793812,0.16745759089932716,0.1453860857297658,0.1352508818293223,0.08839794934339225,0.0852902197936611,0.4441836781299982,0.46322959703829686,0.4525452698533961,0.44742553205390423,0.27259349773994446,0.25702832620608257,0.31011745501937504,0.32073401239582644,0.15174086783941726,0.29090640150751446,0.3367963789589845,0.20805856397066722,0.4306129224594136,0.426422215847726,0.3921759946048647,0.3986983064853765,0.35333096610559844,0.4201001579978099,0.25776271107539667,0.16814071015436574,0.16047650201043473,0.18956221469024742,0.32088880693705396,0.24383582682691873,0.2303416330202645,0.26615369443802417,0.44690105025725035,0.4469198326217334,0.40856268850155736,0.4225214017033429,0.11964744297770383,0.13068491088534262,0.11364714338119285,0.17009294532291808,0.14296485206388804,0.13346906204088524,0.13579084086341645,0.13656699347296805,0.9999657778958236,0.9999399546868077,0.5848710392806905,0.9991352567836217,0.99762027776756,0.9987397346833915
2207.20587807,0.4108262371621482,0.4049609817096332,0.3267100828977092,0.16437855897448966,0.14468318070371083,0.13435388946708307,0.08766375105818737,0.08471518898436864,0.44286059888004536,0.4619778354800339,0.45091258056568206,0.44650433917726007,0.2718660496173989,0.256338048543913,0.3095106370138502,0.32037898303735074,0.15054884412186229,0.2884867074733259,0.3332128446716751,0.2067246838249478,0.42455185828370096,0.4217896318612868,0.38506990282740666,0.3941221295426752,0.3496476060482173,0.41246435753859395,0.2549934216683233,0.1668438556802844,0.15834571345278778,0.18789353255436966,0.318990859118372,0.24238328775991186,0.228539223375903,0.26403839463536377,0.44550655268829453,0.4450971432013794,0.40727016567448704,0.4206352763066241,0.11708367677532695,0.128128611563841,0.11170567739294487,0.16726313618115815,0.13843759114294998,0.12915849468289226,0.13120294941968588,0.1320896698251531,0.9992652445753465,1.0,0.5843952861285544,0.9980934019934372,0.9972269568290104,0.998776505323641
2216.43201972,0.40914563880222254,0.40218875512711505,0.32232216939316494,0.1628643561456787,0.1440461142732492,0.1335880676350456,0.08672629962254845,0.08418687377689163,0.44232771174696145,0.46141548628563905,0.45028741775852227,0.44528321429324813,0.27185387594267024,0.2561685899506324,0.30911312051435097,0.3202739777685202,0.14949571653533858,0.28646713905627424,0.3303528690621037,0.20566048262756256,0.4203497584277753,0.41980322095336536,0.3809533188986786,0.3910048139518821,0.347426789296767,0.4085167794380624,0.2531138135723372,0.1661135726307304,0.15692847478999025,0.1867938409054166,0.3222408457129862,0.24503563998279157,0.2307279335536928,0.26683430135345987,0.44365825411266246,0.4435676483753979,0.40619404978241797,0.4194827829170864,0.11775676219721674,0.1290204224822192,0.11228265618085448,0.16827510441737184,0.1362609502592455,0.1269840806588748,0.12853793838138097,0.1294476556311657,0.9998864725858279,1.0,0.5839904296392608,0.998629500253255,0.9981995885165872,0.998091192251872
2225.68487077,0.4093682662985452,0.4024375022975046,0.3195085030496405,0.1628304793280488,0.14368288834379273,0.1330569483958146,0.0858445436460002,0.08403510579881189,0.44116207981905403,0.4610314455242617,0.44915121275507264,0.4448419240865694,0.27166683555720067,0.25579795223496904,0.30907865091418874,0.3196940972769662,0.14876851429100377,0.2855993453300307,0.3294937307656777,0.20512363067396083,0.41985530018474226,0.41918335964796904,0.381101012267547,0.3903401118917178,0.34729249049224664,0.40857516918687226,0.2511296382849843,0.16488197351223954,0.1555099629990208,0.1853416316437836,0.3268415180245334,0.24897031155830923,0.23399464764989455,0.2711164254844546,0.44264882221505514,0.44227290437995387,0.4058422661762588,0.418905938122886,0.1195445096488708,0.1308092420589523,0.11410412102866718,0.17051133189020878,0.1360396660395217,0.12693744994205772,0.1281581784913012,0.12910647869493888,0.9999114839402855,1.0,0.5843178371207198,0.9985014604811406,0.9979923828942703,0.9979587776667156
2234.96443997,0.40724676571039464,0.4028642422559349,0.31763505187592994,0.16379015180067535,0.14331185129254903,0.13277445090359374,0.08530761271013874,0.08388124578057501,0.44010507874194005,0.4590953428298508,0.44820384736528707,0.4434914399291713,0.2719626726901293,0.25612004455562476,0.3093064882747185,0.31947237402076134,0.1481056786653237,0.28575294343984636,0.3292547458283322,0.20553284845905215,0.4204232659468894,0.42062699642336254,0.3827483997640858,0.3903165400519006,0.34800143398551214,0.41045612006319426,0.24858563266817563,0.1637673363045768,0.15371700376636047,0.18346266066254338,0.32996215293392195,0.2519611857908847,0.23650053423871617,0.273693725414177,0.441820972137989,0.4412762275015857,0.40519750214956957,0.4186215895635758,0.12098868242384295,0.13212293944736853,0.11521963705237302,0.17178986413623623,0.137353271203891,0.12856383904774793,0.13001795471822392,0.13097256423925774,1.0,1.0,0.5850762693627486,0.9987415651985206,0.9978462431040684,0.9977899343419596
2244.27015399,0.4031886321330314,0.40253754364508926,0.3152725430436785,0.16497126099849774,0.14327136870614637,0.1324522274896294,0.08487930206526416,0.0839836859795511,0.43855225930308966,0.45720124785833255,0.4461657612493507,0.442107229239031,0.2722780798376769,0.2568805987699722,0.3096203715594235,0.31963177429695777,0.14726728572633255,0.285529328324985,0.3281865065000865,0.20609472218334696,0.42124335196946766,0.42126573249045945,0.38393479008905407,0.38980905408123895,0.34776496851573996,0.41165049967494693,0.24592266646259253,0.1619151291397182,0.15140498383800896,0.18134044646196032,0.33239797997382126,0.2543891700256375,0.23834165926619463,0.2749927218069454,0.44150371542222594,0.44040045107109466,0.40503202613350126,0.41849924755928897,0.12162180553517705,0.1326669694944657,0.1152668054057983,0.17243541278896068,0.13897282286894938,0.13077949390659024,0.13230745950165512,0.13322668039245106,1.0,1.0,0.585986201467712,0.9978861695319706,0.9967923754912189,0.9976926056496955
2253.60010501,0.3999179856621868,0.40150582162999454,0.3127180647113999,0.16637563881514236,0.14309782114860198,0.13223788007034787,0.08463607264334586,0.08434790284848728,0.43664640961068657,0.45481612957959344,0.4442039502085708,0.43988976847846745,0.2726408857414847,0.2573394347289205,0.31016655363265355,0.3203456210422015,0.14643284122824826,0.2850796784634162,0.3263429495259938,0.20638220456911194,0.4213487056786139,0.42162216901246696,0.3842422970844406,0.38988720791651094,0.34779007912067417,0.41186556531702995,0.24273965819636764,0.1597951061987242,0.14840397738570493,0.17873490932476166,0.3340146149488079,0.2562581106308887,0.23952130519177015,0.2757592291757584,0.4413824579027493,0.4400668491706926,0.4046338555720209,0.4185624099588262,0.12125518942662226,0.13279232601527438,0.11428657525253483,0.17252402285147858,0.14057376362098883,0.1326000271156782,0.1342889634696385,0.13501891907343486,1.0,0.9995798032745782,0.5866001671760364,0.9984695606708567,0.9966631599502161,0.9981506951033465
2262.95428072,0.39807496922687,0.4007546299869824,0.31179065203197,0.16812794852242707,0.14305711537641494,0.13217176979673215,0.08437556295862406,0.08483896030931615,0.4338069597890802,0.4522433632508061,0.44094513342981845,0.43721252456132476,0.27340039902724145,0.25814461216449136,0.3106544511477121,0.3214009535325172,0.1460809690628573,0.283930775983455,0.32466750547886103,0.20542926438783113,0.42188970039461143,0.42168131020328087,0.38476942764616223,0.3896838470588033,0.3482669796284709,0.4127891183455193,0.23808514632441885,0.1574561002684204,0.14473713612015285,0.17549198443895503,0.33453047078554315,0.2570372102938097,0.2403103363589597,0.2754459350228466,0.441620924538403,0.44002887416890224,0.403903979106128,0.4188692117288147,0.12034647489031672,0.13213169341453504,0.1131697989748673,0.17183491016466557,0.1419585660554253,0.13402358934061379,0.13646933215239418,0.13710464639207867,1.0,0.9996335199622685,0.5877100820608233,0.9985466486119995,0.9973448308673748,0.9974675099184335
2272.33266852,0.3959315402452652,0.3997845036785522,0.31041006203359556,0.1694486589414196,0.14300425947158998,0.13174530929137734,0.08393400499134572,0.08522180006808427,0.42948787764107915,0.44805439958017806,0.43643428874773,0.43298170579979944,0.27381502790200823,0.25809847545860104,0.31119494203120723,0.3220736757429465,0.14597440466093992,0.28333431348788535,0.32356649895303513,0.2051973305594314,0.42272886135183785,0.421855425454791,0.38546491266962324,0.3895214015112862,0.349054552317698,0.4140484478790712,0.2323338319307361,0.1546785576655713,0.14064994940941022,0.17157270283099396,0.3336066289982946,0.25696535301694384,0.23978321923061968,0.2743783547160613,0.44114322942749334,0.4388312991619075,0.4027870700479871,0.41820116918082917,0.11902358858798841,0.13040961368524287,0.11149916527121893,0.17052492974509909,0.1434863801128232,0.13556081476313211,0.13883459673388554,0.13903263137137525,1.0,0.9999861537961177,0.5903365816955383,0.9990639166050223,0.996130848507506,0.9966325666864836
2281.73525558,0.39242871657234474,0.39699847145323464,0.3081060759785102,0.16975798919253834,0.14285622322525923,0.13121841843261076,0.08378885115855701,0.08541566412946006,0.4237923289858707,0.44227481891257586,0.43043496729377245,0.4271734964410347,0.27431165279316044,0.258480062997706,0.3112393068083937,0.3225501496715285,0.14579261735063417,0.2831991480857994,0.3227055991318877,0.20591295001040127,0.42186425842725145,0.4227559702030699,0.38643551092215445,0.3897040420891958,0.3494789982258763,0.41500159511375145,0.22619137462909086,0.15108941704746598,0.1365260290669917,0.16681866250921135,0.33135783383142575,0.2561246711981031,0.23872903400775258,0.2725584102386867,0.4391565941897753,0.43726290694606745,0.40175179623204293,0.41638361224867965,0.1175365947593594,0.12886182162149723,0.10952808683070275,0.16893221161106783,0.14470054170350197,0.13684728433744162,0.140240903818821,0.1398097527447972,1.0,0.9999569907580422,0.5915248228844673,0.9993379364524874,0.9967073626128812,0.9956502596323108
2291.16202877,0.38717044413362084,0.3915621147854431,0.3038512790254241,0.16896261277389207,0.14249949423801123,0.1311172178360681,0.08395672804956868,0.0855985602710172,0.41753284639739,0.4349330631606537,0.4234752348129045,0.4201135058415921,0.27445438069567973,0.2587360061531422,0.3116914707971917,0.3231475059633377,0.1456070535795755,0.28282421520711976,0.3211258091461695,0.20657964827163233,0.41948475102318644,0.42259613065980217,0.38593893538642593,0.3881172869161226,0.3482705954339966,0.4141409506733801,0.22072099654983218,0.1480720972732958,0.1328523952099995,0.16274369089223406,0.3287819382917164,0.2543135048020976,0.23650836000263223,0.26979965571560655,0.4376395107215283,0.43648513859550325,0.40101801464949133,0.4142767312953212,0.11556070346705324,0.1266825970858525,0.10753610903943335,0.166688377313234,0.14462308975651458,0.13657742603105746,0.14013619940508698,0.13946471719435405,1.0,1.0,0.594070670552509,0.9991152793411165,0.9962623222290099,0.996699748907373
2300.61297471,0.37931887573851475,0.3841791806817486,0.2987400015894055,0.16730220087612124,0.14311308139269233,0.13139556519250345,0.08403285915836003,0.08605163090056418,0.41171827345324785,0.4287586132111334,0.41757813072081124,0.41426747180877144,0.2751066257659028,0.25896242429137295,0.3120357118296509,0.323652481965751,0.14568476978679873,0.281815604766699,0.31927149792188686,0.2071514676414647,0.41496673755114966,0.4212249160947975,0.38430352291357794,0.38618692845304703,0.34655325557347744,0.412448886300444,0.21721638071165875,0.14600307858499653,0.13000155411421552,0.16034559468951015,0.3257737943380075,0.2516389681463682,0.2336887875331845,0.26692039304866866,0.43636067943561035,0.4355098932427977,0.39974160467331293,0.4136920156617224,0.11327187360038403,0.1241778031290327,0.10564801359808423,0.1642723626597627,0.14328049728889067,0.1355801673046412,0.1382341857532325,0.13808042898984685,1.0,1.0,0.5966077774603823,0.9976512079595785,0.9951468727762445,0.9951579424329144
2310.08279923,0.3703497869462646,0.3752775599038208,0.2927690104627054,0.1644261898767156,0.143529644521683,0.131624815865491,0.08417561375097844,0.08691672905378132,0.4069305308770917,0.4232691228770263,0.4128168359329755,0.4095997047531566,0.27573034223366566,0.2592904353108121,0.31228704883853337,0.32352385298847236,0.14574685040740698,0.2803825233137427,0.317198133891326,0.20734116412056985,0.4104493334663546,0.4189462725142957,0.3813281493345733,0.38422095096757214,0.3451200576127958,0.40922947266313925,0.21534881458210872,0.1449382656492825,0.12859697017115013,0.15793016245312716,0.32159467608647857,0.2486956817134022,0.23027037106907505,0.2633349705699582,0.43575684048800667,0.4343639353648769,0.3992523908904661,0.41309800599297547,0.11172334860247987,0.12240013869861993,0.10400298075761712,0.16269137461726538,0.1401595468088361,0.1329108729507299,0.13535350676514013,0.13476662988100213,1.0,1.0,0.5980628452353007,0.9971520473674053,0.9965121906408582,0.9960503267640166
2319.55711841,0.36129837554563715,0.3653754298559803,0.2854303164030545,0.16101071130169003,0.14426069064003846,0.13188915337678858,0.08423102421466797,0.08830006465755355,0.40369639818214287,0.4192044932880931,0.4088649078730001,0.4054341607473653,0.2762544114817071,0.2594036326281162,0.31194417276924663,0.3237472611540674,0.14532040758924727,0.2788055580640909,0.3145709378858345,0.20683693776797824,0.4054902700693863,0.41675070618248944,0.3780624992913288,0.3823305996250218,0.3433595344962918,0.4058565711592306,0.21421539136564136,0.14458493101086728,0.12775879608689839,0.15596300362001367,0.3164395941039944,0.24518455279950796,0.22631647568004912,0.2591770504242473,0.4352368740425312,0.4345716125991573,0.3991829897240403,0.41290100033286736,0.1102852745589906,0.12159991172415632,0.10301020151872724,0.16160441225077152,0.13617075117358501,0.1299570355360273,0.13188207690367035,0.13092284935486512,1.0,1.0,0.5996866722181469,0.9973609296853642,0.9948918634376978,0.9959384896671585
2329.03590187,0.3525378263543452,0.3556611682692739,0.2783066670718576,0.15733734787365525,0.14473587741515104,0.13224890623103575,0.08424068594421351,0.08917470746294644,0.4035346074945924,0.4182351901764726,0.40800121743687806,0.40497915033768944,0.2771028220131755,0.2601996554074008,0.31214696170314254,0.32425160822867083,0.14542275064980095,0.27816810807500353,0.31203687540857894,0.2068925976694086,0.4018978171160496,0.4143910863976761,0.37440292313097556,0.37995037089023337,0.3425634025835853,0.4020338092747688,0.21264759356506907,0.1445847797423095,0.126563241813503,0.15465587905190029,0.31113597206453397,0.2411647428217239,0.2227201293472251,0.2547400584500263,0.4353089841029558,0.43477733395688056,0.39951748639313556,0.4128690424496778,0.10879676109004234,0.1209504246306222,0.10265328237805947,0.1606164181144334,0.13297723726863372,0.1272067467684268,0.1281045549580625,0.12735475716356948,1.0,1.0,0.5998175389852702,0.9965409377898206,0.9955428102157816,0.9949370919841118
2338.51911953,0.3450657745983303,0.34630474408671613,0.2727730158076775,0.15452602032932833,0.145046690653503,0.13236674668079174,0.08477834129329552,0.08951156249689732,0.4063072577909326,0.42105496233117334,0.41068760132319737,0.40714869924491964,0.27827325935864605,0.26032961002568594,0.3121051948438269,0.3246315111558214,0.14551249941996697,0.2771054344170737,0.3091059717571001,0.20754456210954025,0.3993663636755366,0.4132192265556886,0.37082192981604284,0.37850100095470623,0.34172042259521873,0.3986995901343381,0.21047285214056027,0.14411084950094008,0.12516121000694957,0.15384051400276227,0.306062471772494,0.23748405519707336,0.21833784408898235,0.2502214542193483,0.43641444552936287,0.43527812861534537,0.4001736071426465,0.4137402023040105,0.10819191587348972,0.11914155067530421,0.10141528312031717,0.15923908837198522,0.1300986900261208,0.12445828434931415,0.1252218463531789,0.12443082580413106,0.9994591338731525,1.0,0.6018191417310027,0.9969306098390742,0.9955239424866339,0.9959746333923212
2348.0067416,0.34028076648049177,0.3401512464162745,0.269827400582649,0.152150397521523,0.14565117879445375,0.1325896754077334,0.084876485242074,0.08940038846599378,0.4096619959049463,0.424668452717886,0.4142543820565793,0.41094378950301014,0.2786922461506457,0.25995140616972234,0.3133946057901315,0.32510678663830445,0.14570876344949057,0.2750736172912086,0.3069728906734589,0.20789452966414315,0.39780869960444587,0.41258752989427866,0.3666022905671382,0.37628552581536207,0.34083015624263285,0.3952208401599843,0.20786375828447298,0.14294289741604085,0.12345569213594108,0.15231999692464354,0.30109623409882086,0.23402537354613678,0.2144696905849527,0.24626922193719783,0.4379229009059047,0.4355335528014863,0.4007782651837268,0.4143683383577746,0.10818705664281232,0.11756097033494722,0.10068573451296378,0.15807760308899482,0.12821143444628305,0.12235189050804876,0.12386739545682504,0.12214362394349862,0.9991808450153473,0.9988262085891102,0.6044671410466984,0.9956468961719708,0.9959491676789409,0.9962477178572783
2357.49873856,0.33986959571229614,0.33634115833476874,0.26877093749000974,0.15124873727612795,0.14619138480323832,0.13328675582347738,0.08508702791302503,0.08963624994178201,0.41129327538556837,0.42740151728278714,0.41585193263942816,0.41171707143181563,0.2785687913335483,0.25934739943453444,0.3136932522622059,0.3248778918498453,0.14531609081650945,0.27217895595235453,0.3029370135602358,0.20703008876075596,0.3960393989812295,0.4108492983097041,0.36238845501537403,0.374002438358273,0.3396731595560622,0.39006810682571863,0.2058219262649441,0.14187450705195984,0.122806100597016,0.1505640695071115,0.29659304210876064,0.2307886124039023,0.21198407892031323,0.242579907247635,0.4374254436774834,0.43506014817489386,0.4002763488608979,0.41469638150705607,0.10844390555230397,0.11665956688986717,0.1007061040676428,0.15758182852755423,0.12822774148199598,0.12114256273921442,0.12289997957369297,0.12157444978502169,1.0,0.9989871494375906,0.6058934398143837,0.9971277279683327,0.9974728235007643,0.9972806269149928
2366.9950812,0.34097073049377435,0.33373781472551445,0.2676194151631595,0.15101491252388446,0.14739838106229877,0.13422005951768473,0.08497441099960136,0.08955913530191198,0.4105579001373665,0.42654234249461925,0.4163376495886445,0.4116171995142965,0.2783777434086392,0.2585220527296735,0.31303436862027956,0.3254379031826048,0.1441481664071186,0.26894736370333455,0.29827020012295186,0.20603833494030144,0.392997061760297,0.40664023191112253,0.3558593295971773,0.37144415194096214,0.3367747501791014,0.382840961567189,0.2032802793957338,0.14077205470977872,0.12114856200428044,0.1482140279609922,0.2934979605168836,0.22820169742491986,0.2087864733486429,0.23929010872404965,0.4367964046083968,0.4336862326623693,0.3993957087566807,0.41447940182663745,0.10806254813830689,0.11637490807380083,0.09993180490693912,0.1578628289738902,0.12938745558913514,0.12136810192825147,0.12277437797086763,0.12285695606470183,1.0,0.9991942277254608,0.6067187376292716,0.9970738401790774,0.9966062832032608,0.9968848988291786
2376.49574055,0.342339417890692,0.33089129353028507,0.2668168488761145,0.15025026959104498,0.14818811382410202,0.13398703819958308,0.08461129576355783,0.08941975231314757,0.4085947506614413,0.4250721630255811,0.4147444440833776,0.40923565414041724,0.2777329813949044,0.2580069650492153,0.31227796374976624,0.3254574983148215,0.14276368611292278,0.264870387909435,0.29253587454308166,0.20405970891817446,0.3871094882781886,0.4004182455948569,0.34737080373642565,0.36653390394836544,0.3332561621506797,0.3741372686733168,0.2004000072044462,0.13911743345224223,0.1192272735784499,0.14530135785856566,0.2892887704563183,0.22452379420641286,0.20501619658332096,0.2366347555942059,0.4358133933358338,0.4320865308879408,0.39803819346428104,0.41398250872426945,0.10802760422807772,0.11589908607855932,0.09931288589548048,0.15758287763094003,0.13064149139449924,0.12181496468608549,0.12308389415473522,0.12400138526844687,0.9995013164644241,0.9991403866922974,0.6079677255088984,0.9966491808576755,0.9952559574748259,0.9963669704820889
2386.00068793,0.34151092581869585,0.32748322509833594,0.26451563689996127,0.14922763863948005,0.14828163964247223,0.13313990265891296,0.08455431677789828,0.08961672029946291,0.4073411259093545,0.423986325559476,0.4131081654122178,0.4076827641227265,0.2775231772470868,0.2567166015464868,0.3118990508831045,0.3250558957516196,0.14175653032255917,0.26037031910074826,0.2855846952249204,0.2016777817177101,0.3798415046404118,0.3932110813714757,0.33693307384319265,0.36089827496891025,0.3285895233771196,0.3635447999931555,0.19695975189451992,0.13712146239566367,0.11753035577839778,0.14219676840648787,0.28516757443671104,0.2210444181439938,0.20082425619797778,0.23274561778610778,0.43402387708351436,0.43018391141914525,0.3960620424396647,0.41161202166294913,0.10771791823276494,0.11574448135161329,0.0987500495449986,0.15681514334137403,0.13048246209765998,0.12126230842439827,0.12335685100839076,0.12406032185853126,0.9977085855060377,0.9987676340762727,0.6087428704024535,0.9972873007072995,0.9951838196381587,0.995886627723701
2395.50989495,0.3401424167697897,0.323339661545854,0.2613813816443232,0.1479625087763616,0.14777491073702503,0.13256989063702437,0.0841511776554479,0.09011053466554741,0.4068860015335192,0.4226066898406895,0.41324561866488646,0.4079007011795692,0.277583013848361,0.2551974016955652,0.31041104828773847,0.32460652846989774,0.14157044148875714,0.2558973862968443,0.2782457573058974,0.19902674373410856,0.3716474440939956,0.3834749452915895,0.32490962042772925,0.353901509099607,0.323016589086846,0.3513862283074322,0.19398111305174912,0.13475183981447253,0.11537913607548039,0.13964416995530457,0.28137451299134975,0.21789890271766152,0.19726548708568123,0.2296563753634488,0.43097029677209614,0.4286453858497929,0.3944185985716715,0.40934827250303124,0.10711636953816252,0.11647123007876382,0.0985945492438049,0.15632160677187257,0.12948851077773224,0.12090006886278809,0.12233721703023964,0.1231349246465318,0.9985382804770552,1.0,0.6098718430542148,0.9968192807010294,0.994880642913115,0.9939576378117673
2405.02333345,0.3380502088716564,0.3184521263012183,0.2571675925382619,0.14629595663784764,0.14808202236701762,0.1333456671913849,0.08341140744804891,0.09044665522019626,0.4070258613476717,0.42212496170046254,0.41317402350233473,0.4081949660477291,0.27697828537666447,0.2538227283426078,0.30862303360613624,0.32381377412754025,0.1408380837227585,0.25107004366673863,0.2708019195841476,0.19685963984929286,0.3640091722852282,0.37481497572834493,0.31314862992348735,0.34601389301716573,0.31648172580026457,0.3385156130739483,0.19049315836135466,0.13214793347355738,0.11314515180886921,0.13708681551721416,0.27697626497946565,0.21468555657909796,0.19370673122581147,0.22608930515259765,0.42844427196586193,0.42716932457888085,0.3919048354793611,0.4073316694946782,0.10609464951584108,0.11622163840976761,0.0980494020807867,0.15587643698769454,0.12874016398327645,0.11966260725712907,0.12011578606953197,0.12100264529111183,0.9992795434437064,1.0,0.6091467329223105,0.9940191492156426,0.9945955646465613,0.9933927999692632
2414.54097557,0.3334919917316369,0.31183504979979054,0.2533765001252455,0.14453414710195353,0.14799997202371384,0.1345210577376575,0.0825456641460074,0.0905275076114459,0.40694891890982665,0.4222842917671013,0.41280989604380797,0.4075079254225355,0.27556396737063993,0.2527029201227482,0.3072658054089444,0.3218507288411857,0.13902716375271928,0.24749080728747289,0.26452433140305065,0.1946332542636605,0.35622541156701637,0.36725597840389157,0.3029786205821794,0.3389264232241924,0.31131492167881836,0.32743851161009996,0.18632352330173416,0.12954230984690748,0.1103222882824377,0.13489282320184204,0.2722036538278559,0.21028879754821098,0.19013147103402342,0.22213334905015286,0.42673102760295595,0.42513759245907223,0.3888240853665704,0.40629412742533205,0.10471063931920435,0.11494184053758648,0.09742412953293471,0.15471428722468974,0.1273566692151051,0.11704761601137575,0.11813069844745848,0.11858166568267373,1.0,1.0,0.6089545454383416,0.9949258120483353,0.9951376610215268,0.9937102592452909
2424.0627937,0.3292554701062683,0.3059991473825058,0.2486050034285157,0.14163311654303187,0.14813760098284917,0.1353056368210754,0.08189221807065734,0.08986920708199708,0.406982832518451,0.4206239687247273,0.4131574362896694,0.40747615721380726,0.27614382331706266,0.2511260277867203,0.3047673664347446,0.32074123623157336,0.13648418058344994,0.24454516286908565,0.25921939260495624,0.19281460078121754,0.34925398581867056,0.36002846110262543,0.29576248050084214,0.3341653426541891,0.3057701174090099,0.32015689941402165,0.18151493004402203,0.12772067715505533,0.10845618287835258,0.13291757039514804,0.2680560162199297,0.20544967996470348,0.18639999143648392,0.21870122765489433,0.4255945681521329,0.4237968093177661,0.38608024848289946,0.4033670249039975,0.10274162579694984,0.11320220790340765,0.0959534671853212,0.15328860861925073,0.12597648365032457,0.11342457416091709,0.11626830662471149,0.11657090576724673,0.9994080750736544,1.0,0.6091337141017701,0.9964597424503282,0.9940630670200566,0.9954516928987238
2433.58876046,0.3263530135964032,0.30060674552533284,0.2438668737592719,0.13829864291872673,0.1484254798706562,0.1356816092611213,0.08045829083487194,0.08985007400761554,0.40660843149435527,0.41968476367756136,0.4136357281990728,0.4064423556373626,0.2764973091024202,0.2499724210599763,0.303626356249855,0.31971575874531816,0.13428599801145777,0.2415287691889364,0.25402163398343525,0.1906764691804871,0.34327685045053574,0.3540865303974234,0.2892030325746466,0.32854562296034945,0.3010385456670426,0.3139804417008662,0.17775507423337153,0.12353740818943072,0.10697866257977398,0.1302736184723409,0.26417180106342847,0.2012276779134001,0.18198886303031284,0.2152834407038417,0.4242162795937645,0.4225705067911636,0.3858919178194105,0.40133325344626275,0.10062098489675299,0.11182584301971392,0.09541880543392241,0.15168082931968127,0.12398944819782617,0.11061541051780056,0.11353510555526612,0.11555948752519996,0.9992814679169902,1.0,0.6111241902777411,0.9961767496822812,0.9951570363671248,0.9980604676155632
2443.11884877,0.32235881698869295,0.29425180900823944,0.2399834446220339,0.13587303525953706,0.14945779324808417,0.1344937044825652,0.08117737269296232,0.08969285551746493,0.4044941972884204,0.4175722223929789,0.4119743482507101,0.403742413467862,0.2731865731143691,0.24777116854793343,0.30099445724073043,0.3186500240103237,0.13290626843659747,0.23863827483013528,0.2504052847364224,0.18870383708636648,0.3399945605150544,0.3497124899441142,0.2816183654076847,0.32363382754074527,0.2972390022993839,0.3063765644500416,0.17372947676428285,0.11909985567815387,0.10311582309528092,0.12677436196816913,0.2573350058979608,0.19835295053010452,0.1785165725211754,0.20985328591108102,0.42255816992997464,0.418437753175208,0.38472459114598456,0.3983104602509185,0.09942714106803033,0.10998797614632579,0.0936391187046498,0.15002936851482482,0.12173980008880678,0.10945435597508826,0.11004689419460721,0.11434754360420651,0.9988039832526263,1.0,0.6114687483283469,0.9953685292345468,0.9938600180970343,0.9948387675990016
2452.65303176,0.31537520399140084,0.2883380029305369,0.2384178231490937,0.13495814881508014,0.15023500244452248,0.13370865251036723,0.08268513261232496,0.08940175551401258,0.40198209033284604,0.4164537233907324,0.4080436520762096,0.40026435520079384,0.2696526400259342,0.24507524662401906,0.29698277583976584,0.31638863032150505,0.1304652910795881,0.2356223118599132,0.2469808332789116,0.18844760050736453,0.33558634874945065,0.34491703881662733,0.2743225324611582,0.32116192943378086,0.2940682511946614,0.30114009292470356,0.16881704555764107,0.11620627226928544,0.10042678665408933,0.12151674243835398,0.2520956694237103,0.19508951503842498,0.1750836328544911,0.20487070690943612,0.4192210581863791,0.41606566609163886,0.3825160559130874,0.3964234718872481,0.09868419214241139,0.10961023002188414,0.09147374419057218,0.14841571207320858,0.12061848269291828,0.10817492561516086,0.1081485300353236,0.11197150221401866,0.9999593369583424,1.0,0.613525689444124,0.9923166625820877,0.9951254803196402,0.9920720246089375
2462.19128285,0.3106900303006021,0.2825776067264001,0.2338548714200134,0.1347395859056999,0.15156152933018407,0.13378282560732566,0.08364030391915961,0.08833576224475849,0.3987459445409002,0.41306195599145895,0.40569250943732327,0.3985898949507828,0.2687028642586872,0.24296227665920378,0.29496137161454256,0.31431601053524966,0.13032622691613502,0.23229057105205497,0.24057451832872676,0.18839580304287115,0.33190095592251323,0.34200559664320046,0.26768957432128415,0.3172439287245329,0.28966972913997396,0.29615138764903826,0.16487890402214941,0.11292873724675032,0.09710904706413945,0.1161901893746011,0.24804178194663554,0.1916512406655764,0.1722104947062011,0.19962001218227693,0.4160442480573745,0.41304373510175185,0.3806558050180085,0.39461492837071255,0.0988251199446258,0.10935702835648767,0.08914274797321127,0.1460584667772145,0.12032965868845268,0.10766505828166319,0.10745411978513367,0.11075695925682272,0.999826542931054,1.0,0.614488183479892,0.9914718598860829,0.9949429671444571,0.992775567574132
2471.73357568,0.3051607553750779,0.27817803129872815,0.22880959310095492,0.13419812719383006,0.15084882708475758,0.13512169671309227,0.08367181960167258,0.08654691418101773,0.3961980901629657,0.4117354463784931,0.402285563719315,0.39696495204535326,0.2702098576850565,0.24235338989588592,0.2956486300566993,0.3114216840920589,0.12929803450711178,0.23104281638168322,0.23544237055893527,0.18682794911413733,0.33012052619975385,0.3391967672339932,0.26347645959365323,0.3122227977963458,0.28706578556167783,0.2922832732685077,0.16179650984612962,0.1094888484207967,0.0948662334005546,0.11107158180765891,0.24482826852500006,0.18922700003355952,0.17031803376403898,0.19719761534422706,0.4148067963092567,0.4099297127853323,0.3767926494860819,0.39278092780007706,0.09900348948755683,0.1069563053619422,0.08843189602614342,0.14605401838273654,0.11933428410835999,0.1075175559808024,0.10771742036454054,0.11072549819950392,0.9999867783804668,1.0,0.6146163312309537,0.9924339103071198,0.9944559309095763,0.9950190139312376
2481.27988414,,,,,,,,,,,,,,,,,,,,,,,,,,,,,,,,,,,,,,,,,,,,,,,,,,,,
2490.83018234,,,,,,,,,,,,,,,,,,,,,,,,,,,,,,,,,,,,,,,,,,,,,,,,,,,,
2500.38444467,,,,,,,,,,,,,,,,,,,,,,,,,,,,,,,,,,,,,,,,,,,,,,,,,,,,
