,10_Otago_00001 10_otago,10_Otago_00002 10_otago,10_Otago_00003 10_otago,10_Otago_00004 10_otago,11_Iceland_00001 11_iceland,11_Iceland_00002 11_iceland,11_Iceland_00003 11_iceland,11_Iceland_00004 11_iceland,15_Oxia_Sophia_00001 15_oxia_sophia,15_Oxia_Sophia_00002 15_oxia_sophia,15_Oxia_Sophia_00003 15_oxia_sophia,15_Oxia_Sophia_00004 15_oxia_sophia,2_Atacama_Red_00001 2_atacama_red,2_Atacama_Red_00002 2_atacama_red,2_Atacama_Red_00003 2_atacama_red,2_Atacama_Red_00004 2_atacama_red,3_Sabtha_00001 3_sabtha,3_Sabtha_00002 3_sabtha,3_Sabtha_00003 3_sabtha,3_Sabtha_00004 3_sabtha,4_Watchet_Bay_00001 4_watchet_bay,4_Watchet_Bay_00002 4_watchet_bay,4_Watchet_Bay_00003 4_watchet_bay,4_Watchet_Bay_00004 4_watchet_bay,4_Watchet_Bay_00005 4_watchet_bay,4_Watchet_Bay_00006 4_watchet_bay,5_Granby_00001 5_granby,5_Granby_00002 5_granby,5_Granby_00003 5_granby,5_Granby_00004 5_granby,6_Hydrothermal_Clay_00001 6_hydrothermal_clay,6_Hydrothermal_Clay_00002 6_hydrothermal_clay,6_Hydrothermal_Clay_00003 6_hydrothermal_clay,6_Hydrothermal_Clay_00004 6_hydrothermal_clay,7_Oxia_Teresa_00001 7_oxia_teresa,7_Oxia_Teresa_00002 7_oxia_teresa,7_Oxia_Teresa_00003 7_oxia_teresa,7_Oxia_Teresa_00004 7_oxia_teresa,8_Mudstone_00001 8_mudstone,8_Mudstone_00002 8_mudstone,8_Mudstone_00003 8_mudstone,8_Mudstone_00004 8_mudstone,9_Congo_00001 9_congo,9_Congo_00002 9_congo,9_Congo_00003 9_congo,9_Congo_00004 9_congo,00001 Standard,00002 Standard,00003 Standard,Standard_retest_00001 Standard_retest,Standard_retest_00002 Standard_retest,Standard_retest_00003 Standard_retest
Category,samples,samples,samples,samples,samples,samples,samples,samples,samples,samples,samples,samples,samples,samples,samples,samples,samples,samples,samples,samples,samples,samples,samples,samples,samples,samples,samples,samples,samples,samples,samples,samples,samples,samples,samples,samples,samples,samples,samples,samples,samples,samples,samples,samples,samples,samples,standards,standards,standards,standards,standards,standards
Sample ID,10_Otago_00001,10_Otago_00002,10_Otago_00003,10_Otago_00004,11_Iceland_00001,11_Iceland_00002,11_Iceland_00003,11_Iceland_00004,15_Oxia_Sophia_00001,15_Oxia_Sophia_00002,15_Oxia_Sophia_00003,15_Oxia_Sophia_00004,2_Atacama_Red_00001,2_Atacama_Red_00002,2_Atacama_Red_00003,2_Atacama_Red_00004,3_Sabtha_00001,3_Sabtha_00002,3_Sabtha_00003,3_Sabtha_00004,4_Watchet_Bay_00001,4_Watchet_Bay_00002,4_Watchet_Bay_00003,4_Watchet_Bay_00004,4_Watchet_Bay_00005,4_Watchet_Bay_00006,5_Granby_00001,5_Granby_00002,5_Granby_00003,5_Granby_00004,6_Hydrothermal_Clay_00001,6_Hydrothermal_Clay_00002,6_Hydrothermal_Clay_00003,6_Hydrothermal_Clay_00004,7_Oxia_Teresa_00001,7_Oxia_Teresa_00002,7_Oxia_Teresa_00003,7_Oxia_Teresa_00004,8_Mudstone_00001,8_Mudstone_00002,8_Mudstone_00003,8_Mudstone_00004,9_Congo_00001,9_Congo_00002,9_Congo_00003,9_Congo_00004,Standard_00001,Standard_00002,Standard_00003,Standard_retest_00001,Standard_retest_00002,Standard_retest_00003
Species,10_otago,10_otago,10_otago,10_otago,11_iceland,11_iceland,11_iceland,11_iceland,15_oxia_sophia,15_oxia_sophia,15_oxia_sophia,15_oxia_sophia,2_atacama_red,2_atacama_red,2_atacama_red,2_atacama_red,3_sabtha,3_sabtha,3_sabtha,3_sabtha,4_watchet_bay,4_watchet_bay,4_watchet_bay,4_watchet_bay,4_watchet_bay,4_watchet_bay,5_granby,5_granby,5_granby,5_granby,6_hydrothermal_clay,6_hydrothermal_clay,6_hydrothermal_clay,6_hydrothermal_clay,7_oxia_teresa,7_oxia_teresa,7_oxia_teresa,7_oxia_teresa,8_mudstone,8_mudstone,8_mudstone,8_mudstone,9_congo,9_congo,9_congo,9_congo,standard,standard,standard,standard_retest,standard_retest,standard_retest
Subgroup,10_Otago,10_Otago,10_Otago,10_Otago,11_Iceland,11_Iceland,11_Iceland,11_Iceland,15_Oxia_Sophia,15_Oxia_Sophia,15_Oxia_Sophia,15_Oxia_Sophia,2_Atacama_Red,2_Atacama_Red,2_Atacama_Red,2_Atacama_Red,3_Sabtha,3_Sabtha,3_Sabtha,3_Sabtha,4_Watchet_Bay,4_Watchet_Bay,4_Watchet_Bay,4_Watchet_Bay,4_Watchet_Bay,4_Watchet_Bay,5_Granby,5_Granby,5_Granby,5_Granby,6_Hydrothermal_Clay,6_Hydrothermal_Clay,6_Hydrothermal_Clay,6_Hydrothermal_Clay,7_Oxia_Teresa,7_Oxia_Teresa,7_Oxia_Teresa,7_Oxia_Teresa,8_Mudstone,8_Mudstone,8_Mudstone,8_Mudstone,9_Congo,9_Congo,9_Congo,9_Congo,Standard,Standard,Standard,Standard_retest,Standard_retest,Standard_retest
Group,10_Otago,10_Otago,10_Otago,10_Otago,11_Iceland,11_Iceland,11_Iceland,11_Iceland,15_Oxia_Sophia,15_Oxia_Sophia,15_Oxia_Sophia,15_Oxia_Sophia,2_Atacama_Red,2_Atacama_Red,2_Atacama_Red,2_Atacama_Red,3_Sabtha,3_Sabtha,3_Sabtha,3_Sabtha,4_Watchet_Bay,4_Watchet_Bay,4_Watchet_Bay,4_Watchet_Bay,4_Watchet_Bay,4_Watchet_Bay,5_Granby,5_Granby,5_Granby,5_Granby,6_Hydrothermal_Clay,6_Hydrothermal_Clay,6_Hydrothermal_Clay,6_Hydrothermal_Clay,7_Oxia_Teresa,7_Oxia_Teresa,7_Oxia_Teresa,7_Oxia_Teresa,8_Mudstone,8_Mudstone,8_Mudstone,8_Mudstone,9_Congo,9_Congo,9_Congo,9_Congo,Standard,Standard,Standard,Standard_retest,Standard_retest,Standard_retest
Library,EXM_MRS,EXM_MRS,EXM_MRS,EXM_MRS,EXM_MRS,EXM_MRS,EXM_MRS,EXM_MRS,EXM_MRS,EXM_MRS,EXM_MRS,EXM_MRS,EXM_MRS,EXM_MRS,EXM_MRS,EXM_MRS,EXM_MRS,EXM_MRS,EXM_MRS,EXM_MRS,EXM_MRS,EXM_MRS,EXM_MRS,EXM_MRS,EXM_MRS,EXM_MRS,EXM_MRS,EXM_MRS,EXM_MRS,EXM_MRS,EXM_MRS,EXM_MRS,EXM_MRS,EXM_MRS,EXM_MRS,EXM_MRS,EXM_MRS,EXM_MRS,EXM_MRS,EXM_MRS,EXM_MRS,EXM_MRS,EXM_MRS,EXM_MRS,EXM_MRS,EXM_MRS,EXM_MRS,EXM_MRS,EXM_MRS,EXM_MRS,EXM_MRS,EXM_MRS
Sample Description,Sample 10,Sample 10,Sample 10,Sample 10,Sample 11,Sample 11,Sample 11,Sample 11,Sample 15,Sample 15,Sample 15,Sample 15,Sample 2,Sample 2,Sample 2,Sample 2,Sample 3,Sample 3,Sample 3,Sample 3,Sample 4,Sample 4,Sample 4,Sample 4,Sample 4,Sample 4,Sample 5,Sample 5,Sample 5,Sample 5,Sample 6,Sample 6,Sample 6,Sample 6,Sample 7,Sample 7,Sample 7,Sample 7,Sample 8,Sample 8,Sample 8,Sample 8,Sample 9,Sample 9,Sample 9,Sample 9,spectralon only,Setup,Setup + Grey,Spectralon Std retest,Spectralon Std retest,Spectralon Std retest
Date Added,"02/20/2024,02/20/2024","02/20/2024,02/20/2024","02/20/2024,02/20/2024","02/20/2024,02/20/2024","02/20/2024,02/20/2024","02/20/2024,02/20/2024","02/20/2024,02/20/2024","02/20/2024,02/20/2024","02/20/2024,02/20/2024","02/20/2024,02/20/2024","02/20/2024,02/20/2024","02/20/2024,02/20/2024","02/20/2024,02/20/2024","02/20/2024,02/20/2024","02/20/2024,02/20/2024","02/20/2024,02/20/2024","02/20/2024,02/20/2024","02/20/2024,02/20/2024","02/20/2024,02/20/2024","02/20/2024,02/20/2024","02/20/2024,02/20/2024","02/20/2024,02/20/2024","02/20/2024,02/20/2024","02/20/2024,02/20/2024","02/20/2024,02/20/2024","02/20/2024,02/20/2024","02/20/2024,02/20/2024","02/20/2024,02/20/2024","02/20/2024,02/20/2024","02/20/2024,02/20/2024","02/20/2024,02/20/2024","02/20/2024,02/20/2024","02/20/2024,02/20/2024","02/20/2024,02/20/2024","02/20/2024,02/20/2024","02/20/2024,02/20/2024","02/20/2024,02/20/2024","02/20/2024,02/20/2024","02/20/2024,02/20/2024","02/20/2024,02/20/2024","02/20/2024,02/20/2024","02/20/2024,02/20/2024","02/20/2024,02/20/2024","02/20/2024,02/20/2024","02/20/2024,02/20/2024","02/20/2024,02/20/2024","02/20/2024,02/20/2024","02/20/2024,02/20/2024","02/20/2024,02/20/2024","02/20/2024,02/20/2024","02/20/2024,02/20/2024","02/20/2024,02/20/2024"
Viewing Geometry,,,,,,,,,,,,,,,,,,,,,,,,,,,,,,,,,,,,,,,,,,,,,,,,,,,,
Other Information,"Acquired with 1    RS-3500_SN17580H8 [3]
Name: Instrument, dtype: object; 7,32,30,20,50,30 integration times; 100,100 scans averaged","Acquired with 1    RS-3500_SN17580H8 [3]
Name: Instrument, dtype: object; 7,32,30,20,50,30 integration times; 100,100 scans averaged","Acquired with 1    RS-3500_SN17580H8 [3]
Name: Instrument, dtype: object; 7,32,30,40,50,30 integration times; 100,100 scans averaged","Acquired with 1    RS-3500_SN17580H8 [3]
Name: Instrument, dtype: object; 7,32,30,50,50,30 integration times; 100,100 scans averaged","Acquired with 1    RS-3500_SN17580H8 [3]
Name: Instrument, dtype: object; 7,32,30,50,50,30 integration times; 100,100 scans averaged","Acquired with 1    RS-3500_SN17580H8 [3]
Name: Instrument, dtype: object; 7,32,30,50,50,30 integration times; 100,100 scans averaged","Acquired with 1    RS-3500_SN17580H8 [3]
Name: Instrument, dtype: object; 7,32,30,50,50,30 integration times; 100,100 scans averaged","Acquired with 1    RS-3500_SN17580H8 [3]
Name: Instrument, dtype: object; 7,32,30,50,50,30 integration times; 100,100 scans averaged","Acquired with 1    RS-3500_SN17580H8 [3]
Name: Instrument, dtype: object; 7,32,30,20,50,30 integration times; 100,100 scans averaged","Acquired with 1    RS-3500_SN17580H8 [3]
Name: Instrument, dtype: object; 7,32,30,20,50,30 integration times; 100,100 scans averaged","Acquired with 1    RS-3500_SN17580H8 [3]
Name: Instrument, dtype: object; 7,32,30,20,50,30 integration times; 100,100 scans averaged","Acquired with 1    RS-3500_SN17580H8 [3]
Name: Instrument, dtype: object; 7,32,30,20,50,30 integration times; 100,100 scans averaged","Acquired with 1    RS-3500_SN17580H8 [3]
Name: Instrument, dtype: object; 7,32,30,40,50,30 integration times; 100,100 scans averaged","Acquired with 1    RS-3500_SN17580H8 [3]
Name: Instrument, dtype: object; 7,32,30,40,50,30 integration times; 100,100 scans averaged","Acquired with 1    RS-3500_SN17580H8 [3]
Name: Instrument, dtype: object; 7,32,30,40,50,30 integration times; 100,100 scans averaged","Acquired with 1    RS-3500_SN17580H8 [3]
Name: Instrument, dtype: object; 7,32,30,40,50,30 integration times; 100,100 scans averaged","Acquired with 1    RS-3500_SN17580H8 [3]
Name: Instrument, dtype: object; 7,32,30,20,50,30 integration times; 100,100 scans averaged","Acquired with 1    RS-3500_SN17580H8 [3]
Name: Instrument, dtype: object; 7,32,30,15,50,30 integration times; 100,100 scans averaged","Acquired with 1    RS-3500_SN17580H8 [3]
Name: Instrument, dtype: object; 7,32,30,15,50,30 integration times; 100,100 scans averaged","Acquired with 1    RS-3500_SN17580H8 [3]
Name: Instrument, dtype: object; 7,32,30,20,50,30 integration times; 100,100 scans averaged","Acquired with 1    RS-3500_SN17580H8 [3]
Name: Instrument, dtype: object; 7,32,30,20,50,30 integration times; 100,100 scans averaged","Acquired with 1    RS-3500_SN17580H8 [3]
Name: Instrument, dtype: object; 7,32,30,20,50,30 integration times; 100,100 scans averaged","Acquired with 1    RS-3500_SN17580H8 [3]
Name: Instrument, dtype: object; 7,32,30,20,50,30 integration times; 100,100 scans averaged","Acquired with 1    RS-3500_SN17580H8 [3]
Name: Instrument, dtype: object; 7,32,30,20,50,30 integration times; 100,100 scans averaged","Acquired with 1    RS-3500_SN17580H8 [3]
Name: Instrument, dtype: object; 7,32,30,20,50,30 integration times; 100,100 scans averaged","Acquired with 1    RS-3500_SN17580H8 [3]
Name: Instrument, dtype: object; 7,32,30,20,50,30 integration times; 100,100 scans averaged","Acquired with 1    RS-3500_SN17580H8 [3]
Name: Instrument, dtype: object; 7,32,30,50,50,30 integration times; 100,100 scans averaged","Acquired with 1    RS-3500_SN17580H8 [3]
Name: Instrument, dtype: object; 7,32,30,50,50,30 integration times; 100,100 scans averaged","Acquired with 1    RS-3500_SN17580H8 [3]
Name: Instrument, dtype: object; 7,32,30,100,50,30 integration times; 100,100 scans averaged","Acquired with 1    RS-3500_SN17580H8 [3]
Name: Instrument, dtype: object; 7,32,30,100,50,30 integration times; 100,100 scans averaged","Acquired with 1    RS-3500_SN17580H8 [3]
Name: Instrument, dtype: object; 7,32,30,20,50,30 integration times; 100,100 scans averaged","Acquired with 1    RS-3500_SN17580H8 [3]
Name: Instrument, dtype: object; 7,32,30,20,50,30 integration times; 100,100 scans averaged","Acquired with 1    RS-3500_SN17580H8 [3]
Name: Instrument, dtype: object; 7,32,30,40,50,30 integration times; 100,100 scans averaged","Acquired with 1    RS-3500_SN17580H8 [3]
Name: Instrument, dtype: object; 7,32,30,20,50,30 integration times; 100,100 scans averaged","Acquired with 1    RS-3500_SN17580H8 [3]
Name: Instrument, dtype: object; 7,32,30,20,50,30 integration times; 100,100 scans averaged","Acquired with 1    RS-3500_SN17580H8 [3]
Name: Instrument, dtype: object; 7,32,30,20,50,30 integration times; 100,100 scans averaged","Acquired with 1    RS-3500_SN17580H8 [3]
Name: Instrument, dtype: object; 7,32,30,20,50,30 integration times; 100,100 scans averaged","Acquired with 1    RS-3500_SN17580H8 [3]
Name: Instrument, dtype: object; 7,32,30,20,50,30 integration times; 100,100 scans averaged","Acquired with 1    RS-3500_SN17580H8 [3]
Name: Instrument, dtype: object; 7,32,30,100,50,30 integration times; 100,100 scans averaged","Acquired with 1    RS-3500_SN17580H8 [3]
Name: Instrument, dtype: object; 7,32,30,100,50,30 integration times; 100,100 scans averaged","Acquired with 1    RS-3500_SN17580H8 [3]
Name: Instrument, dtype: object; 7,32,30,100,50,30 integration times; 100,100 scans averaged","Acquired with 1    RS-3500_SN17580H8 [3]
Name: Instrument, dtype: object; 7,32,30,50,50,30 integration times; 100,100 scans averaged","Acquired with 1    RS-3500_SN17580H8 [3]
Name: Instrument, dtype: object; 7,32,30,50,50,30 integration times; 100,100 scans averaged","Acquired with 1    RS-3500_SN17580H8 [3]
Name: Instrument, dtype: object; 7,32,30,100,50,30 integration times; 100,100 scans averaged","Acquired with 1    RS-3500_SN17580H8 [3]
Name: Instrument, dtype: object; 7,32,30,50,50,30 integration times; 100,100 scans averaged","Acquired with 1    RS-3500_SN17580H8 [3]
Name: Instrument, dtype: object; 7,32,30,50,50,30 integration times; 100,100 scans averaged","Acquired with 1    RS-3500_SN17580H8 [3]
Name: Instrument, dtype: object; 7,32,30,7,32,30 integration times; 10,10 scans averaged","Acquired with 1    RS-3500_SN17580H8 [3]
Name: Instrument, dtype: object; 7,32,30,7,32,30 integration times; 100,100 scans averaged","Acquired with 1    RS-3500_SN17580H8 [3]
Name: Instrument, dtype: object; 7,32,30,20,50,30 integration times; 100,100 scans averaged","Acquired with 1    RS-3500_SN17580H8 [3]
Name: Instrument, dtype: object; 7,32,30,7,32,30 integration times; 100,100 scans averaged","Acquired with 1    RS-3500_SN17580H8 [3]
Name: Instrument, dtype: object; 7,32,30,7,32,30 integration times; 100,100 scans averaged","Acquired with 1    RS-3500_SN17580H8 [3]
Name: Instrument, dtype: object; 7,32,30,7,32,30 integration times; 100,100 scans averaged"
Composition,,,,,,,,,,,,,,,,,,,,,,,,,,,,,,,,,,,,,,,,,,,,,,,,,,,,
Resolution,2.8nm@700nm 8nm@1500nm 6nm@2100nm,2.8nm@700nm 8nm@1500nm 6nm@2100nm,2.8nm@700nm 8nm@1500nm 6nm@2100nm,2.8nm@700nm 8nm@1500nm 6nm@2100nm,2.8nm@700nm 8nm@1500nm 6nm@2100nm,2.8nm@700nm 8nm@1500nm 6nm@2100nm,2.8nm@700nm 8nm@1500nm 6nm@2100nm,2.8nm@700nm 8nm@1500nm 6nm@2100nm,2.8nm@700nm 8nm@1500nm 6nm@2100nm,2.8nm@700nm 8nm@1500nm 6nm@2100nm,2.8nm@700nm 8nm@1500nm 6nm@2100nm,2.8nm@700nm 8nm@1500nm 6nm@2100nm,2.8nm@700nm 8nm@1500nm 6nm@2100nm,2.8nm@700nm 8nm@1500nm 6nm@2100nm,2.8nm@700nm 8nm@1500nm 6nm@2100nm,2.8nm@700nm 8nm@1500nm 6nm@2100nm,2.8nm@700nm 8nm@1500nm 6nm@2100nm,2.8nm@700nm 8nm@1500nm 6nm@2100nm,2.8nm@700nm 8nm@1500nm 6nm@2100nm,2.8nm@700nm 8nm@1500nm 6nm@2100nm,2.8nm@700nm 8nm@1500nm 6nm@2100nm,2.8nm@700nm 8nm@1500nm 6nm@2100nm,2.8nm@700nm 8nm@1500nm 6nm@2100nm,2.8nm@700nm 8nm@1500nm 6nm@2100nm,2.8nm@700nm 8nm@1500nm 6nm@2100nm,2.8nm@700nm 8nm@1500nm 6nm@2100nm,2.8nm@700nm 8nm@1500nm 6nm@2100nm,2.8nm@700nm 8nm@1500nm 6nm@2100nm,2.8nm@700nm 8nm@1500nm 6nm@2100nm,2.8nm@700nm 8nm@1500nm 6nm@2100nm,2.8nm@700nm 8nm@1500nm 6nm@2100nm,2.8nm@700nm 8nm@1500nm 6nm@2100nm,2.8nm@700nm 8nm@1500nm 6nm@2100nm,2.8nm@700nm 8nm@1500nm 6nm@2100nm,2.8nm@700nm 8nm@1500nm 6nm@2100nm,2.8nm@700nm 8nm@1500nm 6nm@2100nm,2.8nm@700nm 8nm@1500nm 6nm@2100nm,2.8nm@700nm 8nm@1500nm 6nm@2100nm,2.8nm@700nm 8nm@1500nm 6nm@2100nm,2.8nm@700nm 8nm@1500nm 6nm@2100nm,2.8nm@700nm 8nm@1500nm 6nm@2100nm,2.8nm@700nm 8nm@1500nm 6nm@2100nm,2.8nm@700nm 8nm@1500nm 6nm@2100nm,2.8nm@700nm 8nm@1500nm 6nm@2100nm,2.8nm@700nm 8nm@1500nm 6nm@2100nm,2.8nm@700nm 8nm@1500nm 6nm@2100nm,2.8nm@700nm 8nm@1500nm 6nm@2100nm,2.8nm@700nm 8nm@1500nm 6nm@2100nm,2.8nm@700nm 8nm@1500nm 6nm@2100nm,2.8nm@700nm 8nm@1500nm 6nm@2100nm,2.8nm@700nm 8nm@1500nm 6nm@2100nm,2.8nm@700nm 8nm@1500nm 6nm@2100nm
Grain Size,,,,,,,,,,,,,,,,,,,,,,,,,,,,,,,,,,,,,,,,,,,,,,,,,,,,
Locality,,,,,,,,,,,,,,,,,,,,,,,,,,,,,,,,,,,,,,,,,,,,,,,,,,,,
Database of Origin,ExoMars Mission Reference Samples,ExoMars Mission Reference Samples,ExoMars Mission Reference Samples,ExoMars Mission Reference Samples,ExoMars Mission Reference Samples,ExoMars Mission Reference Samples,ExoMars Mission Reference Samples,ExoMars Mission Reference Samples,ExoMars Mission Reference Samples,ExoMars Mission Reference Samples,ExoMars Mission Reference Samples,ExoMars Mission Reference Samples,ExoMars Mission Reference Samples,ExoMars Mission Reference Samples,ExoMars Mission Reference Samples,ExoMars Mission Reference Samples,ExoMars Mission Reference Samples,ExoMars Mission Reference Samples,ExoMars Mission Reference Samples,ExoMars Mission Reference Samples,ExoMars Mission Reference Samples,ExoMars Mission Reference Samples,ExoMars Mission Reference Samples,ExoMars Mission Reference Samples,ExoMars Mission Reference Samples,ExoMars Mission Reference Samples,ExoMars Mission Reference Samples,ExoMars Mission Reference Samples,ExoMars Mission Reference Samples,ExoMars Mission Reference Samples,ExoMars Mission Reference Samples,ExoMars Mission Reference Samples,ExoMars Mission Reference Samples,ExoMars Mission Reference Samples,ExoMars Mission Reference Samples,ExoMars Mission Reference Samples,ExoMars Mission Reference Samples,ExoMars Mission Reference Samples,ExoMars Mission Reference Samples,ExoMars Mission Reference Samples,ExoMars Mission Reference Samples,ExoMars Mission Reference Samples,ExoMars Mission Reference Samples,ExoMars Mission Reference Samples,ExoMars Mission Reference Samples,ExoMars Mission Reference Samples,ExoMars Mission Reference Samples,ExoMars Mission Reference Samples,ExoMars Mission Reference Samples,ExoMars Mission Reference Samples,ExoMars Mission Reference Samples,ExoMars Mission Reference Samples
Reflectance,---,---,---,---,---,---,---,---,---,---,---,---,---,---,---,---,---,---,---,---,---,---,---,---,---,---,---,---,---,---,---,---,---,---,---,---,---,---,---,---,---,---,---,---,---,---,---,---,---,---,---,---
900.0,1.0,1.0,1.0,1.0,1.0,1.0,1.0,1.0,1.0,1.0,1.0,1.0,1.0,1.0,1.0,1.0,1.0,1.0,1.0,1.0,1.0,1.0,1.0,1.0,1.0,1.0,1.0,1.0,1.0,1.0,1.0,1.0,1.0,1.0,1.0,1.0,1.0,1.0,1.0,1.0,1.0,1.0,1.0,1.0,1.0,1.0,1.0,1.0,1.0,1.0,1.0,1.0
903.28574336,0.9970752148056895,0.9981840642955162,0.9979298815745145,0.9972623826510172,0.9876626176473532,0.9881606394142236,0.991642406009073,0.9924529960063772,0.9981855473542792,0.9983691689628196,0.9985092660608724,0.9985149454026768,0.9997772351377705,0.9996375531266393,1.0,0.9997094741818664,0.9996371229869238,0.9993473481176917,0.9998341418663586,0.9996555828567435,0.9985352383216148,0.9996889691520617,0.9990577175067538,0.9995335560399724,0.9996237324733187,0.9993726848657992,0.9974325121294466,0.9972879940846188,0.9968688099692818,0.9974664077441869,0.9978933866568366,0.9974537415225109,0.9979322428071964,0.9976614203118347,0.9991583754165461,0.9992702603450585,0.9995507441024372,0.999565742543519,0.9985231356327025,0.9984087865657891,0.9985927050578288,0.9987052519241937,0.9982257951745516,0.9980315002238817,0.9976371311522758,0.9978228557769864,0.9998814663604261,0.9999813546237964,0.9998913189204452,0.9999698530923294,0.999914178599773,0.9999221050686748
906.618278421,0.9944597673908163,0.9964086508632937,0.9961705581214949,0.994408204774605,0.974996721085086,0.9762184626468599,0.9832689996655308,0.9847174486408774,0.9963240914404513,0.9967385458457273,0.9972021202687037,0.9970247420523108,0.9994717097657665,0.9991153765116061,0.9997719996981699,0.9996877464012676,0.9992416242814292,0.9988709228479961,0.9995750682005686,0.9993784555231575,0.9971855181647236,0.9994869195882439,0.9981331119352777,0.9988827935718387,0.9992980006396002,0.9987172223082599,0.995013167538725,0.994882238101176,0.9941034031999167,0.994925612292697,0.9958439639913975,0.9952572888915392,0.9960228231035233,0.9953732981989712,0.9984113542683567,0.9984255860834857,0.9988165860891853,0.9992339977056149,0.9968923870911898,0.9970318031067987,0.9974714780985774,0.9975511787877933,0.9965869944089676,0.9961746988627869,0.9954539150286549,0.9956721954362285,0.9999475716539943,0.9999965252139337,0.9998536668151873,0.99987621800828,0.9998397497772873,0.999820732471064
909.999291084,0.9921788248066293,0.9947218042770373,0.9944960906436368,0.9917517812154789,0.962339940238391,0.9639630705003679,0.9749003954168356,0.9762861378547446,0.9945789765950036,0.9949637517539994,0.9959934126047828,0.9954624483029407,0.9991826679096271,0.9987713646031642,0.9993977571275575,0.9998335050101744,0.998928402493361,0.9985616688254907,0.9992205841968465,0.9991034002480269,0.9961523423486033,0.9993852266600004,0.9972098387114319,0.9983293079746539,0.9989322453059976,0.9979406115881566,0.9927439820749727,0.9927089660973313,0.9914375100788285,0.9925355582679244,0.9939407426266611,0.9929460948030215,0.9939964341771095,0.9933318552227544,0.9976021623377097,0.9977290181802082,0.9980090432726453,0.9985460406794725,0.99535429880359,0.9957137636651734,0.9962391833856766,0.9962043086977165,0.9951905056388671,0.9943692794435489,0.9931644563092192,0.9936962946741479,0.999958032112116,1.0,0.9999425377016673,0.9998249155053921,0.9997747736263629,0.9997054958726473
913.430570243,0.9902063224043254,0.9931900322178866,0.9927373048710013,0.9896276283560218,0.9496520476545564,0.9515987902353754,0.9663486246292775,0.9675424821263682,0.9930002855854413,0.9933470992084594,0.9946858574260333,0.9941035693279323,0.9988924114885007,0.9986831418518513,0.9992063221165263,0.9998438139426495,0.9988716658656105,0.9983798418802754,0.9989614015541367,0.9987755493551622,0.9951969685621672,0.9992195487668509,0.9964530458337745,0.9981415268479799,0.9986147146604384,0.9972131484084897,0.9905536213725084,0.9903185387774728,0.988631237461605,0.9905956738044536,0.992189927361747,0.9906802086058073,0.9920442204558323,0.9913753324535146,0.9966801857306844,0.9971332579795449,0.9972043810277456,0.9975320098364557,0.9939222122003663,0.9942576162543947,0.9946445415046521,0.9947153260974145,0.9936250585485751,0.9931504428913471,0.9907263901266199,0.9918272467063466,0.9999722231269766,0.9999642567271587,1.0,0.999796714314372,0.9997097557182998,0.9996331854138276
916.914016797,0.9882488257034304,0.9915906900887208,0.9907752675143829,0.9877183339494285,0.9369465448486037,0.9392060933493985,0.9578114550241948,0.9589686762823533,0.9913431485008273,0.9920085166204694,0.9930981626818304,0.9929562102597908,0.9987682910014208,0.9988724229366301,0.9991193700962536,0.9995589194892885,0.9988213654744992,0.9982115162067511,0.9988395297235498,0.9984962557297276,0.9943271832704651,0.9990374649131653,0.9959500879156272,0.9979857743197252,0.998390810242186,0.9964396715863364,0.9882661114546234,0.9877629127702665,0.985737635953832,0.9884930196762562,0.9904779538469555,0.9886232377399086,0.9903851747257645,0.9896352840234918,0.9957669029438714,0.9964816846547613,0.9967152879933542,0.9967249978325935,0.9926319689737855,0.9924408530883526,0.9927569936117534,0.993282790514188,0.9916892338455918,0.9921972606611812,0.9887349112995649,0.9899354447542412,1.0,0.9999423239603765,0.999983959462493,0.9997021459540772,0.999642097214146,0.9995538620984722
920.451653694,0.9862377399091863,0.9899952861200038,0.9887048348080174,0.9857803281840138,0.9243933123292395,0.9267695840364296,0.9493161922454855,0.9503083316008459,0.9898269934406562,0.9905953532405553,0.9912882932519418,0.9916757980887572,0.998786206637132,0.9991399096442036,0.9989963073586595,0.9990878574061353,0.9988085298819634,0.9980992897914924,0.9987165789760765,0.998426714091084,0.9935237136199357,0.9989603164212854,0.9955930915021111,0.9979081589295722,0.9982196248250147,0.9956454900075979,0.9859907335269739,0.9851357112725182,0.9828562453793329,0.9860628200096033,0.9887803893036557,0.9868572378734428,0.9889531101903595,0.9879177045030585,0.9949967761388415,0.995591699061459,0.9962253767636398,0.9960660940048748,0.9916995824086703,0.9907113781045043,0.9912558033097836,0.9916781178371232,0.9898423013284392,0.9908724791538688,0.9871241116670232,0.987829858672684,0.9998826917616412,0.9999105768911378,0.9997941857256767,0.9996021656596814,0.9995762837016876,0.9994879608482524
924.045637162,0.9844058287315447,0.9883377285970082,0.9867391937385314,0.9843023687472449,0.9120966415308533,0.9143954621614467,0.940613095869157,0.94175163170393,0.9884407987241115,0.9889480638173705,0.989486449659371,0.9903539323371471,0.9988954722632841,0.999158652158114,0.9989787117220192,0.9989620200495654,0.9987702023472308,0.9980858428703664,0.9987886956256885,0.9985140457705228,0.9930297558860385,0.9991523544516688,0.9952421822139668,0.9978684844661861,0.9980758749508786,0.9949888037416641,0.9841299868748559,0.9828807930401151,0.9798877435703833,0.9838752432404183,0.9870547145602963,0.9852754119148278,0.9873999965935408,0.9862081214195124,0.994253697898852,0.9947548994353735,0.9955763227603772,0.9953411256249102,0.9909481990759872,0.9896616286216503,0.990190065312274,0.9902425144807765,0.9879742684677113,0.9891470220615967,0.9853469742745925,0.9857888380347061,0.9997567386380884,0.9998993040425734,0.9995661190282886,0.9996444509439971,0.9995621778664362,0.9995370785190906
927.698269301,0.9827871884425877,0.9866731104669861,0.9851943414552549,0.9829975975089961,0.9002061241382895,0.9023497855150755,0.9318552778933445,0.9329723343932971,0.9869577281195384,0.9875939997855159,0.9878492719752111,0.989206581402456,0.9991068358598818,0.9993582591753679,0.9991986493356849,0.999262497601092,0.9987417300344448,0.9980350111556008,0.9991503046906772,0.9987206902579807,0.9927714469619817,0.9992238722511965,0.9949702358262298,0.9977321349671495,0.9981277137409452,0.9946622107074228,0.9823383068812765,0.9810633199500407,0.9768766361986346,0.9817959720517634,0.9854421828420966,0.9838374547514858,0.9860336065222033,0.984612917464756,0.9934069743241623,0.9941152427955915,0.9950061261753784,0.9945894190670695,0.9899073676859035,0.9890183209272331,0.9892136942821713,0.9889885642738934,0.9862376463570228,0.9872967624157631,0.9835016181297653,0.9839970720611584,0.9996532823127918,0.999842865138037,0.9994122670228904,0.9997075608512311,0.9996273641251919,0.9996410128981483
931.412012249,0.9810679332246217,0.9852148433635798,0.9837539025582956,0.9812456129549604,0.8880613833157686,0.8903567479767271,0.9234408827900918,0.9242329024702272,0.9853277513940544,0.9863982575028656,0.9864410502089214,0.987914162739356,0.9991931403004118,0.9997007679114125,0.9993209316588044,0.9993733960554888,0.9986895112002371,0.9975874560661114,0.9993829646330802,0.9987938478351015,0.9922870371793673,0.9990544368557595,0.9947862641406114,0.9974982832326084,0.998340343014362,0.9944574564266108,0.9801598628062673,0.9792079238364234,0.9740334775619336,0.9796818018917739,0.9839555008468084,0.9820160770742438,0.984735700349235,0.9831359019983733,0.9923475098100654,0.9934310672364748,0.994375626307995,0.9938139208502303,0.9882991250153608,0.9881050967734833,0.9883270816942856,0.9874050225245048,0.984529347600208,0.9855934635717138,0.9818306768348584,0.9821909066538738,0.9995815678638521,0.9997358228603073,0.999450833246719,0.9996693636327723,0.9996841516313113,0.9995826488433585
935.189504163,0.9792041290689102,0.9840989935895946,0.9825038418028219,0.9798304506802917,0.8759312028476904,0.8787666608149207,0.9154993207090607,0.9154797645070659,0.9840903175042438,0.9854129507813763,0.9855333683364337,0.9868093063531671,0.9994827919584652,0.9999661506936636,0.999496418030963,0.999531833415075,0.9984100765965639,0.9972373100545503,0.9995571077279343,0.9988571700497635,0.9917686984510102,0.9991438189561905,0.9946199038850217,0.9975615354056507,0.9988177886999264,0.9943992068448477,0.9780909575400184,0.9774210879911601,0.9713987784011374,0.9777789015719244,0.9826896420741335,0.9801560651501766,0.9832464158430095,0.981708673977288,0.9915555477527702,0.9926160134641534,0.9937880290724274,0.99321947753083,0.9864641464514124,0.9868176495303734,0.9871960227701218,0.9860548580657024,0.9830255794259957,0.9843267761013662,0.9806310484002217,0.9804137977129743,0.9994359725642848,0.999706368104863,0.9994889013684314,0.9997368465120309,0.9998766049792659,0.9996457513206599
939.033577299,0.977453430890528,0.9829099970461237,0.9814615545365556,0.9784646003038161,0.8638136348337232,0.8673217114177839,0.907637273229316,0.9069789594094869,0.9829388101488131,0.9845577875368147,0.9845215237950685,0.9856282584081208,0.999731061977915,1.0,0.9996397924371943,0.9995327565810206,0.9979181167060625,0.9969733729289909,0.9993841351830951,0.9987298692990559,0.9912922763394793,0.9993148427661958,0.994408397021783,0.9976999896919638,0.9991562161135241,0.9942607530975546,0.97599377632603,0.9755857284326408,0.9689689042949163,0.9758647909923082,0.9815815512556954,0.9786060447028816,0.9816617048444581,0.9802406737303423,0.9907863585711992,0.9916175196049183,0.9930629246533144,0.9926910807537517,0.9848587003691884,0.9853557166755447,0.9858652464828612,0.9847358320686013,0.9815179926259702,0.9831388778178289,0.9795882457271303,0.9790069121425694,0.9991655368258173,0.9997441706264553,0.9995708032725965,0.9998417948638356,1.0,0.9996720999839698
942.947278561,0.9757110205901139,0.9815138816363828,0.9803044703960467,0.9769367725932583,0.8515272999156348,0.8558895655219652,0.8995840232540094,0.898397328440333,0.9818656160938137,0.9835889515580979,0.9831856881624258,0.9844183960551804,0.999648040872977,0.9999299926062026,0.9997172044940629,0.9996599742242289,0.9970904520693686,0.9962718893151055,0.9990036139605218,0.9983088996681888,0.9905877723916308,0.9993346778542248,0.9939341962561863,0.9978091884504922,0.9991671792506244,0.9940384399997715,0.9738438774054322,0.973590059387986,0.9662128825828752,0.9739540423677806,0.980468216501815,0.9771140697321304,0.9800441158061772,0.9789204599534196,0.9900321378562309,0.9906971374456784,0.9922554119773193,0.9918471928407687,0.9831761274556808,0.984056805089847,0.9847131616295721,0.9833982315454927,0.9802349574930267,0.9819174701962187,0.9780753982260805,0.9775224098060058,0.9990322740610776,0.9997129303402301,0.9996083519888405,0.9998832174126617,0.9999696110777145,0.9996320831317683
946.933892918,0.9738667456045216,0.9800874548355449,0.9789156406867712,0.9752946630422662,0.8394380371761614,0.8445576458544033,0.8916752183146207,0.8903418045440745,0.9809724884163561,0.9826454771061696,0.9819029875753602,0.9834237795348274,0.9996862339055457,1.0,0.999759314366524,0.9997789973231157,0.9959333885894356,0.9955805326267182,0.9985685098869016,0.997676316930612,0.9896780173497094,0.9994689755778515,0.9934185315158967,0.9979274423180619,0.9990187292317867,0.9939518939184734,0.97176362466511,0.9715628633650557,0.963178606016561,0.9717744263200127,0.9791080420648876,0.9755584235469322,0.9785686996379517,0.9777403346717135,0.9894021237196756,0.9897108947661382,0.9914266446515493,0.9909092677569092,0.9813416680067092,0.9823730191425711,0.9829387990289976,0.9822045575246368,0.9790003499844715,0.9808085701966746,0.9766691924042271,0.9759643335031662,0.9990131818295126,0.9997388494485618,0.9995573650742556,0.9999113438741857,0.9999281780332607,0.9995815299324922
950.996970209,0.972115813136752,0.9788431600655298,0.9776628596270202,0.9737620186479587,0.8277905942061133,0.8335385750016787,0.8842389645524453,0.8825896457853385,0.9800385290427165,0.9817463525508516,0.98092398892554,0.9825216587214857,0.9997402919329638,1.0,0.999904226946313,0.9997927958333609,0.9944740395591385,0.9947509000307094,0.9980123012361273,0.99698934818689,0.9888091865890578,0.9998012514222875,0.9930907819380603,0.9980781919959059,0.9988846944593934,0.9939775218242116,0.9699574587069895,0.9696491812133968,0.9599676938437427,0.9694140222293519,0.9778369278574283,0.9739943279054553,0.9772419823771389,0.9763149668541344,0.9882097508137023,0.9884994226000856,0.9904803882804966,0.9900748869777487,0.9795385276823159,0.9803338056990482,0.9810364008736144,0.9808058199170994,0.9775073882490473,0.9797924839779647,0.9752236155889445,0.9743549558463178,0.9987781723204073,0.9997214828637895,0.999425522182998,0.9999645308554554,0.9999147478543625,0.9995279755344264
955.140355948,0.9702861892370709,0.977808590987005,0.9763730692892029,0.972028125660418,0.8167719781286202,0.823171877647489,0.8766601181922958,0.8754883737326834,0.979363127864821,0.9811082344726438,0.9801500643313155,0.9818137303973808,0.9998730140558683,0.9999097361790024,1.0,0.9999361787110385,0.9926782472717884,0.9938199361052298,0.9973559494619278,0.9962941492827933,0.9880895467202282,0.9999636138159074,0.9928109059812441,0.9981774922089961,0.9990952773579277,0.9938518077556673,0.9682137234310483,0.9680404148470921,0.9567702514490896,0.9668746313363948,0.9767241513419183,0.9725768835358427,0.9758971937086712,0.9751573730794743,0.9868369662760553,0.987100445975339,0.9893664947490777,0.9892567747551055,0.9778996193637995,0.9786260951802473,0.9793878233337853,0.9793031580099727,0.9762342732175587,0.9787641268728617,0.9735547763104007,0.973216560983839,0.9987323635018365,0.9996588972821542,0.9992392454741233,0.9998673610579181,0.9998802189460873,0.9996475968377724
959.368226885,0.9684004188186487,0.9767161254381701,0.9745971315618069,0.9704913485730607,0.8061726562986122,0.8131068085578231,0.8688443325139148,0.8679980065109671,0.9788434777523985,0.9805180339033326,0.979282845346141,0.9810942373240171,1.0,0.9998572791294141,1.0,1.0,0.9905372021441575,0.9927608268812331,0.9966136638464124,0.9954828653620199,0.9875823688123798,0.9999237847844541,0.9924902957543452,0.9982657778522397,0.9993186764899088,0.9937476949706483,0.9664230697016768,0.966132577372701,0.953674387243139,0.9641595373832336,0.975554973185091,0.9710796264346306,0.9747468169473976,0.9740434960763465,0.9855057249959568,0.9856771576073208,0.9883694494267175,0.9880623343731515,0.9762512508720493,0.977355640630036,0.9784524292677654,0.9777036983877718,0.9751146668977683,0.9778565366505387,0.9716171257724232,0.9721449446116527,0.9988067367694632,0.9996128606912432,0.9990418343962943,0.9997887367186168,0.9998506017870923,0.9998574033373222
963.685132242,0.9664407095684259,0.9756418135752843,0.9725947766605275,0.9687608598706383,0.7957639966409094,0.8029890548941075,0.8608057991748348,0.8607701159315052,0.9780101929750675,0.9796158918147242,0.978267945725564,0.9801649384303613,1.0,0.9999257824165854,1.0,1.0,0.9876993464791973,0.9916612585810203,0.9954809104894841,0.9941686079019465,0.9869575665770752,0.9997029306747582,0.99215316811559,0.9983299875397029,0.9991881642574654,0.9934361343474682,0.9642418678579685,0.964411643615118,0.9509152807821164,0.9616388001587806,0.9744897275009143,0.969897762074376,0.9737099783297104,0.9728051522626276,0.9838789635971941,0.9841333463379852,0.9868334594617642,0.9864726823857434,0.9745746113030224,0.9761502058173486,0.9777199440398939,0.9763515546109685,0.9737687424815411,0.9768492132475871,0.9695975035898127,0.9708067018921398,0.9990233144893956,0.9995675150055479,0.9988905913542876,0.9996315757639801,0.9997412448792354,0.9997438927031028
968.096041789,0.9645108726794301,0.9747275719219665,0.9708305886658325,0.9670189635280088,0.7857967973247885,0.7936918201680894,0.8532656154075158,0.8543525360545634,0.9774226030488332,0.9789951628634267,0.9774112027601343,0.9793963236053006,1.0,1.0,1.0,0.999991369664586,0.9843990414099804,0.9903099939125726,0.9941105177781262,0.9925057004872363,0.9863369714925778,0.9993105351831818,0.9920824126662842,0.9986819613618726,0.9990400356980059,0.9929761946262234,0.9621643198620343,0.9627983959803437,0.9484341140806202,0.9593453833051732,0.9738220979122287,0.969191052411269,0.9725131307783255,0.9718302854512255,0.9823421317138755,0.9825570097524442,0.9851840549261983,0.984946039141059,0.9734306998013276,0.9748168793880287,0.9764880230940901,0.9754750146036815,0.9728458696398874,0.9758009389908057,0.9678320264873133,0.9695263106536148,0.9993715094219636,0.9996442110803844,0.9987549968932944,0.9995187988055914,0.999729011953388,0.9996676373754713
972.606402173,0.9626245674494736,0.9740860607913325,0.9694638209251318,0.965517593596794,0.7766654646808372,0.7849079927781887,0.8464043182470673,0.8481913806775012,0.9767508818524614,0.978494795249637,0.9766336313456957,0.9787702528944197,1.0,0.9999298994186608,1.0,1.0,0.9807252891154158,0.9886931882630833,0.9925819455931536,0.9905314815367763,0.9858223612771915,0.9990809824520082,0.9918548277404359,0.9989931341732516,0.999255355867422,0.9925568980658536,0.9602912437238623,0.9611942243168758,0.9458523769640549,0.9569346869321851,0.9735617719696726,0.9687173074666837,0.9711399479889933,0.9703076893841774,0.9811233464922156,0.9814906279582386,0.9834064752985315,0.9836253476689043,0.9725528766603606,0.9735605744453576,0.975017222853661,0.9750323574287008,0.9721657141488139,0.9745727721244928,0.9662247914056653,0.967822994242324,0.9998102273604305,0.9997647583505765,0.9986245286642683,0.9994286685570835,0.9997797263471992,0.9997481915862373
977.222203311,0.9610783755469138,0.9732519099309572,0.9686204783626761,0.9644898717462984,0.768390371831353,0.776536486650371,0.8400600650915563,0.8422893312004137,0.9758298286549564,0.9781231820418637,0.9756757798672923,0.9778581883112921,1.0,1.0,1.0,1.0,0.976554768912015,0.9871401171368553,0.9908404524528218,0.9882656552261707,0.9854598742856217,0.9993801840779287,0.9914964748640026,0.9991374313415597,0.9997479148760936,0.9923586539214994,0.9585323111419323,0.9598858043639739,0.9435421001062916,0.9546525643099494,0.9729548853804431,0.9688328173387164,0.9693468008869909,0.9684274431746603,0.9798243188923321,0.9807956609944499,0.9820740053653619,0.9822964290170076,0.9716834775334742,0.9726543703773962,0.9735474298276319,0.9749519265459303,0.9709307227475286,0.9732587364972661,0.9646822742750136,0.9657541616425729,1.0,0.9997424745614217,0.9983626274751639,0.9992695615504836,0.9996381082568826,0.9997812499226003
981.950057134,0.9594058132679452,0.97237798890609,0.9679924088053508,0.96393133201709,0.7604569090124157,0.7682518261080441,0.8337461523747266,0.8359138516537256,0.9748977689372249,0.9779159999462853,0.9752838316337861,0.9768039533838021,1.0,1.0,1.0,1.0,0.970650054028509,0.9852450310297965,0.98867534690589,0.9849116030844827,0.9857263277584042,0.999831100934893,0.9909046900633534,0.9992791648132427,1.0,0.9920826749827478,0.9569644509020576,0.9591139690201469,0.9423009358401662,0.9533447196635597,0.9720250077952598,0.9697069734071305,0.9675381428135916,0.9655918292620445,0.9785766583633166,0.9800064913543508,0.980584667735523,0.9806758061472909,0.9713052135411205,0.9724568724762814,0.9729291630187782,0.9751638196680865,0.9690192627039453,0.9724320387314297,0.9631399174601227,0.9633265813531172,0.9998597361992079,0.9997791410574056,0.9983722296515973,0.9989372159453916,0.9992289057667593,0.9995489385407672
986.797291589,0.9571540630615956,0.9713225577249209,0.9675250789476058,0.9636522146479534,0.7531117565499497,0.7599627446773171,0.8279096838000874,0.8291712247885676,0.9741705987108417,0.9779509991658774,0.9757038944733061,0.9756651934891947,1.0,1.0,1.0,1.0,0.9631599500636798,0.9834636150554396,0.9861572844759233,0.9803633568537752,0.9870510823660457,1.0,0.9899117045277618,0.9996718551676769,1.0,0.9915700423766866,0.9553833877202821,0.9591970290320614,0.9424014001710621,0.9536762145727351,0.9706269124193142,0.9710800283937491,0.9659891894244347,0.9614026980745041,0.9776955568739328,0.9789452209990668,0.9786587636127412,0.978882461288201,0.9719045520899963,0.9733825019625473,0.973684714817557,0.9758294035011509,0.9664239747946028,0.9721923268729202,0.9612888879316286,0.9607891956016072,0.9996489424744835,0.9997599357655186,0.9987828637581875,0.9984554599777203,0.9985544058185277,0.9990295469010029
991.720028203,0.9541812688090855,0.9697224871383741,0.9667625721155535,0.9628772642642832,0.747236018817698,0.7530794427052424,0.8236613348341547,0.8234414356318872,0.9736648943105413,0.9780575138680496,0.9763639603940121,0.9745574368361734,1.0,1.0,1.0,1.0,0.9577954502893623,0.982805898248911,0.984500056362952,0.9768426543069757,0.9885710681136137,1.0,0.9887236505214353,1.0,1.0,0.9907504011875644,0.9539307199028072,0.9594877369432127,0.9426479768892607,0.9547893171284347,0.9689778514995101,0.9721191880666714,0.9651232386317028,0.9570334706457505,0.9769071251600083,0.9774159315118474,0.9765130817359097,0.9769606330733606,0.9725354141541974,0.974448233843219,0.9748418752472927,0.9764117916054148,0.9633492729870707,0.9720450166837178,0.9589466379099185,0.9582959028591197,0.9993838502244244,0.9996967413182836,0.9994025817623894,0.9980097791916535,0.9978965463827529,0.9984053871963001
996.671068522,0.9509286701080533,0.9676188327049419,0.9654350748053109,0.9611688362708295,0.7427268190949664,0.7480314552879279,0.8209281187824974,0.8193881179279405,0.9731876753044566,0.9778986284176623,0.9765024186278864,0.9736098734601398,0.9999412023118099,1.0,1.0,1.0,0.9568196468216391,0.983454996239669,0.9843020745085893,0.9758987236375858,0.9891936415340307,1.0,0.987552383508691,1.0,0.9995888764233741,0.9897879048655318,0.9526192424618016,0.9591573637351828,0.941745989715363,0.9551244799310424,0.9675181484519266,0.9721629742234843,0.9647692971266723,0.9538248121576783,0.9758846763200832,0.975647449789165,0.974521780259877,0.9750646205628906,0.9722146916292796,0.9745027242862038,0.9750006803025224,0.9764616366301905,0.9605081828392822,0.9713383039718125,0.9562990318477105,0.9558280020944128,0.9992000248415043,0.9996360371860543,0.9998647477823475,0.9977638404608395,0.9975258655497584,0.9979753595714418
1001.65061855,0.9478103165668714,0.965293337711378,0.9636758099640149,0.9587237314724067,0.7387683104765802,0.7440784686784867,0.8188512012599969,0.816533009856624,0.9725672116616313,0.9773908570546159,0.9758763495306776,0.972794887734085,0.9999408461670505,1.0,1.0,1.0,0.9593248490593875,0.9848386556426678,0.9851626592008756,0.9771462006536201,0.9886848322603455,1.0,0.9865135624653188,1.0,0.999219658813653,0.9888680316101082,0.9513588534290687,0.9579926081360276,0.9394721000973604,0.9540723886884763,0.9664135304770325,0.9713348999532045,0.9645159704429666,0.9519885697034874,0.9745303767512259,0.9739273252269391,0.9728384901480754,0.9732780632121943,0.9707904914407544,0.9733503418307131,0.9737709716015658,0.9759770646423241,0.9582128399276207,0.9699163193641867,0.9536078693603043,0.9533345753696035,0.9991606753528197,0.9995967125738145,1.0,0.9977124936980163,0.9974543144793323,0.9978273327266128
1006.65888632,0.9447484678342297,0.9628896604471825,0.9617576747240468,0.9559155273897645,0.7350990402418143,0.7406485135402988,0.8170844680683308,0.8142599684187262,0.9718620428987255,0.9767245768683422,0.9749240789650114,0.9720375453241874,0.9999721532575557,1.0,1.0,1.0,0.9633127844018388,0.9865274797600528,0.9864662100336702,0.9793425910943488,0.9876585440112654,1.0,0.9855188489893099,0.9998762826365304,0.9988763547892309,0.9879695606014882,0.9501296758898575,0.9564687339911424,0.9366720102518692,0.9523933431304085,0.9654714388850097,0.9701805354493332,0.9643008004958158,0.9507513107536046,0.9730271195083615,0.9722510012049513,0.9712872852063494,0.9715506668889569,0.9688470439644967,0.9716812454259327,0.9719137670274398,0.9752678280092947,0.9561826713275585,0.9681528808435502,0.9509086050718792,0.9508060125696821,0.9991863168279072,0.9995630202524707,1.0,0.9977364544354246,0.9974951587078124,0.9977944897400989
1011.69608192,0.9417020058127175,0.9604491684006125,0.9596428405192738,0.9530533878910307,0.7318420118244541,0.7376310002678307,0.8155823768972281,0.8123294308229881,0.9710839528098484,0.975931769836953,0.9738243685309177,0.9712619806851408,0.9999535632509644,1.0,1.0,1.0,0.9678322608556061,0.988337279055566,0.9879767876326188,0.9818426906615243,0.9864296893765938,1.0,0.984504217748889,0.9996404912261687,0.998527127189201,0.9870218337061356,0.9488967275209974,0.9547938349105551,0.9336641091205683,0.9504917190729919,0.9645847293291395,0.9688883934878981,0.9640016701531521,0.9497288950241448,0.9714560989950496,0.9705855527854927,0.9698045907933112,0.9698596851818969,0.9668131213047789,0.9697573179786277,0.969842067167779,0.9743154506859896,0.9541348864822031,0.9662486557141429,0.9481458677233909,0.948302353770185,0.9992138572674951,0.999538054560222,0.9999867750888211,0.9977976756939411,0.9975844191395169,0.9978014514286209
1016.76241755,0.9387006746206799,0.958118613189319,0.9573442990168858,0.9503523205267013,0.7294547590742495,0.7353394062484401,0.8146971591515276,0.8110935929572028,0.9703356139233749,0.9750877167377434,0.9727454203464931,0.970524648929512,1.0,1.0,1.0,1.0,0.97250340955538,0.9902546247660736,0.989723764201466,0.9843941662599275,0.985179891015687,1.0,0.9834724317727694,0.9993619468488302,0.9982259571269252,0.9860235020378284,0.9478456532348384,0.953101712220891,0.9309290451877561,0.9487177282316058,0.9638580019230724,0.9677236865003385,0.9635914631744192,0.9487938336667514,0.969959042024467,0.9690125230820568,0.968507487377625,0.9683557531431739,0.9650915693137598,0.9679054507096017,0.9678326430246545,0.9730056653151442,0.9521159573153617,0.9644552927711546,0.9452752636963392,0.9460128702514784,0.9992368375883891,0.999531198779909,1.0,0.9978635236946629,0.9976776188043743,0.9978017774191268
1021.85810749,0.9355117951503431,0.9558610734519126,0.9548071957103814,0.9473195222354883,0.7279052076131741,0.7337331844308983,0.8142635724774302,0.8104976277659575,0.9693329353572472,0.9740123730582595,0.9716721827983411,0.9696984132581252,1.0,1.0,1.0,1.0,0.9769902562174531,0.9921453155208476,0.9915237405952849,0.9868284591996624,0.9836712704440433,0.9996085364337102,0.9822549286990858,0.9988299812684757,0.9978849643192604,0.9848548293295765,0.9467138919770283,0.9512784290363822,0.9285147684504815,0.946695743322667,0.9630865331896363,0.9668161405943092,0.9628898358057254,0.9477830630150406,0.9683520444822749,0.9675063584520555,0.9671715125583028,0.9669387639710717,0.9633120042554565,0.9658782478077561,0.9655553843384633,0.9712444364328614,0.9499369907870993,0.9623607710062595,0.9421533871979514,0.9435581924981856,0.9992349511765527,0.999526550791482,0.9999500000361606,0.9978888988463505,0.9976466358256706,0.9977198270061455
1026.97288016,0.9320932108798418,0.9536606524120836,0.9520148368033743,0.9442094526046503,0.7271005932610562,0.7330400908279775,0.8140907981773249,0.810209562156544,0.9680038585759408,0.972759634431247,0.9705082442917079,0.9686175334306991,1.0,0.999974722968756,0.9998853982440288,1.0,0.9810748025505103,0.9938467330440165,0.9932005771016286,0.9890742386976533,0.9818279500796532,0.9988530217173947,0.9808696317122197,0.9979866551978898,0.9974143881801512,0.9833844312107458,0.9452363535044265,0.949316250565757,0.9258346442780415,0.9443740455983872,0.9621100656248387,0.9659223470906841,0.9619401266290781,0.9468436320092626,0.9665196169005533,0.9660665811521135,0.9655895732237836,0.9654819295798298,0.9613626458142563,0.9632289182639875,0.9629405792918714,0.9691794953613955,0.9475064459326505,0.9598681401791176,0.9387534314707423,0.9405279574628378,0.99924347225405,0.9995223155366285,0.9997998753965028,0.9978960885969489,0.9975697004908454,0.9976346522872023
1032.10649695,0.928739457811708,0.9516566890193284,0.9495563726480252,0.941769996484376,0.7273868893945017,0.733540948795116,0.8147259494967346,0.8106503913044156,0.9669053722029688,0.9717764717542974,0.9694622013533866,0.9675705581188223,1.0,1.0,1.0,0.99989314135867,0.9849146764764195,0.9955783882872129,0.9948614778090089,0.9913749384427052,0.9801088199353145,0.9983224072465553,0.9795926118297426,0.996996912047563,0.9969875754469718,0.9819325065570337,0.9438807352905726,0.9476273346592112,0.9233797915013421,0.9424655337085192,0.9614735008402918,0.9652192816337299,0.9613440035590715,0.9463980873059469,0.9649255375918596,0.9649128461881984,0.964177527276041,0.9643011494045579,0.9592674222512598,0.9606548303876509,0.9610468344786282,0.9674588988258895,0.9452573028322399,0.9576142201848268,0.9357292745025998,0.9376454219686304,0.999224636560024,0.9994962863591246,0.9998569539919047,0.9978428294952841,0.9975145106703356,0.9975529839694499
1037.25897753,0.9253585338389676,0.9496661025175078,0.947107788738113,0.9393610214128405,0.7285783961273066,0.7347660196461288,0.8161244612859502,0.8115776571689822,0.9658522901337057,0.9707338617383496,0.9682850831970466,0.9664738444100448,0.9998854493893398,0.9999493489255787,1.0,0.9996084922161356,0.9882851617019888,0.9971036984128477,0.9963541780324318,0.9933407978026286,0.9783301129513405,0.9976985476682112,0.9781507709799936,0.9957693377362946,0.9962996621410878,0.9804610193844853,0.942470541924182,0.9457280517248787,0.9208901669490789,0.9405254650207152,0.9610676375435887,0.9645305006213776,0.9608140220294116,0.9462367247779911,0.9635284408125542,0.9636694772726552,0.9628907848731565,0.9632679527511342,0.9565275197194014,0.9582168934198774,0.9592651545958019,0.9656760223928459,0.9425521348413093,0.9552328499440348,0.9327032469592642,0.9344398402822359,0.9991451437078954,0.9994705880520789,1.0,0.9977300790743577,0.9974457370300872,0.9974015215635424
1042.4303413,0.9220293818101074,0.9475717058282125,0.94450283631721,0.9365866820592126,0.7306431345427427,0.7368592555022118,0.8181462239511805,0.8134144594111069,0.9646222897826717,0.9694287402773536,0.9669357211878532,0.9653133408567667,0.9993184290301242,0.9995625102197224,0.999583433825492,0.9990460268185569,0.9912094639134048,0.9981249160865882,0.9975157653688451,0.9947988188241185,0.976383050520243,0.9969137900415909,0.9764535611960218,0.9946101224399198,0.9950910869872425,0.9789387936568639,0.9412911627435736,0.9438284464878416,0.9186218617237681,0.9388470007418762,0.9605974508998397,0.9637635837228382,0.9603480464793247,0.9462072618013517,0.9623339962530781,0.9623048340362349,0.9616845838646091,0.962285189153346,0.9539019560070202,0.9559123641539069,0.9569364680805936,0.9636657756395953,0.9399941560662562,0.9529669300993341,0.9295754024506641,0.93102607221434,0.9991412635286165,0.9994411814951506,1.0,0.9976709035712507,0.9974188534638956,0.997327644089292
1047.62060737,0.9188678462463779,0.9453327261164604,0.941846626868198,0.9336354735670788,0.7335499969613721,0.7398681627654586,0.8208683966029426,0.816127198418645,0.9632654319606433,0.9679731723792306,0.9655094448054022,0.9641580374878856,0.998343610337275,0.9988139760252916,0.9988593936201667,0.9982379252992345,0.9936806895901513,0.9986736371616526,0.9982928230804009,0.9959745809894756,0.9742170221291113,0.9960698572319581,0.9746894363037564,0.9936635791749586,0.9936168158987266,0.9773989297169043,0.9403373048546098,0.9421601114726843,0.916481807875445,0.9372522289396338,0.9600647527294177,0.9629932344044948,0.9599870954027512,0.9461227642917235,0.9612755644527343,0.9610116806674721,0.9606236243391828,0.9613490258237762,0.9515607143406261,0.9537032098789435,0.9544416377100049,0.9618058002043103,0.9374847148930934,0.9506170243232982,0.9266080072276154,0.9278164107320059,0.9992296575797888,0.9994010924619506,0.9999664646853175,0.9976778224183378,0.9974318882196392,0.9973147822657447
1052.82979459,0.9159627036194335,0.943108994463678,0.9393145991873506,0.9308071427491758,0.7372661127209325,0.7438593788923556,0.8244340646952101,0.8192934167895437,0.9618735284427501,0.9666146200700569,0.964051514124361,0.9630081639824166,0.9972434529506611,0.9978447541012825,0.9980246016820289,0.9973606753175207,0.9956582479913249,0.9990300749828135,0.9988502976814995,0.9970353173960766,0.9718302731743008,0.9951712317519948,0.972993937874374,0.9927443359952055,0.9922581655967746,0.975917761271683,0.9395557724201478,0.9407665835851619,0.914563358512664,0.9356326942668906,0.9596202485895013,0.9624287668073147,0.9597105439959056,0.946062200777329,0.9603238057569038,0.9600043704568658,0.9597173526852261,0.9605439361227603,0.9493701279072998,0.9514952069938706,0.9522535586012808,0.9600664589582865,0.9348719160046967,0.9481012445289467,0.9239344593418748,0.9248497973399793,0.9993090584886059,0.99936887760599,0.9998823374515913,0.9976745710396404,0.9974163528111006,0.9973022040893786
1058.05208946,0.9131491985272652,0.9409821153030226,0.9368935242241094,0.9282558968686181,0.7418818156820227,0.7487691963696104,0.8284483741593219,0.822889101228329,0.9606451546585029,0.9653274870286813,0.9626453134249232,0.9617877416400671,0.996207461895253,0.996795402348608,0.9970241568109689,0.9964437762802444,0.9972140323698548,0.9993882429877721,0.9993848574353104,0.9979823386904825,0.9695046077059484,0.994273728242851,0.9714716553792486,0.9917201374120651,0.9911396217876497,0.9745358760277745,0.9387991903021276,0.939636001052619,0.9127064660427828,0.9343104808052167,0.9594411141684575,0.9622345500057337,0.9595438863254393,0.9461885895103666,0.9594899032748211,0.9593515201852375,0.959078906866414,0.9599190561806801,0.9472698942417844,0.9492240859967084,0.9501334767334394,0.9583696330794088,0.9322960928030923,0.9454393976176801,0.9212914542010548,0.921958405031553,0.9993169256674255,0.9993549028653071,0.9998731998658809,0.9976604036745608,0.9973585974075723,0.9973310819232808
1063.2810895,0.9102993312138464,0.9389701309342474,0.9345222313152445,0.9257303837970052,0.7474803405305899,0.7544161606076615,0.8330675035945775,0.8271536967101342,0.9595808768885231,0.9640996075286499,0.9612958440123818,0.9604563084016479,0.9951045748134894,0.9958490822471062,0.9958303421239604,0.99525027950979,0.99843832526661,0.9997513646297528,0.9998199924926567,0.9987384481703929,0.967266731861339,0.9934112515756731,0.9700449398764012,0.990704773039955,0.9901890498785196,0.9731181018223493,0.9380304224052624,0.9387798236335506,0.9110799523371053,0.9332211674986367,0.9594685908287339,0.962150572915238,0.9596518764778689,0.9464547282488543,0.9587826331196264,0.9588284187600996,0.9586635890100679,0.9594554580414936,0.945091261998273,0.9468348430882227,0.9479283514694918,0.9567180343993918,0.9299479913329183,0.9427285391666084,0.9186517704849042,0.9191731100265402,0.9992738629545512,0.9993407144712333,0.9998505990333845,0.9976538000817728,0.9973026446703255,0.9973863028057729
1068.51675432,0.9075216466796778,0.9370396194620139,0.9323371989889233,0.9229870038863935,0.7538155412425158,0.7607470885652657,0.8385218179741846,0.8324684905021006,0.9584942522935798,0.9629259803016038,0.9598754728058824,0.9590037908791524,0.9936378929331369,0.9949639077641146,0.9945034978612947,0.9938016539798533,0.9993393583944318,1.0,1.0,0.999229296000478,0.9650707917257587,0.9924362725190364,0.9685496064761144,0.9896138591489876,0.9892188145750755,0.971552120391117,0.9374136864257719,0.9379313353348515,0.909628648680983,0.9321099623190782,0.9594635946034171,0.9620637699525064,0.9600309937886328,0.9468108586959327,0.9582546421254573,0.9583343028205781,0.9583907457646296,0.959249199984954,0.9432095693508673,0.9446330845824057,0.9455897725969598,0.9552029530121062,0.9277610821024067,0.9402948391720501,0.9162540841576037,0.9165608876125338,0.9992090370553832,0.9993297905507068,0.9997832966404498,0.9976232963494945,0.9972134315543969,0.9974207026501218
1073.75904388,0.9048353632316685,0.9351673989652021,0.9301648427501885,0.9201100728625893,0.7606357828228438,0.7676756313515294,0.8442233725513411,0.8384133756985123,0.9574085784936553,0.9618146478093565,0.9583249888879011,0.9574869266568826,0.9918871365663341,0.9939384129418671,0.9931110114670069,0.9923187366589769,0.9998333496694168,1.0,0.9999073785007349,0.999549022346848,0.9629780185759932,0.9912650059989828,0.9669290929329654,0.9882364107610866,0.988014887167211,0.9699158323680761,0.9371514701209074,0.9370809179022115,0.9078950116329466,0.9308541953455588,0.9594533415447477,0.9621069227287322,0.9604691745426819,0.9473006447661727,0.957911132895,0.9579576063216042,0.9582352688106676,0.9592996696037435,0.9417107834408731,0.9427590462804326,0.9432978034888415,0.953658661485241,0.9254928954969937,0.9380921099588816,0.9139767071283785,0.9140634822494763,0.999163526444494,0.9993145883959292,0.9996949358891902,0.997512303655103,0.9971489315284531,0.9974216695380752
1079.00791838,0.9023547224979896,0.9334428774182414,0.9280898583195305,0.9174689167532566,0.7681925144597838,0.7751735178432438,0.8501922264541579,0.844647906768676,0.9563416480173846,0.9607337546280376,0.9569732004122671,0.9561196551356584,0.9901377339135372,0.9928004038985848,0.991862991378888,0.9909866533686007,1.0,1.0,0.9997054524552534,0.9998373565733378,0.9610614280467965,0.9902902010976112,0.965302531557682,0.9867955208314622,0.9868063920160675,0.9682780128878175,0.937274263692481,0.9364395310748056,0.9060292594917607,0.9295594100633999,0.959738339942899,0.9624438077838583,0.9608640935113875,0.9479336288363576,0.9577990597557946,0.9578144167415866,0.9583038098273351,0.9594492756729389,0.9402780821300746,0.9410642132213095,0.941289410013206,0.9520620429789852,0.9235863494635563,0.9359453372686463,0.911671554204713,0.9116319459497668,0.9992066102223136,0.9992884502385315,0.9995853960528169,0.997324278513003,0.9970929857477913,0.9973532179305298
1084.26333836,0.900277181388384,0.9318853868936321,0.9263921030292863,0.9151924540425792,0.7767202823252521,0.7835625542465317,0.856772941464793,0.851447232368155,0.9554002925279734,0.9596672417627917,0.9560760559505385,0.9549722577461117,0.9886662431218923,0.991662990110778,0.9908665352113561,0.9899884112325525,1.0,1.0,0.9997484220475432,1.0,0.9594534766666772,0.9897705192108326,0.9638633748312122,0.9857096081087122,0.9858210986691395,0.9667929552496531,0.9375368424336378,0.9359827477302219,0.9046383800292979,0.9285204699382469,0.9604021184367254,0.9631940126361753,0.9615535757403212,0.9488685244413991,0.958070796076132,0.9580256877610088,0.958643546903156,0.9597257021682186,0.9389231286218804,0.9391179657155383,0.9393716776147075,0.9509072351454952,0.9221013585751724,0.9341970551899612,0.9094992250030325,0.9094159135111421,0.9992793286321219,0.9992555529636904,0.9995537991236756,0.9971858630134774,0.99704137035185,0.9972524093671665
1089.52507305,0.8985298744147439,0.9305271512012491,0.9249637682803915,0.9131485411908304,0.7860430691953126,0.7927283961536182,0.8638568880058329,0.8585666582445775,0.954539275395712,0.9586000208389748,0.9554754647582925,0.9540032378150406,0.9874356865369281,0.9906099551225094,0.9899877023882759,0.9890949972332596,1.0,1.0,0.9999421464336973,1.0,0.958199180144406,0.9895265402164919,0.9626424254448147,0.9850261604594488,0.9850049327093385,0.9655866551583203,0.9377767292960281,0.9360591660740065,0.9037169862305767,0.9279232704178197,0.9614146506893656,0.9641576954221177,0.9626416736503934,0.9502370175422342,0.9586433490791131,0.9585597311208569,0.9594013227665387,0.96010859164725,0.9374723366987939,0.9372124628631056,0.9376679127890154,0.9499715425887862,0.9209464154735516,0.9328869434654388,0.907652905464113,0.9074814608103575,0.999320269759055,0.9992256700591304,0.9995932029111313,0.9972531840949583,0.9970520938090968,0.99726150024335
1094.78823545,0.8969278097658788,0.9292474744150355,0.9234539837481878,0.9113046226539996,0.7956727938054337,0.8022936355356222,0.871258619928028,0.8657589359438238,0.9535435115132682,0.9574451123681915,0.9547396668956014,0.9528670592390058,0.9861404170532337,0.9894772755053939,0.9889771825736354,0.9879859851582454,1.0,0.9999889897472442,1.0,0.9998963945774466,0.9569261297577459,0.98918194168557,0.9615454689132942,0.9843506134038484,0.9842277620136152,0.9644367763575997,0.9379866024953691,0.9361751387278447,0.9030172402881238,0.9276986150040081,0.9624999271041651,0.9651547316413663,0.9639534290600569,0.9518135122642523,0.9593142678016171,0.9591140420377952,0.9603191541651814,0.9605601394760218,0.9358551455758306,0.9358730183908885,0.9364059398370542,0.9488140830798286,0.9199699209052862,0.9316799997269465,0.9060510196829231,0.9057205773593212,0.9993059677231704,0.9991888392625156,0.9996276567023628,0.9973926735119041,0.9970626428221632,0.9973270191338315
1100.05281299,0.8953988902777099,0.9281133809013372,0.9220839672824737,0.9097713652850672,0.8053940807682688,0.8121329460373395,0.8789031971991147,0.8732628739369871,0.9525569425926423,0.9562097657257776,0.9537304507685266,0.9516802963774708,0.984845908570342,0.988227873510497,0.9877781240844942,0.9866646652546515,1.0,0.999974187997538,1.0,0.9996680241121502,0.9555633104269597,0.9886147455087237,0.9605906758530874,0.9835535024105891,0.9834483793305033,0.9633411947459639,0.9380034056103655,0.9360734814727801,0.9026701211603578,0.9277749204778742,0.963670614953689,0.9661389208212972,0.9652088184151557,0.9534565178506555,0.9599721210800546,0.9596557091183796,0.9611398277935574,0.9612397497448186,0.934495089185806,0.93506273053985,0.9354911209046659,0.9478033276582598,0.9187823252847878,0.9304529985441579,0.9048167418318896,0.9040063016246964,0.9992480755072257,0.999149606818664,0.9996595225546391,0.9974551382225246,0.9970221294743229,0.9973446908929744
1105.31879326,0.8939781038516118,0.927204391494596,0.9211756266218217,0.9084986369461381,0.8152315332532175,0.8217562939227724,0.8866207067411943,0.8807416340103362,0.9516051254327713,0.9548333969515493,0.9527061074402131,0.950692752300679,0.9835499687154581,0.9869903357580444,0.9866383141512838,0.9852760781646234,0.9999448968788748,1.0,0.9999079680281254,0.999547260800833,0.9544117494054628,0.9879029140052569,0.9598254239886473,0.9825770988243192,0.9826469466951021,0.9624036598577197,0.9380321167360213,0.9358746082263232,0.9023700463731539,0.9278936667645837,0.9649878020405935,0.9670955366670474,0.9665075186420414,0.955120149708395,0.9606260237783861,0.9604131148581722,0.9619652589567037,0.9620648005372491,0.9334395543584887,0.9341967647887228,0.9346383712474559,0.9472975959718919,0.917307866581365,0.9291455776122739,0.9037022817236336,0.9021992792861958,0.9992155581167531,0.9991235646156565,0.9996423689483693,0.9974706950618559,0.9970087712651806,0.9973501036630598
1110.586164,0.8928257400014977,0.9263450686079217,0.9204468168396955,0.9072964544843057,0.8251546372166516,0.8310817010854021,0.8942221384629784,0.8882429937698314,0.9506146943143426,0.9534346902636318,0.9516768802252117,0.9497770677231824,0.9821617580183892,0.9857913548438824,0.9855591734447653,0.9838329573881787,0.9997514904546159,1.0,0.9995798520376108,0.999383313353508,0.953479739781849,0.9871714304879459,0.9591799943220206,0.981590187703616,0.9819229642947999,0.9615981130642514,0.9384381169987468,0.9358701780215704,0.902286748046048,0.9281787610610797,0.9663154702598219,0.9681395930446052,0.9679001432593525,0.9567108321076783,0.9613110149554722,0.9612390228322116,0.9629072866936824,0.9628375777349082,0.9325453794709183,0.9331669262799615,0.9339373199522267,0.9471957028603222,0.9159544440702433,0.9280293945662753,0.9024753786412035,0.9005284807006225,0.9992280640081477,0.9991474319354285,0.9995620989409004,0.9974401149979386,0.9970160795004436,0.9973760940324767
1115.8549131,0.8919916014188677,0.9255067140577241,0.9197521057524412,0.9061850032318904,0.8349580825688174,0.8403288750771947,0.9016241015493661,0.8956822549919953,0.9495649426796243,0.9520971970089214,0.9506093360334356,0.9489362834902997,0.9806180720115112,0.9845286314050332,0.9843640074797473,0.9823777983967625,0.9993772469656929,0.9997987974350129,0.9991881519906539,0.9991097792779522,0.9527007203159059,0.9865666965785859,0.9586314378032798,0.9809123493631413,0.9812763278836163,0.9609253802488474,0.9390495853931166,0.93614702841155,0.902516734947555,0.928391455881616,0.9675648444552655,0.9692770233263673,0.9693260382106857,0.9583274042002025,0.9620777268073727,0.9619960839373723,0.9638455180930088,0.9636438778704165,0.9317481264305083,0.9321666096351943,0.9331879823930003,0.9471012803243426,0.9148819381248144,0.9271134097020445,0.9013882945577005,0.8994327975015413,0.9992500762478413,0.9991569092147212,0.9995682207441657,0.997335562575343,0.9969567744322264,0.9973708427851412
1121.12502863,0.8912650959216791,0.9246055886012371,0.9191347182636732,0.9052139342104638,0.844403158273571,0.8492706778500898,0.9087243226277935,0.9023934706669438,0.9483967902087125,0.9506931232999852,0.9494010355397244,0.9481157680616948,0.9788663631884211,0.9830632469688323,0.9830256683201477,0.9808715334874715,0.9986022701658915,0.9993003044280172,0.9987008501971475,0.998584923471027,0.951978594725014,0.9860438249968911,0.9581148048446153,0.980441248747426,0.9806002669301479,0.9602575532216534,0.9396935047820667,0.9364416147941879,0.9029456915627091,0.9286789902036823,0.9687802985716407,0.9703672883080987,0.9707164785358532,0.9599345440949844,0.962895427936441,0.9625609163324605,0.9646889175134178,0.9644283746105188,0.9307520576504648,0.9314266827667798,0.9322150104077949,0.9466719036619292,0.9138543162726728,0.9261362427049866,0.9004302496223006,0.8987165866357444,0.9992306088658526,0.9991068924929113,0.9996784523798591,0.997211015044242,0.9968394039267409,0.9972633004250533
1126.42117712,0.8904693684789432,0.9237053529851019,0.9187184565626155,0.9041348251151565,0.8533024907269793,0.8579948685454106,0.9153336824123712,0.9085733702167085,0.9470786947274689,0.9491663650251182,0.9481496784543584,0.9473340275722617,0.9770303267164181,0.9813872005998717,0.981466203189515,0.9791744697669714,0.9972547534452446,0.9984606712377139,0.997931918151344,0.9977059063954923,0.9511877917793101,0.9854040548401677,0.9575155742344437,0.9799026555005126,0.9798937708465197,0.9594948905521441,0.9404031460805297,0.9366989229903339,0.903471889871183,0.9288665005776561,0.9700520048479069,0.9714315262711105,0.9719617985248938,0.9615081892220864,0.9636325016971622,0.9630352033912306,0.9654404469215631,0.9650398081465115,0.929427067967086,0.9308857705087913,0.9312080545516694,0.9459872049820867,0.9129206902071756,0.9252660927859145,0.8994073060860699,0.8981606368234026,0.9991782897803317,0.9990705982353193,0.9997706755797365,0.9971007250362743,0.996669778454448,0.9970941382276486
1131.75559815,0.8899347682493106,0.9232345114387726,0.9184443280376046,0.9034249908711829,0.8619772436149259,0.8669650812664117,0.9218083065888223,0.914825530514498,0.9460225590370409,0.9480245609976713,0.9472429325661416,0.9468438818885653,0.9755644990832139,0.9799111157841025,0.9799149421561317,0.977588730469326,0.9952942965797947,0.9974530805077585,0.9968987405340698,0.996618693460974,0.9505816509511749,0.9848773588402686,0.9570355242821648,0.9795099409186654,0.979428250495765,0.9589692139421735,0.9414325512075589,0.9370270315736051,0.904314610388902,0.9291449094271675,0.9715197116202615,0.9726230221639621,0.9733721093698031,0.9632863568989661,0.9645257786781273,0.9637556853892922,0.9662501797348045,0.9659257926222108,0.9283498840611215,0.9304620522936544,0.9305840389261869,0.9451157933538301,0.9126368288688302,0.9246291149347365,0.8987833017540724,0.8977469791740372,0.9991424611135187,0.9990555368291932,0.999879274134417,0.9970802628994094,0.996624888018032,0.9970231539187836
1137.12876151,0.8896844389870056,0.9230780371820986,0.9183190196410952,0.903500718716256,0.8705731232816736,0.8759529360836658,0.9280865446536001,0.9210387431214334,0.9453534270605805,0.9474297410720829,0.946547898835677,0.9464255693879914,0.974307265404004,0.9785526355842096,0.9783734988005748,0.9759685775735014,0.992002696373103,0.9959547151131024,0.9954762851478258,0.9949775792009777,0.9501637207393884,0.9844783578806803,0.9567456030791864,0.9791659996688504,0.9790650051905678,0.9587079853385077,0.9425352484070121,0.9374587988984782,0.9051367060094639,0.9297127066959557,0.9730759912637492,0.9739106322342186,0.9749580640705832,0.9652029024083713,0.9655345590411964,0.9647465738400969,0.9672173640584172,0.967074684395675,0.9277030278044521,0.9300695014047689,0.9300607709723621,0.9442126884209585,0.9128571863953531,0.9241749238237479,0.8986780200683233,0.89759280135491,0.9991329011883674,0.9990485145444385,0.9999831630260616,0.9971689207553689,0.9967145692509102,0.9970477634643066
1142.54114608,0.8894129184040428,0.922966433507628,0.9182871887237112,0.903494171190591,0.8785176502793278,0.884104019608594,0.9336682911369419,0.9265425111241097,0.9446894260449028,0.9470052348153778,0.9457574338668312,0.9458072342413112,0.9728856612552639,0.9769789309633237,0.9767875178282013,0.9740895704956719,0.9863974492939896,0.9934157227168071,0.993274247481016,0.992148915389459,0.9496083775025088,0.9839518962594435,0.9564353918989847,0.9787357055895832,0.9785469464258619,0.9584513896132166,0.9434405535166281,0.9379250335537376,0.9053064950748717,0.9302766474176887,0.974575139072513,0.9752040345288455,0.9763595759891721,0.9670201656389281,0.966392783784271,0.9657917521559207,0.968199380570442,0.9679881842036511,0.9271510838992376,0.9295875920274299,0.9293352222826063,0.9433393656172846,0.9129221909818878,0.9238061946315964,0.8985997503736807,0.8977188920117829,0.99918934223745,0.9990345296253957,1.0,0.9972327966785902,0.996762386199213,0.9970424321933299
1147.99324008,0.8891136286070922,0.9228963141409406,0.9182935835211017,0.9031895814630995,0.8859699813887129,0.891387173322425,0.9387201456332044,0.9313629651160422,0.9438471676868155,0.9465804832308541,0.9448447292466894,0.9449681626513666,0.9712555780846123,0.9752095710698855,0.9752392011023464,0.9720954434866007,0.9779957420780603,0.9896377016222954,0.9898713033866425,0.9877730309045958,0.948933816924077,0.9834341168052844,0.9560902580936506,0.97837176784664,0.9779959387542568,0.9581689809850094,0.9440666264780175,0.9387570786872197,0.9054462330498794,0.9306543320052599,0.9759439595941912,0.9765402473064562,0.9775471280775506,0.968813651378376,0.9672035769688947,0.966808424442213,0.9690967429091298,0.9686725490546202,0.9270296467525531,0.9291744809138558,0.9282966615726899,0.9427501765791703,0.9130384764798913,0.9236012858226605,0.8983749207523852,0.8979860476847012,0.9992810082904424,0.9989966037523501,0.999871547010151,0.9972293854902142,0.9967792423548718,0.9969970482032122
1153.48554133,0.8890721232441722,0.9230230975215429,0.9184600949534428,0.9030166653403442,0.8929253395958476,0.8981019921198132,0.9434564383217688,0.9355970533397472,0.9430734593128823,0.9461025378117366,0.9439690324463226,0.9442291314434088,0.9695558849466523,0.9734701582680241,0.9737673739791785,0.9701812282820079,0.9669436978081324,0.9846169609043703,0.9851836816781775,0.9817549527705919,0.9484644652698055,0.9830706378809536,0.9558351777804018,0.9781853374894202,0.9776403944160339,0.9579723815837882,0.9445261182183785,0.9399365593165446,0.9059998312561723,0.9309821383814453,0.9772800393393664,0.9779994428959142,0.9788431230650066,0.9707041096419804,0.9681412070022679,0.9677171905969191,0.969999093601533,0.9694189048872378,0.9274379860293822,0.9288815077363816,0.9272310985904602,0.9424924776537644,0.9134594543198619,0.9236938608501851,0.8983068012815228,0.8983175933830063,0.9992692488854009,0.9989661027589068,0.9997967191792525,0.9971824570241069,0.9967893309203913,0.9969758121895175
1158.99647413,0.8892660254129812,0.9232607827190205,0.9187943439111039,0.9030454372503939,0.8990896520731767,0.9041665476724279,0.9478112781517232,0.939490914617762,0.9423675472804035,0.9454906927047751,0.9430692669302532,0.9436209515009968,0.9679313633145445,0.9717611663478091,0.97226871747099,0.968279556716467,0.9535707269354287,0.9783837555580015,0.9793827159462684,0.9743463397155104,0.9481881910740889,0.9826627640471334,0.9554690080864701,0.9779268558351979,0.9773950362626176,0.9577505021332556,0.9453161376045417,0.941098791695898,0.9069824836984965,0.9315240853468423,0.9786671282666386,0.9794393427453035,0.9802851163758498,0.9726486206424333,0.9691629391659828,0.9684262239880251,0.970832630858396,0.9703663869652555,0.9277575112236036,0.9287694129274844,0.9265006629668598,0.9422850023243527,0.9141169245443861,0.9240969832160828,0.8982793637243701,0.8987208749448249,0.9992114530420434,0.9989708436805482,0.9996877766656668,0.9971785743342708,0.996855872963408,0.9969624336788213
1164.48107738,0.889913974185732,0.9238629228750522,0.9193475477095612,0.9034611365322911,0.9047116836901998,0.9098578436708883,0.9513909048227264,0.9432937906449647,0.9420522497556039,0.945138587967104,0.9423757723723064,0.9433388275162482,0.9665665819993342,0.9702643843563031,0.9709148888058688,0.9664854785470156,0.9390269310068972,0.9716571191509473,0.9730650797600828,0.9664492824455636,0.9482285064349304,0.9824557436374168,0.9551859608099137,0.9777645005801734,0.9772984884463303,0.9576313472993404,0.9468972402766868,0.9424650409452706,0.9086424597921559,0.9325874729631716,0.980354727787977,0.9811575685898162,0.9819677697148741,0.9747916164061166,0.9702827166978824,0.9692276645130116,0.9718147679379433,0.9717058392311279,0.9280304182116998,0.9290869839985694,0.9265117553667822,0.9423448862507434,0.9147119542441433,0.9248568194258578,0.8985442437946377,0.8996032558323014,0.9991881678164733,0.9989661891758678,0.9996282471948345,0.997187481878098,0.9969341432886195,0.9969304855990201
1169.93996942,0.8908068958237352,0.9249666143370976,0.9200179319553429,0.9040456360091037,0.9096315740044407,0.9150340822886077,0.9543482262043691,0.9468338910915374,0.9421503336305386,0.9450581296776418,0.9418511220541994,0.9432028298770561,0.9649393567136599,0.9688893726283728,0.9695642129130717,0.9646159928492215,0.9252694473535982,0.965336753444881,0.9671362005250292,0.9592608046117826,0.9485472874968085,0.9825161711882616,0.955114047464219,0.9778306257023562,0.9773680941513931,0.9577037276921531,0.9490344491496984,0.9438857612548703,0.9106043897745153,0.9339798843637009,0.9820834518415099,0.9829968471196272,0.9838121876817432,0.977036085876249,0.97132133531306,0.9701618053624157,0.9729319615417231,0.9730987815255675,0.9282563506897672,0.929502259963475,0.9268927481541664,0.9426709967269705,0.9152373281157222,0.9257788381308714,0.8991619322789954,0.9007210045636792,0.99918535295165,0.9989527713916438,0.9996390525920225,0.9971245587213429,0.9969787820454753,0.9968639456858648
1175.3737451,0.8916103618420905,0.9262850388790793,0.920740226532344,0.904501183730012,0.9136869072704589,0.9193834897227824,0.9570612528502989,0.9496144587686883,0.9421939109745212,0.9448609031728914,0.9413290647309447,0.9428026057176492,0.9627698062578881,0.9673522394781119,0.9678599456571687,0.9626177692044129,0.9143150104133431,0.9600768318080602,0.9622768971393784,0.9535909700491482,0.9488186589354614,0.9826344844089467,0.9549950177831522,0.9779382209598549,0.9775504897258303,0.9577596284810002,0.9511656558092275,0.9450436806384791,0.9124251254921799,0.9353928335661408,0.9834029976581152,0.9845075447402819,0.9855780446044892,0.9789738503789066,0.9720151151538768,0.9709808789775651,0.9739618208939691,0.9740784249468668,0.928413302066032,0.9298879946798879,0.9270987369107259,0.942868841061076,0.9159456365259152,0.9266616056765926,0.89979588547899,0.9017046971981268,0.9991957778834029,0.9989406184375844,0.9996924025788084,0.9969652991313103,0.9969268828473176,0.9967492030717306
1180.78297699,0.8923133067764063,0.927668747376415,0.9215602858817887,0.90501442116455,0.9172525757637656,0.9229939935166789,0.9592368262549088,0.9516481033554144,0.9419755823247399,0.9445037678784487,0.9408379802015931,0.9421294340445856,0.9604127926818596,0.9655743231914397,0.9658908329283502,0.9607003221794471,0.9071442321517478,0.9564873991056398,0.9589165691154208,0.949968682162995,0.9491117797380737,0.9828388379449182,0.954993977135617,0.9781154188483258,0.9777932496005984,0.9578413354818331,0.9529943973517777,0.9461104201030317,0.9140785384544142,0.936723709796418,0.9845582094476539,0.9856808405348889,0.9870231130759882,0.980570692736781,0.9724461301639467,0.9715992196606567,0.9747944489681967,0.9747440202533801,0.9287802815470662,0.9302665835934805,0.9273379825466628,0.9429374779976977,0.9167417849428084,0.9274694994967623,0.9003160222018286,0.9022990829292583,0.9991927492624909,0.9989359982096833,0.999718844121195,0.9968561115313364,0.9968096217492927,0.9966364111323275
1186.16821657,0.8933492163211251,0.9293731710051583,0.9229569817760868,0.9059701932519274,0.9205201767029038,0.9263338150442496,0.9613226352794467,0.9536953492122513,0.9421018523127171,0.9444253200298519,0.9408116569737152,0.9418234373695616,0.9586323535256777,0.9640514414596898,0.964182309428516,0.9591186407975693,0.9038210022779903,0.9549172484873932,0.9572676239834536,0.9484687865694953,0.9498948315974993,0.9834120075628444,0.9557219591374256,0.9786296314755378,0.978395423250114,0.9583477467325676,0.954982797718438,0.9476306803900836,0.9159640695978923,0.9384544705050022,0.9860736226595264,0.9871028135321797,0.9885013836198928,0.982394410334447,0.9731311521099815,0.9724645761316804,0.9756170553258107,0.9756433856338824,0.9295408796001798,0.9311120157619407,0.9282828746133766,0.9436500566105592,0.9182488533474465,0.9286343265498019,0.9015274740546212,0.9028761335772331,0.9992098169730743,0.9989223487488218,0.9998590938627929,0.9968428772029607,0.9966588031694963,0.9965476695767085
1191.52999524,0.8947889857211581,0.9313548810074457,0.9248099993167549,0.9073685622787822,0.9234460217871325,0.9293422977719288,0.963679492420398,0.9558219837687034,0.9425459960315947,0.9447503249774669,0.941165830035257,0.9420067492826123,0.9573869937280272,0.962822940549276,0.9627861025044899,0.9577339065067338,0.9029467129488234,0.9546666186078213,0.9567852848008984,0.9481194715008048,0.9511050710920461,0.9841268351108187,0.956982177760213,0.9793924997339869,0.9793057314505811,0.9592847196460716,0.9571032353024858,0.9494301548391679,0.9181340378178949,0.9407569182010194,0.9877902587497395,0.9888189331859909,0.9900214965418711,0.9843901140207816,0.9740273785213042,0.9735550377832491,0.9765073365149269,0.9767715831771842,0.9305178693197421,0.9324724491123847,0.9296884458389874,0.9446971781551419,0.9203270488556264,0.9302352533017091,0.9034231422399821,0.9040317894220229,0.9992260482227908,0.9988907510517189,0.9999214762220094,0.9968489301712674,0.9965205981283516,0.9964902594495322
1196.89576018,0.8963768844431923,0.9333029532257624,0.9264945546212977,0.9086624358572299,0.9260514855819649,0.9317957673778406,0.9659116421363205,0.9572683572730748,0.9428128010432534,0.9450126891093716,0.9414389258699586,0.9422263792501042,0.9560080103643586,0.9614854351331822,0.9614728116450493,0.9562157985216896,0.9029529295287898,0.9548726661827182,0.9567438401701839,0.9480852520468879,0.9523284696533431,0.9845392950839078,0.9581484152498867,0.9799628741397741,0.9800695914265372,0.9602952962030927,0.9590716622846331,0.9511207240186664,0.9203710361294581,0.9430003186625061,0.9892752718203712,0.9903328415242576,0.9912264291943935,0.9860664196242976,0.9748007505702888,0.974336652482717,0.9773408911610397,0.9777744152193477,0.9315073567030717,0.9336580391229108,0.9309247527505524,0.945379933012206,0.9220351262180504,0.9318269570991066,0.9052668621671685,0.905584814008157,0.9992319296361084,0.9988576343076203,0.999693970702741,0.9968065949288191,0.9964584191197705,0.9964976265719613
1202.26638934,0.8981340216315246,0.9351942426686924,0.9277840407556516,0.9099166044758318,0.9282685071630383,0.9337822083362958,0.9677322962145393,0.9579665728215288,0.9429074068855887,0.9451290794503275,0.9416010661681851,0.9424997925369748,0.954467395798328,0.9600769869419827,0.9602763061366295,0.9546847075609992,0.9038241716543584,0.955461727739903,0.9572074241135876,0.948528542977815,0.953479134063188,0.9848107866336737,0.9591953232513399,0.9803819528321692,0.9806035201251508,0.9614435604093803,0.9609684175794087,0.9525971325360743,0.9224890234477107,0.9447373769413355,0.9905405985000438,0.9915278211688323,0.9922423449946173,0.9874739256371373,0.9755504125435128,0.9748308659480931,0.9780920946093933,0.9786706690287378,0.9323911146814222,0.934473300089731,0.9317156303595954,0.9457815917357341,0.9234560967113081,0.9331482127897108,0.906960708618087,0.9070710774423577,0.9992247100209962,0.9988464818708036,0.9994832783801841,0.9967873948733266,0.9965297315639359,0.9965752357528044
1207.64185238,0.8998821036658127,0.9372562190203576,0.9289781861463419,0.911388098841521,0.930291209500769,0.9354545772881707,0.9690701546760417,0.9585729699866194,0.9429244485407461,0.9453226731978025,0.9417977547941487,0.9428674710517526,0.9529585151725529,0.9587627686117931,0.9591546059027402,0.95316466713762,0.9068075983904554,0.9570475341438514,0.9587666375211298,0.9502701684970822,0.9547101576215414,0.9852427797854079,0.9602952498461911,0.9810037044209198,0.9810284669427219,0.9627557018647356,0.9627903097444217,0.9541507817205823,0.9244446862302024,0.9463284530179037,0.9917552706027317,0.9925702030734479,0.9934020966267909,0.9889533206813258,0.9762724323452506,0.9754083620527146,0.9788345203897151,0.9795327772464827,0.9334214791164939,0.9352589069902095,0.9324960426199564,0.9461728273156532,0.9251340884540097,0.9344494041462031,0.9086293925930479,0.9086685541121293,0.999175476944219,0.9988497904096623,0.9994686439079603,0.9967365507247659,0.9965859767290551,0.9966226317806451
1213.0221192,0.901543972594259,0.9393216310011562,0.9303512145117624,0.9129933162592689,0.9321047475129608,0.936892733036092,0.9696550462388296,0.9591956891517459,0.9430017628902015,0.9457277180859718,0.9420787745355594,0.9432499701652527,0.9514143986836996,0.9575875479540796,0.9579296019637004,0.9517071664553863,0.9125074500911599,0.9599132203560318,0.9615528692701865,0.9535546176253995,0.9560332722506283,0.9858294894916255,0.9615501917487923,0.9818443991274978,0.9814401143938623,0.9641254983282146,0.9645443384121981,0.9557351628178691,0.9264096907103813,0.948322509509346,0.9929341212968015,0.9936346505539487,0.9946779807718584,0.990456595382264,0.9769964959988502,0.976182303619361,0.9795355775344168,0.9802595356173902,0.9348184409029655,0.9362188837710096,0.9334643874423046,0.9465225784281865,0.9272702362747195,0.9360586608227109,0.910389861932414,0.9106208594466458,0.9991499257728089,0.9988061665407907,0.9995150529705663,0.9966184662220446,0.9965208039699728,0.996581894243413
1218.40715994,0.9035112216908674,0.9414095821544779,0.931967482118143,0.9148091366357345,0.9338195999843911,0.9383205705335199,0.9699955560398194,0.9596220711347118,0.943404682336651,0.9464652874898248,0.942441249230606,0.9437861167987701,0.9499767210421609,0.9564214661648758,0.9566547123502703,0.9505088963469596,0.9193491373858587,0.9633406090037961,0.964939903269874,0.9574691809720074,0.9573938608118936,0.9864902180795433,0.9629920014417276,0.9827904821160345,0.9818245117772275,0.9654505864384182,0.9664746910538307,0.9574790790091972,0.9285123411002458,0.9505392834388093,0.9941155234684591,0.9947085154854088,0.995743896030874,0.9919080172232313,0.9779734786770469,0.9771514368818662,0.9801877846861513,0.9809565438782841,0.9364343145711519,0.937393714587983,0.9346005292435181,0.9469564959763064,0.929448436516653,0.9379507708469962,0.9122191375945605,0.9127900477019896,0.999220627931593,0.9987588125126172,0.99943602362245,0.9965599997975304,0.9964872161795544,0.9965399098508098
1223.79694502,0.9056973239056479,0.9435943878583157,0.933807929410305,0.9167204846290303,0.9355297164561502,0.9398077089825071,0.9702658882560588,0.959948581333361,0.9440705702698933,0.9474284799769296,0.943041720116808,0.9443940777710443,0.9487160598083574,0.9551012153385935,0.9554518483364388,0.9493739578123933,0.9255727683620185,0.9666273148832102,0.9682098278714116,0.961141496329496,0.9587761849818891,0.9870697846231778,0.9645888807576442,0.9837178008568165,0.9822462971510395,0.9667247565225747,0.9686809999391839,0.959338922049942,0.9308636639046973,0.9525557239329865,0.9953075345395523,0.9956706929437851,0.9966171444256938,0.9933528911923124,0.9790530452155848,0.9782184833286726,0.9810150399146786,0.9817895280991934,0.9377974557356205,0.9387842967933799,0.9357241140207602,0.9480095107166678,0.9315464019783154,0.9395957435579877,0.9140195310220194,0.9149611529142032,0.9992746991784194,0.9987344067513582,0.9993865734992179,0.9965717724841927,0.9965133810723568,0.9965642337730384
1229.190873,0.9076726539060054,0.9456187935271906,0.9355560446459203,0.9186751407170479,0.936858251510624,0.9411048506072986,0.9701965358624354,0.9605647982681748,0.9448482705407946,0.9482623209206932,0.9437666490916693,0.9449514721759357,0.9472868516082227,0.9535894252684095,0.9540530288995615,0.9478878367951252,0.9315210281103617,0.9695907397963296,0.9712933078613762,0.9645168535165382,0.9600699184351771,0.987526455089151,0.9662642050144067,0.9844712192413405,0.9827756233655037,0.9680230365985912,0.9707866272416844,0.9609203156989226,0.9334863811381167,0.954451611911051,0.996199974682915,0.9962974733978762,0.9972986716085132,0.9946208083704586,0.9798381882890007,0.9790844464953361,0.9820269040813272,0.9825667945377907,0.9387153784109117,0.9397649998548306,0.9369275331738045,0.9493973047218458,0.9333904549681428,0.9405395248902122,0.915552183354348,0.9168680023575878,0.99922575794538,0.9987253305644853,0.9992882415437375,0.9966300492489681,0.9965876569148328,0.9966139833369887
1234.58829679,0.9095217490290466,0.94763614756495,0.9372242746646481,0.9209211861716718,0.9379921207462867,0.9423296301216961,0.970716438281415,0.9615138234779649,0.945847260174663,0.9490050189178474,0.9446445983973216,0.9456942574282309,0.9457584363199126,0.9520440024736238,0.9524630189548542,0.9462328840452939,0.9388354345004692,0.9729810625998777,0.9748385049675743,0.9685257165880752,0.9614702957276178,0.9880251275085338,0.968048574278428,0.9852081439170157,0.9833834187398067,0.9694934804815595,0.9727618856781081,0.9624260967374832,0.9362491454807177,0.9563368195781032,0.9969796632639967,0.9969143635606246,0.9979448856219213,0.9956507159893064,0.9806119757535579,0.979846749022319,0.9831334369609366,0.9833110432901444,0.9398151998345902,0.9407015901014691,0.9382975864786784,0.9509391134801446,0.9350956145530404,0.9413536474032447,0.9171974050756352,0.9187046244061534,0.9992117415864423,0.9986998201559404,0.9990769766083388,0.9966768911072174,0.9966339420200925,0.996640938682296
1239.98919257,0.9115137238068534,0.9498832240643311,0.9389725484687192,0.9231871664423217,0.9389781338198492,0.9435294710187719,0.9719753503486973,0.9624558798932131,0.946930554346552,0.949936950431262,0.9456028363024926,0.9465137704385452,0.9443448609944051,0.9506678415138352,0.9509731314548546,0.9447581871861592,0.9479883958546443,0.9773603160343926,0.9791046016562065,0.973611105691813,0.9631816843518447,0.9887351258019444,0.9699476454087398,0.9861150427343719,0.9840004498471101,0.9713176643498567,0.9747908255852258,0.9642509852372417,0.9389003430762938,0.9582720334059063,0.9978192739962196,0.9977096388436187,0.9986407426764617,0.9965715869784372,0.9814897198644735,0.9806377111902144,0.9841142424799985,0.9840186224189954,0.941301161569401,0.9418464168156508,0.9394627453881098,0.9527359992563985,0.9368459807779647,0.9426040656874605,0.9194442425440515,0.9207595192418843,0.999244747160539,0.9986693576597655,0.9988436947055596,0.9967446280014414,0.9966812640287197,0.9966440853665622
1245.39353673,0.913443868223011,0.9522306596177106,0.9408226766575593,0.9253393465863771,0.9395703692444473,0.9444651659854236,0.9732407340263767,0.9630100092772638,0.9480355413279262,0.9509648604179091,0.9464757419631729,0.9473442549528418,0.9429356165990963,0.949275312092189,0.9496637137891469,0.9432828387706891,0.9575818747564478,0.9821540711927393,0.9834877471975005,0.9789025614639364,0.9651443881774471,0.9895700335717456,0.9717730431960535,0.987095531403818,0.9846206293378753,0.9732288217786825,0.9765082882652751,0.9662123617182887,0.9413503715114115,0.9600957700290299,0.9986035691584801,0.9984055565726929,0.9992418375601035,0.9973356676884096,0.9821855161112435,0.981368427298256,0.9848328854497275,0.9846682042789058,0.94277984925424,0.9430317022092105,0.9404367341114231,0.954455836530848,0.9385252473794187,0.9441783292479456,0.9218707645521462,0.9228197142382601,0.9992610835264334,0.9986426067869156,0.9985408890413079,0.9967862196240912,0.996655430685291,0.9966359015631169
1250.80130588,0.915383626202004,0.9545456786000851,0.9427592371196851,0.9273912682562787,0.9399318891430317,0.9451592458620598,0.9740278793735987,0.9632184502597492,0.9491098887898165,0.9518679657811238,0.9472243439161591,0.9482242805675045,0.9415739720840791,0.9477622025545167,0.9484942304639411,0.9417005749262244,0.9661286335093072,0.9864579529063109,0.9873139388192527,0.9835472266703048,0.9670745533024272,0.990289009206276,0.9733980531446267,0.9880922509193896,0.9853196154739602,0.9749087072539624,0.9778222470116691,0.9678145251262146,0.9434996190557993,0.9618028542656497,0.9992686375640694,0.9988843000523256,0.9996970546004358,0.9979790612686178,0.9825956996882601,0.9819730837073735,0.9854917502836732,0.9852796329457362,0.9440636870315061,0.94434063925693,0.9416060775454248,0.9556900333119807,0.940082026015699,0.9457723115908092,0.9241999391811815,0.9246960257668656,0.9992528167895238,0.9986394251446336,0.9983031573303796,0.9966701500790084,0.996524273814938,0.996588088697729
1256.21247686,0.9174797569720198,0.9567950381433602,0.944595418049527,0.9292501917852874,0.9403590913482658,0.9457759084108937,0.9743620338955282,0.963407726596019,0.9501678212082594,0.9525692144525569,0.9479947100753824,0.949223659176302,0.9402740805472012,0.946262158002798,0.9472051343597307,0.9401048164359163,0.9731416157886243,0.989863623851236,0.9904227582128298,0.9872891600199705,0.9688202668720506,0.9909171215261127,0.9748204703045572,0.9889389125025573,0.9860350557094802,0.9763671834587343,0.9790097368476165,0.9692134545446666,0.9455693439811897,0.9635326738617138,0.9997309296828549,0.999343854204698,0.9998801649978593,0.9985805918395478,0.9830409124682655,0.9824036153936886,0.9862080580852834,0.9859402459797821,0.9452556415822931,0.9456089697124146,0.9431945852054338,0.9566075241803618,0.9416055915432014,0.9473864476474175,0.9262566357395815,0.9263713972563883,0.9992353148037738,0.998627217439305,0.9982146737110608,0.9964805583112691,0.9963413296751271,0.9964270744039957
1261.62708732,0.919581431443815,0.9588351181275135,0.9461101266726794,0.9309109895779453,0.9409245915214859,0.9463794796751199,0.9746467746055308,0.9638346819402559,0.9512924454671788,0.9531427163611114,0.9486313044625061,0.9502091106724115,0.9388041719486914,0.9448017763502657,0.9457551607579576,0.9384792147561786,0.9790544065440407,0.9924306513810066,0.9929789174282952,0.9902853204591001,0.9702573178071576,0.9915057024530195,0.9761922232542991,0.9895067361624278,0.9866926443430246,0.9777319661673554,0.9802398174880967,0.9706825910161375,0.9476999981424508,0.9651486283858862,0.9999638362266375,0.9998004049811345,0.99993025812373,0.9990715620627417,0.9836322506899673,0.9828136837579557,0.9868626866474097,0.986688874758187,0.9466331796007886,0.9466176591529779,0.9449287292610095,0.9575930012213716,0.9431045231539433,0.9491291123599637,0.9282171152430762,0.9278909745772596,0.9992180640509392,0.9986043842975844,0.9980940281129609,0.9963911768702752,0.9962324507202416,0.9962470946281298
1267.05580532,0.9215764941314198,0.9606860325337945,0.9474510530701613,0.9325915765487595,0.9415334224453238,0.9470493024464552,0.9749380200865362,0.9644756270699667,0.9523971559372185,0.9536850288123686,0.9491093295713707,0.9510207108968263,0.9371556457980711,0.9433533933649209,0.9443389780913417,0.9369269375062066,0.9843476709665941,0.9944310944786405,0.9951359499343301,0.9927912909249749,0.9715631883484891,0.9920043483704526,0.977616462705652,0.9899272235621588,0.9871520080551999,0.9790954076607411,0.981530579128224,0.9721707672050852,0.9496562137652415,0.9665707848206772,1.0,1.0,0.9999749629329918,0.999411625692349,0.9843362976425882,0.9832040877599967,0.9873350647041054,0.9873849875965193,0.9480114411324795,0.9471033423418496,0.9464681653426027,0.9584339025407059,0.944573660521045,0.9506950944298266,0.9302184484070876,0.9293558884722349,0.9992100358733016,0.998590782899162,0.9979113587909331,0.9963832135060465,0.9962092890584786,0.9961524573384205
1272.49861965,0.9235956249247458,0.9624172500012393,0.9489211429584625,0.9343554639702523,0.9422801105746494,0.9478113575672423,0.9752486168897544,0.9651181390515207,0.9534423936990172,0.9543466846686557,0.9497471205065176,0.9519918535264867,0.9355159145706236,0.9421461833776058,0.9429771798474308,0.9355934344316698,0.988938297611448,0.9962985042268737,0.9969631289060511,0.9950343759384351,0.9731109460112866,0.9925854442258905,0.9792336087098222,0.9905793756923902,0.9875145566173298,0.9805780306399288,0.9829763284284715,0.9736724295315515,0.9515692267780077,0.9679781405434909,1.0,1.0,1.0,0.9997519552235963,0.9852646319458155,0.9836303426977153,0.9878477807471515,0.9879208509490597,0.9492743355935274,0.9477403304080659,0.9480171447237319,0.9590429071792316,0.9459652718363158,0.9522208842758242,0.9323102539212179,0.9310842574624275,0.9991918267269712,0.9985552566994816,0.9977389025412364,0.9964021686804179,0.9961902888262629,0.9961180881182291
1277.95551888,0.9256635101649301,0.9640250297534252,0.9506917782848504,0.9363364832367072,0.9431202018870866,0.9486547974318875,0.9755912865368288,0.9654350482819017,0.954545566005125,0.9552608487752459,0.950654737931048,0.9532002906648691,0.9341674643163416,0.9411702615640893,0.9416388211374059,0.9345271178246048,0.992446030444454,0.9979763071874995,0.998372027174145,0.9970701561140243,0.9746552154187949,0.9932184062593884,0.980969303222444,0.9914437993200499,0.9881468322707956,0.9821741742176191,0.9846655147524228,0.975096507162394,0.9535225669558381,0.9694007179019609,1.0,1.0,1.0,0.9999931902931749,0.9862597106118617,0.9842188327123255,0.9885812553746989,0.9883521813546257,0.9506578397630285,0.9488564518708724,0.9498628761596603,0.9600632248321497,0.9477104329364541,0.9539253347563529,0.9344349972408238,0.9332569875719952,0.9991905236989043,0.9985213644694966,0.9976028559545244,0.9964986365180589,0.9961967400270932,0.9961502608541538
1283.42649147,0.92771222425833,0.9656223380683818,0.952576149088355,0.9385099053340746,0.943939909708775,0.9495544275090806,0.9757694698638004,0.9654666156619839,0.9558296665462376,0.9564148830277049,0.95170137074335,0.9545056564784252,0.9329950086380452,0.9404092527770338,0.9403086986947033,0.9336139810961942,0.99482014489787,0.9992759612579017,0.9993605287159016,0.9986959339935371,0.9759486055996711,0.9938207833221985,0.9825538967818139,0.9922348276709884,0.9889293685480943,0.9837843149577241,0.9866266079504019,0.9765699172418649,0.9555430780813186,0.970820646417109,1.0,1.0,1.0,1.0,0.9870683163683484,0.9849731341521031,0.9894643626373661,0.9888859364874311,0.9520637785506292,0.949948215630259,0.9518393194091911,0.9614750397830238,0.949648569834848,0.9556339756720184,0.9364746194306397,0.9355557421098685,0.9991903904797301,0.998479055522134,0.9975808899096867,0.9966755070592271,0.9962349096658597,0.9962728673916744
1288.9115257,0.9295869967910699,0.967393841895222,0.9543540265554981,0.9402665725061854,0.9448214975404511,0.9503635043237219,0.9759912659168573,0.9657222073155239,0.9572811373554232,0.957781385682102,0.9528311266013355,0.955880586618252,0.9318351921873119,0.9395917927222913,0.9391266248687701,0.9324951007118173,0.9961120879329067,0.9999523820373313,0.9999125203695799,0.9997035072781386,0.9770000757273198,0.9943004067475499,0.9837537025210281,0.9928965065977943,0.9896333388796603,0.9851242617679464,0.9885121508636122,0.978148275997721,0.9573572493876188,0.9721818336130348,1.0,1.0,1.0,1.0,0.9876655797201798,0.985831716811296,0.9902785066497728,0.9895641863110084,0.95350045511759,0.9508936444028477,0.9533917948866139,0.9626200597038179,0.951390615606182,0.9571210844145754,0.9384192967710557,0.937621373502165,0.9991993392291099,0.998450894467249,0.997548026014133,0.9968359451922582,0.9962324895141217,0.9963824020956447
1294.41060969,0.9313130713756379,0.9691194693441701,0.9563184722669097,0.9413831508436452,0.9457674417088878,0.9511162448454138,0.9763585645361789,0.9663293072060883,0.9587354940039513,0.9593640045995451,0.9540176549106818,0.9573932250487526,0.930784166526335,0.9387191114948207,0.9382641416708987,0.9311028045449138,0.9962917967919857,1.0,1.0,1.0,0.9781012370688525,0.9947375740396668,0.9847221088158032,0.9934740187557467,0.9901895709687697,0.9860449249893222,0.9901943654999188,0.979628099187199,0.959090521045292,0.9734101429796569,1.0,1.0,1.0,1.0,0.9881963020046223,0.9866769866981003,0.9908342302048329,0.9904049459154329,0.954969349112798,0.9521646496279529,0.9543697049281001,0.9633796612706339,0.9531304406260027,0.9586642734468647,0.940350405448943,0.9395249201747766,0.9992030157027918,0.9984676925711404,0.9974108648310547,0.9968413544399805,0.9962042035457316,0.9964879364775048
1299.91690127,0.9328512700465785,0.9706582366722427,0.958416202919457,0.9425658497451378,0.9467971652099382,0.9521060352032352,0.9769558135583398,0.9673548326973945,0.9599078310940035,0.9608534130413872,0.9553594322721333,0.9590043355897552,0.9298694356650209,0.9377614687044512,0.937601052705235,0.9297500460650681,0.9952745294440191,0.9996342195956573,0.9999632106921862,0.9998208288477879,0.9795904798775689,0.9951454201922445,0.9857431566536297,0.9939995997742812,0.9905624465124957,0.9867152094244516,0.9916938165659241,0.9811071703664147,0.9610492868987113,0.9746615025057319,1.0,1.0,1.0,1.0,0.9887924096892726,0.9874473763296561,0.9913108537545501,0.9913084615674785,0.9563657365625537,0.9540419875394388,0.9553018159510772,0.9644820119493086,0.9550949443400792,0.9602951829802049,0.9423014720430419,0.9414889233816782,0.9991783011463435,0.9984825096342801,0.9972716818588186,0.9966498011285768,0.9961509589876598,0.9965096866899783
1305.42577023,0.9340667573522164,0.9718441599040865,0.9601558987284156,0.9439339876768716,0.9477507760331169,0.9532051860940949,0.9772422960524472,0.9679957385319883,0.9607630293632857,0.9620294516153431,0.9568333172324794,0.9604514691645375,0.9286628169428854,0.9364795397444661,0.936749343296538,0.928612015392978,0.9926000260938073,0.9983533293176139,0.9990856015811882,0.9985983150995323,0.9810613069307331,0.9953750712962184,0.9867483024552967,0.9944293579940219,0.9906458747526333,0.9873551105690088,0.9928866235661225,0.9824298283085221,0.9628177122479316,0.9756432037401365,1.0,1.0,1.0,1.0,0.9893595392528209,0.9880451314775258,0.9918749105450283,0.992055875388181,0.9574602868922336,0.9557651661035758,0.956110821440535,0.9657442871161951,0.9567459152584863,0.9617199523615806,0.9442555249871037,0.9433465989391975,0.999193799523458,0.998483568950218,0.9971568517034158,0.9964693498656761,0.9961268595290877,0.9964065534217091
1310.93719838,0.9354610840840774,0.9729756658757046,0.9616917922950334,0.9455353465206642,0.9488545162253339,0.954554964444671,0.9775459007886532,0.9687078734694655,0.961745857768148,0.9632141226661997,0.9582745968543357,0.9618701214695549,0.9275159295029619,0.9353617754791609,0.9358717863573166,0.9276881923244992,0.9884196184599839,0.9963790904231847,0.9975378280112098,0.9964015468916445,0.9823110757905412,0.995690765752385,0.9877325333012221,0.9949456955417145,0.9907504986623694,0.9881697257928639,0.9940294280254993,0.9835624808034098,0.9645029067601326,0.9766887953430354,1.0,1.0,1.0,1.0,0.9900495702415572,0.9888370982730816,0.9927655423016399,0.9927739677832103,0.9586948300217618,0.9572460460918651,0.9572409589604446,0.9671612449446886,0.9585313030260184,0.9634548841683818,0.9463653126777664,0.9453546868603531,0.9992432283062126,0.9984407836447797,0.997177914587308,0.9963795822451604,0.9960993943508719,0.9962831827439976
1316.45116775,0.9371264420209481,0.9739584717343869,0.9629888033168024,0.9471801485629862,0.9499410837946028,0.9559582310148765,0.9779872703323761,0.9699357368027014,0.9628037854748103,0.9642868562581918,0.9595651811730737,0.9632873245144526,0.9264689332698414,0.9344555694013802,0.9348895118809905,0.9266855046663462,0.9827103472353149,0.9935583135474993,0.9953394850432583,0.9933090149863292,0.9833390151203034,0.9959936246679598,0.9884192217883111,0.9955160807493231,0.9907712618894249,0.9889000800208917,0.9949426860019102,0.9844175662475703,0.9657447937527319,0.9778336965564051,1.0,1.0,1.0,1.0,0.9907223910812887,0.9897405332818601,0.9935890229382816,0.9933830889953094,0.9598122105102331,0.9587018813584002,0.9586168495211621,0.9683531220327852,0.9604353897120058,0.9649759423484872,0.9482784239592864,0.9474192339224029,0.9992740410365282,0.998379511200986,0.9972217952994133,0.9963110122114756,0.9960530450822626,0.9961464886453293
1321.96766053,0.93866551118022,0.9744833962966399,0.9640328528304511,0.9486388049675631,0.9508714989165755,0.9572812742555569,0.9784329173737754,0.9707746890826705,0.9637957145469332,0.9652319193742204,0.9606089878615418,0.9644692932048963,0.9253619235105216,0.9335271243585881,0.9337339851296584,0.9255727237094487,0.9750803992460759,0.9897288542109175,0.9921225171018655,0.989197501937925,0.9839685431145087,0.9960907634861119,0.9887026744641835,0.9958445835785966,0.9904495206849142,0.9893670506996489,0.9953590120747067,0.9850061569411769,0.9666404282112964,0.9787391865734264,1.0,1.0,1.0,1.0,0.9912722139100516,0.9904854469743368,0.9941659883347288,0.9937471917569851,0.9607759386230086,0.9599523218171059,0.9597023678835912,0.9690760725211003,0.9622781984967972,0.9660729260526415,0.9499401598519889,0.9492223942320089,0.9992863828314972,0.9983452426553706,0.9970956448857295,0.9962594441050129,0.9959830792780736,0.9960244895104942
1327.4866591,0.9396976524916187,0.9746732858066183,0.9649327042129215,0.9498642389382544,0.9517112059189098,0.9584308771935216,0.9784949347835639,0.970962696892649,0.9646913302188601,0.9661828719287796,0.9614368829446465,0.9654088556248196,0.9241316648845558,0.9324669069883558,0.9324742815675333,0.9244993891632273,0.9655940402760997,0.9849142032789414,0.9877385205706835,0.9840130795021609,0.9842876405506414,0.9958575537751068,0.9885676352711583,0.9957449662883131,0.9899270016934502,0.9895106727794569,0.9953639580356465,0.9851820063506443,0.9673105284842151,0.9792474794777125,0.9998368593495858,0.999936748951855,0.9999081197889677,1.0,0.991705321583886,0.9908803492090088,0.9944314505521996,0.9940545940688171,0.9618514720752726,0.9608944673955911,0.9604259788948414,0.9695243500522529,0.9639336895944796,0.9669720903574434,0.9515284791828162,0.9507410957381195,0.9993049395142766,0.9983197139851973,0.996947876993024,0.9962216548021645,0.9959171348003121,0.995925218115372
1333.01349556,0.9403860458079,0.9745422965335057,0.9656280165499465,0.9507719974105445,0.9524507012029669,0.9595190208954392,0.9783194671570777,0.9711909362297425,0.9655289840799902,0.9671202039091054,0.9622394162685471,0.9661857609517629,0.9227784197317701,0.9312293431081848,0.9312053686775916,0.9234495683692798,0.9544531677138433,0.9792514828848511,0.9821757512345708,0.9777746781943787,0.9844547866036523,0.9952993673135618,0.987964990991488,0.9953137826598786,0.9895050225557915,0.9892653650191771,0.9952351184676286,0.9852134030811737,0.96769891655164,0.9793010377008707,0.9995558383097688,0.9997234572077448,0.9996263166119539,0.9996277329901374,0.9920782533481272,0.9909821215135042,0.9944328228462432,0.9943608259748768,0.963130115162072,0.9614830954120638,0.9609235054749472,0.9701402555658576,0.9653636376425216,0.9677574728510329,0.9529638571845649,0.9523272094983151,0.9993130872998065,0.998307301818534,0.9967510663979524,0.996212307073976,0.9958443506547973,0.9958054831098977
1338.5688161,0.9412300589488334,0.9743812044154196,0.9664090152378222,0.951615554686014,0.9534547269089337,0.960936542908091,0.9784409029279084,0.9719943143868652,0.9664904958435664,0.9681895317122435,0.9633286785137615,0.9671711762937247,0.9216820234576866,0.9300368256559971,0.930148317724583,0.9224368984991442,0.9420641151078403,0.9728514287204392,0.9758337240002466,0.9707902669980609,0.9847616104483375,0.9947352505189975,0.9873071539942262,0.9948918854376004,0.9893513906558176,0.9888540650340591,0.9952265186612671,0.9854652446747992,0.9677426516780577,0.9792410564200408,0.9992202255515076,0.9994129802169199,0.9992366652644931,0.9993163274865169,0.9925531764066101,0.9911969856114204,0.9947163179813338,0.9947885201596433,0.9644878409627096,0.9620938520730405,0.9614587210461841,0.9711727967555984,0.9669534298968954,0.9686655982786052,0.9545403721707966,0.9540502925209942,0.9992812723918783,0.9982890724233983,0.9965589551072087,0.9961910159194022,0.9957246571916425,0.9956798276313276
1344.15282419,0.9419099685681719,0.9741205393291597,0.9672180667922616,0.9522128789472856,0.9546979079296587,0.9626670190582914,0.9787816256487122,0.9729404546921976,0.9676346996014881,0.9690533804345042,0.9643266414058012,0.9682210600387798,0.9208331641997765,0.9288093264463697,0.929132183038338,0.9212995663087934,0.9286963984897249,0.9656068200768793,0.968895717237912,0.9630980655817538,0.9849913805927518,0.9941436578479488,0.9864863914047434,0.9945003376311555,0.9893578405940596,0.9882046951661074,0.9951793014682226,0.9855732275782504,0.9675139967307661,0.9788905093401766,0.9984799508547528,0.9988076702494348,0.9986205034376967,0.9986969331131975,0.9929722986672902,0.9915588866734542,0.9952253307172946,0.9953082971043425,0.9655139559328071,0.9627394892196164,0.9616924641352008,0.9722548165988215,0.9685799144712562,0.9697984003462343,0.9561967000038694,0.9554460002297828,0.9992558862669417,0.9982557082326864,0.9963688182676063,0.9961032216945789,0.9956239020186443,0.9955874984076862
1349.76572543,0.941978696512423,0.9733594748913676,0.9677276303321104,0.9520495434201351,0.9561830257718209,0.9641388213252591,0.9790607982207917,0.9736327198653674,0.9686304217322665,0.9695441945393131,0.9648318729098617,0.9688149495735117,0.9198198370930356,0.9274215985170996,0.9277842264586861,0.9199895375135588,0.9147885216913659,0.9578718086266175,0.9613156180632648,0.9549136512912719,0.9846652822160692,0.9934732151647065,0.9851297135939604,0.9938921544788601,0.9892789177329684,0.9871081169148446,0.9948498502241153,0.98499130646385,0.9669030807315748,0.9779794858007197,0.9969635654051143,0.9975178545250307,0.9973234198176868,0.9971721357301062,0.993331396944185,0.9919566586407343,0.9956467473868291,0.9958066732039847,0.9656751786977594,0.9631523566060041,0.9614495229123222,0.9726704508254129,0.9698673627313897,0.9707823273230856,0.9575224019568136,0.9564739175305175,0.9992711090321392,0.9982136985352134,0.9961083221937727,0.9958581223469103,0.9954033473542088,0.9954361650427072
1355.4077275,0.9415715658143345,0.9720838529493471,0.9678267088786222,0.9515377692917424,0.9581471278302254,0.9652278696471821,0.9796898091601084,0.9742808722762314,0.9691387670639969,0.9697842351762141,0.9649014496011251,0.969007839139123,0.9187550874804518,0.9261340413327144,0.9264300488195248,0.9186594834994181,0.9011584698149564,0.9504915708139823,0.9536728093466296,0.9467185436441253,0.9839170465818387,0.992840498014863,0.9833014605768273,0.992967442453831,0.9890517780154122,0.9856039922610649,0.9938072489264279,0.9839799916368313,0.9658363963062474,0.9767774094690156,0.9947733276833367,0.9954391669495556,0.9950939201214233,0.9948113505864008,0.9937334602852288,0.9923478842833975,0.9959779160462914,0.9961511021068677,0.9654824500116153,0.963561678816746,0.9610019531762639,0.9724390487907735,0.9707318873670652,0.9713603459415738,0.9585427264234916,0.9574019012940629,0.999254519035832,0.998188879215625,0.9959732478610521,0.9955896876481305,0.9950357496252027,0.9952170388944491
1361.07904029,0.9408420068388245,0.9700963587358664,0.9673400782059232,0.9510245649078976,0.960355965675489,0.9662420683563382,0.9806037887716372,0.975153416194861,0.9688555064439983,0.9694149365288549,0.9643678482566924,0.9685362818063421,0.917794175284555,0.9250320416053719,0.9251921392142443,0.9173465930931167,0.8884059290156513,0.943579665973213,0.9465169172309058,0.938655402922298,0.9827687643660362,0.9919137688622479,0.9810084054143834,0.9917348291385248,0.9884977565494808,0.9838018903357739,0.9916698208168528,0.9826459520153314,0.9642665195182879,0.9752506314071425,0.9916429232649889,0.9921898522803431,0.9915291882828147,0.9912937683314277,0.9939846770008681,0.9925565389894563,0.9961809997270028,0.9962809951977866,0.9650382567244827,0.963452909381648,0.9603264295738402,0.971896019838349,0.9709790681895278,0.9715365080063997,0.9593338032108121,0.9579118016562559,0.9991773700317088,0.9981526680131388,0.9958327376463182,0.9954648603709058,0.9947945406448447,0.9951045700290025
1366.77987583,0.9394531979898957,0.9669350816833739,0.9661610755148379,0.9497950532428934,0.962388405473474,0.9674760112183306,0.9815016580671081,0.9761670216810501,0.9671322906271923,0.9676263223312026,0.9627351681843725,0.9666980940182647,0.9167716604748127,0.9238954505295321,0.9238407119651991,0.9159771219641246,0.8760924094568484,0.936670232360142,0.9394940478881768,0.9306133348965403,0.9809134045306687,0.9906313419653662,0.9781251277296519,0.9902090523958139,0.9875436653289639,0.9815441519511435,0.9884166681931158,0.9806008639153931,0.9620782218226069,0.9728291945176787,0.9869771243803762,0.9871558243682057,0.9860977016479003,0.9859916083617378,0.993908268958866,0.9924888990851696,0.996172273195568,0.996219423993508,0.9638241029222357,0.9624918339376247,0.9591885884867067,0.9710766302816302,0.9708016615367964,0.9713756461741192,0.9598241816408056,0.9578512465272377,0.9991027998217563,0.998103396548348,0.9955934840298476,0.9954156136664162,0.9947290739316359,0.9951004738929862
1372.46681289,0.9366230430283204,0.9621002150541854,0.9644121839776769,0.9467319151243735,0.9638714739820895,0.9688021250583317,0.9825005517911007,0.9768103815952719,0.9644639665866951,0.9648560623125884,0.9604765681388309,0.963998245821581,0.9154038982773405,0.9225060747683248,0.9222922607474369,0.9145916988167376,0.8636081321856166,0.9293638010889599,0.9315507000315981,0.922082418350193,0.9780783221512339,0.9889985732297386,0.9745580821261942,0.9880303522504473,0.9859378735689366,0.9784230034154678,0.9844046442607322,0.9772346957361765,0.9582298606317581,0.9687569410111374,0.9799190374455415,0.9795495392514104,0.9784286253823441,0.9781645723965847,0.9936540489453556,0.9921481649271422,0.99584815092801,0.9959867531599914,0.9615740613069,0.96053401011231,0.9569318697336464,0.9694924452752952,0.9702474258523902,0.9707243834072985,0.9593525033861969,0.9569678263719402,0.9990747318570644,0.9980817104726744,0.9953628398647824,0.9953570292578187,0.9947011903055177,0.9950732829807859
1378.13342967,0.9317928466063263,0.9551389171703081,0.9615855024742321,0.9416218502121706,0.9651666123770568,0.9701457588260506,0.983471781352479,0.9769458867008435,0.9625704522370876,0.9627683278694054,0.9589597176032628,0.9619395353511936,0.9137824955714517,0.9210050328085844,0.9205353828072321,0.913129448014894,0.8509148793490889,0.9213892838075094,0.9223437853057644,0.9127569775885039,0.973647828666924,0.9865945909893153,0.9698087142515505,0.9846917113410079,0.9832527805547006,0.973882926517383,0.9789221961989527,0.9719655206860871,0.9520993687077824,0.9624891913868215,0.9700702182253438,0.9691569094770375,0.9681164037433864,0.9675073217571265,0.9931468799494224,0.991608293086492,0.9951455773797122,0.995515832189227,0.9582746756048439,0.9573812930297182,0.95313491174514,0.9666421460574958,0.9687791947827916,0.9691558855406289,0.957501343009536,0.9547041463503173,0.9991117682432473,0.998061548899442,0.9952347381634923,0.9953193128773005,0.9946861039962422,0.9949974344493301
1383.78010777,0.9251356407943179,0.9458226612008737,0.9568791962865781,0.9348563304581924,0.9666693468563643,0.9714562334677384,0.9841751193984738,0.9772571382567601,0.9611192150701975,0.9609754561331747,0.9578400405326031,0.9602047550579043,0.9119612592185451,0.9192993382322354,0.91840161488152,0.9111753479986389,0.8376046517343194,0.9129752318293004,0.9125895305094651,0.9030139834699306,0.9670701233282231,0.9830593716416983,0.9630440526155971,0.9799021577263182,0.979068412484998,0.9674752529967181,0.970485560664091,0.9640854142745141,0.9430996294116566,0.9534569507136198,0.9579411979183865,0.9563240342254605,0.9553601708588438,0.9545196892937414,0.991956243089331,0.9905385277670666,0.9939514848547397,0.9944008051048593,0.9535869436394449,0.9528994995135601,0.9477125527185126,0.9627808695901942,0.9653982305932834,0.9658290599024695,0.9537430858015012,0.9506758402047917,0.9991325251251576,0.9980332809316049,0.9952839821281764,0.9953867861948072,0.9948178150614435,0.995048151764213
1389.40721715,0.9171351223285096,0.9340864759293558,0.9503248026703678,0.9262990988252087,0.9682235926294229,0.9727924382725437,0.984977861545059,0.9780199267115445,0.9589839123441203,0.9586191505909277,0.9560156635097677,0.9580832126685835,0.9100307583967993,0.917350046908162,0.9158935655660994,0.9089530476106655,0.8229505978783321,0.9040625977479545,0.9026644962097089,0.8932484755225577,0.9593381233293318,0.9789647592808779,0.9548051176609532,0.9743836593993425,0.9741928965987308,0.9598360706179402,0.9588876322735628,0.9531182222723821,0.930420384030523,0.9413530030276359,0.9440572055689869,0.941436756258841,0.9412107838578004,0.9400402735646478,0.990194334484298,0.9888585424348593,0.9922674647657191,0.9925562902504742,0.947389968518408,0.9476322436840156,0.9409446130535913,0.9584895648260112,0.9591133036206029,0.959567247335641,0.9469617132327838,0.9441252028937822,0.9991846601240483,0.9980141702498265,0.9953308603290554,0.9954383507171237,0.9949903653722458,0.9950841907238742
1395.0151167,0.9082156673568472,0.9201454428227267,0.9418762416836557,0.9156394581696892,0.9696750790648808,0.9742660923228846,0.9857479911282914,0.9789022053281147,0.9575112442941639,0.9572254594558114,0.9547582346549925,0.9569628368077068,0.9082565946723914,0.9154608744937416,0.9136117423979074,0.9069891256224464,0.8055792375912694,0.8939628682120198,0.8918185798574714,0.8823869768816645,0.9514176488077083,0.9748239935307279,0.945887049764796,0.9687379509703786,0.9694378472560026,0.9515948749163615,0.9450804753283146,0.9398869460075238,0.9144971668504046,0.9267204221575072,0.9288314181474885,0.9251211953127054,0.9257762332651325,0.9244905773681363,0.9883530682279632,0.9868833273215158,0.990328615294908,0.9904877055578596,0.9409710925907259,0.9423797261992594,0.9339915471044333,0.95447988259337,0.9497400108625865,0.9503187465059654,0.9366492533428223,0.9341770548712793,0.9992288277615534,0.9979835474459183,0.9952719917007464,0.9953927579850634,0.9950751876123887,0.9950686994893234
1400.60415467,0.8991008591029929,0.9049135114519046,0.9319133407035488,0.9034013419489286,0.9712989406885767,0.9760147097086357,0.9863867277367582,0.9797197489408032,0.9576921858103834,0.9576414892459241,0.9552311349897471,0.9578151468769204,0.9067225740508421,0.9136005363959974,0.9117454726609512,0.9053029629177834,0.7851962063195794,0.8823549448823625,0.8790355560203945,0.8695248396255312,0.9429968758953404,0.970251052245187,0.9360822610320438,0.9627718959578487,0.9645727746058849,0.9424355856959366,0.9304026695102537,0.9262037271906688,0.8977359930516166,0.9114130063326817,0.9139793905036173,0.9093047299672157,0.9105399566342242,0.9091826079478916,0.9866924581891287,0.9851674671476485,0.9889045238915102,0.9889094426193065,0.9357015219079498,0.9376514140750276,0.9280256528476973,0.9510179787044364,0.9388916756590765,0.9395860360710581,0.9241587776478167,0.9221871962717448,0.9992155658217584,0.9979529998112694,0.9952248480343788,0.9953777503812007,0.995213445367905,0.9952690295021367
1406.19775036,0.890790817091951,0.89005710799561,0.9218016598830626,0.891189346332682,0.9729243267538987,0.9778684351989996,0.9866037968635991,0.9802813315628349,0.9581905947979279,0.9582391246400835,0.9561401249659988,0.959019640978632,0.9053098455931209,0.911594976488482,0.9098509289401939,0.9035628593298421,0.7628814857873446,0.8691393320683494,0.8637515017579733,0.8545619490690242,0.9346538417777176,0.9650465551080853,0.9256748510127338,0.956656192485265,0.959717098355049,0.932738733725725,0.9168805094456113,0.9140564890208849,0.8826768560812221,0.8976024152366779,0.9022933384342064,0.8968296532475529,0.8983736409367694,0.8968051802513599,0.9852557822658791,0.9838874295482771,0.9878034272092231,0.9877810464470975,0.9311471881629738,0.933234117638899,0.9228963733450294,0.9476459523174952,0.9292004819868244,0.929979665673914,0.9128336239644452,0.911356593149562,0.9992179187797721,0.9979392186663999,0.9951421236851891,0.9954498603996405,0.9953503934380755,0.9955156154347685
1411.81328293,0.8860541528102973,0.8790576040845048,0.914192071135501,0.8826696891697662,0.9745364335500514,0.9796095659324145,0.9866161609053564,0.9810943180586562,0.9585395087992329,0.9587532494953235,0.9569676530266243,0.9599226724492423,0.9039723067170318,0.909568902303368,0.9078760093180643,0.9017038719188183,0.7407805306333649,0.8549856383845843,0.846913309133563,0.8386369062306939,0.9285503768113063,0.9605864996347162,0.916086456042874,0.9516314289755686,0.9559052217801124,0.9241238488567914,0.9069828836809428,0.9057117701397912,0.8719694313471769,0.8877760017018717,0.8975224498702834,0.8916982522429221,0.8932337238783455,0.8915535137662287,0.984187345972178,0.9829482049120986,0.9869365280554255,0.9869327352251388,0.9290300066006564,0.9309776704489887,0.920365417820493,0.9459509355031771,0.924250735117448,0.9251231207354462,0.907054837784022,0.9057764578631848,0.9992259161575001,0.9979526148736657,0.9950641825098077,0.9955681461071303,0.9954369163498774,0.9955921248604805
1417.45083527,0.8874773962759982,0.8746805132482667,0.9109569551706534,0.8813872951217492,0.9762822718108979,0.9812304386411552,0.9868102088631305,0.9822914685755623,0.9593774242904958,0.9600288596992298,0.9584343533310128,0.961201878823474,0.9028391299610941,0.907898025925883,0.9063304968122514,0.9001354771507823,0.7207879264463983,0.8410580926785045,0.8302352739085047,0.8233479383851713,0.9259887141604323,0.9580447342464601,0.908318958269643,0.9485830566839858,0.9539169994937367,0.9176536564924642,0.9021468909516718,0.902163732445365,0.8672572463098498,0.8832191448875988,0.9014464788177888,0.8959317963622304,0.8971812702238191,0.8956352689809015,0.9836359132718843,0.9824196454357633,0.9864604877447037,0.9864488821176842,0.9330902702827117,0.9349582044733011,0.9247408096631643,0.949427048755733,0.9263254279692895,0.926963806488082,0.9093560707790156,0.9081674079707188,0.999261914121246,0.9979540198169004,0.9948634379690241,0.9956535407082856,0.9954915067188297,0.9955735291135758
1423.11049053,0.8929989666472122,0.8755018509888519,0.9117265588677568,0.8859319588552294,0.9779222391763853,0.9825205249142308,0.9873409790140081,0.983345680964746,0.9608605760336788,0.9620167937388615,0.9604397430567101,0.9629015377073472,0.9019386699458631,0.9065068293334188,0.9052562465773663,0.8989178782774497,0.7040169977548926,0.8281228531185775,0.8148441252925138,0.8095592441097396,0.9258995755598971,0.9566459742049124,0.901783751293584,0.9470128185311306,0.9533677834244924,0.9124878346823365,0.9020004914519038,0.9026924985637526,0.8681040149487922,0.8837001588815878,0.9106922791353609,0.9058373765149794,0.9067432540951965,0.9053268610040394,0.9834133302671144,0.9824438562476148,0.9861400200345117,0.9861603796374677,0.9419434098323509,0.9435975853164327,0.9341277584990735,0.9563874962271698,0.9340200847168371,0.9341938036437986,0.9183726391725866,0.9172266233747238,0.9992970987222303,0.9979495323545173,0.994521453275787,0.9956619958298136,0.9954582797356715,0.9954988254481337
1428.79233216,0.8993487371578478,0.8789879973855066,0.9148373663419372,0.8930590066870937,0.9797010138483176,0.9837492126966426,0.9881812813657197,0.9844093582854203,0.962841463144165,0.9641153842253924,0.962657129768236,0.9648247495492065,0.9013231819133063,0.9052343656789722,0.9043589653412963,0.8979965631294711,0.6906062625549256,0.8164302510556405,0.8006876535120536,0.7973138153294264,0.9259930759273117,0.9550986556968016,0.8948583137079726,0.9456331633510091,0.9531085214700347,0.9067377347544385,0.905672847034975,0.9065079325562316,0.8732188717385896,0.8885469836437669,0.9211142483644679,0.9167753026388339,0.9173890333449733,0.9162519041897355,0.983626868886491,0.9832193611719469,0.9861414882794692,0.9860618411194764,0.9512055335764189,0.9524240643290293,0.9434119034584768,0.9630359993366286,0.9442428731039717,0.9437405554459045,0.9300626774201793,0.9289754596641838,0.9993188002369069,0.9979715852257882,0.9941834887054154,0.9957647470793841,0.9954393905231584,0.9954623441170368
1434.4964439,0.9051997185023777,0.8835577796107622,0.91867983653969,0.9005789945487306,0.9817304640593848,0.9851658214464736,0.9891119416031148,0.9855940641041124,0.9649713212856253,0.9660884434105239,0.9647991779125279,0.9667789986038281,0.9007124402960452,0.9036981572508074,0.9033521800783805,0.8971631127329223,0.6796790176804729,0.80557823285828,0.7870933121619678,0.786014681242962,0.9244359933743442,0.9522585913184537,0.8857855374065772,0.9429925924897102,0.9518839701808246,0.8987765279059754,0.9117935351250689,0.9123524001012228,0.8806104735179179,0.8957807159164598,0.9307504400222378,0.926805745694914,0.9271130415060312,0.9264706580019197,0.9843606829895374,0.9844034000525437,0.9864441247588608,0.9863773725150023,0.959100864726082,0.9598127816850623,0.9505078749012895,0.9687440454196153,0.9540541573170345,0.9531180441339053,0.9410553181510848,0.9397222219493312,0.9993152752527703,0.9979377093892465,0.9937689159579014,0.9959985016470184,0.9954690407948787,0.9955002056471262
1440.21938683,0.9100902777450853,0.8883768850795495,0.9223135355651695,0.9073086557498707,0.9838141573939411,0.9864388527831112,0.9900037838554057,0.9866606926566818,0.9669850914381998,0.9678066448860068,0.9667149475978151,0.9684183764157724,0.899874545001201,0.9020416018856068,0.9020892454465675,0.8962582023405856,0.6712212933135044,0.7962449492948097,0.7751370966797559,0.7764802132860956,0.9218404383041459,0.9485863441000716,0.8759815050009114,0.9394622425103343,0.9497098523722569,0.8899946016152303,0.9183831847335033,0.9185531666974592,0.8885758883804927,0.9033411021354056,0.9388094292561566,0.9353525598434833,0.9350823757458202,0.9350093656612918,0.9852084122945153,0.9853089566508215,0.986860262878399,0.9869336742352759,0.9646740625464832,0.9652515184580366,0.9560278626623345,0.9733138543960334,0.961579064051157,0.9604253987685709,0.9495206636209489,0.9478243211123332,0.9992734020875029,0.9978961746786528,0.9933007901055535,0.9960441519901754,0.9954478378338966,0.9954833139991451
1445.9515979,0.914238543984096,0.8931670999876005,0.9257932184371407,0.9131518504926088,0.9857772237320821,0.9877134414213568,0.9910547014576735,0.9875974217366916,0.9690216726318445,0.9693450039219511,0.9685340704484668,0.9700698235129972,0.8993083587831279,0.9010856067339398,0.9010769722802946,0.895737189674981,0.6666712623751758,0.790977799759455,0.7683445879536543,0.7713516575878872,0.9212919765654765,0.9467834575056402,0.8711559822001255,0.9379030467664683,0.9488291834739754,0.8857638806622375,0.9246259998724958,0.9242393201790579,0.8959663822609499,0.9104335041123309,0.9451492135218216,0.9421585315666855,0.9414712036774581,0.9416832700714792,0.985935426841007,0.9860772438406673,0.9874727637041926,0.9877124413790974,0.9685800274178532,0.969011519613824,0.9607716273961228,0.9765116225214537,0.9671228676111525,0.965697551083909,0.9555232012241126,0.9537729096618204,0.9992430315519455,0.9978764987988143,0.9928693063439475,0.9958814699022553,0.9953791495137647,0.9954583358953584
1451.69304835,0.9178177111957692,0.89751118188335,0.9290692641414531,0.9179419858077843,0.9873048269314585,0.9890168095148067,0.9918431702151383,0.9883210973951622,0.9709267604818641,0.9708792154138515,0.9700779671155915,0.9716640656817505,0.8991274072996801,0.900742822452633,0.9009168997268954,0.8957174658181843,0.6663286897099032,0.7905606632641126,0.7678136826868064,0.7715746066446072,0.9241233518913294,0.9481715481518801,0.8741098139033328,0.9397673427355389,0.950335840195765,0.8886745163339825,0.9298816542570034,0.9286564596476045,0.9021197062597256,0.9163308073111517,0.9500431753604099,0.9472708182301375,0.9466239329308471,0.9467542031675372,0.9866778393929392,0.9868975118515653,0.9882844286856312,0.9885505528461304,0.97173645740661,0.9717443192085234,0.9643388342355417,0.9786345232877264,0.971040104486307,0.9693170852181119,0.9597323464794394,0.9582826492151756,0.9992375823699394,0.9978497427704179,0.9924513923621302,0.9957686515863432,0.9953329141640112,0.9955377069222607
1457.44370948,0.9210961233380681,0.9013030308932953,0.9319350474546075,0.9217684687014671,0.9883876812408627,0.9904142118400971,0.992565623327121,0.9889998497842837,0.9727326311935615,0.9727593500750251,0.971582155739133,0.9732664642025028,0.8991755510279483,0.9007908661371286,0.9013519066663874,0.8958870711891219,0.6682876601634191,0.7930739036738418,0.7710530260986712,0.7748177472070806,0.928483252161877,0.9511087347506625,0.8809331086883234,0.9432634468888469,0.9531451633218518,0.895030463258684,0.9339040180005687,0.9323209576134497,0.9071536102107611,0.9208595991308327,0.95404010113617,0.9515355878471804,0.9507938660038653,0.9509507592960526,0.9877596737506482,0.9878637327447273,0.9891533340334345,0.9893028649678778,0.9747507792504391,0.9741379161582256,0.9670493135959729,0.9801622204664541,0.9736127339475196,0.9721337186558262,0.9630936423852084,0.9619401547860829,0.9992393874664478,0.9978276150965966,0.9921757861438301,0.9957058053370497,0.9952789324461067,0.9955664603528354
1463.20355265,0.9242553528881563,0.9049073289565371,0.9345863936547628,0.9251335741525556,0.9891930613665212,0.9920423495836668,0.9932892525216213,0.9897338352331155,0.9743946263994411,0.9747522368712895,0.9730521969491711,0.9749056394327189,0.8994439276398521,0.9012039318861474,0.9017146710905412,0.8959510297573015,0.6707427367877685,0.7963635568219466,0.7752559222756207,0.778460275920313,0.9324811364320327,0.9537834329408403,0.8870015657606168,0.9464295672865857,0.9558196686838731,0.9007542813416286,0.9373661362588612,0.9360914555978511,0.9116856091361242,0.9245989003886756,0.9575574078214414,0.9552950803158561,0.9544403887053903,0.9547597546583058,0.9888938177067209,0.9888385898834892,0.9897511398292108,0.9899566523543041,0.9773231335427305,0.9764558413127841,0.969436120131166,0.9813255635105598,0.9757444183348971,0.9746428614680135,0.9659793566151474,0.9656016001234676,0.9992138639063638,0.997811133392344,0.9920151262000519,0.9955760347969685,0.9951819143812105,0.9954517062853163
1468.97254925,0.9277004248234575,0.9090306820067812,0.9375467394631647,0.9290893377848443,0.9902383934999779,0.9934891063974431,0.9940691292707455,0.9907004563865134,0.975882594964343,0.9766635871604029,0.9744157652619095,0.9765324423796709,0.8999543728866924,0.9018518001646322,0.9019022009460831,0.8961381596979571,0.6731921883098382,0.7993713456983403,0.7793566627030991,0.7817915449158555,0.9356609333034438,0.9559105508615741,0.8912391767167002,0.948940674113665,0.9580136131133681,0.9049357240513463,0.9412385014218803,0.9407265729162583,0.9172375702546302,0.9291574655059385,0.9611001075843377,0.9589167672640061,0.958043282232883,0.9586218730409771,0.9898780333327746,0.9898321045800167,0.9903110786226668,0.9905413350037763,0.9792824782190763,0.9785758768594306,0.9718616679412984,0.9825551916905976,0.9777223843696603,0.9770264057816318,0.9686018022485814,0.969026157487215,0.9991992090865571,0.9977700721311229,0.9917730881867011,0.9954634239692854,0.9950582360425366,0.9953465222883429
1474.75040717,0.9316227145748117,0.9140367038830574,0.9410836164205133,0.9337174486669514,0.9914685079409593,0.9945587528047036,0.9947519800395871,0.9920721618257987,0.9773290817209674,0.9784386430944139,0.9758712905809481,0.9780985751398183,0.9003330590132654,0.9024801356988338,0.9019513522593783,0.8964285614627018,0.6752737111492544,0.8020487419892052,0.782895130950799,0.7846322905549904,0.9381282095854069,0.9574731446030846,0.8939856228852618,0.950803488853261,0.9598398236395972,0.9076460250868764,0.9458715725986471,0.9459038981485879,0.9239992962147704,0.9350486435846035,0.9648153932635565,0.962885664755018,0.9617618147800462,0.9626212749610462,0.9907951002499623,0.9909639200842512,0.9911591641083987,0.9912086315513271,0.9806759901349611,0.9807122078808503,0.9741004882220089,0.9839279832662018,0.9795115759534877,0.9791238678303528,0.9710077146344204,0.9718049405979059,0.9992404814579152,0.9977241587869299,0.991523784557488,0.9954158784938647,0.9949967459412763,0.9952989612517125
1480.53455271,0.9357910554345067,0.9197939851058576,0.9453123366714365,0.9387102062022387,0.9929245493827408,0.9956426192769378,0.9957964129995553,0.9937833050640033,0.9792647116616744,0.9801295353597874,0.9777490685120398,0.9798125274812732,0.9005705988790096,0.9030169988093897,0.9021382395668662,0.8967652449672038,0.6770335692596047,0.8044950138629139,0.7855229183065165,0.7869322842257127,0.9399120777398423,0.9584593481966353,0.8951869440732002,0.9520093933577107,0.9612390000608191,0.9088034932820692,0.9509104717050051,0.9512614813937358,0.9309673843426187,0.9414016766707122,0.9685700636345185,0.9671609786594326,0.9655345831729817,0.966650698996237,0.991647938359585,0.9922176637539923,0.99235793218944,0.9922741598145892,0.9818075731313408,0.9827765563927993,0.976038676957935,0.9854369145176965,0.9814802834286087,0.9810435378647998,0.9734342218895518,0.9744422710577948,0.999289530160768,0.9977188477020184,0.9912731898107879,0.9955383774734456,0.9951518092410764,0.9953617016540546
1486.32495713,0.9398118357496769,0.9258682990169279,0.9497561409555398,0.9435229040961004,0.9941928195866009,0.9963763214995944,0.9964665861205421,0.9950925468287776,0.9813457190909366,0.9816078961142053,0.9797549436398658,0.9816892892027501,0.9006704503488528,0.9031281913353274,0.9024575401315035,0.8968931505821297,0.67877217395132,0.8068675769139617,0.7876983155422927,0.7893430115438829,0.9414339130938137,0.9590853300937955,0.8957488011323319,0.9529983218897299,0.9622576504345175,0.9092996852276897,0.9559321261951833,0.9564630697680143,0.9374692260231797,0.9471370973173981,0.9720938000845311,0.9710318052746806,0.9691899042591136,0.9705460777413051,0.9925195631144252,0.9934705357491681,0.9936931261662075,0.9934609676484678,0.9831028070790646,0.9841324538584725,0.9775117513034994,0.9869327413350735,0.9834939002916478,0.9824053327116086,0.9757554731383313,0.9767946831315674,0.9993094397026796,0.9976887076764605,0.9909725769432111,0.9958067833033577,0.9954178484069646,0.9955483667493005
1492.12159183,0.9435636936847371,0.9317835594700832,0.9541306082532945,0.9479277662200148,0.9951417348516298,0.9968602405558468,0.9966842765448068,0.9955687132514539,0.9831794399761111,0.9831012948967324,0.9814962311792976,0.9836096014178498,0.9008123826811192,0.9031745972627745,0.9030152636701155,0.8967698685788021,0.6816684276545238,0.810260445945459,0.7913443841713776,0.7931573622887478,0.9435753250273339,0.9600866289935648,0.8982503931066982,0.9545655484081927,0.9636214448288133,0.911463484122562,0.9609647919939627,0.9612166879152322,0.9434123066623111,0.9523625084604023,0.975332048769024,0.9744211276798216,0.972667590438124,0.9740859975700032,0.9934341297667145,0.9944581181508232,0.9949443537880471,0.9944924398784866,0.9845431042554225,0.9852239537487218,0.9790619829610168,0.9884907330093038,0.98537355334329,0.9835298984723472,0.9777304375415927,0.9788704238635118,0.999274864205652,0.9976541655014635,0.9907696427535037,0.9958976586787258,0.995498479328782,0.9955628190902683
1497.92442836,0.947329672606971,0.9375516019117842,0.9582945469672195,0.951971554580371,0.9960246760825766,0.9973018310607432,0.9968902271510038,0.9958421824561354,0.9849753973540879,0.9847255068113208,0.9832382630198853,0.9854519830952706,0.9010402812856501,0.9034862473963773,0.903857729150711,0.8967822362348493,0.6864202229880155,0.8154474281168369,0.7974796408581238,0.7988938421145615,0.9470909036521453,0.9624934535398293,0.9040083177615308,0.9573782813769613,0.9659686790742853,0.916583216980605,0.9660461727378377,0.9654827840748743,0.949244840527693,0.9574216279694361,0.9784545900000468,0.977682723517931,0.9760363944345043,0.9773427705879664,0.9945128176189449,0.9952231715126918,0.9960065053751814,0.9954485810472277,0.9858806657806815,0.9867785923585267,0.9807339001458054,0.9901635467783673,0.9870586845940842,0.9848896331572214,0.9796616916856355,0.9808259532739446,0.9992749831125034,0.997647448288166,0.9906321849948035,0.995812966867203,0.9954141983619633,0.9954238253032245
1503.73343845,0.9510626042631108,0.9430857602883742,0.961840315060595,0.9556111391446155,0.9968145443690912,0.997688972972547,0.9973018012454985,0.9960242555080046,0.9867733091283578,0.9864235870406854,0.9850312548537049,0.987216418138849,0.9010036976291913,0.9037408270689569,0.9047287384280426,0.8970574408374646,0.6920002764214916,0.8213731838945442,0.8045520806363862,0.8054609700893746,0.9513938710295281,0.9658398975591749,0.9111088756177446,0.9607755334789615,0.9686592442386586,0.9231087948423817,0.9706514691058672,0.9692987015998894,0.9550186221437454,0.9622131081701414,0.9813967405470866,0.9805385174362489,0.9793275211642627,0.9803109805683832,0.9955535039138352,0.9957850957943725,0.9967732231773103,0.996245747093521,0.9874264160006249,0.9883473606994749,0.9823641234192447,0.9920102116600715,0.9884211850994725,0.9864597840328186,0.9815691272999322,0.982631081258003,0.9992987355096205,0.9976238563312424,0.9902694601536538,0.9957495886530136,0.9953419458284668,0.9953774007712312
1509.54899004,0.9545712046149144,0.9484343686351265,0.9651654283500732,0.958779535712017,0.9976428747808115,0.9980158389246742,0.9979956566149766,0.9962465214333426,0.9886067450327628,0.9882530283643643,0.986805275163535,0.9889248572614986,0.9009208753015097,0.9039283716282195,0.9057464949439942,0.8973503814181928,0.6970423957164925,0.8265707928144665,0.8110484119134722,0.8113925930068089,0.9553825514334408,0.9688813566026367,0.9169240987536584,0.9636203358764666,0.9707255641009463,0.928879083200631,0.9745478362483205,0.9728050425094309,0.9602033994036067,0.9666003169529599,0.9842403433670434,0.9831857330341036,0.9826168086775732,0.9831790121049212,0.9965934380268843,0.9965204587387216,0.9977118696067913,0.996935649955132,0.9894562969582855,0.9898353864494578,0.9840965494945161,0.9938449505897943,0.9900439041747303,0.9882319732686837,0.9836138299588981,0.9845997874379473,0.999308772132073,0.9976064465402925,0.9899324125617185,0.9957076141867405,0.9952753283829748,0.9953796714732605
1515.38336105,0.9578028257315487,0.9534470564448349,0.9684813698083408,0.9617036489936249,0.9986216635654656,0.9983576924983105,0.9987220162086826,0.9966707714460105,0.9904136225570668,0.9901255447511877,0.9884237921048005,0.9904874427530944,0.901171189763538,0.9041113534071116,0.9067206792168787,0.8972419901904617,0.7008603493336958,0.830407481449382,0.8161232054749183,0.8158981720743074,0.9581565732685405,0.9709233891532689,0.9205485155572388,0.9654275982315556,0.9718545884620383,0.9325760294153973,0.97810095146898,0.975735785885384,0.9650506436175815,0.9705151467328347,0.9868035431624286,0.985779230858586,0.9854778292118921,0.9858344223471458,0.9976051543186213,0.9973628223258612,0.9987024003923289,0.9974664665810569,0.9914136131976186,0.9911405533681854,0.9857364316684702,0.9953342524745448,0.9918189147338683,0.9898858041706162,0.9854582029244413,0.9864349748655709,0.9993134411317766,0.9976067521443371,0.9896469990922659,0.9957633477759401,0.9953373751925888,0.9953618357296646
1521.23658861,0.9608626317175594,0.9577366337582645,0.9713643444718427,0.9646663699949591,0.9992263099806941,0.998558130910676,0.9990324682974695,0.9974450414390217,0.9919978394614817,0.9916782233885026,0.9899511720464717,0.991856162925239,0.9015405101136209,0.904264960488402,0.9073169199355934,0.896930096315744,0.7034962271335157,0.8330307684064505,0.8195317182184743,0.8189628132508472,0.959730181171904,0.9719414838204231,0.9223431921299706,0.9664445908284831,0.9722673711077444,0.9341409453987228,0.981257167819186,0.978238652107675,0.9694570226510149,0.9737908947064241,0.9889052685876283,0.9879376569411854,0.9877117176250837,0.9878785263425149,0.9983493449820837,0.9978440320193886,0.9992145783237464,0.9978297317322599,0.9927706545963986,0.9923945059360921,0.9870143627761803,0.9961760880974718,0.9929717308492713,0.9909144100084523,0.9868617182962057,0.9878511765945676,0.9992800356426284,0.9975879462755224,0.9892957639926716,0.9958399572336177,0.9953747532996214,0.9952683456244454
1527.10870977,0.9635382844436778,0.9612220522034771,0.9734922273807194,0.967662075778008,0.9995760946405525,0.9986403487010488,0.9992350359074725,0.9982881279623161,0.993079158981623,0.9926860693115287,0.9911202930780275,0.9929544651367933,0.9015676581990639,0.9042151775752225,0.9075579267581396,0.8966426929534181,0.7052578745366227,0.8348600863870874,0.8217547277527522,0.8209540070295022,0.9605610083837721,0.9721954787704286,0.9228206364952916,0.9667666569238583,0.9722020026688436,0.9344807596823722,0.9838444531475014,0.980661256672867,0.9730438881881537,0.9763793414755828,0.9905296197864949,0.9896653592315596,0.9893034239490143,0.9895158534281356,0.9988797920544109,0.998082022320704,0.9993395856743589,0.9981289747376578,0.9936830272492271,0.9934502451401054,0.9880623147828521,0.996219618017647,0.9935448974754583,0.9912196957010981,0.9879829583561227,0.9888513746829071,0.9992252077622472,0.9975817936870994,0.9889039677007337,0.9957382947187768,0.995190459989863,0.9950708412253446
1532.99976154,0.9660449839088538,0.9644238537893617,0.9754109903204369,0.9705380560856294,0.9996676194873487,0.9989523147568014,0.9996468609525581,0.9988538773567434,0.9937579102654001,0.9934795312901945,0.9920924818949126,0.9936714437579409,0.9014269571585737,0.9041041746352748,0.9077185578724543,0.8965149583914139,0.7076101638088307,0.8369751281402121,0.8242899110141428,0.8232472781530701,0.9614486831313405,0.9722446798104751,0.9234253267132361,0.967026644458832,0.9723509640787337,0.9349013162265697,0.9859231891366246,0.9829391832261148,0.9759166761654268,0.9785669169122907,0.9920462972788288,0.9913451148011957,0.9906088238573637,0.9911769512290124,0.9992481979721813,0.9983997393102307,0.9993572986063097,0.9985103101616405,0.9944712570494438,0.9942521810223731,0.9891858362501426,0.9960315054061487,0.9939660778583628,0.9914662477734559,0.9890819025207823,0.9896663152747632,0.9991989634317352,0.9975999450571874,0.9884946296447089,0.9956192981799662,0.9950142227857159,0.995036969791888
1538.90978084,0.9685200731247977,0.9675322319868319,0.9775282820528117,0.9731606934737209,0.9996917381659274,0.9994332101610437,1.0,0.99955345448864,0.9943503459733656,0.9943436650482458,0.9929408140906393,0.994417418177035,0.9013500831429302,0.9041793464627664,0.907986467215357,0.8965344407681494,0.7122935029780668,0.8409144723619555,0.8291230492775002,0.827625503145396,0.9632123470836097,0.9729183687238546,0.9259667487229201,0.9682659897058657,0.9731895570429148,0.9369436958526091,0.9879784819725075,0.9851344771018974,0.9783377279445171,0.9805289887451009,0.9936137897184598,0.992927380248022,0.992166125866706,0.9928126230680479,0.9994685980430421,0.9987069682640299,0.9991415007400939,0.9987696143725695,0.9954067355498027,0.9951970645089534,0.9904712244226404,0.9960804980279299,0.9943593781592527,0.992345812863533,0.990351347958987,0.9904356423879932,0.9992338368060826,0.997595605541418,0.988198264838599,0.995430832412362,0.9947910423272409,0.995022000288606
1544.8387776,0.9707909764796352,0.9705131611775594,0.9797692734043294,0.9758507057621238,0.9998773162761412,0.9999748341821767,1.0,1.0,0.9949474158694298,0.9953356080665718,0.9939918843883807,0.9953661699465979,0.9014313240334467,0.9045309290191026,0.9084040882758531,0.8968284272573572,0.720617337635302,0.8472618156708533,0.8368698135388853,0.835094088778174,0.9663438850912484,0.9748587263139862,0.9312995015108018,0.9708229992871771,0.9749831956711366,0.9414828970085736,0.9900380792105112,0.9874775869589587,0.9805889797884938,0.9826597683977778,0.9951326072211639,0.9943785149109822,0.993727073022569,0.9945344602454599,0.9997715241261624,0.9988382911226283,0.9989577884957771,0.9989752981866138,0.9967905438531159,0.9961426356179391,0.9917244328658347,0.9962371908356048,0.99477196582393,0.9936761790898253,0.9916034666524324,0.9911727108230464,0.9992398147063655,0.9975226380431361,0.9880017720079568,0.9952515235970311,0.9945930042523513,0.9949715691019867
1550.78660554,0.9729157598344121,0.9731660952213675,0.9816188824989686,0.9780674758100295,1.0,1.0,0.9993613395124298,0.9997419971131258,0.9955559389022349,0.9960411641728213,0.9951439690738407,0.9961540093479969,0.9015578532870127,0.9047265918943138,0.9087400356359073,0.8971785020503837,0.7325596649991887,0.8553637439953846,0.8469592685560615,0.8447058662980067,0.9701290245874663,0.9773572028587411,0.9382955092492646,0.9738937826299007,0.9770717614063223,0.9476883142185211,0.9917870589697176,0.9894856243839179,0.9825829839896169,0.9847082633085195,0.9962607261340133,0.9954798853677257,0.994850425800794,0.9959193663992701,0.9998247136940217,0.9986780813873884,0.9989865727627469,0.9991310583145094,0.9979506679330603,0.9966804289842135,0.9926779848086547,0.9960965880661538,0.9952811143029003,0.9947979577410166,0.9926265314426481,0.9919776733707111,0.9992285041355898,0.9974748656613823,0.9876520054222139,0.9952705661973705,0.9945117346889567,0.9950288170886635
1556.75329898,0.9749583506139562,0.9756017125833051,0.9829736465165877,0.9801366349941742,1.0,0.9999767010873034,0.9988448759108768,0.9987309350886265,0.9962290449874249,0.9964426406092927,0.9961939781874273,0.9967380770238387,0.901508744510163,0.904718023849412,0.9088567137028063,0.8974199691098667,0.7466698594974824,0.8644591891440596,0.8582275161047412,0.8550988998518005,0.9737027807568117,0.9796135088127857,0.9454278454946001,0.9770085905734235,0.978974707784557,0.9540983176647286,0.9930951041340415,0.991119084092652,0.9844569231113814,0.986488708191239,0.9970306485199242,0.9964508877262468,0.9956173581230939,0.9967884069410403,0.9996784481263304,0.9985642388724533,0.9991230861069275,0.999303987206249,0.9986206960699439,0.9972866134251176,0.9937420369365908,0.9962881714517717,0.9957206634824645,0.9953083937963029,0.9936391025455562,0.9930744365698138,0.9992122823917403,0.997460218535469,0.987198169835307,0.995340851878151,0.9945177338313684,0.9951394004412938
1562.73889214,0.9770415127769437,0.9780300340545618,0.9842736486637814,0.9823980973445513,1.0,1.0,0.9991068398013742,0.9983530177135668,0.9967526175592653,0.9965369925915606,0.9971214043045665,0.9972496320537797,0.9014809113503931,0.9049439321605144,0.90885991847733,0.8978622378674663,0.7615798794437236,0.8739926993641253,0.8698204471690542,0.8655616686076293,0.9769832641014589,0.9815704338433172,0.9520529748767503,0.9799772550863364,0.9809338033584016,0.9598299992161781,0.9941785363945633,0.9923434772269824,0.9863013516609941,0.9881371719531508,0.9977146021540831,0.9971916811259225,0.9964984514098002,0.9974872423301461,0.9996364208427894,0.9989117346693897,0.9992623394084458,0.9996877452691039,0.9990144540659096,0.9981013746604268,0.994931667213906,0.9969563145784575,0.996048427805055,0.9955729631554361,0.9945847283481993,0.9942622726237654,0.9991789191150526,0.9974358407814499,0.9868894126947374,0.9952893906309247,0.9945643728116335,0.9951423951471259
1568.7434192,0.9795631035390258,0.9806168781510027,0.9860447290566501,0.9846502881277983,1.0,1.0,0.9998257994919599,0.9982470141274384,0.9971391918062044,0.9966530977048201,0.9978779882429428,0.9980273069978609,0.9019519586127059,0.9057656770464301,0.9089676474185646,0.8985471346182359,0.7765974765252678,0.8835584790902192,0.8810099848107614,0.8758036338140869,0.980096658551107,0.9834532107222753,0.9580810143571461,0.9829168418004044,0.9830544217151324,0.9651477088313476,0.9955119783869842,0.9933760957475826,0.9885283712435743,0.9898910602594495,0.9986029461835138,0.9977001520556675,0.9978213221942479,0.9984159983837899,0.9997272335487813,0.9995803803013669,0.9995126763316833,1.0,0.9996619167099425,0.9989561122713875,0.996378263877214,0.9978217594839046,0.9967901803727816,0.9963095218736332,0.9954181194277827,0.9957064397702435,0.9992324815985403,0.9974154606543852,0.9868210640346672,0.9952630443607206,0.9948046219003501,0.9951885330704666
1574.76691423,0.9819468082716589,0.9831150963356344,0.9881019901253421,0.9865550335154919,1.0,1.0,1.0,0.9984357139922805,0.9975476506654781,0.9969277561677883,0.9984726810787632,0.9987360685155099,0.9025974059522985,0.9067943736195615,0.9091289965493561,0.8993764830888888,0.791649033064452,0.8928961251040224,0.8911712208367573,0.8857177677286437,0.9828068464410877,0.9852932645001399,0.9632387536716982,0.9855810045668777,0.9850072675802114,0.9699756400197758,0.9966846524777626,0.9942616510638076,0.9903650609025731,0.9916929323158551,0.9994259813192266,0.9982555894962634,0.9990596465110013,0.9992911550523159,0.9997999480654116,0.9999215636529488,0.9997954298415397,1.0,1.0,0.9993413575077222,0.9975898717265056,0.998705560564078,0.9975500877396307,0.9973320592814142,0.9960786836666314,0.9967982772595914,0.99928121294251,0.9973778793766781,0.9866487881020426,0.9953930279150665,0.995123073305523,0.9953665350899096
1580.80672696,0.9838770341854592,0.9852841771376136,0.9900878997221269,0.9883413735476536,1.0,1.0,1.0,0.9993368851912723,0.9980024970651258,0.9973463854688064,0.9992564332886029,0.9991629391033312,0.9032390492206638,0.9077366856689335,0.9095697309627471,0.9000038830538488,0.8070001863901388,0.9019976115583643,0.9006568694891159,0.8954192783689022,0.985116965057063,0.9873533630225033,0.9674947536407862,0.9876635678243857,0.9867810625874545,0.9740735193025226,0.9976516726739134,0.9950286043864667,0.9920181656227355,0.9933039238463562,0.9998542437532423,0.999120182541473,0.9998613629812422,0.9999019848126928,1.0,1.0,1.0,0.9999584268475282,1.0,0.9995561027136863,0.9986986245030333,0.9996640732478328,0.9983520933967218,0.9984858783038639,0.9969257128219022,0.997376587106512,0.9992615766703963,0.997343901003458,0.986198299399564,0.9954735770737493,0.9952072377113188,0.9953908637459412
1586.85843732,0.9854053423482314,0.9869089557398536,0.9914469084574238,0.9898105848657884,1.0,1.0,0.9999610575272722,0.9998035808466786,0.9981202898200878,0.9976888015979228,0.999578646581397,0.9993636702018038,0.903820664929108,0.9083923494879464,0.9099900710242664,0.9001226815635871,0.8223436205521918,0.9108536626042123,0.9097905343701693,0.9048668509455242,0.986934533785471,0.9891959668626504,0.9711093284524,0.9891010188706535,0.9881691416719921,0.9773947627768341,0.9983966347908815,0.9955499378815328,0.9932248430041472,0.9943721082193718,0.9998519012358217,0.999728697587196,1.0,1.0,1.0,1.0,1.0,0.9997614886307274,0.9997415277582948,0.9998548375352274,0.9993992830896883,1.0,0.9990914525920255,0.999398397131578,0.9978268859516565,0.9973834075024209,0.9991792005004606,0.997332836107421,0.9856933327828162,0.9953115285330942,0.9950338334128913,0.9951781349090563
1592.92202448,0.9868284852841032,0.9882890945447717,0.992413199667186,0.991112864362621,0.9998244715395261,1.0,1.0,0.9995967624078014,0.997979290695623,0.9979110321061708,0.999697881323044,0.9994970921716773,0.9041719122721629,0.9086416794437647,0.9103311225363868,0.9000712790140544,0.8376932072764316,0.9196153403048594,0.9189366389294094,0.9142901806951639,0.9886145205485398,0.9906001355783792,0.9746119781364415,0.9903500061653667,0.9892398703859342,0.9802334023674226,0.9989585929716803,0.9959486177244028,0.99434556044189,0.9953948424863669,0.9997450489128583,0.9999357027823339,0.9998420098618095,0.9998191026345902,0.9998335273999055,1.0,0.9998793827625838,0.9995506068565048,0.9993133555627357,1.0,0.9997322312148554,0.999745038825814,0.9994783558934458,0.9992806963345551,0.9982750159730573,0.9972546662023759,0.999120196543117,0.9973096398992832,0.9853273668669005,0.9950409436641642,0.9948337173129687,0.9948312874343377
1598.99746754,0.9881164760665958,0.9896124165673783,0.9935062968318648,0.99201027325038,0.9995229300892781,0.9997717938882766,1.0,0.9990027579879686,0.9977928350930926,0.9977480307660989,0.9998452936430375,0.9994231780879399,0.9044265052140384,0.9087467231502782,0.9107538288715277,0.9001056632407751,0.8538185042816361,0.9282253280911786,0.9282078353204032,0.9238994903061638,0.9901863181845831,0.9916685953103748,0.9781784560400512,0.9915917917553689,0.9900910505579938,0.9828647448467457,0.9990834371607241,0.9965568296414683,0.9958069854810524,0.9963836556841972,0.9996356482165112,0.999941044185157,0.9997440080462255,0.99968957684445,0.9995482876140683,0.9998837751295742,0.9996872803906347,0.999287848330548,0.9990464092889912,0.9999552778891513,0.9998360213823754,0.9992560646353263,0.9996586002693855,0.9984170650004256,0.998319577033379,0.9972447957909436,0.9990708833580798,0.9972980977103552,0.9850655623962784,0.9948406610586241,0.9945967342509017,0.9944862185373267
1605.08474557,0.9896039364863052,0.9909775823287879,0.9943067615591957,0.9929585994977215,0.9993339171398116,0.9996219868033511,0.9996276438662323,0.9986595084536319,0.99779051529206,0.9976158441344853,0.9998495354878306,0.9994430710237336,0.9047323900227843,0.9091509246715894,0.9114604850591023,0.9003786931885935,0.8707553733227519,0.9367543597765117,0.9377701165096174,0.9338903443008513,0.9918216704215095,0.9926813165110523,0.981864034295652,0.9930682841227007,0.9910792032706067,0.9856291113930518,0.9991686858137666,0.997607085507316,0.9973133926432618,0.9970927678289824,0.9997052354967291,0.9998121004296412,0.9997613710953126,0.999631340114656,0.9992342003551427,0.9995502300473009,0.9995429460502775,0.9992405282208412,0.9994258449904921,0.9999291723978708,0.9999254523056004,0.9993291024186539,0.9997931427206111,0.9980376310501263,0.9985235488517311,0.997398233231849,0.9991033274217945,0.9972274134308473,0.9846971782511644,0.9948537145670878,0.9945352822135614,0.9944264663594794
1611.18383758,0.9912580730642908,0.9924365957895483,0.9948063414143392,0.994353172201965,0.9994287676913283,0.9995120292160493,0.9994541373276703,0.9990879314675147,0.9978668955174623,0.9978922867054729,0.9998421690225436,0.9997687926510866,0.905168578126416,0.9097927944479713,0.9122762485188249,0.9008140457370447,0.888239532093857,0.9454849949791296,0.9473109820832074,0.9437203644004348,0.9936549466930787,0.9936177506441084,0.9853918738838536,0.9945316154633427,0.9925574241726857,0.9885054815176071,0.9994602525469535,0.9986747945292047,0.9980648672562216,0.9976905086621378,0.9998920842276552,0.9998787980654863,0.9997115350185599,0.9995140052653704,0.9990008918102251,0.9994672230396442,0.9995200188645169,0.9993599371341382,0.9999815636987991,0.9999379036662671,0.999885562738136,0.9999064750613196,0.9998078186706734,0.9986024370248738,0.9991339367238397,0.9980382040180817,0.9992308547880904,0.9971320126048444,0.9843816591887828,0.9949295057801868,0.9946101553679714,0.9945759327860949
1617.31109985,0.992704596747283,0.993748283585708,0.9954503910414092,0.995859983114528,0.9997467033722599,0.9997339819117794,0.9993482440095613,0.999600384448249,0.9980794753592834,0.9983393550196582,0.9997725927158997,1.0,0.9059407034961868,0.9105307880124984,0.9130492358904715,0.9012364235369662,0.9055563496799287,0.954186574152407,0.9563324672862178,0.9531310747628028,0.995289615308387,0.9942186013892143,0.9884451756216059,0.9954636913917821,0.9940325349744289,0.9911215435088777,0.9997048229332012,0.9991957947823427,0.9985477722180212,0.9981409551254098,1.0,0.9999497547802172,0.9997790633801993,0.9995925985046725,0.998959848239159,0.9997033385039025,0.9995235002167613,0.9993118132017248,1.0,1.0,1.0,1.0,0.9999174612467537,0.9995741877539731,0.9997103234334281,0.9985127899678609,0.9992811530447577,0.9971284058376759,0.9842905942858784,0.9949758762496359,0.994591552264851,0.9946195035891557
1623.47024896,0.9940022004428088,0.9947749460339682,0.9961876570989231,0.9971673991324886,1.0,1.0,0.9995351578618278,1.0,0.998605078598921,0.9988100932342595,0.9996250232204872,0.9999969596669415,0.9066635430772432,0.9114220642126425,0.9138165988938473,0.9013203890962294,0.9222327688398523,0.9625270934141044,0.964613475074875,0.9621186918508432,0.9966593409258953,0.9949355289725391,0.9912989229704494,0.9961916528222863,0.995225273857222,0.9934481376076836,0.999837276872156,0.9994013790890639,0.9990852307183566,0.998561800299233,1.0,1.0,1.0,0.9998141910932484,0.9990884886335202,0.9999372069007177,0.9996266110955646,0.9993429968913186,1.0,0.9999976105035027,1.0,0.999976018271733,0.999993488564057,1.0,0.9999204035179916,0.9989356992517404,0.9993390066979749,0.9971295177281471,0.984218600676178,0.9950222415583668,0.9945030926060172,0.9945709701643204
1629.66154068,0.9952132584876934,0.9957969064467732,0.9968912584042701,0.9982381260451382,1.0,1.0,0.9998541751393812,1.0,0.9990981187883439,0.9992463964539928,0.9996805720236428,0.9998734219311388,0.9071690736800154,0.912101313102092,0.914652668844658,0.9016511135747222,0.938532921071369,0.9704778074172862,0.9721558477217422,0.9705681973202404,0.9978806665106321,0.996063509055081,0.9939555702777878,0.9969627355270985,0.9963468659132995,0.9955810620316329,0.9999867353827383,0.9997105507257651,0.9997417771000638,0.9990981382214441,0.9999474064417397,1.0,1.0,1.0,0.9995414422999764,0.9999391337230058,0.9996692547148569,0.9996970013331924,1.0,1.0,1.0,0.9997382196246394,1.0,1.0,1.0,0.9995826981991952,0.999322080712871,0.9971196287408833,0.9842195917205031,0.995008037743307,0.994495083611293,0.9946336471085431
1635.88523392,0.996146637574918,0.9967926024467497,0.9975389744182395,0.9989658306570482,0.9999884417062775,0.9999974366695676,1.0,0.9998584793588969,0.9994560701947028,0.9996214371041247,0.9996418317913369,0.9994657367022968,0.9076456435685304,0.9125272476573308,0.9153587716446581,0.9022800296813297,0.9540812794916316,0.9783551251572457,0.9793490214756226,0.9784002341341483,0.9988529374966193,0.9972487346856923,0.9961373247002561,0.9979275007009479,0.9975696065176756,0.9973514762937764,1.0,1.0,1.0,0.9995219962047399,0.9997808899924372,1.0,0.9996840389485429,1.0,0.9998181077490569,0.9996678068673371,0.9995645777136072,0.9999099086941402,1.0,1.0,1.0,0.9995387483280491,0.9998755016663938,0.999743813311341,0.9998296146188204,1.0,0.9992900296363194,0.9971048801049036,0.984201284258248,0.9949033292392271,0.9944575729381127,0.9946167071642416
1642.14159076,0.9968704992464619,0.9977123989586871,0.9983241988418264,0.9992884087436299,1.0,0.9999137746824074,1.0,0.9992913791830148,0.9996752957701326,0.9998508128189688,0.9996316555973097,0.999208120217044,0.908386542600054,0.9129846458102873,0.9160036578159907,0.9029923625222546,0.9685783299694602,0.9855103926741616,0.9862824859936156,0.98550478979801,0.9993968742447039,0.9982014705647869,0.9978155189114197,0.9988190432211159,0.9987298672444113,0.9986020395837495,0.9999467597250011,1.0,0.9999336371003786,0.9996813779851916,0.9996087786353693,0.9999910064292261,0.9995611895072026,0.9999865251090233,0.9998462013907268,0.9995271907546813,0.9995073649434487,0.999857459236045,1.0,0.9997532808131079,0.9999826417639261,0.9993337200695466,0.9999158492539723,0.9991326473478441,0.9997252727623872,1.0,0.9992949348768163,0.9971696336758462,0.9844156238721863,0.9947754712183816,0.9943464915949186,0.9944340073325829
1648.57498892,0.9975528428652768,0.9986706880159173,0.999106306007262,0.9993790442583745,0.9999450604239732,0.9999049543766675,1.0,0.9995699712631374,0.9999332459825546,1.0,0.9999021921811121,0.9994149114044169,0.909599176606667,0.9136277098759222,0.916805536679533,0.9039514214820467,0.9813080894319538,0.9918776531777,0.9923862089820165,0.9916704279732571,0.9996858000796414,0.9990191005684685,0.9992332364820108,0.9993694750159207,0.9995786647953162,0.9993841014561546,0.9998803749934237,1.0,1.0,0.9999082482306221,0.9996817426278654,0.9999473320558803,0.9998921512967069,0.9999243230530839,0.9999929209073714,0.9995887310917525,0.9996605201083993,0.9999297858675554,1.0,0.9998441588628639,1.0,0.9995320194433529,1.0,0.998635893163648,0.9998833298179008,1.0,0.9993435650658569,0.9971735037621656,0.9847796367478204,0.9948821223997593,0.9943194146248743,0.9943068977664662
1655.33520858,0.9985576706795241,0.9995683098844117,0.9999008895387992,0.9995497858978242,1.0,1.0,1.0,1.0,1.0,1.0,1.0,0.9998452723139855,0.910852938860867,0.9142343426818651,0.9176132950709708,0.905064010555678,0.9916295444431338,0.9971636410391141,0.9972726270217556,0.9966779536354095,1.0,0.9996352104331325,1.0,0.9997304897486036,1.0,1.0,1.0,1.0,1.0,1.0,1.0,1.0,1.0,0.9999666933228541,1.0,0.9998702124440021,1.0,1.0,1.0,1.0,1.0,0.9998409611655588,1.0,0.9986305578709954,1.0,1.0,0.9993449502624068,0.997118670967545,0.9847874979827016,0.9952710710522307,0.9945034451707864,0.9944367002899113
1662.47344048,0.9994095553514553,1.0,1.0,0.9996064780866614,1.0,1.0,0.9995011876490754,0.9997466311836757,1.0,1.0,0.9999545702669522,1.0,0.9116566920126673,0.9144452642060977,0.9182097120713768,0.9060090455406679,0.9984807417808265,1.0,1.0,0.9998259560299979,1.0,0.999905286068563,1.0,1.0,1.0,1.0,1.0,0.9999055560563592,0.9999458722735782,1.0,1.0,1.0,1.0,1.0,1.0,1.0,1.0,0.9999824476455125,0.9998145875937261,0.9999928466139504,0.99949563122039,1.0,0.9997553775942714,0.9988779525869639,0.9998900603069785,0.99982085106046,0.9993400913051301,0.9970359365110524,0.9844059541979164,0.9954209115217111,0.994599850374267,0.9945010127580322
1670.05561049,0.9993982475859186,0.9998717918498947,0.999638653343145,0.9994057791999447,0.9997529049651559,0.9997266348346836,0.9984369096698352,0.9990857035270548,0.9997070560692407,0.999797457831257,0.9993904574398025,0.999752965871273,0.9118634213615919,0.9142417807103083,0.9187602819692554,0.90680025718942,1.0,1.0,1.0,1.0,1.0,0.9997358974751056,1.0,1.0,0.9996931442669862,1.0,0.9999724566169997,0.9991316477258684,0.9993652175893699,0.9995648774159589,0.999575530064807,0.9999437296303616,0.9998503954211694,0.9998183989451778,0.9997703412810452,0.9997862505859294,0.9995956714660829,0.9996448760634832,0.9989124763362038,0.9988389703320892,0.9980515946615238,1.0,0.9989756095766524,0.9987607787863315,0.9994214559990494,0.9994687412016777,0.9993449609331386,0.9969686525313165,0.9836968758780904,0.995301807119071,0.9944619795952028,0.9944812613993
1678.16902352,0.9995933498842592,1.0,0.9997806423567229,0.9997660101104185,0.9998751382590263,0.9998885412574208,0.9980705532072998,0.9986814129408605,0.999855524173009,0.9998706028424931,0.9993452899126578,0.9998173108606081,0.9124262702696982,0.9147771158339134,0.9196783119442369,0.9080854886359173,0.9979790362936378,0.9993595185676858,1.0,1.0,1.0,0.9998649182125258,1.0,1.0,0.9996403771282546,1.0,1.0,0.9993193834616736,0.999674661878995,0.9999615338189803,0.9994571929716656,1.0,0.9997925957736411,0.999877053628221,0.9998413065760391,0.9997568777037628,0.9996181297526315,0.9997254728792856,0.9979989813256799,0.997661889068032,0.9970182773005246,0.9996744704275321,0.9993181971220634,0.9991502058122752,0.9996918913362954,0.9996227728449487,0.9993573979889283,0.9969472088137346,0.9833201120777194,0.9952199914276462,0.9944603016748674,0.9946784693918389
1686.55255666,1.0,1.0,1.0,1.0,1.0,1.0,0.9983847868260369,0.9989055196123938,1.0,1.0,0.9995050155251199,1.0,0.9131936600580507,0.9160333975697208,0.9207120576225937,0.909439240718678,0.9880803094911681,0.9951847490933377,0.9972193284076346,0.9961101996921988,1.0,1.0,1.0,1.0,0.999857178003674,1.0,1.0,1.0,1.0,1.0,0.9998409017390414,1.0,1.0,1.0,1.0,0.9999220934912291,0.9998627933433883,0.9999725128814313,0.9965155712099161,0.9959901244553377,0.9952365823713449,0.9991764013091528,0.9996551723297099,0.9997234198197581,1.0,0.9999158068334776,0.9993362457643706,0.9969188403389911,0.9831921240845,0.9951022219564357,0.9945952168266664,0.9948900179658641
1694.9652068,1.0,1.0,0.999891480749307,1.0,1.0,1.0,0.9985764242863387,0.9995293220277615,1.0,1.0,0.9996638072692055,1.0,0.9140717417102968,0.9174511114551103,0.921401663287629,0.9104798462164998,0.9678929446534147,0.9860707106561285,0.9890937853309494,0.9866306949676062,1.0,1.0,0.9994050570459704,1.0,1.0,0.9994570019313551,1.0,1.0,1.0,1.0,1.0,1.0,1.0,1.0,0.99998029121902,1.0,0.9998494313368825,1.0,0.9944056496617059,0.9936689369137911,0.9923753677839868,0.9980153748584374,0.9996069990341121,0.9996841925991197,1.0,1.0,0.9993528288412166,0.996878750099394,0.9830922311992659,0.9948341071681192,0.9946388100402827,0.9948855330089421
1703.40698655,1.0,1.0,1.0,1.0,1.0,1.0,0.9984586692255003,1.0,0.9999194494263354,0.9997594517019914,1.0,1.0,0.9152511528846873,0.9185664391828829,0.9219978211287553,0.9116526803480883,0.9382386198740257,0.9724902389967205,0.9756372668793031,0.9720672931987042,0.9990270490047067,0.9997952750171836,0.9957023589053033,0.999288149944772,0.9995486554876878,0.9967876482019226,1.0,1.0,1.0,1.0,1.0,1.0,1.0,1.0,1.0,1.0,1.0,1.0,0.9922962695530984,0.9915155169370441,0.9894865547996563,0.9969528592302858,1.0,0.9996383814224004,1.0,1.0,0.9993408221385821,0.9968366019047009,0.9830936834123999,0.9948508266365639,0.9947896825676522,0.9948897874807549
1711.87790799,1.0,1.0,1.0,1.0,1.0,1.0,0.9979077877168583,0.9997590457564356,0.9995250734256851,0.9991393953208043,1.0,1.0,0.9162823884482695,0.9189713549724762,0.922550212194339,0.9127632494009535,0.9022603228188468,0.9550579464536134,0.9574672991116727,0.9534986187501596,0.9961544109669274,0.9985710949884732,0.9887112927112985,0.9968866682106272,0.998221333624282,0.991349802545239,1.0,1.0,1.0,1.0,1.0,1.0,1.0,1.0,1.0,0.9997549531119903,1.0,1.0,0.9909180046179965,0.9897014116739851,0.9870453933281261,0.995772145100287,1.0,1.0,1.0,1.0,0.999300568564202,0.996812762777536,0.9829709788178089,0.9949977450903662,0.9947013744000106,0.9948068344468532
1720.37798277,1.0,1.0,1.0,1.0,1.0,1.0,0.9968822059600001,0.9988536636886006,0.9990732313254502,0.9983811900145944,0.9995740826495841,1.0,0.9172329407943776,0.9186704589844533,0.9228011655849563,0.9135112929536198,0.8651762752957219,0.9356913850188949,0.937156065722423,0.9330061535274438,0.9915952627259659,0.9955433681923964,0.9789754892256662,0.9926389111597971,0.9959135675773243,0.9830951331444917,1.0,1.0,1.0,1.0,1.0,1.0,1.0,1.0,0.9993824036373911,0.9995283220206754,0.9995377603815291,0.9999814317961737,0.9904335870670026,0.988141627129908,0.9857688134203251,0.994693506273097,1.0,1.0,1.0,0.9999665460120855,0.9992747962098709,0.9967995102669829,0.9825037205904784,0.9950278609071049,0.9943475290565222,0.9946465245773857
1728.90722205,1.0,1.0,1.0,1.0,0.9998335461660007,1.0,0.9953718764689466,0.9977406678834817,0.998548127499924,0.9972464692717379,0.9985259071091286,0.9996532658354333,0.9179852889888143,0.9179250803157871,0.9228458898350076,0.9134984906700033,0.8328402269403218,0.9177559005674925,0.9176228362891553,0.9138185207226273,0.9859717738415886,0.9913281309062834,0.9676072652168896,0.9874960526420801,0.992903170771715,0.973202035294715,1.0,1.0,1.0,0.9999091116075111,1.0,1.0,1.0,1.0,0.9987805465043221,0.9989890099568899,0.9988651456133473,0.9998238509426651,0.9909185692516476,0.9879953820246461,0.9861096539930767,0.9941779363003282,1.0,0.9998573784430345,1.0,1.0,0.9992809848396937,0.9967930752830546,0.981741841401198,0.9950885533119078,0.9941764128930335,0.9945821480515588
1737.46563653,1.0,1.0,0.9995463756014008,0.9999170171736826,0.999041682438582,0.9995972668068365,0.9936826688387753,0.9964044601399183,0.9975802646576097,0.9953281997817663,0.9970569711650921,0.9988705264276465,0.9178787277604156,0.9171023994001486,0.9225386478983707,0.9129742553368958,0.8092988696983398,0.9039644613511173,0.9019804535207006,0.8994464357651202,0.9806400103702791,0.9871959656786367,0.9572918328543075,0.982475380771666,0.9898864825519569,0.9639552620745416,0.9996208183098645,1.0,1.0,0.9993230011515964,1.0,1.0,0.9997031608339141,0.9999337280571335,0.9982920369808637,0.99776224178269,0.9981528753457136,0.999058199296884,0.9917514407367134,0.9891880642100425,0.9876615101855369,0.9947169086933189,1.0,0.9992402845264338,0.9997098092372276,1.0,0.9992832356341999,0.9967835539884722,0.980780967422867,0.9950081560570635,0.9940981523503818,0.9944413664051671
1746.04891596,1.0,1.0,0.9985566186471229,0.9998634749482889,0.9980309773067049,0.9992246486246943,0.9922126752634993,0.9954147997508567,0.9964587526123824,0.993604397419368,0.9955090821344301,0.9976890866478052,0.9172181560484353,0.9166984239240854,0.9224155020801444,0.9126501551415188,0.7977380181945196,0.8968492486550036,0.8936980848467139,0.8926459766343775,0.9776300266994506,0.9844972221272954,0.9514954197436227,0.979042861929774,0.9879029582567044,0.9584543382747162,0.9988904992242793,0.9998485449916975,1.0,0.9983448251122571,0.9999050582044401,1.0,0.9991401606708245,0.9997935603338253,0.997498253013281,0.9965290213974191,0.9974465941234585,0.9979665990201055,0.9919220294271763,0.9903430815131358,0.9890877509357576,0.9957672591614087,0.9999959158884585,0.9986569601588786,0.999539554132573,1.0,0.999233205020312,0.9967805259655603,0.9800445873248911,0.9949728646714686,0.9941103918657057,0.994444948056957
1754.65358123,1.0,0.9998434471969961,0.9976537824948127,0.9999926528639433,0.9964945172323891,0.9988037770357815,0.9910660163846714,0.9949801259641785,0.9953919785456593,0.992110081801697,0.9939301475297814,0.9965658304350026,0.9169906233637828,0.9165778502831131,0.9225977207376701,0.9126898210116753,0.7975970111512863,0.896852728358107,0.8936613285787806,0.8934432063896371,0.9778354285650434,0.9838560252765783,0.9518303555321203,0.9783567935525352,0.9875210650753005,0.9584441448601198,0.997741016836108,0.9992827549918806,0.9996673301164412,0.9968084159051588,0.9996940261585855,1.0,0.998675855393878,0.9992066326941804,0.9961875811088677,0.9954452395760641,0.996203959497118,0.9970508227137566,0.9920077635710597,0.9909599316541315,0.9894500439528631,0.9962243097345616,0.9999166983674214,0.9979207136311777,0.9994289173284067,0.9998775868922771,0.9991616024400299,0.9967604552143127,0.9793721827204733,0.9949831744510721,0.9941455201206248,0.9945391643788536
1763.27958128,0.999951274501992,0.9995313227098769,0.9968469551948814,1.0,0.9948396468504055,0.9981841261966552,0.9904003600463602,0.9946715991423825,0.9942933980062677,0.9907042532600756,0.9923542434912705,0.9954251821253534,0.917410348355136,0.9169874097995674,0.9233129660210401,0.9130769266077654,0.8048184081513328,0.9015181178100268,0.8993462967691406,0.8992955327379152,0.9798954626459428,0.9843939844840125,0.9559449091828149,0.9799370923908493,0.9884349429806571,0.962033787098271,0.9961467216404523,0.9986821801835376,0.9987013916401252,0.9948957256059064,0.9995308504080992,0.9999011066019985,0.9982300265204782,0.9987181848387385,0.9947997121993684,0.9944924497564263,0.9947366110303792,0.9964224173145336,0.9929461968927907,0.9918115478889407,0.9903207549206372,0.9962551371863322,0.9999964363206052,0.9966431042289423,0.999144746082096,0.9997744182552935,0.9991375704785075,0.9966772229811993,0.9786420648673143,0.9950124175931415,0.9941293308354873,0.9946135259406952
1771.92686491,0.9995331485300565,0.9990351976419833,0.9958646572109047,0.999956427075951,0.9933502993069276,0.9970216370794752,0.9896541824445234,0.9941354120675486,0.993095556319029,0.9892652400940793,0.9908796841306945,0.9941828571078769,0.9180599790653923,0.9175323151749203,0.9238494933062884,0.9136461330920842,0.8153901805299035,0.9078995019661172,0.9070897072468203,0.9073554294959962,0.9822554919687337,0.9849896585658295,0.9611194568434135,0.9822285262502088,0.9894159382275636,0.9664195891620649,0.9943307180565969,0.9983037147135194,0.997532984826176,0.9921925401729303,0.9993503997109987,0.9996271553670869,0.9974734476066877,0.9982073347744771,0.9936225174176292,0.9933035624337058,0.9938014383588883,0.9956681723246112,0.9942369426719398,0.9930195575008465,0.992035411312266,0.9962835245744971,0.9997708278895345,0.9955305859557044,0.9986536359346198,0.9995775131106972,0.9991421675211551,0.9966185900432822,0.9778205607258361,0.9948277459671868,0.9939499835117782,0.9944877941560657
1780.59538078,0.9991620948785535,0.9986813575409045,0.9951986084924173,0.9993581739294436,0.9923679105771993,0.9960169012601635,0.9883076350912157,0.9929978038460875,0.992247189588952,0.9885387208861991,0.9900732147487913,0.9934899039847025,0.9188220230721298,0.9183150458733215,0.9243110074351484,0.9145446970335936,0.8293753131305207,0.9159004373177372,0.9166511306389094,0.9172791264749549,0.9854097056835548,0.9863966591093657,0.9680437848247516,0.9852346917180982,0.9902810292724019,0.9721921664445093,0.9932658099793816,0.9982709006854618,0.9970749730144397,0.9900072768109532,0.9994552247525534,0.99948616856458,0.9969421096092732,0.9980819334201412,0.9929664660077105,0.9921301510186648,0.993787019867589,0.9955031387039928,0.9962747590287095,0.9952612976192785,0.9940838420473586,0.9966297502521243,0.9996008376591184,0.994945019201932,0.998063195874494,0.9995498349120363,0.9991589019640039,0.9965666750132443,0.9771267644364761,0.9946462364077422,0.9938221309287388,0.9943089640238868
1789.28507741,0.999045098309574,0.9986979627517026,0.9951189490160411,0.9989669678145063,0.9916800947482425,0.9947955695131315,0.9862053500453757,0.9908244664491243,0.9920755963475524,0.9881501736043398,0.989629525659382,0.9932729707824016,0.9196350799000309,0.9191299128648813,0.925104687104653,0.9155082517763222,0.8469375099178974,0.9259543931865758,0.9284294824750803,0.929181516391211,0.9895179949852094,0.9883917387114926,0.9769139263621893,0.9891707761137223,0.9914928658435662,0.9797381560851003,0.9925111512689494,0.9982419853047273,0.9973273819918147,0.9885198483141768,0.9994508307282287,0.9992624514851629,0.9968888727462304,0.9982989633448489,0.9922890585253297,0.9912387512548115,0.9937774064346393,0.9956803670211491,0.9982896404682602,0.9974878999056739,0.9959595853391918,0.9972060031646552,0.9995322965932578,0.9946382771385838,0.9980934794693178,0.9993409618979259,0.9992570679570927,0.9965059007171174,0.9767269501576712,0.9945542295531509,0.9936675349888764,0.9940876855789783
1797.9959032,0.9991685292886253,0.9991116449010139,0.9950286242036209,0.9993834883566887,0.9909297717686768,0.9933653509775161,0.9845493635381489,0.9893669903421601,0.9922660150217057,0.9880314074539117,0.9893730824330912,0.9928362143418691,0.9204554622463649,0.9200506905413367,0.9258466996384802,0.9167125689054975,0.8657603225808705,0.9373014200819428,0.9410021253527766,0.9417093527345253,0.9939247869248194,0.990339833258433,0.9857219145407847,0.9933911013946946,0.9930385021330308,0.9875054544841776,0.9922560838030717,0.9982787141056111,0.9980396782861737,0.9880785295800885,0.99953317788698,0.9991561067198406,0.9972464210759547,0.9988174382634135,0.9913489521529597,0.9906671295547337,0.9938019520023856,0.9956253388598391,0.9991850228708592,0.998873907683366,0.9975924839534964,0.9982874668024775,0.9997354567285615,0.9940355609176974,0.9987327095212845,0.9993182752387273,0.999327623455808,0.9965005033087126,0.976546723218607,0.9944315984942365,0.9936664001239688,0.9938420321385566
1806.7210252,0.999556937039834,0.9997232409984838,0.99485770964553,0.9998714461179146,0.9899055313361033,0.9923029166684137,0.9833689892088645,0.9888026934336371,0.9924336380517292,0.9879295947508917,0.9893917324469484,0.9923075325714331,0.9216141127598139,0.9211563974968485,0.9269111810330121,0.9180441486573949,0.8821113530846891,0.9478013220391234,0.9522653698512018,0.9529016590356966,0.9974688047551737,0.9920100423173912,0.9927491027251214,0.996703533486237,0.9947773382960928,0.9937639796597528,0.992588800203051,0.9990011145090987,0.9991551573759384,0.9882571893071112,0.9998594207025021,0.9995759321360664,0.9980010759338147,0.9996344585580345,0.9907015917200195,0.9902681220540845,0.9938946438820816,0.9954181726623406,0.9993932805539886,0.9996008335666712,0.9990710346825392,0.999376057774336,1.0,0.9931796778113255,0.9997152729442194,0.9997055554276343,0.999302038199441,0.9964989605139457,0.9762724312325671,0.994178636982517,0.9936346374984631,0.993728988513518
1815.45600983,1.0,1.0,0.9944953013237045,1.0,0.9884573416571882,0.9914260572811218,0.9821255731397293,0.988610441452259,0.992113088780101,0.987382689569844,0.9889726807365871,0.9916695237316143,0.9231608365375759,0.9224112791426354,0.9283618356359402,0.9193100646728465,0.8942501620403288,0.9558755556315319,0.9610265269209468,0.9616646378429566,0.9996803739912657,0.9927799313009901,0.9977472272397264,0.9989314478773544,0.9965727317628618,0.9980515920037137,0.9929303667954831,1.0,1.0,0.9878935005606263,1.0,1.0,0.9985713965045615,1.0,0.9904747591221317,0.9898969555825524,0.9935154483129764,0.9953084730159218,0.9998260178897006,1.0,1.0,1.0,1.0,0.9929053681431249,1.0,1.0,0.9992268482256265,0.9965169201892436,0.975893288598409,0.9941011544954188,0.9934673095462485,0.9938129531417581
1824.20079533,1.0,0.99923978781643,0.9931885499601735,1.0,0.9867022345087354,0.9904363932506361,0.9804300059937356,0.9888045862097702,0.9911645248128759,0.9860999163496522,0.9877523465042662,0.9907038620631472,0.9241977549647852,0.9230381586241027,0.9291786923258917,0.9206283530694472,0.9011607785504506,0.9608696218272076,0.9664819580739213,0.967095470632406,1.0,0.9925646409012314,1.0,1.0,0.9973911296711784,1.0,0.992239285396241,1.0,0.999084461395137,0.9858109249195964,1.0,1.0,0.9984970225924611,1.0,0.990335885501397,0.9894831622972942,0.992801977119651,0.9950927357162951,1.0,1.0,1.0,0.9998072162634126,1.0,0.9920459588373445,1.0,1.0,0.9992172586377296,0.9965116396520243,0.9753767179525379,0.9941959893020283,0.9933947000082595,0.9938669220994601
1832.95532041,0.9988766041999219,0.9964051846490908,0.9908550941323511,1.0,0.9849962294870526,0.9893403461271365,0.9789441984853755,0.9881269874424119,0.9897184265428823,0.9844172570904282,0.9857548424957528,0.988981238194559,0.9248251486347058,0.9231191875721239,0.9297108872467755,0.9223183698553151,0.9020350652928222,0.9618387635878151,0.9678460447262114,0.9680010170005137,0.9998695042399893,0.9915544072747626,1.0,0.9996490996255866,0.9968714549607833,0.9999603696018005,0.989425655126994,0.9990525253385318,0.9949061923435748,0.9817152757394972,0.9991937981649712,0.9999156183416918,0.9971231000360166,0.9993548262314982,0.9898117817217363,0.9881938422173319,0.9916997235729375,0.9942985115583763,1.0,1.0,1.0,0.9993647778997404,1.0,0.9900802081922636,0.9996307757207269,0.9997247607634812,0.9992492078154631,0.9964707160702028,0.9751001887927866,0.9941916955322333,0.9932746464854073,0.9936949452851549
1841.71952428,0.9954621884267286,0.990909568415695,0.9861922170659712,0.99941750814045,0.9828407258330883,0.987327002838962,0.9773953843429634,0.9864900620886623,0.9879241349716266,0.9821695043256128,0.9831812100707619,0.9866243528415587,0.92487585399686,0.9232744267664142,0.9298321533851391,0.923559375439975,0.8954645175165107,0.9579858777875423,0.9638848419770902,0.9631846227502575,0.9970721325281083,0.989428026872447,0.996371070165989,0.9969913685817284,0.994540728516672,0.996382739292666,0.9833370237738032,0.9954073954963945,0.9870435664296368,0.9751967684141993,0.9961372928828486,0.9975041449621751,0.9933450335045568,0.9964536909379361,0.9888251035301844,0.9859436685923151,0.9898018279990733,0.9927953710291736,0.9996639980099106,0.9994143647964587,0.9998137819440208,0.9988191900158876,0.998603295558828,0.9868302192413131,0.9984083482522428,0.9980324518714223,0.9993333338951019,0.9963738312131137,0.9748454700252579,0.9941633910128298,0.9931608378031646,0.9935819556006706
1850.49334662,0.9884979973347944,0.9808806512064724,0.9789692061227543,0.994960571353033,0.9801258429153259,0.9856236038432649,0.9757105974160601,0.9841999506171736,0.985433050459823,0.9790786566391785,0.9798782812087103,0.9839964740217478,0.9245287794560643,0.9234412222054795,0.9291161427104241,0.9244374893960323,0.8805331018029565,0.9480927796878236,0.9533469271362788,0.9518075820675704,0.9903001390741488,0.9856820258973106,0.9873817589297597,0.9913620066533966,0.9903662548331433,0.9877922636565399,0.9732217798044009,0.9877641679324266,0.9741335167047229,0.9651049125331831,0.9893483970012824,0.9918781453004861,0.9867943114557826,0.9901166312265942,0.9868752283677169,0.9834464786425309,0.9873841981415173,0.990986673205469,0.998940816905885,0.9978984206425107,0.9990777199836719,0.9983026330380665,0.9963263054909036,0.9828649804089313,0.9954159281950001,0.995217906974291,0.9994638856783852,0.996255739000099,0.9744415497396902,0.9942806446843723,0.993228211931814,0.9935725405295195
1859.27672761,0.9760295520220567,0.9638370713713654,0.967590598656807,0.9840142973667805,0.9768918514117978,0.9850069157068354,0.973664846367101,0.981177994382566,0.9811549114154614,0.9744896544050193,0.9750190632756828,0.9797853753000233,0.9232139175346644,0.9222454725183699,0.9274347026375299,0.9250869936444892,0.858073987518636,0.9320726382728417,0.9351599426807328,0.932320182199587,0.9783186285453235,0.9790102563102427,0.9706473715016269,0.9819751318484707,0.9837249360630171,0.9719108203651766,0.9566286484726604,0.9730153332191447,0.9524999410621577,0.9484995044846439,0.9761498249584003,0.9800701541441643,0.9748016296836903,0.9774589636385691,0.9835284050574581,0.9799916794415015,0.9841597683312784,0.9881117304146736,0.9966837775089026,0.9947075973419828,0.996349597557007,0.9966938809391747,0.9925184304231137,0.9781306732311396,0.990295778926789,0.9906132378170885,0.9995468085594775,0.9962074568247052,0.9739947329649311,0.9944824938613233,0.9934586547403912,0.9937794693459379
1868.06353858,0.9558407841241147,0.9380279607238053,0.9498687986228169,0.9636921345016276,0.9728576788989169,0.9851575823023059,0.9714690120460013,0.9781277978745575,0.9749029622037834,0.9679963166406503,0.9678135284257543,0.9734128274929931,0.9191750535078261,0.9191328622987228,0.9240209576299362,0.9254104623745554,0.8321916964482874,0.9111657140564714,0.9114725933263156,0.9027803479666537,0.9595755235471447,0.9679607859753702,0.9437279819181295,0.9679780058282399,0.973293642030077,0.9478908163789805,0.9295903082249455,0.9482931599686931,0.9172476465329167,0.9230941265310577,0.9535012435353671,0.9573747133180481,0.9538502373761059,0.9544785697966742,0.9790326224151975,0.9751753863221649,0.9794657933355746,0.9833697512832013,0.9912270660596662,0.9879960590776258,0.9890886914106437,0.992785296933211,0.9859809259724422,0.9725183148656057,0.9823596025653843,0.9822309761745862,0.9994436910836151,0.9961645036854301,0.9735378894506858,0.9950706520750112,0.9941359316966113,0.9943604089748039
1876.84916726,0.9254325041163669,0.9022466824188172,0.9234917491239386,0.9299582796374923,0.9662169997879247,0.9844350811251751,0.9660594489288195,0.9741851851659575,0.9661591782704736,0.9583801358014883,0.9577322692122664,0.9645592599032418,0.9096957960212735,0.9119028329447999,0.9170928537943815,0.9246644981183781,0.8039044674002778,0.8844331379999862,0.8864009963067658,0.8538251050907285,0.9317918757896941,0.9503356806082411,0.9028491616549686,0.9472533371938908,0.9568633893473694,0.9133601990361336,0.8863860273759705,0.9118720625312657,0.8611818348992308,0.8857123470504169,0.9161907241792225,0.9182398803755746,0.9179587697587148,0.9161469885125968,0.9734904330048891,0.9681534825364698,0.9714917443684398,0.9746127185916963,0.9790861359174416,0.973283674460615,0.9734290736424361,0.9832529174382096,0.9738575696646566,0.9659301333265408,0.9683057536343683,0.9664731360201647,0.9993882678675343,0.9961213937950987,0.9735121905590469,0.9959134818595139,0.9950835111030535,0.9951322864994596
1885.63362519,0.8848574625200595,0.8573090066802488,0.8904613416647307,0.878970722600696,0.9526137842403118,0.9833515066940779,0.9543992525176864,0.9653580101042801,0.9557452984965629,0.9454850520108341,0.9447289036561701,0.9543204924117533,0.8881893665099944,0.8969193816614328,0.9036504539819408,0.9223659994629183,0.7715414877968761,0.8478253305002053,0.8624220052536965,0.7720712989905691,0.8947178505986034,0.9249433596619651,0.8447312594228962,0.9200976901962608,0.9324898186199237,0.8671903227041714,0.8220071837148021,0.8606223483728067,0.7757705262304877,0.8357475913784282,0.8582393091571686,0.8568709441834188,0.8649388049705217,0.8583861645332972,0.9672513296517387,0.9581931159098928,0.9579799250904458,0.9590520918045498,0.9575588288619792,0.9456272982062573,0.9450926573403922,0.9644089716652771,0.9537093072582753,0.9599261002458658,0.9440805141134708,0.9400035209515801,0.9993362119161031,0.9961507904202553,0.9749885947389593,0.9971062830993613,0.9966302456336634,0.9962085947617496
1894.41692373,0.836630283436364,0.8042299792953655,0.8486648035757884,0.818982225097686,0.9390576934051686,0.9823993578077036,0.9447812364452316,0.958057667706974,0.9401019699851324,0.9278924234905227,0.9264342484481277,0.939327573299882,0.8655720318327206,0.8815423324336342,0.888926544410679,0.9171368803359427,0.7410899565459118,0.8093394090995929,0.8331060085685816,0.6949351639243879,0.8518996066614394,0.8946504184995279,0.7819128605613967,0.8882410731997689,0.9022793983665073,0.8164213967386339,0.7489265202510024,0.7972580927279912,0.684915604215089,0.7763821899070699,0.7969954727713359,0.7894672604545288,0.8070430714066885,0.7970656006132386,0.9560926440967641,0.9438326754209881,0.9404273995968397,0.938391841591515,0.9305276746063331,0.912104960725841,0.9108146484682148,0.9411216256864383,0.9273773510926524,0.9445404008623773,0.9107981682004825,0.9070721237546444,0.9987232649143097,0.9960862300964395,0.976824934420301,0.9982461078460101,0.9984893993167067,0.9973590207611162
1903.19907409,0.7931180198622089,0.7543857062788739,0.8042903556555896,0.766730928658145,0.9297050253534821,0.9796127954884764,0.9387879723134623,0.9493061239351485,0.9217516724453111,0.9079916275651794,0.9069176238111318,0.9199609907385676,0.8524437047402574,0.8688984344151576,0.8751710316566566,0.9081104789951188,0.7177452340293103,0.7782817652878875,0.7959655949696173,0.6507561511899194,0.8114143643840377,0.8635399081980577,0.7293749129314694,0.8575930058203406,0.8723371409335502,0.7697886095250663,0.6917621539479696,0.7414049899184529,0.6196945744905139,0.7210797684256349,0.7539872639507462,0.7407341715890685,0.7617516171918016,0.7533138665113954,0.9390512784184006,0.9262911203535477,0.921856359507625,0.9185069595715296,0.9060894702269588,0.8890963428999348,0.8854607557522967,0.9227034471981884,0.9050741684891467,0.9266474111598754,0.8838855638579094,0.8807946893031795,0.9987384637139406,0.9961044416754865,0.976976431424588,0.9990935407436751,0.9988957670343922,0.9981150170475461
1911.98008732,0.7685766940608079,0.7240196232262447,0.7751718922496139,0.7336464736998229,0.9223000967561825,0.977890457230298,0.9383827005339178,0.9435856738095039,0.9089026221344105,0.8941891393815741,0.8945550527759454,0.9056806333941264,0.8445220872526418,0.8585129731512894,0.8636353347378555,0.8996851763450351,0.6998254855144663,0.7522985341983317,0.760611856847767,0.623610778940318,0.7809964005403627,0.836116905643646,0.6869166809047973,0.8332646023085003,0.8484198095374754,0.7311592314603086,0.6621765973248126,0.7118069232448203,0.5887070573229505,0.6920497400727526,0.7344076318408242,0.7164224081906316,0.7416215263802454,0.7345904646178439,0.9244349204263738,0.9126132589322811,0.907255299909057,0.9028250644542001,0.8964875685418464,0.8839197941355612,0.8779588904916454,0.9183128981496365,0.8994019146398432,0.9234976760631398,0.8764222109725314,0.8736891257869528,0.9990041210413538,0.9960315797007029,0.9763480799984487,0.9993899369704276,0.9985748379474672,0.9988572616503906
1920.75997429,0.7628446846956097,0.7146505384180346,0.7655356298810392,0.7200913945278236,0.9178170187313839,0.9776242118649138,0.9411425844849639,0.9426476564573733,0.9044841781852102,0.8898444810022001,0.8901998516726946,0.9003507605308047,0.8397041751538069,0.8505053670367915,0.8556159615728248,0.8935501253431797,0.6862006677424576,0.7314430680689337,0.7324751066133472,0.604908240576308,0.75789243502865,0.8119426950037091,0.6512330627854727,0.8139281563417654,0.8285471570837349,0.6977518331193902,0.6609978050100638,0.7084913550093185,0.5905672961860333,0.6917782499549373,0.7334707360238252,0.7117160921965939,0.7425635764187566,0.736318944368006,0.9174913974201324,0.9062058192902832,0.9005396352345398,0.8950263329705345,0.9010114575197209,0.8893970528140693,0.881786513629502,0.9240153284845616,0.9052010365850095,0.9302022360932194,0.8834072116367231,0.8802397536284982,0.9989352579405228,0.9960337469473782,0.9758138876412716,0.9994287152701736,0.9986022416059905,0.9991109937911541
1929.54914243,0.768598983110366,0.719006565829163,0.7684979350030545,0.7196191537991342,0.9147317848753155,0.977222259474777,0.9449544309649336,0.9427846758177622,0.9058430916656377,0.8908620877882834,0.8907947759278272,0.9014070926013322,0.8369207591989034,0.8431331865432832,0.8493342906241357,0.8881313145477447,0.6757085262444786,0.7163427899795072,0.7114444105468156,0.5919461180155057,0.7383462175045428,0.7898809455056037,0.6212655013450025,0.7971790224966466,0.8116361750756664,0.6684820813435497,0.6732615375051295,0.7175964781481671,0.6081506731284425,0.7039774970701538,0.7418569982109166,0.7165879747076859,0.7539255748515927,0.7482220330342827,0.9159574843299157,0.9056213665765821,0.8995817525009989,0.8937579716703945,0.9103740135735725,0.8984151998614132,0.8890531723254218,0.9306452225380233,0.9124355069845549,0.938435174097086,0.8932012859613554,0.8904005781001485,0.9989779352889264,0.9961210910964442,0.9755811752291226,0.9995647359031155,0.9987741579300712,0.9989857622917303
1938.35679058,0.7789410873761107,0.7303368697895931,0.7778602172555272,0.7264233479619611,0.9122426278457363,0.9760529987117774,0.9491719557885596,0.9428307659401415,0.9090524830930561,0.8941007867321424,0.8940855395539241,0.9052064398105131,0.8358835107077849,0.8387864151829784,0.8457561696179781,0.8848708435432397,0.6693087378854976,0.7069891763511615,0.6991569211145179,0.5840798659745013,0.725864478767856,0.7750109992166235,0.6026610549474769,0.7867328388393664,0.8010424542586276,0.6497170029410219,0.6892145852077772,0.7305457256532267,0.6302231391451836,0.7175760393562098,0.753640414378053,0.7252467279288426,0.7695037844786945,0.7631169024350115,0.9169783200554092,0.907907087655932,0.901615742775077,0.8954245307326077,0.9186392467133886,0.907085174312464,0.8968632146148262,0.936119728740854,0.9186882970814529,0.9454753633785878,0.9021249226863051,0.8983755201177176,0.9989147219536,0.9959872758533524,0.9751317703703036,0.999756762582809,0.9990750278166785,0.9990072176937381
1947.18286652,0.7902574727249646,0.7438589233682219,0.7897466843149483,0.7362339085044248,0.9099132689300978,0.9754501048022199,0.9542051896927772,0.9419215974362031,0.9126835957340231,0.8981477650526162,0.8981999588823193,0.9093447026549125,0.8389611431188558,0.8415622474980884,0.8478967381623941,0.885579426297339,0.6670144907813929,0.7036079319345445,0.6963542499241696,0.5809869731257844,0.7264400631543978,0.7738226509165635,0.6011297204697162,0.7867091601398747,0.8014728987658878,0.6480312826453044,0.705822633635977,0.7439772584986024,0.6525500964985421,0.731467163388381,0.7665228943346083,0.7358629289167569,0.7860308554388491,0.7781444440020835,0.9196296974133628,0.9113270673404741,0.9046839193733597,0.8984228586447887,0.9257078123463026,0.9141045962588384,0.9036835160132802,0.9407750473435698,0.923898962959083,0.9511305357514465,0.9096035503321859,0.9048594035608757,0.9989616311927915,0.9960150453144733,0.9751082614403169,0.999860198311074,0.9992903379587696,0.9992127200537997
1956.02731804,0.801794039813099,0.7581852889622258,0.8019602562777514,0.7475266257641494,0.9086303922592565,0.9749791783233565,0.9602317609839137,0.9421544521749751,0.9163204325277844,0.902646488318905,0.9028548461986047,0.9131817095416953,0.8456081660593375,0.8511431213183047,0.8550928584641663,0.8903529161878719,0.6684139465796984,0.7062879817970021,0.7021058504029025,0.5817747399332346,0.7394917499665454,0.7869754540692964,0.6166421131155875,0.7974215555093118,0.8132649013810587,0.6629127268977378,0.7225312987213685,0.7568574144422751,0.6747449005784293,0.745956148824946,0.7794766006399546,0.7477419070328073,0.8032959368064604,0.7926621043336693,0.9235741320148119,0.9157262094412882,0.90857265406015,0.902649202711268,0.9318175949100462,0.9216424362624809,0.9109260725990743,0.9452528865138274,0.9289011691664314,0.9563623257875001,0.9161736441444257,0.9113642534846971,0.9991780147526369,0.9961535948528005,0.9752495378765561,1.0,0.9994869794225949,0.9996518510838092
1964.89009294,0.814290796326795,0.7730707426180148,0.8147201698364427,0.7605360309903408,0.9089664983982239,0.9748361391446321,0.9671370426972592,0.9451802946824222,0.9205168959745442,0.907961878269506,0.9083341939090172,0.9176241353282178,0.8537657708033314,0.8623879161688146,0.8642554192539621,0.8971247736251824,0.6719175452099323,0.7135082675021497,0.7125512994081526,0.5847761299570141,0.757192661038465,0.8051497447478138,0.6400165007957467,0.8121620895178172,0.8292341027672311,0.6843464890243446,0.7400978450540113,0.7705021972864212,0.6976460258549448,0.7608442024014775,0.7934831315909816,0.7614116734967091,0.821963058972552,0.8077353008968489,0.9284421683285876,0.9210884125752699,0.9141410158034478,0.9077327393598221,0.9388351362118165,0.9294718359379316,0.9199287090809831,0.9498667909846206,0.9341657881456481,0.9621880801424925,0.9236094435986029,0.9191780123438079,0.999193277487549,0.9962126464478501,0.9758085523555072,0.9999543506731476,0.9994781478050693,0.9998192880670542
1973.77113898,0.827889265174325,0.7885940795920671,0.8286790206676496,0.7744492735800457,0.9094290695795331,0.9748097419658116,0.9730540256425578,0.9465178591258114,0.925277881999302,0.9143853770022977,0.9142903528507367,0.922864182853063,0.8618673636359826,0.8722289281801094,0.873170747353141,0.903818599708259,0.6755265206222381,0.7224010635601653,0.7244308919623652,0.589914019306158,0.7745749342567508,0.8217311422808652,0.6631723092482031,0.826360893349442,0.8437673780683238,0.7051380833505847,0.7592692314160995,0.7860353451915053,0.7212910240815756,0.7758324086726301,0.8081513375001302,0.7772623061230362,0.8415012323773828,0.8233586784831712,0.9337608609413321,0.9272976703891965,0.9207510166413452,0.9135910879787124,0.946195637738252,0.9377847633905665,0.9302889797368727,0.9548239410797495,0.9393374221047943,0.9687046402855585,0.9308890512237066,0.9268497595979099,0.9991974507049595,0.9960841619082715,0.9766512047885177,0.999790907845289,0.9994039833575259,0.9996412439758507
1982.67040395,0.8427914677380818,0.805269919871514,0.8438466555209307,0.7893568307721753,0.9100005087823254,0.975048763556466,0.9780483897899078,0.9490331571247563,0.9311359191669447,0.9224101819672951,0.9207423758834282,0.9293385323675657,0.8704163402759384,0.8824498006610175,0.8823194073171916,0.9113093179816639,0.6809515316597996,0.7349982606322134,0.7402140944144199,0.5985997937137243,0.7948778868718464,0.8407447733230478,0.6915003163566198,0.8428805602955721,0.8606253812626687,0.731222240904213,0.7798764220564718,0.8035408552741197,0.7454717964235491,0.7922762740444586,0.8239299176638042,0.7951217518731718,0.8613932803123946,0.8394285030900596,0.9394832669557343,0.9348042575584505,0.9277837542581546,0.9205818267976049,0.953831648815642,0.9465576450814447,0.9411130787008599,0.9607882132168104,0.9447444921008291,0.9754068669845092,0.9389991471663055,0.9344226387412752,0.9992223404759012,0.9959073638973761,0.9777838596878661,0.9996180032647671,0.9995313578700674,0.9995880370046474
1991.57932378,0.8584828252288572,0.8227354232484453,0.8601992112490259,0.805462520562356,0.9111194447230575,0.9750099359161477,0.9830781896655701,0.9520173728387407,0.9375726048529692,0.9314750024625251,0.927787958060987,0.9365459105273151,0.8796620743912172,0.8938997056616281,0.8922244770197569,0.9199121742399536,0.6898956059195881,0.7532781283864103,0.7629873452737939,0.6117488804151382,0.8218507562704217,0.8657493257098554,0.7308626260406282,0.86453685423514,0.8822226273310202,0.767833261532376,0.8010214700060376,0.8223122628754744,0.7697524046963873,0.8103483330067175,0.8398542195903596,0.8149278828103808,0.8808150474550911,0.8559136959610678,0.94553436295956,0.9427790163285592,0.935579571914557,0.928582737829961,0.9612821169555501,0.9555551244807936,0.9511648022350054,0.9669999746275698,0.9516840382629194,0.9813527812727368,0.9465532530477915,0.9420175455783039,0.9992664786127978,0.9958969680014248,0.9791233865443922,0.9995967957111221,0.9997303685508383,0.9996880191240466
2000.48893957,0.8745783701481475,0.8408719791022571,0.877345212197623,0.8219633041413067,0.9125261869182137,0.9750886544303634,0.9880460863444548,0.9537325558882099,0.9444534068829713,0.940064791235121,0.9351130214259772,0.9444049147036986,0.8894708429262213,0.9068095833478764,0.9032629234653571,0.9285517727181143,0.7012859591821846,0.7771985981053281,0.7932136476539721,0.6296801856808977,0.8553072698527004,0.8955987457276848,0.7808416017752094,0.8914006976628674,0.9075612675812685,0.8136683689228369,0.8225845981187565,0.8418864184716649,0.7940032819581817,0.828671555240627,0.8556604143683433,0.835260113632879,0.8988635503371325,0.8725639886234206,0.9520697445865376,0.9506185492681241,0.9440131001858699,0.936649235936729,0.9685184427478994,0.9641525614169673,0.9600760878722335,0.9724183776918238,0.9590753746715484,0.986200519603755,0.9537871321121268,0.9502769749798683,0.9992441759825382,0.9958020135932492,0.9808497370629166,0.9994829337818203,0.999862499578183,0.9995212994076417
2009.39924527,0.8912562550272015,0.8598164912736704,0.8946382640709211,0.8381819326930796,0.9134893507438607,0.9754616910950883,0.9916370040220115,0.9558743247976932,0.951951999207024,0.9485985239492687,0.9422297166815152,0.9523803457635428,0.8991887460906155,0.9189068393376821,0.913846005165904,0.9367356995236595,0.713163728538584,0.8029771684722978,0.8259247568864088,0.6501737476818552,0.8879778252952811,0.9231110658223641,0.8302470745432717,0.9175276256881062,0.9311477686746784,0.8580744412083589,0.8438600375768107,0.8608210284483613,0.8175012704607556,0.8475155984104314,0.8713253594566653,0.855447375513624,0.9159201734103474,0.8888921121684482,0.9583825279463634,0.957888440529444,0.9519777947229567,0.9443005411900915,0.9748983907458827,0.9716925840935192,0.9687638334654195,0.9791818995740735,0.966597510087967,0.9907002973592566,0.9610294769735047,0.9588215306528454,0.9992269651021619,0.9955555518906692,0.9825788618311597,0.9996039895266962,1.0,0.9995656939150617
2018.31023493,0.9075523210439705,0.8785417903111498,0.911946491464138,0.8536874616355097,0.9145230351811364,0.9757535366034237,0.9942739033568556,0.9576000787079,0.9592735301353271,0.9568594636690695,0.9492647992211921,0.9598143198402265,0.9080511926916603,0.9293543040691988,0.9238224662964661,0.9441543584924824,0.7262036232682595,0.8277806602845691,0.856699448303769,0.6713933956784749,0.9148320804399042,0.9444756448790049,0.8713390005193214,0.9387408925247335,0.9495608394970537,0.8941385386857852,0.8638524373874622,0.8787565085623626,0.8405116202442504,0.8666926854835283,0.8866165268065155,0.8743565273759643,0.931146509259018,0.9049604436171568,0.9642657356597732,0.9645975912347953,0.9590930415999235,0.9513055219241509,0.9817211366472994,0.9786178411110915,0.9763866749348195,0.9859620482996511,0.974928786810223,0.994841940303302,0.9689434011442355,0.9668305268914679,0.9992687272554831,0.9956647958426957,0.9841910730222025,0.9998282613403056,1.0,0.9995770194010268
2027.22190266,0.9232057525051282,0.8965308411691992,0.9285864608050818,0.8679992750717813,0.9158086977534325,0.9761890426488367,0.9978480429576987,0.9593005256218318,0.966011510050355,0.9644644044241851,0.9564298465087402,0.9666037923065642,0.9162135915646537,0.9388474290522371,0.9335747419227017,0.9514549194283418,0.7394474384668771,0.8504480184201403,0.8842341210241221,0.691873227963169,0.9370723919843641,0.9608009535346926,0.9045824112280584,0.9555881766351755,0.9639150475038529,0.9227366867651058,0.8824143482699554,0.8968386761723626,0.8625311973639957,0.8847169364462749,0.9013920695379348,0.8923192671077088,0.9443326418941066,0.9211907523033264,0.9702892333860632,0.9707362803077,0.9654398992703025,0.9578973756340146,0.9877629489482816,0.985173821736972,0.983295935708625,0.9912677676162802,0.9826227621431555,0.9976604726444049,0.9773279481576768,0.9746073662903226,0.9993061427705946,0.9957462037286143,0.9860567649459194,1.0,0.9999973495368887,0.9998296812066448
2036.13424266,0.9379769022451822,0.9131193315211636,0.9431347600461305,0.8804173372918896,0.9171219562036245,0.9769616397813194,1.0,0.9611551303975979,0.9718605036834829,0.9712268070991931,0.9631235599389485,0.9724470286782552,0.9239580024767292,0.9475087459162673,0.9421219156067783,0.958236981455253,0.7521582779943665,0.8708884942541448,0.9079379081047664,0.7107938162947912,0.9553014546625244,0.9732640842450077,0.9317398694617479,0.9693117024666382,0.9753836292613675,0.9454689781166503,0.8990525191322889,0.9132618266120063,0.8827038960907776,0.9005047438017781,0.9151472125021642,0.9088823102658068,0.955398620424269,0.935814676659542,0.975899787982773,0.97584284942445,0.9708545509899452,0.9635330562136843,0.9937441224640007,0.9906219138101399,0.9895508592883869,0.9951222648364625,0.98941682158766,0.9993542456080424,0.9852619262214731,0.9814256466271545,0.9993139619154552,0.9956501426073092,0.9881218463535044,1.0,0.9999300435803393,1.0
2045.04724919,0.9506351523945157,0.9274570254987536,0.9549897281738234,0.8906288063183837,0.9173962189763231,0.9772417734406286,1.0,0.9612702061055957,0.9768659140510927,0.9769519221424191,0.9688287022637414,0.9769438489869187,0.9310542847107041,0.9539601630034458,0.9493423907061466,0.9644452953784964,0.7630750451068288,0.8887025879330628,0.9274961728818703,0.7272516798378351,0.9695878544032529,0.9828754671126256,0.9531986726241297,0.9796515276645218,0.9840389508257422,0.9627031082185654,0.9136859011028304,0.9270637908570302,0.9010325099194739,0.9144730200632991,0.9275611071085936,0.9229591743690161,0.9643241640108734,0.9483106999497621,0.9806038895075007,0.9801029344226457,0.975129343413953,0.9682989587553551,0.997501282297676,0.9945289275196001,0.9943903092317132,0.9975563588895305,0.9940695055704708,1.0,0.9909317064460896,0.98720302745124,0.9993883459118055,0.9955640482143946,0.9899338067849807,0.99985027400673,0.9997762048407033,0.9997261409843744
2053.96130725,0.9610824281673065,0.9399690918028093,0.9650199692758553,0.8988263393989014,0.9173727494671539,0.9772752685579033,0.9998227747622819,0.9590145995463996,0.9811240627829834,0.9818647047529717,0.9739555443396346,0.980388979856897,0.9370713935970568,0.9592582884138444,0.9560136122687587,0.9694755958977613,0.7725334383947936,0.9033229446943547,0.9431635993278815,0.7417422315201242,0.9805898525510307,0.9894350672085755,0.969356215999936,0.9872471702384247,0.9902678974300266,0.975493250233717,0.9276818426198148,0.9396394038901801,0.9181062950350714,0.9275664906026643,0.9385049763697947,0.9352402156288,0.9716081203948062,0.9591807214189928,0.9842976130238705,0.984002091955023,0.9784261598757431,0.9725655892925192,0.9996022615072652,0.9980379346910088,0.9980765962355466,0.9993793905574682,0.9974027219456827,1.0,0.9935047467571151,0.9917739411705961,0.9993414046423297,0.9954682554527624,0.9911600976495999,0.9996135302603707,0.9997541890841166,0.9996787314450807
2062.87694233,0.9696599570129928,0.9509573299469166,0.9734523193268091,0.90506198101445,0.9174186799970673,0.9769830677896428,1.0,0.9562367758763846,0.9846309717222732,0.9853645269116189,0.9785737033058644,0.9837402564619587,0.942173861847709,0.9638985945114019,0.9616011182419532,0.9736821258165038,0.7806817348060937,0.9151526814208683,0.9553277757249926,0.7545427922501522,0.9882530259130802,0.9933072148994895,0.9803634629220168,0.9920034007526932,0.9944667291605305,0.9849475285435707,0.9406763441152944,0.951098903614433,0.93387367514841,0.9398940420689536,0.9487469237976313,0.9451273313432386,0.9777153581682053,0.9681415792270134,0.9867626574041037,0.9869105348135684,0.9812024331492071,0.9761927212922062,1.0,0.9996568276800816,0.9998770669912901,1.0,0.9996245615499387,1.0,0.9958684457247808,0.9952220956670741,0.9993142078240109,0.9954171286203054,0.9922449752690836,0.9993362178262505,0.9997134899513486,0.9996497841093234
2071.79414164,0.9776701675817504,0.9606758354151894,0.9809147958841864,0.90994757755216,0.9181908490848097,0.9770081467608223,0.9993436183279968,0.9534227025056983,0.9876254791282216,0.988353008326686,0.982705494233249,0.9868860417412972,0.9471548312369639,0.9681528001048961,0.9666454557384058,0.9773630972905492,0.7885293237353647,0.926146288733548,0.9659741045759279,0.7665082971775898,0.9939960747664685,0.9966166282171697,0.9891873110327798,0.9959348117157325,0.9978729624098873,0.9925223105019609,0.953005985512321,0.9613273940003716,0.9477759546026497,0.9517351688310048,0.9587078154228139,0.9543302972838662,0.9829975152358418,0.9757386954690881,0.9891038007221871,0.9893362493975072,0.9842828556510335,0.979520354668937,1.0,1.0,1.0,1.0,1.0,1.0,0.9982737163018893,0.9984368220106682,0.9993273709184509,0.9953933515160402,0.9934464631684399,0.9993956844746787,0.9998747905324895,0.9997965881617431
2080.71289251,0.9845640870442235,0.9694955887612419,0.9874753738857328,0.9146522063558542,0.9182824795169959,0.9773923584302727,0.9996169059469103,0.9501399345487329,0.9901791132408558,0.9907798494557609,0.9860907942980814,0.9896837013638027,0.9523161238559689,0.9733503320373947,0.9716734276253425,0.9809748122597729,0.7959451908387398,0.9365789593741888,0.9756658326758353,0.7775928066698405,0.9981813460993496,0.9992966468872335,0.9963272378790575,0.9987605026849674,0.9996997561942866,0.9977242732968304,0.9638414529771555,0.970081606471607,0.9615089676867109,0.9626689915541615,0.9679825026912807,0.9631075209953407,0.9872048203200469,0.9814868865549493,0.9915629902815092,0.9911041165115771,0.9875391439662624,0.982469525643089,1.0,1.0,1.0,1.0,1.0,0.999479304149068,1.0,1.0,0.9994680781715563,0.9953602801364703,0.9941031088031476,0.9992362294409801,1.0,0.9998466849446024
2089.63318245,0.9903154298552547,0.9771325393797787,0.9925424709540357,0.9197414535608193,0.9186782042092606,0.9768985301621572,0.9988606196969376,0.9479478032690603,0.992395303943783,0.9929290940345685,0.9890104705727379,0.9922557447200405,0.9569330546847359,0.978135148215695,0.9765413402728558,0.9841487167638555,0.8021970129253381,0.9451486737434123,0.9834841409875442,0.7862632729586039,0.9998797676599324,1.0,1.0,1.0,1.0,1.0,0.9727914080273982,0.9771383764974103,0.9728047841683303,0.9732429212199896,0.9758658417739937,0.9709315819780613,0.9903217470742602,0.9857406889713364,0.9938600962386428,0.9931041560934674,0.9897820295168324,0.9855975985307078,1.0,0.9998271894138027,1.0,1.0,1.0,0.9987554972047773,0.9995450393793124,1.0,0.9992759359356854,0.9953881462006626,0.9951869927117997,0.9990083351069491,0.9997782676954154,0.9995669220201436
2098.55499911,0.9946559754385378,0.9840871854583754,0.9966489272374794,0.9254190638424249,0.9193430347198559,0.9768027020459643,0.9997322187562905,0.9460589028354747,0.9943549082704763,0.9949318890049597,0.9918367121843759,0.9945211413515119,0.9622187641935843,0.9827495468140325,0.9813858100213698,0.9875207131941832,0.8074603320295984,0.951710231885684,0.9889935982845249,0.7927872489820041,1.0,1.0,1.0,1.0,1.0,1.0,0.9813701856376926,0.9833524335532859,0.9810664776255521,0.982647070879554,0.9828911749273656,0.9788388520338598,0.9931091179583441,0.9897360062285718,0.9961306181737827,0.9955421597275848,0.9920313236332193,0.9887268388690851,1.0,1.0,1.0,1.0,1.0,0.9979233596848993,0.9976966674462594,1.0,0.9991684500503548,0.9953103490421346,0.9966499283144884,0.9991006827066746,0.9994625250296442,0.9993399501953364
2107.47833028,0.9977100697284347,0.9901221094805591,0.9992368784844906,0.9306259313613525,0.9203893652353842,0.9755118651859583,1.0,0.9446696545783511,0.9963688436181447,0.996748800014905,0.9947400596573917,0.9966291719836163,0.9676911344482848,0.986847984898827,0.9860492947346428,0.9905397559121788,0.8116760976051597,0.955702792402495,0.9928299204190746,0.7985565744567944,1.0,1.0,1.0,1.0,1.0,1.0,0.9888048607711835,0.9877699627428749,0.9886669740025688,0.989654952272751,0.9895982930794339,0.9858530398297489,0.9961322235120896,0.9934318605663782,0.9981738875497317,0.9975572012575705,0.9945034533297694,0.9919235024108701,0.9999626418489185,1.0,1.0,0.9998995364932431,0.9995293999954579,0.9977886677772198,0.9973145374268977,0.9994829104835561,0.9993230264701511,0.9953639683181256,0.9979134492047399,0.9991788616654618,0.9992875432862114,0.9990873557739499
2116.41133382,0.9994621137951286,0.9947719246107142,1.0,0.9361246043431606,0.9215066855132902,0.9736874158796854,1.0,0.9443017078420145,0.998548118014066,0.9983882831290487,0.9976370772099747,0.9981299655536353,0.9727654661649521,0.9908826750512078,0.9901972598010558,0.9932619519128099,0.8145450943077207,0.9582666011488119,0.9959713431465216,0.804376774987524,1.0,1.0,0.9998067706680603,1.0,1.0,0.9995024054740523,0.9941997954980687,0.9915347482304788,0.9952323267154836,0.9953983537581145,0.9954835614836623,0.9920195819710477,0.998923931355175,0.9973073905348686,0.9991096347067892,0.9991033098638995,0.9970390636826824,0.9952281260916643,1.0,1.0,1.0,0.999986703862478,0.9988234449297735,0.9985112995884815,0.9978504752851026,0.9987097878135212,0.9994031637458795,0.995372839354318,0.99900189890087,0.9989485504807861,0.9992746901465912,0.9989931439000179
2125.37093026,1.0,0.9989448715582298,1.0,0.9439640983914462,0.9226669269264965,0.9718478890111935,0.9995633019974224,0.9428596961768508,1.0,0.999946582251731,0.9997704283799375,0.9996101672322761,0.9770262223469139,0.9951660205039911,0.9943436193149447,0.9960209477599925,0.817109985745052,0.960806142605871,0.9984052991959043,0.8100670210160266,1.0,1.0,0.9991837912059686,1.0,1.0,0.9987141682302096,0.9984544731345838,0.9959513637279529,0.9992834361182524,0.9995520954405267,0.999801754831595,0.997746541863085,1.0,1.0,1.0,1.0,0.9990596432923167,0.9986095658971943,1.0,1.0,1.0,1.0,1.0,0.9996971859485669,0.9998375593027037,0.9995777990569384,0.9993026204577097,0.9952547323184655,1.0,0.9989702564192687,0.9993473794228089,0.9992280363590668
2134.35713173,1.0,1.0,1.0,0.9503369874915505,0.9226709146163012,0.9685014722108836,0.9985420284051506,0.9413471549943537,1.0,1.0,1.0,1.0,0.9805487382445127,0.9982993044948062,0.9976713368700796,0.9984796682805281,0.8187970983758733,0.9619542019718569,0.9990920888269404,0.8146316117003862,1.0,1.0,0.9974012950329907,1.0,1.0,0.9975465258893311,1.0,0.9993907363564367,1.0,1.0,1.0,1.0,1.0,1.0,1.0,1.0,1.0,1.0,0.9975594974885595,0.9983579944264518,0.9987103260307939,0.9986664849274383,1.0,1.0,1.0,1.0,0.9991035144644278,0.9951596935766153,1.0,0.9990025669572161,0.9992975449781977,0.9992549340662095
2143.36995005,1.0,1.0,1.0,0.9547897833985578,0.9212949626856201,0.9635091584554956,0.9964676374044386,0.9387865450749501,1.0,1.0,1.0,1.0,0.9832589072072072,1.0,1.0,1.0,0.8197849693036042,0.9621048798479321,0.9984501570033073,0.8181341733951599,0.9997414010377075,0.9987736097302541,0.9941338511278096,0.9998077840397529,1.0,0.9953038536689868,1.0,1.0,1.0,1.0,0.9985479676778853,0.9980980426123962,0.9974664278870975,0.9968500640424819,1.0,1.0,1.0,1.0,0.9881023774432259,0.9896446957294519,0.9893782309329227,0.9917713775752773,1.0,1.0,1.0,1.0,0.9989856004255344,0.9952096338420799,0.9994216436959614,0.9990177008489015,0.9993698323907672,0.9992604036902378
2152.40939672,0.994539400214281,0.9979538664097521,1.0,0.9559429104707922,0.918191219213156,0.9573885797479137,0.9924889501518471,0.9336955780117432,1.0,1.0,1.0,1.0,0.9847041376024841,0.9994445632863168,1.0,0.9995010215454891,0.8202041309038333,0.9599984928687288,0.9967059126317307,0.8203444780854237,0.9967760426829002,0.9954004694838543,0.9876372365577757,0.9972248600038478,0.9977643196259199,0.9897689926563855,1.0,1.0,1.0,1.0,0.9897693488006855,0.9884770627115192,0.9865598463903513,0.9855947174263151,0.9995542788671828,1.0,1.0,1.0,0.9737300254624108,0.9747611730517608,0.9726530466012951,0.9806010777376186,1.0,0.999094912252737,1.0,1.0,0.9991797536436214,0.9953311307920697,0.9976007317649848,0.99904768685579,0.9997366404337391,0.9994006975600179
2161.47548295,0.9867125112504809,0.9939220963890999,0.9978845055890813,0.9549215898183128,0.9130589572660587,0.9503323488838152,0.9869548493885624,0.9280792831476239,0.9998302987308736,0.9998473033664285,1.0,1.0,0.9840536703916922,0.9961189901637948,0.9973866495379865,0.9970319048960017,0.819970157947837,0.9560350728454543,0.9930030992322185,0.8214052459132061,0.9907920171190234,0.9901709043697907,0.977622231515741,0.9919381293546564,0.9924760847560802,0.9809281326577495,1.0,0.9997667505326281,1.0,1.0,0.973595570254123,0.9708220808684794,0.9682745788020264,0.9675169921490849,0.997677048727033,0.9987904396201464,0.9980601365044917,0.9990162467189543,0.9583597264596003,0.9591164908004672,0.9558404927774573,0.9690751846844614,0.9953227328357979,0.9930213422295178,0.9948844608079863,0.9938291623331418,0.9992231504109649,0.9953059900245171,0.9944123302527326,0.9990836326598849,0.9997586036863069,0.9994545805446469
2170.56821963,0.98014333722585,0.9894730079100528,0.9945587578920012,0.9529112675961425,0.9068047624797476,0.9430299162685547,0.9809248576947381,0.9225553470961855,0.9988245507325679,0.9986660709319402,0.9987264272432342,0.9988074689865485,0.9826918201365616,0.9923352619684217,0.9932638125538847,0.9934764816254621,0.8199319783651354,0.9511726991836991,0.98861075098561,0.822544332319399,0.981793602481649,0.9838681430287484,0.9659818405985469,0.984608630786499,0.9853600800296084,0.969825623505613,0.9994635664000956,0.996875104853925,1.0,0.9986518404194248,0.953445091318423,0.9487957300572543,0.9456670152150723,0.9461736981715708,0.9948038480060659,0.9958791616129165,0.9950094707970569,0.9962392836747486,0.945698026924571,0.9476392072182921,0.9460673671025296,0.9596746566034886,0.985437472461634,0.981308771828723,0.9823392029743859,0.9796615120034492,0.9991586996167738,0.995391035368272,0.9904612597378487,0.9993655508838135,0.9996304635666747,0.9997983349834969
2179.68761735,0.9740139443281599,0.9829824596834795,0.9908056267102677,0.947714730621216,0.9004967032049835,0.9363661542299758,0.9728779565239077,0.9168128235177833,0.997233771557503,0.9970365931555791,0.9972912692166597,0.9973227882035469,0.9802157208200146,0.9887628077309999,0.9893645222631977,0.9899895950600384,0.820300166100165,0.947494559873615,0.9846981508944646,0.8247584026667639,0.9709992852230493,0.9765396344855208,0.9541199866842539,0.9761975949154854,0.9781486111431583,0.9581304174106556,0.9974164205761756,0.9938086558669367,0.999022700643513,0.9957067745194973,0.9320249060816588,0.9252664976682418,0.9220920722749935,0.9239657282792438,0.9924188864007827,0.9927012980054343,0.9914598445564614,0.9935028583472292,0.9353667589954439,0.9361438575927603,0.9360998318728824,0.9500537879418701,0.9666694137905343,0.9626495375525211,0.9603426500361232,0.9578720373623979,0.9991347849756166,0.9955508615553863,0.9864991142217675,0.9995944781676807,0.9997351608530896,0.999950057120343
2188.8336864,0.9650940613053239,0.9739954411227041,0.9851713224038237,0.9387274998830505,0.8962855456349584,0.9305180687210066,0.9636722345420995,0.9128347281314935,0.995567015376291,0.9958447857087976,0.996371986385776,0.9965213308751955,0.9772389990570084,0.9852222404544663,0.9869598032235591,0.9873786891391244,0.8206953369409639,0.9453245257679512,0.9811012413143562,0.8264871923818677,0.9591626877556133,0.9684131012730295,0.9419948992541524,0.9675066391415886,0.9710199336962363,0.946648121912546,0.9939091700587434,0.9919408635047614,0.9944287228135394,0.9944357201217114,0.9134949561430412,0.9049883517449977,0.9016666851094582,0.9048473318994041,0.9903873826267262,0.9903917188873859,0.9879415185659293,0.991585416435775,0.9223175307307465,0.9228395810161979,0.9216888148291406,0.9394874144278041,0.9405437371108687,0.9359976290146585,0.9304875494886476,0.9298620630339128,0.9991296243891123,0.9954007415573564,0.9826171763992632,0.9999677793978361,0.9997862833947682,1.0
2198.00643675,0.953889232728604,0.9631380905873662,0.9759951303553706,0.9263840437674367,0.8922826560938155,0.9245030733042744,0.9565737202129297,0.9096863637047252,0.9954345101898165,0.9951289967071023,0.9960271448025948,0.9964716301771698,0.9742699731223875,0.9816401566938238,0.9849818055374024,0.9853350498444086,0.821722826534143,0.9434456453625775,0.977193095596861,0.8273573188489306,0.9478324053984767,0.9600885745213892,0.9300462836132888,0.9589908737388602,0.9635822287163769,0.9346533241830915,0.9909313252694328,0.9901999541607559,0.9893221068126872,0.992662303409398,0.902148193100062,0.8916628613185039,0.8882682486403899,0.8929329720171708,0.9882971760131393,0.9882107522775161,0.9853772670428936,0.9887778953590257,0.9060038049201431,0.9068176072295938,0.9073869936449442,0.9267472154660064,0.9130257325958197,0.9064929387539232,0.9003902110248909,0.9004792388173236,0.9990111223823861,0.9953060975427419,0.9800493646610288,0.9997187233665517,0.9993243561947999,0.999945115804794
2207.20587807,0.9466673915811931,0.9540905721563775,0.9676301554673382,0.9149059504349363,0.8895935078234253,0.9206391851736981,0.951248796420107,0.904463402521106,0.9965100457312301,0.995964157024815,0.9966026215347162,0.9971208697654351,0.9722333894222908,0.9799303475480883,0.9833159778443528,0.9836843756226171,0.8233815231036391,0.9416182879324271,0.9734691277969685,0.8289915121071151,0.940469720957165,0.9542172931695776,0.919780151807415,0.9528015807867419,0.9577640729131323,0.9247778171395966,0.9907523594427934,0.9920663953451119,0.9891899144306481,0.993628467028198,0.9032017573640029,0.8922271383111822,0.8881799683350802,0.8941648456134963,0.9863255874585652,0.9866417911142141,0.9842843345910695,0.986285022930176,0.8940859725317284,0.8969218873160094,0.8995143730631593,0.9178049745230514,0.8915020568434593,0.8838221481488648,0.876150055837569,0.8779496863169644,0.9991004387426903,0.9953590417143809,0.9785988440859223,0.9991029002216639,0.9991253832190103,0.9994620884490527
2216.43201972,0.9524767365669189,0.9553432222755444,0.9654134979225728,0.9130792491461668,0.8882332870898481,0.9177727637924548,0.9440309686976045,0.9003367873985034,0.9982595711085859,0.9977415918488863,0.9981929292807548,0.99840529843456,0.9713423610906713,0.9790390211358729,0.9825094084700382,0.982283117909821,0.826386779803246,0.9418218045739081,0.9720414655895006,0.8318030477731465,0.9396313597041724,0.9527461723446263,0.9170961824027699,0.9512788620688055,0.9563992748819127,0.9223119700588986,0.9943682953966814,0.9959127082726622,0.9933654922252918,0.997359689885518,0.9194965953919455,0.9086510250117394,0.9052948204320037,0.9128935774961273,0.9841941011597394,0.9852707217684274,0.9844569101095086,0.9853196946958701,0.9066487122264212,0.9106742766160296,0.9131635312114019,0.929549517186888,0.8835619906280853,0.8745991855065854,0.8640041213455287,0.8669978762180962,0.9991655708281979,0.9954936935160227,0.9772587565941995,0.9988083459165251,0.9997261657377868,0.999484304453066
2225.68487077,0.9626290380105036,0.9633777415413406,0.9673992650398235,0.9180148552586943,0.8879641312152176,0.9169205841433928,0.9372226835563062,0.8998793663210753,0.999366331684459,1.0,0.9994640347953486,0.9996831931615937,0.97168348438169,0.9787618720415561,0.9824583284276731,0.9814687446446713,0.8313406627065405,0.9452326761756829,0.9754575020811345,0.8369225771693326,0.9452884862319548,0.9565557436551284,0.9251169761350775,0.9551869569278039,0.9596978565143792,0.9294431574042339,0.9976465323247568,0.9981589397433075,0.9975298607223506,0.9995796717844813,0.9398260129436092,0.9293754526547675,0.9264976941250479,0.9363892648739391,0.983484285478152,0.9844925723654568,0.9848314390207299,0.985536739611867,0.928895951144068,0.9317147114726785,0.9367003133823257,0.9481544308312763,0.8893182397297306,0.8810581612227516,0.8682066208224494,0.8715053250495569,0.999445787020514,0.9952346778106613,0.9762091571114481,0.9989718598737707,1.0,0.999679642217823
2234.96443997,0.9678396531178408,0.9728626770283905,0.9722612110928512,0.9299814371542132,0.8883077277155943,0.9166350715174174,0.9345921186958479,0.9001633512491788,1.0,1.0,1.0,1.0,0.9728535893953426,0.9798094290559728,0.9836365926550034,0.9816186179422843,0.8358196517099751,0.9517984003007376,0.981279648091216,0.8463396888535918,0.9539254872039034,0.963630752353639,0.9370349325963253,0.9605122592779437,0.965113577557382,0.9407985976315938,0.9995747760027766,1.0,1.0,1.0,0.9567732814818682,0.9480227501233635,0.9449792033959755,0.9545313316929405,0.9838212346361301,0.9846805985221425,0.9853602106343471,0.9865869444517528,0.9481244347673795,0.949496379100476,0.9552900625125026,0.9618257737709442,0.9043774275914684,0.8991426192222044,0.8868786062355742,0.8914899102777122,0.9997045587742267,0.995126169664129,0.9765972005864064,0.9989176204669912,0.9995295948689742,0.9993901894626896
2244.27015399,0.9687638929708207,0.980140413584728,0.9764450874666737,0.9431027986427889,0.8901285594071222,0.916771570846258,0.9334847428328149,0.90223876231918,1.0,0.9993045132058251,0.9995602078363337,1.0,0.974632012285967,0.9825946092627892,0.9851308787864125,0.981488302969141,0.8402633068373908,0.9580465959435025,0.9854103583701931,0.8568859000195759,0.9623520495751342,0.9697034608878395,0.9473585602578459,0.965759255405514,0.9694705749637694,0.9505569618062341,1.0,0.9990300811823541,0.9991142505619305,1.0,0.9712697973506842,0.9639161968758377,0.9609806820772182,0.9683569206767099,0.9849404968496495,0.9852610522928597,0.9864452363196325,0.9879854249034212,0.9611732647893361,0.9613083918021016,0.9648796461825375,0.9716847804360425,0.922645804419218,0.9213338816676729,0.9094145981359028,0.9144598345665371,0.999901083590515,0.994875495542746,0.9770663453127219,0.998618695930274,0.9991664078417198,0.9992684999343072
2253.60010501,0.9703250461040384,0.9854305999498023,0.9800951058323008,0.9573460351142982,0.8915438508504256,0.9180653640557775,0.9330768789757449,0.9079730939936521,0.9992293234099142,0.998575036009541,0.9977125011100598,0.9991886178707876,0.9762029729127621,0.9852270685039817,0.9862742619711806,0.9833709878340328,0.8448364022344739,0.9629784789482978,0.9865731245941353,0.8656819008069518,0.9703963492805017,0.9748277312289474,0.9563738415461339,0.9714905991438143,0.9731527822485908,0.9589784964803112,0.9996932943053136,0.9952891574446564,0.9942814300555174,0.9992760562841919,0.9836651230858295,0.9778306804988546,0.9746712884451999,0.980623051203784,0.9867450737896866,0.9866851111974283,0.9877025935153646,0.9895658238827811,0.9675123680876907,0.9708077126124077,0.9661894206503822,0.9792845691712349,0.9400502286656269,0.9408650359089591,0.9299568115044082,0.9347541029626699,0.9996716139167363,0.9946874308191861,0.9776236844424488,0.9987273242993681,0.9990542513531311,0.9991050608449733
2262.95428072,0.9763540876949147,0.9931934406556178,0.9882941366655139,0.9741258667858462,0.8931166992948524,0.9202833226238268,0.9336414238176772,0.9148525725772155,0.9962664752691014,0.996890312439377,0.9944667013841564,0.9970424235483656,0.978659979558064,0.988310330072117,0.9876993612837986,0.986523286280439,0.8511912044854616,0.9660111989783186,0.988225666239957,0.8699883000322559,0.9796633967156202,0.9793484174030929,0.9651057547520786,0.9771814456417433,0.9787913053415471,0.9683623767130825,0.993840702603887,0.9908361352328117,0.9839708191758756,0.995366155124579,0.9930777339839905,0.9886207588696904,0.9871296779451002,0.9894045905897536,0.9890119088250466,0.9880480327012242,0.98774976187902,0.9917844971347816,0.9685690411079446,0.9750174783763411,0.9667727725363683,0.9827112496169559,0.9573313351494401,0.9582839061164143,0.9525434519431246,0.9569249799706868,0.9993819781267195,0.9946426472828345,0.979257123340984,0.99922027810788,0.9991427489873302,0.9989810512608672
2272.33266852,0.9822303383511044,0.9989780228447309,0.996456092011035,0.9887661280685962,0.8954237654546828,0.9199765863361445,0.9316569739320798,0.9196206737608442,0.9898220036879326,0.9916966775279754,0.9878640882525718,0.991623679542287,0.9803608835613257,0.9895193850738533,0.9893959277567621,0.9888083620018014,0.8598187312929685,0.970613717768499,0.991481633846524,0.8771247225707072,0.9888479826896092,0.9845498150115785,0.9757129121942619,0.9831290406463532,0.985349302112611,0.979330587260522,0.9831309063024771,0.9828409124465692,0.9702431671722282,0.9874148863216035,0.9985568818074135,0.995302762575941,0.9950424633291023,0.9958064392496627,0.9894753964551961,0.9878754270560831,0.9873270170474185,0.9922833939743784,0.9665353955718744,0.9715922265665643,0.962303231560556,0.9820457611494958,0.9754452668454802,0.9770423583256098,0.975487702731802,0.9791662863067576,0.9995881279355329,0.9947099824878507,0.9807990141157978,0.9996526766307747,0.9988248258527813,0.9984269870884135
2281.73525558,0.9845012827241952,1.0,1.0,0.9974441371979864,0.8969941853564048,0.9188455587049933,0.9330095473288919,0.922938161879646,0.9802957716963845,0.9824711165675334,0.9779820565766616,0.9823505459671469,0.9822659894693555,0.9903875003961031,0.990770851509931,0.9905784261893926,0.8688219462950328,0.9774889490521262,0.9961166634295069,0.8885968003571328,0.9951696199648514,0.9909330462114072,0.986810806657548,0.9888981544528613,0.9912683381450914,0.9888290951460805,0.9702204121518989,0.9708591713837258,0.9566247493080693,0.974700998579584,1.0,0.9990845034917235,0.9994643818684069,0.9995827573033275,0.9880882789555404,0.9870063359982241,0.9867346637445761,0.9900714757657468,0.9636741649782429,0.9673194363613208,0.955259521408042,0.9799781811222978,0.9918975213274754,0.9935962031430894,0.9942212826540832,0.9935128271991918,0.9999677813440928,0.9950053623562297,0.9831436194619299,1.0,0.998788513279451,0.9979403506516447
2291.16202877,0.9814617110965796,1.0,0.9991462690434757,1.0,0.8974198285606677,0.919810114979782,0.9378785418107797,0.9265555109221545,0.9692096287148928,0.9708736231317001,0.9662669409968313,0.9707473886236453,0.9829482387373772,0.9919480978302591,0.9911648710240448,0.9921039312278533,0.8777060238625447,0.9832787033369995,0.999106010370201,0.899946508474622,0.9964665005364753,0.9951152872666483,0.9940388823352262,0.99129090761361,0.9927947594760712,0.9953519606568176,0.9605025469302049,0.9623693017763375,0.9452015691335733,0.9657273838032334,1.0,1.0,1.0,1.0,0.9860302758445857,0.9863666238978002,0.9867620137272525,0.9867286126026933,0.9568282184102762,0.9605116691554582,0.9475311758108205,0.9741930526980608,1.0,0.9990391007118014,1.0,1.0,1.0,0.9949585621346567,0.9857559849943626,0.9996364444868309,0.9987585585536493,0.9977917084977891
2300.61297471,0.9736219331293924,0.9963244849760385,0.9950028167586802,1.0,0.9029808997120529,0.9243895711950163,0.9417230806762029,0.9330081519182647,0.9594365612433098,0.9606011806282085,0.9559280646864219,0.9608607315749701,0.9860539924928358,0.992851858553064,0.9926939080243936,0.9935054819134636,0.8883831976538042,0.9868265936181693,0.9999731484002911,0.911170307062879,0.99504612558974,0.9964517050592854,0.9982191735762821,0.9927441019170888,0.992478050152419,0.9989963571366449,0.9589629908903868,0.9592828914143011,0.9405809816365678,0.9646998068846521,1.0,1.0,1.0,1.0,0.9849559815720421,0.9866015929585201,0.9866254988250424,0.9863187846765665,0.946631745965991,0.9505244779857154,0.940794412572631,0.9677290276823001,0.9993400624366834,1.0,0.99872016828896,1.0,0.9998542171083271,0.9948851837364499,0.9879916301370382,0.9991754711740761,0.9981988905406252,0.9976489300200346
2310.08279923,0.9616913849412342,0.98839968152145,0.9873210787696394,0.9940958128650357,0.9083632807211424,0.9290994773267209,0.9473230172304034,0.9444405667089626,0.9520318017605887,0.9524933606540785,0.9479334668311071,0.9531349019526022,0.9886504818300088,0.9943882239242025,0.9937288672055042,0.9938297140953093,0.8994282505477829,0.9898463808614643,1.0,0.920342878641154,0.9917469044044005,0.995930161261233,1.0,0.9941180736955606,0.992517172602962,1.0,0.96448892244726,0.9616367375667227,0.9456656480621057,0.965159256531315,1.0,1.0,0.9999055570197708,1.0,0.9846658988842508,0.9873069609179033,0.9868493436602567,0.9868332891779532,0.9424091356794375,0.945442164894298,0.9359782732992912,0.9656014880740756,0.9871908412271663,0.9914781776626495,0.9888785511455014,0.9870045815912651,0.9999562512334098,0.9948325343826447,0.9901714019104595,0.9987849792446867,0.9979115934006555,0.9973544049007247
2319.55711841,0.9490301255117851,0.9778192203938973,0.9762155885941857,0.9844601047211387,0.9151561559599244,0.934126897410126,0.9510624518331731,0.9599652605754512,0.948106582809946,0.9475313222772533,0.9431080876880193,0.9486330908859911,0.9903126193448969,0.9964273329392248,0.9937373697339389,0.9943868617764323,0.9073095062126887,0.9914330008745735,0.9999570899406465,0.9279775384503636,0.9888132854966606,0.9952423244102488,0.9999351930698006,0.995084424408203,0.991511163898951,1.0,0.9731091034444281,0.9700237374495825,0.9547931315013287,0.9680304928997414,0.997793178723131,1.0,0.9979480442262159,0.9979195396109075,0.9862984671469686,0.9890977677661033,0.9882884693876304,0.9878483376801407,0.9392595903100931,0.9495213230236076,0.9374835844859425,0.9662390091779814,0.9682777861119094,0.9795579273681907,0.9750244751062795,0.9693910053971286,0.9995038187200761,0.9949494912253213,0.9915705387103763,0.9987713371865238,0.9981419565072032,0.9973099730597639
2329.03590187,0.9366522895750895,0.9666712386762146,0.9632909449651548,0.972381102673485,0.9208004003261264,0.9397904479961644,0.9550215989853221,0.9714139436470058,0.9512405825218169,0.9495082486780405,0.945104543743549,0.9511338472465807,0.9941976226831717,0.999068384464819,0.9945040164967506,0.995985496497746,0.9191498291101812,0.9956623135562965,1.0,0.9370011479336103,0.9876931200978939,0.9948260338534337,1.0,0.9970061757328206,0.9940009062596296,0.99921231329228,0.9804260289931229,0.981143516363799,0.9627669125682278,0.9755480679935096,0.9950744549639712,0.9969235567566735,0.9966483280267795,0.9946265786505373,0.9880794520075384,0.9926777480599059,0.9912738433419607,0.9898864404397125,0.935488542683924,0.9529582757296682,0.9441576513593388,0.9676577446968536,0.9535748384144896,0.969591362327653,0.958243029294333,0.9538115172768891,0.9991762251693589,0.9949645657450933,0.9917778553002263,0.9981634367986991,0.9983075282465077,0.9971546974257751
2338.51911953,0.9278398200051169,0.957220356676372,0.9579849305353444,0.9653974102885303,0.9246629937646584,0.9425581746636259,0.9635663073078811,0.9757601354310205,0.9614887826570716,0.9599946562970761,0.9553189434249029,0.9606521979645288,0.9980161067395086,1.0,0.9951820723906203,0.9978806403007136,0.9312335790634906,0.9993280779823864,0.9993586493581639,0.9502855686240939,0.9902573721994192,0.996323157073796,1.0,0.9987524166999066,0.997009322805616,0.999484791251787,0.9855862420889029,0.9881098813268336,0.9686156784152752,0.9870291719045828,0.9927379189681518,0.9947824062026005,0.9931451056291903,0.9920829865548133,0.9924091836727793,0.9962787292892172,0.9949720287408812,0.9935461462870191,0.9397839826800339,0.9481323682958815,0.9432011867488752,0.9666877717263678,0.9424655352471653,0.9597927704079844,0.9476551661344019,0.9415287435448293,0.9988064527640985,0.9951122112698265,0.9941912054396536,0.9984759296602452,0.9985306977275412,0.9979956864380523
2348.0067416,0.9269498776014099,0.9559890887202327,0.960752589023533,0.9620968755773492,0.9311624066277271,0.9463907642273827,0.9690112891461059,0.9764998993087322,0.9727308110197019,0.9725869476658262,0.9668390472102714,0.9724536029617806,1.0,0.9997639504923196,0.9985694997381173,0.9992072207796271,0.9432032457171801,1.0,1.0,0.9613837550464814,0.9952661848975128,0.9997067877151306,1.0,1.0,0.9992712080800871,1.0,0.9889092695518732,0.9927873765706784,0.9722066456595685,0.9921290357788308,0.9911423115876834,0.9954500672792167,0.9923177602700497,0.9909345837065793,0.9971065163980853,0.9987613761568956,0.9986088613227265,0.996537405212556,0.9493844617565841,0.9443755197048352,0.946908455408874,0.9662022274755853,0.9372245170252134,0.9531960216742592,0.9488936761738078,0.9356538735723894,0.9989498142968024,0.9942147176427982,0.9969946061440007,0.9984147060662436,0.9991961166921199,0.9982920275614141
2357.49873856,0.9370887918239323,0.9613977385974496,0.9697048028332037,0.9678141647764292,0.9371600316379073,0.9533491193615096,0.9751205801826803,0.981959504017858,0.980176018685154,0.9819216478717557,0.9747977210800162,0.9793095246828463,0.9998277377624809,1.0,1.0,0.9990683149504409,0.9526953372536894,1.0,1.0,0.9678820488045199,0.9998145463084478,1.0,1.0,1.0,1.0,1.0,0.9942726566021818,0.996107838203834,0.9833372324067108,0.9969807414729094,0.991695510413032,0.9959095151856774,0.9971626863994878,0.9903482223416269,0.9993179557131718,1.0,0.9998627245738968,0.9989559588085135,0.9599245599031478,0.9472848842996634,0.9573992968000294,0.9701289560950653,0.9463492502144721,0.9547569318352915,0.9544453211368868,0.9420134293671651,0.9999144115607327,0.9932586262996016,0.9975595780641431,0.9984713727973734,1.0,0.9993336495475179
2366.9950812,0.9527404661188984,0.9704578806984773,0.9794058167722438,0.9772631186215299,0.9479292563068454,0.9636647966123129,0.9760261916711724,0.98137466753606,0.9819854981388487,0.9847164253259936,0.9785010903435406,0.9822323190737987,1.0,0.9997330280574729,0.9997215271520432,0.9997027320944876,0.9561607962165336,0.9998399400462518,1.0,0.9732370089756948,1.0,1.0,1.0,1.0,1.0,1.0,0.9971949889345103,0.9999321388833653,0.9887667484048968,0.9998479495567593,0.9940266052063248,0.9992893691650029,0.9993179383949803,0.9922080940745708,1.0,1.0,1.0,1.0,0.9669752096660145,0.9552136167376611,0.9615756128210383,0.9805784631711401,0.9642713891538329,0.968017561954388,0.9645489369400869,0.9626777161179964,1.0,0.9935460875923745,0.9985632332293461,0.998934223247121,0.9997897479486303,0.9993363778139551
2376.49574055,0.9682651604202916,0.9798190415807212,0.9896579183122522,0.9831653502195619,0.9550676040981413,0.9641475163746382,0.9759420791242432,0.9824634013981214,0.9820925695313368,0.9853896464073375,0.9785490865463383,0.9816745126044961,0.9994991100279174,1.0,0.9999028866073718,1.0,0.9608476333949996,0.9981083747840482,0.9999675335107275,0.9745574591458047,0.9990011636065935,0.9997616406403287,0.9992027220530508,1.0,1.0,0.9985611485947445,0.9991691001658218,1.0,0.9906715647161484,0.9970023371458443,0.995817032532824,0.9985963548255994,0.9964591415011455,0.9955917247424676,1.0,0.9995351870650973,1.0,1.0,0.9768446016626997,0.9599077408751162,0.9670191710560267,0.9867149526032098,0.9839641168755956,0.9813140429102821,0.9797561834865868,0.9842563565639075,0.9986319697012198,0.9936953901870131,0.9998194446521198,0.999325548114398,0.9988250840790887,0.998874779383321
2386.00068793,0.9786896955395256,0.9861480634956252,0.9968548522117828,0.9900517248666888,0.9576126500189418,0.960341890564676,0.9780707874046359,0.9858825819712691,0.9822425697745982,0.9866223702397023,0.9793409018111613,0.9822062523473785,0.9996159778108133,1.0,1.0,1.0,0.9668867515930887,0.9948217434114764,0.9955382504974988,0.9728631907919891,0.9955048384708751,0.9959088552441155,0.9923009700734813,0.9982533510136112,1.0,0.9922088352716817,0.9991999491523359,1.0,0.9946128820698397,0.994190381140977,0.9969257731783228,0.9987017353446566,0.9938477259858749,0.9962289260196904,0.9988743972711819,0.9987642474671601,0.9995202747589518,1.0,0.9842248159358578,0.9699405026764683,0.9725691348962654,0.9899825907220551,0.9919903588428111,0.9900001383019025,0.9947622809203606,0.9964619182102161,0.9979299632983483,0.9935454357630727,0.9995442861765229,0.999306012697032,0.9979483664481785,0.9981617744840146
2395.50989495,0.9876537603521761,0.9919636519761539,0.9996456942038016,0.992714599744814,0.9582639125440465,0.9595443595982648,0.977050858734211,0.9926260495830559,0.9860038407665355,0.9890292568889218,0.9827039887878413,0.985995459715026,0.9999068216737176,0.9998879736028193,1.0,1.0,0.9769219548702953,0.98990773656517,0.9889424969508692,0.9713451306976778,0.9897582258823123,0.9880859399294321,0.9822453395236423,0.9945322312860193,0.997099459720154,0.9805836980438926,1.0,0.9995350427300375,0.9968865564630052,0.9933411471535677,0.9992813772848077,0.999507511240606,0.993091062536408,0.9978044364496997,0.9970160011718264,0.9994757160560664,1.0,0.9990251528217741,0.9897105809241332,0.9859617250451571,0.9819895789097897,0.9945640457512521,0.9952780013567878,0.9991899084797873,1.0,0.9995017582058497,0.9979215987528194,0.9946283294502243,0.9998578100240174,0.9989466095667623,0.9982496874321481,0.9972479486384405
2405.02333345,0.9930468481536849,0.9940217590491747,0.9992026437608748,0.9938205766109579,0.9623250178538091,0.9680616806817678,0.9730954417051328,0.9978292544850962,0.9892163129293555,0.9921357879643822,0.987082851869793,0.9911404887568698,0.9979489538796451,0.9991696301395613,1.0,1.0,0.9857368089132647,0.9842887078829055,0.9840450217717899,0.9711275959420733,0.9828831045105013,0.9796398431171119,0.9705280254250838,0.9872754346369962,0.9918795464075466,0.9666342056277263,1.0,0.997665573732582,0.9957715137084908,0.9925155782515155,0.9994397281472545,1.0,0.9929414072778403,0.9982653472520153,0.9957573988825436,0.9992762763583538,0.9984052756577809,0.9988974461995526,0.9915475773304333,0.9932962271910092,0.988960034231918,0.9985752648780215,0.998111664508235,1.0,0.9964932470803156,0.9959461016839504,0.9986248136442518,0.9956130588907876,0.9991111255126768,0.9983725179007749,0.9988499955751511,0.996069100727097
2414.54097557,0.9943592717879777,0.9929995701316706,0.9989010084076649,0.9935869244679912,0.96555464997509,0.9801315571923134,0.9672028380937862,1.0,0.9924581241285161,0.9961796199400785,0.9897971098813366,0.9960929993895787,0.9957904935150715,0.9990590248912361,1.0,0.998380321580461,0.9853968225896751,0.9836407357511,0.9810547483756658,0.9705613956538413,0.9776357785437322,0.9757413191727139,0.9651650937220257,0.9823307180063002,0.9881964188083256,0.9574124371106737,0.9997568049167425,0.9953913959054904,0.9906082867308218,0.9949255177783753,0.9984545573387578,0.9973855014132899,0.993454414823914,0.9977106173415242,0.996069986438497,0.9985478237622857,0.9965245776028454,1.0,0.9882556076217863,0.9926255504293668,0.9942995427538172,1.0,1.0,0.9921200485586279,0.9951215655045222,0.9874459198913855,0.9995120941924799,0.995836129781411,0.997678657964013,0.9980171751026614,0.9990464683865207,0.9957180353786296
2424.0627937,0.9949929037763342,0.9929605709556079,0.9956548045493897,0.9861173215868316,0.9671263091854162,0.9886707796988631,0.9620453140062171,0.9967253616764912,0.997275168597817,0.9981195238805506,0.9942744670506667,0.9983031692102877,0.9979689814288376,1.0,0.997921408795075,0.9974010673766845,0.9802227290060929,0.9863373420464557,0.9804135011562475,0.9722045625762785,0.9736455861441586,0.9725254471475289,0.9676372362547851,0.9843802594234565,0.986295135321071,0.959192191144682,0.9974333430742535,1.0,0.9933784776701442,1.0,0.9994685782905826,0.9908783966975367,0.9909100496514174,0.999671525788231,0.9985194636100875,1.0,0.9941331147175957,0.9987920540557862,0.9801442728730498,0.9887930896771009,0.9932938138149896,1.0,0.9974050801602526,0.9758996367014686,0.9945125175566958,0.9820433867503368,0.9993064695509001,0.9959768510657548,0.9967112200367866,0.9990396162331047,0.9995312036942983,0.9977153993649878
2433.58876046,0.9992239823646979,0.994853315186843,0.9919938236358048,0.9761638154520768,0.9729285740638652,0.993111541470433,0.9478751971821321,0.9997411613769626,0.9993840579370877,0.9995181253367146,1.0,1.0,1.0,1.0,0.9991629131069326,1.0,0.9803858558298532,0.988219871863119,0.983512569686974,0.9723211187522937,0.9728192706938572,0.9738532822066992,0.9739639157073169,0.9846735223923404,0.9849141213769209,0.9637691932989575,0.9981474839390534,0.9961081954467812,1.0,1.0,1.0,0.9880083114613681,0.9864885718265535,1.0,1.0,1.0,0.9969170463029731,0.9981154239802617,0.9705384209586208,0.9880265468074642,1.0,0.9993032232208248,0.9933186977710985,0.9657648927876108,0.9863593778321728,0.9869516644265176,0.9989674114585816,0.9972677307193507,0.9975347070334625,1.0,0.9990589530763055,1.0
2443.11884877,1.0,0.994215060156312,0.9930996425814341,0.9729120945458393,0.9814208264644666,0.9877530796964621,0.9608665841760707,0.9996300765400052,1.0,0.9993250614110908,1.0,0.9992176623911919,0.9945099574718989,0.9994826643875595,0.9983330617520433,1.0,0.9838141246128096,0.9912398131422938,0.9917879164378315,0.9742071560949862,0.9776840690378491,0.976306703700607,0.9765905965750054,0.9860311707913056,0.9885263118935251,0.9659600448816654,0.9965057934683212,0.9877691169652789,0.9954322033573423,1.0,0.9938675828148062,0.9921758764454801,0.987047416353955,0.9955864204952465,1.0,0.9983376275239105,1.0,0.9968999147195414,0.9688419354299125,0.9840399750928281,1.0,0.9988706727302428,0.9868263807999187,0.971702906863787,0.971238612525943,0.9894819724303819,0.9995838456375838,0.9979946847545951,0.9977088984947777,1.0,0.9980095217660603,0.9988537150662902
2452.65303176,0.9963012543639349,0.9927639326120185,0.999551149751039,0.9769387768623606,0.9916710234393937,0.9845346430979949,0.9818664044719259,1.0,1.0,1.0,1.0,0.9970550866191215,0.9847593722575317,0.9965182821821899,0.9924211832054419,1.0,0.9806147989443184,0.9903936385794628,1.0,0.9852252378850367,0.9833491370615554,0.980301744110407,0.97987311980271,0.9944869280325666,0.9926673979070944,0.9728273095980043,0.9929730944016734,0.9931846160876514,0.9969495955647943,1.0,0.9912216764452709,0.9948968535795122,0.9861053785459967,0.9922063320546372,0.9971476807135025,0.9987460206608053,0.999273739931383,0.9967904528739879,0.974842209224692,0.9904168325751386,0.9937723556984273,0.9968393652201395,0.9877912904207363,0.9760887553983254,0.971144917887997,0.9799192379206433,1.0,0.9981451954712265,0.9980898111494759,0.9985417537131969,0.998114768039508,0.9961250221670305
2462.19128285,0.9966026442104954,0.992296858618937,1.0,0.9902156928384022,0.9994593378074299,0.9881176126857129,0.9978087297801186,1.0,0.9994932532659238,0.999439856510806,1.0,0.9978339321214865,0.9868152275219229,0.9959245297296031,0.9914887192940193,0.9999893533088102,0.9924066493049739,0.9922094127502954,0.9982859735028073,0.9977840527933739,0.9903535612839375,0.9884804093158597,0.9848786942630016,0.9997989222784429,0.9937296491011673,0.9842984474094967,0.9935637025041605,0.9972063108547913,0.9967999619376223,1.0,0.9941981982330091,0.9936825650487109,0.9905235434956403,0.9885265555918936,0.9964157998693217,1.0,1.0,0.996773451398929,0.9854845195607486,1.0,0.9904021322413564,0.9911744169097663,0.9960915352158382,0.9879461049849035,0.9811041701977968,0.9854310843942399,1.0,1.0,0.9997324172089299,0.9975745798203224,0.9988934180751324,0.99614633395691
2471.73357568,1.0,1.0,1.0,1.0,1.0,1.0,1.0,1.0,1.0,1.0,1.0,1.0,1.0,1.0,1.0,1.0,1.0,1.0,1.0,1.0,1.0,1.0,1.0,1.0,1.0,1.0,1.0,1.0,1.0,1.0,1.0,1.0,1.0,1.0,1.0,1.0,1.0,1.0,1.0,1.0,1.0,1.0,1.0,1.0,1.0,1.0,1.0,1.0,1.0,1.0,1.0,1.0
2481.27988414,,,,,,,,,,,,,,,,,,,,,,,,,,,,,,,,,,,,,,,,,,,,,,,,,,,,
2490.83018234,,,,,,,,,,,,,,,,,,,,,,,,,,,,,,,,,,,,,,,,,,,,,,,,,,,,
2500.38444467,,,,,,,,,,,,,,,,,,,,,,,,,,,,,,,,,,,,,,,,,,,,,,,,,,,,
