,10_Otago_00001 10_otago,10_Otago_00002 10_otago,10_Otago_00003 10_otago,10_Otago_00004 10_otago,11_Iceland_00001 11_iceland,11_Iceland_00002 11_iceland,11_Iceland_00003 11_iceland,11_Iceland_00004 11_iceland,15_Oxia_Sophia_00001 15_oxia_sophia,15_Oxia_Sophia_00002 15_oxia_sophia,15_Oxia_Sophia_00003 15_oxia_sophia,15_Oxia_Sophia_00004 15_oxia_sophia,2_Atacama_Red_00001 2_atacama_red,2_Atacama_Red_00002 2_atacama_red,2_Atacama_Red_00003 2_atacama_red,2_Atacama_Red_00004 2_atacama_red,3_Sabtha_00001 3_sabtha,3_Sabtha_00002 3_sabtha,3_Sabtha_00003 3_sabtha,3_Sabtha_00004 3_sabtha,4_Watchet_Bay_00001 4_watchet_bay,4_Watchet_Bay_00002 4_watchet_bay,4_Watchet_Bay_00003 4_watchet_bay,4_Watchet_Bay_00004 4_watchet_bay,4_Watchet_Bay_00005 4_watchet_bay,4_Watchet_Bay_00006 4_watchet_bay,5_Granby_00001 5_granby,5_Granby_00002 5_granby,5_Granby_00003 5_granby,5_Granby_00004 5_granby,6_Hydrothermal_Clay_00001 6_hydrothermal_clay,6_Hydrothermal_Clay_00002 6_hydrothermal_clay,6_Hydrothermal_Clay_00003 6_hydrothermal_clay,6_Hydrothermal_Clay_00004 6_hydrothermal_clay,7_Oxia_Teresa_00001 7_oxia_teresa,7_Oxia_Teresa_00002 7_oxia_teresa,7_Oxia_Teresa_00003 7_oxia_teresa,7_Oxia_Teresa_00004 7_oxia_teresa,8_Mudstone_00001 8_mudstone,8_Mudstone_00002 8_mudstone,8_Mudstone_00003 8_mudstone,8_Mudstone_00004 8_mudstone,9_Congo_00001 9_congo,9_Congo_00002 9_congo,9_Congo_00003 9_congo,9_Congo_00004 9_congo,00001 Standard,00002 Standard,00003 Standard,Standard_retest_00001 Standard_retest,Standard_retest_00002 Standard_retest,Standard_retest_00003 Standard_retest
Category,samples,samples,samples,samples,samples,samples,samples,samples,samples,samples,samples,samples,samples,samples,samples,samples,samples,samples,samples,samples,samples,samples,samples,samples,samples,samples,samples,samples,samples,samples,samples,samples,samples,samples,samples,samples,samples,samples,samples,samples,samples,samples,samples,samples,samples,samples,standards,standards,standards,standards,standards,standards
Sample ID,10_Otago_00001,10_Otago_00002,10_Otago_00003,10_Otago_00004,11_Iceland_00001,11_Iceland_00002,11_Iceland_00003,11_Iceland_00004,15_Oxia_Sophia_00001,15_Oxia_Sophia_00002,15_Oxia_Sophia_00003,15_Oxia_Sophia_00004,2_Atacama_Red_00001,2_Atacama_Red_00002,2_Atacama_Red_00003,2_Atacama_Red_00004,3_Sabtha_00001,3_Sabtha_00002,3_Sabtha_00003,3_Sabtha_00004,4_Watchet_Bay_00001,4_Watchet_Bay_00002,4_Watchet_Bay_00003,4_Watchet_Bay_00004,4_Watchet_Bay_00005,4_Watchet_Bay_00006,5_Granby_00001,5_Granby_00002,5_Granby_00003,5_Granby_00004,6_Hydrothermal_Clay_00001,6_Hydrothermal_Clay_00002,6_Hydrothermal_Clay_00003,6_Hydrothermal_Clay_00004,7_Oxia_Teresa_00001,7_Oxia_Teresa_00002,7_Oxia_Teresa_00003,7_Oxia_Teresa_00004,8_Mudstone_00001,8_Mudstone_00002,8_Mudstone_00003,8_Mudstone_00004,9_Congo_00001,9_Congo_00002,9_Congo_00003,9_Congo_00004,Standard_00001,Standard_00002,Standard_00003,Standard_retest_00001,Standard_retest_00002,Standard_retest_00003
Species,10_otago,10_otago,10_otago,10_otago,11_iceland,11_iceland,11_iceland,11_iceland,15_oxia_sophia,15_oxia_sophia,15_oxia_sophia,15_oxia_sophia,2_atacama_red,2_atacama_red,2_atacama_red,2_atacama_red,3_sabtha,3_sabtha,3_sabtha,3_sabtha,4_watchet_bay,4_watchet_bay,4_watchet_bay,4_watchet_bay,4_watchet_bay,4_watchet_bay,5_granby,5_granby,5_granby,5_granby,6_hydrothermal_clay,6_hydrothermal_clay,6_hydrothermal_clay,6_hydrothermal_clay,7_oxia_teresa,7_oxia_teresa,7_oxia_teresa,7_oxia_teresa,8_mudstone,8_mudstone,8_mudstone,8_mudstone,9_congo,9_congo,9_congo,9_congo,standard,standard,standard,standard_retest,standard_retest,standard_retest
Subgroup,10_Otago,10_Otago,10_Otago,10_Otago,11_Iceland,11_Iceland,11_Iceland,11_Iceland,15_Oxia_Sophia,15_Oxia_Sophia,15_Oxia_Sophia,15_Oxia_Sophia,2_Atacama_Red,2_Atacama_Red,2_Atacama_Red,2_Atacama_Red,3_Sabtha,3_Sabtha,3_Sabtha,3_Sabtha,4_Watchet_Bay,4_Watchet_Bay,4_Watchet_Bay,4_Watchet_Bay,4_Watchet_Bay,4_Watchet_Bay,5_Granby,5_Granby,5_Granby,5_Granby,6_Hydrothermal_Clay,6_Hydrothermal_Clay,6_Hydrothermal_Clay,6_Hydrothermal_Clay,7_Oxia_Teresa,7_Oxia_Teresa,7_Oxia_Teresa,7_Oxia_Teresa,8_Mudstone,8_Mudstone,8_Mudstone,8_Mudstone,9_Congo,9_Congo,9_Congo,9_Congo,Standard,Standard,Standard,Standard_retest,Standard_retest,Standard_retest
Group,10_Otago,10_Otago,10_Otago,10_Otago,11_Iceland,11_Iceland,11_Iceland,11_Iceland,15_Oxia_Sophia,15_Oxia_Sophia,15_Oxia_Sophia,15_Oxia_Sophia,2_Atacama_Red,2_Atacama_Red,2_Atacama_Red,2_Atacama_Red,3_Sabtha,3_Sabtha,3_Sabtha,3_Sabtha,4_Watchet_Bay,4_Watchet_Bay,4_Watchet_Bay,4_Watchet_Bay,4_Watchet_Bay,4_Watchet_Bay,5_Granby,5_Granby,5_Granby,5_Granby,6_Hydrothermal_Clay,6_Hydrothermal_Clay,6_Hydrothermal_Clay,6_Hydrothermal_Clay,7_Oxia_Teresa,7_Oxia_Teresa,7_Oxia_Teresa,7_Oxia_Teresa,8_Mudstone,8_Mudstone,8_Mudstone,8_Mudstone,9_Congo,9_Congo,9_Congo,9_Congo,Standard,Standard,Standard,Standard_retest,Standard_retest,Standard_retest
Library,EXM_MRS,EXM_MRS,EXM_MRS,EXM_MRS,EXM_MRS,EXM_MRS,EXM_MRS,EXM_MRS,EXM_MRS,EXM_MRS,EXM_MRS,EXM_MRS,EXM_MRS,EXM_MRS,EXM_MRS,EXM_MRS,EXM_MRS,EXM_MRS,EXM_MRS,EXM_MRS,EXM_MRS,EXM_MRS,EXM_MRS,EXM_MRS,EXM_MRS,EXM_MRS,EXM_MRS,EXM_MRS,EXM_MRS,EXM_MRS,EXM_MRS,EXM_MRS,EXM_MRS,EXM_MRS,EXM_MRS,EXM_MRS,EXM_MRS,EXM_MRS,EXM_MRS,EXM_MRS,EXM_MRS,EXM_MRS,EXM_MRS,EXM_MRS,EXM_MRS,EXM_MRS,EXM_MRS,EXM_MRS,EXM_MRS,EXM_MRS,EXM_MRS,EXM_MRS
Sample Description,Sample 10,Sample 10,Sample 10,Sample 10,Sample 11,Sample 11,Sample 11,Sample 11,Sample 15,Sample 15,Sample 15,Sample 15,Sample 2,Sample 2,Sample 2,Sample 2,Sample 3,Sample 3,Sample 3,Sample 3,Sample 4,Sample 4,Sample 4,Sample 4,Sample 4,Sample 4,Sample 5,Sample 5,Sample 5,Sample 5,Sample 6,Sample 6,Sample 6,Sample 6,Sample 7,Sample 7,Sample 7,Sample 7,Sample 8,Sample 8,Sample 8,Sample 8,Sample 9,Sample 9,Sample 9,Sample 9,spectralon only,Setup,Setup + Grey,Spectralon Std retest,Spectralon Std retest,Spectralon Std retest
Date Added,"02/20/2024,02/20/2024","02/20/2024,02/20/2024","02/20/2024,02/20/2024","02/20/2024,02/20/2024","02/20/2024,02/20/2024","02/20/2024,02/20/2024","02/20/2024,02/20/2024","02/20/2024,02/20/2024","02/20/2024,02/20/2024","02/20/2024,02/20/2024","02/20/2024,02/20/2024","02/20/2024,02/20/2024","02/20/2024,02/20/2024","02/20/2024,02/20/2024","02/20/2024,02/20/2024","02/20/2024,02/20/2024","02/20/2024,02/20/2024","02/20/2024,02/20/2024","02/20/2024,02/20/2024","02/20/2024,02/20/2024","02/20/2024,02/20/2024","02/20/2024,02/20/2024","02/20/2024,02/20/2024","02/20/2024,02/20/2024","02/20/2024,02/20/2024","02/20/2024,02/20/2024","02/20/2024,02/20/2024","02/20/2024,02/20/2024","02/20/2024,02/20/2024","02/20/2024,02/20/2024","02/20/2024,02/20/2024","02/20/2024,02/20/2024","02/20/2024,02/20/2024","02/20/2024,02/20/2024","02/20/2024,02/20/2024","02/20/2024,02/20/2024","02/20/2024,02/20/2024","02/20/2024,02/20/2024","02/20/2024,02/20/2024","02/20/2024,02/20/2024","02/20/2024,02/20/2024","02/20/2024,02/20/2024","02/20/2024,02/20/2024","02/20/2024,02/20/2024","02/20/2024,02/20/2024","02/20/2024,02/20/2024","02/20/2024,02/20/2024","02/20/2024,02/20/2024","02/20/2024,02/20/2024","02/20/2024,02/20/2024","02/20/2024,02/20/2024","02/20/2024,02/20/2024"
Viewing Geometry,,,,,,,,,,,,,,,,,,,,,,,,,,,,,,,,,,,,,,,,,,,,,,,,,,,,
Other Information,"Acquired with 1    RS-3500_SN17580H8 [3]
Name: Instrument, dtype: object; 7,32,30,20,50,30 integration times; 100,100 scans averaged","Acquired with 1    RS-3500_SN17580H8 [3]
Name: Instrument, dtype: object; 7,32,30,20,50,30 integration times; 100,100 scans averaged","Acquired with 1    RS-3500_SN17580H8 [3]
Name: Instrument, dtype: object; 7,32,30,40,50,30 integration times; 100,100 scans averaged","Acquired with 1    RS-3500_SN17580H8 [3]
Name: Instrument, dtype: object; 7,32,30,50,50,30 integration times; 100,100 scans averaged","Acquired with 1    RS-3500_SN17580H8 [3]
Name: Instrument, dtype: object; 7,32,30,50,50,30 integration times; 100,100 scans averaged","Acquired with 1    RS-3500_SN17580H8 [3]
Name: Instrument, dtype: object; 7,32,30,50,50,30 integration times; 100,100 scans averaged","Acquired with 1    RS-3500_SN17580H8 [3]
Name: Instrument, dtype: object; 7,32,30,50,50,30 integration times; 100,100 scans averaged","Acquired with 1    RS-3500_SN17580H8 [3]
Name: Instrument, dtype: object; 7,32,30,50,50,30 integration times; 100,100 scans averaged","Acquired with 1    RS-3500_SN17580H8 [3]
Name: Instrument, dtype: object; 7,32,30,20,50,30 integration times; 100,100 scans averaged","Acquired with 1    RS-3500_SN17580H8 [3]
Name: Instrument, dtype: object; 7,32,30,20,50,30 integration times; 100,100 scans averaged","Acquired with 1    RS-3500_SN17580H8 [3]
Name: Instrument, dtype: object; 7,32,30,20,50,30 integration times; 100,100 scans averaged","Acquired with 1    RS-3500_SN17580H8 [3]
Name: Instrument, dtype: object; 7,32,30,20,50,30 integration times; 100,100 scans averaged","Acquired with 1    RS-3500_SN17580H8 [3]
Name: Instrument, dtype: object; 7,32,30,40,50,30 integration times; 100,100 scans averaged","Acquired with 1    RS-3500_SN17580H8 [3]
Name: Instrument, dtype: object; 7,32,30,40,50,30 integration times; 100,100 scans averaged","Acquired with 1    RS-3500_SN17580H8 [3]
Name: Instrument, dtype: object; 7,32,30,40,50,30 integration times; 100,100 scans averaged","Acquired with 1    RS-3500_SN17580H8 [3]
Name: Instrument, dtype: object; 7,32,30,40,50,30 integration times; 100,100 scans averaged","Acquired with 1    RS-3500_SN17580H8 [3]
Name: Instrument, dtype: object; 7,32,30,20,50,30 integration times; 100,100 scans averaged","Acquired with 1    RS-3500_SN17580H8 [3]
Name: Instrument, dtype: object; 7,32,30,15,50,30 integration times; 100,100 scans averaged","Acquired with 1    RS-3500_SN17580H8 [3]
Name: Instrument, dtype: object; 7,32,30,15,50,30 integration times; 100,100 scans averaged","Acquired with 1    RS-3500_SN17580H8 [3]
Name: Instrument, dtype: object; 7,32,30,20,50,30 integration times; 100,100 scans averaged","Acquired with 1    RS-3500_SN17580H8 [3]
Name: Instrument, dtype: object; 7,32,30,20,50,30 integration times; 100,100 scans averaged","Acquired with 1    RS-3500_SN17580H8 [3]
Name: Instrument, dtype: object; 7,32,30,20,50,30 integration times; 100,100 scans averaged","Acquired with 1    RS-3500_SN17580H8 [3]
Name: Instrument, dtype: object; 7,32,30,20,50,30 integration times; 100,100 scans averaged","Acquired with 1    RS-3500_SN17580H8 [3]
Name: Instrument, dtype: object; 7,32,30,20,50,30 integration times; 100,100 scans averaged","Acquired with 1    RS-3500_SN17580H8 [3]
Name: Instrument, dtype: object; 7,32,30,20,50,30 integration times; 100,100 scans averaged","Acquired with 1    RS-3500_SN17580H8 [3]
Name: Instrument, dtype: object; 7,32,30,20,50,30 integration times; 100,100 scans averaged","Acquired with 1    RS-3500_SN17580H8 [3]
Name: Instrument, dtype: object; 7,32,30,50,50,30 integration times; 100,100 scans averaged","Acquired with 1    RS-3500_SN17580H8 [3]
Name: Instrument, dtype: object; 7,32,30,50,50,30 integration times; 100,100 scans averaged","Acquired with 1    RS-3500_SN17580H8 [3]
Name: Instrument, dtype: object; 7,32,30,100,50,30 integration times; 100,100 scans averaged","Acquired with 1    RS-3500_SN17580H8 [3]
Name: Instrument, dtype: object; 7,32,30,100,50,30 integration times; 100,100 scans averaged","Acquired with 1    RS-3500_SN17580H8 [3]
Name: Instrument, dtype: object; 7,32,30,20,50,30 integration times; 100,100 scans averaged","Acquired with 1    RS-3500_SN17580H8 [3]
Name: Instrument, dtype: object; 7,32,30,20,50,30 integration times; 100,100 scans averaged","Acquired with 1    RS-3500_SN17580H8 [3]
Name: Instrument, dtype: object; 7,32,30,40,50,30 integration times; 100,100 scans averaged","Acquired with 1    RS-3500_SN17580H8 [3]
Name: Instrument, dtype: object; 7,32,30,20,50,30 integration times; 100,100 scans averaged","Acquired with 1    RS-3500_SN17580H8 [3]
Name: Instrument, dtype: object; 7,32,30,20,50,30 integration times; 100,100 scans averaged","Acquired with 1    RS-3500_SN17580H8 [3]
Name: Instrument, dtype: object; 7,32,30,20,50,30 integration times; 100,100 scans averaged","Acquired with 1    RS-3500_SN17580H8 [3]
Name: Instrument, dtype: object; 7,32,30,20,50,30 integration times; 100,100 scans averaged","Acquired with 1    RS-3500_SN17580H8 [3]
Name: Instrument, dtype: object; 7,32,30,20,50,30 integration times; 100,100 scans averaged","Acquired with 1    RS-3500_SN17580H8 [3]
Name: Instrument, dtype: object; 7,32,30,100,50,30 integration times; 100,100 scans averaged","Acquired with 1    RS-3500_SN17580H8 [3]
Name: Instrument, dtype: object; 7,32,30,100,50,30 integration times; 100,100 scans averaged","Acquired with 1    RS-3500_SN17580H8 [3]
Name: Instrument, dtype: object; 7,32,30,100,50,30 integration times; 100,100 scans averaged","Acquired with 1    RS-3500_SN17580H8 [3]
Name: Instrument, dtype: object; 7,32,30,50,50,30 integration times; 100,100 scans averaged","Acquired with 1    RS-3500_SN17580H8 [3]
Name: Instrument, dtype: object; 7,32,30,50,50,30 integration times; 100,100 scans averaged","Acquired with 1    RS-3500_SN17580H8 [3]
Name: Instrument, dtype: object; 7,32,30,100,50,30 integration times; 100,100 scans averaged","Acquired with 1    RS-3500_SN17580H8 [3]
Name: Instrument, dtype: object; 7,32,30,50,50,30 integration times; 100,100 scans averaged","Acquired with 1    RS-3500_SN17580H8 [3]
Name: Instrument, dtype: object; 7,32,30,50,50,30 integration times; 100,100 scans averaged","Acquired with 1    RS-3500_SN17580H8 [3]
Name: Instrument, dtype: object; 7,32,30,7,32,30 integration times; 10,10 scans averaged","Acquired with 1    RS-3500_SN17580H8 [3]
Name: Instrument, dtype: object; 7,32,30,7,32,30 integration times; 100,100 scans averaged","Acquired with 1    RS-3500_SN17580H8 [3]
Name: Instrument, dtype: object; 7,32,30,20,50,30 integration times; 100,100 scans averaged","Acquired with 1    RS-3500_SN17580H8 [3]
Name: Instrument, dtype: object; 7,32,30,7,32,30 integration times; 100,100 scans averaged","Acquired with 1    RS-3500_SN17580H8 [3]
Name: Instrument, dtype: object; 7,32,30,7,32,30 integration times; 100,100 scans averaged","Acquired with 1    RS-3500_SN17580H8 [3]
Name: Instrument, dtype: object; 7,32,30,7,32,30 integration times; 100,100 scans averaged"
Composition,,,,,,,,,,,,,,,,,,,,,,,,,,,,,,,,,,,,,,,,,,,,,,,,,,,,
Resolution,2.8nm@700nm 8nm@1500nm 6nm@2100nm,2.8nm@700nm 8nm@1500nm 6nm@2100nm,2.8nm@700nm 8nm@1500nm 6nm@2100nm,2.8nm@700nm 8nm@1500nm 6nm@2100nm,2.8nm@700nm 8nm@1500nm 6nm@2100nm,2.8nm@700nm 8nm@1500nm 6nm@2100nm,2.8nm@700nm 8nm@1500nm 6nm@2100nm,2.8nm@700nm 8nm@1500nm 6nm@2100nm,2.8nm@700nm 8nm@1500nm 6nm@2100nm,2.8nm@700nm 8nm@1500nm 6nm@2100nm,2.8nm@700nm 8nm@1500nm 6nm@2100nm,2.8nm@700nm 8nm@1500nm 6nm@2100nm,2.8nm@700nm 8nm@1500nm 6nm@2100nm,2.8nm@700nm 8nm@1500nm 6nm@2100nm,2.8nm@700nm 8nm@1500nm 6nm@2100nm,2.8nm@700nm 8nm@1500nm 6nm@2100nm,2.8nm@700nm 8nm@1500nm 6nm@2100nm,2.8nm@700nm 8nm@1500nm 6nm@2100nm,2.8nm@700nm 8nm@1500nm 6nm@2100nm,2.8nm@700nm 8nm@1500nm 6nm@2100nm,2.8nm@700nm 8nm@1500nm 6nm@2100nm,2.8nm@700nm 8nm@1500nm 6nm@2100nm,2.8nm@700nm 8nm@1500nm 6nm@2100nm,2.8nm@700nm 8nm@1500nm 6nm@2100nm,2.8nm@700nm 8nm@1500nm 6nm@2100nm,2.8nm@700nm 8nm@1500nm 6nm@2100nm,2.8nm@700nm 8nm@1500nm 6nm@2100nm,2.8nm@700nm 8nm@1500nm 6nm@2100nm,2.8nm@700nm 8nm@1500nm 6nm@2100nm,2.8nm@700nm 8nm@1500nm 6nm@2100nm,2.8nm@700nm 8nm@1500nm 6nm@2100nm,2.8nm@700nm 8nm@1500nm 6nm@2100nm,2.8nm@700nm 8nm@1500nm 6nm@2100nm,2.8nm@700nm 8nm@1500nm 6nm@2100nm,2.8nm@700nm 8nm@1500nm 6nm@2100nm,2.8nm@700nm 8nm@1500nm 6nm@2100nm,2.8nm@700nm 8nm@1500nm 6nm@2100nm,2.8nm@700nm 8nm@1500nm 6nm@2100nm,2.8nm@700nm 8nm@1500nm 6nm@2100nm,2.8nm@700nm 8nm@1500nm 6nm@2100nm,2.8nm@700nm 8nm@1500nm 6nm@2100nm,2.8nm@700nm 8nm@1500nm 6nm@2100nm,2.8nm@700nm 8nm@1500nm 6nm@2100nm,2.8nm@700nm 8nm@1500nm 6nm@2100nm,2.8nm@700nm 8nm@1500nm 6nm@2100nm,2.8nm@700nm 8nm@1500nm 6nm@2100nm,2.8nm@700nm 8nm@1500nm 6nm@2100nm,2.8nm@700nm 8nm@1500nm 6nm@2100nm,2.8nm@700nm 8nm@1500nm 6nm@2100nm,2.8nm@700nm 8nm@1500nm 6nm@2100nm,2.8nm@700nm 8nm@1500nm 6nm@2100nm,2.8nm@700nm 8nm@1500nm 6nm@2100nm
Grain Size,,,,,,,,,,,,,,,,,,,,,,,,,,,,,,,,,,,,,,,,,,,,,,,,,,,,
Locality,,,,,,,,,,,,,,,,,,,,,,,,,,,,,,,,,,,,,,,,,,,,,,,,,,,,
Database of Origin,ExoMars Mission Reference Samples,ExoMars Mission Reference Samples,ExoMars Mission Reference Samples,ExoMars Mission Reference Samples,ExoMars Mission Reference Samples,ExoMars Mission Reference Samples,ExoMars Mission Reference Samples,ExoMars Mission Reference Samples,ExoMars Mission Reference Samples,ExoMars Mission Reference Samples,ExoMars Mission Reference Samples,ExoMars Mission Reference Samples,ExoMars Mission Reference Samples,ExoMars Mission Reference Samples,ExoMars Mission Reference Samples,ExoMars Mission Reference Samples,ExoMars Mission Reference Samples,ExoMars Mission Reference Samples,ExoMars Mission Reference Samples,ExoMars Mission Reference Samples,ExoMars Mission Reference Samples,ExoMars Mission Reference Samples,ExoMars Mission Reference Samples,ExoMars Mission Reference Samples,ExoMars Mission Reference Samples,ExoMars Mission Reference Samples,ExoMars Mission Reference Samples,ExoMars Mission Reference Samples,ExoMars Mission Reference Samples,ExoMars Mission Reference Samples,ExoMars Mission Reference Samples,ExoMars Mission Reference Samples,ExoMars Mission Reference Samples,ExoMars Mission Reference Samples,ExoMars Mission Reference Samples,ExoMars Mission Reference Samples,ExoMars Mission Reference Samples,ExoMars Mission Reference Samples,ExoMars Mission Reference Samples,ExoMars Mission Reference Samples,ExoMars Mission Reference Samples,ExoMars Mission Reference Samples,ExoMars Mission Reference Samples,ExoMars Mission Reference Samples,ExoMars Mission Reference Samples,ExoMars Mission Reference Samples,ExoMars Mission Reference Samples,ExoMars Mission Reference Samples,ExoMars Mission Reference Samples,ExoMars Mission Reference Samples,ExoMars Mission Reference Samples,ExoMars Mission Reference Samples
Reflectance,---,---,---,---,---,---,---,---,---,---,---,---,---,---,---,---,---,---,---,---,---,---,---,---,---,---,---,---,---,---,---,---,---,---,---,---,---,---,---,---,---,---,---,---,---,---,---,---,---,---,---,---
900.0,0.26567121381231046,0.31216173141064807,0.21864105800954453,0.13399855157342166,0.13887352906898634,0.13205942512310437,0.09270819687926087,0.0920723850888995,0.30147332273233096,0.3099214487147102,0.3004085411320061,0.30320149976339905,0.27330900975683436,0.24932515836980007,0.2955242325479598,0.3008832042814663,0.3827354304104896,0.4964658630176608,0.5242637444251234,0.44151615297584357,0.35918126224754127,0.39534996832250713,0.400059487212634,0.38363180347732234,0.33753165963253273,0.41062309063148267,0.15102844359313491,0.12910102440018417,0.09653256558449488,0.11479781497949754,0.32222170794449123,0.2615423720181858,0.2247046565523837,0.27570367453891514,0.3525995330360759,0.35368837708559064,0.3402990072693183,0.3539627252387115,0.09718720000942084,0.10414316532701942,0.09402204742152889,0.14156390290469184,0.1056959187357275,0.09737350349347161,0.10986422370609845,0.112055510041662,0.999848824500779,0.9999743722702936,0.4516341613279377,0.9966641491354313,0.9947369931818552,0.9960675878025256
903.28574336,0.26565673892540503,0.3122449246366708,0.21868851038967113,0.13400131086586486,0.13738051949543834,0.13066533689479742,0.09197268888535459,0.09142388512685623,0.30138353723239913,0.3098947321306413,0.30042208598804604,0.3032023720127871,0.2738803271023853,0.2497882801745014,0.29627819614644174,0.3015940343822748,0.382378584131231,0.49604250771123687,0.5241204091865703,0.4411993331044699,0.35933696321828107,0.3958040817303487,0.40024566278552803,0.38386934466376077,0.33783558699095606,0.41092532363661927,0.15115536949651942,0.12904826963271415,0.09659058117437479,0.11484924657137124,0.3221277200962405,0.26137984765915084,0.22468938804317226,0.27560889713013365,0.3526609352579284,0.3537713391655737,0.34043858634622143,0.3541203240328506,0.09723890692575193,0.10418777692286897,0.09408402191359168,0.14157690192117958,0.10574373309722154,0.09737789447794566,0.10980308489246154,0.11201583842048049,0.9998063848945952,1.0000006953646634,0.45206106404016594,0.9966420806834723,0.9946624732093484,0.9959979753927244
906.618278421,0.26573127657603807,0.31234769582949196,0.21880926089616767,0.13399158392852423,0.13583933440756046,0.12925595946629387,0.09123560617256736,0.09075795787597402,0.3012843753029097,0.3098733223677626,0.30049613607114795,0.30320675162439603,0.2744376391753077,0.2502188771109535,0.2969537462017697,0.3023970740131603,0.3820063221351381,0.49570532366495057,0.5239274309271973,0.44090996853353176,0.35954183822435387,0.39630926404279826,0.40044588004603665,0.3840415603051125,0.33816242569847044,0.41122323142752604,0.15130948424209065,0.12903784191495285,0.09668702428991882,0.11490296946343748,0.32205806928041214,0.26131374865852314,0.2247143661932889,0.27553332250156054,0.3527602557138689,0.35381792652333793,0.34048494571760185,0.35431843366901083,0.09727779638326443,0.10425711003299239,0.09417522056117057,0.14161215386276838,0.10580843233375341,0.09739521937764746,0.1097636348809137,0.11198115681203726,0.9999496498262945,1.0000614753142512,0.45252678820609915,0.9965568479492669,0.994599438738055,0.9959050895994929
909.999291084,0.26590259522214954,0.31248550115462664,0.21895425740318342,0.13401185489494136,0.1342968572901565,0.12780334157939752,0.09049886609656158,0.0900278114264628,0.3012254403767292,0.3098124743528351,0.3006054603143812,0.30319444469200196,0.2750084179098385,0.25070176631896873,0.29759621721122054,0.30326265600153307,0.3816624575347026,0.4954497157326461,0.5236836470732976,0.44061918099665726,0.3598692305900584,0.39686257279974474,0.40065386862400443,0.3842568045297574,0.3384817716179679,0.41147869040626134,0.151491537551503,0.12906055014346968,0.09679644182511153,0.11497741025143075,0.32204194491577853,0.2612226097821656,0.22471776096505805,0.27553169050426546,0.3528423201219002,0.3539214899128142,0.3405101398337615,0.35439450025794006,0.09732797070780731,0.10433512570137018,0.0942583282313543,0.14162242662127764,0.10590159387875663,0.09741972033009648,0.10971448251400058,0.11196827476712819,1.000038398222396,1.000111223017161,0.45305682355595966,0.996513923776637,0.9945459659153016,0.9957985100040431
913.430570243,0.26616481359518535,0.31267976035964296,0.21908652996437947,0.13410783751283084,0.13274746158331932,0.12633443980175696,0.08974501873133726,0.08926872807190585,0.30122230159462543,0.3098064819106549,0.300690785782003,0.3032496062785504,0.27558814850068764,0.2512570743332695,0.2983038995503988,0.3040994960250647,0.38141333982337355,0.49525586447088427,0.523488983724856,0.4403026938185854,0.36023372827042704,0.39739913810642663,0.4009363630832411,0.38461885317517575,0.3388237409260274,0.41176209318099016,0.15169107111729893,0.12905814355394304,0.09689558484710109,0.11510767101452159,0.32208189288434147,0.2611486626833178,0.22474291540341124,0.2755597066802509,0.35288932077437996,0.3540655651873032,0.3405402950380432,0.35435904721180783,0.09739088560126567,0.10440127273086108,0.09430954734590077,0.14161491374651528,0.10597964117866583,0.0975040631360478,0.10965096086478227,0.11196972923571674,1.0001320433507306,1.0000886601144339,0.45357998250346426,0.9964941457890767,0.994492616051848,0.9957348092352042
916.914016797,0.2664399265456235,0.31286087021658743,0.21917988253132378,0.1342371871661067,0.1311930070680416,0.12485988954709497,0.08899242277747982,0.08852518205482575,0.30120102822957356,0.3098932865820895,0.3006973142809242,0.30337523201920774,0.2762234685772823,0.2518910384798671,0.29905418617619384,0.30485899359595436,0.3811632464138699,0.4950671716377914,0.5233654039687801,0.44000510449286334,0.3606386846650049,0.39793812522322414,0.40132916310452815,0.3849996963080819,0.3392040666659972,0.4120344804687722,0.15188141106111522,0.12903734436526562,0.09698967376402806,0.11522295471282422,0.3221415462699517,0.26113543048941623,0.2248398680752845,0.27565442704287724,0.3529443797403336,0.3541947774579538,0.34068245042666706,0.3544014709703847,0.09747022485564177,0.10443215291784538,0.09433535308485497,0.14161793697488761,0.10602103414637296,0.09761713614748399,0.10963906888288695,0.11197102871245618,1.000240487838642,1.0000801091190334,0.4540304732064851,0.9964083454662725,0.9944368100826974,0.9956642482862222
920.451653694,0.26670981348504574,0.31305165006750474,0.219255284669945,0.13436714852548026,0.12965730097369968,0.12337762235736671,0.0882436253192289,0.08777352599435936,0.30122852625406477,0.30996322786871483,0.3006424610168195,0.30346643304705184,0.27690841583172415,0.2525541161935482,0.2998055752530473,0.30557422822717745,0.38092387290735563,0.49490469477286547,0.5232403446836398,0.4397972931771901,0.36107767067717444,0.3985282622892788,0.4017895215270476,0.38541743756018615,0.3396092203118974,0.41230657368502727,0.15207951049786966,0.12901040105991213,0.09708860981037316,0.11530398983779454,0.3222133245592431,0.2612052245579628,0.22499421946702858,0.2757623671183053,0.3530554222049013,0.3542442936762005,0.3408288298437261,0.35450118925131996,0.09758744064292399,0.10447486829141324,0.0944003537329799,0.141598999309947,0.10607483382991911,0.09769638549874465,0.109671868597842,0.11195061505405231,1.0001637544120363,1.0000619499600871,0.4544091081662479,0.9963172809224913,0.9943830168424356,0.9956071874352965
924.045637162,0.26703790124646126,0.31323153291211103,0.21936022723291632,0.1345647093835039,0.12815510154894955,0.12190176927657007,0.08747541410202801,0.08703133136859188,0.30130190732377954,0.30996646162742475,0.30059608560797674,0.3035513561594369,0.2776296079251328,0.25316397621676334,0.30060105914852053,0.306408216504035,0.38067105482010916,0.49478950954690104,0.5232165209103447,0.4396557577711105,0.36163981706665765,0.3992357517598885,0.40226152727351766,0.3858569102452032,0.3400309402489839,0.41264428819828847,0.1523479734645359,0.12903566934956895,0.09718273762381699,0.11541747943747865,0.32228370247096066,0.26133047507785917,0.22512720878627715,0.27587982834473934,0.35318159016661854,0.35431792197470324,0.34092539990703735,0.3545822470592089,0.09772543617193771,0.10459220858119006,0.09450958995408033,0.14160689682666308,0.10612942371250537,0.0977388169744387,0.10968882352752538,0.11194006561661449,1.0000790104249373,1.0000644840285238,0.454777546138539,0.9963681507165741,0.9943808476948542,0.9956648354999815
927.698269301,0.2674343722287628,0.31341828093050456,0.2195656024285102,0.13479132158823692,0.12670765178741786,0.12046788456774726,0.08670201612100548,0.08626845765825161,0.30135238996751473,0.31006847955410566,0.30060614328907265,0.30369652674680686,0.27839067541358237,0.25382967211846424,0.30148125118983393,0.30738736127154775,0.38041812189575114,0.49465402746873716,0.5233433155984083,0.43956376597794583,0.36229931955756345,0.39990554658932753,0.40277507527013573,0.3862663408982672,0.34052693159610187,0.4131282427645158,0.15263411465834423,0.12912226010022337,0.09727657788878868,0.11554808629641729,0.3223991911657269,0.26150108094216507,0.22530925839532617,0.27603698142257205,0.3532766737306252,0.35446727503773295,0.3410537802338092,0.35465880559968604,0.09783795841980655,0.10475583236141121,0.0946303567073408,0.1416436625007434,0.1062013505969214,0.0977716102908473,0.10970088827219204,0.11196055759794502,1.0000174340060408,1.0000220689688806,0.4551872722843314,0.9964399201648302,0.9944577538354306,0.9957772315771432
931.412012249,0.2678145811254047,0.3136802490504082,0.21980175325064655,0.13496211494843333,0.12522214315943805,0.11903928501265747,0.08596049511085992,0.08550916337500168,0.3013648261748585,0.31022764231365274,0.30069278608287414,0.30380423627961334,0.27912885701716866,0.2545422925579156,0.3023458777513523,0.3083233953428386,0.38015211358775525,0.49432012900377714,0.5234014828215454,0.4394099101671303,0.362888347239468,0.40048957137923374,0.40333437974494907,0.38664558295345053,0.34108591035310626,0.4136728324129978,0.15286729051676617,0.1292080725902271,0.09739133754210488,0.11567923874134542,0.32256455883018026,0.26157716431768235,0.22551387006815235,0.2762354659929366,0.35330195840215767,0.3546065581732803,0.3411665113772131,0.35473210822896845,0.09789741853355888,0.1048943737748732,0.09476288343678814,0.14163621329313014,0.10627974156638821,0.09782178223015756,0.10973526241711773,0.11198233232589015,0.9999883048663898,0.9999292739302866,0.45569260733545536,0.9964108621748792,0.9945265078747607,0.9957281052327348
935.189504163,0.2681667631156478,0.3140617781590037,0.22008846887408728,0.1351849541609591,0.12373635815266634,0.11766291251097669,0.08526296007726714,0.08474850714093354,0.30150458366427435,0.31046097348644774,0.30093963202902246,0.3039770512450595,0.279936375384993,0.25524639787967196,0.3032410589816541,0.30928982356983425,0.3797954735052445,0.4940326646601523,0.5234278838019285,0.4392485080029391,0.36347733165608975,0.4011884859595211,0.4039114789702606,0.3871479712289017,0.3417440546709442,0.41428900579358624,0.15312486524698676,0.12930735873257165,0.09753151433925067,0.11584028934603871,0.3228116678958529,0.2616504547122117,0.22568182588705873,0.2764566298434791,0.3534286269182417,0.3547051189192935,0.3412992009325056,0.3548755559724068,0.09793740027196521,0.10499669806320498,0.09487525498897188,0.14166534877818202,0.10638385213167167,0.09791838095714224,0.10982545263518055,0.11201048508584126,0.9998859868978804,0.9999143243653225,0.4562061259069876,0.9964872948225416,0.9947304413710132,0.9958001317787064
939.033577299,0.26856189057002855,0.3144312088323667,0.22043037268592705,0.13542076010066167,0.12225004089700013,0.11630444621955292,0.08457283930674861,0.08401114196410349,0.30167853271202594,0.31074385895036577,0.30116286964341576,0.3041342325952836,0.2807455047112058,0.25590281337710685,0.3041416108586645,0.31022383023372657,0.3793537730280815,0.4937859703580787,0.523271372208276,0.43899995587638097,0.36409461324628906,0.4019320445113973,0.4044813577250649,0.38768806565458264,0.3423637665743581,0.4148829236856092,0.15338574707393157,0.12940487840033346,0.09769724811909797,0.11600529168768847,0.32312066064289674,0.2618145265364822,0.225835244697468,0.27667542697946845,0.353569965999501,0.35474427512611134,0.3413901123257951,0.35504846488037234,0.09800329903066707,0.10508399758604212,0.0949717687475157,0.14170227665671462,0.10649142228091656,0.0980261768705243,0.10993664235589207,0.11208424734484666,0.9996595178732687,0.9999669019645961,0.4567484574500006,0.9966012343869161,0.9948658957840527,0.9958357083090982
942.947278561,0.2689719827871934,0.31474595826141205,0.22075561413409026,0.13564056598242924,0.12073749546623472,0.11494621774973837,0.08386492003192067,0.08326624583492116,0.301884855686045,0.3109998382890866,0.3012953569491834,0.30429068410535604,0.2814751180012866,0.25653219933105853,0.305037808003547,0.31121406921814676,0.378780185601204,0.49332057956027203,0.5230050321284623,0.4386189382870352,0.3646415119747626,0.40262714724948884,0.40495580441006024,0.38822572311804393,0.3428805757594569,0.41545341238033384,0.15364642874843856,0.12948594944177624,0.09783530488574044,0.11617624046973618,0.32343858037321693,0.2620027821474695,0.22598876458245362,0.2769455746255529,0.3537235282310574,0.35481777446861384,0.341458321487292,0.35511458041326727,0.0980648444747318,0.10519239514076018,0.09508899129403035,0.14174001661269933,0.10662748304194374,0.09813416574638371,0.10999860840974542,0.11215267189836782,0.9995710702996031,0.9999506889428906,0.4572797289148951,0.9966520244509635,0.9948469266387077,0.9958053428586653
946.933892918,0.2693672547018981,0.3150629619256464,0.22103803439938466,0.135851126270574,0.11925057132481108,0.11360001417125984,0.08317049753122403,0.08257010816123289,0.30215544030236496,0.31127320016504395,0.30145275418384276,0.30452234314984294,0.28225285603787953,0.257209566302879,0.3059395961689808,0.31221970614293904,0.3780771610076681,0.4928581721577111,0.5227089216837201,0.4381415039951045,0.3651265393998452,0.4033812754183661,0.405425119007989,0.38877624385183757,0.34335216597405993,0.4160927936495391,0.15392662614817917,0.12956782727204277,0.09795041857114767,0.11632084591060941,0.32368607861533566,0.2621830591073787,0.22618318749499527,0.2772656735303025,0.35392874677468067,0.3548744067995288,0.34152508333102377,0.35515321485800305,0.09811467916491555,0.10526349480439813,0.09514968916401192,0.1418021923478377,0.10677322644463204,0.09825712935762013,0.11007618752439567,0.11221634724831855,0.9995976841169664,0.9999919289278526,0.4577800696183908,0.9966897390808376,0.9948171789769749,0.9957646574730105
950.996970209,0.26980230997422794,0.31545123870440733,0.22136096895998655,0.13608390488374758,0.11782428476144867,0.11229456762280982,0.08252022962723222,0.0819021680156591,0.30242287933867124,0.31157049351082045,0.3017126701933698,0.30479193465332954,0.2830498556799383,0.25781881848474414,0.306890061872685,0.313211188884324,0.3772550286754365,0.4923251942293256,0.5223481761970251,0.4376366255150919,0.3656409037901312,0.40422906426347205,0.4059835737834083,0.38934923835606516,0.34383858360393466,0.4167920496947763,0.15425945294148868,0.1296701459095497,0.09805290449503709,0.11644966217872388,0.32397448417746566,0.2623705946569943,0.22642068969064452,0.27752700909292277,0.3539402492681011,0.3548572212606411,0.3415574867166312,0.355235466790309,0.09817123923104702,0.10530036392558116,0.09520156695675659,0.14183863056065749,0.10689537558036703,0.09839336390962627,0.11015315553738876,0.11227797938646285,0.9994091193293707,0.999990166122957,0.45825332642116745,0.9967526199287811,0.9948155104690888,0.9957211668830778
955.140355948,0.27023027614702394,0.3159208325524825,0.2216859067411692,0.13629586674888186,0.11648570363561529,0.11107592455933937,0.08185676784446694,0.08129477017967683,0.302780157867945,0.31196120747790534,0.30204573064369106,0.30513171001252604,0.283884726429332,0.25839698517078535,0.3078435753834114,0.3142629372126556,0.37630085362326715,0.4917398670039467,0.5219337268639807,0.4371244027314736,0.36622558487572576,0.40502261713897336,0.4065748541794327,0.38991245699367083,0.3444541941855705,0.417441383408947,0.1546121546469395,0.12981899677811615,0.09816235379627984,0.11656300804268509,0.32432761258032633,0.26260777138580127,0.2266632579490961,0.277875840317945,0.35389464391135234,0.35477985708045434,0.3415384120122471,0.35533044980571854,0.09824810008469197,0.10537690343595539,0.09528187905852158,0.14186403904754147,0.10704638501034973,0.09853256926286504,0.11020887303895158,0.1123980586993803,0.9994107823319565,0.9999434794028876,0.458712000176388,0.9966658214852104,0.9947930813772062,0.9958503879849682
959.368226885,0.27065806546022847,0.31638632906850117,0.22191108469646592,0.13654318746409294,0.11520546396393064,0.10989714934575878,0.08117129826654708,0.08065142540644918,0.30319642678290887,0.3123785038768394,0.302360719720686,0.3054784756727679,0.28473443483868316,0.25899709896130735,0.30874523840728757,0.3153104202709644,0.37521133050004246,0.49108884586514623,0.5214729612565308,0.436557342114398,0.36690529553473405,0.4057492058629547,0.4071634110517881,0.3904821669630147,0.3450855362527219,0.4181139413480871,0.15496788679625706,0.12993382572474518,0.0982882189362173,0.11666140515034364,0.32467502643453794,0.2628341448680125,0.22696084970260186,0.2782493564320443,0.3538717976812661,0.3547011904931113,0.34156633133816017,0.3552973818474338,0.09832810810977599,0.10550502882571963,0.09543583577781274,0.14187959732506242,0.10721942681660118,0.09868839224707279,0.11023822547685895,0.11253039742575978,0.999533679047099,0.9999136691671232,0.45917644555823,0.9965977124450035,0.9947757814020705,0.9960696601002127
963.685132242,0.2710814336219566,0.3168731073530144,0.2220954787162231,0.1367714246482707,0.11395125077611258,0.10871053147889762,0.08046513456806195,0.08003267399946846,0.3035268891169188,0.31270822770211365,0.3026412408171191,0.3057709566340213,0.28549497691537623,0.25964147955973654,0.3095830232264029,0.31629864673198543,0.3738534197621973,0.4904154159185342,0.520806500332593,0.43576571923512397,0.3675585730824315,0.4064177820282147,0.40775986887224164,0.39105381308545,0.3456063887778466,0.41871399664379155,0.15527183911986608,0.13008019103368218,0.09845538092488869,0.11678994893922877,0.32507082020147154,0.26315740787908526,0.22729549147846426,0.2786001798788031,0.3537510294907172,0.3545869518569568,0.34141486948413446,0.35512940913867436,0.09840959567320076,0.10564507411182245,0.09561432086837048,0.1419354982373815,0.10737305654320227,0.09883886597701834,0.11026249106938359,0.11263662382388512,0.9997999188416895,0.9998848905299967,0.4596736042242953,0.9964515311394521,0.9946794008977415,0.9959670569812972
968.096041789,0.27153037657237544,0.3174283334393492,0.22234569746309002,0.13700661387629257,0.1127592967371063,0.10763451722974136,0.0798057111955345,0.07948956805264981,0.3039455570584577,0.31314025355785285,0.30298247460151195,0.3061252164344196,0.2862372981602424,0.2603010799061694,0.31040177773290095,0.31718312605270704,0.37231608525840526,0.48961501603457613,0.5200142950678517,0.43481724029846486,0.36823156845468574,0.4070326587379465,0.40848149846630594,0.39175031188579923,0.34613331179837553,0.4192668591009978,0.15560380003830576,0.1302479883014243,0.09865863849009127,0.11695334845573946,0.3256142443385275,0.2636223347438277,0.22760398926769726,0.27904018444447964,0.3536711796628749,0.3544691895744695,0.34123119201093216,0.3549916206033845,0.0985495973047813,0.10577645067820336,0.09574889798411554,0.1420654489012505,0.10757919333253058,0.09899015025185148,0.11032017689193545,0.11275453690581273,1.0001989845254986,0.9999785540093192,0.46019013948397813,0.9963498179478079,0.9946799215929946,0.9959017945759124
972.606402173,0.2720099397332139,0.31809021699555184,0.22269953360907122,0.13728509774123882,0.11168681148318114,0.1066280390263501,0.0792100330663116,0.07897073055106163,0.3043508304269645,0.31362425735695176,0.30336089524416815,0.3065365695469181,0.28690538543182403,0.2608840478167378,0.31116910876936266,0.31809308389974494,0.3706330758628586,0.48868075262031424,0.5191378722073278,0.4337282391711199,0.36896346488394055,0.40773083758984896,0.4091552511254848,0.3924437757842363,0.34679923459846973,0.4198530500527732,0.15598109024472004,0.13042440029307434,0.09885932467498267,0.11711022249950795,0.32631039647136484,0.2641646272854997,0.22788290049925436,0.2793372620685401,0.35371515451874264,0.354544328107194,0.34101048240570886,0.3549361424627383,0.09872176258873236,0.10592165999543213,0.09586508786884484,0.14226404129440517,0.10781860011686056,0.09912838000058699,0.11040081717172741,0.11282844173487765,1.0006898293692486,1.0001164687472637,0.46072193375893356,0.9962709188304705,0.9947433583519075,0.9959929924154277
977.222203311,0.2726055928213088,0.31870821397232013,0.22318766362326967,0.1376411127839983,0.11073762650557098,0.10567780866113266,0.07866309211159074,0.07847650626527222,0.30469175552717787,0.3141640057462766,0.30369668384724424,0.30687157743721905,0.2874947933449559,0.2615176504051253,0.3119077672876224,0.3188882097335699,0.3687578441674884,0.4877752749630247,0.5181485480216653,0.43250728315832654,0.3697730675491102,0.40866337238040534,0.4097925413867886,0.39308530471889547,0.3475756245715653,0.42055011049556534,0.1563902206550693,0.13064893543580308,0.09909689955078707,0.11729113344995194,0.32690799135710985,0.2648830503389056,0.22807531505574327,0.27954593430254343,0.3537402324746529,0.35476355024521616,0.34095209299512674,0.35488638027068237,0.09890041091136555,0.1061109096449657,0.09598666991429389,0.14252149307080292,0.10800319837461704,0.09926332586308118,0.11049415018517635,0.11286501972639919,1.0009327527710337,1.0001119089375503,0.4612066917194865,0.9961235139955781,0.9946157336784744,0.9960371299494155
981.950057134,0.2731869661019079,0.31933322049536844,0.2237409026023051,0.13807544130038135,0.10983838180408542,0.10473987718791458,0.07811941443823772,0.07793869835006986,0.305043280314687,0.31477216894342586,0.30422311200065194,0.3071757720549435,0.28801213771815637,0.26212925029205564,0.3126299588543983,0.31963379068863806,0.36622363000783714,0.48669793921293847,0.5169361087910349,0.4308058384738157,0.37084152825313993,0.4096782371353133,0.4103516482297172,0.39374019206661953,0.34828356295095847,0.42123280685969156,0.15684495423599507,0.13095538598091955,0.09945657034141146,0.1176011726115008,0.327415224257057,0.26582628295320726,0.22827665950889858,0.2794933311940678,0.35379453533600713,0.35495939365944285,0.3408478675405862,0.3547403558812342,0.09913518220309864,0.10638413459984566,0.09619809283199794,0.14282825015247033,0.10811929728705288,0.09945389987167362,0.1105931733466101,0.11286510461200569,1.0007915850596512,1.0001667519234294,0.46183142250026893,0.9958036822559788,0.9942221839356148,0.9958171612344489
986.797291589,0.273625695986122,0.3199197932919822,0.2243481202523846,0.13856232406135804,0.10902531088767864,0.10380198824528078,0.07762097115475032,0.07736718412152158,0.3054740335624598,0.31547520412792635,0.30501923201931597,0.30746797663358094,0.28837857845303977,0.26269557976713226,0.31322990735929745,0.3203928924673915,0.363087825137579,0.4856737290388425,0.5155374829860752,0.42857805014785116,0.37233418477869124,0.41059903415248117,0.4107635985651813,0.3945094170905563,0.3487918805577021,0.4218345669384343,0.15731309764575682,0.13138865818918977,0.0999696268556186,0.11812484287120051,0.3277834476339075,0.2669257184408362,0.2285529062027549,0.2790626325273815,0.3539929993538031,0.355067912877504,0.3406008590610603,0.3545413994949715,0.09947669811404555,0.10678789753729974,0.09655227319565421,0.1432086739907326,0.10816584678048577,0.09971114483416878,0.11066272943046919,0.11285800879270363,1.000579802446808,1.0001661603917211,0.4626575946866501,0.9953351889096707,0.9935649943789533,0.9953114649768022
991.720028203,0.27386917211575795,0.3203389412245718,0.22489711557943248,0.13898553534054378,0.1084244413941174,0.10305524169730458,0.07727158311291177,0.07689019876590603,0.3059836478314527,0.31621218585772903,0.305901483415263,0.3077785720592362,0.28855105605093895,0.26314395736709256,0.31365414635422706,0.32102268490843827,0.3607526572239498,0.48520255937044615,0.5145879506936933,0.4267977277356647,0.37391886260779805,0.4113372979241367,0.4111055981285205,0.39526318776632663,0.3490018888351274,0.4223173712195794,0.15781138428034264,0.13185711209123477,0.10050619637534183,0.11875358509903078,0.3280773335802178,0.2679464448436043,0.228999133384453,0.27858482109570387,0.3542321800738729,0.3550130408081032,0.34028216973297654,0.3543011924992362,0.09982616496486603,0.10721236672372866,0.09695118515076925,0.14358165999016217,0.108161985312538,0.09998214278058684,0.11067888948159668,0.11285908123432671,1.0003136587838706,1.0001218503279972,0.4635911914516949,0.9949028300532625,0.9929245604476867,0.9947015601168844
996.671068522,0.27403147028362,0.32059354933444895,0.225317275933285,0.13927569435210774,0.10801981386998633,0.1025576890722517,0.07706420257328442,0.07656940164585381,0.30650537930109745,0.3168673635425527,0.3066247510873587,0.3081421567003961,0.2886246959841589,0.26347011169869466,0.3139584082326278,0.3214787491345991,0.36007076126663773,0.48537571178477246,0.5144008298648516,0.42614295391214135,0.3751721117417242,0.4119232475207173,0.4114573802846465,0.3958572392475649,0.34904155840209644,0.4227425624994798,0.15833512586107562,0.1322426601346069,0.10092288168182606,0.11928913758090978,0.32843748718423976,0.26869786071170176,0.22956976657200667,0.2784431127518364,0.354388545644934,0.3548724724615175,0.34001791950699045,0.354071182214195,0.10007968450488462,0.10752769736196253,0.0972528251331939,0.14387817472143571,0.10818421415744532,0.10019699439921416,0.11065995774885179,0.11286330803141101,1.000128853333641,1.0000801380130626,0.4644561237326118,0.9946696517299513,0.9925699409487903,0.9942851231322192
1001.65061855,0.2742314018883354,0.32077576496830246,0.22563852786752758,0.13945987056620168,0.10769386072594624,0.1022090464557293,0.07691842604887812,0.0763604183296427,0.3069851036691576,0.31741307687077186,0.3071115278432222,0.3085503151288013,0.2887157209610921,0.263743938016834,0.3142471162083272,0.3218287318477242,0.36069652139108144,0.48591024676484457,0.5147663824863289,0.426443623194725,0.3760022352943154,0.41246565374384536,0.41186729298034946,0.39628619859007835,0.3490967721910689,0.4231891757999088,0.15886961868948138,0.13251497548887384,0.10119376262644686,0.11965390062381487,0.3289208290804601,0.26921195882990234,0.23016769781133822,0.2787024067663504,0.3544261482733016,0.3547505831722986,0.3398619864745054,0.35388181985521816,0.1002207450626152,0.10771129096869217,0.09741729580027393,0.1440974806411048,0.1082680471958724,0.10033908636954508,0.11063603148827678,0.1128646837219947,1.0000886536005826,1.0000599223186641,0.46517333363435603,0.9946305274132979,0.9925130406147941,0.9941497062816739
1006.65888632,0.27444683403083403,0.3209328131189395,0.22592400081564717,0.13959137467439364,0.10740892574867454,0.10193144071759265,0.07680183873355045,0.07620583803451025,0.30744106193187076,0.31791055372153354,0.3074984798796331,0.3089795186872813,0.28881641653600015,0.2639906664685241,0.3145307563054175,0.32213102600989085,0.3618757929298468,0.4865940272667955,0.5153627222676328,0.427156143937961,0.3766398644686814,0.41298318482891744,0.4122987385832149,0.39663481669219103,0.3491619696785015,0.4236482416669164,0.15941166180890542,0.1327388932184151,0.10140814435497289,0.11994147098815244,0.329462614602047,0.2696383867908701,0.230778210032044,0.2791390711790102,0.35441107272367445,0.35464579159966186,0.33975324711887395,0.35371495437009937,0.1003088582760755,0.10783859310889894,0.09751973351530589,0.14428493583213453,0.10838226695727038,0.10044656846904032,0.11061119348550615,0.11286204284798587,1.0001135005106783,1.0000454504287961,0.46582379349015707,0.9946665472103052,0.9925680607923043,0.9941291161419199
1011.69608192,0.27466595606728833,0.3210782890672601,0.22616442101627374,0.13971490916152274,0.10718330765889944,0.10171002564361466,0.07671021356803087,0.07608334714358964,0.3078768326277326,0.3183699012995219,0.3078414445963603,0.30940573778797126,0.2889032311721441,0.2642097789305331,0.3147736673750191,0.32238133185645745,0.3632500566653695,0.48733608246698756,0.5160664873234111,0.4279985278697408,0.3772038285790269,0.41344268888391433,0.41272501079069535,0.3969411301155231,0.34922603717682055,0.4240894777009828,0.15995544657610658,0.1329429043475167,0.10159979885270691,0.12020200920187896,0.3300266421921832,0.2700289459879798,0.23137209742697384,0.2796415238885348,0.35437270147591554,0.3545461451015904,0.33966961767915294,0.3535623830156933,0.10038808313325316,0.10793825859468752,0.09760114536308141,0.14443760798387578,0.10849500494176464,0.1005400168210389,0.11057897659348354,0.11286249704237217,1.0001402433767352,1.0000398193559186,0.4664519568138229,0.9947397840035604,0.9926713429546423,0.9941482542149684
1016.76241755,0.27489751747767344,0.3212612873081184,0.22636240999757537,0.13986201918008298,0.10708458707932099,0.10158842836095404,0.07667675023111141,0.07602603160900227,0.3083249057013584,0.318815474596525,0.3081934154869145,0.30984697732905325,0.28900936899351953,0.26439491867590265,0.31495817712765245,0.322575141200657,0.36467629389691936,0.48812972646432745,0.5168929580288333,0.4288605921287493,0.3777631552247461,0.4137867378038244,0.413147239384982,0.39723257375944715,0.3493078676288483,0.4245121979175213,0.16053242067584664,0.1331454985786002,0.10182094493470234,0.12047964188881989,0.3306489666680846,0.270457451946505,0.23194268352725456,0.280172681862765,0.3543627085553414,0.35448149697165005,0.3396522569077249,0.3534791498677288,0.1005002905044517,0.10804653360307055,0.09768927711057768,0.14453831050402552,0.10861154502480615,0.10064556733966999,0.11053412927939144,0.11288865465197619,1.0001624170928367,1.000052418589317,0.4670961274653205,0.9948177055177738,0.9927786312684693,0.9941608515620437
1021.85810749,0.2750732477125105,0.32146972205932794,0.22650452960784614,0.1399601687586005,0.10710893831320543,0.10156160987750674,0.0766860007570668,0.07602889944638513,0.3086948921232264,0.3191881782571435,0.30854967337932154,0.3102626585068814,0.2890972059339844,0.26448917751925904,0.31505176115576816,0.32269150317236667,0.3660284382188111,0.48890876663556126,0.517746300484871,0.42966888465269537,0.3782263339415495,0.4139066730949559,0.4134944415086576,0.3974252881313628,0.349376726603881,0.42486463827746096,0.16109835674978154,0.13333068789729147,0.10207730574665233,0.12072667505150546,0.3312596312884714,0.2709605754958547,0.23244622448475974,0.2806844971678991,0.35431393560686836,0.35444263888440636,0.33962260430725194,0.35342894121793655,0.10060708384204206,0.1081357938203625,0.09775076700186097,0.144572726584784,0.10871030379661939,0.1007202018187734,0.11045973616803548,0.11289532764850331,1.000159696228118,1.0000673392835528,0.46771285790159417,0.9948553499669003,0.9927624319177093,0.9940915428251469
1026.97288016,0.27517773981199717,0.32169647117883376,0.2265847250178119,0.14004540365401097,0.10724303224385798,0.10166130297561489,0.07671996430780288,0.07606080566664421,0.3089618521161543,0.319503726509721,0.3088781308931357,0.3105980696397367,0.2890891496916646,0.26448514735893747,0.31506803221051793,0.3227186135697138,0.3672257203833661,0.48959340937367346,0.5185347133540581,0.4303929547717251,0.37856116301207215,0.4138765976446627,0.4137719441026859,0.3974950707904232,0.34940076756099625,0.4250878214347042,0.16160619799354678,0.13349630318696065,0.10230352825810073,0.12093505802946312,0.3318014712659178,0.2714689746912189,0.23289123977816742,0.28121880373710306,0.3541827793267183,0.35442845719771277,0.33950689795755934,0.35336452689827613,0.10069610513600467,0.10815505391047354,0.09777769639002053,0.1445618742109022,0.10877988406467166,0.10075286799013856,0.11035181309332462,0.1128325128769146,1.0001673893604408,1.0000827460518,0.46828502497510094,0.9948749109382622,0.9927005583871081,0.9940190656579727
1032.10649695,0.27529738275253524,0.32198878312292045,0.2267430222374951,0.1402289042603612,0.10753877962722916,0.10192724859590689,0.07683028057140846,0.07616136736175523,0.3093032197401382,0.3199088206608828,0.3092450898375054,0.31094536324892846,0.2890730736875193,0.2644944981184619,0.31515671923220717,0.32269853566910334,0.36832749805051,0.49029184919465485,0.5193141916478679,0.43113881981211966,0.3789439273937796,0.41394038714890613,0.4140959532459106,0.3975072833375254,0.34944066454175066,0.42531959647932127,0.1621354014030262,0.13370027148191077,0.10255366799252096,0.12119594807513574,0.3324622930311094,0.27203251663600214,0.23342325941682635,0.28190160141487985,0.354139037898079,0.3545197289506184,0.3394511813898726,0.3534015915497096,0.10076969271510663,0.10818221015696443,0.0978775496445712,0.14460231626620532,0.10886985109265947,0.10081021789633564,0.11028714395497972,0.11278663375817542,1.0001476973559875,1.0000764184555255,0.46895654870669284,0.9948342511537824,0.9926603763866909,0.993950125748603
1037.25897753,0.27540498739710834,0.32228510730121634,0.22690256164386452,0.1404161347352896,0.10796980388197376,0.1022950108106568,0.07701289493725466,0.07630794781569772,0.3096601118868249,0.32029549938731555,0.3095712012601318,0.3112776662674241,0.2889991338731984,0.26447030974127933,0.3151886673064038,0.3226211261871711,0.36925004549715856,0.49088759553449185,0.5200052694651819,0.43173702766354033,0.37930376089672846,0.4139662274995034,0.4143510598001035,0.3974252592059866,0.3493895304293179,0.42554349268510433,0.16265579236754216,0.13387450652453348,0.10279906463888146,0.12145256962080331,0.3332051667811925,0.27260178172302374,0.23397303047516144,0.2826715198367555,0.35416789905457513,0.354578678221178,0.33943996328914866,0.35349338834052524,0.10077515433357201,0.10822420802492551,0.09798877035704434,0.14463346339468205,0.10890674638117116,0.10085380544498168,0.11022143914574192,0.11270104725570201,1.0000672891599671,1.0000704933478075,0.46967089190077527,0.994734323051265,0.9926067289904982,0.9938116865974116
1042.4303413,0.2755240055911932,0.32254557650010446,0.22702338816661177,0.14054773285142103,0.10853231026021233,0.10278525810872705,0.07725472084290144,0.07654046764484575,0.30996118198872413,0.3205964680892825,0.309842981513089,0.31159033139571196,0.28879429400347983,0.2643571704007801,0.3150574769341487,0.3224540929072848,0.3700024925708175,0.49123420324071787,0.520522978809187,0.43211268593591506,0.3795981642217145,0.4139259480411615,0.41449837891167984,0.3973710329404096,0.34915614064563955,0.4257458889097893,0.16321671428694284,0.13404853702345265,0.10306837868495088,0.12174287718035576,0.33392816962796923,0.2731506069134472,0.23454016995336444,0.28348367367204746,0.3542717756157901,0.35459349676198276,0.3394576110631031,0.3536044305070529,0.10079208891641266,0.108280864051307,0.09804393036247332,0.1446304757215228,0.10895997639318447,0.10090922652865195,0.11014284526511797,0.11258932208630891,1.0000625604071058,1.000060929192238,0.47031536924756534,0.9946878525966966,0.992594821232116,0.9937505960368338
1047.62060737,0.2756893414872715,0.3227559308956551,0.227130460169809,0.1406514401896963,0.10922259561984621,0.10340533976035687,0.07756316721257044,0.07685596507637105,0.31022216248049633,0.32084826986717574,0.31009066342887026,0.3119055343477905,0.2884715176204452,0.26414834516817576,0.3148293744667431,0.32220781068911697,0.37058271549966476,0.4913474517343902,0.5208395372582677,0.43236411138842296,0.37980684459477104,0.4138616745158485,0.4146173828838243,0.3974024011003263,0.34882970547427017,0.4259410642468926,0.16381779976998848,0.1342553557227998,0.10335148033700892,0.12204411978780427,0.33463175361711,0.2737000342276152,0.2351348597163436,0.2842822407644917,0.3544264349411943,0.35463511737016173,0.3395270994185644,0.35373337838285523,0.10083860768307717,0.10834798292343353,0.09808165916306617,0.1446499316127021,0.10901822386411926,0.10095540153924185,0.11008241464723209,0.11250123813035316,1.0001501878093684,1.0000407471445831,0.4708862751860841,0.9947073240032498,0.9926226927873059,0.9937503469633064
1052.82979459,0.27592830824575265,0.32297043726069624,0.22726608287719144,0.14077226195792558,0.11003665641118962,0.1041653408135797,0.07795189668762074,0.07721482170203421,0.31047240469358506,0.3211327663510132,0.3103286390115498,0.31222335421106817,0.2881124604220721,0.2638811355450464,0.31456636450711484,0.32193923738284175,0.37097604803113443,0.4913653828875137,0.5210410893268976,0.4325640743144602,0.3799283858219645,0.4137752180689429,0.41476565731177795,0.3974454101672037,0.3485440120292321,0.42616229341072953,0.16445028372144913,0.13450150691420354,0.10365915869773921,0.12234224444282979,0.3353684116091835,0.27430970987041736,0.23575225708194308,0.2850908762812029,0.35462126917294595,0.3547828671557787,0.33965196915092494,0.3539114215520768,0.10090076089844892,0.10841491698147922,0.09815053843107426,0.14468749931940053,0.10906381369935611,0.10098352337878401,0.11005617937085739,0.11244171760512031,1.0002288105498036,1.000028515531258,0.47143542681208067,0.9947167013469023,0.9926221862107573,0.9937504260137585
1058.05208946,0.2761907324010809,0.32321606379882306,0.2274264883785569,0.14093320070503132,0.1109885871106214,0.10505690836593644,0.07838365348596336,0.07761480789163439,0.31077528338899424,0.3214408253310508,0.31058294280851895,0.31251833663939443,0.287771926147685,0.2635927301590517,0.31425114263947923,0.3216578761379241,0.37121014140559855,0.49138365611233886,0.5212303656255237,0.4327135211530108,0.380071346618996,0.41368943158391924,0.41498707877177227,0.39744662864183833,0.3483426624481186,0.42642651251962255,0.1650878089426038,0.13478517591742264,0.10397296680867253,0.12267892507026473,0.33619947472503753,0.2750262440462664,0.23639805704000463,0.28595798720731885,0.35485998174329414,0.3550620204027343,0.3398720275844077,0.3541563493901628,0.10097192574412375,0.10847396102988645,0.09822583486197574,0.14473115505209425,0.10911265465818146,0.10099521574027816,0.1100326366455122,0.11239019391356458,1.0002358315049658,1.0000345854822648,0.4720213619331512,0.9947152265994679,0.9925796991001273,0.9937918453763848
1063.2810895,0.2764366950649052,0.3234981191766744,0.2275961170296286,0.1410957560664723,0.11209151382618282,0.10605504262326554,0.07887324666748073,0.07807854827613293,0.311130476129421,0.3217676416082757,0.31085443278051406,0.3127763008137104,0.2874121034282461,0.26333157832206466,0.3138749726157884,0.3212872153244984,0.37131943031629744,0.49140404821466166,0.5213675848881598,0.4327794088186,0.3802451184608264,0.413618078751747,0.41524779776701637,0.39745106926415463,0.3482001935364667,0.42667364752717746,0.16572292805766034,0.13510783637231089,0.10431169004029746,0.12304552473360358,0.3371039429955165,0.27577505479705666,0.23711236046761602,0.28686874215649083,0.35514535161091537,0.35538922442264814,0.340171238991343,0.3544608521685718,0.10103378125060448,0.10851835317914307,0.09829137826757545,0.1447809786468016,0.10918674972846983,0.10100037285806628,0.11000819330818926,0.11235014070762958,1.000191874670969,1.0000404668173015,0.47260168039886474,0.9947213092747146,0.9925390235553526,0.9938595316056951
1068.51675432,0.27669913645950484,0.3238053957606146,0.22780842224404402,0.14122269139237972,0.11330948953197294,0.1071528603202219,0.079442616478773,0.07864221252186075,0.3114777458637035,0.32211166855638595,0.31110185809898866,0.31299371057581327,0.2869472612984751,0.26308660134197304,0.31345687297098973,0.3208341735247524,0.3713073193985205,0.49136786891128625,0.5213715953804694,0.4327296905953853,0.38043189442090397,0.4134997185797465,0.415477629639166,0.3974248500841573,0.3480506822744691,0.4268542435429068,0.16638475023082258,0.1354313618078655,0.10466937009510217,0.12340868503754243,0.33799816360435375,0.2765239033366489,0.23789488037877793,0.2878083780578942,0.3554971208500485,0.3557272828429255,0.34052125431173996,0.3548607005490697,0.10112649135135743,0.10858309774639259,0.09834205006375328,0.14485085184781898,0.10927851281795561,0.10103398995848631,0.1100115040679879,0.11232986410623459,1.000126133660473,1.0000496399996428,0.4731615697463947,0.9947035777354247,0.9924652634441425,0.99390648769643
1073.75904388,0.2769841821464719,0.32413009723613695,0.22802128522564283,0.14132656103795482,0.11460539236837596,0.10833874095181066,0.08003618227920514,0.07926631795947874,0.31182462324039856,0.3224757179495553,0.31130581847200167,0.31318885370000266,0.2864004642690371,0.2628045282665669,0.313018083470026,0.3203700364985273,0.37114304672795484,0.49119743913911945,0.5212086391590881,0.4326053208970253,0.38065599838295455,0.41329931653353164,0.4156520634111905,0.39728305347085585,0.34781876881426377,0.4270021872272679,0.1671097496022324,0.13575436484865047,0.10499338993790944,0.1237520555518128,0.3388916517803005,0.27731104871759116,0.23869349459732625,0.28879043810651095,0.3559175243888369,0.3561091121950092,0.34091333608248836,0.35535604677605076,0.10125957292136392,0.10868454516353984,0.09839650374424216,0.14491571527391076,0.10935946873935315,0.10109134486642639,0.11002814463499334,0.11232236937723504,1.0000797246782414,1.0000545567787327,0.4737121494218298,0.9946056070457528,0.992416115449265,0.9939201451161984
1079.00791838,0.2773272566366567,0.3245034724858404,0.22825555432954978,0.14146406372370418,0.11601772294916773,0.10960918296153338,0.0806558949041383,0.07991879446771795,0.3121769100136389,0.3228492191165788,0.31157307040771115,0.31343171450249235,0.285854151853128,0.26249271567720595,0.31262482806956216,0.3199545731249041,0.3708565967000645,0.4908941217332961,0.5209885969593901,0.4324668745408822,0.3809466929543668,0.4131805656980613,0.41582206769959834,0.3971150953644684,0.34758501978950873,0.4271476175253975,0.16790425715103224,0.1361074999263281,0.10530071212063717,0.1240894816641579,0.3398908107780653,0.27818413699683225,0.23948282314818706,0.28981818772263923,0.35642434688982816,0.35657811697030295,0.34138563853663956,0.3558888146666747,0.10139921433958814,0.108805849782565,0.09847956964024447,0.14497201730526738,0.10948202344590716,0.10115373498812737,0.11004035048137677,0.11232173282325192,1.000121990248736,1.0000485539094803,0.47425332001459797,0.9944308405167339,0.9923754981781128,0.9938646428245045
1084.26333836,0.2777900213910972,0.3249327092073679,0.22858050432674615,0.14165556255092296,0.11758278316349773,0.11101025174038606,0.08133451582502577,0.08062576272201204,0.31256959027495945,0.3232268245108254,0.3119875661962236,0.3137456981934091,0.28538815567180337,0.26218107189155576,0.3123108628733198,0.31964687911993467,0.37050492510182337,0.49051929410354933,0.520896055289383,0.43227361518422436,0.3813571868686168,0.41325163106345836,0.4160711218074673,0.3970894495265692,0.34742970229146475,0.4273587217281794,0.16872508736119085,0.13648749921260117,0.10566199616782297,0.12446041669718458,0.3410261239919224,0.27917853587803065,0.2403472103354043,0.29094066554718373,0.35707477140744914,0.3571797699379599,0.3419553013247439,0.3564694314959988,0.10154673504438451,0.10889725465493887,0.09857126448363786,0.145095102997368,0.10965370509798635,0.1012583358006839,0.1100675259512287,0.11234649927624402,1.0001939164306362,1.0000358107233358,0.4748321264407444,0.9943055513907163,0.9923392079616074,0.9937769104462444
1089.52507305,0.27835132527467904,0.3254295502399205,0.2289703171182938,0.14188114534906215,0.11927490245870162,0.11252644843667765,0.08206184134255509,0.08136415938114104,0.3129880739045767,0.3236034383577483,0.31249857507775775,0.31411758477998647,0.2849917706186696,0.26189174762575934,0.31203397126194105,0.31937302158972186,0.37010940464433767,0.4901221540704667,0.5208818956181972,0.43195293394048834,0.3819063806108694,0.4134379323480554,0.4164130140665358,0.39722569078405867,0.3473338696249959,0.42769167534208535,0.16954317850029813,0.13694560639567838,0.10607740732803936,0.12489027731468955,0.34228792919102236,0.28023712941389217,0.2413133477165164,0.2921991300936427,0.35783845534774456,0.35790279744360937,0.3426751347785926,0.3570904948149189,0.10168336541210325,0.10899246576809551,0.09868463523660818,0.1452513242598783,0.10986405689582486,0.10140982142969987,0.11013322345526198,0.11240504916544226,1.0002340351159014,1.0000261072391359,0.47544537948798193,0.9943854189713657,0.9923649801034422,0.9937987086179018
1094.78823545,0.27895381908863787,0.3259513772742148,0.2293378107640554,0.14213564178053026,0.12102044437998817,0.1141045411645588,0.08282028935178767,0.0821105484267394,0.3133612026285506,0.32394894392050605,0.31296456599620087,0.31443309617548876,0.2845768024160451,0.261581388501736,0.3117155730854655,0.31902952308114246,0.36960410289317236,0.48971050395760074,0.520796899013422,0.43147445359328224,0.38244562007229116,0.4135821001520896,0.4168066854976323,0.3973646618463881,0.3472515292644131,0.42804774102297505,0.17035642535425383,0.13740971353980064,0.10651803886116737,0.12536996577971,0.3435778469991268,0.2813072136895477,0.24233747031174288,0.29352438320803215,0.35863972005313316,0.3586341294646542,0.3434530434294651,0.3577376402015504,0.10180106609260176,0.10915249723033302,0.09884365739054489,0.1453730594272197,0.11009498620297065,0.10157180963001693,0.11022756004674575,0.11248396720548637,1.0002188598684782,1.0000094544299538,0.4760564833788955,0.9945372534554043,0.9923905830403517,0.9938767432786954
1100.05281299,0.27957552109700606,0.3265220127815362,0.22973790296846697,0.14243673220368627,0.12278690487343209,0.11572700186685062,0.08360279221196587,0.08288761351481842,0.3137360865183275,0.32426559505025104,0.31333982839165436,0.3147304194703936,0.2841621507905843,0.261240195605761,0.3113377492209074,0.31861743649016266,0.36894848828554044,0.4892968983443321,0.5205778380959893,0.4309421621490319,0.38294638046851004,0.4136330105538831,0.41726036201814687,0.39745405477951606,0.34716815679976776,0.4284261230964458,0.17113500279017815,0.1378420044976735,0.10699979998473914,0.12589038192555224,0.3449006146021892,0.2823753652853113,0.24334946136375266,0.29487321651863424,0.35943701141224194,0.359361473934514,0.3441971400402032,0.3584704152344635,0.1019458837652786,0.1093736045810561,0.09903872385711086,0.14551666956012876,0.11029992858511085,0.10173092395870462,0.1103657925578257,0.11256761362822075,1.0001600544511087,0.9999904018959156,0.4766665541721222,0.9946122897541976,0.9923653664924894,0.9939071008257937
1105.31879326,0.28022766345845823,0.3271699686864345,0.2302513898342054,0.14277708940829986,0.12457814392397533,0.11732409476639613,0.0843932232337391,0.08366342799503859,0.31412117978948606,0.3245326123377299,0.31370880328430917,0.31509223581190654,0.28374718330333215,0.2609021635712918,0.3109785996811226,0.3181835915645278,0.3682102874070877,0.48890305267745593,0.5202394853397698,0.4304562944933487,0.3835293309805991,0.4136231100519212,0.41779504875999846,0.3974703635934462,0.3470767434772665,0.4288731985441745,0.17191599706854044,0.13825995541592148,0.10748690206138639,0.1264168000682025,0.3462783922359679,0.2834372358361866,0.244374400543302,0.29623157428996666,0.3602337239812461,0.360170456241582,0.3449438322508976,0.3592583074477265,0.10212324343695159,0.10958771755707471,0.0992398880924777,0.14573741814001143,0.11046951976976721,0.10188052576607737,0.11051796807582821,0.11263863490861169,1.0001266468665497,0.9999845547673049,0.4772534183311179,0.9946405562686065,0.9923671814594712,0.993925245328846
1110.586164,0.2809610809580014,0.327833859395892,0.2308086315179777,0.1431272056819741,0.12638961438954194,0.11888391668918878,0.0851735935910081,0.08444252857394645,0.3144922851801689,0.3247900982152086,0.3140748353453129,0.31547667230804266,0.28330569752166246,0.2605743476990506,0.3106385722665305,0.31773209759708626,0.3674211479154794,0.4884312571043171,0.519778346425385,0.4299518385733078,0.3841985033793213,0.41360463679894055,0.4183808463936552,0.3974817093212724,0.3470124392888832,0.42937775452275817,0.17276670270697278,0.138706653005856,0.10799974166858818,0.1269662384482972,0.3476626547387762,0.2845265586524475,0.24542521453973323,0.29757040508598576,0.3610430097102812,0.3610061329245483,0.3457332819845788,0.36002760388257965,0.10231772292891378,0.10978205025630179,0.09945675204140418,0.14602018282734902,0.11065270998012053,0.10205041081265624,0.11065572193131788,0.11272560044761133,1.00013830340628,1.0000286654651451,0.4778102483105112,0.9946228199601775,0.9923895705562086,0.9939639005368833
1115.8549131,0.28179249061163936,0.32850365126756265,0.23137347349743734,0.14349040121901654,0.1281898893281632,0.12043771243052931,0.08593593322849,0.08521686227528995,0.31484244987911353,0.3250665248693168,0.3144268530537598,0.31588489524356966,0.28281947637712146,0.2602297070743122,0.31026197461095356,0.31727667679987587,0.3665657683807846,0.4878503784411606,0.5192842771755186,0.42940031302708914,0.3849277221357692,0.41363895475399026,0.4190080464934721,0.39761762095260805,0.34697525211530783,0.42994051357677615,0.17365628002757855,0.139195286909535,0.10855030195324525,0.12750618073215328,0.34902140744465127,0.28564529340754496,0.24648668242669386,0.29892034445975535,0.3618839664527214,0.36181695711696377,0.3465223688837754,0.36081034962934677,0.10252238281176063,0.10997925281668332,0.09966809767465236,0.14630411541558208,0.11086901018695054,0.10224174697285154,0.11080995678653496,0.11288372655897405,1.0001594746990663,1.0000583793975304,0.4784084868575014,0.9945313218394611,0.9923456586256014,0.993971424613724
1121.12502863,0.28265627260372106,0.3291495968527459,0.2319569042878675,0.14387472757722586,0.12994210803189474,0.121952802571977,0.08667044992658976,0.08592300609171678,0.3151519086223774,0.32531830116088256,0.31473080991830915,0.3162988398696801,0.2822733864866323,0.2598315265727188,0.3098402499075103,0.3168047103899887,0.3655640416416847,0.48712464998162003,0.5187407032890151,0.42874100792459285,0.3856785549136388,0.4137073409760403,0.4196484618650853,0.3978369604232019,0.3469274522261139,0.4305044871368699,0.17455309884390643,0.13968694731238102,0.10912531092828259,0.12805680932416427,0.3503704768324733,0.2867521351729721,0.2475413500174466,0.30027041147451083,0.3627451569857704,0.36255634214464244,0.347278315009643,0.36158585105372565,0.10270467996059732,0.11020667053527061,0.09985509637083965,0.14653621803305145,0.11109004528385961,0.10242581526742092,0.11097947688399906,0.11308896020037384,1.0001391283948717,1.0000285500766224,0.4790567776523425,0.9944198852088235,0.9922439510626764,0.993877008090201
1126.42117712,0.28350162998648043,0.32979874372767704,0.23259390882260547,0.14424331820162392,0.13161841616382092,0.12344266747375032,0.08735930941414367,0.08657986211278901,0.315413151846613,0.32552944782306026,0.31502214153341657,0.31672795019113376,0.28170292750606285,0.2593776475917208,0.3093488286335385,0.31627114339427126,0.36435070757107213,0.48623089209183346,0.5180497784685419,0.4279281133250591,0.38640505312067375,0.4137277615796252,0.4202559673865008,0.3980305163070632,0.3468695590715768,0.43102891702410456,0.1754670908656122,0.1401755238652919,0.10971521275076818,0.12859643233557158,0.3517467324936179,0.2878569144783496,0.24856438197511915,0.3016170132302357,0.3635796040184275,0.3632647956496445,0.3480041754418752,0.3622995458294546,0.10285139395741626,0.1104587566519288,0.10003927247161407,0.14672992101860804,0.11132347033746144,0.10262257719901452,0.11114178361026715,0.11331539927346304,1.000085896325719,1.0000125540704408,0.4796995012575759,0.9943227262178508,0.9920902997528427,0.9937212404413087
1131.75559815,0.28443641120270696,0.33060676513893655,0.23327170072783543,0.14467365330298895,0.13326864272996475,0.12497454932961446,0.08803657139417559,0.08724503816781122,0.3157649321399033,0.3258758521756448,0.3154314608852054,0.3172586079245483,0.28123905193518856,0.2589765742540417,0.308859993646645,0.31577359015160483,0.3629106288516368,0.48525274099899524,0.5172200995008222,0.42702363561735535,0.3872125903599386,0.4137974013376812,0.4209210846355891,0.3982859124146866,0.3468981257054779,0.4316649008849339,0.17644785167264035,0.1406782314101642,0.11034815654076152,0.12915261128603495,0.3532032786743678,0.2890069562688066,0.24963664074437208,0.30303693572733764,0.36447795594341126,0.36407060473112696,0.34875504538551166,0.3631205695719737,0.10302688766746866,0.11072670460823088,0.10026618517045656,0.1468963341061439,0.11163817263520907,0.10284683920034873,0.11135494264601939,0.11356161141644114,1.0000491634770634,1.0000179568143697,0.4803545278721287,0.9943152358076705,0.9920609168601002,0.993663408122213
1137.12876151,0.28546909796471287,0.33153378516768295,0.23399239176147593,0.14523335425979153,0.13491521963896427,0.12651574338713334,0.08869633220350688,0.08790795284432866,0.31624970995126167,0.3264142825618427,0.3159152356787105,0.31781771034672457,0.28083512652348097,0.258606534408533,0.3083742535409738,0.31526497900668815,0.36098376007156446,0.4840335217035103,0.5161870471003787,0.42587984897894743,0.38810330847301777,0.41392252998254664,0.4216754780748039,0.39856384091419517,0.34696415670272734,0.43242553851062165,0.17744987011976163,0.14120016528196047,0.11098341756551251,0.12975324883959513,0.3547016273540819,0.2901933848544351,0.25076131311574207,0.30450997056777107,0.36542514251351554,0.36498339403776253,0.349566926282773,0.36404500832799536,0.10325173001795149,0.11100039257153738,0.1005057242454146,0.14705944313933417,0.11201706672747631,0.10309322540390983,0.11163424129167648,0.11384262486347392,1.0000387169176574,1.0000315546985172,0.4810117993193956,0.9944166574744969,0.9921656012018696,0.9937009407043711
1142.54114608,0.2865024521063199,0.3324838103623961,0.234742265351964,0.14578386874472174,0.13646922783313664,0.12794269507303654,0.08929074059978732,0.08850456704503784,0.316740370914738,0.3270160114886615,0.3163712537154596,0.3183139784794372,0.2803836345146861,0.25817956897194433,0.30787447603488366,0.314672805226792,0.3582162120903435,0.482306976004504,0.5147486811189496,0.424226528273209,0.3889445520850695,0.41399592867052015,0.4224268110862843,0.39880933788945383,0.3469765695260774,0.43319420030372974,0.1784222314160089,0.14173106682821465,0.11154318772677008,0.13035779377700196,0.35618889636938234,0.2913895448837633,0.25184599431704535,0.3059614123410505,0.36632057789136896,0.36592179352690873,0.3503884819378713,0.3648854853040007,0.10348891658390849,0.11126545223356515,0.10072516515950676,0.1472288328925797,0.11237957656423155,0.10335104703820591,0.11191896942870178,0.11416136956437445,1.0000943247189047,1.0000383332270246,0.4816317038784444,0.9944934625683782,0.9922287269703001,0.9937087281608823
1147.99324008,0.2875343598858407,0.3334558483200147,0.2355074508036846,0.14629014785619054,0.1379548244778785,0.12925025026403253,0.08983561719590569,0.08903723069380347,0.31717535323735946,0.32762247023708324,0.3167903604776526,0.31874003234915144,0.27987188453851763,0.2577008558366103,0.30738657040284156,0.31404349226757067,0.3544381535076811,0.47997840936873504,0.5126874695282153,0.42191162253601444,0.38974341350269576,0.4140748289215953,0.4231686245118529,0.3990846170305315,0.3469785223042785,0.43395718472503014,0.17934897377582124,0.14232126702301623,0.11210339432405723,0.13094063080504117,0.35763821397587714,0.2926066394165785,0.2528827261308781,0.3074150642951426,0.36720320942538726,0.36685453975356574,0.3511837341023778,0.3656440550589067,0.10377613017424135,0.11154080160991904,0.10091229794834826,0.14744433378171956,0.11275107088055084,0.10362920335342646,0.11218750425189834,0.11450040776893555,1.0001851828074777,1.0000212980985326,0.4821785734299899,0.9945032623301673,0.992261147695524,0.9936766922652954
1153.48554133,0.28865752176856724,0.3345064470561055,0.23631947580034435,0.1468215558587779,0.13937080784347788,0.13048126365505375,0.09035139597668276,0.08951507536170882,0.31763742930518857,0.3282153510436564,0.31722584154556716,0.31920386741980944,0.2793399110618732,0.25723001436099063,0.30692277406903395,0.31344004515830926,0.3497087383042294,0.47704788654865843,0.5099611285785374,0.41889669693448567,0.39063318661805924,0.4142206191244959,0.4239563275124434,0.3994351875020979,0.3470510943887889,0.43476515382130637,0.1802509635011838,0.14296856538408764,0.11271926359091032,0.13152076109928523,0.35908517234716525,0.2938689654001006,0.25395476048326704,0.30890940464681077,0.368139281794047,0.3677514733196283,0.35198514072141285,0.3664304584444037,0.10412496159047246,0.11183272037842482,0.10109802371213476,0.14771366966466548,0.1131630371017783,0.10394292168702973,0.11247769875866238,0.1148501101807321,1.0001725152141807,1.0000118483700906,0.48275566832500877,0.9944697604632396,0.9922869472785519,0.9936688203592614
1158.99647413,0.2898611653730991,0.33560104314170863,0.23717768977365467,0.14738756480562745,0.14066935158490565,0.1316223443721796,0.09083145984606569,0.08996125185941548,0.31812365469959336,0.3287634775576473,0.31765433381799896,0.3197133378369677,0.278829597109458,0.2567672130546332,0.3064505213899419,0.31284064238037596,0.3441557939520125,0.4735339161669235,0.5066606578302022,0.415293037310758,0.39160530054910714,0.4143484821966342,0.4246972259201867,0.39975758911794246,0.34716333309157094,0.4355643002224311,0.1812198740573936,0.14361599856030466,0.1133913000956829,0.13213345470718418,0.3605567930343683,0.29513074235954967,0.25506923710327073,0.31042752056241546,0.3691104782735185,0.36857530178832315,0.3527640366188395,0.3672954809977556,0.1044650882273344,0.1121473828152492,0.1013207272115769,0.1479917742574343,0.11360594799049835,0.10429277801800745,0.11277396855936812,0.1152102788721799,1.0001137665868898,1.000037748424043,0.4833182579732501,0.9944792317066321,0.992369000011725,0.9936688245257487
1164.48107738,0.291208434007266,0.3368242130029603,0.23808947903494937,0.14801431800007211,0.1418858440421308,0.13271121890128884,0.0912374581495906,0.09039896601903902,0.3187375010419705,0.32939751353743735,0.3181475803817866,0.3203291910109185,0.27839443812960174,0.25636057421852376,0.30602391631808756,0.3122758732738676,0.3382046285919971,0.4697900142160232,0.503097996788402,0.4114902383337603,0.392702708615337,0.4145594176701948,0.4254701432378546,0.4001170569060085,0.3473274060887857,0.436405544507698,0.18233857435384523,0.14429357826798436,0.11414698624160349,0.13281847239899428,0.3621375450100429,0.2964750914431409,0.2562451498319205,0.3120084574707683,0.3701175162517558,0.3694325134972682,0.3535955405931922,0.36830763856676957,0.10479870590414953,0.11251243092717386,0.10162284383735362,0.14831033649767453,0.11403986599635978,0.104681819989412,0.11310558410818462,0.11563083063121937,1.0000895641168406,1.0000541419514766,0.4839016946023913,0.9945013948769061,0.992462654987433,0.9936502561396842
1169.93996942,0.29263250161386856,0.33822738036651245,0.23902903120764038,0.14866672274831158,0.14299455733477423,0.13372684994626816,0.0915839144949295,0.0908117240366173,0.31948766935840867,0.3301223309543292,0.31869348406915915,0.32099101423766957,0.27788401561699816,0.25598619435239184,0.3055983041529052,0.31168661364128264,0.33256106993961576,0.46625137129439137,0.4997414089570297,0.4079979866982426,0.3939107825627559,0.41488176349447353,0.4263325595034032,0.4005679842474969,0.3475495938336253,0.4373298322382041,0.1835637314921472,0.14497868242421566,0.11494021468048216,0.1335492481845281,0.3637323264358806,0.2978551336874941,0.25746245966971054,0.3136216964026072,0.37109216282598845,0.3703387031927948,0.3544749827136898,0.36933911953197457,0.10512576149729372,0.11288803657117367,0.10196424850422078,0.1486694754685494,0.1144638522573039,0.10508834725357045,0.11348050334769855,0.11608087600123147,1.0000858546992033,1.0000616635817845,0.48451627917230716,0.9944518578649492,0.9925227574042218,0.9935971462038353
1175.3737451,0.29402412581145315,0.339707077464698,0.23997970274859592,0.14929599985854966,0.1439691301655062,0.1346231528079734,0.09190701056188408,0.09115178604153046,0.32021616306782363,0.33080267517223455,0.31923613682451335,0.3215592571796004,0.27721776973430584,0.2555690652518916,0.3050612421851121,0.31105562909610224,0.3279465061029868,0.46323291671575667,0.4969420770300634,0.4051594115690458,0.3950948854854438,0.41522724042843573,0.4271696508735879,0.4010340246892931,0.34781103163954125,0.43824261291638716,0.1847876351726071,0.14562254437259664,0.11571537157705207,0.13428210641918087,0.36517412386177467,0.2991346243001329,0.2586585186398529,0.3151361902702359,0.3719334324660773,0.37119942928323524,0.35532147109916407,0.3702126417936418,0.10544374167637542,0.11325883737735096,0.10228521248662914,0.14900714001137152,0.11490954971057077,0.1054896164564272,0.11385652073834134,0.11651294844580842,1.000095401107725,1.0000703545016167,0.48514872005245974,0.9943061788956084,0.9924866811652919,0.9934959283514961
1180.78297699,0.2953794090449964,0.34120911428476275,0.24095368410745313,0.1499328875099373,0.14486782983062593,0.13541233453091517,0.09217853119681106,0.09142019208946299,0.320852289401672,0.3314232116213482,0.3197852720024931,0.3220304249491753,0.27649792785577815,0.255088409956934,0.3044407022713679,0.3104506204143803,0.3247055272054174,0.461027021979,0.494920612535831,0.40319687603374277,0.396283841491852,0.41560783695456555,0.4280553858225889,0.4015268244286762,0.3480931443263975,0.439163321261338,0.18595248337650971,0.14625134604401036,0.1164689170370502,0.13500233851561194,0.36655298637958883,0.3003101222258791,0.259769459902465,0.31654012423057293,0.3726722202849545,0.37198175075162804,0.3560947761206783,0.3709653852215495,0.10578438849970874,0.11362757025196078,0.10260864114759786,0.14932308740105663,0.11536523921293541,0.10588155038177921,0.114217178107485,0.11689387134902009,1.0000914858547616,1.0000864921063368,0.4857654107915474,0.9942103754142134,0.9923854610810459,0.993396592420806
1186.16821657,0.2968421128422954,0.34282800584727396,0.24207688603751476,0.15064153402603989,0.1457204637592183,0.13616260650854134,0.09244142569767626,0.09168989327135403,0.32160257120976854,0.3321378880583101,0.3204888089610731,0.3226232617550252,0.27594443841914346,0.2546752163224104,0.3039022970134532,0.309953996795457,0.3228524445980335,0.45979907734295355,0.4937851966558902,0.4021393101846395,0.3976738326942875,0.41614331969245777,0.4292646302921216,0.40215640484302495,0.3485025082761539,0.44027537580524445,0.18714812929461602,0.14694946039032092,0.11725172661732125,0.13577958081949593,0.3680643095314051,0.30155990386278975,0.26088805631575585,0.31801644610304397,0.37350646309430124,0.3728570535479441,0.35686313309325535,0.3718056798475659,0.10616890273790072,0.11405231800503302,0.10300920906562794,0.14973990755589658,0.11590970595820688,0.10631353831041883,0.11466479564655323,0.11727159353767509,1.0001076889173477,1.0000934976072284,0.48643482309806174,0.994210210856889,0.992250759458302,0.9933211680002438
1191.52999524,0.2984372281559843,0.34454878670614214,0.24331913386761775,0.15142280284170667,0.14651979050134467,0.1368648208677963,0.09273040024331289,0.09196722777001139,0.32245871018224476,0.3329914110221452,0.32131910567655836,0.3233805822626398,0.27554527987837896,0.2543398681497597,0.30346233054926075,0.3095209117655459,0.3218801137908854,0.4592094411009525,0.4932534197538191,0.40157223058065145,0.39924025981922256,0.41673785281432163,0.43071091518364574,0.4028868889143326,0.34902108030168316,0.44158272333030374,0.18836959914432105,0.14769047357085105,0.11807097968004479,0.13663950054593865,0.369649712665608,0.30289857969465134,0.262016725631154,0.31954801873186495,0.37442020622816824,0.3738173864366993,0.3576550256257564,0.37273204243243613,0.10657739020297853,0.11453950750005074,0.10346035536233442,0.15020905462050113,0.11652610165466094,0.10679503822130801,0.11519916812182589,0.117723728698039,1.000123058571912,1.0000824428434323,0.48706385492730536,0.9942292257784545,0.992128543818743,0.9932769148999012
1196.89576018,0.30008635902651426,0.34626203711581494,0.24452051496553934,0.15218867008220402,0.147270547688609,0.1374870199520733,0.09300771807506815,0.0921794356327095,0.32325523434518755,0.33382386461810076,0.32212272290201516,0.3241511839160459,0.27510774448447634,0.25397574607291135,0.3030484983321835,0.30904468997289436,0.3212218072856482,0.4588391469674504,0.4929488826374823,0.4011384664753678,0.40081571121614434,0.4172048972586623,0.4321177889395228,0.40353906577767973,0.3494879354866768,0.44292638534753503,0.18956519488183554,0.1484165880088818,0.11890185532939718,0.13749378210594632,0.37115220328159393,0.30417858011334253,0.26306452398580704,0.32097987260461297,0.37528812418255486,0.37466057702880023,0.35842731151986423,0.37361201854640447,0.10698815750377859,0.1150063341003819,0.10389372361507145,0.15062104676931257,0.11709735566071285,0.10727672490169642,0.11572834879393372,0.11822873941292585,1.0001280684281773,1.000069881186985,0.4875520278924048,0.9941999888285905,0.9920820274754525,0.9932972391566174
1202.26638934,0.30179734166391886,0.3479592055167488,0.24562075136425424,0.15294992864238757,0.1479615940411906,0.1380417887192375,0.09324573210473695,0.09231983008509932,0.3239936275897938,0.3346057207347127,0.3228893480907841,0.3249412826655272,0.2746237842858803,0.253592905588153,0.3026714757372602,0.30856423925193754,0.3208699888425352,0.4586520835495314,0.492904172661368,0.4009061776635062,0.40236416134681463,0.4176126736663687,0.43347368361983957,0.40412974082310177,0.3498732325559117,0.4443363265796331,0.19075061554338668,0.14911124659280908,0.11972041992151261,0.13827694715507202,0.37257576440963114,0.3053635958542033,0.2640644531594564,0.32232781010677114,0.376148323251973,0.37539445722571047,0.35917057704810756,0.37445268774770446,0.10738764929560891,0.11542852398574312,0.10427829322167378,0.15098887700012056,0.11763367443929015,0.10772848214077843,0.11623978608805335,0.11872632520187305,1.000119964712951,1.0000793282510705,0.48804868100640647,0.9941938375393428,0.9921684303899194,0.9933875927552525
1207.64185238,0.30351067579869495,0.3497249877725059,0.24669846643938437,0.15374986602390772,0.14862351805613652,0.13855138918939053,0.09343748758588147,0.09245154146725582,0.3247060879084214,0.3354158191060203,0.32366873164187787,0.32576498096611994,0.27414904800511025,0.25323497571916515,0.3023180310105038,0.3080873271209861,0.321264605044788,0.45894199547560194,0.4934227909930241,0.4012212987700211,0.4039501398939325,0.41808898407191936,0.43485631244361334,0.40480478144334653,0.3502200116485799,0.4458250507779399,0.19192504334617835,0.1498198910931399,0.1205208160283225,0.13904108990473507,0.37398350329709373,0.30650419840176835,0.26510492064903757,0.3237026166929045,0.37699924129671275,0.3761614961303905,0.35991175494781125,0.37528163631182276,0.10780490665544495,0.11584789200560294,0.10466245815830844,0.15135557153760604,0.11820424872338682,0.10817903520950169,0.11674935769503486,0.11923977331354475,1.0000698091538354,1.0001032725307062,0.4886414737259633,0.994156135277765,0.9922398478038016,0.9934478431660758
1213.0221192,0.3052002066986944,0.3514973437721933,0.2478264716520405,0.15457472244902715,0.14925372999037723,0.13902740729663743,0.0935568230890586,0.09258498653337777,0.32544000598874157,0.3363020763539752,0.32447809489233087,0.3265949774251354,0.2736642688329176,0.25291377725928815,0.3019320255985488,0.30763059735001347,0.32261463768843135,0.4598430454632793,0.49457134279826387,0.40218522376844434,0.4055788909354914,0.4186315138187671,0.4363121017914923,0.4055711662941809,0.35056238387055966,0.44734372082918405,0.19308968952087469,0.1505353085109454,0.12132523766911882,0.1398669297507315,0.37538087976890644,0.30765408760118046,0.2661788290493138,0.32508872777555337,0.37785230865604014,0.37700553500975,0.36063883182343043,0.37605998513270544,0.10826554762870395,0.11628974867459431,0.10506853863661446,0.15171614020725466,0.11883515227158101,0.10866645656934647,0.11727210352036815,0.11980124527170807,1.0000433559778608,1.0000802431098699,0.48926466593908463,0.9940513761579157,0.9921903904388076,0.9934202524746836
1218.40715994,0.3069986668965575,0.3532834538355121,0.24902240215713548,0.15543780378151076,0.14986973137508255,0.13950293254500734,0.09365269543930997,0.0926996258431435,0.3262872819230936,0.33730813627504563,0.3253166330630998,0.327479472656752,0.27321019686054104,0.25259500933786133,0.30153029642347995,0.307257634111077,0.3243585658965739,0.46100965371302133,0.49602682897364186,0.40341134607763385,0.40722748998856223,0.41920610772022493,0.43785596184653497,0.4063822198925378,0.3508953545555215,0.4488449043766549,0.19429347126352373,0.1512778937301877,0.12215058057446655,0.14072845788407584,0.37678233224422014,0.3088093893171001,0.26719892731226424,0.32646128125602303,0.37880469996175614,0.37792641645093894,0.3613489884848423,0.3768280908042518,0.10875277242057343,0.1167593161318042,0.10549444061764782,0.15209072236320534,0.1194734289911353,0.10918810827813763,0.11780514560064628,0.12039290357124457,1.0001132413810374,1.0000534952118723,0.4898269689801266,0.9940060907972841,0.9921723929513044,0.9933914293526462
1223.79694502,0.308877695970846,0.3551113583018753,0.250281748168093,0.156319870920621,0.15048652620267794,0.13998832592760824,0.09374188739198529,0.09280473994013805,0.327226935278194,0.3383965978760089,0.3262386823600897,0.3283903496727043,0.2728071137080151,0.25223554326544495,0.3011512689885179,0.3069051205553639,0.3258742451892062,0.4621052051917862,0.49741988438706375,0.4045316588171244,0.408889349093259,0.4197468408981968,0.4394739216663346,0.40718668620040993,0.3512420205006348,0.4503255840161517,0.19555694949334068,0.15204096907026826,0.1230117615478844,0.14156317913183106,0.3781909274519772,0.3099324272099267,0.26816940424286334,0.32783508710060505,0.3797985406638489,0.3788867882164262,0.3621248010200841,0.377649653224864,0.1092118655292454,0.11725692829538377,0.10591990865391743,0.15256548574801437,0.12010336151999731,0.10968239579053723,0.11833590368019115,0.12098654154352875,1.0001664801304977,1.000049742050796,0.4904042210985176,0.9940308754140417,0.9922139029080118,0.9934287162975542
1229.190873,0.3106909395211696,0.35688417102090736,0.2515198879465126,0.15721210255004633,0.1510433164193499,0.14044640491981575,0.09379832240009282,0.09293799079432456,0.32820697458711107,0.3394408452428596,0.3272053414849144,0.3292850453851624,0.27235564798679324,0.2518255167162136,0.3007104776637625,0.30643905123915516,0.3272835023115733,0.46304275491622904,0.49871504265982997,0.4055235258520483,0.4105172508212623,0.4202358486394412,0.441131333906814,0.40792021378262955,0.3516274824297154,0.4518205422263161,0.1968043836093243,0.15276195874992027,0.12391218093540489,0.14238259975669285,0.3794884334530834,0.31095301224746497,0.2690900075585993,0.3291536365452658,0.3806797066403785,0.3797707793341724,0.362970003748056,0.37845099204741595,0.10962007344860608,0.11770441437917624,0.10635538612017688,0.15309514817062927,0.1207023593143466,0.11009589793781417,0.11883331520838195,0.1215468428385084,1.0001166137873247,1.000061353858716,0.49095785999511754,0.9941020564825888,0.9923033296798318,0.9934913598797254
1234.58829679,0.3124665152453425,0.3586592999906045,0.2527398609742849,0.15815711822774384,0.15156984636167609,0.14089456655554555,0.09391179665381182,0.0931036098626885,0.3292656789484395,0.34045419209957767,0.32822673321425405,0.3302457627604179,0.2718757593311023,0.2514066359484726,0.3002094242374407,0.30591836268463535,0.32916254547572554,0.46418072474511707,0.5002451115342499,0.4067781837546626,0.4121944708611534,0.420743206421761,0.4428423107140419,0.40864781895054314,0.3520413740679496,0.4533989810454134,0.1980293794321541,0.1534727444078008,0.12483474553579384,0.14320290625008517,0.38074521863705,0.311972076207588,0.27000254230236675,0.33039608400205855,0.3815577521598609,0.3806158303275393,0.3638515208352734,0.37924071732709036,0.11005036606915226,0.11814724927164308,0.10681079527364705,0.15365079033684292,0.12128500415037999,0.1104949864248568,0.1193465694702322,0.12209929255119246,1.0001017029396753,1.000056522158897,0.491456217593114,0.9941618414864452,0.9923648979456515,0.993531290125586
1239.98919257,0.31429673953486664,0.3605265895007638,0.2539847287803191,0.1591086659034164,0.15207348243645874,0.1413398531920351,0.09409692281530564,0.09326874680240721,0.33035575628736735,0.34153722655084057,0.32927787746432163,0.33123488562963643,0.27142898339967103,0.2510324783355716,0.29973992840370084,0.3054559128963293,0.33167363351109264,0.46578633149707366,0.502142601917361,0.40848065561386393,0.41400921065230134,0.4213411068287011,0.44460974726284164,0.4094469029543118,0.3524589430971782,0.45514645859478614,0.1992692290888305,0.15423635156561294,0.12574600710628372,0.14403320171996614,0.3820270647924437,0.31304866650337876,0.27092997629335897,0.33160469586887736,0.38247759163168854,0.3814732385306146,0.3646878145273315,0.380017366567264,0.11052689991159807,0.11861716751359201,0.107243883763224,0.15424892311391464,0.12187508407015471,0.11094614873742221,0.11993957160952161,0.12268225950623805,1.0001338553216383,1.000046743806825,0.49194386414183255,0.9942424787035317,0.9924275100870736,0.9935474947916373
1245.39353673,0.31611130799657083,0.36243753923325567,0.25526060611871376,0.16004365185062064,0.1525141424039243,0.14174634274471745,0.09428288046351928,0.09339645301372555,0.3314555049486125,0.3426567920165508,0.33030115706419527,0.33222952260621563,0.27098354733694385,0.2506540229455701,0.2993273151266009,0.3049932168589387,0.3343245926144395,0.4675846305882684,0.5040973580773569,0.41026468599915,0.4159367898415812,0.4219928870203899,0.4463474387602038,0.4102776220981617,0.35287801278880826,0.45693870237812906,0.20044911227715462,0.15502394870053376,0.12663371377990448,0.14484920760069553,0.38328991122081374,0.3140958476217436,0.2718331336192104,0.33276324028749266,0.38332782433431994,0.3823084159320912,0.365428077174539,0.3807726345139745,0.11100372593249411,0.11909319650871168,0.10765602548071802,0.15483591466771252,0.12245747586752376,0.11143653503634887,0.1205577337847361,0.12326751579506953,1.0001493230563592,1.0000406942424125,0.49239733050176787,0.9942970460619256,0.9924172893231697,0.9935524124514536
1250.80130588,0.3179348011591054,0.3643417927725643,0.2565635474019723,0.1609642184044125,0.15291792038377802,0.14211719892104066,0.09442268275650847,0.09349073853593237,0.332546636396695,0.3437333858919279,0.3312827457116213,0.33324325115278647,0.2705518837775037,0.2502437547371061,0.2989588079590103,0.3044959143496737,0.33659628954761317,0.4691448963695782,0.5057640076962119,0.4117729388190534,0.41785540656020126,0.4225958815408409,0.4479968605281343,0.41111620469461535,0.35332571470907065,0.45862624006440367,0.201549266515927,0.15575596039173842,0.1274840478017417,0.14564995105610953,0.38450900282899064,0.31507620693472527,0.2726978580142879,0.3338833668265097,0.3840676072137197,0.38309558369815044,0.36614712228395424,0.3815141143956386,0.11145869100095915,0.11958591276680824,0.1080914072033304,0.15534527428907377,0.1230253714803049,0.11193046607698201,0.12116491300553206,0.12382973241802954,1.0001401652518358,1.0000582594263567,0.49288294152588663,0.9941943532751204,0.9923022002876705,0.9935178312093972
1256.21247686,0.319818412881509,0.366226522038652,0.2578427728386681,0.16185402893497408,0.1533328910097871,0.1424769520924022,0.09451868506833415,0.0935832411103807,0.33363407447221954,0.34473882536735395,0.33227355483214105,0.33430076659399055,0.27013805302976535,0.24983696354775387,0.298552599464784,0.30399420912818964,0.338321700820549,0.47027385820419965,0.5070609198545254,0.4128992383173282,0.41969914094414906,0.42316069080815927,0.44955643699710446,0.4118934113115026,0.3537797241103913,0.4602130798769821,0.20262600035204884,0.15645703645361836,0.12832650019228733,0.14645642080133736,0.38565176201808393,0.31605181501830226,0.2734892962471275,0.3349911871393675,0.38482195145702425,0.38381574912448774,0.36688847058269003,0.38227560909956704,0.1119037961666878,0.12007458664659454,0.10857597988360058,0.15580404475055662,0.12359034567097585,0.11242801226808158,0.12173799636461585,0.12436643349157986,1.0001217634643438,1.0000667984572482,0.49344242162470425,0.9940183251172915,0.9921355482613083,0.9933704027739835
1261.62708732,0.3217099804212621,0.368036400760377,0.25903750874444303,0.16271183990810736,0.15377099661893617,0.14283524747914308,0.09460997480482863,0.09369892584226061,0.3347470327207256,0.3456995177831781,0.3332190062169013,0.33535530340760195,0.26967547005015996,0.24944067110597315,0.2980956832418394,0.3034828138862579,0.33965462583734723,0.47100111562714625,0.5080730105668547,0.4137103586092607,0.42141343323879377,0.4237091717435962,0.4510958185529813,0.412555359876435,0.3542133774751914,0.46175893489967257,0.20371413317153522,0.1571711571749705,0.12918008006338177,0.14724782058701805,0.3867073188476726,0.31702776294497204,0.27424499559199395,0.3360634864284064,0.38563447908135323,0.384528743362298,0.3676078358675491,0.3830722743681272,0.11237189272433169,0.12053128970317539,0.10907857462172352,0.15627470118417675,0.12415349281076905,0.11294209242279735,0.1222999432357724,0.12488349512141701,1.0001036126013478,1.0000647092038364,0.49398626023130987,0.9939422643294383,0.9920426540911118,0.9932040708747242
1267.05580532,0.3235724398051686,0.3697805327173812,0.2601890610028872,0.16357663445803416,0.15421751707558232,0.14320459895162885,0.09470209952672697,0.09383568923958238,0.335856539415937,0.3466517430249756,0.3341114897405625,0.33635166612698975,0.2691616074597216,0.2490475515910897,0.29764941764972325,0.30299511889879754,0.340762458919297,0.4714559247291534,0.508878699867439,0.41431308313394805,0.4230766844736879,0.42422032030939616,0.4526644171466317,0.4131574133856752,0.3545766091600004,0.4633090298350892,0.20481919496630974,0.15789105851406224,0.13001379001169874,0.14801279567556724,0.3876895671228892,0.3179249452589708,0.27500122079012784,0.3370881448406941,0.3864934744918747,0.3852359349156741,0.36826109631877446,0.3838506126671505,0.11284175898777037,0.1209227746352824,0.10956053334694692,0.15672316386649615,0.12471482699769448,0.11343702120678106,0.12286936613043947,0.12539502354687956,1.000094690204055,1.000071918568209,0.49450079011462056,0.993947454361331,0.9920351551093867,0.9931228512914665
1272.49861965,0.3254514523825702,0.3714851350032539,0.26138045144879146,0.16445963465083588,0.1546880191189502,0.1435889997092777,0.09479630924194403,0.09397289761520494,0.33694857416698426,0.34765026500007723,0.33506294958452276,0.3374076309992816,0.2686503078273005,0.24871810470304884,0.29722029363209185,0.3025781668786376,0.34161783663120965,0.4718444528588371,0.509513745037768,0.4148028191117634,0.4248513377586695,0.42476782654760326,0.45432753749763355,0.41385772601827875,0.35490574595557906,0.4649205122348193,0.20596110767813106,0.15861586863113253,0.1308453710625955,0.14877853354562373,0.3886335462195194,0.3187566390960633,0.2757540209290338,0.3381158770738811,0.38744301688890764,0.38595907430524773,0.3689311184550273,0.38456860716081465,0.11329954263843826,0.121334824920844,0.11004538090603652,0.15713498628202624,0.1252679963044114,0.11392896036434179,0.12345288013855012,0.12594399711310222,1.0000755755441704,1.0000572236745002,0.49502173618693485,0.9939795313758615,0.9920318398783462,0.9931017488727049
1277.95551888,0.3273558572295351,0.37314838461075284,0.26265935935929546,0.165384639682678,0.15517534278902775,0.14398688299689053,0.09489384518389574,0.09407866989289516,0.3380645875260539,0.34874398602806483,0.3361126678231891,0.33855117585294964,0.268222679409573,0.24844971293155388,0.2967985575740261,0.30224762531590166,0.34209122579411405,0.4721401280832804,0.5099332740506748,0.4152030584912278,0.4266308182590405,0.42533866842553375,0.4560511608361238,0.41464848866941917,0.3553325362191574,0.4665910333913953,0.2071588850021435,0.15933073129048858,0.1316862892076084,0.1495496455698549,0.38956259596357967,0.3195721986608213,0.2764955937425435,0.3391129897339001,0.3884214632599926,0.3867478855754475,0.36968543113481234,0.38524772853804506,0.11377337547357114,0.12180968505754068,0.11056656162439245,0.15761553986679241,0.1258701666869201,0.11444413003151545,0.12404294189891087,0.12655521969332997,1.0000733796712005,1.000044217798096,0.4955621282152879,0.9940889681958062,0.9920539100243758,0.9931470209481318
1283.42649147,0.3292617499545131,0.37481374100739817,0.26397477666567104,0.1663476755762053,0.15566082952755186,0.1443944883996403,0.09497558182893591,0.0941568567399685,0.33924837027468074,0.3499288894051267,0.3372149193861299,0.3397328805901184,0.2678455883659034,0.24823804593854112,0.29637941750756597,0.3019666322196866,0.3421675779110353,0.4722541250392736,0.5101365818155463,0.4154297583221158,0.42830655488163477,0.425897559702508,0.4577100180205719,0.4154103816342477,0.3558141602123854,0.468273547333467,0.208419176318236,0.16005633693769442,0.1325403483440272,0.1503233957873103,0.3904742258754443,0.32037905622184465,0.27719565543102254,0.3400331934232599,0.3893290597400782,0.3876040533696165,0.3704977253275894,0.38596859216049684,0.11425159639713106,0.12228304785401657,0.11110498582205595,0.15816196964069637,0.12650036827162697,0.11496172015746241,0.12462387782766214,0.12718587273434728,1.0000723523423376,1.0000228347652527,0.4961606615177116,0.9942786509743884,0.9921076077556764,0.9932824902703016
1288.9115257,0.33111394651634507,0.376553061905699,0.26526578517641813,0.16724075962413706,0.15615805455227025,0.14478950881825772,0.09506175545043147,0.09425710693335562,0.3404955199473603,0.35119550756935236,0.3383501824155392,0.34094320969873176,0.2674721230896327,0.24801146802605245,0.2960069414275426,0.3016190993205391,0.34186707412899275,0.4720713055687572,0.5101158269769818,0.4153969562713507,0.42988164294781994,0.426404946897624,0.459194613204626,0.41611986077332785,0.35626833235673777,0.46983256438397875,0.20966899605332642,0.1608019066413647,0.13336957506067965,0.15109106714937917,0.39136878864733005,0.32114634029474626,0.277824151198932,0.3408659517886163,0.39015565074722186,0.38850361422671165,0.37128626360810146,0.38674780046195784,0.11473522931225266,0.12273914537481877,0.11159585878522046,0.15866615824381813,0.12710685361178606,0.11545451028754242,0.12519429730968676,0.1277871427479091,1.0000804126927985,1.0000156739665989,0.4967553074866219,0.9944519793782783,0.9921209247374462,0.9934049640922242
1294.41060969,0.33292082048505056,0.3782810262519849,0.26661383053927823,0.1680232635443934,0.15666749896308227,0.14517709052854158,0.0951623055311262,0.09439192563250717,0.3417477958364733,0.3525456979863227,0.3395092768991734,0.3422066840910738,0.2671298773713683,0.24777030591283355,0.295735198390238,0.30118312710038336,0.3411818412468352,0.4715899811699744,0.509857128019281,0.41506693846549664,0.431483904684097,0.4268951786415781,0.46057560987182267,0.41679571399135945,0.35667008934445504,0.47119608949889513,0.21088094683063954,0.16153404892937792,0.13419115402003928,0.15184099903826387,0.39221077894573747,0.3218954469160555,0.27841219644600723,0.3416292356481065,0.39095814581812915,0.3894003394849625,0.3719798207496634,0.3875926305741897,0.11522448578026538,0.1232389046829244,0.11202109390300341,0.15910825388271072,0.12771537344090217,0.11595586433123847,0.12576499351888973,0.12836850151418758,1.000083193811402,1.000053596451549,0.4972994765573071,0.9944706858688528,0.9921085224523821,0.9935234863987996
1299.91690127,0.3346662767515922,0.37994099720236973,0.2680034949335958,0.16881976145788685,0.15719202244150499,0.1456017132415617,0.09528541702887981,0.09456784333756336,0.3429025220834552,0.3538651114723514,0.34072654386832657,0.34350866848320666,0.2668267800542657,0.24750672553646316,0.2955263031786631,0.30075992054610184,0.34008635174389706,0.47073728835204715,0.509311291484378,0.4144149432345967,0.43326179389412284,0.42737348127521724,0.4619843237723408,0.4174508309429685,0.35700625390295754,0.472442671438481,0.21205784483718146,0.16226818552684533,0.13504727807639041,0.1525966842426788,0.3929860833809587,0.3226151429332723,0.2789862220125837,0.3423664622201984,0.391787962704336,0.3902691748305726,0.372644823879125,0.38846360655004136,0.11570634159639034,0.12381869264557892,0.11244198294336132,0.15960798499895323,0.1283559548028339,0.1164692861305012,0.12634006261757152,0.12895986857384814,1.0000575577319484,1.0000895630706306,0.4978432705394368,0.9942929131694932,0.9920712835636275,0.9935584929214832
1305.42577023,0.3363000479027567,0.3814663258282088,0.26929664136245623,0.16965133139655877,0.15770481659883664,0.14604378836261653,0.09537830763326431,0.09470632688741004,0.3439458601684894,0.3550716200897643,0.3419934537381563,0.3447545734287055,0.26643999887861314,0.24715757592960083,0.2952579557975037,0.30040614337637334,0.3384270054935182,0.4694544640556856,0.5083374356543217,0.4133310335094604,0.4350354506151267,0.42777559283094896,0.4633879351974764,0.418066326352543,0.35723828692291565,0.47367636953858866,0.21317190192246227,0.16297808225669744,0.13587918570106022,0.1533116974838224,0.39365081365655497,0.32317799807771125,0.27949963752204776,0.3430322518627553,0.3926072745866268,0.3910708268606925,0.37334343206459036,0.3892745149903619,0.11615264256361332,0.12437990232250495,0.11284909570125991,0.16013510905701558,0.128956005610751,0.11695886045953975,0.12691698127738427,0.12953813417694543,1.0000721695597583,1.0001117600240474,0.49839935237964583,0.9941262175268025,0.9920630765759437,0.9934689909563947
1310.93719838,0.3380021118132051,0.3829733185601327,0.27053575433553023,0.1705269357336221,0.15824352647830833,0.14652509433961974,0.09547293875917802,0.0948519205628431,0.3450366435475918,0.35628357238449176,0.3432513129691854,0.3459927643584334,0.2660704389671151,0.24685177567624436,0.294981461277738,0.3001216371854284,0.33625902448084355,0.4678475081474833,0.5070236329837023,0.41184557774538555,0.43671471970882075,0.428214989959863,0.4647840384509731,0.4187188364859091,0.3574780955177838,0.4749956826447215,0.21427764366833715,0.16365791433133794,0.1367017114197652,0.15403817780014215,0.39431079953874526,0.3236737521954087,0.27997669010450515,0.3436867941697516,0.39347638937174223,0.3919504064945686,0.37416590348683465,0.39007492401067895,0.11661683604506957,0.12491086883481194,0.11329488907451271,0.16068891278228398,0.1295757082463545,0.1174873431291191,0.12751633417383473,0.1301385317570077,1.000120741144003,1.0000900497954408,0.4990235836225275,0.9940499948668646,0.9920515241187084,0.9933593144055423
1316.45116775,0.339806584510931,0.3844245815690926,0.27171042108019194,0.17141266451544585,0.1587803559016946,0.147015529257675,0.09558110433325873,0.0950481993499682,0.3461562786670506,0.3574562933144367,0.344457653812435,0.3472329197722197,0.26572961135564954,0.24660182623639493,0.2946719602238577,0.2998115938743112,0.3335780165058416,0.46584601604927506,0.5053808963776354,0.4099926671375502,0.4382984961331487,0.4286491956962685,0.46604214194186117,0.4193947688476743,0.35768776463415797,0.47627637310669907,0.21533607999531015,0.16429278238561118,0.13746345031013824,0.1547818410514074,0.39494140619378354,0.324167560012107,0.28040852159122664,0.34432427658230047,0.3943397584200144,0.39287540124883363,0.3749641322601038,0.39083344934346514,0.11706769423206194,0.12543976117415162,0.113770730827289,0.16120632775893093,0.1302130909305578,0.11799096481381363,0.1280906744816812,0.13074825019594327,1.000150679840001,1.0000498294358393,0.49965955667381723,0.993994924261356,0.9920211704249398,0.9932363562008582
1321.96766053,0.3415699282952248,0.38569725249157794,0.2728160535688379,0.17226690640285255,0.15929200280142305,0.14749453714550428,0.09568977675190969,0.09520656395093811,0.34725410007343116,0.3585836665321214,0.3455775592283901,0.34839058643569193,0.2653716462943977,0.24634602421207538,0.2943078508246959,0.29946590577108567,0.3302547325827768,0.46337580952144486,0.5032235744607098,0.4077230734792145,0.439707106006571,0.4289951261544372,0.4671114644297863,0.4199693932136573,0.35777381404187547,0.4774317633526206,0.21628851083967832,0.16488412218455145,0.13817746855470578,0.1554890464429591,0.39544746754366006,0.3246031070979393,0.2807664777678495,0.34486960686822415,0.3951551786283411,0.39373867506044297,0.3756702412750869,0.3914963217518249,0.11750063867237534,0.12594289099913764,0.11421305765159641,0.16164645614495893,0.1308438223783554,0.11844374232448807,0.12863239824507539,0.13132337415247372,1.000162130945255,1.000036665808694,0.5002105656666422,0.9939568205550252,0.9919673011794142,0.9931280526690882
1327.4866591,0.3431526562570954,0.3868385833050591,0.2738828829463531,0.1730807351211767,0.1597892789598452,0.14794765898411305,0.09576099393782271,0.0953012037810311,0.34831900849110653,0.35971510733924245,0.34662158158045686,0.34946263180366255,0.26497842023325663,0.2460554672177636,0.2939109052374222,0.2991329530731625,0.32631523445035876,0.46044993919983374,0.5004780902046279,0.40501637453890904,0.4409785934820871,0.4291988790876603,0.46798363631794787,0.42036376837830597,0.35778725720077204,0.4784321145602069,0.21715230669505298,0.16540697828515183,0.13886046422955517,0.1561342212265985,0.39584611569347145,0.32498237687032433,0.2810625560141662,0.34528478456494305,0.39592493481979363,0.39446372307156685,0.3762592768263557,0.39213744369657866,0.1179480695083591,0.12640650330355613,0.11461304778088638,0.16204129958933924,0.13145064169145496,0.1188730697974197,0.12916541040151375,0.13186043397624236,1.0001798019474977,1.000032265209192,0.5007508400937359,0.9939324686702113,0.9919174420710842,0.9930424138800067
1333.01349556,0.344613782380905,0.38785413874101904,0.27489415362026376,0.1738388466604317,0.16027082845188134,0.14839233049879905,0.09580905446414274,0.09539993329702691,0.3493653773052955,0.36084410414449997,0.34765878639632086,0.350478141850856,0.2645499856349453,0.24571812404212892,0.2935110567820552,0.29880759596025014,0.321831106054086,0.4571337914439515,0.497139850635343,0.4018816720026876,0.44218416516515846,0.4292627621960585,0.4686350759717085,0.42061855632111017,0.357837132379164,0.47924564296594535,0.21798803306585665,0.16590638608357375,0.13950449605615262,0.15670801718008792,0.39619854556426265,0.32531334006994916,0.2813055858177855,0.34556938195719394,0.3966720002147916,0.39507316932803854,0.3767492148780914,0.39277916368440685,0.11842162927106316,0.1268246348782622,0.11498690304048138,0.16246496566756527,0.13202846867002166,0.11928941909743906,0.12967912402598641,0.13240837616921539,1.0001870536347828,1.0000410328754836,0.5012671411876396,0.993936511332533,0.9918607910247476,0.9929363867284592
1338.5688161,0.3461401486101416,0.388862894685606,0.2759352599080187,0.17458936879862377,0.16079938909817595,0.14889009203179204,0.09588652405073621,0.09555563338613075,0.35046178668156425,0.36202799313315853,0.34880491594291463,0.3515744151851583,0.2641950859068259,0.24539263965233626,0.29317798638116066,0.29849430180694475,0.31694017598591895,0.45347825611172965,0.493410818106526,0.39844511340174005,0.4434588489404163,0.4293253125002366,0.4692639646658869,0.4208791445952521,0.3579849758067714,0.4799829404358489,0.2188544284333965,0.16644560538115694,0.1401021370328402,0.15726655383107013,0.39653143955871945,0.32561453148456276,0.28151970964896916,0.34587686504522447,0.3974634413164078,0.39573081626300555,0.3773487008085323,0.3934719324090045,0.11890741456020787,0.1272478673247683,0.11536722793703423,0.16296060351039648,0.13263133059112098,0.11972310750177917,0.13021469743416675,0.13297819501598812,1.0001543030450402,1.0000440818238217,0.5017887353040182,0.9939287063403519,0.991757496874991,0.9928245217215409
1344.15282419,0.34761442526757824,0.38983698674951844,0.2769899548309098,0.17529869948579,0.1613709901165127,0.14943869695426387,0.09598585333645182,0.09572590336141486,0.3516299430760529,0.36314067293760344,0.34992350845961245,0.3526994974471053,0.26391101760240393,0.24505789758427013,0.2928578128900758,0.29814070843393836,0.3117358673176198,0.44943498991382697,0.4893848419129227,0.3947237095390328,0.44470532542632735,0.42937722739483747,0.4698188610976395,0.42115447853242194,0.3581917630436157,0.48060850900755725,0.2197167665411102,0.16696327406747935,0.14066328345621218,0.15778112008969558,0.39670564970987515,0.32582137184937215,0.2816713626365437,0.3460795047783074,0.39823618677937794,0.39645045466742945,0.3780366719834274,0.3942043282797135,0.11935475335596371,0.12767793133441993,0.11571326519930691,0.16346691482335188,0.13324250112479608,0.12018690637938792,0.1307639066351632,0.13350517083887714,1.0001279822187819,1.0000320783086998,0.502314278272639,0.9938546172172213,0.9916731442417162,0.9927459537978346
1349.76572543,0.34887045170246345,0.3906152654136254,0.2779642701572471,0.1758713716904797,0.16198639533284512,0.14994953338986228,0.09607952964707618,0.09587172513288443,0.3527497099197037,0.36411875458307313,0.35086840505646266,0.3536635833366792,0.2635796845676394,0.24468085508719825,0.29243305107976036,0.2977312651587497,0.3063674035357159,0.4451703857090987,0.48503964938115984,0.3908069802933087,0.4457066380725686,0.4293962851039319,0.4701213224385175,0.4213399080063236,0.3583686843463321,0.4810197802210239,0.22052097658831257,0.16736641049084433,0.1411714115550023,0.1582075620603338,0.3965728637246322,0.3258062407065855,0.28163201209979927,0.3459696533909496,0.3989884645248725,0.3971878529973532,0.37869439412228395,0.3949315141798591,0.11969723094261647,0.12807928870012722,0.11600358850984183,0.16386336685846448,0.13381021037809293,0.12063463898858455,0.13127058443907177,0.13398332028956045,1.000142301011452,1.0000115231097582,0.5028072828338732,0.9936236434234735,0.9914695451078558,0.992608616659635
1355.4077275,0.3499561751858946,0.39119038996227473,0.2788254965707273,0.17638237300614154,0.16268615244125761,0.15040305687017486,0.09620794258572606,0.09601371336364549,0.3536970955070928,0.365007373655329,0.3516592749112021,0.3544857699551837,0.2632334966744858,0.24433021555446158,0.29200632866502857,0.29731537467306557,0.301109481765309,0.4410777284447984,0.4806683388980993,0.38689263023464565,0.44652156829115336,0.429432842703624,0.4702005819076979,0.42139276300274703,0.35849291532879707,0.48123485444826586,0.22117044039588155,0.16769837279630526,0.14161505160323903,0.15858865040500925,0.3961727158633954,0.32553417952089,0.28132989308353407,0.34557028934822603,0.39976162089133044,0.39792608990880174,0.3793207475501735,0.3956008416119411,0.1199974970233895,0.12848226828041795,0.11627064888771835,0.16415256890879767,0.1343224635119439,0.12103414556067778,0.1317378828255192,0.13444989109564126,1.0001247745530668,1.0000082994264288,0.5033665853020195,0.9933694499872665,0.9911195578574327,0.9924037445667399
1361.07904029,0.3509269870248772,0.39148102636698223,0.27952197407273677,0.17689560106865418,0.16343097338767024,0.15084701406979845,0.0963647919347027,0.09617834344095548,0.35435971230178637,0.3656706897405962,0.35223392277342835,0.35506857376408063,0.2629169367382791,0.24402850074427626,0.29161625363707694,0.29690507264086624,0.29616151081116604,0.43720894908737284,0.4765477800599225,0.38303894841286323,0.44715871177037486,0.4293433535927669,0.4700585235082589,0.4213162934429365,0.35849957350050515,0.4813061730563866,0.22157799911240236,0.16797674647000052,0.1419863840134227,0.15891839791016216,0.3953980625940268,0.32487922229349675,0.2806500696960087,0.3447687782303971,0.4004776748370703,0.39859449047559764,0.3799011880205493,0.3961879921733825,0.12026797857053559,0.12881808426200053,0.116511420917496,0.1643906094214296,0.13475178544153715,0.12138553675736814,0.13217599552950085,0.13486000458242242,1.000046631642732,0.9999937741923192,0.5039262262201115,0.9932586091768899,0.9908955359583034,0.992305294523903
1366.77987583,0.35165556293359385,0.39129785478491924,0.28002129365583783,0.177277640187552,0.1641493374195965,0.1513274326791699,0.09652053166599224,0.0963574481897113,0.35449805831656106,0.36580101209381405,0.3524094030458086,0.3551524895263411,0.26258260439807646,0.24371763000903596,0.2911903986359999,0.2964764911002668,0.2913757473981449,0.4333475840210244,0.4724992373574178,0.3792005664396194,0.44747661379292597,0.42910082829686585,0.4696335726794119,0.4211163591279796,0.358361900370837,0.4811555952303828,0.22173604270281305,0.16813445922770104,0.14226743492471633,0.15910302054235964,0.3940099356154965,0.32363859273530826,0.27944058780819514,0.34334503308757824,0.4010650376969822,0.3991550624009208,0.38040357011906806,0.39670182823287864,0.12044363733141103,0.1290413758203061,0.11669717023241975,0.16458315782606867,0.1351242682827401,0.12169653942737535,0.1325748338860747,0.13519172708061591,0.9999710650869933,0.9999662759703174,0.5044389411853113,0.9932232503884626,0.9908466470371985,0.9923149820695361
1372.46681289,0.3518359867414831,0.3904257321624306,0.2803508532660638,0.1773131916289597,0.1647744493362795,0.15182232711937718,0.09668617181562782,0.09649994726752609,0.3542846202989843,0.36555448387551887,0.35235076834129536,0.3549144425609281,0.2621495947810248,0.2433401333288534,0.2907024419693088,0.2960426665728559,0.2865541014669345,0.4293141602639451,0.4679971656646512,0.37517424913489933,0.4473392007311143,0.4287048687262032,0.4688716879178062,0.42063598196635593,0.3579866895976696,0.48057422522088067,0.22171519206096857,0.16806162670992836,0.14229775356031696,0.15901238519033076,0.39166003321831905,0.32154844307231834,0.2775918680275275,0.34103545425065174,0.40157893703112785,0.39960412819178837,0.3807841120695178,0.39714606007149267,0.12048787655971377,0.12912911044932007,0.11674486075370347,0.1646444590527197,0.13544303406804323,0.12194501986337952,0.13283998825923352,0.1354061458233026,0.9999420435555859,0.9999663597659868,0.5049541743883486,0.9931785393789403,0.9908351531952345,0.9923016054777967
1378.13342967,0.35125056161242224,0.38867354861023873,0.28036015516985074,0.17695797375247346,0.1653671756057451,0.15231973071997812,0.0968489836514983,0.09659205561947624,0.35434945624300357,0.3655596570957729,0.35255848474328066,0.3549060337318656,0.26164423049660823,0.24293325478773617,0.2901487893482889,0.29558387629538585,0.28168499265855124,0.42498517072483183,0.46287142742671394,0.37083725874354595,0.44645940374180526,0.42797222823419756,0.4675294793276363,0.41965770064619695,0.3572179501025974,0.47928511522112816,0.22135155757147598,0.16765527241236997,0.1419808042698,0.15855319594258144,0.3881849891125393,0.31853480147918645,0.2749861445655047,0.33772979496116473,0.4019879346065942,0.3999703746830383,0.38101762432554537,0.39749299381748915,0.12039759329433632,0.12905309931430609,0.11660145796198898,0.16448805845350922,0.13563197163307483,0.1220763424770838,0.13291215027371575,0.1354229407256921,0.9999781862049745,0.9999678920982368,0.5055189419699511,0.9931546002860498,0.990836348054926,0.9922396562902309
1383.78010777,0.3499569782172581,0.38594104506314264,0.27981201340578843,0.17628195522002477,0.1659952382575742,0.15281170219036827,0.09698529217291176,0.0967012991969704,0.3545717932010338,0.3656707834500322,0.35290743402014535,0.35501154991399825,0.2610819463365708,0.24247247153200419,0.28947634179451,0.29496576701125593,0.2766340071236959,0.4204671741945549,0.45748303784664546,0.36634384998984204,0.4445780475834302,0.4267459238908449,0.46520124229103416,0.4180558577869421,0.3559023575648724,0.47706302421565344,0.22030450345663607,0.16679004976194334,0.1412244826920152,0.15762756535299574,0.38378543933267595,0.314708203436826,0.2716774826808331,0.33359922193076424,0.40211708317252487,0.4001198868344367,0.38106022378274357,0.3975800154678231,0.12012905348874568,0.12879393951010393,0.11625499978881579,0.164156202306982,0.1355497680866379,0.12198337345502987,0.13271650970008125,0.1351860240926357,0.9999980384370575,0.9999612250333506,0.5061715245278979,0.9932355743344475,0.9909837169494629,0.9923038736422604
1389.40721715,0.34813180890698564,0.38219390973901685,0.27871091776183565,0.17525627731228735,0.16663203195654203,0.15330750758353587,0.09713126650735564,0.09685503722837586,0.35453632837040444,0.36556135515679167,0.3529917743849662,0.3549684982095182,0.26048869026538185,0.24194751853481888,0.28868592140474014,0.29426071976239954,0.2711629214643489,0.415733834262213,0.45202136444957175,0.36185469961902916,0.4421453502559338,0.42527334234899816,0.46214311392528284,0.41613688897362305,0.3543329262680676,0.4742169500921236,0.21851910859509274,0.16537940035719673,0.13990170598426113,0.15617972525228763,0.37866890551773824,0.31019286590526435,0.26796271137291217,0.32893430553325204,0.4020107180505146,0.40001928266420833,0.38091181895078746,0.3973719491967677,0.11966562455412477,0.12842389822808822,0.11573831414462045,0.16374714979033142,0.13505456160549967,0.12151535809002173,0.13209546761419977,0.13458555882980988,1.0000492990982024,0.99996365687184,0.5068207895762834,0.9933006283033852,0.9911717165980994,0.9923534070366986
1395.0151167,0.34593160179272714,0.377512490260185,0.2770386667817717,0.1738186415733432,0.16725102434512215,0.15382482280281218,0.0972739031566179,0.09702047281450253,0.3547404450703365,0.36581324895595524,0.3532804323792865,0.35529134100434157,0.2599404878422827,0.2414385037415391,0.2879668056576959,0.2936392038534885,0.2648231588050529,0.4104699504750259,0.44611137552591174,0.35693552054646843,0.439603685922581,0.4237771099972835,0.4587365932865032,0.41415712536192445,0.3528046162665211,0.4710550937961787,0.2162049546926532,0.16356190505184498,0.13807151720464392,0.15429478841157435,0.37299892044127,0.30519291756284994,0.26387130694999444,0.32388091792049445,0.4018678511126339,0.3997951444534346,0.380662080721669,0.3970702854369742,0.11916886696298681,0.12805089839053696,0.11519322316472283,0.16338231846266058,0.13411684530605492,0.12066281176420544,0.13097494726123418,0.13349387349385672,1.0000925885539564,0.9999544793598214,0.5074140660366168,0.9932686873179636,0.9912722740178325,0.9923515055247029
1400.60415467,0.343629498870835,0.3722656391281346,0.2749025684720886,0.17206495340138966,0.16789967535068792,0.15438553371609878,0.09740344476973577,0.09717936519562978,0.3555536659125363,0.36675330963696906,0.3542061958251328,0.3563438914774647,0.25946129624383707,0.24093717368284118,0.28737866987357935,0.2931075075844589,0.25752423368118665,0.4045306678826299,0.4392466656705877,0.3512227400798635,0.43680811799760394,0.42208928417690283,0.45487898932872767,0.41203379359473663,0.35123359598336523,0.4674190995018782,0.21366378074512138,0.16165047898899512,0.1360927898614633,0.15227816428832627,0.36746342476629007,0.3003433217066848,0.25982538214184064,0.31889799298129284,0.40179426685875497,0.39967199284430055,0.3806068646301525,0.39696147713209856,0.11881271177169789,0.12774440534745485,0.11476455782905538,0.16310767334603848,0.13296142455878573,0.119614054690623,0.12954107008727772,0.13210167818444965,1.0000784018425464,0.9999453035194216,0.5080111576396563,0.9932672197836908,0.9914260123110845,0.9925647928683653
1406.19775036,0.34161324830858947,0.3671407470271439,0.27270611169147396,0.1703012848626483,0.16855012387655297,0.15496415363928998,0.09749145963445091,0.0973130416949932,0.35648588814248144,0.3677643849362603,0.3552953632192163,0.3575296496501961,0.25901691056532555,0.2403975818939117,0.2867816218905707,0.29255830483098066,0.24962382362799873,0.39787096795834154,0.4311468515591888,0.34467732132375134,0.4340299743024886,0.42012393093402906,0.4507098922173631,0.4098414015472788,0.349664148496633,0.46349924819689164,0.21136390095481483,0.15999440478387522,0.1343529645331831,0.1504950595255693,0.3631886984161937,0.29658622726000927,0.25664678599811647,0.3149316974154244,0.4018104729071032,0.39972437631530605,0.3806751059917474,0.39703224419885136,0.11854436051790626,0.12747728020192567,0.11443592977478126,0.1628464166277849,0.1319619397626451,0.11870214304963864,0.12826273161711665,0.1308678556707362,1.000079842777808,0.9999529441663669,0.5085905125515052,0.9933526969446922,0.9915784633868022,0.9928242275294996
1411.81328293,0.3409549057275927,0.3635819487494471,0.27123781568186317,0.16923230546811407,0.16920095281173164,0.15552710096811792,0.09755952312144855,0.09747209056857446,0.35736608424051064,0.3687473863307477,0.3563585780199996,0.35860753693008635,0.25859400203490757,0.23985258570729262,0.2861592396873729,0.29197060852910084,0.24182501495125694,0.390798438088489,0.42228670134592317,0.3377600275632433,0.4322792709583243,0.41848083762970995,0.44692383217790743,0.40811308884771547,0.3484739816694798,0.4601030446461866,0.20988211845700214,0.1589953161505616,0.13326176780185536,0.1493681811934031,0.361691371235852,0.2952520069634944,0.2554709833977297,0.31346184894733475,0.4019776823973512,0.39991617240093763,0.380834548981816,0.397216593718402,0.11858527520897229,0.1275042372750676,0.11442814311644528,0.16287288831362348,0.13163139797305512,0.11839287312490432,0.12775912860027783,0.13038350167190796,1.0000869294074304,0.9999879011186062,0.5091746491791757,0.9934843081290501,0.9916807468393356,0.9929141028966256
1417.45083527,0.3426671221917847,0.362748911682929,0.27106118313530103,0.16954689102154247,0.16987774022835062,0.15607306804543797,0.09764582818840233,0.09766977437445223,0.35843246570628573,0.3700278152440226,0.3576645893510888,0.3598305509629249,0.2582295065712723,0.23940125650591174,0.2856722050604748,0.2914770073804981,0.2347445310788614,0.3838464745270446,0.41352267539732873,0.3311154010914024,0.43217155093831916,0.4176724414759714,0.4440128301173146,0.40723042257160746,0.34794819757676193,0.45776364411856574,0.20956175905162783,0.15883401445918643,0.13307939076521652,0.14912150079877842,0.3636992641517718,0.2970196964910223,0.256895019522488,0.3152745274518612,0.4023574254104192,0.40027644008481283,0.3811460775341724,0.3975489786453593,0.11941657683985243,0.12838733545392692,0.11528083504002065,0.16379156883511778,0.13230157903801068,0.1189408908734781,0.12839363033327356,0.13104668898859648,1.0001220371117905,1.0000109271091322,0.5096982187673377,0.993583153063052,0.9917512836133819,0.9929091829229946
1423.11049053,0.3459754657648811,0.36407163762056527,0.2720771345788415,0.1709866738682008,0.17053886902241508,0.1565684100905721,0.0977657648256543,0.09785373531687927,0.3597446983805715,0.37158858594180383,0.35917736451656934,0.3612161992095412,0.2579315054835858,0.23902366952584522,0.28533371076237796,0.291097010746677,0.22873940878647758,0.3773638372296291,0.4054152030199306,0.32508944270586915,0.4332189389243879,0.417362294587096,0.4416937945438511,0.40698191962396346,0.3479475519619167,0.45606717244258516,0.21032947576588995,0.15939073660373396,0.1337497408566522,0.14972504772641598,0.3678622101217442,0.30067500696874216,0.25993228066067825,0.31906923962392686,0.402873580069498,0.40086388846057436,0.3815192569294553,0.39796174522049266,0.12086684022113645,0.129916079430099,0.11676409884864838,0.1653161374327778,0.1337798593391721,0.12018471583331848,0.12998137423332182,0.13267737868530646,1.0001563270755083,1.0000281332394223,0.5101515397785156,0.9936052732274355,0.9917343966519115,0.9928483573273992
1428.79233216,0.3496249627600756,0.36651120375862667,0.2737981920672116,0.17293454787190257,0.17122699365346386,0.1570558506654714,0.09791670923116724,0.09803911914468705,0.36124899350461065,0.3731985954734562,0.3607757849564694,0.36269147251764317,0.2577149086533565,0.23867737902589972,0.28505099667847233,0.2908129817574802,0.2238472325294286,0.3714624384085191,0.3979363359822854,0.31969680702940045,0.43435605631806024,0.4169875850746544,0.43917396062616104,0.40681566058991503,0.3480533431942684,0.45407157188277597,0.211993943629193,0.16053185050299684,0.13508352219186875,0.1510735006153032,0.3725113124616049,0.30468300422448485,0.26328808678106896,0.32330890918117405,0.40357077529386914,0.4017606214515927,0.3820187748869275,0.39845303715206926,0.12237693997481713,0.1314782758421703,0.1182420091565742,0.16679267024314487,0.13562902366196633,0.12173352206311966,0.13195585058297518,0.13470574593842274,1.0001771186812063,1.0000720204444995,0.5106089562946028,0.9937215499048104,0.99173185654018,0.9928257043909634
1434.4964439,0.35310138156807847,0.36941558522960183,0.2757473714891659,0.1749701610342217,0.1719618834425637,0.15757522186180833,0.09807699414939877,0.09823705020008264,0.36281543306797526,0.3747665289700005,0.3623524754967093,0.36418440317311285,0.25749956521762857,0.23826153989353427,0.2847337674741128,0.2905574355491825,0.2197768224258995,0.36595710395368886,0.39075025976209493,0.3146958040938126,0.43472148406951777,0.4160482682316859,0.4355880570276593,0.4061068036830484,0.3478071054389753,0.4509588349048626,0.21424342847212896,0.16203910696297047,0.13677948019866673,0.15283703481431452,0.3768539411542909,0.30839953303592743,0.2663873020466469,0.3273098837323475,0.4044844123625103,0.40282772236335157,0.38263707173126915,0.39911384764463886,0.12371826785432014,0.13284927245545922,0.11945243049106301,0.16811181105728676,0.13742877248255914,0.12326819307544407,0.1338404526963276,0.13659807608621968,1.000172658464539,1.00005994636748,0.5110290209961834,0.9939686195964507,0.9917777391079926,0.9928772512479643
1440.21938683,0.3562214083529745,0.37243813930294417,0.27764303946320296,0.17686331974921118,0.17270912526605395,0.15807339788476837,0.0982337803443703,0.09842365896741445,0.36434405870741143,0.37624132992062015,0.3638499969673746,0.36556404857491215,0.2572192133019021,0.23781397365525617,0.2843358008771822,0.2902787656724486,0.2165182926135338,0.36115407390546506,0.38438998072684516,0.31041225298388225,0.4345972490060759,0.41474429773757493,0.43162691369809036,0.40501336644940467,0.34721385175314273,0.4474208790784273,0.21661720690161343,0.16361744902904907,0.13857604054544276,0.15466689201171993,0.3805679281830505,0.31163132930415305,0.2689892606843759,0.330726637669777,0.40544786661321114,0.4037840310533709,0.3833014152929021,0.3998743130530574,0.12476570722144249,0.13395622555976658,0.12047012179383355,0.16923803013316543,0.1389075698171231,0.12454190233413238,0.13537341543820308,0.13811378934091012,1.0001298141300823,1.0000402676833158,0.5114230733906407,0.9940280178400729,0.9917730111024978,0.99287423499169
1445.9515979,0.35906490448547435,0.3754611220263162,0.2794998612270136,0.1785927484653181,0.17343738359950547,0.15857306183983905,0.09840659584774306,0.09859760289459159,0.36588576262499295,0.37765024672150593,0.3653154108895491,0.3669520759570642,0.2570165240559877,0.23755111672271426,0.2840168419195439,0.2901244324138087,0.21452958807362563,0.35820474640583344,0.3805999700855387,0.30789810087598124,0.4354361415376585,0.41425640719202583,0.43010587932032024,0.4047680946323356,0.3470931613501521,0.4461596228405489,0.218922057407515,0.16511107635285407,0.14029351993990702,0.15642626157591497,0.383592647838042,0.3142901271407312,0.27114186671776874,0.33349094606464313,0.4063636225822915,0.40468603052768415,0.384043366298143,0.4007265063385638,0.12560127815946426,0.13483415712183755,0.12139400588088303,0.17012888169498425,0.14010619098734217,0.1255565389979802,0.13656080398095738,0.13932126147428156,1.0000984808365503,1.0000425289875687,0.5118364444374347,0.9938795261319789,0.991720998107233,0.9928631752899707
1451.69304835,0.36169717244356386,0.3783085849721376,0.28130241934571215,0.1801240532113721,0.17409100447310413,0.15907859404176175,0.09855358930484123,0.09875054165056821,0.3673822173450083,0.3790614269680827,0.3666809852988758,0.3683222570134041,0.25692390051730646,0.23744991731743015,0.2839664941505033,0.2901324784184299,0.21389779475560053,0.3574549352830845,0.3799149880619212,0.30752229511145884,0.4378769619782978,0.41516505270039844,0.43242520159092274,0.4060011175555836,0.34784624120217966,0.44849558056409566,0.22100488007668634,0.1663840344730838,0.14182673520915684,0.15798895558963777,0.38603671628231795,0.31638952012092375,0.27294284769723565,0.3356932612052957,0.4072876384685868,0.40561125599940473,0.38486431538993715,0.40160452056616736,0.12634259599598546,0.13557211942879555,0.12217257986470945,0.1708348339668565,0.14107370800596888,0.12635989112347737,0.13749596643034673,0.14032284256657868,1.0000920887554077,1.000037729178412,0.5122572911179467,0.9937808164633269,0.9916913801366012,0.9929562157680524
1457.44370948,0.3642220567761125,0.38093418089346887,0.2829874457234927,0.18147280206936622,0.17466783862299873,0.15960053625376694,0.0986942381315643,0.09889923582160336,0.36884534924045004,0.3806118346383995,0.36803526989875945,0.3696992862434688,0.2568966808993322,0.23745173245228368,0.2841037139816463,0.2902018757633192,0.2140027141216392,0.3580277150623235,0.3810933604775586,0.3083473938793919,0.44105240012526825,0.41675384246291336,0.43666978289000363,0.4079422529536658,0.34907737088209867,0.45258079131211537,0.22280430333261125,0.16752713457585364,0.14319194487711695,0.15932283551719,0.3881213088708104,0.3182103766996527,0.27446408894153107,0.3375901799452985,0.408353898407589,0.40659847819724215,0.38570922593665125,0.4024494075427639,0.12706807989096094,0.13626522046391232,0.12284527632946005,0.17143867860096143,0.1418491960900098,0.12706132216565047,0.1383128303582898,0.14120310360225338,1.0000929556545997,1.0000376021094621,0.5127521662937949,0.9937319989225021,0.9916540688669899,0.992998793673191
1463.20355265,0.3667104059558031,0.38349058565037103,0.28461350441884026,0.18273634029728575,0.17519699142302475,0.16016104348272853,0.09883521426070942,0.09905369801097498,0.37025795312628623,0.3822109152511485,0.3693802811504181,0.371094079474503,0.2569323024906059,0.237549745838461,0.2842181634301374,0.29023707813261407,0.21426219912705152,0.35894597359759794,0.3827431910386618,0.3093265290557828,0.44406763907327124,0.41822988672563843,0.4405543140363311,0.4097444094362561,0.35026061712423157,0.4563596131782642,0.22447817821297927,0.16869394170336138,0.14448490159847302,0.16052597375053143,0.3900151484352849,0.3198662380817796,0.27583737111016143,0.33935361168751355,0.4094441647171584,0.4075913576916589,0.38644998461873675,0.4032558425980232,0.1277383949238629,0.13695004826056686,0.1234791191488511,0.17198025927649763,0.14256302522768943,0.12772492937320704,0.13906410647504475,0.14208711796890752,1.0000664690744383,1.0000431678667085,0.5133071821948404,0.9936164092629532,0.9915739017917266,0.9928982551898827
1468.97254925,0.3693229975373906,0.3862774318486155,0.28633990228627637,0.18412226326355796,0.1757699814787206,0.16069366612205793,0.09898200144193377,0.09923171088835187,0.3716082036046912,0.38378261080874637,0.3706884237027959,0.37248797909337394,0.2570369718128832,0.23770962109889704,0.28427737962527927,0.29031220809019787,0.21451519595759233,0.3597318005156036,0.3843373261213445,0.3101770177177719,0.4467036583731922,0.4194678344500532,0.4435410869424845,0.4112662726517053,0.35126912384660786,0.4593681423789408,0.22625828557820168,0.17002173773381069,0.145946815118104,0.16187722973309607,0.39192348223889617,0.32147967321150367,0.277200991207358,0.34113988534077444,0.4104746739251488,0.4085940465420924,0.387177359088219,0.40403566361685134,0.12833067486918526,0.13760933476599507,0.12412006463755336,0.17253481906524346,0.14325673563305594,0.1283742968486704,0.139779939513412,0.14293937038216492,1.000050859050693,1.0000241329046142,0.5138208446326292,0.9935179642746056,0.9914671936548641,0.9928072812717703
1474.75040717,0.37213738675494534,0.3894513975800657,0.28824936902156456,0.18564794745964208,0.1763772586113983,0.16116650967087656,0.0991193356504334,0.09945061513133957,0.37294622546446154,0.3853051179115801,0.3720350517784486,0.37386246141189483,0.2571039053948457,0.23786431575790504,0.2842929794334633,0.2904208239341425,0.21464657162199635,0.3603640134087596,0.3856492955906937,0.31082842507697306,0.44900800340715885,0.42045970821382095,0.44579402608875335,0.41250984197311663,0.3521439688441098,0.4616380325363964,0.22823027642530436,0.17145342717855738,0.14760993536179348,0.163467813956919,0.3939064262930289,0.32321330222797023,0.2786010310356929,0.34297904269903695,0.41147949289361735,0.4096560105557596,0.3880188943911154,0.40485069949668623,0.12885047308215514,0.13827304425429457,0.12473926699015409,0.17311593766383115,0.14392496879984729,0.1289881395697421,0.14046680158364683,0.14369913223188224,1.0000912224134935,1.0000002669426553,0.5143314074774419,0.9934844766537919,0.9914224716275628,0.9927738025836531
1480.53455271,0.37506231158302633,0.39295893100310697,0.2903784933046627,0.18725306884677034,0.17702620459701238,0.16164263342084897,0.09929289466717643,0.09970388857806767,0.37447448564812047,0.3867983034371328,0.37354622970141466,0.3752968985516451,0.257130459411269,0.2379948752773763,0.284351993453396,0.2905444599199784,0.21467209481610264,0.3608880976880657,0.38650878596545907,0.31126198047814974,0.45099158736244294,0.4211996176520865,0.4472813533072589,0.4134702914706486,0.3528630578342496,0.4631229201878427,0.23030990513694471,0.1729238565569132,0.149315391679714,0.16514714754061469,0.39590958381503893,0.3250536779211594,0.28001966047143007,0.3448328202834769,0.41245943335352625,0.4107704584574551,0.3889993236402219,0.4058299301047535,0.129337092156929,0.13892855702541895,0.12532176421690955,0.17372237577360283,0.14462157993271432,0.1295803168550633,0.14115870387803117,0.14444030939425492,1.0001393676155772,1.000017118833946,0.5148416740404899,0.9936207198017657,0.9915935446528134,0.9928503608969441
1486.32495713,0.377940488928122,0.39661662135729214,0.292582243379427,0.1888293354081224,0.17764316559443938,0.16206278191536658,0.0994293303639328,0.09991717720985442,0.3760624337906439,0.38821118724228537,0.37511036811871185,0.37679739725649325,0.25711764056995334,0.23801322738676756,0.2844527440182158,0.29060047690937735,0.21468754113406532,0.361375048484868,0.38714255080432547,0.31173595807885635,0.45285463990393554,0.42178207426062403,0.4484518827745823,0.4143379871706266,0.35344319923624473,0.46427342486855916,0.2323954356361021,0.1743720144051421,0.15095528313549547,0.16672605676098504,0.39782238982051643,0.32676196306624106,0.28140708823380284,0.34664266192365506,0.4134489536938052,0.411886697465334,0.3900350901588722,0.40686058705686373,0.1298464710457502,0.13948558408842496,0.12584607218792104,0.17432791281715476,0.14532690292140077,0.1301003101600634,0.14183737522119225,0.14514143277457217,1.0001583477874703,1.0000091077969462,0.5153262990590188,0.993902609370288,0.9918752216804184,0.9930505498650658
1492.12159183,0.3807223646608174,0.4002210882675569,0.2947733273329638,0.19033066720798142,0.17820435656872577,0.162442994566458,0.09952075341738567,0.10004705201324281,0.3775596330049389,0.3896334233459675,0.37657711734516075,0.37831847773888816,0.25711677913464026,0.23801449173609623,0.2846286452303708,0.29057512288005194,0.21506490025342517,0.36231421855315815,0.3884954310009812,0.31275996949653606,0.455021354893606,0.4225304385988259,0.4505975333899143,0.41545875883037386,0.35415084689461523,0.46627897619826303,0.23449372635398938,0.17574427779610607,0.15251377324614288,0.16822243621165658,0.399622158496697,0.3283117025654757,0.2827457017122981,0.34832922026215535,0.4144581657125315,0.4128949402573046,0.3910397846220045,0.407829432894323,0.13037631724532733,0.14000643900045565,0.12638171131399087,0.1749458565366556,0.1460144886684149,0.13059011431690765,0.14246758464617343,0.14580342338718932,1.0001227956314058,0.9999967068168479,0.5158620827169108,0.9940073280737173,0.9919721739479048,0.9930789760436766
1497.92442836,0.3835214489395415,0.4037768973397807,0.29690782427954726,0.1917656902859164,0.17875487359908449,0.1628169122266281,0.09961110844427178,0.10015670690889296,0.3790461150059335,0.39111103318834,0.37804784913206646,0.37981342393506723,0.2571403935806091,0.2380856400690783,0.28489429682869905,0.29059373642646924,0.21602105443709296,0.36404886927678964,0.39106442956585113,0.3145355914788524,0.45785877086475857,0.4238987931556713,0.4543858631232237,0.41712410399716215,0.35522094687648437,0.46980486691869516,0.23661405258506094,0.17703269307054684,0.1540625477074944,0.16969628858798624,0.4013781225524043,0.3298216394079314,0.2840553319718868,0.3499179258263594,0.41553778206385295,0.4138124863719426,0.39197191132838344,0.408769063624878,0.1308938809236274,0.1405944845826854,0.12693452431312433,0.17558560935666762,0.1466751717147014,0.1311123697225042,0.14309316362518892,0.14644934351892552,1.000121966338203,1.00001221898853,0.516432423575153,0.9939368279200532,0.9919048161928974,0.9929543521638035
1503.73343845,0.3863186494368313,0.407246132201837,0.29885852231870996,0.1931249846903082,0.17928976382856482,0.1631825130446215,0.09972212726060496,0.10025729467634391,0.3805371056418808,0.39262168394879976,0.37954191452757674,0.3812820439542534,0.2570884767563379,0.23814173069283445,0.28516894569947854,0.29069754000812054,0.21722911106934728,0.366104743110266,0.39408518754311067,0.3166302384456581,0.4610874886260616,0.42568315017586367,0.4588628121734967,0.41904745321889725,0.3564186049982907,0.47406383138562846,0.23862753998749348,0.17824336179013273,0.15560984316100307,0.17112929389524514,0.4030635498048897,0.3311976890459408,0.2853449626191242,0.3514064709549247,0.4166035324196425,0.4146470101405724,0.3927892649995224,0.40964496047144794,0.13144044390741094,0.14118609657559783,0.127483434731872,0.1762577791499026,0.14728961916911595,0.13166401722407609,0.1437169790437374,0.14707454462893899,1.0001447895353968,1.0000108394075302,0.5168856876569256,0.9938876140483683,0.9918494595355445,0.992922080197007
1509.54899004,0.38903597205657664,0.410649001939137,0.30074770946982676,0.19439422212834379,0.17983265323596465,0.1635388121496574,0.09986152815816068,0.10036205422845015,0.3820456379848994,0.3941885535178265,0.38103249168200853,0.3827327008787152,0.2570233251851751,0.2381801393530995,0.285489849396364,0.29080711679281296,0.2182592684657833,0.3678274121942797,0.3968157032668951,0.31846689079636703,0.464175197303001,0.42733549301636736,0.4627063267822424,0.4207332283914458,0.3573878294133677,0.47794812907476353,0.24047549945188637,0.1794015402645838,0.1570688596608987,0.1724966284792667,0.40471186453551744,0.3325060687321827,0.2866366618650531,0.3528621218305667,0.417670997800215,0.41555521408605023,0.393675832346672,0.4104781888655777,0.1320530727510555,0.14176772803186669,0.1280471460993722,0.17692949805892202,0.1479445520610357,0.13224417843738154,0.14436267196585062,0.14772599648096235,1.000153884244347,1.000015680944954,0.5173526235450827,0.9938597782305336,0.9917997346101215,0.9929383985313662
1515.38336105,0.3916537310311706,0.41392192566288466,0.3026427083877275,0.19561996854399724,0.18040465335548372,0.1638987504316862,0.10000450789707563,0.10048748188048882,0.3835494565838819,0.39577846560833857,0.38246841509811574,0.38413208864797244,0.2570530719488403,0.23821730559458507,0.2857970197823804,0.2907866831420067,0.21889729000695266,0.3689360423334286,0.3988428017246847,0.31973584959169876,0.4666846810753619,0.42854967562885754,0.4654566870132214,0.4219695867801342,0.35801333837321786,0.4807779819320884,0.24224845395643274,0.18045863250366972,0.15848107777955123,0.17378661348806368,0.4062490777320379,0.33379983343004865,0.28780660036244377,0.3542452524874361,0.41872998700177694,0.4165109408073008,0.3945855448889336,0.4112483673270558,0.1326585072366803,0.1423254071483246,0.12860107579192498,0.17754199724737355,0.14862499930401465,0.13281080619460248,0.14498145506221435,0.14835995077684447,1.000157603701589,1.000038352419347,0.5178482196632652,0.9939295148376146,0.9918782784677757,0.9929347049896724
1521.23658861,0.3942139944798135,0.4168952603977669,0.30441071778875445,0.19685949389950985,0.18091096974054988,0.16423662036490255,0.10010614204198812,0.10064856653815754,0.3849724130516964,0.39724617553910285,0.38387427944464697,0.3854612148194555,0.25711660098322875,0.23824669229668177,0.2859850634595544,0.2907003370142506,0.21915917603949372,0.3694989798785373,0.40004936454250867,0.32043387626391034,0.46861851714675334,0.429313911345959,0.46729028383302307,0.42286328922965,0.3583760084642879,0.48251693003591983,0.24393216102172574,0.1814411413382578,0.15982884597308458,0.17496845952093215,0.4076001599369949,0.3349496343300996,0.2887962064420209,0.35541216245048873,0.41967985769837846,0.41731860192221165,0.3953087196282147,0.41195174341944824,0.13318588520967678,0.14287788904375473,0.12910989479154206,0.17804094231044504,0.14921477928081245,0.13329560182958958,0.14553765266552,0.14893323225964902,1.0001232134527003,1.0000419377053993,0.5183110419100424,0.9940201363374878,0.9919322950439367,0.9928555855497927
1527.10870977,0.39662870237478254,0.41953117055715866,0.3059493710552885,0.19811174641274826,0.18137280461790842,0.16455611690478333,0.1001972298230904,0.10081699804738932,0.3862049968598056,0.39850056068346856,0.3851460742949657,0.38668981482541137,0.2570823901572559,0.23822245478077644,0.28606113834863145,0.29062196610945845,0.21914338865650565,0.3697045748227526,0.40067258962623653,0.32070716503566415,0.47019636327260483,0.4297420671513006,0.46846179881532213,0.42345500267306013,0.3585631879554307,0.4836279804397032,0.2454826355180578,0.18241306113470082,0.1610486739670804,0.17603232419439963,0.40875788272598196,0.3359564054462236,0.2896004417030352,0.3564357343810875,0.4205427490357846,0.41802693987694584,0.39588073561545606,0.41263084319174037,0.13365551600273384,0.14340390375548095,0.12959054213868162,0.17839864656165516,0.14971952657742243,0.1336846846151367,0.146054246457456,0.14944584045313455,1.0000673797336963,1.0000582792604116,0.5187542140853009,0.993932856967235,0.9917654584853335,0.9926727454777297
1532.99976154,0.3989852026735321,0.42205469606428164,0.30742874208813215,0.19934544862517706,0.1817892390887532,0.16491457888500094,0.100309572504144,0.10095780783844366,0.387285086692745,0.3996731724196585,0.3863457512758838,0.3877739670111069,0.2570001871390796,0.23818205450643587,0.2861118793165468,0.29059538822989317,0.21930601065886887,0.37003187780116953,0.40144385650020065,0.32109418598419953,0.4718079157936364,0.43008081457784914,0.4697019980533171,0.42402125006255703,0.3588301149998278,0.4847845964480816,0.24691345412678187,0.18336226280396137,0.16215651918404464,0.177028779047199,0.40987429668153214,0.3369497094753773,0.29032295206138203,0.357470720299172,0.42134005823877174,0.41877097204707214,0.3964120070351729,0.4133460508334154,0.13411016348861862,0.14389518823687145,0.13008296480347212,0.17871594637487062,0.15020313979276217,0.13406716203156527,0.1465694671170424,0.14993228206959403,1.0000401506399372,1.0000990579459608,0.5191897485617981,0.9938283176204237,0.9916066984265225,0.9926531864514406
1538.90978084,0.40133975464587934,0.4245483425198846,0.30897713898729046,0.2005328506782212,0.18219474938469646,0.16530216181432,0.10041630953949959,0.10111251968304873,0.3883352110418677,0.40087839248830237,0.3875013520745549,0.3888732133222971,0.25693605612011167,0.23819066563263522,0.2861964346698199,0.2906165750289159,0.2201835906979075,0.37115933760363545,0.40332860769944956,0.3222886384940859,0.4738563815565069,0.430697066650033,0.47193351204249673,0.4250190853711588,0.3593524376475733,0.48678769753835466,0.24834516930936285,0.1843001368651653,0.16319477612415684,0.17798893427877077,0.41101481225252756,0.33791263400634575,0.29112136998231014,0.3584993967546449,0.42207740632563384,0.4195129552565319,0.3968522361139513,0.41401289548933606,0.1345863961142459,0.14440903110704462,0.13059862654092283,0.17907687061585884,0.15068423747043436,0.13453675822594677,0.14711193587341914,0.1504135654501185,1.0000740875958205,1.000117362424012,0.5196862490910735,0.9936544754570489,0.9914012034094561,0.9926525291923817
1544.8387776,0.4036205120380864,0.4269968483312649,0.3105713987610574,0.20173976655448259,0.18263105822833398,0.1657010944849792,0.10046332246192664,0.10124200161365636,0.38939075748205265,0.40213949727715304,0.3887403039892127,0.3900557317016299,0.2569168610768637,0.2382720512260329,0.2863281794470326,0.29072679681718155,0.22217417334110934,0.373340130365961,0.40662206091185,0.3246775106155215,0.4765876018927149,0.43187593383262357,0.47559868704042657,0.42659855232922456,0.3602286735220247,0.4900976960516126,0.2497847363561603,0.1852697991932516,0.1642097931935448,0.17898418769692814,0.41213830922697736,0.33883359802924296,0.2919230323070928,0.3595620822401247,0.4228520126015073,0.4201832862921943,0.3973066872907701,0.4146595707131026,0.135125187628605,0.14492490209212447,0.13111204807874896,0.17945836097618265,0.15116995423081273,0.1350693799616371,0.14765387234325025,0.15089167661842545,1.0000791016389026,1.000066936424685,0.5202370400170226,0.9934898144881119,0.9912208122603179,0.9926165395975113
1550.78660554,0.40585084858200443,0.429311298864149,0.3120481144586012,0.20285420689300054,0.1830572817832258,0.16601560521041944,0.1004461616292037,0.10125819836044239,0.39045439631505574,0.40328910079214664,0.39002323386222804,0.3911791883712081,0.25691042936601277,0.23831232188797008,0.2864341811897111,0.29085525900966175,0.22526211490766831,0.3762814918489774,0.4110421412818143,0.3278873432399098,0.47965348814224346,0.43330453068783353,0.4801288289769165,0.4284078874046696,0.36121540936593516,0.4942889621769772,0.25115241455526277,0.18618062754687725,0.16518653523907423,0.17996897797488587,0.413102888689528,0.3396378346514189,0.29259816535205535,0.3605057341663914,0.4235232775417998,0.4207329134736588,0.39784724623358503,0.4152875098918678,0.135635672317328,0.14538321428280002,0.13158773487368827,0.17978742538008446,0.15167208172305732,0.13557563796330077,0.14816365009662202,0.1513818573240858,1.0000668096178176,1.0000418392310273,0.5207088390971819,0.9935231970307458,0.9911568428508929,0.9926880198941894
1556.75329898,0.40805694917510305,0.4315395270555024,0.31337325802217586,0.20394299325260765,0.18344702755952352,0.16630542159982883,0.10044137752441318,0.10119820238763465,0.39154704719436656,0.4043192890462889,0.39127064239456255,0.3922263337560573,0.2568538089293954,0.2382987583891333,0.2864710698237627,0.29094856918167034,0.22899363017335014,0.3796452539834413,0.41602059725741397,0.33138625730588767,0.4826277749272018,0.43462835097537045,0.48474620646461103,0.4302409736370366,0.36213508535042677,0.4986027960411797,0.25241423174442384,0.1870246380687294,0.16614766590006716,0.18090910047770004,0.4139214670829586,0.34039984712616744,0.2931702219178148,0.36126506028143063,0.42411205086669257,0.4213038622417054,0.39843247440087537,0.41592455750668195,0.13608131487498473,0.14585314499750635,0.132079890117394,0.1801775891396604,0.15216535561513853,0.1360002825362145,0.14867372943138543,0.15191844076242753,1.0000495992473861,1.000050023420812,0.5211273169700716,0.9936077795718239,0.9911799004654678,0.9928127580865473
1562.73889214,0.41029005845282907,0.43377394386073126,0.31468619621912913,0.20507680207315823,0.1837725717424919,0.16660391791847476,0.10051500747316001,0.10120243623218657,0.39258454863087267,0.405228037897415,0.39247421392329834,0.39324843531737247,0.25680311886770346,0.23834691639457906,0.28647219211562663,0.29110703946616906,0.2329448727367677,0.38318562443474846,0.4211418102686371,0.3348974237445185,0.48546903351606957,0.4358217620530006,0.48912069433504246,0.43201405641866303,0.3630770705311427,0.502577588989445,0.2536241510272133,0.18779470696570907,0.16710830674295798,0.18182910647407313,0.4147066660328297,0.3410853226916807,0.2937775664441527,0.36196480840848827,0.4247469856844074,0.4220715600020558,0.3990206234946821,0.4166514609522606,0.13649081159201598,0.14635533306933451,0.13259064589803998,0.18065537211613295,0.15264322586064133,0.13639273306582772,0.14917563744887152,0.1524709766027765,1.0000152299399916,1.0000485232598189,0.5216239543018647,0.9935708731158492,0.991243516525048,0.992830206480416
1568.7434192,0.41271800991878577,0.43608829808667354,0.31615539550878347,0.2062138256142311,0.18407428947550883,0.16689897688275498,0.10063480953862264,0.10123434770700308,0.393571482834633,0.4061485700046526,0.39361461517926416,0.3943791362748413,0.2568943875503947,0.23855195861504894,0.28650626074108887,0.2913442418664827,0.2369025940011688,0.3867239482854088,0.4260530611720614,0.3383084154857024,0.4882390741668366,0.4369845536163254,0.4932045298599006,0.43377860653237266,0.3640804333514872,0.5063500126143727,0.2549030821665903,0.18853141655062697,0.16813850894304333,0.1827725961166659,0.4155791981217613,0.3416932435481693,0.2945170227236704,0.36275013148126306,0.42544046130899404,0.4229775514084439,0.39965502284236176,0.41735075269407784,0.13693646803440704,0.14686523636290813,0.1331376980662342,0.181170586724398,0.15318635282804324,0.13685133195978136,0.14966249734836523,0.15306497738580022,1.0000678560356422,1.000051102733909,0.5222494947621833,0.9935590828969943,0.9915001553809899,0.9928907443083885
1574.76691423,0.41509905708945766,0.4383729874483358,0.31772271698609206,0.20728301026542642,0.1843726110578115,0.16718053095460084,0.10069997270776868,0.1012962839943949,0.3945703581862035,0.4071368165158633,0.39469496256315173,0.39548643773562253,0.2570351401486729,0.2388114465064929,0.2865572308189471,0.2916283545848461,0.24084401304528305,0.39014630096977937,0.4304531389339286,0.34157831024611723,0.4908193965831293,0.43813063330352464,0.4968550057223845,0.4354257635632126,0.3650232571932749,0.5098790041442975,0.25614618054231686,0.18924297187906042,0.16910707018424234,0.18372913972031024,0.41642700490384527,0.3423190840853296,0.29523352655060836,0.36351820789259076,0.42612841116144895,0.42374757550785447,0.40030435773141665,0.4178734622484164,0.13734122573145782,0.1473078081565473,0.1336554162684729,0.1816908956092715,0.1537342744459358,0.13735097501490198,0.1501250594439328,0.15360694323142116,1.0001156437526453,1.0000365069604937,0.522821962867935,0.993703402209897,0.9918348007680259,0.9930828908744063
1580.80672696,0.41729819001515,0.4405196725498146,0.31927327360533575,0.20833164385407568,0.18461929045623143,0.16744410288113565,0.10073469546210871,0.101430666822032,0.39559057686622556,0.40818684386152865,0.3958535055004197,0.39648529661217263,0.25717463121601297,0.2390481284612448,0.28669626344827887,0.29184705010748496,0.24484981725254884,0.3934499208179351,0.434514159347434,0.3447522764837732,0.4932095468262932,0.4393767522818688,0.5000527849818847,0.4368195224261704,0.3659011551358286,0.5130361113256027,0.25734100693693235,0.18993432982288422,0.17004837652874588,0.1846541589325413,0.4171123253134076,0.3430527401887681,0.2958226761294324,0.36419201792756745,0.42687259339816247,0.4244082100492538,0.40092410354724584,0.41829211839338976,0.13769688724980553,0.14772652484205517,0.13416114674283033,0.18222643605169228,0.1542905278637217,0.13787045595068842,0.15061725945163937,0.15407141523649767,1.0000950040692171,1.0000255845740693,0.5232483850406312,0.9937984135602781,0.9919359870498692,0.9931217590366901
1586.85843732,0.41933444595199254,0.44242986953554975,0.3206265537780733,0.20931697630121693,0.18473179608505633,0.16764264745558347,0.10074071369456257,0.10152109471252674,0.3964793310783949,0.40920808223969185,0.3968318224664466,0.3973965755977179,0.2572968871799571,0.23920928011888767,0.28682886811090785,0.2919008625675797,0.24882667143733866,0.396631739912353,0.43839356689619147,0.3478152075629251,0.49536071760485045,0.4405280411136887,0.5029291787050936,0.4379305865729198,0.3666371703872482,0.5157937931785398,0.25848204352576865,0.19058058405142914,0.1709163574701939,0.18548119638169844,0.4176192233080465,0.3436999769390926,0.2962166697910401,0.36468025651883723,0.427489569627003,0.4250006792311402,0.4013487112539463,0.4186465386016215,0.13801428168343188,0.14815861605771533,0.1346134067137978,0.18264966609316294,0.1548386204549039,0.1383580754192943,0.15111899762073563,0.15444856506549276,1.000011570316812,1.0000376818249403,0.5236465679585572,0.9936512630080376,0.9917804837784367,0.9929241360873153
1592.92202448,0.4213328348053046,0.44423632557565135,0.32185677569241844,0.2102702269075842,0.18480762605006598,0.16773310133929475,0.10075459792824258,0.10154322896272355,0.39726691920918644,0.4101822540049223,0.39773160250586065,0.39828299952798013,0.2573534327499385,0.2392633967665601,0.2869364813408441,0.2918995116604978,0.2527787082952769,0.3997579390677641,0.44226733424321457,0.35085569857338705,0.49744967206865703,0.44148581609940074,0.5057569821075047,0.43896043221081665,0.3672564256510764,0.5183051339849113,0.25957880628124275,0.19120493708164782,0.17177239443258768,0.1863023121413072,0.41808341069386695,0.3442103952183479,0.29651622223729907,0.36505039463950006,0.4279562064712142,0.4255167681443644,0.40169789480994006,0.41899579888115024,0.13830869906199625,0.14856888459722192,0.13501721166438538,0.1829247234261018,0.15533343042280243,0.1387040670876331,0.15155333543577063,0.1548054146960289,0.9999515264466179,1.0000376595801883,0.5241193128001682,0.9933957795133974,0.9915983835425082,0.9925927187312887
1598.99746754,0.42328007277200785,0.44602281696899315,0.32313182376430105,0.2111404129383964,0.18486032371484815,0.16773824009810387,0.10076055358212024,0.10152608097052228,0.39803778476544793,0.41099985839091474,0.39864448741276115,0.3990884824331387,0.2573823536022305,0.2392794929126679,0.287069832499072,0.29192601167760057,0.2569374214770657,0.40280382169629625,0.4461895622852921,0.35395430080712004,0.4994907252189093,0.4422954544727851,0.508627250962514,0.43998921861040985,0.36779503896210225,0.5207145062998723,0.26056449946036375,0.19187114290825522,0.17269030912435912,0.18711958663551517,0.418547417076631,0.34465234639583237,0.296834153469743,0.36544000655901565,0.42837281597005245,0.4259584220540608,0.40201901237299764,0.41932396123665716,0.1386258758506118,0.1489396037775347,0.1353909268035921,0.1831573523012571,0.15579721974334845,0.13894687265465627,0.15192730278622074,0.15518140117878118,0.9999011795823659,1.000049367857058,0.5246483426883618,0.993210503753221,0.9913795625509672,0.9922630943893456
1605.08474557,0.4253194085939599,0.4478337294640682,0.3243152440741236,0.21202402660551825,0.18493399133581545,0.16775660052033373,0.10071948401337583,0.101534460140773,0.3988835917999858,0.4118316174713913,0.3995020829974845,0.3999330056057362,0.2574257592953643,0.23937433042801948,0.28729268508496536,0.292029945418376,0.26131156982301007,0.4058003357959794,0.4502396991837712,0.3571854224401301,0.501570326438954,0.4430815828627045,0.5115690008673728,0.4411243937968073,0.36838538191684256,0.5232019312603474,0.26154192353407313,0.19262444306899176,0.17361930604250392,0.18788664336864183,0.41908733849315516,0.3450488159766087,0.2971869856725164,0.3658564474229194,0.4287777884660917,0.4263082312799451,0.402359981322665,0.4197432442377328,0.13903347340241792,0.1493138041901775,0.1357634677798298,0.18349348785651687,0.1562548726308529,0.13925731728254867,0.15232633662170067,0.15558358988806936,0.9999326559957494,1.0000018143172815,0.5251214817887228,0.9932382403587448,0.9913357334607571,0.9922181715561781
1611.18383758,0.4274375568129591,0.4496927840241402,0.3254035233763372,0.21300585985335646,0.18506039055802276,0.16778172158759416,0.10069844498254849,0.10162138352556066,0.39976256678105815,0.41283391370714884,0.4003566987629618,0.4009018213518093,0.25750611997054623,0.23953170880972782,0.28754992873699814,0.2921865690467951,0.2658199626487303,0.4088698204552521,0.4542673510674895,0.3603412007099807,0.5037568464108783,0.44383496702852304,0.5144380960267748,0.44225607684126045,0.36915887340763465,0.525756656045647,0.2625755679038213,0.1933833538689196,0.17441968773609742,0.18863477568216214,0.41967753971082133,0.34551363239007277,0.29752050583591444,0.3662520314343408,0.4292181749883982,0.4267656446015605,0.40275052959138347,0.4202334478606266,0.13946661564819263,0.14969393379893078,0.1361191677903406,0.18392306450236412,0.15669470460762727,0.13970028562261105,0.15278838461082267,0.15606270828611887,1.0000592925479739,0.9999295168473783,0.5256236466367972,0.9933286426467905,0.991427825040423,0.9923820325727649
1617.31109985,0.42947709176888155,0.4514939802640516,0.32654439949265823,0.21401689650643022,0.18522864544958684,0.16786276450702384,0.10068420278347108,0.10171709518269108,0.4007002709317013,0.413911546893845,0.40119029906341863,0.4018370780875495,0.2576817888362939,0.23971432346519936,0.28779369007473105,0.2923390701489305,0.2702458615913702,0.4119102796773346,0.4580325262330306,0.36332174390115596,0.5058528995678913,0.4444405198900258,0.5170711145757676,0.44315490400229585,0.3699329110810571,0.5281834017824515,0.26360180178563847,0.19403983368240385,0.17517705689745144,0.18935866303682689,0.4202371263328796,0.34598202208025297,0.29789056954899035,0.36672141801425034,0.4297435155706405,0.4273616732600875,0.40315355772636613,0.4206552672387274,0.13982667140616659,0.1500838289786099,0.13649757206800953,0.18426535376215328,0.15715149572409745,0.14020242776719613,0.15324737632736085,0.15651814179757437,1.0001086311808227,0.9999493765832667,0.5262484811022051,0.9933897413956257,0.9914268210735334,0.99244030243673
1623.47024896,0.4314634901172859,0.45317480649460234,0.3277219892759536,0.21499061327609242,0.18538555619136224,0.1679514556273682,0.1006994419800857,0.10180159145331184,0.40176871457599617,0.41500446206281905,0.40199689748700473,0.4026553265666792,0.2578431373768052,0.23993721087071396,0.28803567940334396,0.2923818879662602,0.27444824136230017,0.4147781771856363,0.4614299589489008,0.3661259622985858,0.5078247261273673,0.4451001647659233,0.5196113749183803,0.44396619473377386,0.37060364237917276,0.5304664496026646,0.2646038425424198,0.19463835694303558,0.1759481882895065,0.19008081760327425,0.42069503379584194,0.34644560946380326,0.29830826487205647,0.3672456925707924,0.43034472633180815,0.4279595518486642,0.4035989041492852,0.4211127638367315,0.1401567969883506,0.15043986188014405,0.1368413834035493,0.18453085487283458,0.15760537327646867,0.14063041394956133,0.15365243833894646,0.156967802340324,1.000165526146982,0.9999740904422346,0.5268869049110653,0.9934509134108609,0.9913562722119441,0.9924067467900881
1629.66154068,0.4334233640400875,0.45486233551738137,0.3288947443649898,0.2159185707772061,0.1854825722613581,0.16796152843382045,0.10072796953284073,0.10181988869269071,0.402829408619383,0.4160885718929432,0.4028896184247764,0.4034292282719543,0.25794239508945427,0.24010419917517217,0.28829932602314484,0.29250484112540726,0.2785068451767235,0.41746184300869876,0.46446173949852676,0.3687108653700677,0.5097309207359567,0.44594610136645163,0.5220596240508756,0.44479998081536953,0.3712495926125194,0.5326562229955658,0.2656157040098296,0.19526025811551262,0.17674463561037534,0.19082892628033743,0.42104958783657426,0.34682210608127567,0.2986215925803595,0.36775931597812767,0.4310887987117472,0.42846087839958397,0.40402200297587043,0.42170878487173413,0.1404736562830197,0.1507984736311594,0.13711176882593423,0.1847582368478876,0.15805063745604003,0.14094633239846863,0.1540395036306073,0.15745508780294137,1.0001475743328885,0.9999878949862749,0.5275678837485236,0.9934516900894131,0.9913660097422935,0.9924842373402365
1635.88523392,0.4352729096300115,0.4565467447981872,0.3300552670357866,0.2167772394854495,0.18550354947141998,0.16787713367370988,0.10073902863428734,0.10176905844044586,0.40384088483541186,0.41715263152541004,0.40374890866844704,0.40409235317493924,0.25803313694014696,0.24020442801729597,0.28852200769091974,0.2927246294308872,0.2823112599791886,0.42009790932989627,0.46731491417505067,0.3710472944589818,0.5115194429171994,0.4468202483157421,0.5242691191974068,0.4457236003142989,0.3719349652353029,0.5346616755223167,0.26659663652456306,0.19588158390801652,0.17747485010884842,0.191559554303174,0.4213580606185221,0.3471443722927198,0.29882541424595704,0.36810261442474457,0.4317601148401321,0.42884760308663444,0.4043876600696316,0.42224787842287265,0.1407563483228104,0.1510507621960562,0.13733974629486778,0.18499400267562652,0.15846798487422004,0.1412082758840741,0.15438126384457815,0.15790862071170886,1.0001144796876569,0.9999969494600154,0.5282420670946254,0.9933621801280866,0.9913464303455586,0.9924823619799263
1642.14159076,0.4370408849460971,0.45820521295694383,0.3312676202637646,0.21755241397889397,0.18552893628701758,0.16777869087880243,0.10072688291261639,0.10167474600469784,0.4048013602194527,0.41816121853883276,0.404624284609718,0.4048199436550915,0.2581987293271026,0.24031286504173371,0.2887253946057679,0.292971586650553,0.2857747884114327,0.4224083935786525,0.4700326635214051,0.37309470342251244,0.5130973569794423,0.4475927685451729,0.5262233020517051,0.4466180230480741,0.3725987989352875,0.5363972118973028,0.2674015321505547,0.19644104915182492,0.17814833338272323,0.19224328443708144,0.42166603378517853,0.3474067701315426,0.2990883946305032,0.3683314135756656,0.4323271534005091,0.42929283354633024,0.4047745943754749,0.42267734544704544,0.1409771895878934,0.15124196901896028,0.1375508513796654,0.18523006023341668,0.1589137152788122,0.14142138523124756,0.15473505175381064,0.15829108597919297,1.0001183665393878,1.0000858630858735,0.5290448439627863,0.993249631891419,0.9912536012599205,0.9923151582758505
1648.57498892,0.4388338134668462,0.4599187312396543,0.3325074106860268,0.21829734118708738,0.18552615106410356,0.1676904255578284,0.10067317652662593,0.1016654549179131,0.40580261176438664,0.41916245042639283,0.40563840896037506,0.405759183813715,0.2584970341185758,0.24046981923761337,0.2889782693284596,0.29329907152584117,0.28866997800324395,0.4243489681151532,0.47233035643088067,0.37475952308126176,0.5145822092009166,0.4483151094128806,0.528073787260815,0.4473746854051053,0.37315344858363403,0.5379134262048785,0.26822599166360694,0.19697666394932825,0.1788648557923189,0.1929587331810268,0.422088117986674,0.34766461884080346,0.29949571041149614,0.3685488615179603,0.4329612870142358,0.42983915632132486,0.4052583677766675,0.42317234966270667,0.14114828052612416,0.15149067760300397,0.1377727732095877,0.18554862941651892,0.1593788951891566,0.1416588259564835,0.15513994200064882,0.158631982750843,1.0001659853806768,1.0001143951876514,0.5299479309537699,0.993371660507087,0.9912450194176693,0.9922038490429259
1655.33520858,0.44084709417494766,0.4616714256710057,0.3338027382651249,0.21909680264113882,0.18554412875270518,0.1676151625507115,0.10060445191057722,0.10166962684119563,0.406772122539825,0.42013136299100373,0.406628754072058,0.4068332146866688,0.2588045422926675,0.24061654194074292,0.28923300368175076,0.2936772389267477,0.2907923202017588,0.42577741129527674,0.4740106995340104,0.3759449647707705,0.5161487947934124,0.44896560935391394,0.5296387347226879,0.4480729646552278,0.3735609193404272,0.5393974558500274,0.2691431847553034,0.19753123826011018,0.17959434644745373,0.19368245344421914,0.4226338086621179,0.3479698370204874,0.2998519956922574,0.36881705856950464,0.4335640409179347,0.430506653978037,0.40583931678564733,0.42369012107230447,0.14127886696339212,0.15176122503918896,0.13794921532913162,0.18590220153591197,0.15984141461311377,0.14198145488565628,0.15555784347930382,0.1589721298999463,1.0001662668831006,1.000085302225756,0.5306955658987538,0.9937763555468576,0.9914478307227369,0.9923496975627332
1662.47344048,0.4428837091106349,0.46328562380523497,0.33492446334953563,0.21991405895257202,0.18554263975294105,0.1675070345994662,0.10047955182023136,0.10158688905226397,0.40762084926167397,0.421088779287282,0.40748112265421726,0.4078459121104807,0.25898134629961356,0.240658382142308,0.2894211302819437,0.29400203830784344,0.2918297372830015,0.4261063926086001,0.47462372035593453,0.3763835583921711,0.5175645896799809,0.4494819463401644,0.5307951899619956,0.44876058770683275,0.37380472459440184,0.5405672325470445,0.26999364428906153,0.19801373282997833,0.18020324411467023,0.19430854020495783,0.42304297574514144,0.3482240412780562,0.3001159212754006,0.3690960558621752,0.43415689348029074,0.43113962297859454,0.40627274884622394,0.4240587535780896,0.14138891722681274,0.1519077039905404,0.13801240513963403,0.1862446070953019,0.1602245191934281,0.14235818167259154,0.15592893288543924,0.15927917153608984,1.0001602373248726,1.0000296692359671,0.5312746238860828,0.9939432239950216,0.9915643734600014,0.9924311093127414
1670.05561049,0.44464247027976045,0.46464109785631813,0.33579892307424103,0.2207246167163401,0.18541513754177216,0.16732419070714924,0.10029328064578595,0.10145924904069697,0.4083364840409969,0.42195065116591957,0.40817572571166977,0.40871304858942037,0.25898528405420934,0.24059031143391058,0.2895948143812983,0.29427808635035096,0.29124010062967715,0.4250557075347736,0.4738586794704396,0.3756535411974512,0.5185318622083425,0.4498253370477249,0.5314001714523718,0.4492877497378917,0.3738112423776928,0.5411751838850458,0.2707634040049959,0.1983923794093391,0.18075531262062913,0.19487657794063803,0.42309605983100024,0.3483744287316336,0.30025075624954184,0.36920775468918854,0.4346581886766911,0.4315265120263058,0.40639923885628587,0.42431492364995516,0.14140593288398343,0.1518889810129371,0.13795382995183925,0.18644998307765498,0.16054766388701466,0.14270423462462678,0.15626799627288868,0.1595793401450074,1.0001638717824926,0.9999912296777574,0.5317248099372442,0.993842620212585,0.99144862499417,0.9924297047788613
1678.16902352,0.4466169921780524,0.4662148740651575,0.3369120032625393,0.22171910230708755,0.1853504196398732,0.16720460931225717,0.10017167681910785,0.10135349964531522,0.40929081151202956,0.42299511782411064,0.4091464856975788,0.4097751235983607,0.259086478620731,0.2407156438325923,0.2898843328279411,0.2947158536953158,0.28901711142503117,0.4229890604592075,0.4720933924136622,0.37384862232029614,0.5195035957696568,0.45033237677373716,0.5317805865491532,0.4498060370205701,0.373921219818011,0.5416593058036405,0.27160253519100486,0.19899893743728228,0.1815142217064782,0.1956524967851754,0.42329489503650536,0.3485759351381252,0.30042571483722813,0.3694206751371275,0.43533219931698225,0.4320264281399085,0.40671950611436525,0.4247764699100207,0.14143119550826352,0.15187732047828015,0.137961532450223,0.1866059269500759,0.16108239653104578,0.14314819631269066,0.156751417374522,0.1599852161007244,1.0001749930245214,1.0000008018628492,0.5324120374373992,0.9937805305224787,0.9914701741696833,0.9926460981284414
1686.55255666,0.44875004321493445,0.46767055098477167,0.3380870182649378,0.22271660290150722,0.18528325763196388,0.16707166783593977,0.10011556082192011,0.10130938197122803,0.41027352435572634,0.4240973373448762,0.41023418428882463,0.4109204480936298,0.2592437129640059,0.24103013835024426,0.29021033053537704,0.29517660876720264,0.28447834973182057,0.4193756444760996,0.46872946816416117,0.3704286361039903,0.5202501512568367,0.4508572151277759,0.5316394393144823,0.4501100485653487,0.3741363713290478,0.5416168929147235,0.2723998759622069,0.1997231056717034,0.18229987366145278,0.19638189504991047,0.42371471583188747,0.34871895164230793,0.30068679689023814,0.36966375235501026,0.4360659707031091,0.4326275704223342,0.4071406274855792,0.42532310759890035,0.141380460178944,0.15179543654841116,0.1378702565164788,0.18673669392513342,0.1616325259076315,0.14363179904401902,0.1572556922281815,0.1604262070667175,1.0001524533718789,1.000004461276107,0.5332631619306025,0.9936831877910457,0.9916286820587475,0.99287746323144
1694.9652068,0.4506863313156753,0.4686656162536294,0.3391459539796677,0.2235859299637718,0.18502819369658677,0.16685388532823264,0.10004680227961979,0.10130551247502387,0.41112194874312924,0.425045294424407,0.4113253765172544,0.41190344991252015,0.2594320510474025,0.24138700659374407,0.2904278554551121,0.29553585663126203,0.2770226089047783,0.4136990979361792,0.4628686264103045,0.3649495991086519,0.5203908556260991,0.4512182862552777,0.530313166810823,0.4500428682028065,0.3743243545720064,0.5404735897750461,0.2731078070977692,0.20026293815118912,0.18292586531068789,0.19695565275473595,0.4240403842110533,0.34880128948813904,0.30085240244273104,0.3698534770010587,0.43663204961001967,0.43319290618249573,0.40745787297725633,0.4257780170819824,0.141240816308365,0.15161448239597947,0.1376292479527548,0.1867439650557017,0.162122246454821,0.1440290201741392,0.15767862401710817,0.16083520918939204,1.0001676750885236,0.9999964719724022,0.5341325077114012,0.9934357766165254,0.9916962280516145,0.9928933063563086
1703.40698655,0.452560920814416,0.4695021069744946,0.34028229953020517,0.22433891820222476,0.1847681147709543,0.16660041794910802,0.09994673478040987,0.10128581723693328,0.411904539588038,0.42588128344852877,0.4124936247286171,0.41287705466120306,0.2597055641041073,0.2416642145094981,0.2906159261893869,0.29593815185443423,0.26693643039945425,0.40618467338955894,0.454550608754369,0.3576310019900964,0.5197418302394733,0.45133384381761577,0.5273386886300707,0.44951029741274684,0.374274684907278,0.5381802200110148,0.2738075314344543,0.20066876562788913,0.18340627001016038,0.19737235340138193,0.42421113575177666,0.3488358121802109,0.30089909557644173,0.3699906321685386,0.43721732972756605,0.4337179186723564,0.4078430851521495,0.4260694283052217,0.1411011235310349,0.15145894518970499,0.13738404806364052,0.1867699451173709,0.1626854142591235,0.144426653321868,0.15810036875627007,0.16119747113863725,1.0001542789473492,0.9999865271964653,0.5350600215160694,0.9934728645684594,0.9918708240887181,0.9929179417616003
1711.87790799,0.454247603864973,0.47014956596195995,0.341263325498603,0.22508271803419888,0.18445286895962154,0.16630028912889483,0.09980306544608544,0.10113301441169818,0.4125602812436981,0.42655803739852904,0.413483874795743,0.41383650314175435,0.2599366723506067,0.2417544382820284,0.2907902022850818,0.29632036352342267,0.2551575612077119,0.397113219748946,0.4440952481175519,0.3488981327871609,0.5181045545659834,0.450989612344582,0.5226300252674198,0.4482176090903997,0.3738972100139481,0.5343960954524968,0.27441667249327456,0.20097431715246317,0.18377474719665104,0.1976171678393173,0.4241562739286958,0.34870352393200416,0.30085521107533203,0.3698996062547301,0.43763430032911477,0.4340996120576698,0.4080869116283136,0.4262028494981197,0.14106538203768962,0.15135514384346563,0.13720069977346228,0.18677405105782802,0.16318573778243595,0.1448846751285306,0.15851483048483597,0.16145888654665064,1.0001126082513472,0.9999950588239033,0.5359230459808577,0.9936400449272049,0.9918070261709057,0.9928556112714584
1720.37798277,0.45569761422067,0.4705056492485659,0.34202784699166533,0.22570802291466327,0.1840845451204586,0.1659876935776459,0.09961175573762995,0.10091270553490028,0.41319442532599204,0.42717774983176293,0.41425913258180824,0.4146726639562485,0.26014454694263883,0.24165892571388708,0.2908694651443779,0.2965850034958024,0.2431858241762491,0.3873004458418818,0.4327199935133852,0.3395328088173602,0.5155906931844625,0.44983066379559933,0.5164840939019485,0.44609549215374616,0.37315247172502397,0.5291023565207836,0.27483764980739095,0.2010968155350247,0.18400975394572508,0.19775402369581707,0.4239104880869007,0.3483961174158036,0.3006345364203585,0.36950719575277774,0.4377649175849475,0.4344907504915162,0.4081239236997239,0.42629273657940286,0.14115713712171366,0.15129024049885756,0.13717917870758103,0.18679756631886607,0.1635889260104902,0.1452765506290905,0.15878059149224275,0.16167139377305612,1.0000854258701726,1.0000143213223527,0.5366008576876138,0.9936906561058115,0.9914785363809557,0.9927161410683888
1728.90722205,0.45700315331457964,0.47062785852001116,0.3426376232483746,0.2261456359956139,0.18367747570065335,0.16564509011026157,0.0993719301659842,0.10067124069224853,0.4138002817460361,0.42763780699970044,0.4147783621927182,0.41536461080561454,0.26029588023613665,0.2414464532442251,0.2908837246180876,0.29660271589030573,0.2326628716358119,0.3781442683261081,0.4217805019973432,0.33071545225989407,0.5125243944006176,0.448134340836552,0.5094950954255768,0.443572396874608,0.3721442395482935,0.5229395276377524,0.27497843480953893,0.20102886933242792,0.18410290240053023,0.19780826456766737,0.423536051223383,0.34798499277817685,0.3002414188178701,0.3688684855243053,0.43790331469170796,0.43474727144352576,0.40807555443016064,0.4263236807601749,0.14138760337889897,0.15144205416505496,0.13738312437069314,0.1869272350899503,0.16397206463185965,0.14557110794388298,0.15893910607386297,0.16189546615577455,1.000090225661601,1.0000405343981094,0.5371197907883076,0.9937718751218808,0.9913323191494884,0.9926724838068289
1737.46563653,0.45809379808037487,0.4705084057647124,0.34296772198699427,0.22634908961260672,0.18315458765045747,0.16522550580864281,0.09911422866236329,0.1004071299175971,0.4142242399586763,0.427762197330497,0.41512366511228743,0.41587730589210137,0.26020341282309684,0.24121361954599965,0.2907870438286485,0.29645443361424406,0.22468824585363587,0.3707496182231728,0.41269657159557477,0.32370206916504546,0.509610836328715,0.44647452650264025,0.5030793077161954,0.44110564611356273,0.37113333089021006,0.5171376417222772,0.2748852327456565,0.20081424989675936,0.18401764670244364,0.19776473549746282,0.4228550286485291,0.347469687461559,0.2996389974981733,0.36813999128821173,0.4380923433184541,0.4347054296314276,0.40801144404626677,0.4260955890627645,0.14166847460101098,0.1517998825967235,0.13775662330028512,0.18725596141607098,0.16428680806965498,0.14579742415812352,0.1590362239294206,0.16209519211776285,1.0000910796491334,1.000063762331547,0.5375314065231113,0.9937122612436277,0.991278769254197,0.992552634314713
1746.04891596,0.4589671457093983,0.47018989320212135,0.34311456921332945,0.2265598228803244,0.1825911649100047,0.16481014816181672,0.09887841730376563,0.10017786707091128,0.414585064883772,0.4279694451573591,0.41543597663635184,0.416224786923181,0.2599537639128134,0.24109088678794494,0.2907483911037525,0.2963711810964623,0.22009644288699778,0.36612780102666354,0.40702496364135177,0.3194510710470838,0.5079046381866993,0.4454621619174691,0.49905209295692754,0.43935314188293345,0.37050952366765977,0.5133556501346811,0.27469549142578115,0.20046915039096552,0.18384879694003672,0.19764371398671013,0.42201888679398036,0.3468968005896129,0.29895575131246815,0.36738239140918005,0.43814805734245094,0.43466099135440983,0.4079501180398133,0.42572858379175194,0.14185537566546644,0.1521528554345146,0.13811353364971232,0.18768197956758592,0.16450795025936257,0.14602920582666315,0.15915277155120022,0.16225750022295804,1.0000396059663623,1.0000935997288565,0.5380671585502665,0.9936977521560212,0.9913155322642946,0.9925769311119519
1754.65358123,0.45962519708057303,0.46974504771441206,0.34329157229167323,0.22681253102813057,0.18193157893949427,0.1643862315576942,0.0986748409336704,0.10000432044377101,0.41496890604087144,0.4282748264535531,0.41573470745846813,0.41659669151212564,0.2598267499405355,0.24104265683946835,0.29080599068019036,0.29640610477474005,0.21867221358453,0.36442136781825485,0.4051215594691189,0.3179266883050741,0.5078689712994665,0.4453806015947381,0.49824390989357964,0.43883349172628594,0.37048641408509697,0.5125172441512577,0.2743904866729882,0.20004041904362072,0.18359348339644357,0.19741217602841568,0.4211320087270841,0.3461898602584105,0.29830128360992214,0.3664593813416887,0.4379768828824876,0.43468181515782284,0.40766954801695,0.42543663142081384,0.14203058862693496,0.15242389864848813,0.13832255666022727,0.18799708733947898,0.16471726649710783,0.14623899661611522,0.15927912942801115,0.1623632497209313,0.9999665395844478,1.0001064188994766,0.5386390231519952,0.9937288369391254,0.9913751820249888,0.9926917459993914
1763.27958128,0.46015614991540305,0.4692263656019636,0.3435019840324636,0.22703819073549755,0.1812506498605835,0.16392909013766926,0.09851909729624511,0.09984322792439188,0.41533973680303066,0.4286179814418252,0.4160340368884951,0.41696149786407766,0.2598829664255895,0.24113379571009425,0.29103160265687944,0.29655392832722866,0.21925072514525132,0.36459607766241037,0.40579534035935294,0.3181831477436059,0.508795881197577,0.4458333275368251,0.49940715165253596,0.4393296815285469,0.3709497993056027,0.5135986261237608,0.2739631501308736,0.1996043110664676,0.1832216384624693,0.19710604619219335,0.42026361148248814,0.3453747885311919,0.29765152689874547,0.3655714970792371,0.43777167431820246,0.43476005214185964,0.4072969642606181,0.42526739050634393,0.1423284593349444,0.15273175091119906,0.13860324578930067,0.18823244256588761,0.16495331908676686,0.1463695995457511,0.15937813109556717,0.16247240727258036,0.9999410787933022,1.000055942857045,0.5391801302681755,0.9937788835872234,0.9913837187623662,0.9927867980453977
1771.92686491,0.4605182189705246,0.4686206884172322,0.3436522576605477,0.22712075040845286,0.18060014148611392,0.16338255865512058,0.09835525083914505,0.09965907298657499,0.41566923215081464,0.4289463920785091,0.4163752690800765,0.41728377332816874,0.2600040824026494,0.24126046739174406,0.2912008826989694,0.2967609732974302,0.22070747053461534,0.36543941328408763,0.40736475741687267,0.3191878806951499,0.5098775601351482,0.4463129500165222,0.5011120754141181,0.4401433244646574,0.37143890173425825,0.5150960262329848,0.2734748280315014,0.19921212613649847,0.18281258505597092,0.1966431472672109,0.4193862530118506,0.3444976153328199,0.2969084595582138,0.36467437400644953,0.4376591288608315,0.43473522857513885,0.407142292339078,0.4250445485739647,0.14267760140182856,0.15309528934773184,0.1390028596856566,0.18846791678184788,0.1651395209767199,0.14652446930564164,0.1594443668776966,0.1625666046079871,0.9999442665795368,1.0000302263052043,0.5396717177332315,0.9936153288171664,0.991229604106818,0.992682174550287
1780.59538078,0.4609028989714002,0.4680811554847561,0.3439120526491476,0.22707749273115532,0.18004181624802348,0.16286177901810775,0.09813170732233832,0.0994145271833301,0.4161453294370178,0.42958399236904643,0.416997383024621,0.4178370613884499,0.2601567836552003,0.24144960915068642,0.29134651889065744,0.297075086835045,0.2230417164372731,0.3669028086462568,0.4097091361630813,0.3208070668448298,0.5113703301547018,0.4471611387787191,0.5037142692983785,0.44127556492126724,0.37188501518689043,0.5173216127020808,0.27319307784491337,0.19888826937433998,0.18253356158643533,0.1962827156343584,0.4186267055384408,0.3436646688090709,0.2962318357887766,0.3639167758571061,0.4377763773252285,0.4347172150305226,0.40736517889542284,0.425073389046266,0.14313490484529917,0.153619253068489,0.13945023996821818,0.1887641685002869,0.16533536980816405,0.14675713511970637,0.15949494191150113,0.16268860571686367,0.9999595980101874,1.000011328290385,0.5402346423059031,0.9934549758495194,0.991126896339864,0.9925245939731101
1789.28507741,0.4614058589002471,0.4677144633502646,0.34437531631360385,0.22708141549339336,0.17953664625387358,0.16230550995016937,0.09783321892187609,0.0990664057392635,0.41690643956417395,0.4303697154924676,0.4177734257843949,0.4185918405729998,0.2603236662037046,0.24164713061883814,0.2915968556148359,0.2974104113187512,0.22627911146705448,0.3691496515820666,0.4129941890742363,0.3230691064135293,0.513356789950667,0.4482771625095568,0.5073100199286299,0.4428222647405377,0.3724618950298014,0.5204771085936938,0.27299666707283626,0.19856443367807233,0.18238415760273188,0.19606054718342125,0.4178193670146267,0.34280164631827525,0.2956963124639641,0.3632822287682062,0.43788465675140503,0.4348229476763827,0.40759058860150793,0.4252486170195731,0.14358998753634294,0.15414211774477077,0.139874421197064,0.1891047656975842,0.16554849214702944,0.14703142122985768,0.15964498398090904,0.1627813943132962,1.0000564226236954,0.9999836177371371,0.5409613554293824,0.9933840637838379,0.9909975712716823,0.9923246839567911
1797.9959032,0.4620212174793971,0.4675326597087851,0.3448359985089242,0.22726917576750644,0.1790197872090238,0.1617152446824756,0.0975791282386228,0.098790020242555,0.4178217221712077,0.4312747672813844,0.4186301741418266,0.41925547977732097,0.26049235580575764,0.24187242460624467,0.2918309073207571,0.29782405669064893,0.2297857963114867,0.3718664634005539,0.41657577211161023,0.32549395203414455,0.5154965038949139,0.4493732362332547,0.5108525390079963,0.44449389976953035,0.37316480462162116,0.5237346257311288,0.27293768789929257,0.19825287961399868,0.18231818936116437,0.196045896379705,0.41704626898043345,0.341977237388593,0.29528121311654965,0.36275511584968967,0.4378773356610298,0.4350694297181905,0.4078305695033592,0.42532490402844836,0.1438849317751004,0.15453617035384692,0.14026545647375763,0.18954211648377725,0.16580719137519306,0.14726243956120663,0.15989287768444085,0.1629047894670676,1.0001256109629586,1.000011556027977,0.5418114284931363,0.9932826100348402,0.9910213514640414,0.9921004833028488
1806.7210252,0.4627603055753286,0.4674424674838522,0.3452694296905947,0.2274734186092355,0.1784535003243789,0.16118516343874087,0.09737228720794831,0.0986028729348285,0.41872907847918595,0.43218857573509745,0.41960467365766335,0.41988086689506854,0.26075653554920414,0.24214627015567838,0.29216660321195337,0.2982791463259978,0.23257204124422504,0.37420207098927616,0.4195234102332017,0.3274053376887195,0.5171873290209136,0.45034434347976715,0.5134538798133338,0.445757287954012,0.3739409204924347,0.5261781734415373,0.27304040836221016,0.1980767301434285,0.18232519128397615,0.19615435653529426,0.41637327838542987,0.34133137776329603,0.2949822584396726,0.3623342972439383,0.43799933582612083,0.43539204696976264,0.4080989203780732,0.42533633608272065,0.14408138475865256,0.15482893205532638,0.1406355599749769,0.18998170702978007,0.1660765457976412,0.14745600741828602,0.16019621339318305,0.16309527077424735,1.0000985793759827,1.0000434170228234,0.5426104284360893,0.9930510029862941,0.9910146254836092,0.9920086869907413
1815.45600983,0.4635257952535965,0.4671949548170042,0.345636694762689,0.22759605907506622,0.177811308627161,0.16068552075214868,0.09715932387256805,0.09845277800006465,0.4194312810222932,0.4329081233755959,0.4203942432443215,0.420459954699201,0.26113025544528407,0.242459267367261,0.29262402328897613,0.29871299040092325,0.23419576156817234,0.37554204707354144,0.4213235540553345,0.328438817862882,0.5181862632611183,0.4509074967606581,0.5149919946274358,0.4465341817145686,0.3747388713362933,0.5275678744705726,0.27314558360237606,0.19795448835178164,0.18228219896946846,0.19615523741421004,0.4156216791026265,0.3406854073875265,0.29462753509829626,0.3617481722988588,0.4383073567130269,0.4357270804556289,0.4081737053709202,0.42538949615873584,0.14431049573060634,0.15507133384675298,0.14092887478286703,0.19033363023479657,0.16622912538236448,0.14773591814688794,0.1603880767532503,0.16327083740756307,1.0000219020638823,1.0000948881721756,0.5433515907120654,0.9929946927332166,0.9908727148354426,0.9921135810590714
1824.20079533,0.46394219840864437,0.46637088125067244,0.34567547850874114,0.22742021491412348,0.17711471448890537,0.16016786734497143,0.09690179853489149,0.09834101598992215,0.41986784803207033,0.43330433467612883,0.42084268279030085,0.4208996990138849,0.2613595184277154,0.24260713847620877,0.2928816678746248,0.2991639406058938,0.23441489679953645,0.3756445478784776,0.42164164273692833,0.32830284856677655,0.5182039650687145,0.4510235536259221,0.5151042973251198,0.4467918559217135,0.37516990579709175,0.5277145857942812,0.27296669595164497,0.19758170474651754,0.18189607092529683,0.19581471854802324,0.41466340259598,0.33978344551633405,0.29408174826303324,0.3607710656080513,0.4386546087346733,0.4360435144276825,0.4081111622374018,0.42539741581940294,0.14450254738274274,0.1552138917612141,0.141067804287146,0.19047575500942154,0.16630808400333694,0.14792876434137572,0.16038165405360005,0.1633587785540369,1.000010875853434,1.0001230736200357,0.5440164304998711,0.9931105320074439,0.9908252972192446,0.9921885573207581
1832.95532041,0.46359668167770085,0.4645798022643352,0.34535566269389073,0.22684699523647447,0.17642784680569462,0.1596333651240716,0.09666519650287443,0.09814247339426678,0.4200925621035485,0.43352301420770656,0.4209579248638967,0.42101648845976186,0.261472782693416,0.24261150892366,0.2930495861084289,0.299735785326667,0.23304831379645569,0.37415992191528524,0.4201578792546427,0.32661540371310355,0.5170739708318851,0.4507783604370247,0.5134329037240551,0.44636253514678653,0.37509779676471094,0.5263361319136347,0.27220386436273175,0.19686529963212004,0.18091679581970638,0.1950739600536338,0.413182080336099,0.33825200850121406,0.2931533898177699,0.35932668440385246,0.4388314101168074,0.4359738193693753,0.4078886371425762,0.42515804490209597,0.14459319578503269,0.1552523969351445,0.14109524801770637,0.1905704029221233,0.16631118041525517,0.14795608178372802,0.1602459921462123,0.16324089928061952,1.0000414197767395,1.0001155225902445,0.5448154394846475,0.9931273763671069,0.9907305813255519,0.9920379903604969
1841.71952428,0.4621872566635675,0.4615514089750008,0.34422100870595546,0.22560943056402424,0.17566153938183457,0.1589515827536474,0.09642255207088225,0.09784881127472386,0.4201676658783191,0.43349006640492344,0.42082372097696996,0.42086070356836597,0.26142288378291934,0.24263536004352812,0.2930879778096801,0.3001618071272006,0.22976661198120843,0.37080303904189593,0.4163656095838445,0.3230031709609025,0.5145667641250115,0.4500253063927293,0.5097349986151138,0.4449036898934848,0.3743440175824962,0.523098842321524,0.2705399489000117,0.19561916594561213,0.17926995144735927,0.19385105514697365,0.4107733927558307,0.335935455198572,0.2915203440807415,0.3570741165985887,0.43880295738412356,0.4354789769584305,0.4073384193180866,0.424615423343597,0.1445158348887324,0.15518759982767036,0.14095994489328462,0.190645401908225,0.16606984880193532,0.14779014963590972,0.15997359465382616,0.16289169562339334,1.0001241802201852,1.0000518380151822,0.5456271688058971,0.9931202583525762,0.9906421160512876,0.9919463294608404
1850.49334662,0.4591280554701903,0.4564182643535912,0.3421873864116418,0.22350161132477572,0.1747967230390569,0.15832065146307928,0.09616669208218702,0.09749073866015082,0.41994370765312644,0.43308085594538964,0.42037265015309117,0.42058596753473293,0.26126049960526215,0.24266222361472362,0.2928624555392215,0.3004699642653185,0.22437592999556327,0.3651328432226133,0.40976135073335523,0.31722208404635494,0.5100173662287314,0.44853455978607515,0.5033160073514319,0.44212073032233484,0.37289558272202544,0.5172448837292446,0.26776804273659804,0.19359273048321246,0.1767107115234522,0.1919166806704118,0.4068356599682734,0.332546781611283,0.2890784591157477,0.3536001966550166,0.43834630786143625,0.43487317818449706,0.4065735602012372,0.42394189160361967,0.14438250060395513,0.15497831940085488,0.14074710237255908,0.19072594804462414,0.1656821471879928,0.14751511158861483,0.1594178327313706,0.16235957798463094,1.0002534012275213,0.9999668973807271,0.546355791114455,0.9932585709150337,0.9907344004206464,0.9919580932672313
1859.27672761,0.4535090533850253,0.44803334545393086,0.3386924851362176,0.21995193738625693,0.173841220038983,0.15786472974238308,0.09587550053492185,0.09706073698203206,0.41895336051891985,0.4320025039496758,0.4192469484547259,0.41962955820080455,0.2608246761979978,0.24233103752206697,0.2923326244269463,0.3007038788170378,0.2171316165357116,0.3571513231155063,0.39992906065554445,0.3087995932382045,0.5028038344785262,0.44571042099277236,0.4929944475926224,0.43766583199376896,0.37051711564469636,0.50760495795673,0.26321354733778957,0.19018498564025496,0.17257637514325588,0.1886851421376813,0.40028393888428687,0.32711012394096284,0.2850515699795219,0.34789078512301447,0.4372674179690258,0.43384146201099727,0.4054754215272125,0.4228118584916597,0.14402752379880424,0.1545088275536179,0.14025388396941024,0.19059764352421843,0.1650399153928984,0.1471221703250273,0.15852184983641138,0.16153588339876065,1.0003349538399284,0.9999520578147587,0.5470605680797026,0.993481421902138,0.9909893788862563,0.9921858766942819
1868.06353858,0.44429713121373077,0.435593852289142,0.33296290981886184,0.21434076021092727,0.17274599274886263,0.1575318196085761,0.09556988574449458,0.09662869943887818,0.41711158138852705,0.4300694859772256,0.417100863621695,0.41773864333855193,0.2596196204478542,0.24149624603664885,0.2912567602176978,0.3008318468856429,0.20910621480364305,0.34736837511891155,0.38783396556388366,0.2971482121091757,0.4921475554949442,0.44088950944792954,0.4775797762412214,0.431162439932825,0.36670909290227305,0.4937683077753645,0.2557845920299952,0.1848486381438469,0.16598702377468413,0.18369992667762372,0.3898979661586541,0.3180911119952764,0.2784221374934711,0.3385502732825291,0.4356746192230058,0.432203020411768,0.40377006991457676,0.42088219172868807,0.1432103841894263,0.15349221057642837,0.13912364529764196,0.1900286209429767,0.16394388036379465,0.14659392358173617,0.1571760630035645,0.16009711211410904,1.0002303188704567,0.9999425773660308,0.5477591999188435,0.9940902181930149,0.9916901136385893,0.9927870962622617
1876.84916726,0.43032598763941715,0.4185526626370658,0.32417730615633267,0.20580668807499836,0.17119213049693247,0.15705954066955913,0.094948826823337,0.09610944962561792,0.4141908289528872,0.4267331632226065,0.41369828620994803,0.4147697770956112,0.25687888350216587,0.23957982177044682,0.2890731478457076,0.30061215086826765,0.20057278933875702,0.33545735446462976,0.37525524366227364,0.2792688875340485,0.47690430972913234,0.43306727406577494,0.45522623107552196,0.4216719626229942,0.3606374823343046,0.47453649482242666,0.2439066425804927,0.17726441831864878,0.15565137640461624,0.1763266725261177,0.3735857787788638,0.3037035075740522,0.2674618326741025,0.3238395069267615,0.43361194716490303,0.42958098061939565,0.40070957025961673,0.4172327042600363,0.14142803453158406,0.15123204036082016,0.13681457740704586,0.18838071072689677,0.16191922900447134,0.14591457925869905,0.15485315558809806,0.15745794732849208,1.0001734161203322,0.9999329321405753,0.5486998124505837,0.9949534628007379,0.9926605235366126,0.9935789776190073
1885.63362519,0.4116147522066115,0.3973019250791543,0.3130264631187895,0.19354831020986316,0.16841256184486472,0.1565303570750282,0.09371500875580542,0.09511002531412305,0.4105377362187495,0.4219147501927655,0.4090106538858674,0.4111887106948613,0.2507440926700671,0.23562678941797865,0.28483618674261896,0.299887641562246,0.19113021059879604,0.31992412318451297,0.36324505256136563,0.25093235223936444,0.45697540076344256,0.4216961865570523,0.4243634994100488,0.4093318546408865,0.35156698810615855,0.4493676074734852,0.22620086978472229,0.16684423797088774,0.14004299105943044,0.16644190668643125,0.34896693895378794,0.2821138336260352,0.25155779314426613,0.3023779504828538,0.4312339175819135,0.42564644909410165,0.3953598725967665,0.4106681200314239,0.13829080716894387,0.14695947635440293,0.13272862014513176,0.18494368233292433,0.15856060418151424,0.14531934560684115,0.1509065689229605,0.15307671861612476,1.0001198836260383,0.9999960659237614,0.5504883497668345,0.9961663820963995,0.9942286893538703,0.9946748511137333
1894.41692373,0.3893282328252164,0.3723245027263725,0.29875667384034027,0.17943108698927696,0.16565190361552778,0.1560228784642746,0.09268368677618799,0.09426319396583567,0.4046161233527037,0.4149702048666016,0.4020013066666743,0.4055373877130394,0.2442987625377697,0.2315709169740755,0.28019528075145794,0.29821011489992494,0.18227269959196843,0.30382838641722004,0.349102060906886,0.22442536404444485,0.43419793965521947,0.4080787525620712,0.39136279653259054,0.39491656129479397,0.34028909399925167,0.4219477481584904,0.20609895750140758,0.15413645136239912,0.12349079406892155,0.15467683121352147,0.32314679301377286,0.2587316462149746,0.2342942006926565,0.2798074245617187,0.42665530414488745,0.4197449531106408,0.388335292541101,0.40191619280271035,0.13436011789250343,0.14177368015129763,0.12781508378982626,0.1806469560217091,0.15417432160926542,0.14329687233015598,0.1455166709610426,0.14764756439151897,0.9995050213796756,0.9999648744470646,0.5524832333776131,0.9973264217797939,0.9961086042728254,0.9958447729156311
1903.19907409,0.36921960682787647,0.34889319227041904,0.2835363696636361,0.16713353663288422,0.16364166764306937,0.15522546254822656,0.09200940269857757,0.09327573313241094,0.3975004866310122,0.40695668009694447,0.3944244150972276,0.39796813172629075,0.2405341025322346,0.22823352914806583,0.27585961439721113,0.2952975348991215,0.1752586671890267,0.29065662388135083,0.3318237878920964,0.20881269476697661,0.41269848234261575,0.39407508756199877,0.36372071517495086,0.3810557231046561,0.3291048530560484,0.39679835626747406,0.19037561016004606,0.14294422879564517,0.11159482537079349,0.14371267875282284,0.3048405786865915,0.2416436227364521,0.22074420654951513,0.26353231073239053,0.4194398109305411,0.4124125327591743,0.3808816775226825,0.39349224853552267,0.13080531635963163,0.1382206074508738,0.12416040281646247,0.1772773458218302,0.15045825575235466,0.14088317091842067,0.14114908305701226,0.1433058419896873,0.9995187976656763,1.0000167712184145,0.5535270098114583,0.9981943785917974,0.9965392512148276,0.9966209017194791
1911.98008732,0.3579304825272043,0.33450812615086023,0.27365757332614943,0.15910869868411232,0.1619808047199706,0.15459835844265857,0.09188339022110939,0.09258804087679569,0.39273065574728755,0.4016433646951746,0.3899274057436862,0.3925700736149586,0.23824009272583044,0.22548979050213422,0.2722236438660036,0.29257998591106066,0.16964261233191832,0.27949099965856916,0.31544676380820563,0.1988133451060315,0.39639508666543644,0.3817415231469038,0.34128057750849444,0.37001797707219347,0.320186923631085,0.37589067969689693,0.18224107120071614,0.13685948046344953,0.10588485937835844,0.1379783903642566,0.2960788311881712,0.2326326324270346,0.21452011801052592,0.2560889754294757,0.41329430940764494,0.40678448679787166,0.37506056743662924,0.3868652757774706,0.12939330543500424,0.13743900084995983,0.12301255786708425,0.17659872053041206,0.14950714702198697,0.14070409469558012,0.13989002271159018,0.1420858456772848,0.9997832279500277,0.9999772305363829,0.5541283547318687,0.9985118162853479,0.9962443160246882,0.99738332861093
1920.75997429,0.3553956049307335,0.3298427606565334,0.27063718065815423,0.1553710586715654,0.16083775113409027,0.15420221918251592,0.09206709409977874,0.09237052076801154,0.39158888181590845,0.40056040111812025,0.3889041774277672,0.391034652858984,0.23682253370330894,0.2233709395651553,0.26969603858155466,0.29060687109934014,0.16512374664938878,0.27032162657867437,0.30219981227979636,0.19160058469265906,0.383861057461529,0.37088005794134565,0.3223505874808021,0.3612089199291928,0.31278997524643704,0.35776584964717917,0.18192415549423083,0.13584561701497164,0.1060893261698196,0.13797569073898747,0.29485669504041145,0.23003169272198176,0.21440147782035804,0.25579624695784897,0.41057017861145223,0.40438690758643836,0.37249429202547385,0.3836138960177072,0.1300202709540488,0.13831393931164498,0.12345252375902825,0.17786126808167385,0.15046291946639312,0.14202753402950063,0.14093717991243498,0.14308676997201228,0.9997128768205338,1.0000130095985411,0.554781877177733,0.9985718668228306,0.9962968899691136,0.9976579823988859
1929.54914243,0.3582121385760495,0.3315141439202563,0.27206779533166414,0.15447094718169999,0.1599422133776218,0.15378454251852344,0.09235300991705357,0.09225831801179073,0.39294658319588605,0.4018889143857242,0.3900407536581583,0.39226999055425676,0.2359792328013131,0.2214192389266425,0.2677161665668364,0.2888664355493341,0.16140018704795348,0.2633476082771941,0.2919889244677649,0.18627021228293228,0.3731735896246333,0.36097370452417804,0.30636985300501834,0.35355770885303633,0.306506646598516,0.3418469344223579,0.18530711367420746,0.1372098092845384,0.10911386709241862,0.14046123108033673,0.2973730078770932,0.23052510346902996,0.21728450392038798,0.25902062788031166,0.4102636942308605,0.40458473562225344,0.3723080664732029,0.3831606533148646,0.1313450511022618,0.1397399409162414,0.12437264938179259,0.17930473185061074,0.15165714916653264,0.14358950363784412,0.14243113233185523,0.14467325604887968,0.999754151490002,1.00013434439879,0.5556070599599701,0.9987291025762367,0.9964936746765662,0.9975542489232148
1938.35679058,0.36316998971229764,0.3363930515710753,0.27577112844868884,0.15512405218092823,0.15915231906156832,0.15324594087383686,0.09267765105191687,0.09213692861036057,0.39511250871906073,0.40422541032233067,0.3923633962659854,0.394704843157632,0.23562842717781673,0.22026223872035874,0.26658847112268885,0.2878278359960544,0.15868160119918362,0.2585308982683965,0.28543507612987523,0.18258393127033443,0.3660891743415284,0.35434634386020547,0.29608006061005826,0.3487089168769227,0.3026057632417187,0.3313634844849304,0.18970584856782446,0.1392964814941373,0.11293479788359594,0.14322799823746551,0.30122599665387856,0.23221402754708798,0.22136760117312473,0.26324613642558925,0.4111020864268354,0.40606663702934526,0.37336077501523074,0.38396586334613253,0.13251094931715926,0.1411123012554456,0.12536693576505412,0.18052812008071373,0.15268807240368823,0.14497458001487748,0.1437847008496204,0.1459031112512422,0.9996894502081815,1.000033697937738,0.5563101761862682,0.9989423494168566,0.9968191836073795,0.9975970347567396
1947.18286652,0.36858621005896425,0.34226899705465536,0.2803807970571822,0.15639897115906526,0.15839143675354292,0.1527961644578985,0.09308090103943828,0.09192203987423961,0.3974691794783253,0.4069363051462568,0.3950566510463989,0.39729597112093357,0.23643730643256725,0.22097560463524335,0.26726334811081814,0.28808025972739754,0.15694934420580536,0.2559201098776083,0.28278292355991574,0.18041000833403134,0.3656013120876712,0.3539712763765364,0.29421301477412554,0.3484821825731605,0.30286836655329424,0.32961679306927544,0.19428525970244553,0.1414602249323364,0.11679121812177651,0.14605532890890147,0.3054879361669149,0.2344982276100489,0.22570582933470648,0.2674789277652691,0.4126738134253714,0.4080597053616944,0.3748433783212303,0.3853428107397124,0.13350373220919276,0.1422283528758144,0.1262210618829404,0.18159570957130997,0.15354567030972102,0.14615206642265624,0.1449065489958817,0.1468896071468762,0.9997349539215944,1.000095359593372,0.5572578063704856,0.9990671285303252,0.9970593920664512,0.9978236573055044
1956.02731804,0.3741094740061311,0.34850109024997494,0.28511950554595966,0.15796350620556965,0.15781338916402624,0.15236671158828577,0.09357984215236231,0.09181842909964233,0.3998361691134659,0.4098621071230447,0.39799814485418156,0.3997640235478139,0.23825131345717487,0.22347556251977532,0.2695317745767295,0.2896551853178059,0.15608533500357155,0.255512465861054,0.2835950291250809,0.17944339346085011,0.37137615123433754,0.36015926896992656,0.30065943290435676,0.353007725724187,0.307426122034505,0.3362769296232673,0.1988927641375697,0.1435042364761606,0.12061381408490333,0.14900427428621674,0.3097464829441047,0.2371483952851107,0.2302371956402245,0.27149832217805786,0.4148293340724815,0.4104961536951404,0.3766680427910759,0.38724739144134573,0.13435780303736322,0.14342550047696415,0.12713241341884887,0.182631044526112,0.15436851286180592,0.1472686973617382,0.14588243081291108,0.14787841199902135,0.9999500597675454,1.000268331130103,0.5583017258063121,0.9992282945902535,0.9972810368502265,0.9982836421513179
1964.89009294,0.3800853231458916,0.35497554477769466,0.29006583743148784,0.15986191823277146,0.157516165334178,0.1519879871286495,0.09416303503667972,0.09198631168396934,0.40245567663174997,0.41317022956579996,0.401314978734268,0.40250593614481717,0.24048976747210807,0.22641197949402667,0.2724200413544133,0.29188056509561583,0.15570143829753047,0.25672506269233675,0.28626472600420294,0.17914914034917614,0.37945115769776444,0.3686525345446879,0.3108644405177457,0.3593089971709478,0.31356660588264557,0.3462091199500257,0.20373682902046808,0.14567817647974443,0.12455233873673427,0.15203525136907722,0.31439022531013355,0.24032532988447522,0.23515043921064793,0.27566970157737747,0.41740417761608556,0.4133702641738829,0.3791916985421804,0.3895208568954061,0.13534232478733516,0.1446684766026124,0.12828741112860942,0.183694669059705,0.1552348526949816,0.1484810592457288,0.14699492912258136,0.14907840566096617,0.9999638860572722,1.0003615532045218,0.5595874762367521,0.999198308415044,0.9972977195372468,0.998472362313922
1973.77113898,0.3865803669744049,0.3617276645814934,0.2954533279338869,0.1619184144958372,0.157239810904769,0.15162677575808095,0.09464862824095426,0.09198904010407287,0.40533130227060216,0.41699602269871955,0.4048556935474618,0.40560778094074645,0.2427111772569036,0.22897942145223332,0.27523038209377715,0.2940809386040867,0.15532674463430643,0.258504914784056,0.28945879142507663,0.17948989664983775,0.387327030745283,0.3764244235770452,0.32087409234223413,0.365362143826045,0.31916814802423965,0.3557564076108668,0.20902311916182018,0.14819263228098578,0.12861298599912652,0.15508860350447495,0.31926087323959257,0.24414326149139545,0.24029164000957923,0.27998909050727727,0.4201866907572976,0.41663140519330366,0.382150746414586,0.39212811291244104,0.13637581228915133,0.14598718964368262,0.1296293891277048,0.18482676555106536,0.15608562744050106,0.14980472187316068,0.14808128125765532,0.1502540824226537,0.9999666112631074,1.0002665256843792,0.5610392615995761,0.9990506467445656,0.9972492623602826,0.998316110936409
1982.67040395,0.3936895786477725,0.36899230440091035,0.30128734667324814,0.16414867979880374,0.15698114252029916,0.15130603831916412,0.09504327720371966,0.09210544776210468,0.40869825978142205,0.4215682079307365,0.40863019869274503,0.4092639704539078,0.2450572776601263,0.23164617834441137,0.278114274536154,0.2965410019376944,0.15535092081472432,0.26156515366239613,0.2941490259066201,0.18087868175572305,0.3966210154761117,0.38531865284918954,0.3332875863793765,0.37243244842020734,0.32565321728872076,0.3679072764836739,0.21470515450449024,0.15106030160926684,0.13275816747206154,0.15843542725187204,0.3245327507514484,0.24853829300458793,0.24551193990112094,0.28441919874270316,0.42315630785176456,0.4204834315641325,0.3852889148081764,0.39522291515015895,0.13744851462874055,0.14737800886008068,0.13103344414842577,0.18615615400425017,0.15697540869957036,0.15116209386678375,0.14929840006561135,0.15141246161765895,0.9999900659502322,1.000123041136448,0.5626615876459292,0.9988935571745974,0.9974019633959617,0.9982845704198596
1991.57932378,0.4011730608960796,0.3766020545877247,0.3075608220469084,0.16659228673990925,0.1568158686483332,0.15094172303894496,0.09544033606479421,0.09226648339993916,0.41233064822903454,0.4266336172415148,0.41268258142469605,0.4132557932877745,0.2475982211413147,0.2346351385844204,0.28123659717159105,0.29936338304870236,0.1561507727773371,0.26658527376112406,0.30153099860349136,0.18356901281168714,0.40919107075195044,0.39696841607238215,0.3508913192105074,0.3817615660174077,0.33393653325399286,0.3852669615166583,0.22053575609419526,0.15414593711355226,0.13691011949001383,0.16211051613621025,0.32982396759611704,0.253482923349066,0.2505767018486601,0.28894877724194096,0.4262793470082028,0.42455450869892086,0.3887477188216792,0.39875304136243883,0.13849400849248425,0.14880429688067776,0.13232753364215902,0.187535901522963,0.1581196977490615,0.152406769111132,0.15042582038373342,0.15257320979675942,1.000032782114026,1.0001466936295424,0.5644064696237453,0.9988880686655305,0.9976261841267872,0.9984060436772031
2000.48893957,0.40885112306256927,0.38450192318961685,0.3141349635307942,0.16908087735137764,0.15669910883407637,0.15059556248081793,0.0958304452012053,0.09230388363801373,0.41616988125667137,0.4314990104879882,0.41687368648558787,0.41754837040999826,0.2502962916176304,0.23800686367552895,0.2847161734693494,0.30219815400240374,0.15746764914260766,0.2735182817381411,0.3117424191664431,0.18762907299890352,0.42492385464750454,0.4108517311316919,0.373424832575439,0.39337674859341254,0.34364195156152755,0.40714092147629444,0.2264819555789416,0.15736134570673876,0.1410459198426869,0.16583860073053056,0.335031656554159,0.25852970951108717,0.2552307291990009,0.2934931257722273,0.42962604188979236,0.4285728467109619,0.3924753588693389,0.4023129865711049,0.13950821841836777,0.15016875760718526,0.1334608532781095,0.18876392143324272,0.15933891788789267,0.15348447498291806,0.15150119376962398,0.1538404046410957,1.0000090064139535,1.0000854258360188,0.5663774587042298,0.9987899905786365,0.9977836764628296,0.9982611573560097
2009.39924527,0.4168072980392515,0.3927534819188427,0.32077920705471613,0.17147456416638296,0.15650521783041035,0.15029466350444587,0.0960861955983467,0.09238203859840376,0.42029378514673044,0.43635570649187433,0.4209863813012225,0.4219063158217167,0.2529674090732021,0.2411648350435009,0.2880522189019764,0.30488504865431193,0.1588520251643893,0.2810070908675353,0.3227926785907368,0.1923719278720259,0.44019458822922003,0.4236755192299634,0.39549791670330525,0.40465200616322083,0.3526901052430544,0.42817505212498363,0.23234944022586596,0.16043641799961006,0.14503728802800359,0.16967372397474448,0.34014719357282525,0.26346954832421393,0.25958431170897395,0.29788833402678344,0.4328777217575027,0.4323421647081423,0.3960119780510458,0.4056962154409229,0.14039867250771712,0.151368954696302,0.13456113914131346,0.19025528678484666,0.1605797307226372,0.1545111312060472,0.15257677942853504,0.1551525057477543,0.9999903263058689,0.9998719899947082,0.5683535632959917,0.9989266686262315,0.9979465359295739,0.9983271181256033
2018.31023493,0.4245908254220364,0.40088686293150805,0.3274464258370148,0.17368661780328332,0.15632259590527836,0.1499809830748378,0.09624891666282064,0.0924194547144355,0.4243523393840085,0.44110362622313254,0.42507680375189544,0.42603791720013995,0.25539654534833534,0.24388940068212392,0.2911970560378831,0.3073232589638684,0.1604503397716295,0.2880547960854054,0.33294720270699324,0.19724201522699006,0.4525175776539494,0.43368845567365794,0.4134412026359932,0.41374706325045196,0.3597840221268523,0.4449352925257042,0.23786412752544234,0.16330536231868692,0.14893172809986527,0.17357839666523842,0.345080567803316,0.26795583565200326,0.26340187033512474,0.3021564177258314,0.4359405325319084,0.43586560792950113,0.39919882265190987,0.4088032764804768,0.14135250693113857,0.15247377083803254,0.13551169338239732,0.19175236469701537,0.16195481860814498,0.1554848039001076,0.15375780216783835,0.15637671050459384,1.0000306641364876,1.0000157999624948,0.5702654412422307,0.9991664994362957,0.9979577592299265,0.9983600537150951
2027.22190266,0.4320794335675654,0.40866669823317947,0.3338909030835661,0.1756221977805954,0.15618210577104322,0.14968908975095047,0.09650177890598095,0.09245395567024088,0.42816491921890626,0.4455649260778365,0.42923966515503914,0.4298959277180692,0.25762758055002893,0.24636314650796515,0.2942712315466448,0.3097233981921281,0.16204633150485473,0.29426541672345025,0.34171489775764896,0.20180717900896927,0.46250512776456626,0.44139572822198064,0.42752114989438206,0.42090724498373305,0.36534419227612597,0.45789092563301864,0.2429853709016551,0.1661821101382263,0.15264052745848855,0.17725499513155582,0.34977804350614006,0.27209557619536506,0.2666270703534559,0.30643863850599096,0.4390718061191082,0.4391379155176224,0.40206904757543227,0.41173420655184123,0.14219352038208816,0.15352141207602202,0.1363615909515412,0.19296490830863997,0.16322388996141787,0.1562540042996743,0.15501223172407394,0.1575621883954501,1.0000666517884098,1.0001316613444897,0.5723277277705077,0.99935383928134,0.9979659837601572,0.9986340391587278
2036.13424266,0.4391605751075407,0.4157915458546584,0.33959909153926454,0.17714447795262667,0.1560452722841025,0.1494484148914471,0.09661656058533982,0.0925028236876964,0.4315943767888185,0.44965129498494383,0.4332048965090784,0.433344199602979,0.2597399545925008,0.24861827719506704,0.29696555136101366,0.31195510655624287,0.1634787337784109,0.2996203613035014,0.34888995379169324,0.20583477270897202,0.47046902127463147,0.44733503775140276,0.4386115480741547,0.42668300249265995,0.3698139113544425,0.4678647010713273,0.24757729152827976,0.16873280314365957,0.1560130378501013,0.18048607373053713,0.3540461409440747,0.2757555814034519,0.26924065188875357,0.31014832126331665,0.44202114006579085,0.4419491288089915,0.4045538451969163,0.41425540479793865,0.14302545044716355,0.15439673009018143,0.13711927832415494,0.19389663338525212,0.1643433417902401,0.1568485558726006,0.15619392122958492,0.15859160946142314,1.0000730203703545,1.0000692741818609,0.5745097298943794,0.9993631500955485,0.9979096841957699,0.9988257908428696
2045.04724919,0.4452573812753477,0.42187666304051624,0.3443508710814666,0.1781972523872368,0.15573100559010208,0.14913199272131616,0.09647852257120959,0.09238400129926806,0.43465861795712973,0.45326987290081844,0.436737922437915,0.43620157487630246,0.2616690758305882,0.2502932654378636,0.29924168640699217,0.31400035734994963,0.16447859302618378,0.30399614264877356,0.35437727458963086,0.20907486363374456,0.47645597401668915,0.45196847999002765,0.4469281675450711,0.430962583780315,0.37321953547024106,0.4750623792567673,0.2516175030882144,0.17078287361004102,0.1590509906410336,0.18335471863964128,0.3577646818041545,0.2786142938122064,0.27124031027548257,0.3131192130624256,0.44456427707664137,0.4443818258895744,0.40656597566208214,0.41640373015794024,0.1435370002315488,0.15503210876965798,0.13767958897200858,0.1945527569805242,0.16510700243435858,0.15727941650844024,0.15701560180377697,0.15945188762417017,1.00014600413634,1.0000168942960384,0.5765484956044085,0.9992225342162425,0.9977670250966978,0.998557814120281
2053.96130725,0.45032277131938125,0.4271184535159576,0.34845581800147196,0.17882625129333957,0.15536605661821923,0.14877777458277533,0.09631321120255913,0.09203761567249918,0.4373984419219779,0.4565222136272988,0.44002118172234295,0.43859641436946667,0.2632939656980639,0.2516654397748444,0.30134469412471104,0.3156623591257432,0.165127282868338,0.3072152632816117,0.35830071045919787,0.21168426286834838,0.48080148940107437,0.45520215758617294,0.4526885187418619,0.43402994953800805,0.37570679081318864,0.48002543748489673,0.2554825029229074,0.17259274172612343,0.16185949758259602,0.18605001287099107,0.3608887987360049,0.2808904009680426,0.2727695022730482,0.3155242397280229,0.4466529327420711,0.44665512723388145,0.40817217295057434,0.4183382885067173,0.1438100563724222,0.15560564448540037,0.13807927839575498,0.19509050302026626,0.165651435413494,0.15757682174623788,0.15734594531758672,0.16011652149848152,1.0000975704453006,0.999954770456593,0.5782493011220609,0.998994952795362,0.9977559234358058,0.9985160211035748
2062.87694233,0.454515514270413,0.431656500387793,0.35199321577653064,0.17904850429368113,0.15501278852163883,0.14837400494408906,0.09618201792308041,0.09164176972327925,0.43981019193918464,0.45912610163293793,0.4430845237657936,0.44095535663524166,0.2646610668315136,0.25286484371159645,0.30310610653972814,0.31705637566815176,0.16546401377562375,0.3094328103940794,0.3608320488041979,0.21375381269433644,0.48348953426859637,0.45720176812190794,0.45599248524917785,0.43584552828175877,0.3774251584840533,0.4833159776843733,0.25907202042622746,0.17418454817815684,0.16443030587467203,0.1885936114211796,0.36371804203310265,0.28241333627142573,0.2739610880641097,0.31727655094019164,0.44818670476598843,0.44848231274775263,0.4095626929739825,0.419998601006246,0.1438379935674127,0.1558846305977379,0.13821744569306008,0.19539399999475043,0.166011235028449,0.15758783631899867,0.15764273634643394,0.1605992833705446,1.0000688959956874,0.9999375148525632,0.5798700804947295,0.9987268247501682,0.9977261769833403,0.9984926693763555
2071.79414164,0.4584453358670013,0.4356082055517252,0.3551880446399471,0.17899098467004146,0.15478184486794203,0.14801845564166044,0.09595182345569851,0.09124318300372701,0.44199881559574733,0.4614983354155568,0.445936552379643,0.44322801775178944,0.2659933142055524,0.25396279050178683,0.3046963089072569,0.3182794582995961,0.16570797443177493,0.3113222909432383,0.3627398208199303,0.21553454091967725,0.4852234888996962,0.45894397780024604,0.458243423784927,0.43729625453288856,0.37884369562406,0.4856604600164876,0.2624787225023899,0.17553911659402516,0.16666604437453558,0.1910414440169335,0.3664157226797456,0.2837023663024,0.27491529759315375,0.3185612849642265,0.449666296298473,0.4500929612043154,0.41108159529299887,0.42153078785364395,0.14367155077233534,0.15596474003520927,0.13812348666834554,0.19549171902454304,0.16606437063793622,0.15725519212543398,0.15794572297482548,0.1610438689497773,1.0000806117037062,0.9999477365940697,0.581561456939883,0.9987952700370304,0.997898031912219,0.9986448672332623
2080.71289251,0.46185441113789527,0.4391434296004468,0.35806348132779914,0.1788868960815968,0.15443577812839349,0.14771710248106548,0.09581092600841094,0.0908005438118491,0.44399506157756796,0.4636138578708839,0.44845751196382744,0.44534967481351106,0.26737547407178064,0.2553080079874844,0.3062813545537838,0.31948017426525854,0.165833486663491,0.3129806086313246,0.3642442560232167,0.2170188738964268,0.48618607477020254,0.46039770397455837,0.45968404846644517,0.43825955519228493,0.3796632782018635,0.48682596780311177,0.2654741654462996,0.17661414762191482,0.16886579608521027,0.19330888610578445,0.368828449102744,0.2848370511643304,0.27556373433087694,0.31922568645235744,0.45120164674263047,0.45140656895958764,0.41267548863768044,0.4229007671991765,0.1434976533357878,0.15583380204256655,0.13793249043675704,0.19538268263383443,0.16594495157007905,0.15671453383263492,0.15814094569954612,0.16122169849412502,1.000219967228521,0.9999486255210324,0.5829359063481708,0.9986449258313647,0.998033872088453,0.9987004712868996
2089.63318245,0.4647298053223972,0.4421349336099838,0.3604033470254163,0.17884682842482547,0.15414059936497804,0.14728302604409188,0.0955713982684088,0.09046284998337403,0.4458442569029539,0.46560419206099285,0.45077318060229915,0.44737465024341133,0.26860409432721377,0.25654478125859503,0.30781594974935744,0.32053847988642425,0.16569161780927666,0.3139785457046754,0.3650106022252283,0.2177877104651011,0.4859308305017129,0.4609415186604905,0.45950441292762256,0.4385256515603449,0.3799034016689747,0.486553077779965,0.2679505053831379,0.17737151713701688,0.17063187393101728,0.19550569674778656,0.3706907699886309,0.28566416561571084,0.27590379755919087,0.3193914784418079,0.4526653166664005,0.45282794597587334,0.41384724158127806,0.4243483953840595,0.14316629562017558,0.1554679500053194,0.13754653742150205,0.19520908428776207,0.16578668444523875,0.1561425206308955,0.15794079674136974,0.16099606196828997,1.0000262226887842,1.0000107385053882,0.5845627901032284,0.9984261808853986,0.9978138243562901,0.9984265934626687
2098.55499911,0.46694498729430706,0.44481064172084667,0.36239912404725066,0.17890887062984764,0.1538900930218121,0.14690910992099032,0.09548757937205285,0.09015462356210596,0.4475819243348874,0.4675301393671123,0.4530521721268899,0.44926574743841374,0.27001972420577913,0.25773667873963074,0.309343157317189,0.3216614724212018,0.16532459353460865,0.3142791803735132,0.3648905011426927,0.21792979845654128,0.48490644899985585,0.4607739897366048,0.45747333476996804,0.43805352346289594,0.3796917608940445,0.48478056277620385,0.27032481052504576,0.17796866267829045,0.17186134515608953,0.19746904288149617,0.37220953500982495,0.28649141484728213,0.27614879575980855,0.31946311832981494,0.4541188732249713,0.454451391123738,0.4150227785416077,0.4257971858192519,0.14262196208476985,0.1551557822534127,0.1369166041877691,0.19486067386228478,0.16559486970689932,0.1555542072569121,0.157520744641475,0.16066987309342978,0.9999171982497804,0.9999667016934828,0.5864150317822111,0.9985274915778243,0.997499950524312,0.9982054446440563
2107.47833028,0.468557595583928,0.4470643330471781,0.36384622162474006,0.17886747195260264,0.15370271106997846,0.14635591630929537,0.09534586896652075,0.08989443318980413,0.4493476190588744,0.4693726939173428,0.4553722766753434,0.45108972849537726,0.2714869629670311,0.2587930940586446,0.31081331827273967,0.32266966289977517,0.16472576750944823,0.31371030696064445,0.36413226801657506,0.21783833726810478,0.48335721332168724,0.4601954179885877,0.4545259169273273,0.43696091257959596,0.37940693292221256,0.48178025641989963,0.27238415190158544,0.1782348400760611,0.17297140026301872,0.1989520965377418,0.37359153381754867,0.2870341621367299,0.2764561429202852,0.3194283873909598,0.45547071690220364,0.45588413610222545,0.41629269897068133,0.42727567886458284,0.14203933582300413,0.15474433895567002,0.13623249875094331,0.19428758239270408,0.16517024054716514,0.15507497641508045,0.1573324536876963,0.16025912397733053,1.0000704321816627,1.0000547010842828,0.5881528256444449,0.9986146448277389,0.9973265608112368,0.9979587005912209
2116.41133382,0.4695597738592021,0.44868698120368505,0.36463110088672507,0.17886895984111412,0.15352593856098024,0.14572342306285177,0.09509557056871915,0.08973152876283107,0.45119242841931917,0.47113619925922373,0.45769635951854865,0.4526429674318535,0.2728417111638513,0.2598326199020736,0.3121209837223155,0.3235813259184803,0.1638392698397635,0.3126574457514199,0.36310153193847416,0.217734578655125,0.4816303496649112,0.45961144619291006,0.45121971778369996,0.4358512454528036,0.3789491682987059,0.4783519551940476,0.2738817704574333,0.17837823726786428,0.17389693905762776,0.20018199453163177,0.3746472725761322,0.28730827638139866,0.2766955777989751,0.3194407369282138,0.4563189043752365,0.4571049663320107,0.4175906349069934,0.4288014545089713,0.14146669683076907,0.15417744437191352,0.13537260440164806,0.1937503562651171,0.16470675199939724,0.15472822260369706,0.15728883503526966,0.15980739006611877,1.0001491693721616,1.0000977804927509,0.5897908581750076,0.9983934905333062,0.9973149826624923,0.9978701642620663
2125.37093026,0.4699924707935877,0.4500888854824146,0.36503565304483654,0.17929951231727617,0.1533543357121956,0.14508895732202085,0.09476564814261466,0.0894664271490836,0.45271427101634254,0.4728675258818327,0.45967809578357044,0.45419208383570125,0.27396740059115043,0.26093713791886886,0.31342814515679224,0.3245051892324659,0.1628774195797295,0.31158092321319186,0.36179414069272015,0.2175663677740546,0.4798290265433574,0.45879165144800266,0.44771262191457484,0.43446653456498696,0.3783821375785223,0.4747791725922468,0.2750654172626025,0.17863287483664742,0.17438011743850557,0.20109317383603095,0.3750978091686529,0.2874322850193867,0.2764561232918815,0.31906238485784666,0.4571483896454825,0.45803146736817063,0.4186746466780011,0.4303613197288996,0.140781657712676,0.1535604378937379,0.13447285021702418,0.19319711196996933,0.16455249369928768,0.1544510085495667,0.15747325079218252,0.15961725256064957,1.000047086813423,1.000013377025963,0.5913806015845732,0.9984242383179783,0.9973887829653703,0.9981103796829447
2134.35713173,0.4685122355610857,0.45008207079633133,0.3643830840903396,0.17943223194698585,0.15298901060574094,0.14423037891759716,0.09437986898743432,0.08919465473922199,0.45355914211174675,0.47389176790264853,0.4607898549146784,0.4552500202107393,0.27488532110659125,0.26173990968465044,0.3144772634873536,0.32533142814714755,0.16172851156470608,0.31004017961917224,0.3598402434265973,0.2170691003519062,0.4773846409799873,0.45734706766849614,0.4436841758094057,0.43258106420555686,0.37742986048961574,0.47102280468424856,0.2755028185016756,0.17870636745779908,0.17427966085465976,0.20125937503624447,0.3739938611176146,0.2865388002328716,0.2751126680169341,0.31717805637440993,0.4575142309198648,0.458263460303332,0.4193073819810586,0.4310639381048741,0.13935888793000215,0.1521339582661493,0.1331648256216691,0.19174375036434702,0.16414675830162703,0.15403530604476384,0.15736962790273168,0.15935452383112494,0.9998463642137516,0.9999522465482704,0.5922591320655735,0.9984656122813573,0.9973403034295791,0.9981428510527455
2143.36995005,0.4642829178970847,0.44799635333530724,0.3625099055303604,0.17918693602529417,0.15239433807261665,0.1431287246202581,0.09389459334147053,0.08882375166705517,0.4536874883538886,0.4740517169011183,0.461419638737366,0.45593203768260454,0.27557485846739793,0.26216693034704275,0.3152114701859562,0.32585208991642894,0.1604322330149842,0.3081697274515653,0.35740116496969276,0.21626665083244545,0.47399483570995476,0.45491007810589323,0.439001982736896,0.4301339575084617,0.3759830465926512,0.46676031123129513,0.2751815267113115,0.17826998143991613,0.17361702000786333,0.20077451733683008,0.37085922496812973,0.28414120888286687,0.27219606303855287,0.31346458281950135,0.45740595683454016,0.4578688195544472,0.4193880498311052,0.4309220494725079,0.13696560290102686,0.14963865806968887,0.13079318819875174,0.1892288993256637,0.1634720446569633,0.15343445255706203,0.156965752977995,0.15883165690344442,0.9997268900534282,1.0000368935060087,0.5925142582426922,0.9984898461603422,0.997413710313398,0.9981539349667403
2152.40939672,0.4574799840683293,0.4437406875113741,0.3593349818419204,0.17831279696130192,0.15151456896763296,0.14186254697926018,0.09323078649186155,0.0882141062037026,0.4530297421069293,0.4731914024853315,0.46120913934683005,0.4557677035201241,0.2759093709259266,0.26193978018760017,0.31516139868444365,0.3256761286071942,0.15901768947491077,0.30557456328080446,0.3545662719785154,0.21510534187713715,0.46932262009985487,0.4514984267751106,0.43291604675361145,0.42665792369798805,0.3736134571244241,0.4609695252775253,0.2738814237090866,0.17708631707635672,0.1724063494829526,0.1999322097994716,0.3650224681453515,0.27956211303633344,0.2670179902435106,0.30723361749719513,0.45638214016648937,0.45696254479398357,0.4186531063557951,0.4305345045097456,0.13391372835364707,0.14623483341068008,0.12747061994379047,0.18591656133117138,0.16236387632365334,0.15226968302528324,0.15604607896251557,0.15770437543125787,0.9999197102536383,1.0001935520135612,0.5920330542364045,0.9985289516291559,0.9977810656272549,0.9982997112648365
2161.47548295,0.44963311656991906,0.4386126428059261,0.35498478779982656,0.17702969560559753,0.1503022781498612,0.14046159644114126,0.09242279220642562,0.08755592115799159,0.45154074382977366,0.4715927296191083,0.4599615236651816,0.4546925075792752,0.27565641430728394,0.26098669497753096,0.3142755974538239,0.3248582203986014,0.15747177188657696,0.30239479815464965,0.3510402317282333,0.21363049756080568,0.4632488511719422,0.4472554391340537,0.42533227622042336,0.42203680889211886,0.37010788452965243,0.4536760968669954,0.27153481998465656,0.17557653015213034,0.1705992317611249,0.1983724218252709,0.35651589280347556,0.27275628370772,0.25990161624035446,0.29894827422622716,0.45470421070385536,0.45544827304686547,0.41703525798289137,0.42942953654733906,0.13075390325999597,0.1427495962142314,0.12417170914554282,0.18256070089862977,0.160453989654306,0.1503213582823084,0.15421073929471762,0.15555115504646858,0.9999616576539089,1.000202961674508,0.5907390572984504,0.9985740413265819,0.9978042549189621,0.998359189583023
2170.56821963,0.4424089318111952,0.4333191364282443,0.35021311908507197,0.17556351029904005,0.14890879146052105,0.13902858950522143,0.09157089480815667,0.08690760782132913,0.44967168561714854,0.4695064873935138,0.4579196496189995,0.4527601222773117,0.2752041197214803,0.2599139145247513,0.312914396339946,0.32368640764799883,0.15595954283038885,0.29894279117207356,0.34728197385262055,0.21216616729433907,0.4558054472019343,0.4425440195964691,0.4171028224246402,0.416569686446774,0.3659353244897047,0.445392003109238,0.26858148019561046,0.17360016804389353,0.16854298430464604,0.19626385600935586,0.3466406246718235,0.26479118290225506,0.25171037453925404,0.2897542771025348,0.4525738571762063,0.453159167224658,0.41495493309246007,0.4275543206948077,0.12799118752673114,0.13991349199585512,0.12181456319351416,0.17962710135272686,0.15771801694730536,0.14753476059481854,0.1512391656949197,0.15216702766504622,0.999895673461018,1.0003232035899938,0.588989447101352,0.9988650078402141,0.997677637858718,0.9987082405374459
2179.68761735,0.43542573654673833,0.4271587330134128,0.34530601582140663,0.1735153809970069,0.14751044182900178,0.1376939485723769,0.09053400226469172,0.08623988541650691,0.4475387819691116,0.4672093373675197,0.4558033740319112,0.4506949614159538,0.2744398476895351,0.2588968369970975,0.3116239407808425,0.3225369806598066,0.15451958881969893,0.2958745711045044,0.3437043296467664,0.21096676390722718,0.44758413694219307,0.4373916247501993,0.4088455826411883,0.41067570496407585,0.3617449760876783,0.4369006197544988,0.26522121545824157,0.1715978493530857,0.1662824902763126,0.1938439846490895,0.3364054257043148,0.2564868827393833,0.2433592512920372,0.28040768090488133,0.45066755972418493,0.4507518247098084,0.4126695138489048,0.4256982812312449,0.12556604063844867,0.13709879567236954,0.11945192261948817,0.1766719294885871,0.1535902947887045,0.1437322225147416,0.14684565656206008,0.14763850741541568,0.999870251095458,1.0005187074341853,0.5872302219920313,0.999103041612101,0.9977834070474385,0.9988654880142229
2188.8336864,0.4272480032902823,0.41995610729342875,0.3397668485412636,0.17078638472636154,0.14645876505854066,0.13648293671068118,0.08939351109886053,0.0857391085865001,0.44537227263712115,0.4651171386599256,0.45392205645769473,0.44893767538285256,0.27353559938182365,0.25788845698183005,0.3108044503520466,0.3216729900370368,0.1530788940762271,0.29328351064091324,0.34024725775687403,0.20962957643749813,0.43894792584165254,0.4319057860810229,0.4005453173180857,0.4046981089803265,0.35760302537520505,0.42857278809721694,0.2614801561044161,0.1698055028453215,0.16342560391551508,0.1917524274811749,0.3273113242436043,0.24916109743991074,0.2359324921869688,0.27210528656626454,0.44892302889614777,0.44874124951026473,0.410400515630007,0.42419436487339246,0.12279873496191415,0.13404556245693328,0.11654726554081195,0.17356212195021542,0.14834254805777347,0.138780408811632,0.14130201483920335,0.14220744099463634,0.9998635922748282,1.0004028208014446,0.5855157344678396,0.9994854108853398,0.9978357100161327,0.9989210844181511
2198.00643675,0.4181340165918736,0.4120047211534158,0.3330495707642637,0.1674682790589984,0.14544338588940775,0.13525090143335983,0.08845247179484689,0.0853168854454063,0.44389054481746415,0.46324573502002586,0.4523000326098787,0.44751618129112475,0.272633730128135,0.2568695612891491,0.31011943406486453,0.32099383035996243,0.15174908958468464,0.2907854041060152,0.33669269308140404,0.20806380650312134,0.4306110653617803,0.4263576634271422,0.3923904889307634,0.39882836611092165,0.35336549420759,0.42008070925784186,0.25788853046350035,0.16803594377580555,0.16049880744282716,0.1895642777502514,0.32086276210921405,0.24380791053357234,0.2304149505311603,0.26604783923183906,0.44715291725399087,0.44679050936086084,0.4085304618349902,0.4223109443737119,0.11962620992356394,0.130629516595121,0.11368655543234221,0.17007582650430336,0.14293464989251603,0.13346120888381138,0.13578187163333458,0.13663202084276466,0.9997435045983984,1.0003427823701845,0.584582121096546,0.9992457512442127,0.9973759674052527,0.9988164323051926
2207.20587807,0.4108342006277795,0.4048856878407735,0.3266627139615578,0.16433110521717198,0.14464380996603898,0.1343362882418614,0.08767828496442838,0.08470088998855613,0.44294202316944437,0.4620916580669871,0.4510913247817954,0.4464036662565647,0.27199294800299045,0.2563407929336682,0.3095327531948974,0.3204426986973463,0.15052644159084935,0.2883051393944419,0.3332123885433791,0.20667956807910473,0.4241297875910944,0.4219208124642359,0.3850100894613809,0.3939548786676153,0.34973816474928915,0.4126039747069288,0.2550260854992264,0.16687407195831458,0.15838399794694877,0.18789541748150076,0.3188448120094072,0.24227181349709348,0.2283747264360411,0.26392968318803833,0.445437466133038,0.44511732569236667,0.40727105433708005,0.4205635888947461,0.11706240925545042,0.1281239593840533,0.1116540394027266,0.16730976484102586,0.13851948617068668,0.12919983641774999,0.1311996310146834,0.13215576099952492,0.9998313833248326,1.0004311796013254,0.5843142395834456,0.9986395169593228,0.9971786692199733,0.9982840021829007
2216.43201972,0.40918374766948895,0.4021548189864237,0.3223798704122351,0.16293983913636956,0.14406090903006374,0.13356876482483404,0.08673252985195383,0.08418850434324748,0.44228488452376563,0.4613662295567189,0.45033449093329203,0.4455687173534383,0.27167265545199804,0.25602611219609295,0.30921652964676827,0.31997281910303993,0.14953685042738715,0.28644442946080007,0.3305233549379139,0.20557400273163262,0.420609081114872,0.41943833116785206,0.3808376075775057,0.3910228283954653,0.3477439013952231,0.40846492562716286,0.25312250191401087,0.16603240896180427,0.15694426826770652,0.1867352695062004,0.32215425050389385,0.24500499014094962,0.23071324553103098,0.26691321470316337,0.4436508437743313,0.44353349822543336,0.4065336942184612,0.41946801049924365,0.11770021400472458,0.12898867254638044,0.11228315699204869,0.1683080249172058,0.13624646119146525,0.12693498511881604,0.12846428167988164,0.12945958029637256,0.9998950554879301,1.0006018095932028,0.58411232479992,0.9983544210150729,0.9977795725258722,0.9982560979371902
2225.68487077,0.4093169146051318,0.4022375604849196,0.31949093160754083,0.16274859870754474,0.14365458255191982,0.1330947905953783,0.0858277624270671,0.08401949373599713,0.44133470148185916,0.4608524404502378,0.4494251358025754,0.44472314682097586,0.2716968152768783,0.2558719048403967,0.30913794857886634,0.3196941050472261,0.1488805637490084,0.2855462330394687,0.3294704313659036,0.20501635423667586,0.4199706938542825,0.4192708079619606,0.38108378830102685,0.39031064564139595,0.3474378587632381,0.40855188464106784,0.2511050714194189,0.16491056411064373,0.1554789379900878,0.18527562654065027,0.32677271057552654,0.2488220507123867,0.23400019835731903,0.27116526301560084,0.4425050711661088,0.44221589538934825,0.4058769394934577,0.4188743282140848,0.1195535996682004,0.13084039489636332,0.1140815264603906,0.17050776897081782,0.13608496705986667,0.12694635612174332,0.12816545624321518,0.12907650482905197,1.000173963902749,1.000376849809866,0.5840843032694353,0.9985272109241514,0.9980541690540269,0.9984009467603299
2234.96443997,0.4072690847075407,0.4028562695388403,0.31751642132147706,0.16378095886044228,0.14334630892982775,0.1327024944329908,0.08530758517182459,0.08391936605479404,0.44016892299154803,0.4592613287175239,0.448178247969994,0.4434436744979285,0.2719524536405881,0.2560637069499925,0.30944593757316385,0.31972944560178074,0.14811710517378357,0.285575031792187,0.32920279003202346,0.20547447576159306,0.4205990139030844,0.42050821224580626,0.382859826350498,0.3901484199908232,0.34788023983564037,0.41042561925229615,0.24872471654612124,0.16371132312833842,0.15372927049036947,0.18347204068921089,0.3301085306835067,0.252002758378185,0.23650293967106448,0.2737428749782812,0.44182820354273344,0.44133006691521826,0.4052806640405787,0.4186318914201302,0.1209692053984353,0.13218414886156554,0.11522488727051645,0.17177708697405028,0.13731938786036574,0.12860424699110473,0.12997556919222703,0.13095290989421196,1.0004314070712008,1.0003032643248304,0.5849177756992459,0.9984823724134259,0.9975140685984393,0.9980614848377174
2244.27015399,0.4033784904562062,0.40249393121533206,0.3152770299140012,0.1649841969882558,0.14327450306410194,0.13237036188532542,0.0849267724384137,0.083985557761506,0.4386691585310015,0.45710733745846305,0.4463701990379152,0.4417693078096005,0.27237772303147545,0.2567090672393352,0.30985299747139805,0.3196734859584433,0.1473262375653404,0.2854767017384398,0.3283387192703663,0.20615783887232647,0.42106802772905527,0.4212775221957541,0.38390114473606785,0.38992202624078226,0.34792132756971655,0.41152378091944203,0.24595553992105998,0.1619393528005308,0.15139935468638607,0.18132364420216532,0.33250744991987646,0.254380239370415,0.23829978925955983,0.2749853247591502,0.44149910489299266,0.4406166303911494,0.40490954705620025,0.4185335831213649,0.12155727818524811,0.13265760099086474,0.11524642098176825,0.17233306331871967,0.13899858233805365,0.13080434249058445,0.13230526657870068,0.13321250240487145,1.000626553078563,1.0000868603937165,0.5858020451950128,0.9981929784824944,0.9970808300617618,0.9978894418990993
2253.60010501,0.3997309538539559,0.40126327748304796,0.31282691032783694,0.16634862764274347,0.14313513860507904,0.13220386130180126,0.08460932586595567,0.08439090729937784,0.43674793711865206,0.45493563942391985,0.44393292115281424,0.4396619658538774,0.2727445790238641,0.25731385772784887,0.31014935481088945,0.3202731066008062,0.14653699506329487,0.28495794988262513,0.3264677769805119,0.20637281055686285,0.42130569779013555,0.4216081529013542,0.38433907584097854,0.38985820828902445,0.3477035672052648,0.41197447318621633,0.24267322874490008,0.15972163305251857,0.14847819527856385,0.17868477351010423,0.33410811403619317,0.2561734599031221,0.23944954764974652,0.27570439731513846,0.44147255885371933,0.4402759406434279,0.4046050949956829,0.4185084496645488,0.12127224461434792,0.13278286976372194,0.11426322087053281,0.17246354667972108,0.14050239256503677,0.13258008096780952,0.13429621739021355,0.13502662693485865,1.000395391607029,0.9999334707700522,0.5867413977764487,0.9983109864098414,0.9968979474200492,0.997675589883848
2262.95428072,0.3978791446852417,0.40098549589026894,0.3117753756407899,0.16811431063954466,0.14301888389397327,0.13216817197207195,0.08437927973965828,0.08490057144057593,0.4338703677851663,0.45232842504971527,0.44087761883939963,0.4369679267246535,0.2733585046630164,0.2580356878938834,0.3105339729017739,0.3212861215457374,0.14603204746986345,0.2838555867401086,0.3247465885832664,0.20548375385848924,0.42200708123932595,0.4216540372852035,0.38459503810825624,0.3897439717231066,0.3481660284650895,0.4127708828411035,0.23805614703679095,0.15739873806559795,0.14476673832549095,0.17548135119357114,0.33463016172177235,0.25709574363368487,0.24023044590598294,0.2753771993283904,0.4416472070908195,0.43990266754733554,0.40380168356755064,0.4187487816149502,0.12031395630811952,0.13216482206361682,0.11318891899303156,0.17184221729349897,0.14194355570773218,0.13401637362717944,0.136533486761648,0.13705690459657427,1.0001040172908866,0.9999242022448078,0.5883295244400902,0.9988131897269346,0.9969151032400728,0.997500994065371
2272.33266852,0.39590091590312126,0.39985316646811425,0.3106418397134432,0.16947063365788334,0.14301764382502147,0.1317682377741239,0.0839185656067064,0.08521230512836193,0.4294874379488144,0.4481370357855918,0.43634595057432574,0.43284841770604926,0.27376074001422923,0.2582676071775505,0.311003575131651,0.32201659291828255,0.14588452172949692,0.2831934909939319,0.32353515617065437,0.2052329286159063,0.42260169539762477,0.4219690770011676,0.3855245856762163,0.3896973331040038,0.3489321702279163,0.41416616837244613,0.23232069535317582,0.15452922495545765,0.14060006177321385,0.17158885438259197,0.3337797037189483,0.2569110803310612,0.23985211857728483,0.2743374771722796,0.44101207161776534,0.4388420187442002,0.4028043512692983,0.418259273721579,0.11897007691859289,0.13050779847926222,0.11152467896098851,0.17049869952244193,0.1434629785271257,0.13559887888963007,0.13877032867172298,0.1390397547958413,1.0003087829412969,1.0000277411660103,0.5898661961961928,0.9992548956687041,0.9965265766612686,0.9968968839473956
2281.73525558,0.3924219399153308,0.3967819614117286,0.3080154761071006,0.16977440469009752,0.14289618282654076,0.1312498793558182,0.08375789604389546,0.08538813633183055,0.4237887272794536,0.44214565052544536,0.43038841816813267,0.42706783870360454,0.2742195413350148,0.25841014805708284,0.3113717102925887,0.32257925323918835,0.145763118776591,0.28316544174099684,0.3227496607232424,0.20595043327124027,0.4219113309174178,0.42276299877537593,0.38656607661742126,0.3895448425405626,0.34944813920535106,0.41486281283593796,0.22613329482925992,0.15106135611425434,0.13650426494466555,0.166914512150983,0.33155449112769614,0.25595260184707375,0.2385977955740619,0.2725382933776319,0.4395507322440535,0.4374704726640128,0.40173654449817764,0.4166265310986889,0.1175270498069609,0.12874331648925283,0.10957283764151925,0.16891201187397265,0.14469362052469595,0.1368350670900566,0.14036046316266926,0.13985347431027562,1.0006871724233566,1.0003606494795196,0.5918896286900621,0.9996115921861566,0.9964188539601003,0.9963600200628888
2291.16202877,0.38681835595451214,0.39141956175740616,0.30390109289859235,0.16901974572709264,0.14259056597031128,0.13103000559631264,0.0839102874716653,0.08559038164167737,0.41744458733114764,0.43512080801043374,0.423655307760764,0.4203067233517414,0.274336576155823,0.2587329475347134,0.3114312953509455,0.32306219216616866,0.1455834940854721,0.28279132722726813,0.3214074334031455,0.20658393995322719,0.4190559702367345,0.4225921887217428,0.3860208772778367,0.3880359202588645,0.3483996573274308,0.4142486331818806,0.22075517996270386,0.14816616863894036,0.13277187663539383,0.16292924451252733,0.32880322313171034,0.25424575164697033,0.23639823277836033,0.2698040309278565,0.4377917250540528,0.436199567325586,0.40091939000328125,0.41452001576770414,0.11560625981469556,0.1266520438647884,0.10755712771537648,0.16669125482128946,0.14467371497172987,0.1365148502121586,0.14009239711249907,0.1395320335592473,1.0007178726145474,1.0003496374806635,0.5940789373602366,0.9990405525821839,0.9963172948691124,0.9961605165670938
2300.61297471,0.379360404287208,0.3840760007156888,0.29879553312733054,0.1672587241990334,0.1430974599512231,0.13132200895684545,0.08396764454215792,0.08605275534372647,0.4116954504160759,0.42872591097495516,0.4175576069438369,0.41432245206153845,0.27512952867271734,0.2588839959785775,0.3118472216144781,0.32350469105367835,0.14565973076222086,0.281747692331828,0.31936765185079075,0.20713326760371117,0.41504959226783633,0.4211969901873545,0.38424466571559646,0.38614340581278983,0.3466983685949714,0.4123936315246839,0.21728522729103453,0.14611780882288475,0.13002536509611662,0.16030364979900882,0.32567579095682625,0.25165759218416056,0.23375033349062746,0.26685885575166013,0.43646999781118084,0.435313343725967,0.40003362551277405,0.41364652240099953,0.11329723747450995,0.12415925206220975,0.10566833920536399,0.16436660224516736,0.1432671518399773,0.13557258228204544,0.13831678103940867,0.13810631121492914,1.000562815349211,1.0003119913505976,0.5960458274182736,0.9983717923446287,0.9956871758902437,0.9959667510782095
2310.08279923,0.370388611795255,0.3751514191455453,0.2926655175203823,0.16446152095178718,0.14357071419241058,0.1316281997201709,0.08417806933730813,0.08697158811723905,0.4069870743699467,0.4233278293073997,0.41251081612122276,0.4092977795565437,0.2757798108759533,0.2591996171890874,0.31210764148989895,0.3235963422082745,0.14575141818613374,0.280535407110985,0.31705279793097074,0.2071668302894466,0.4102688999285289,0.4190109135127776,0.38151772353290503,0.38420814353347194,0.3451186493993822,0.4094260761585005,0.21539698382309583,0.14489615915026757,0.1286152549107075,0.15792169690526944,0.32163202285845777,0.2487368938279552,0.23022471093826558,0.26329164427624696,0.43549526663018334,0.43463174896455187,0.39929223876640635,0.41315920337255047,0.11171745831132551,0.12232345055983357,0.10400684145809819,0.1627868820361811,0.14022768268100333,0.1329879982196166,0.13537002767107628,0.13483017469464842,1.0006557328114671,1.000295254925816,0.597983018726336,0.9977732186550152,0.9953286599505539,0.9956214149816918
2319.55711841,0.36124391632898273,0.36532600881069344,0.28559157598156526,0.16107441982024123,0.14426163216524363,0.13197539692688934,0.0842201862934078,0.08826333472011862,0.40378367441363133,0.41935144172209887,0.4088634611339115,0.40567849709051546,0.2761691047893764,0.2596459387759219,0.3120455760166579,0.3237638129494767,0.14529341457680428,0.2789063035445815,0.31448864060450893,0.20681576484351596,0.40565923645418883,0.4167563280957303,0.3779582232886644,0.3821083558973641,0.3431763133261584,0.4058600501028107,0.21415220875376842,0.14456515841150855,0.12772221959793464,0.15592471275660938,0.3164842102736956,0.24533111701314103,0.2262756533335696,0.2590769177154491,0.4353693241363606,0.4344250033454235,0.3990407728587268,0.4128800241474304,0.110272781558331,0.12167366581430253,0.10305122063951754,0.1616746137233083,0.13626765945522396,0.1299763774015492,0.13191120779979212,0.13096842302407194,1.0001937946396953,1.0004490755450544,0.5994513144340401,0.9975510985037414,0.995486434328149,0.9955257306909017
2329.03590187,0.35231773405847855,0.3554149550704119,0.27807677960222177,0.1573262685117779,0.1447661017186055,0.13240811694843743,0.08427927353048979,0.08917637512496675,0.4035872364458594,0.4184507933971456,0.4081774716566846,0.4050565898750827,0.277177839048184,0.2602486722533763,0.3122214959968448,0.324270346117625,0.14543085821076557,0.27800745444613545,0.31195027202190845,0.2067361142053733,0.40180586398285467,0.4146167068994014,0.37444604915693736,0.3803670922224566,0.34244077171800824,0.40197235130923525,0.21256720619309458,0.1446086015154207,0.12663561044460947,0.15464848913487236,0.3111938528832739,0.24117009392077748,0.22248551721164037,0.25456542837602436,0.43530556014955163,0.4349982127683142,0.3994095081591701,0.4130259307688539,0.10876252881131845,0.12093170948350233,0.10265343621491463,0.16068988970830297,0.13294375377248743,0.12725489561289627,0.1281047080571067,0.12743065238850976,0.9998567844520313,1.0005004725611846,0.6002004020628163,0.9967354776166668,0.9955795272279716,0.9953193870086249
2338.51911953,0.3448260451286108,0.3462476527851781,0.2728302058895442,0.15443642425618218,0.14498630555982278,0.13242937228507393,0.08473907564317608,0.08943506716410742,0.4063869085766579,0.42127614967470406,0.41101991811546396,0.4074010730588071,0.2781674143134045,0.260405766807099,0.31236947864467063,0.3248733603883253,0.1455602098246119,0.27693370983607146,0.3091135366892476,0.20754578408640184,0.3994448046344697,0.4132714890857526,0.37080868706009135,0.37854858688486526,0.3418743326998617,0.3985113154817709,0.21047243852753333,0.14400937396752542,0.12523756371266662,0.15395096948043413,0.3060434477168466,0.23725156889854102,0.21821869959830617,0.25026548397360576,0.43635900940398126,0.4355729279409025,0.40005941936713607,0.41384404957350757,0.10818900851865787,0.11914235790831704,0.10141864273747903,0.1593073572674574,0.13015424434109202,0.12458333103485185,0.12516937465112965,0.12437452386425116,0.9994775687976222,1.0006852010791971,0.6022864695095936,0.9968388974215031,0.995729998717432,0.9961074149514003
2348.0067416,0.3403204552954999,0.3401144510353483,0.269891094226813,0.15215371515396434,0.1456154416868075,0.13259748707637342,0.08492186834239655,0.08936240905922359,0.409571300991595,0.4249816121493858,0.4143877013605174,0.4106750392880181,0.27864518080910183,0.25993356709402304,0.31336758818276245,0.3252912195637302,0.14562484730687894,0.27502023362927774,0.3066723307800908,0.20782254577831116,0.3980421961141357,0.41269822397443146,0.3666237811120272,0.37653247606414547,0.341042689204307,0.39514258726152457,0.2079561813195783,0.14305664204492657,0.12352546150459458,0.15221467434321057,0.30113691426041406,0.23400639059253486,0.21455341688093732,0.24632938030971718,0.43756592459447274,0.4356521141062767,0.40067807623335144,0.41437866307980836,0.10820984249071286,0.11749745382521183,0.10068149661359922,0.15800592938894772,0.12819609460795625,0.12235040207678605,0.12381039496741163,0.12219150779899125,0.9996118296791383,0.999818926788624,0.6046124055655849,0.9965690641003268,0.9963213816061042,0.9963517430370324
2357.49873856,0.3398203986283394,0.33631605657247526,0.268642122080944,0.15129193531772478,0.14616069341684082,0.1331991535106314,0.08515921205077698,0.08972072075530631,0.4111261943188751,0.427221748294916,0.4161963086745011,0.4118264759489128,0.27841779677556916,0.25958392129634716,0.3137512373263611,0.3252319675456482,0.1452650195107678,0.27230067379505396,0.30294679020842535,0.2070646514728928,0.39642098102562395,0.41084099237244837,0.3620036213980221,0.37395987295569155,0.33968226218342235,0.3899459245951132,0.20583915686372806,0.14189444372992233,0.12273734822045741,0.150413738399316,0.2968858547604104,0.2307068411385489,0.21209884339574536,0.24253769364321243,0.4376755960017019,0.4351844532444512,0.4003360781544133,0.41467094472254346,0.10831426316964461,0.11668245766350656,0.10064806476838371,0.15742113801291724,0.12819724130565022,0.12117121165877007,0.1230025859740806,0.12160486181673524,1.0005678560885725,0.9988936735991776,0.6055832901054728,0.996416807883107,0.9970506910397788,0.9973398107450868
2366.9950812,0.34120128095157515,0.33370625776009427,0.26752645302991335,0.15098501169518153,0.14744292307570425,0.1342629592484119,0.08493982731924345,0.08952599133549846,0.410301588914545,0.42659288839161325,0.4161681778043713,0.41130571093423784,0.27828626887310504,0.2586603580253959,0.3130095378091418,0.3254244460385842,0.14396059802242436,0.268788847787639,0.2983040339254227,0.20603467669355885,0.39305203303057035,0.4065654865120515,0.3558889082044363,0.37122139939553467,0.33670709408105953,0.38287718542631755,0.2031882423801652,0.14079149474726263,0.12119954088525293,0.14829252771720958,0.293152166733258,0.228069114934171,0.20904597789156407,0.23933873224380142,0.43711254493814017,0.4339142029009948,0.3995454455504699,0.41438986057183325,0.10800434041053951,0.11647171615846869,0.0999326798014635,0.15787603686842394,0.12935390888227094,0.12145481329911703,0.1227555643689633,0.1228235009581477,1.0006442853505417,0.9992190202877637,0.6068217596462367,0.996669695278671,0.996702234625882,0.9972909800585348
2376.49574055,0.34239416135390127,0.33108761480403087,0.26648208651978667,0.15010128747204207,0.14815270998774113,0.13395238305856944,0.08463392380693156,0.08948379667213238,0.40876185819987715,0.4250376043335204,0.4145784718777745,0.4093224504516826,0.2778831472047346,0.2578745533306967,0.3124115763536223,0.3255071558244345,0.1428236045079508,0.26485953890916836,0.29260670650429654,0.20413468184972897,0.3869147935510971,0.40041575882481023,0.3472203987043348,0.36669387238517903,0.3331327518160155,0.37414592443895694,0.20032664838549064,0.1391524724715207,0.11921224541291646,0.145322806894111,0.289238635847961,0.22449108147293814,0.20494511072346744,0.23648634992547807,0.43593127705239876,0.43211298650449753,0.3979178593585497,0.41347025158634476,0.10798939993118206,0.11585033722872248,0.09933691726981639,0.1576149733519618,0.13069791963937688,0.12170387779901615,0.1231167025555558,0.12409454516179379,0.9992547463802037,0.9994054518420882,0.6082154166183691,0.996850945467795,0.9956017962376302,0.9967787732868306
2386.00068793,0.34166451893770866,0.3273482596224127,0.26454552849724794,0.14934364119972254,0.14814572911585835,0.13304714436253284,0.08451915604250793,0.08965314812292122,0.4072388651331234,0.4237192490009831,0.4133017880358354,0.4077927473125574,0.27765175831661487,0.25669230947087995,0.31178681500910527,0.32511486439259274,0.14186621216289919,0.26053343215828756,0.28564562127903287,0.201603066090976,0.3798335377845603,0.39284046044967585,0.33649144787847424,0.3606037688170595,0.3286179936944888,0.36363382048671744,0.19706742099540328,0.13711367140452904,0.11745590029644712,0.14237130217043623,0.2851121688362598,0.2210930012370221,0.20091277585167827,0.23296512584756743,0.43355181166145285,0.43018068345172505,0.3958944440148252,0.41182604178021304,0.10767904521021585,0.11585441447455032,0.09873835365215383,0.1568831778264476,0.1304551474408439,0.12134871789266874,0.12340329679403772,0.12413228755970378,0.9985316801124655,0.9992909231070557,0.6086784054284984,0.9966221805352685,0.9945892135071952,0.9960157249608386
2395.50989495,0.3403355404164326,0.3233634338926976,0.2613991205081894,0.14793064309259377,0.14784425269744272,0.13256028755728663,0.08413182809124806,0.09012327147641824,0.40720608258442303,0.42289749887679445,0.4131026685868672,0.40760698794601474,0.2774684668291496,0.2553539861298728,0.31035101990323977,0.3246128227010822,0.14146346424381737,0.2558080646319587,0.2781231345910279,0.199114178788328,0.37194431053299826,0.38376716509098036,0.32483167572236327,0.3538278341117935,0.32303712506571336,0.35133302223020174,0.19395571963619554,0.13470544933183712,0.1154876794328406,0.13970908735959192,0.2813248370310106,0.21784531829396267,0.19726567107144583,0.2296535169389103,0.43085908195265915,0.42888625088847715,0.394250230453678,0.40946807239452476,0.10714619854836352,0.11654081736837482,0.09851421572305989,0.15634907879487822,0.12957369259596271,0.12102878333918655,0.12244483155300001,0.12300458682422645,0.9985026793818234,1.000416422166798,0.6095001826078195,0.9960544462756215,0.994750721838042,0.9950523483782289
2405.02333345,0.3377092347735286,0.3181041423407536,0.2573962181484473,0.14627794397362143,0.1480667008034844,0.13335707320219167,0.08349312225894696,0.090451763740162,0.4069346815370936,0.4223637372120445,0.41331708088325914,0.40796499539084513,0.27666149360350584,0.25386132518698157,0.3088351925267248,0.32371284552624624,0.14084697945956226,0.25093557321188686,0.27114119704040374,0.19689480140063417,0.36370112532718746,0.37454777333856193,0.3128016233151704,0.3458515581662034,0.3167404731495782,0.33840560411524906,0.19051087900033897,0.13211237809647206,0.1131232873881726,0.1370533548731303,0.2769057105197871,0.21452337814661865,0.19374077543506593,0.22607622414325595,0.4284306106700647,0.4271994050044748,0.39172171023227886,0.40745860724700694,0.10620944753699295,0.11617082708909028,0.09802405845926662,0.1557138865812232,0.12862446821812062,0.11967872490819792,0.12018587009342205,0.1210653148187539,0.9991856488818608,1.0014432774657722,0.609675677915631,0.9952727475516321,0.9952099821830345,0.993824618424071
2414.54097557,0.3336629350108907,0.3118503050567661,0.2534309244666308,0.14442567002726756,0.14815797473865225,0.13463499895920283,0.08269108883282494,0.09050424068434615,0.4066642141710568,0.42221474922579244,0.4128220726281447,0.4082249529906935,0.2757998814299727,0.25252358143378917,0.30727492315418303,0.32199076851494096,0.13890529502589752,0.24735067577100592,0.2647272204550239,0.19460552728682748,0.3561275965090847,0.3671392890777147,0.3029595286725848,0.3387495226188375,0.3109738799448681,0.3273199057606889,0.1863717285769246,0.12947440611309233,0.11031211715107384,0.13483922464479678,0.27217148117524764,0.21033047379437744,0.1903423530795758,0.22226763967553081,0.4266791107157612,0.4252871813052884,0.3890867642555178,0.4059481998641507,0.10472447447163419,0.1148557476895605,0.09735691065910906,0.15466791767758975,0.12754660199153076,0.11699260735369497,0.1181925666372142,0.11854251569079699,1.0000527453799513,1.0017040742496766,0.6094315987419178,0.9947092209029309,0.9952667066138049,0.9934228620862441
2424.0627937,0.32937809788571587,0.30590897067964146,0.24873067257638892,0.14153489613643172,0.14799264830514186,0.13541967815606729,0.08195515848186345,0.08993363002508466,0.4070254734863027,0.421161987323774,0.41304983986230326,0.40734745635279757,0.27613933443928584,0.25144997295066057,0.3047066159069321,0.32047782966721655,0.13629194355800248,0.2445981941075912,0.25896534494405893,0.19275588086373238,0.3490627624556223,0.3600282256049479,0.2955975489999026,0.33407287080621034,0.3057919431738337,0.32005302609823116,0.1818534967361143,0.12772519371789465,0.10838879137242771,0.13296592919394856,0.26798012867703536,0.2053483231607463,0.18636377139312985,0.21901267333702404,0.42583691498381077,0.4243018361707892,0.3862596957981309,0.40333759202178593,0.10274137130808529,0.11317989093957287,0.09606272945635022,0.1533307499442299,0.12586967977311997,0.11336455710370287,0.1162926794380363,0.11641190999005543,0.9998263223413502,1.0018820654703775,0.6094703433416747,0.9955186796672292,0.9956104471049312,0.9953640140985205
2433.58876046,0.3262601869605169,0.3005491061489344,0.2439520134843751,0.13831872706643875,0.14847142473044272,0.1356377173271829,0.0804572589483039,0.08993055128239401,0.40626952994850185,0.41987373046726895,0.41377859087421764,0.4062527395254854,0.2764367540595655,0.25001352980170133,0.3031528477696982,0.3201121414709897,0.13442949899101864,0.24162640833988164,0.2541749787886497,0.19059866440389095,0.3431575291649018,0.3546081207998138,0.2893354998570636,0.3287850254300891,0.30078457089558763,0.3136638632901065,0.17789389504749376,0.12363661544740497,0.10686361017239182,0.1303478791299983,0.26365052442970616,0.20115249786526165,0.18205518204040214,0.21539000194577188,0.4245732268960201,0.42257079023694355,0.38544189633140236,0.4009446204533334,0.10062143354254446,0.11186016285786354,0.09550699097235026,0.15174660361015258,0.12401297129421592,0.11048902740719378,0.11352594069330821,0.11550364986768502,0.9994663987035977,1.0032171027044634,0.6106043888106025,0.996265792384352,0.9950008931973984,0.9975914817824413
2443.11884877,0.32198955284458386,0.2944145531332088,0.24035388943766547,0.1360755864556047,0.14935451101931213,0.13451758558757446,0.0812651081129781,0.08964527867189913,0.4049015658538994,0.417913774796813,0.41182216167222496,0.40366757535456504,0.27355539410138685,0.24782146177942418,0.3009689842727578,0.3186538673215087,0.1330070431651281,0.2389141762831955,0.2506550336165892,0.18878287364817378,0.3392340864698313,0.34957235662781433,0.2818954049699134,0.32384121444247727,0.29728971965390777,0.30643909111024464,0.1735164614718022,0.119038600922852,0.10330419147277878,0.12672272148997016,0.257421249532533,0.19838320186923228,0.17867781388818396,0.2099311074603737,0.4223028803194727,0.418807048037743,0.3847277061556823,0.39833828260648957,0.09933398731384711,0.11018127266205618,0.09373075188743875,0.15020361130079937,0.12186959406373749,0.1094589535488145,0.10999927165763332,0.1143052172114516,1.0000624299068408,1.003984939791025,0.6113418951952503,0.9954658992422916,0.9938166548433388,0.9957346289478672
2452.65303176,0.3152219565832437,0.28804922370553415,0.23801842572882234,0.1348482452767386,0.1504970610895976,0.13369209936560442,0.08273970791434111,0.08940295254167897,0.40234337785621765,0.4163151005393473,0.40873989727163335,0.40053052783286053,0.2695224241251463,0.24502895111508866,0.29726525641878143,0.3164200749265882,0.1306873168252627,0.23526106283948722,0.24702258038002453,0.18870680168298634,0.33552514364158553,0.3450468586432666,0.27459133641039335,0.3211725747254246,0.29391588155544707,0.30061998415158764,0.16882921806077802,0.11610719233697632,0.10038437294134883,0.12156917230022979,0.25213377741466975,0.19529798760320713,0.17502860943631224,0.20472349788457467,0.41862162129443387,0.415914530492874,0.38222405806843956,0.39617580103235595,0.09883026055805479,0.10965924528298744,0.09136394370920138,0.14842321895805968,0.12065405036202771,0.10823513415377374,0.10820173436976627,0.11171977924836546,1.00045805510579,1.0041729214154145,0.612206691290143,0.9929641345552997,0.9937823148182767,0.9923027711336138
2462.19128285,0.3097366080010959,0.28197835343166144,0.2342250120391002,0.13486523862210004,0.1512582222285508,0.1337898817105653,0.08377665099123105,0.08831858250333735,0.398806364231677,0.4132582597225418,0.40563935118911143,0.39857726373512353,0.2687307806048124,0.24282581190937852,0.29506547192419963,0.3140182986021711,0.13034812524895562,0.23223542549497922,0.2407755073747215,0.18887196691336341,0.33219764780158684,0.34191738859595183,0.2676967876776144,0.3174109197138978,0.28960425456378874,0.29606933765731785,0.16485336242605095,0.11297725165864954,0.09729116433169856,0.1163439012697606,0.2482729591494845,0.1914332388443657,0.1723170596263647,0.19948412491234946,0.41583840921989473,0.41336773752708955,0.3802750518870646,0.3940494327495905,0.09877756203206212,0.1094717709921652,0.0892762996148699,0.1461125616943797,0.12032138988709333,0.1078104747292599,0.1075053398754084,0.11085846765283107,1.0004323885036939,1.00607557805527,0.6138469327479078,0.9909528023325009,0.9944182729161346,0.9916119965382614
2471.73357568,0.3051903775458903,0.2781833749185708,0.22964610147458925,0.13436348466683806,0.15091883820177224,0.1350051434991334,0.08365334683219308,0.08679441541859209,0.3956723300809387,0.41066344906438795,0.4023038421178904,0.39717046478685236,0.27094828002216115,0.24175305324383595,0.29566063019525235,0.3116221925482639,0.12941934116823411,0.23057330029075274,0.2353527707801712,0.18704519100151318,0.32965779773022813,0.3398212456178349,0.2633786321270104,0.31199415419516463,0.286774324192998,0.29256419863687155,0.16181686345512333,0.10968205107812018,0.09451416715990427,0.11108742478763144,0.2450749322536019,0.18899930879551435,0.170434946433249,0.19726542146375153,0.4148483048747395,0.410213634007841,0.3772701266930492,0.3931975947124319,0.09908370589600102,0.10700085865597402,0.0883456788591907,0.14593269967591285,0.11944115461408927,0.1073644167999994,0.10773428201030855,0.11098505567270944,0.9994462522775884,1.0050912872032902,0.6146443715530256,0.9923095644980962,0.9953803717105706,0.9947330592362943
2481.27988414,,,,,,,,,,,,,,,,,,,,,,,,,,,,,,,,,,,,,,,,,,,,,,,,,,,,
2490.83018234,,,,,,,,,,,,,,,,,,,,,,,,,,,,,,,,,,,,,,,,,,,,,,,,,,,,
2500.38444467,,,,,,,,,,,,,,,,,,,,,,,,,,,,,,,,,,,,,,,,,,,,,,,,,,,,
