,10_Otago_00001 10_otago.,10_Otago_00002 10_otago.,10_Otago_00003 10_otago.,10_Otago_00004 10_otago.,11_Iceland_00001 11_iceland.,11_Iceland_00002 11_iceland.,11_Iceland_00003 11_iceland.,11_Iceland_00004 11_iceland.,15_Oxia_Sophia_00001 15_oxia_sophia.,15_Oxia_Sophia_00002 15_oxia_sophia.,15_Oxia_Sophia_00003 15_oxia_sophia.,15_Oxia_Sophia_00004 15_oxia_sophia.,2_Atacama_Red_00001 2_atacama_red.,2_Atacama_Red_00002 2_atacama_red.,2_Atacama_Red_00003 2_atacama_red.,2_Atacama_Red_00004 2_atacama_red.,3_Sabtha_00001 3_sabtha.,3_Sabtha_00002 3_sabtha.,3_Sabtha_00003 3_sabtha.,3_Sabtha_00004 3_sabtha.,4_Watchet_Bay_00001 4_watchet_bay.,4_Watchet_Bay_00002 4_watchet_bay.,4_Watchet_Bay_00003 4_watchet_bay.,4_Watchet_Bay_00004 4_watchet_bay.,4_Watchet_Bay_00005 4_watchet_bay.,4_Watchet_Bay_00006 4_watchet_bay.,5_Granby_00001 5_granby.,5_Granby_00002 5_granby.,5_Granby_00003 5_granby.,5_Granby_00004 5_granby.,6_Hydrothermal_Clay_00001 6_hydrothermal_clay.,6_Hydrothermal_Clay_00002 6_hydrothermal_clay.,6_Hydrothermal_Clay_00003 6_hydrothermal_clay.,6_Hydrothermal_Clay_00004 6_hydrothermal_clay.,7_Oxia_Teresa_00001 7_oxia_teresa.,7_Oxia_Teresa_00002 7_oxia_teresa.,7_Oxia_Teresa_00003 7_oxia_teresa.,7_Oxia_Teresa_00004 7_oxia_teresa.,8_Mudstone_00001 8_mudstone.,8_Mudstone_00002 8_mudstone.,8_Mudstone_00003 8_mudstone.,8_Mudstone_00004 8_mudstone.,9_Congo_00001 9_congo.,9_Congo_00002 9_congo.,9_Congo_00003 9_congo.,9_Congo_00004 9_congo.,00001 Standard.,00002 Standard.,00003 Standard.,Standard_retest_00001 Standard_retest.,Standard_retest_00002 Standard_retest.,Standard_retest_00003 Standard_retest.
Category,samples,samples,samples,samples,samples,samples,samples,samples,samples,samples,samples,samples,samples,samples,samples,samples,samples,samples,samples,samples,samples,samples,samples,samples,samples,samples,samples,samples,samples,samples,samples,samples,samples,samples,samples,samples,samples,samples,samples,samples,samples,samples,samples,samples,samples,samples,standards,standards,standards,standards,standards,standards
Root Data ID,10_Otago_00001 10_otago,10_Otago_00002 10_otago,10_Otago_00003 10_otago,10_Otago_00004 10_otago,11_Iceland_00001 11_iceland,11_Iceland_00002 11_iceland,11_Iceland_00003 11_iceland,11_Iceland_00004 11_iceland,15_Oxia_Sophia_00001 15_oxia_sophia,15_Oxia_Sophia_00002 15_oxia_sophia,15_Oxia_Sophia_00003 15_oxia_sophia,15_Oxia_Sophia_00004 15_oxia_sophia,2_Atacama_Red_00001 2_atacama_red,2_Atacama_Red_00002 2_atacama_red,2_Atacama_Red_00003 2_atacama_red,2_Atacama_Red_00004 2_atacama_red,3_Sabtha_00001 3_sabtha,3_Sabtha_00002 3_sabtha,3_Sabtha_00003 3_sabtha,3_Sabtha_00004 3_sabtha,4_Watchet_Bay_00001 4_watchet_bay,4_Watchet_Bay_00002 4_watchet_bay,4_Watchet_Bay_00003 4_watchet_bay,4_Watchet_Bay_00004 4_watchet_bay,4_Watchet_Bay_00005 4_watchet_bay,4_Watchet_Bay_00006 4_watchet_bay,5_Granby_00001 5_granby,5_Granby_00002 5_granby,5_Granby_00003 5_granby,5_Granby_00004 5_granby,6_Hydrothermal_Clay_00001 6_hydrothermal_clay,6_Hydrothermal_Clay_00002 6_hydrothermal_clay,6_Hydrothermal_Clay_00003 6_hydrothermal_clay,6_Hydrothermal_Clay_00004 6_hydrothermal_clay,7_Oxia_Teresa_00001 7_oxia_teresa,7_Oxia_Teresa_00002 7_oxia_teresa,7_Oxia_Teresa_00003 7_oxia_teresa,7_Oxia_Teresa_00004 7_oxia_teresa,8_Mudstone_00001 8_mudstone,8_Mudstone_00002 8_mudstone,8_Mudstone_00003 8_mudstone,8_Mudstone_00004 8_mudstone,9_Congo_00001 9_congo,9_Congo_00002 9_congo,9_Congo_00003 9_congo,9_Congo_00004 9_congo,00001 Standard,00002 Standard,00003 Standard,Standard_retest_00001 Standard_retest,Standard_retest_00002 Standard_retest,Standard_retest_00003 Standard_retest
Sample ID,10_Otago_00001,10_Otago_00002,10_Otago_00003,10_Otago_00004,11_Iceland_00001,11_Iceland_00002,11_Iceland_00003,11_Iceland_00004,15_Oxia_Sophia_00001,15_Oxia_Sophia_00002,15_Oxia_Sophia_00003,15_Oxia_Sophia_00004,2_Atacama_Red_00001,2_Atacama_Red_00002,2_Atacama_Red_00003,2_Atacama_Red_00004,3_Sabtha_00001,3_Sabtha_00002,3_Sabtha_00003,3_Sabtha_00004,4_Watchet_Bay_00001,4_Watchet_Bay_00002,4_Watchet_Bay_00003,4_Watchet_Bay_00004,4_Watchet_Bay_00005,4_Watchet_Bay_00006,5_Granby_00001,5_Granby_00002,5_Granby_00003,5_Granby_00004,6_Hydrothermal_Clay_00001,6_Hydrothermal_Clay_00002,6_Hydrothermal_Clay_00003,6_Hydrothermal_Clay_00004,7_Oxia_Teresa_00001,7_Oxia_Teresa_00002,7_Oxia_Teresa_00003,7_Oxia_Teresa_00004,8_Mudstone_00001,8_Mudstone_00002,8_Mudstone_00003,8_Mudstone_00004,9_Congo_00001,9_Congo_00002,9_Congo_00003,9_Congo_00004,Standard_00001,Standard_00002,Standard_00003,Standard_retest_00001,Standard_retest_00002,Standard_retest_00003
Species,10_otago,10_otago,10_otago,10_otago,11_iceland,11_iceland,11_iceland,11_iceland,15_oxia_sophia,15_oxia_sophia,15_oxia_sophia,15_oxia_sophia,2_atacama_red,2_atacama_red,2_atacama_red,2_atacama_red,3_sabtha,3_sabtha,3_sabtha,3_sabtha,4_watchet_bay,4_watchet_bay,4_watchet_bay,4_watchet_bay,4_watchet_bay,4_watchet_bay,5_granby,5_granby,5_granby,5_granby,6_hydrothermal_clay,6_hydrothermal_clay,6_hydrothermal_clay,6_hydrothermal_clay,7_oxia_teresa,7_oxia_teresa,7_oxia_teresa,7_oxia_teresa,8_mudstone,8_mudstone,8_mudstone,8_mudstone,9_congo,9_congo,9_congo,9_congo,standard,standard,standard,standard_retest,standard_retest,standard_retest
Subgroup,10_Otago,10_Otago,10_Otago,10_Otago,11_Iceland,11_Iceland,11_Iceland,11_Iceland,15_Oxia_Sophia,15_Oxia_Sophia,15_Oxia_Sophia,15_Oxia_Sophia,2_Atacama_Red,2_Atacama_Red,2_Atacama_Red,2_Atacama_Red,3_Sabtha,3_Sabtha,3_Sabtha,3_Sabtha,4_Watchet_Bay,4_Watchet_Bay,4_Watchet_Bay,4_Watchet_Bay,4_Watchet_Bay,4_Watchet_Bay,5_Granby,5_Granby,5_Granby,5_Granby,6_Hydrothermal_Clay,6_Hydrothermal_Clay,6_Hydrothermal_Clay,6_Hydrothermal_Clay,7_Oxia_Teresa,7_Oxia_Teresa,7_Oxia_Teresa,7_Oxia_Teresa,8_Mudstone,8_Mudstone,8_Mudstone,8_Mudstone,9_Congo,9_Congo,9_Congo,9_Congo,Standard,Standard,Standard,Standard_retest,Standard_retest,Standard_retest
Group,10_Otago,10_Otago,10_Otago,10_Otago,11_Iceland,11_Iceland,11_Iceland,11_Iceland,15_Oxia_Sophia,15_Oxia_Sophia,15_Oxia_Sophia,15_Oxia_Sophia,2_Atacama_Red,2_Atacama_Red,2_Atacama_Red,2_Atacama_Red,3_Sabtha,3_Sabtha,3_Sabtha,3_Sabtha,4_Watchet_Bay,4_Watchet_Bay,4_Watchet_Bay,4_Watchet_Bay,4_Watchet_Bay,4_Watchet_Bay,5_Granby,5_Granby,5_Granby,5_Granby,6_Hydrothermal_Clay,6_Hydrothermal_Clay,6_Hydrothermal_Clay,6_Hydrothermal_Clay,7_Oxia_Teresa,7_Oxia_Teresa,7_Oxia_Teresa,7_Oxia_Teresa,8_Mudstone,8_Mudstone,8_Mudstone,8_Mudstone,9_Congo,9_Congo,9_Congo,9_Congo,Standard,Standard,Standard,Standard_retest,Standard_retest,Standard_retest
Library,EXM_MRS,EXM_MRS,EXM_MRS,EXM_MRS,EXM_MRS,EXM_MRS,EXM_MRS,EXM_MRS,EXM_MRS,EXM_MRS,EXM_MRS,EXM_MRS,EXM_MRS,EXM_MRS,EXM_MRS,EXM_MRS,EXM_MRS,EXM_MRS,EXM_MRS,EXM_MRS,EXM_MRS,EXM_MRS,EXM_MRS,EXM_MRS,EXM_MRS,EXM_MRS,EXM_MRS,EXM_MRS,EXM_MRS,EXM_MRS,EXM_MRS,EXM_MRS,EXM_MRS,EXM_MRS,EXM_MRS,EXM_MRS,EXM_MRS,EXM_MRS,EXM_MRS,EXM_MRS,EXM_MRS,EXM_MRS,EXM_MRS,EXM_MRS,EXM_MRS,EXM_MRS,EXM_MRS,EXM_MRS,EXM_MRS,EXM_MRS,EXM_MRS,EXM_MRS
Sample Description,Sample 10,Sample 10,Sample 10,Sample 10,Sample 11,Sample 11,Sample 11,Sample 11,Sample 15,Sample 15,Sample 15,Sample 15,Sample 2,Sample 2,Sample 2,Sample 2,Sample 3,Sample 3,Sample 3,Sample 3,Sample 4,Sample 4,Sample 4,Sample 4,Sample 4,Sample 4,Sample 5,Sample 5,Sample 5,Sample 5,Sample 6,Sample 6,Sample 6,Sample 6,Sample 7,Sample 7,Sample 7,Sample 7,Sample 8,Sample 8,Sample 8,Sample 8,Sample 9,Sample 9,Sample 9,Sample 9,spectralon only,Setup,Setup + Grey,Spectralon Std retest,Spectralon Std retest,Spectralon Std retest
Date Added,"02/20/2024,02/20/2024","02/20/2024,02/20/2024","02/20/2024,02/20/2024","02/20/2024,02/20/2024","02/20/2024,02/20/2024","02/20/2024,02/20/2024","02/20/2024,02/20/2024","02/20/2024,02/20/2024","02/20/2024,02/20/2024","02/20/2024,02/20/2024","02/20/2024,02/20/2024","02/20/2024,02/20/2024","02/20/2024,02/20/2024","02/20/2024,02/20/2024","02/20/2024,02/20/2024","02/20/2024,02/20/2024","02/20/2024,02/20/2024","02/20/2024,02/20/2024","02/20/2024,02/20/2024","02/20/2024,02/20/2024","02/20/2024,02/20/2024","02/20/2024,02/20/2024","02/20/2024,02/20/2024","02/20/2024,02/20/2024","02/20/2024,02/20/2024","02/20/2024,02/20/2024","02/20/2024,02/20/2024","02/20/2024,02/20/2024","02/20/2024,02/20/2024","02/20/2024,02/20/2024","02/20/2024,02/20/2024","02/20/2024,02/20/2024","02/20/2024,02/20/2024","02/20/2024,02/20/2024","02/20/2024,02/20/2024","02/20/2024,02/20/2024","02/20/2024,02/20/2024","02/20/2024,02/20/2024","02/20/2024,02/20/2024","02/20/2024,02/20/2024","02/20/2024,02/20/2024","02/20/2024,02/20/2024","02/20/2024,02/20/2024","02/20/2024,02/20/2024","02/20/2024,02/20/2024","02/20/2024,02/20/2024","02/20/2024,02/20/2024","02/20/2024,02/20/2024","02/20/2024,02/20/2024","02/20/2024,02/20/2024","02/20/2024,02/20/2024","02/20/2024,02/20/2024"
Viewing Geometry,,,,,,,,,,,,,,,,,,,,,,,,,,,,,,,,,,,,,,,,,,,,,,,,,,,,
Other Information,"Acquired with 1    RS-3500_SN17580H8 [3]
Name: Instrument, dtype: object; 7,32,30,20,50,30 integration times; 100,100 scans averaged","Acquired with 1    RS-3500_SN17580H8 [3]
Name: Instrument, dtype: object; 7,32,30,20,50,30 integration times; 100,100 scans averaged","Acquired with 1    RS-3500_SN17580H8 [3]
Name: Instrument, dtype: object; 7,32,30,40,50,30 integration times; 100,100 scans averaged","Acquired with 1    RS-3500_SN17580H8 [3]
Name: Instrument, dtype: object; 7,32,30,50,50,30 integration times; 100,100 scans averaged","Acquired with 1    RS-3500_SN17580H8 [3]
Name: Instrument, dtype: object; 7,32,30,50,50,30 integration times; 100,100 scans averaged","Acquired with 1    RS-3500_SN17580H8 [3]
Name: Instrument, dtype: object; 7,32,30,50,50,30 integration times; 100,100 scans averaged","Acquired with 1    RS-3500_SN17580H8 [3]
Name: Instrument, dtype: object; 7,32,30,50,50,30 integration times; 100,100 scans averaged","Acquired with 1    RS-3500_SN17580H8 [3]
Name: Instrument, dtype: object; 7,32,30,50,50,30 integration times; 100,100 scans averaged","Acquired with 1    RS-3500_SN17580H8 [3]
Name: Instrument, dtype: object; 7,32,30,20,50,30 integration times; 100,100 scans averaged","Acquired with 1    RS-3500_SN17580H8 [3]
Name: Instrument, dtype: object; 7,32,30,20,50,30 integration times; 100,100 scans averaged","Acquired with 1    RS-3500_SN17580H8 [3]
Name: Instrument, dtype: object; 7,32,30,20,50,30 integration times; 100,100 scans averaged","Acquired with 1    RS-3500_SN17580H8 [3]
Name: Instrument, dtype: object; 7,32,30,20,50,30 integration times; 100,100 scans averaged","Acquired with 1    RS-3500_SN17580H8 [3]
Name: Instrument, dtype: object; 7,32,30,40,50,30 integration times; 100,100 scans averaged","Acquired with 1    RS-3500_SN17580H8 [3]
Name: Instrument, dtype: object; 7,32,30,40,50,30 integration times; 100,100 scans averaged","Acquired with 1    RS-3500_SN17580H8 [3]
Name: Instrument, dtype: object; 7,32,30,40,50,30 integration times; 100,100 scans averaged","Acquired with 1    RS-3500_SN17580H8 [3]
Name: Instrument, dtype: object; 7,32,30,40,50,30 integration times; 100,100 scans averaged","Acquired with 1    RS-3500_SN17580H8 [3]
Name: Instrument, dtype: object; 7,32,30,20,50,30 integration times; 100,100 scans averaged","Acquired with 1    RS-3500_SN17580H8 [3]
Name: Instrument, dtype: object; 7,32,30,15,50,30 integration times; 100,100 scans averaged","Acquired with 1    RS-3500_SN17580H8 [3]
Name: Instrument, dtype: object; 7,32,30,15,50,30 integration times; 100,100 scans averaged","Acquired with 1    RS-3500_SN17580H8 [3]
Name: Instrument, dtype: object; 7,32,30,20,50,30 integration times; 100,100 scans averaged","Acquired with 1    RS-3500_SN17580H8 [3]
Name: Instrument, dtype: object; 7,32,30,20,50,30 integration times; 100,100 scans averaged","Acquired with 1    RS-3500_SN17580H8 [3]
Name: Instrument, dtype: object; 7,32,30,20,50,30 integration times; 100,100 scans averaged","Acquired with 1    RS-3500_SN17580H8 [3]
Name: Instrument, dtype: object; 7,32,30,20,50,30 integration times; 100,100 scans averaged","Acquired with 1    RS-3500_SN17580H8 [3]
Name: Instrument, dtype: object; 7,32,30,20,50,30 integration times; 100,100 scans averaged","Acquired with 1    RS-3500_SN17580H8 [3]
Name: Instrument, dtype: object; 7,32,30,20,50,30 integration times; 100,100 scans averaged","Acquired with 1    RS-3500_SN17580H8 [3]
Name: Instrument, dtype: object; 7,32,30,20,50,30 integration times; 100,100 scans averaged","Acquired with 1    RS-3500_SN17580H8 [3]
Name: Instrument, dtype: object; 7,32,30,50,50,30 integration times; 100,100 scans averaged","Acquired with 1    RS-3500_SN17580H8 [3]
Name: Instrument, dtype: object; 7,32,30,50,50,30 integration times; 100,100 scans averaged","Acquired with 1    RS-3500_SN17580H8 [3]
Name: Instrument, dtype: object; 7,32,30,100,50,30 integration times; 100,100 scans averaged","Acquired with 1    RS-3500_SN17580H8 [3]
Name: Instrument, dtype: object; 7,32,30,100,50,30 integration times; 100,100 scans averaged","Acquired with 1    RS-3500_SN17580H8 [3]
Name: Instrument, dtype: object; 7,32,30,20,50,30 integration times; 100,100 scans averaged","Acquired with 1    RS-3500_SN17580H8 [3]
Name: Instrument, dtype: object; 7,32,30,20,50,30 integration times; 100,100 scans averaged","Acquired with 1    RS-3500_SN17580H8 [3]
Name: Instrument, dtype: object; 7,32,30,40,50,30 integration times; 100,100 scans averaged","Acquired with 1    RS-3500_SN17580H8 [3]
Name: Instrument, dtype: object; 7,32,30,20,50,30 integration times; 100,100 scans averaged","Acquired with 1    RS-3500_SN17580H8 [3]
Name: Instrument, dtype: object; 7,32,30,20,50,30 integration times; 100,100 scans averaged","Acquired with 1    RS-3500_SN17580H8 [3]
Name: Instrument, dtype: object; 7,32,30,20,50,30 integration times; 100,100 scans averaged","Acquired with 1    RS-3500_SN17580H8 [3]
Name: Instrument, dtype: object; 7,32,30,20,50,30 integration times; 100,100 scans averaged","Acquired with 1    RS-3500_SN17580H8 [3]
Name: Instrument, dtype: object; 7,32,30,20,50,30 integration times; 100,100 scans averaged","Acquired with 1    RS-3500_SN17580H8 [3]
Name: Instrument, dtype: object; 7,32,30,100,50,30 integration times; 100,100 scans averaged","Acquired with 1    RS-3500_SN17580H8 [3]
Name: Instrument, dtype: object; 7,32,30,100,50,30 integration times; 100,100 scans averaged","Acquired with 1    RS-3500_SN17580H8 [3]
Name: Instrument, dtype: object; 7,32,30,100,50,30 integration times; 100,100 scans averaged","Acquired with 1    RS-3500_SN17580H8 [3]
Name: Instrument, dtype: object; 7,32,30,50,50,30 integration times; 100,100 scans averaged","Acquired with 1    RS-3500_SN17580H8 [3]
Name: Instrument, dtype: object; 7,32,30,50,50,30 integration times; 100,100 scans averaged","Acquired with 1    RS-3500_SN17580H8 [3]
Name: Instrument, dtype: object; 7,32,30,100,50,30 integration times; 100,100 scans averaged","Acquired with 1    RS-3500_SN17580H8 [3]
Name: Instrument, dtype: object; 7,32,30,50,50,30 integration times; 100,100 scans averaged","Acquired with 1    RS-3500_SN17580H8 [3]
Name: Instrument, dtype: object; 7,32,30,50,50,30 integration times; 100,100 scans averaged","Acquired with 1    RS-3500_SN17580H8 [3]
Name: Instrument, dtype: object; 7,32,30,7,32,30 integration times; 10,10 scans averaged","Acquired with 1    RS-3500_SN17580H8 [3]
Name: Instrument, dtype: object; 7,32,30,7,32,30 integration times; 100,100 scans averaged","Acquired with 1    RS-3500_SN17580H8 [3]
Name: Instrument, dtype: object; 7,32,30,20,50,30 integration times; 100,100 scans averaged","Acquired with 1    RS-3500_SN17580H8 [3]
Name: Instrument, dtype: object; 7,32,30,7,32,30 integration times; 100,100 scans averaged","Acquired with 1    RS-3500_SN17580H8 [3]
Name: Instrument, dtype: object; 7,32,30,7,32,30 integration times; 100,100 scans averaged","Acquired with 1    RS-3500_SN17580H8 [3]
Name: Instrument, dtype: object; 7,32,30,7,32,30 integration times; 100,100 scans averaged"
Composition,,,,,,,,,,,,,,,,,,,,,,,,,,,,,,,,,,,,,,,,,,,,,,,,,,,,
Resolution,2.8nm@700nm 8nm@1500nm 6nm@2100nm,2.8nm@700nm 8nm@1500nm 6nm@2100nm,2.8nm@700nm 8nm@1500nm 6nm@2100nm,2.8nm@700nm 8nm@1500nm 6nm@2100nm,2.8nm@700nm 8nm@1500nm 6nm@2100nm,2.8nm@700nm 8nm@1500nm 6nm@2100nm,2.8nm@700nm 8nm@1500nm 6nm@2100nm,2.8nm@700nm 8nm@1500nm 6nm@2100nm,2.8nm@700nm 8nm@1500nm 6nm@2100nm,2.8nm@700nm 8nm@1500nm 6nm@2100nm,2.8nm@700nm 8nm@1500nm 6nm@2100nm,2.8nm@700nm 8nm@1500nm 6nm@2100nm,2.8nm@700nm 8nm@1500nm 6nm@2100nm,2.8nm@700nm 8nm@1500nm 6nm@2100nm,2.8nm@700nm 8nm@1500nm 6nm@2100nm,2.8nm@700nm 8nm@1500nm 6nm@2100nm,2.8nm@700nm 8nm@1500nm 6nm@2100nm,2.8nm@700nm 8nm@1500nm 6nm@2100nm,2.8nm@700nm 8nm@1500nm 6nm@2100nm,2.8nm@700nm 8nm@1500nm 6nm@2100nm,2.8nm@700nm 8nm@1500nm 6nm@2100nm,2.8nm@700nm 8nm@1500nm 6nm@2100nm,2.8nm@700nm 8nm@1500nm 6nm@2100nm,2.8nm@700nm 8nm@1500nm 6nm@2100nm,2.8nm@700nm 8nm@1500nm 6nm@2100nm,2.8nm@700nm 8nm@1500nm 6nm@2100nm,2.8nm@700nm 8nm@1500nm 6nm@2100nm,2.8nm@700nm 8nm@1500nm 6nm@2100nm,2.8nm@700nm 8nm@1500nm 6nm@2100nm,2.8nm@700nm 8nm@1500nm 6nm@2100nm,2.8nm@700nm 8nm@1500nm 6nm@2100nm,2.8nm@700nm 8nm@1500nm 6nm@2100nm,2.8nm@700nm 8nm@1500nm 6nm@2100nm,2.8nm@700nm 8nm@1500nm 6nm@2100nm,2.8nm@700nm 8nm@1500nm 6nm@2100nm,2.8nm@700nm 8nm@1500nm 6nm@2100nm,2.8nm@700nm 8nm@1500nm 6nm@2100nm,2.8nm@700nm 8nm@1500nm 6nm@2100nm,2.8nm@700nm 8nm@1500nm 6nm@2100nm,2.8nm@700nm 8nm@1500nm 6nm@2100nm,2.8nm@700nm 8nm@1500nm 6nm@2100nm,2.8nm@700nm 8nm@1500nm 6nm@2100nm,2.8nm@700nm 8nm@1500nm 6nm@2100nm,2.8nm@700nm 8nm@1500nm 6nm@2100nm,2.8nm@700nm 8nm@1500nm 6nm@2100nm,2.8nm@700nm 8nm@1500nm 6nm@2100nm,2.8nm@700nm 8nm@1500nm 6nm@2100nm,2.8nm@700nm 8nm@1500nm 6nm@2100nm,2.8nm@700nm 8nm@1500nm 6nm@2100nm,2.8nm@700nm 8nm@1500nm 6nm@2100nm,2.8nm@700nm 8nm@1500nm 6nm@2100nm,2.8nm@700nm 8nm@1500nm 6nm@2100nm
Grain Size,,,,,,,,,,,,,,,,,,,,,,,,,,,,,,,,,,,,,,,,,,,,,,,,,,,,
Locality,,,,,,,,,,,,,,,,,,,,,,,,,,,,,,,,,,,,,,,,,,,,,,,,,,,,
Database of Origin,ExoMars Mission Reference Samples,ExoMars Mission Reference Samples,ExoMars Mission Reference Samples,ExoMars Mission Reference Samples,ExoMars Mission Reference Samples,ExoMars Mission Reference Samples,ExoMars Mission Reference Samples,ExoMars Mission Reference Samples,ExoMars Mission Reference Samples,ExoMars Mission Reference Samples,ExoMars Mission Reference Samples,ExoMars Mission Reference Samples,ExoMars Mission Reference Samples,ExoMars Mission Reference Samples,ExoMars Mission Reference Samples,ExoMars Mission Reference Samples,ExoMars Mission Reference Samples,ExoMars Mission Reference Samples,ExoMars Mission Reference Samples,ExoMars Mission Reference Samples,ExoMars Mission Reference Samples,ExoMars Mission Reference Samples,ExoMars Mission Reference Samples,ExoMars Mission Reference Samples,ExoMars Mission Reference Samples,ExoMars Mission Reference Samples,ExoMars Mission Reference Samples,ExoMars Mission Reference Samples,ExoMars Mission Reference Samples,ExoMars Mission Reference Samples,ExoMars Mission Reference Samples,ExoMars Mission Reference Samples,ExoMars Mission Reference Samples,ExoMars Mission Reference Samples,ExoMars Mission Reference Samples,ExoMars Mission Reference Samples,ExoMars Mission Reference Samples,ExoMars Mission Reference Samples,ExoMars Mission Reference Samples,ExoMars Mission Reference Samples,ExoMars Mission Reference Samples,ExoMars Mission Reference Samples,ExoMars Mission Reference Samples,ExoMars Mission Reference Samples,ExoMars Mission Reference Samples,ExoMars Mission Reference Samples,ExoMars Mission Reference Samples,ExoMars Mission Reference Samples,ExoMars Mission Reference Samples,ExoMars Mission Reference Samples,ExoMars Mission Reference Samples,ExoMars Mission Reference Samples
Reflectance,---,---,---,---,---,---,---,---,---,---,---,---,---,---,---,---,---,---,---,---,---,---,---,---,---,---,---,---,---,---,---,---,---,---,---,---,---,---,---,---,---,---,---,---,---,---,---,---,---,---,---,---
900.0,1.0,1.0,1.0,1.0,1.0,1.0,1.0,1.0,1.0,1.0,1.0,1.0,1.0,1.0,1.0,1.0,1.0,1.0,1.0,1.0,1.0,1.0,1.0,1.0,1.0,1.0,1.0,1.0,1.0,1.0,1.0,1.0,1.0,1.0,1.0,1.0,1.0,1.0,1.0,1.0,1.0,1.0,1.0,1.0,1.0,1.0,1.0,1.0,1.0,1.0,1.0,1.0
903.28574336,0.9970041084590704,0.9981518805550389,0.9979510772900337,0.9971973472615459,0.9876620798098015,0.9879885904582107,0.9916692094621532,0.9924050472236369,0.9980810782561955,0.9984228836960467,0.9987005454016125,0.9985000149036394,0.999812074388154,0.9996473931092388,1.0,0.9997292977194074,0.9996810661475571,0.9994610926613616,0.9997838027393187,0.9996620197884372,0.9984973703107185,0.9996279289410058,0.9989806648464341,0.9994324247026556,0.9996354691401527,0.9994456761951733,0.9973513505975116,0.9972507233825829,0.9969172840815262,0.9973989211732648,0.997839346475108,0.9974687479176578,0.9977857517625807,0.997563289758353,0.9992632007402352,0.9995101986131255,0.9996849536666909,0.9995893816430138,0.9985074947820293,0.9984657719691926,0.9986054577829432,0.9987663492600883,0.9981920571710958,0.997990566823742,0.9975948687758573,0.9977101780387397,0.9998569217699594,1.0,0.9998601932562619,1.0,1.0,0.9999208819379574
906.618278421,0.9944106659359482,0.9963336819866263,0.996232303061439,0.9943513299587641,0.9749959131406004,0.976148125409812,0.983279670896082,0.9845487893570973,0.996220938445258,0.9967629044969364,0.9971426042191265,0.9970178923800208,0.9994811674239449,0.9991372210545271,0.9998385417775947,0.9998290192906724,0.9992932379783405,0.9989537973476075,0.999536379372198,0.9993939433187564,0.9971554619564583,0.9993877843979394,0.9981707760298615,0.9986688186037366,0.9992045152757373,0.9987555718331024,0.9949116057893493,0.9949102228721924,0.9940057067955226,0.9949582299351155,0.9958004372419766,0.9952379656812631,0.9959132475899451,0.9953185871391863,0.998343822340987,0.9985688066678178,0.9988435566601394,0.9993982411787073,0.9969188893246945,0.9970015013471832,0.9976288609149472,0.997461643580967,0.9964774817037076,0.9963040325126855,0.9955469572572478,0.995631594006053,1.0,1.0,0.9998474329951367,0.9998903711620313,0.9998204770736938,0.9999383165773982
909.999291084,0.9922142590311847,0.9947092433261414,0.9945515338070888,0.9917247912618615,0.9622418477441308,0.9639246455863234,0.9749634623989988,0.9761549738198964,0.9945164962885018,0.9949870363184043,0.9960235645072459,0.9953727938341035,0.9991496980753957,0.9987374430650564,0.9994457915513841,0.9998177870968309,0.9989036511884016,0.9986026738581887,0.9991450768483755,0.9991019733434775,0.9960891886048892,0.9993365248396064,0.9973108523245715,0.9982314205903099,0.9989936989970098,0.9978945177860149,0.9927033712450876,0.992727301711629,0.9915568778058398,0.9925266905283051,0.9939887920553319,0.9929511286986676,0.9940225893398312,0.9932218647554646,0.9976344032376654,0.9978596525856666,0.9981029951028403,0.9986230775021401,0.9953790693195694,0.9957548558619417,0.9963486206951528,0.9962481426213056,0.9951252587082845,0.9944813246813577,0.9932667628912196,0.9935859552602608,1.0,1.0,0.9998295481756726,0.9997364162689318,0.9997437813236122,0.9996164915946374
913.430570243,0.9901686169479463,0.9932377210973166,0.9927202034657623,0.9895834285939156,0.9495488569109305,0.9515144996072146,0.9664400634791395,0.9674892765730269,0.992979243690946,0.9933227802370924,0.9945979204739085,0.9941420175609946,0.9989072872212816,0.998671524847952,0.9992478849724612,0.999943439162509,0.9988047511818885,0.9983670093776162,0.9989222968134256,0.9987760640675518,0.9952598312415812,0.9990993391971434,0.9964612194476963,0.9980405427836652,0.9986458586222787,0.9972213320434562,0.9904678059041778,0.9902603440326349,0.9885754354253383,0.9906071360935506,0.9922219190834077,0.9907140706121201,0.9919524141151552,0.9913230629419922,0.9967167747908813,0.9972890523925427,0.9973763526789635,0.9975889184976959,0.9939393601733794,0.994319082408418,0.9947170245423789,0.9946482161179736,0.9935687673921277,0.9932294717818817,0.9906998885058511,0.9917253458371069,0.9999999999999998,1.0,1.0,0.9998180552623774,0.9997232919881944,0.999597741356291
916.914016797,0.9881757765175925,0.991545141140121,0.9907641775282622,0.9877093247645331,0.9369422856389037,0.9391188784995546,0.9578261010941929,0.958864766796842,0.9912541761687541,0.9919650336635643,0.9931183254839714,0.992986807249119,0.9988228469941822,0.9988261522997409,0.999010122280371,0.9996411232535587,0.9987763410512314,0.998227074411913,0.9989340149196542,0.9984925017790202,0.9942917781427132,0.9990853205889915,0.9959353618178928,0.9978262577078956,0.9985523910379344,0.9964352290000943,0.9882201865519151,0.9876420299519038,0.9857809973888744,0.9884382696476902,0.9905536399373506,0.9885996929124717,0.9903197201999943,0.9896264965987974,0.99568077835486,0.9966177836755273,0.996841632029741,0.9967428291701578,0.9926847767224373,0.9923840696733436,0.9928167301775959,0.9932141483754485,0.9916256034807923,0.9922277201257508,0.988818237273004,0.9899313000722892,0.9999999999999998,1.0,0.9999531467105292,0.9996737204390356,0.999641217491586,0.9996215495694429
920.451653694,0.9861829533952099,0.9899986507265105,0.9887646581001426,0.985663613139491,0.9244064256467092,0.9266826383088883,0.9493338855793666,0.950212914208665,0.9898482856642943,0.9906151411502853,0.9914078928548123,0.9916162509810915,0.9988696463472172,0.9990663074431747,0.9990055284126004,0.9991422116238244,0.9988227637111333,0.9982476365189051,0.9986832266434295,0.9984935541762643,0.993381552134995,0.9989039965780134,0.9956341558977556,0.997885288914582,0.9982954634387384,0.9956665150436537,0.9859778824791279,0.9850184489306429,0.9827906967742863,0.986091273054615,0.9887733395622541,0.9868767216588586,0.9888314249147169,0.9878558315972139,0.9950080708202677,0.9956083138337599,0.9963286115459675,0.9962427987839203,0.9918055206090401,0.9906685282324587,0.9913908972800215,0.9916444165750504,0.9898478436354246,0.9907807463349027,0.9871582216516277,0.9877551837415596,0.9999999999999998,1.0,0.9997798798143213,0.9994500731960668,0.9994946249063014,0.9994808552680496
924.045637162,0.9844280541077245,0.9883269424192891,0.9867309709949591,0.984214107716238,0.9120868682727595,0.9142583087919911,0.9406379686426655,0.9417256094458338,0.9884741106066561,0.9889304889699893,0.9894868634485793,0.9903949591612609,0.9989603001357331,0.9992122504576657,0.9989703069012894,0.9989779538950934,0.9987745966796465,0.9981010196903176,0.9988417600768464,0.998505507382699,0.9929696660491926,0.9991477922898221,0.9951938972808013,0.997766478302824,0.9981299399377367,0.9949447809192656,0.9840056800943902,0.9827727181073307,0.9798270366356396,0.9838886885672067,0.9871307763073585,0.9852181858278127,0.987304934347753,0.9861818077722566,0.9942923077514104,0.9948687656694223,0.9956071650072659,0.9953934036038034,0.99090595115129,0.9896706381578108,0.9903286413988781,0.990138361552225,0.9879727274632082,0.989057740538757,0.9854141297865046,0.9857301372961355,0.9999999999999998,1.0,0.9995674392102641,0.9996553552887003,0.99961142254957,0.9995521936492546
927.698269301,0.9827295494374696,0.9866944339436974,0.985167627220203,0.9829710059038618,0.9001544767621151,0.902274216852933,0.9319190198302677,0.9329282286078062,0.9868721638864423,0.9875683580496479,0.9879279856429044,0.989174333681926,0.9991383474491711,0.9993532531471686,0.9992974504482325,0.999309249063868,0.9987539259671567,0.9980976724744659,0.9990464030121498,0.9987677610525011,0.9926835586621642,0.9991547546906482,0.9950028888357079,0.9976609966285825,0.9981187879678692,0.9947273466154183,0.9823313653412798,0.981016181279521,0.976822874806117,0.9818264649808328,0.985458150181123,0.9837897520504042,0.9860127774603679,0.9846929516139705,0.9933966660927909,0.9942967974304198,0.9951309175782556,0.9945807198185938,0.9899493410164193,0.9889709065845254,0.9893770392931618,0.9889537822984525,0.9862438274902908,0.9873426851656449,0.9835945663418585,0.9839872697661215,0.9999999999999998,0.999934873209876,0.999314977413802,0.9995948661592945,0.99962397634268,0.9996425719912205
931.412012249,0.9810196102153514,0.985151112713166,0.9838232123088851,0.9810553567420865,0.888049606887194,0.8903044260738928,0.9234429973915844,0.9242282957105609,0.9852759346996226,0.9864267566302225,0.98646010115867,0.9878039861712617,0.9991459369068385,0.9996945687302263,0.9994023570656063,0.9993596937879976,0.99865637059201,0.997603947111757,0.9995080737010102,0.9987518693168321,0.9921961577209907,0.99904490699075,0.9948037390974288,0.9974153033654976,0.998346516490033,0.9944809806481554,0.9801289458699878,0.9790881689538558,0.9738958483055828,0.9795771352568438,0.983936658194381,0.9820417490706936,0.9846891289002183,0.9831286707531139,0.9923652423519248,0.9936361138996791,0.9944858875674996,0.9938458567800701,0.9883475379497024,0.9880762305525196,0.9885174831319743,0.9873424380630675,0.9845742090305555,0.98557869779371,0.9819020140101515,0.9822187804699306,0.9999999999999998,0.9999891270466189,0.9993810152608049,0.999716810579022,0.9996697219336339,0.9995504755465244
935.189504163,0.9791503965168502,0.984196663557827,0.9825535758900369,0.9796990401896015,0.8759153455133167,0.8786950419705846,0.9155186001778105,0.9153929008051497,0.984012332150073,0.9853845033488455,0.9855347212242935,0.9867070239664629,0.9994187937488538,0.9998687021307822,0.9995556933189899,0.9995100476002443,0.9984553573524585,0.9972087881060256,0.9995554260116905,0.9988520456067755,0.9917744703333367,0.9991112547401904,0.9946324769511126,0.9975007704470226,0.9988259977694278,0.9943545791601233,0.9780469786408644,0.977365442023884,0.9713702519095087,0.9777544952415981,0.9826341488558887,0.9801500673231865,0.9832993572232882,0.9816211840856981,0.9915270516234044,0.9927041413848776,0.9937849323658411,0.9932133605103658,0.9864411149384186,0.9867762885270189,0.9872957765065247,0.9860310356762978,0.9830577096043049,0.9843553814583397,0.9806814698159538,0.9804125384174489,0.9998934565982948,0.9999703119802571,0.9994881085404949,0.9997057191025809,0.9998799302950958,0.999584971202771
939.033577299,0.9774357194343081,0.9828232133422824,0.9814580719245511,0.9784280031983266,0.8637591786084452,0.8672360033809023,0.9075623917903198,0.9069782822109143,0.9828157694794772,0.9844958834186394,0.9845321483452484,0.9856473136685262,0.9997290010004518,1.0,0.9997347318011774,0.9994974179498992,0.997912659874676,0.9970348367284653,0.9994314388336432,0.9987171047225926,0.9913972138063591,0.9993905344499824,0.9944239564769637,0.9976945805118398,0.999317445551621,0.9942466105460468,0.975864378269432,0.9755929954081527,0.968882023088386,0.9758192198622924,0.981633545836849,0.978652619668593,0.9815638072397683,0.9801950069022354,0.9906781594747708,0.9917451829990146,0.9932232925926556,0.9927659166446363,0.9848703112797296,0.9852793612590317,0.9859904427326521,0.9847381887940881,0.9813487124233925,0.9831705330843474,0.9796325665059584,0.9789689571846276,0.9997348431765237,0.9999247601335887,0.9993900853505309,0.9997986296422265,0.9999437141771853,0.9996448097924071
942.947278561,0.9756653042581662,0.981474117322078,0.9802685578939659,0.9768500129132981,0.8515609302550793,0.8557956436720121,0.8995558424996362,0.89830742804708,0.9818448683115737,0.9836152823480897,0.9831797639869277,0.9843949884263363,0.9995851265600779,0.9998954874751259,0.9997454893504906,0.9996743668238679,0.9970093110200958,0.9963803503446257,0.999068710329761,0.9983535742092703,0.9905089814578065,0.9992386516422849,0.9939261055918783,0.9977877343561744,0.9991909415935964,0.9941782412480711,0.973732243441305,0.9735676092974304,0.9661874197303225,0.9739815184514212,0.9805019714280812,0.9770967136022353,0.9799860593570221,0.9788464461154927,0.9898873939623513,0.9907648199244767,0.992408585114275,0.991869111251478,0.9831361433491017,0.9840448159663427,0.9848273331739116,0.983426474225572,0.9802141152673307,0.9818813502856877,0.9781059990618846,0.9775010388184766,0.9996104853925285,0.9998747121544518,0.9996459005780899,0.9998927133490944,0.9999418126214736,0.9996648533774214
946.933892918,0.9737604981481712,0.980114388421945,0.9788065165239325,0.9752790582089264,0.8393521785841555,0.8444744743752347,0.8917057982809431,0.8903480191215185,0.9809746635308577,0.9826287356152567,0.9818956307208797,0.9834508941940029,0.9996573352542808,1.0,0.9998623595336539,0.9997651091778981,0.9959442242402444,0.9956562486822836,0.9985406541232568,0.997637854026387,0.9896404597520585,0.9994320493944636,0.9934190193060884,0.9978566385335669,0.999011397666775,0.994070876295086,0.9716669817997298,0.971499592755874,0.9631487768125346,0.971703922716999,0.9791791822886701,0.9756309986369667,0.9785050876876287,0.9776722132671398,0.9893908727813261,0.9898445899996333,0.9915916868084401,0.9909421206772521,0.9813483623445252,0.9823699309283955,0.9830542276592906,0.9821259887984743,0.9789619608571825,0.9807902259286978,0.9767798358185785,0.9759067130490239,0.9996039859856035,1.0,0.9995475825950592,0.9998829188156477,0.9999351965260826,0.9995431625336172
950.996970209,0.9720465353682616,0.9788379718348684,0.9776842959182013,0.9737394520387244,0.827805725869242,0.8335231434352971,0.8843154287166527,0.882532660512982,0.9801066012087557,0.9816719125521597,0.9808814383163643,0.9824996907291851,0.9997449337572694,1.0,0.999987701443434,0.9997740995195722,0.9945046182155853,0.9948519678236705,0.9980369700319681,0.9969444065145544,0.9887535583882114,0.9997637384718945,0.9930800444720294,0.9981176039498413,0.999008864759592,0.9940082060209754,0.9698743079945179,0.9695938429053061,0.9599445396407599,0.9693965902769474,0.9778428463494738,0.9740352621446213,0.9771386378138252,0.9762763550816027,0.9882389676245784,0.9886859594811266,0.9905829538826765,0.9901452560608448,0.9795322042827878,0.980282976674188,0.9811409904002871,0.9807417659955523,0.9774487504629117,0.9798957477861773,0.9752844128599708,0.9742084368765486,0.9994320943407344,0.9999603451663382,0.9993871710659857,0.9999832688624184,0.9999287143448581,0.9994729475398081
955.140355948,0.9702156035087977,0.9778307929903032,0.9763180380842965,0.9719040841677422,0.8167785802968569,0.8230145202312017,0.876708399178044,0.8753886893048728,0.979284718263803,0.9810291913716571,0.9802520053007376,0.9818101637122973,0.9998631566889059,0.999881057546538,1.0,1.0,0.99268756392595,0.9938428006283542,0.9973455812964839,0.9962757800757411,0.9879642311723691,0.9998932490661437,0.9928524508814086,0.9982204616743994,0.9992219421353629,0.9939196261531837,0.9681577022505334,0.9679331020467644,0.9566610729060043,0.9668230212893953,0.9767449714132463,0.9726058897377152,0.9758571450060339,0.9751056722409004,0.9868282708984113,0.9872248668896764,0.9895486686390429,0.9892702364935216,0.97783456083773,0.9786099681041373,0.9794409185190436,0.9793098622566818,0.9762804840445454,0.978736178456045,0.9737334869514213,0.9731749210959356,0.9994280242327079,0.9999508184359501,0.9992171383927284,0.9998601424148519,0.999828710818092,0.9995797495722701
959.368226885,0.9684395976422321,0.9766718392462264,0.9744872530586195,0.9704474057689711,0.806205514499881,0.8130410749859297,0.8688295162058327,0.8678653127334324,0.978879098146899,0.9804993782573863,0.9792891104866666,0.9811849324432332,1.0,0.9998829162298855,1.0,1.0,0.9905453445271653,0.992773507487843,0.9965830525742438,0.9954703205755709,0.9876266553029521,0.9999149474889582,0.9925221674908644,0.9981594839386937,0.9994002477324392,0.9938335365693532,0.9664268508609419,0.9661000774911529,0.9535991436126203,0.9641778752692491,0.9755654104251068,0.9709630313169875,0.9746835955761004,0.9739896730486476,0.9855352947278854,0.98578556914018,0.9885014853665841,0.988186576096916,0.9762800075534342,0.9772708222023422,0.9785780297095054,0.9777199401895703,0.9750913804678307,0.977915547333758,0.9718183287314786,0.9721054810553245,0.9996107570615114,0.9998971890772017,0.998957760267044,0.999731769919128,0.9998360447754722,0.9997434559960963
963.685132242,0.9664590674958088,0.9756192603014312,0.9726616960447947,0.9687560816206718,0.7957140736653721,0.802909217927058,0.8607776675131323,0.8606982195096472,0.9780470884854828,0.9797095336712406,0.978309452481832,0.9802190090165458,0.9999944194791964,0.99990851754525,1.0,1.0,0.9877119350092196,0.9916982870289119,0.9954075161851202,0.9940482744239636,0.9868958499398292,0.9997493107601171,0.9921570491447721,0.9982474397575418,0.9993286168858844,0.9933792574497223,0.9642066075108219,0.9643734844125842,0.9508400893291895,0.9616234930061592,0.9744874850581243,0.9699354485215205,0.9735932183551954,0.9728164701084512,0.9839287931244257,0.9841806286524846,0.9869024709547259,0.9865212903354512,0.9746668710045614,0.9760905885865986,0.9778458384030736,0.9763619696366378,0.9737128458597488,0.9768304298658679,0.9696649746482333,0.9707315618018013,0.9997893457893459,0.9999205327541416,0.9988441798936799,0.9996762533002159,0.999713580025016,0.9996706861988117
968.096041789,0.9645187882652485,0.9747098848930685,0.9708490797440779,0.9669610525419874,0.7857926779657031,0.7936861769242719,0.853306863825828,0.8542837780741515,0.9774029179392962,0.9789500338951764,0.9773943052979972,0.9793583027582119,1.0,1.0,1.0,0.9999860502987594,0.9843461249947749,0.9903058711066001,0.994111784608014,0.9924480216566086,0.9863631629002831,0.9992801113829749,0.9921384194986105,0.9986311219099022,0.9991515523862551,0.9930247865819274,0.9620808790251808,0.9626766246875003,0.9484230469636218,0.9592346468816562,0.9738711969967936,0.9691671669679027,0.9725025874206088,0.9717497706768106,0.9824105942272701,0.9826985693852361,0.9852708920457516,0.9849513529877164,0.9733441820055233,0.9747608634117884,0.9766048339468889,0.9754116555772535,0.9727232017676131,0.9757979631141789,0.9679235891094491,0.969446932355956,0.9999999999999998,1.0,0.9987858700413724,0.9993579993439774,0.99975099225022,0.9996540664235046
972.606402173,0.9625790646737692,0.9741470431513036,0.96939154174568,0.9654031894596221,0.7767446070829371,0.7848460697166707,0.8463653594492164,0.8481724347804316,0.9767526881178371,0.978451587130302,0.9767177145999704,0.9787733358185652,1.0,0.9998464735090637,1.0,1.0,0.9808027971391654,0.9886725100480697,0.9926275923956106,0.9905732242406656,0.9858774670019002,0.9990921533431726,0.9919086489684887,0.9990582231139663,0.9992925940008653,0.9925601315895617,0.9601983285505865,0.9611555442972415,0.9457968401530377,0.956984423573684,0.9735834413917267,0.9687158042362759,0.9710527361280186,0.9702577138177059,0.9811433253819783,0.9815858554823189,0.9835053319966114,0.9836313847112049,0.9725007434567021,0.9735325163909183,0.9751752341849885,0.9749840771426527,0.9721583809342149,0.9745568630300636,0.9663669125334797,0.9678866510881614,0.9999999999999998,1.0,0.998668247599368,0.9993526799341715,0.9997715508529464,0.9996672875724056
977.222203311,0.9610183901195744,0.9732692399893309,0.9685430281470155,0.9644672876204543,0.7684092562038538,0.7765327476913858,0.8401389865581268,0.8422291091910451,0.9758464125249842,0.97817279668766,0.9756904621798486,0.9778676216162581,1.0,0.9999951631055374,1.0,1.0,0.9765379207341083,0.9870604559986714,0.9908963553427161,0.9882365467291271,0.9854425421451851,0.9994202710521312,0.9916166357521294,0.9991206387675364,0.9999649744369035,0.992374608314941,0.9585363458355591,0.9598493875514038,0.94343793910211,0.9547325790159589,0.9729640485393238,0.9687822974151697,0.9692819638480471,0.9683574908721739,0.9799364331302416,0.9809125433865136,0.982154619928914,0.9822655721718729,0.9717490733921121,0.9726108885116697,0.9736904916960115,0.9747898929318342,0.9709111232521223,0.9732988405209315,0.9647399809931421,0.9656571137145715,1.0,1.0000000000000002,0.998481013834221,0.9991725700138306,0.999626727674288,0.9997511780291076
981.950057134,0.9593620122049373,0.9724011250264993,0.9680175641026885,0.9638960191727923,0.7604539483358389,0.768105541807144,0.8337812699147746,0.8358408560787609,0.9749708192616698,0.9778849172341931,0.975308313928745,0.976827154628006,1.0,1.0,1.0,1.0,0.9707225386508607,0.9852951955852247,0.9886965023885045,0.9848819891701331,0.9856622685588673,0.9998810760286854,0.9909811602280292,0.9992485142889538,1.0,0.992077752031949,0.9569200364348203,0.9590562376146478,0.9422428442701566,0.9533446901954573,0.9719853446055697,0.9696985823252108,0.9674446005029509,0.9655964595325958,0.9786406709738058,0.9800874155558369,0.9807733412159351,0.9807277227488159,0.9712386447142601,0.9724545668450107,0.9729474848523274,0.9751037016576303,0.9690948049968641,0.9723862961724328,0.9631856571355719,0.9632730795493873,0.9999999999999998,1.0,0.9983508460234419,0.9988737912648052,0.9992334740301406,0.9994888846272472
986.797291589,0.9570843549797199,0.9712733464752449,0.9674614777656274,0.963611670648512,0.7531262135446133,0.7599195516374103,0.8278730846898826,0.8291639769528993,0.9741696482521287,0.9778487760075691,0.9756416196140402,0.9756539915734841,1.0,1.0,1.0,1.0,0.9631310338375267,0.9834615199163226,0.9861888503143644,0.9803736173266813,0.986900957818841,1.0,0.989941761239088,0.999675243354134,1.0,0.9915130044092243,0.9553683122693531,0.9591098018458645,0.9422887290018276,0.9536949366882322,0.9706655111270429,0.9711018002749492,0.9658809012136763,0.9614464787606598,0.9777476381753346,0.9790071596619195,0.9787435712957073,0.9789021319108121,0.9718186717469292,0.973316365682168,0.9737431451451418,0.9757334808828165,0.966405961383033,0.972194966686233,0.961367047694938,0.9607698296279017,0.9999999999999998,1.0,0.9987342214317129,0.9984151737716745,0.9985414584948532,0.9989376659175954
991.720028203,0.9542871853030607,0.9697551823844536,0.9668058268020417,0.9628447192201636,0.7472332799881537,0.7530299910791629,0.8236520059500981,0.8233796350027209,0.9736381466407159,0.9779479884109797,0.9764142750839231,0.974518235955991,1.0,1.0,1.0,1.0,0.9578412670875894,0.9827170284278367,0.9845273324932573,0.976850076243616,0.9885956752475614,1.0,0.9887015634098306,1.0,1.0,0.9907656014591739,0.9538236152867277,0.9594281841721956,0.9426465996634457,0.954722108142845,0.9689692611980042,0.972169304167067,0.9650184930771831,0.9569521133942629,0.976841945454787,0.9775303414826013,0.976597415513809,0.9770025626601658,0.9724925341774426,0.9744725041888661,0.9749989575410866,0.9763980696054668,0.9632883789191601,0.9719303797218817,0.9590206693484343,0.9581858495274771,0.9999999999999998,1.0,0.9993642303801813,0.9979598557316939,0.9977960282394321,0.9983781564688426
996.671068522,0.9508026119239091,0.9676148922146319,0.9654429143028124,0.9609518901709544,0.7428050379614759,0.7480254669254808,0.8209288974212356,0.8193124311844593,0.9731217092832197,0.9779292046802753,0.9766246453390366,0.9735956446548076,0.9999706366579135,1.0,1.0,1.0,0.9568290711229825,0.9833519581279241,0.9842772955279349,0.9759651251381138,0.9892946724470881,1.0,0.9875972732985651,1.0,0.9996149633681612,0.989713060490325,0.9525644536409066,0.9590849664606975,0.9416410424172657,0.9551026910592741,0.9674991605545431,0.9720578928660291,0.9647410971362558,0.9538472559228455,0.9758857194964533,0.9757360356776443,0.9746228663047912,0.9751360480869047,0.9723195537856336,0.9744636656520521,0.9750838559427558,0.9763343375963957,0.9603790620335626,0.971297683016499,0.9564181806082419,0.9557619499763859,0.9999999999999998,1.0,0.9998033093286892,0.9977783504207327,0.9975971715932835,0.9980894740856828
1001.65061855,0.9478227455167907,0.965347761768784,0.9636781220315815,0.958698188267864,0.738800475038824,0.7439565935335454,0.8188497873992667,0.8165066576987878,0.972561207896706,0.9773921413169209,0.9758643342824368,0.9727571335880006,0.9999379416535715,1.0,1.0,1.0,0.9593268584723984,0.9849145023781305,0.9850984025897647,0.9771555326581223,0.9886543735076965,1.0,0.9864855921652135,1.0,0.9990967983035908,0.9888501737809882,0.9512558008611727,0.9578841979479346,0.9393952376949433,0.9541214802966814,0.9664387027658665,0.9713197949602402,0.9644280846515575,0.9519498362604234,0.9745066878012537,0.9741075642579234,0.9730192623972682,0.9732943971206081,0.9707623566592845,0.973426953651878,0.9738882483504169,0.9759016544606235,0.9581125040260566,0.969888642728042,0.9537474368231179,0.9533107465037185,0.9999999999999998,1.0,0.9999899241635166,0.9976643771638155,0.997399920649918,0.9976681792051068
1006.65888632,0.9446718630366729,0.962975244135133,0.9617518827011684,0.9559349003486026,0.7350909236620752,0.7405842285758505,0.8170528685314634,0.8141897410695013,0.9718931270649611,0.9767327869953545,0.9749334084635278,0.9721083298424044,1.0,1.0,1.0,1.0,0.9632628102762593,0.9865647911114337,0.9864525523933475,0.9792965991068716,0.9876754268556082,0.9999989199592619,0.9855850661719359,0.9998909252667093,0.9988009696589027,0.9880419855545972,0.9500531168641366,0.9564858150378092,0.9365786717979824,0.9524435896024234,0.9655615153568694,0.9701241237762906,0.9642679932649046,0.9507082877126728,0.9731018113923339,0.9722898894438685,0.9714277556350593,0.9715523029084578,0.968751873388445,0.9716600129025794,0.9720018263439392,0.975230517045483,0.9561388971861686,0.9681244585157449,0.9509499154425812,0.9507175400398783,0.9999999999999998,1.0,1.0,0.9977224471352665,0.9974498161469411,0.9976867836829914
1011.69608192,0.9416836219950444,0.9604204883843982,0.959625003229666,0.9530048470743137,0.7318469838520304,0.7375756694417104,0.81557655740824,0.8123079286420131,0.9710772770713608,0.9758946119260569,0.9738004112317669,0.971310829189411,0.9998544820957322,1.0,1.0,1.0,0.9678880932476241,0.9883362435815152,0.9879117028814396,0.9818202256502545,0.9864041031078119,1.0,0.984521645387717,0.9996825083966764,0.9984016100799891,0.9870746830171151,0.948796420381705,0.9548238687704249,0.9336515249178186,0.9504532240729364,0.9646620444396689,0.9688194565975194,0.9639653248382595,0.9497009219887338,0.971442838793009,0.9706630527012685,0.9699118544626363,0.9698869831837785,0.9667931087336747,0.9697637109952623,0.9700051430924308,0.9742774905692444,0.9540878463847243,0.9661915128149183,0.94821129630883,0.9482027553175139,0.9999999999999998,0.9999404862403923,0.9999470996241018,0.9977044041499059,0.9975399601894893,0.9977350024244208
1016.76241755,0.938640641414775,0.9580856200861023,0.9573588150083071,0.950291402657735,0.7294360116159746,0.73526337489104,0.814699156631173,0.8110205422319136,0.9702791631470985,0.9750161156870684,0.972785390748003,0.9705019039358225,0.9999460058801423,1.0,1.0,1.0,0.9725197110468792,0.9901563808702246,0.989782733257281,0.9844065788171863,0.9851440360855568,1.0,0.9835675713296488,0.9994887781439529,0.9982274391280346,0.986009532562638,0.9477679943711286,0.9530484266565769,0.9308255761994745,0.9486815488217101,0.9638366819914489,0.9677138869473079,0.9635834619854445,0.9487568242565176,0.96999041659082,0.9690969916685824,0.9685882864617322,0.9684189591377292,0.965042407338783,0.967893719324953,0.967940278944894,0.9729879130603697,0.9521342490628398,0.9643270189331777,0.945295964945891,0.9460221561445222,0.9999999999999998,1.0,1.0,0.9977661172238196,0.9975606338711238,0.9977503599085812
1021.85810749,0.9354436916916615,0.9558062222297382,0.9547548184086928,0.9472826493354207,0.7279466068883328,0.7337220602835985,0.814264294968266,0.8104408309897272,0.9693209444091845,0.9739652749002352,0.9717095158355116,0.9697074595632116,1.0,1.0,1.0,1.0,0.9769805742649899,0.9921047888700679,0.991668709660973,0.9868490192989902,0.9837443430746481,0.9995971185769704,0.9822343208931573,0.9989523320964977,0.9978247656101323,0.9849369254876916,0.9466327604115933,0.9512615342674199,0.9284501174223427,0.9466325658499388,0.9630571356396987,0.9668631718799163,0.9627779681176482,0.9476891680453357,0.9683510773190295,0.9675378201031289,0.9672572538006297,0.966893258877614,0.9633335736400345,0.9658385060638588,0.9656586091168944,0.9711581684429158,0.9499049997536729,0.9623707473730767,0.9421355445201354,0.9435396541260143,0.9999999999999998,0.9999999999999998,0.9999111114586383,0.9978395102699442,0.9975697039348227,0.9976753506592748
1026.97288016,0.9320280060857232,0.953641666915678,0.9519874729320502,0.9441547302189854,0.7270448047285084,0.7329708407464289,0.8141681188152957,0.8101690253898115,0.9679822585624092,0.9727291851891094,0.9705780618885117,0.9685974315884542,1.0,1.0,0.9998822582245428,1.0,0.9811297650866972,0.993763792771386,0.9932715159273783,0.988998940423446,0.9818328835357519,0.9988047393805156,0.9809016543097112,0.9980900709995889,0.9973221968081013,0.9833666558725837,0.9450975805465618,0.9491999924240644,0.9258200580072927,0.9443203667496518,0.9621440704444045,0.9658758943196012,0.9619081155954142,0.9467929311973947,0.9665384781873494,0.9662003845857977,0.9656584546392689,0.965468622579667,0.9613602641756136,0.9631691808212399,0.9629641038007937,0.969205455775558,0.9474114399782939,0.9598561734382697,0.938845602803399,0.940387561322731,0.9999999999999998,1.0,0.9997845659943878,0.9978319795995105,0.9975437560074782,0.9977202596611708
1032.10649695,0.9288129000048089,0.95162665240633,0.9495599136087086,0.9417298700454073,0.7273241575835468,0.7335610086805158,0.8147604549967113,0.8105886656752934,0.9669044841767651,0.9716966033486355,0.9695249054158462,0.967618063335539,1.0,0.9999706198719296,1.0,0.999827566711872,0.9849128259557332,0.9955260994258641,0.9948677823340952,0.9913778725317279,0.9801065786917192,0.9983071542913,0.9796379935298596,0.9970722878682022,0.9969416517485769,0.9818995516872135,0.9437512308110373,0.9475515199666611,0.9233802261461288,0.9424475161261636,0.9614580880111325,0.965199606901103,0.9612547659852926,0.9463405255182261,0.9649214422992615,0.9648965866525645,0.9643152827187593,0.9643197277681851,0.9591749873497495,0.9605989596090407,0.9610620811930665,0.9674780802044539,0.9451435691180493,0.9576037361408585,0.9358636100580828,0.9375775337864566,0.9999999999999998,1.0,0.9998591218484953,0.9978356644968538,0.9974560110333981,0.9975968145489023
1037.25897753,0.9253431943395205,0.9496725946948049,0.9471006283958727,0.9392891585465026,0.7286299305721651,0.7347495056321923,0.8161131347510764,0.8115314918297578,0.965757626523545,0.970722476198834,0.9682809090866944,0.9665143996372939,0.9997932385749625,0.9999587217230759,1.0,0.9995897503796107,0.9883897019365993,0.9970555552364734,0.9963768126968032,0.9933978798111341,0.9783343601900917,0.9976743640106062,0.9781549917661615,0.9956937260464386,0.9961472922098703,0.9805878880084044,0.9424171237077895,0.945685559063421,0.9208381237733334,0.9404703083758015,0.9610682951559195,0.9645243922608159,0.9608057508530624,0.9461806039871065,0.9635458362829916,0.9637479656011649,0.9629629691675432,0.9633531910213033,0.9565144529029181,0.9582333222715785,0.9593406120519575,0.9656629267738174,0.9425179017576982,0.9552587063530295,0.9328261195354478,0.9344721054109256,0.9999999999999998,1.0,0.999978008649557,0.9976377349759377,0.9973841315470394,0.9973489356414601
1042.4303413,0.9219852034912961,0.9475543194260604,0.9444096209946977,0.936477799425442,0.7307208916000779,0.7368390490617192,0.818162241921151,0.8134031867581243,0.9646377899966794,0.9693264076044252,0.966983365402707,0.9653304789453051,0.9992686253861511,0.9995062904007931,0.9997016627053122,0.9988922300652894,0.9912532948605517,0.9980475711217983,0.9975973354965878,0.9947560907061402,0.9763877846055489,0.9969155623282542,0.9765586978861803,0.9947576510534337,0.9949536438746034,0.9789855491190285,0.9412226305906872,0.9437456115350341,0.9185722478433078,0.9388311192547256,0.9604894784211937,0.9636639590929149,0.9603321285463892,0.9461420797938015,0.9623961065241537,0.9624289883099959,0.9617449906190793,0.9623431292346835,0.9538184047868705,0.9558946447709344,0.9570755082863395,0.9636397641343771,0.939932455467456,0.9528712054683953,0.9296407118272272,0.9309140385148085,0.9999616960182912,1.0,1.0,0.997636099038125,0.997383350200343,0.9972957429223107
1047.62060737,0.9188863832084816,0.9453054612689601,0.9417855654886552,0.9335151428513234,0.7335654557760192,0.7398333967936943,0.8208616136534843,0.8160996981969025,0.9632842304979963,0.9679156913691284,0.9655304987783084,0.9641902683518228,0.9982947937582323,0.9989537278077558,0.9988935571645982,0.9982045548572217,0.9936559225481914,0.9985590535078381,0.9982864734004463,0.9959397473905454,0.9741365178747426,0.9960737427910211,0.9748657236260428,0.9937776559663986,0.9935570525183359,0.9774441604623496,0.9402227520696872,0.9422057348831866,0.916438219751489,0.9372325261816516,0.960059655195792,0.962968527094564,0.9599737165162556,0.9460693721502387,0.9613222131215271,0.9611702587096169,0.9607157262317967,0.96134064273223,0.9515332056886666,0.9536791560622381,0.9544960037631195,0.9617392412927898,0.9374082311226848,0.9504990781287348,0.9267089506985324,0.9278307334252737,0.9999999999999998,0.9998998645328042,0.999972277052976,0.9976127520079096,0.9973310148010912,0.9973727497667543
1052.82979459,0.9159565816301803,0.9431505743700523,0.9392881783924356,0.9306869196834477,0.7372686857480919,0.743763444368852,0.8244513872842992,0.819269393379545,0.9618861098468443,0.9665625391005489,0.9640358690065162,0.9630303607176431,0.9972540311631415,0.9978457114884767,0.9979959681644823,0.9973379185810649,0.9957182407014058,0.9990202863623446,0.9988823429687175,0.9969516068257971,0.9718219555318339,0.995096715292448,0.9730817459568236,0.9927836192493492,0.9922499313139828,0.9759740204359006,0.9394539716102397,0.9407584107867725,0.9144846323369981,0.9356190679613064,0.959651847237654,0.9623653886249091,0.959674400192649,0.9460261269424123,0.9602514437533223,0.9600366386415945,0.9597954375146132,0.960569164214332,0.9494162744377114,0.9514644645340714,0.9524133852174705,0.9599412785555294,0.934913486211599,0.9481480004284782,0.9240043238946014,0.9248178124771849,0.9999999999999998,1.0,1.0,0.9976688249329407,0.9973276243847448,0.9972258457826738
1058.05208946,0.9131767691008009,0.9409284386640979,0.9368342961595383,0.9281177542007216,0.741905272452456,0.748696990737491,0.8285150608098154,0.8228190189405086,0.9606370298967128,0.9652506021102077,0.962677449623448,0.9618353232690043,0.9961592042569523,0.9968496255397008,0.9971075914539973,0.9964126648090812,0.9972078604453954,0.9993502448098226,0.9993012531438639,0.9978902016525707,0.9695899933219214,0.9942876933023679,0.9714689599692417,0.9917456528334266,0.9910542378794086,0.974574920459001,0.9387438085908336,0.9396052562527472,0.9126320449058336,0.9343218312117111,0.9594198510664447,0.9622190876798155,0.9593885656153274,0.9461192507507065,0.9594517662898284,0.9594403723000002,0.9590967742976496,0.9598785838316608,0.9472432064842797,0.9491922132456264,0.9501940360639024,0.958331659331545,0.9322754502360517,0.9453766484443653,0.9212858360611905,0.9219121429647222,0.9999999999999998,1.0,0.9999644396081082,0.9975832175732217,0.997383728211189,0.9972841241199659
1063.2810895,0.9102100468393179,0.9389823898565781,0.9345652247110182,0.9256063959312971,0.7474548548051204,0.7543821644819505,0.8331080452644436,0.8271464054759324,0.9594861870989055,0.9639477350368806,0.9615202217961974,0.9604728129647976,0.9950598654165231,0.9958844565876762,0.9958716604944404,0.9952024991211802,0.9985301103730986,0.99972513766421,0.9997910002901602,0.998699216559299,0.9673072927568893,0.9933776750949677,0.9700288849974588,0.9907725475859751,0.9901334990366237,0.9730942305168325,0.9380146761698767,0.9386597105223123,0.9110354558076758,0.933232474587393,0.9594547742140296,0.9622102978122078,0.9595399084140946,0.9464734301973325,0.9588243208407033,0.9589150435259002,0.9587273738560317,0.9595110465251026,0.9449942868184323,0.9467684254813994,0.9480364099107155,0.9568015079531161,0.9299392534060137,0.9427192360372723,0.9187504541676185,0.9190545541357731,0.9999999999999998,1.0,0.9999603640134088,0.9975808771405786,0.9972033601161892,0.9973197355559216
1068.51675432,0.907531360794701,0.9370124759722679,0.9322761456295467,0.9229951240446436,0.7538214921028547,0.7607171204777061,0.838648784077718,0.8324540356577349,0.9584877460228852,0.9629028938685249,0.9600275071828307,0.9590021403445624,0.9936815367293402,0.9949512127713191,0.9945387065911735,0.9938330071059817,0.9993330540948788,1.0,1.0,0.9992278892555704,0.9650455644899527,0.9923803778835473,0.9685723984396455,0.9896747756585487,0.9890946677161445,0.9715302194873314,0.9373741589342781,0.9378573695420681,0.9095010235069436,0.9320582109367934,0.9594809779882881,0.9620754572075375,0.9600248175101241,0.9468150466491219,0.9582495383581401,0.9584967442662105,0.9585088491111702,0.9592168926028632,0.9432316111379863,0.9446361471917984,0.9456527663099414,0.9552131443495798,0.9278195516403508,0.9402445129124609,0.9162932842914229,0.9165328007467369,0.9999999999999998,1.0,0.9997500552333124,0.9976008552615893,0.9971333067177323,0.9972996096852477
1073.75904388,0.9048672222780048,0.9351942375312758,0.9301134082758571,0.9200705992955327,0.7606370537726821,0.7676700817826032,0.8442693681048465,0.8384136324313048,0.9574555021684129,0.9617320510633787,0.9583718280172857,0.9574503257357094,0.991942527190237,0.9938905267262248,0.9931448945175669,0.9922820024532742,0.9998183210167805,1.0,0.9999440361406964,0.9994911896452673,0.9629904173804256,0.991292216684433,0.9669595574449894,0.9882607336135281,0.9880307012777296,0.9699440803386163,0.9370619928197954,0.9370354990416505,0.9078471202271378,0.930811593253559,0.9594505636980685,0.962190689993539,0.9603971581164538,0.9472367065693872,0.9580045177530592,0.9581267762128293,0.9582681710517071,0.9593025579638507,0.9416159093595357,0.9428397388840292,0.9434049980997239,0.9536167866388434,0.925452572139104,0.9380209244067468,0.9139648752084345,0.9140134015369611,0.9999999999999998,1.0,0.9996239086598717,0.9973639190238673,0.997028989006177,0.9972744146771321
1079.00791838,0.9022764086300182,0.9335011727269779,0.9280807455227801,0.9173651207431242,0.7682169265065025,0.7750987737326775,0.85018306944086,0.8445750584854833,0.9562969497639973,0.9607511644748262,0.9570977516128232,0.9560355565353386,0.9901049669606332,0.9928294104765603,0.99192007439779,0.9909498598501282,0.9999931222827402,1.0,0.9996469107623427,0.9998488850040912,0.9611261734179706,0.9902623692848285,0.9653189750346721,0.9869290097733754,0.9867765087813758,0.9683135381617738,0.9371978859654079,0.9363940048896894,0.9060959177240767,0.9295118266632606,0.9597612796912943,0.9623932211271878,0.9608730429048066,0.9479018671419321,0.9578047010651366,0.9578680641416621,0.9584267282342498,0.9595276863541274,0.9402961079937833,0.9410895986061076,0.9414399696923824,0.9520300565105394,0.9235107000631484,0.9358742259212932,0.9117198403914933,0.9116269997460814,0.9999999999999998,1.0,0.9995747694586099,0.9972702359991326,0.9970885365024037,0.9972605785522756
1084.26333836,0.9002955204399452,0.9318647508761352,0.9263610776244114,0.9150992194841737,0.7766599079831495,0.7834718884456457,0.8568379311090195,0.851398292628733,0.9553026057866074,0.9596029845263024,0.9561151027703098,0.9549629416887463,0.9886746451392426,0.9916586263282507,0.9908998076038148,0.989948813996775,1.0,1.0,0.9997352893457719,1.0,0.9594739102471492,0.989724802145226,0.9638379332388533,0.9857365182417362,0.9858154692099571,0.9668493510646273,0.9374075398225302,0.9359042007908255,0.9045603501521188,0.9284086993433768,0.9603990662547197,0.9632235924544102,0.9614517225450607,0.9488213515050083,0.9580373282911552,0.9580796970748822,0.9587466880092006,0.9597738767083642,0.9389109887315686,0.9390108002670193,0.9395000944238782,0.9509412114709311,0.9221043484303819,0.9341419980349532,0.9095968535961522,0.9093886164845982,0.9999999999999998,0.9999336296684582,0.9995795165251025,0.9970855199152735,0.9969826345023708,0.9972337453378946
1089.52507305,0.8986051739125613,0.9305418087749691,0.9249092751446859,0.913078054716693,0.7860239542265566,0.7927055024743267,0.8639338975135035,0.8585527741121263,0.954464539926375,0.9585252907584478,0.9555147442761569,0.9539601056414045,0.987329066182939,0.9906278686836303,0.989983806215324,0.9891209774304541,1.0,0.9999945244565173,0.9998826501641281,1.0,0.9583243439405373,0.9894843461566659,0.9627070255453674,0.9850981976913378,0.9850161371145112,0.9655928031118066,0.9377138354542343,0.9360094702675752,0.9036123293997299,0.9278415299357495,0.9614176177041384,0.9641735685560501,0.9626411873699132,0.9502056670067952,0.9586759619445961,0.958623548092635,0.9595661018477515,0.9601518749192022,0.9374061870163911,0.9371924138638871,0.9378283408925101,0.9499923068866508,0.9208755913320228,0.9329411815533853,0.9076969030826928,0.907431900119679,0.9999999999999998,1.0,0.9996293476431098,0.9971336528830042,0.9970130321811815,0.9972165598019567
1094.78823545,0.8969266481953101,0.9292503218309606,0.9233699391679125,0.9111986477052283,0.7957077662842271,0.8022036529793214,0.8713366469489419,0.8656916991142942,0.9535587652208938,0.957399908511293,0.954688819918242,0.9528626308580203,0.9861362763851154,0.9895374375387074,0.9889400351191602,0.9879483551178752,1.0,0.9999394964799921,1.0,0.9999516706931049,0.9569479585051305,0.9891776823605841,0.9615619705667279,0.9843511703655321,0.9841446718634034,0.9645374366887036,0.9379235735266247,0.9361345836484593,0.9029465518577682,0.9276928735565427,0.9624772661814837,0.9651270174484394,0.9639328379279164,0.9517584938887057,0.9593049158235233,0.9590843521282186,0.9604380532030325,0.9606090007818734,0.9358770033415591,0.9358748333543724,0.9364525862616775,0.9487392643066153,0.9199640914247063,0.9317633580884161,0.9060656508607842,0.9057421957976218,0.9999999999999998,1.0,0.9996855137789311,0.9973512774581557,0.9969720014176099,0.9973602056110387
1100.05281299,0.8954358925063719,0.9280712737015816,0.9220475309394303,0.9096979731377512,0.8053685568997271,0.8121106003715318,0.8788854707620831,0.8732125342903404,0.9525760954828639,0.9562096248167127,0.9537276572597571,0.9517276105895079,0.9848899637871749,0.9882618260287656,0.9878249109272372,0.9866025751176145,1.0,0.9998805656387345,0.9999901403720441,0.9996805693326795,0.9555814346094201,0.9885919962720947,0.9606457751418623,0.9836011700722733,0.9833596888987323,0.9632886259554356,0.9379098039624437,0.9359551064790739,0.9025915957786441,0.9277589268925696,0.9637179573679931,0.9662066273595027,0.9651945552162393,0.9534316053044342,0.9599531440166923,0.9597596710789291,0.9611976281881257,0.9613657353124115,0.9345438484611882,0.935038381614622,0.9355175488617162,0.9477489449896175,0.918646867992817,0.9304703498184531,0.9048588198880401,0.903961577288256,0.9999999999999998,1.0,0.9996733652033051,0.9973474001874193,0.9969400659857708,0.9973214510408561
1105.31879326,0.8940089574814056,0.9272109820049542,0.921171739841672,0.9084569841992136,0.8151932138815695,0.821747332400995,0.8866446362375845,0.8807861639480322,0.9516497363704695,0.9547551605544063,0.9527124232357551,0.9506943332312277,0.9835606804441526,0.9870412044330632,0.986593999953934,0.9852520190250511,0.9999271997179199,1.0,0.9998512569920193,0.9995712210152957,0.954367398020494,0.9879031663454388,0.9599838645792587,0.9826906383023479,0.9824763124658115,0.962507502578812,0.9379245172817038,0.9358662046762519,0.9023332106622713,0.927785622301487,0.9650278198593405,0.9671119724352703,0.9664745014132861,0.9549955650394026,0.9606226034726686,0.9605315774649666,0.9620296911459133,0.9621733541507549,0.9333830274167639,0.9342340750815085,0.9346593137834239,0.947305306616036,0.9172949707786894,0.9291994219703619,0.9037660417095039,0.9021888020056985,0.9999999999999998,0.9999500262693362,0.9997231978971176,0.9974044811725937,0.9969242316631974,0.997324028064327
1110.586164,0.8927959402416366,0.9263543127204934,0.9204158246847852,0.9072175077223225,0.8252410312019143,0.8310421113840386,0.8943030853719535,0.8882895976211367,0.9506157383437573,0.9534305748765282,0.951726100209869,0.9497511602961829,0.9821509652503093,0.9858332238128805,0.9856431746256131,0.9839001073691463,0.9997991136429525,0.9999782249670306,0.9995026722735258,0.9994563868390168,0.9534082320219792,0.9870472470378555,0.9591319081338129,0.9816530009674271,0.9818305272429294,0.9616763627257557,0.9383546774120015,0.9358287706732203,0.9021670190471376,0.9281633506841328,0.9663231926999175,0.9680675950797936,0.9678128457187269,0.9566128393701174,0.9613686815746415,0.9613815058115233,0.9629872423187557,0.9629466927244618,0.9325179084782532,0.9331339646889452,0.9340041269025638,0.9471576646839182,0.9159108817137414,0.9280186407791376,0.9025481181315924,0.9005539343059662,0.9999999999999998,1.0,0.9995392247518045,0.9974304702106875,0.9968940759775102,0.9973054464820725
1115.8549131,0.8919957162292502,0.9255220632777618,0.9196623029520183,0.9061223609691881,0.8349625807482381,0.8402551795454177,0.9015792658142007,0.8956981219372613,0.9494989395382386,0.9521121608077016,0.950654680680543,0.9488901094821279,0.9805828102407592,0.984493560661884,0.9843450394995823,0.9823488299138939,0.9993598315143849,0.9998909631384663,0.9992250106586642,0.9992507912060704,0.9527579585303344,0.9865863678536483,0.9586700252299494,0.9809447481848046,0.981238470111692,0.9609519565414777,0.938990363089938,0.9361068789042725,0.9024116190083123,0.9284463637637582,0.9676063870666818,0.9692479052814301,0.9692687836298659,0.9582620990571523,0.9621083111932308,0.9620487683972457,0.9638992386562718,0.9636920490975389,0.9317141853026655,0.9321040739507256,0.9332046655982758,0.9471055669792768,0.9149155592665039,0.9270320421033783,0.9015191622390143,0.8993917292506787,0.9999999999999998,1.0,0.9995053832985464,0.9972985226551947,0.9967840205104264,0.9972904263234764
1121.12502863,0.8911988979478553,0.9245933088798841,0.919158326447837,0.9051755038044196,0.8443822629551784,0.8492133645733246,0.908732529218931,0.9023965932414183,0.9483641970227773,0.9506857629448593,0.9494190145411664,0.9480429182935514,0.9788180593873032,0.9831701867916826,0.9830105708435741,0.9808893890941988,0.9985561058232865,0.999268410907416,0.998802184486791,0.9985360539972561,0.9519691078485721,0.986002658016675,0.9581597893001192,0.9804078281775899,0.9805825916760289,0.9602830394542857,0.9396254162093822,0.9363756370372748,0.9028719677420625,0.9286791547814492,0.9687827480966277,0.9703770197279383,0.9707066114466751,0.9598132609109435,0.9629531061353659,0.9627480453000992,0.9647977252552622,0.9645291334593032,0.9308130878424193,0.9314824158097835,0.9322471398886208,0.9466877409005319,0.9138576020314386,0.9261990512281679,0.9004551635455686,0.8986160119277002,0.9999999999999998,1.0,0.9995719475008932,0.9972380045603366,0.9968167538222313,0.9971978124458681
1126.42117712,0.8904532242094823,0.9237069233668084,0.9185958710910668,0.9040440061797153,0.8532348139187172,0.8579607638540278,0.9152998170666158,0.9084891605201812,0.9471240705165733,0.9491878405259621,0.9481678323151398,0.9473912050013372,0.9770041701729263,0.9814853719497576,0.9814434541540801,0.9791511133100694,0.9972215693889763,0.9984677861904733,0.9979854838050276,0.9977101622636219,0.9511616551038166,0.985392735487222,0.9575584799452688,0.9799476913363222,0.9798369832184749,0.959494031314338,0.9403815512137544,0.9366699330892528,0.9034031092625983,0.9287820066633846,0.9700433484890623,0.9714841339466372,0.9718808880864983,0.9614610008516777,0.9636010465364482,0.9630569691307388,0.9655293969009097,0.9650039983210887,0.9294475768740206,0.9308698437993204,0.9312471170680982,0.9458836074966536,0.912827142317862,0.9252791117811026,0.8995350435832026,0.898177733914523,0.9999999999999998,0.999960837313067,0.9996978261255963,0.9969522846744374,0.9966235633127866,0.9970419663261967
1131.75559815,0.8899508729157178,0.9231799147398722,0.9183144205097796,0.903358582906449,0.8620124968540082,0.8669059592760666,0.9217966650468751,0.914810776189856,0.9460372399009256,0.948029276555388,0.947281500819788,0.9467558601086955,0.9754716779114176,0.9798994189751701,0.979872541355778,0.9775677046814543,0.9952863632908673,0.9974605544174615,0.996975639536367,0.9966966496642838,0.9506186519523213,0.9849056188534419,0.957075568699402,0.9795546482618761,0.9793526580240912,0.9589412171096281,0.941333432817769,0.9369937685290548,0.9042465618193507,0.9291118993561827,0.9715832134180086,0.9726700372649251,0.9733948181629296,0.963195776729646,0.9645900237254884,0.9637784580153127,0.9662885767243296,0.9658925707385189,0.9282270512750905,0.9304287905448598,0.930805072763445,0.9450700433686499,0.9125815513589485,0.9246002004807495,0.8988545718786374,0.8976976090703281,0.9999999999999998,1.0,0.9998566208566144,0.9968921195297752,0.996596642252426,0.9969330179696682
1137.12876151,0.8897212574548456,0.9230599134495657,0.9183030144279757,0.903407306829826,0.8706077723746237,0.8759879885963783,0.9280710847949027,0.9209850474957482,0.9453929295152979,0.9474437457460393,0.9465303859425676,0.9463773450927527,0.974365872384944,0.9786224881301305,0.9783584141811065,0.9759361652325128,0.9920131239336603,0.9958760611753668,0.99551840047707,0.9949867607457015,0.9501461881743075,0.9845037768006717,0.9568002050721501,0.9792635350733746,0.9790428512134383,0.9586973392953663,0.9424514720942904,0.9373777500430654,0.9049730427373053,0.9295531410772911,0.9730742854834928,0.9739070092217732,0.9749723629719682,0.9651356597337661,0.9655495853411401,0.9648849280544903,0.9672475217193258,0.9670308115140229,0.9276255509260697,0.9299943030815051,0.9301429000987875,0.9441950318783645,0.9128911589348689,0.9241339436017717,0.8986828403579125,0.8975915094412656,0.9999999999999998,1.0,0.9998990178732605,0.9970810112440339,0.9965529667565501,0.9969849672964847
1142.54114608,0.88941981010512,0.9229903224565666,0.9182366167653149,0.9034127358054301,0.878509836439899,0.88400087587179,0.9337566544342084,0.9264573440027851,0.9447200142814765,0.9470224402142359,0.9457763711772037,0.9456951520932105,0.9728934010478695,0.9769947737927294,0.9767946307650897,0.9740279948073803,0.9864666950472958,0.9933721054162764,0.993330431194827,0.9921493525296035,0.9496532703639459,0.9838429881187443,0.9564257415228009,0.9788619049809851,0.978497135100683,0.9584810871506249,0.943388657184758,0.9379239830393791,0.9052712701769471,0.9301414137990763,0.9746281035939653,0.9751532627769218,0.9763886992397085,0.966976130235582,0.966381662898668,0.9658284793905081,0.9682712338278101,0.9680585530130723,0.9270905498692772,0.929606247475862,0.9294032802633956,0.9433380813188628,0.9128657775091621,0.9237984164213123,0.8986478120407441,0.8976705478817024,0.9999999999999998,1.0,1.0,0.9971853001553774,0.9966672000158996,0.9969512950812324
1147.99324008,0.8891516664418119,0.9229359490679185,0.9182066115564751,0.9030944715629927,0.8859274502521056,0.8912830251505302,0.9387401291451691,0.9313033469693489,0.9438491106113143,0.9465316208847363,0.9448750258107038,0.9449494702079099,0.9712307765200401,0.9752236083014102,0.9751467364499183,0.9720892151030633,0.9779875066020056,0.9895348714497926,0.9898421283362832,0.9878758377624715,0.9489576446786404,0.9834395912996443,0.9561342397426561,0.9783757775202057,0.9778962911350034,0.9582851573505687,0.9439672449065205,0.9386754971518555,0.9054511272462611,0.9304904740187482,0.9759834429504117,0.976455493430984,0.9775472371044276,0.9688021395417113,0.9671557663183646,0.9668891452775056,0.9691421241080581,0.9686748877117802,0.9269464491156206,0.929213747856654,0.9283377044736701,0.9427295828740383,0.9131042621479105,0.9235230016115082,0.8984541576534971,0.8979275056319408,0.9999999999999998,0.9999903571656896,0.9998964824432995,0.9971351783678366,0.996696175479391,0.996928094357106
1153.48554133,0.8890310799160267,0.9230034316981212,0.9183470047160264,0.9029120016020341,0.8929302998189983,0.89799863497371,0.9434471693030964,0.9355667329525444,0.9430779793993107,0.9460230684681039,0.9439596417578382,0.944209587367286,0.9695058207795857,0.9735220728281148,0.973668190644105,0.970216794188506,0.9670216560654346,0.9846244810161924,0.9853217847561151,0.9817738705458636,0.948448527669855,0.983038381280288,0.955855604355981,0.9782869706088909,0.9775641087876423,0.9580244325964861,0.9444699948481765,0.9399698734698481,0.9059387022468978,0.9308589003324756,0.9772975699527013,0.9779698801295088,0.9787418245891477,0.9706860753415526,0.968216481669996,0.9678052237260207,0.9701697846252076,0.9694351256610984,0.9273656034382205,0.928843665934711,0.9272509006026948,0.9424976820434838,0.9134240642966361,0.9236890441250992,0.8984795623833081,0.8982727118774183,0.9999999999999998,0.9999881846769081,0.9996370763794183,0.9969491413794257,0.9967180397432562,0.9968601340308703
1158.99647413,0.8892694706208745,0.9232654869870838,0.918834199527426,0.9029714400660633,0.8990592651091514,0.904080154098945,0.9477938553019545,0.939430672920826,0.9424671654173103,0.9453252930603938,0.9431031510765641,0.9435989094835164,0.9679069148045383,0.9718989098466584,0.9722510972130827,0.9683579961283342,0.9535164380123717,0.9783871551770706,0.979450216742493,0.9744060162477937,0.9482140960288397,0.982666103451785,0.9554632880387708,0.9779437083686018,0.977339041156233,0.9576930282393994,0.9452483708751324,0.9410485915749989,0.9068424134774493,0.9314532121198948,0.9786985534863815,0.9794193492389238,0.9802601978223165,0.9726091909069146,0.9691884041806329,0.9685131851867236,0.9708725808610332,0.9703037858216415,0.9277651611780332,0.9287139609245133,0.9265684087985484,0.9423053977408895,0.9141485302068292,0.9240911760360068,0.8983405424989137,0.8986614925008478,0.9999999999999998,1.0,0.9996885967899899,0.9970786408623421,0.9968178797859749,0.9969092224208665
1164.48107738,0.8899233864539801,0.9238736615450938,0.9192866698249866,0.9034039942728898,0.9046768346993576,0.9097003626650166,0.9514282103017191,0.9432339506999743,0.9420862372298242,0.9450159234550449,0.9423869155994933,0.9433329158869633,0.966582699378707,0.9703713389280195,0.9709721179812788,0.9665121791848192,0.9391719526879032,0.9716872163265874,0.9730464083013588,0.9664567847618188,0.9481744131291295,0.9823318986862285,0.9552155501410987,0.9778833018616684,0.9771768772412455,0.9575946184236145,0.9468314527773305,0.9424049836426396,0.9085541815658773,0.932488995490097,0.9803404747487078,0.9811939546171055,0.9819698986801606,0.9747439743180181,0.9703231459095532,0.9693232547210405,0.9719738188153879,0.9717169516373436,0.9280352089742564,0.9290414937888632,0.9265321965968274,0.9423003987395099,0.914684461983638,0.9248572221457235,0.8986849349332668,0.8995324680850427,0.9999999999999998,1.0,0.9994783550922252,0.9970722620783332,0.9968269341182394,0.9969171942217859
1169.93996942,0.8908971508738933,0.924976619584641,0.9199745872606666,0.9039693246054616,0.9096343798183688,0.9149455629332537,0.9543783094056745,0.946837065429909,0.9421603085848368,0.944975030715894,0.9419586368428787,0.9431620788946358,0.9649650327180188,0.9689770073342016,0.9695159921689578,0.9645852116754225,0.9252221831879346,0.965297186256549,0.9670868241053177,0.9592096242794235,0.9485830546596369,0.9824191833693436,0.955073653392148,0.9778736155933624,0.9771668376654797,0.9577580655492691,0.9489084520581862,0.9437671723862371,0.9104611239404694,0.9339505309049578,0.9821016888369439,0.9830017743914992,0.9837501596278795,0.9769875374832051,0.9712805446039083,0.9702054897996336,0.9730309173050015,0.9730363178434441,0.9281856870374213,0.9294123373572448,0.9268867468351868,0.9426748627293702,0.915159554889967,0.9257163167280856,0.8991998844689304,0.9007056962590858,0.9999999999999998,1.0,0.9996202135656157,0.9970507543064352,0.9969519505676933,0.9967508385768724
1175.3737451,0.8916108802288895,0.9263109945606565,0.9206857999187592,0.904440044112404,0.913647456539913,0.9192937975499959,0.9571551327542771,0.9495881926880344,0.9422320773944096,0.9447799467865575,0.9413686301996774,0.9427578234060034,0.962704066177998,0.9673583936483611,0.9678686956142423,0.9626632659101517,0.9143501183579218,0.9600217686393052,0.9623460571433309,0.9535894759586305,0.948810593965734,0.9825964216414623,0.9549194558900108,0.9780293811652516,0.9775182610063445,0.9577709077218562,0.9511442095975166,0.9449812294827304,0.9123252741691255,0.9352389444709102,0.9834190112984745,0.9845707575264098,0.9854988578007648,0.9789557522789342,0.9720366265470366,0.9710485858608585,0.9741063410728787,0.9740165001991735,0.928377678910181,0.9299203361135253,0.9270888245499987,0.9428195782955173,0.9159490956641781,0.9265802618525231,0.8997810092077786,0.9016567405270653,0.9999999999999998,1.0,0.9997156354268879,0.9967779405957394,0.99672182361515,0.9967061285528562
1180.78297699,0.8923019618730937,0.9275873790248943,0.9215098456621964,0.9048976208748007,0.9172720383868798,0.9229375934828605,0.959290852280937,0.9516267517094196,0.9420040369455039,0.9444325715881753,0.9408806253428241,0.9422117675527434,0.960343287231506,0.9657589714382692,0.9659699201581857,0.9607341232935733,0.9071620542509864,0.9564674616478055,0.9589552590148352,0.9500234290587916,0.9491266473508991,0.9827434419245451,0.9550504569488801,0.978254688083528,0.9776774128573172,0.9578026372238042,0.9528284051210225,0.9461717496590801,0.9140030387214962,0.936655999675508,0.9845518874724214,0.9857379921210876,0.9869241985737501,0.9806127419425519,0.9724198215247765,0.97153598470201,0.9749018396588149,0.9746972128767785,0.9286798931278428,0.9302381059602662,0.9274796773330081,0.942899962063762,0.9167966807714482,0.9274752279703912,0.9003457172001512,0.9023536380423081,0.9999999999999998,1.0,0.9996864291508445,0.9967852053900055,0.99672187816087,0.9965360910488659
1186.16821657,0.8933614088345723,0.9293730587166272,0.9229099906858449,0.9058319901468178,0.9205565070307993,0.9262930639338826,0.96128511223219,0.9536690187780508,0.942020920102137,0.9443137685938786,0.9408835044913926,0.9418062192418869,0.9587064687673311,0.9641582244633403,0.9641291144204631,0.9591991798968257,0.9038150395677471,0.9549320956192978,0.9572981654353055,0.9485008329219088,0.9499698351449556,0.9833400637010038,0.9557467957592392,0.9786124774488719,0.9783709265302208,0.958312273329919,0.9548767306463657,0.9476396897157039,0.9159415250632752,0.9383889915046454,0.9860882937873412,0.9871219113719595,0.9884168418354637,0.9823068157910338,0.9731711309745804,0.9725561032211503,0.9757575171561202,0.9756498933447683,0.9295561915999554,0.9310829663783688,0.9283155523485055,0.9436426468906021,0.918196084579297,0.9286352762695148,0.9015538802708626,0.902808789698318,0.9999999999999998,1.0,0.9997619191487853,0.9966493032055804,0.9964933642362569,0.9964756429882838
1191.52999524,0.8947601929727731,0.9313684757820843,0.9247705847151657,0.9073021857381052,0.9234168421059895,0.9292256124815709,0.9636796664208297,0.9557591368114369,0.9425965928893171,0.9446097840726042,0.9412443820301397,0.9420476602250708,0.9574162456781607,0.9627784343756974,0.9627735326011195,0.9578495773288189,0.9030074765981323,0.9546110195548755,0.9568971773855256,0.9481053650824233,0.951124458786543,0.9841409276637167,0.9570401200568983,0.9794649624918219,0.9792694346130669,0.9592379019659333,0.9570484742310965,0.9493888186755214,0.9179998914865577,0.9406909886889219,0.9877088409316828,0.9888547587360655,0.9900040364870691,0.9843380678798045,0.9740392663607073,0.9734914769332019,0.9765294049832995,0.9768537888566836,0.9305083498494487,0.9325137757728971,0.9296741444473371,0.9446844467961065,0.9203005969986129,0.9301452592683976,0.9035124237530932,0.9040831568801224,0.9999999999999998,1.0,0.9998598104713885,0.9966646968931153,0.9964346939867026,0.9964328229772259
1196.89576018,0.8963980677900764,0.9332594504400739,0.9264029211523711,0.9086078575490157,0.9259980011015606,0.9317781150714938,0.9659931976332988,0.9571728521660209,0.9429196627533845,0.9449397142494091,0.9414106893282957,0.9421860026711458,0.9560165645395916,0.9615741507457819,0.9614441985158992,0.9562924014906897,0.903032581201353,0.9548865710413978,0.9567608440524381,0.9482063813514987,0.9523160036017436,0.9845927295564735,0.9582330849984259,0.9801055725385961,0.9799950881176546,0.9603889373108918,0.9589162013374654,0.9511002876033606,0.9202720352518942,0.94291621081457,0.9892837822666479,0.9903898965848562,0.991200555831895,0.9859537268476685,0.9746962488416442,0.9744185151659495,0.977347651461076,0.9777527675352984,0.9314466958915678,0.9335922142590928,0.9309705158457183,0.9453907023602676,0.9220468575408811,0.9317898278338959,0.9052971466933376,0.9055050857149621,0.9999999999999998,1.0,0.9996497111234665,0.9965518027228817,0.9964179230289473,0.9964340321392203
1202.26638934,0.8981308217158828,0.9352761649032473,0.9276948144722409,0.9098325652441174,0.9283512367464436,0.9338073928451122,0.9677321027928172,0.9579520928146985,0.9428929204204712,0.9450523516055177,0.9416370515139819,0.9425752053954155,0.9544350002912056,0.9601251751582579,0.960324894122593,0.9546867832344289,0.9038500699411318,0.955481119365,0.9572108810409878,0.9485581327263896,0.9535455429060151,0.9847441544491521,0.9593098254463246,0.9804862795181865,0.9806252907044477,0.9614509435178187,0.9609241508852201,0.9526061897336386,0.9225293151968481,0.94468100501517,0.9905243162314312,0.9915008841570809,0.9922840514831652,0.9875344318525565,0.9754902972472369,0.974909650512992,0.9781967232758126,0.9786570575288743,0.9323175965843792,0.934424232260442,0.9318076273288034,0.9457758676070447,0.9235421326078059,0.9330989392996596,0.9069948850940122,0.9070563406430556,0.9999999999999998,1.0,0.9994443742980033,0.996747637015635,0.9963759024914731,0.99650930581438
1207.64185238,0.8998146560991773,0.9372677227237197,0.9288195812465436,0.9113631566163519,0.9302575655837202,0.9353858239178654,0.9691847829901247,0.958519806644885,0.9430170961548898,0.94521548940142,0.9418089045667585,0.9429390276536405,0.9529766142806891,0.9588564540293519,0.95918136839943,0.953180007662199,0.9068983412472884,0.9570832201322109,0.9588461226187696,0.9502467833896541,0.9547278789012821,0.9852315082076254,0.9603785994182152,0.9811773139376243,0.9809939543407156,0.9627644751633615,0.9626431260319791,0.9541169150815725,0.9243845078181446,0.9461949675317748,0.9917040357639815,0.992718806925668,0.9933718936067792,0.9888509267854847,0.976291721232616,0.9755437045234998,0.9788628077196797,0.9794732480802162,0.9333404753400717,0.9352227966957952,0.9325549971913543,0.9461415394178447,0.9251563079457962,0.9343994190105716,0.9086785744927478,0.9086731890663811,0.9999999999999998,1.0,0.9994300887635644,0.9964867495076047,0.9965334083814427,0.9964908163620245
1213.0221192,0.9015558503794013,0.9394003889727143,0.9302360665456911,0.9129477689136293,0.9320844812707684,0.9369088791045915,0.9696306813598243,0.9590700108715714,0.9430139946490468,0.9456225436732316,0.9421267780110556,0.9432608377853463,0.9513260681535245,0.9576829937311025,0.9579625824123781,0.9517881691667334,0.9125476408986558,0.9598920473859518,0.9616270936309208,0.9536422068734219,0.9561121869549033,0.985778010929632,0.9616335739027719,0.9818864358790294,0.981354748382741,0.9641182092842562,0.9643683793572226,0.9557577966609146,0.9263823005678845,0.948252610115656,0.9928954213442714,0.9936621902580863,0.9946394958926152,0.9904675244899854,0.9770199537573104,0.9763243994514755,0.9796501406679726,0.9803050230606072,0.9348241909807594,0.9362358365102631,0.933469361259905,0.9465498941563529,0.9271675458960588,0.9360435678075839,0.9104459848871171,0.910637745255002,0.9999999999999998,1.0,0.9994826076834245,0.9965302854355468,0.9963978357635294,0.9965099869752714
1218.40715994,0.9035120472036995,0.9413769730176234,0.931900452538696,0.914843910362319,0.9338409315772214,0.9382715702224101,0.9700528849594952,0.9595760601704516,0.9434441461335269,0.9463501250333562,0.9424714198534676,0.9437341877448922,0.95002222884826,0.9564555275208836,0.9567761522850233,0.950511933926239,0.9193392106752558,0.9633412033927995,0.9649224070106798,0.9575383820241585,0.9573792863183193,0.9864753674444487,0.9630420878706194,0.9829111014071473,0.9818366361170464,0.9654307916011431,0.9664329837476748,0.9574350370500503,0.9284680414748648,0.9504694916972138,0.9940287070651874,0.9947168929632487,0.9957407046129673,0.9917852411935,0.9779752259397391,0.9772565813290495,0.9802917775572972,0.9809206122487356,0.9364389353098669,0.9374333881820603,0.9346540034351062,0.9468933642749137,0.9293413565307588,0.9379715593579906,0.9123134707046519,0.9127367816339148,0.9999999999999998,1.0,0.9994212961488944,0.9964173964191165,0.9964517665821683,0.9964039629732897
1223.79694502,0.90563983563399,0.9435570535786705,0.9337752676723189,0.9166224747865062,0.9355693230287828,0.9398423597984511,0.9702537162194175,0.9598702056525861,0.9441473575612787,0.9473383458044152,0.9431051967158102,0.9443985821519522,0.9486863184252947,0.9552680139756101,0.9555294257654736,0.9493967046200225,0.9256101713580349,0.9666827856410161,0.9682929869127627,0.9611403912952714,0.9587839221607337,0.9870331292887022,0.9647043991628824,0.9838203648222646,0.9821256509744899,0.9666617431096354,0.9685516465285824,0.9592683088179943,0.9307675797665542,0.9524777562145065,0.995298358233522,0.9956935723907329,0.9965428830040935,0.9932707238370836,0.9790398551827236,0.9783248860324155,0.9810895048025978,0.9818250109791935,0.9377760417701876,0.9387951274670948,0.9357536692000742,0.9480536772204758,0.9314699202162202,0.9396762879327175,0.9141366997944734,0.9149076990968221,0.9999999999999998,1.0,0.9993026529530673,0.9964196309383967,0.9964161553590364,0.9964074310263618
1229.190873,0.9076861853677853,0.9456348344080163,0.9355012421782671,0.9185403307569254,0.9368586064677783,0.9410989249576277,0.970201252074543,0.9605723207404092,0.9448424119012836,0.9481498160895482,0.94377772158396,0.9449544084569078,0.9472951867622537,0.953681181974278,0.9540473610113295,0.9479489773692257,0.9315397492101629,0.9695539584027196,0.9714327810645172,0.9645740068468734,0.9600459567159093,0.9874020218003591,0.9662762297303454,0.9845415279686854,0.9825855968431623,0.9680474095079759,0.9706360436323447,0.9609081532492912,0.9333744396925504,0.954365023466793,0.9962407317589665,0.9962866966087898,0.9973220841146496,0.9945816460595546,0.9798562674224032,0.9791612665802157,0.9821459159019491,0.9825661860911559,0.9386671601903177,0.9397665072499303,0.9370310455879899,0.9494244833614185,0.9333676660656168,0.9405698293695179,0.9156471058184638,0.9168235236173798,0.9999999999999998,1.0,0.9992537655419056,0.9965568992028135,0.9964329339499675,0.9964792798406068
1234.58829679,0.9096054968566745,0.9475639943818815,0.9371247745472556,0.9207974730494639,0.9380259797412563,0.9421997155186539,0.9707977807112,0.9615136262370704,0.9459337823122393,0.9489903740441422,0.94467559142975,0.945706424966061,0.9457592671918446,0.9521724884556113,0.9524512392730842,0.9463162247068806,0.9389016526295604,0.9729761022658431,0.9748682125868207,0.9685897951314417,0.9614310835569136,0.9880222795524679,0.9680813675716057,0.9852273497341572,0.9832987833384457,0.9695645264519654,0.9727223367952937,0.962401808153699,0.9361063358553909,0.9562312321807329,0.9969290913353996,0.9968981940158721,0.9979611351282066,0.995539744593445,0.9805850059541584,0.9798779016114596,0.983181450901265,0.9833910559401995,0.9397892502138878,0.9406944166083165,0.9384201613792885,0.9509047431212634,0.9351434497007223,0.9413534548024669,0.9171691147634311,0.918666354261031,0.9999999999999998,0.9999909639204313,0.9991303996697832,0.996562324111485,0.9965054719769401,0.9965284691890084
1239.98919257,0.9115548652843657,0.9498996681150931,0.938829232968375,0.9230706590293859,0.9389727164289277,0.9434731119772375,0.9719980985017521,0.9624552354358579,0.9469040435383036,0.9498738343001912,0.9456333963943419,0.9464697193794298,0.9443090053739027,0.9508173792966098,0.9509019469269677,0.944804172407558,0.9480169822427363,0.9774534530256449,0.9791215387561963,0.9736601033706852,0.9632132967432941,0.9886267214148976,0.9699371003283687,0.9861944402838728,0.9839788998738218,0.9713104017166097,0.9746205569882372,0.96416018915046,0.9387875610150456,0.9581958060919504,0.9977606237607883,0.9976803287120442,0.9985610820305405,0.9966114784446733,0.9815143328142023,0.9806472235400197,0.9842411721885009,0.9840751556219789,0.941240740373275,0.9416839090337046,0.9395283548342959,0.9526354752564291,0.9367935966638805,0.9425790874800626,0.9194370199483282,0.9206802982540868,0.9999999999999998,0.9999807251569965,0.9988051993150542,0.9966313352424839,0.9965093614210756,0.9965820943200778
1245.39353673,0.9134897698429294,0.9522420618839897,0.9406080475493798,0.9252693394052596,0.9395390889765454,0.9444570628997219,0.973308202059181,0.9629552908796123,0.9480257939856559,0.9508442413902455,0.9465845483952919,0.9472751672589854,0.9428971776115065,0.9493296115792831,0.9495789540888511,0.9431868362585318,0.957627740770655,0.9821659002527365,0.9834991146668937,0.9789362066410852,0.965139393295004,0.9894387418428587,0.971843105106443,0.9872580651396937,0.984574550188504,0.9732550414292551,0.9763742955886487,0.9662158181198723,0.9412437397646158,0.9600279980166312,0.9986658752116674,0.9984150314648742,0.9992255885482246,0.9972904381383418,0.9822580330841443,0.9813962764202504,0.9848715384644736,0.9847647862908602,0.9426721632730386,0.9429799006158752,0.9404045837750282,0.9544853949485615,0.9384933973015368,0.94410144346814,0.9219160895409155,0.9228122635891879,0.9999999999999998,1.0,0.9985009391590014,0.9967594421919839,0.9965514692381703,0.9964081908234834
1250.80130588,0.9153425822788132,0.9546004970573364,0.9427245260845948,0.9272009055521887,0.9400114636253442,0.9451040705101189,0.9740789787138285,0.96323043605869,0.9491142681293555,0.9517786356290537,0.9473006107935474,0.9482337671639569,0.9415994512166617,0.9478105712999707,0.9484856459749085,0.941756071984892,0.9661287766467493,0.9865009217875133,0.9874018801362191,0.9834898623866115,0.9670646379297333,0.9902775954305872,0.9734261712038312,0.9882221303275737,0.985239431164021,0.9749725182225399,0.9777196535050153,0.9677907442010578,0.9433998938342274,0.9617197843331167,0.999186735480264,0.9988368564051302,0.9996577571961492,0.9980474246765046,0.9825984899717439,0.9821107608803684,0.98563028424821,0.98525287243248,0.9440913802145962,0.9442737267954099,0.9416491106501194,0.95571778164423,0.940067804497077,0.9457502421040638,0.9242758970643372,0.9246251461004925,0.9999999999999998,1.0,0.9983391267061631,0.9965893914546866,0.9963466172917075,0.9964974877301964
1256.21247686,0.9175210118869035,0.9568356409041768,0.944478836874506,0.9292173338653837,0.9404880618510062,0.9457179340329431,0.9744263710227035,0.963401037450143,0.9502317175166721,0.9524369301740694,0.9480716350758049,0.9492254212682943,0.9402899208813724,0.946407012731623,0.947137214411061,0.9401323390244608,0.973246332076962,0.9898757298204476,0.9905128967629153,0.9873018387275181,0.9688526511933635,0.9908298243263591,0.9748935662139862,0.9890322947643999,0.986001899041687,0.9764157032899919,0.9788685925262753,0.969260304509095,0.9455242160065168,0.9634499455193398,0.9997371662073192,0.9992957864739722,0.9998629722261312,0.9985554517486545,0.9830339392841644,0.9824714602139056,0.9863013845325104,0.9859898529755748,0.9452769660975894,0.945634958926311,0.9432506533337345,0.9565674663219411,0.9415263792057951,0.9473488282325065,0.9262080644483688,0.9263456058655448,0.9999999999999998,1.0,0.9980740834399465,0.9964673464450049,0.9961785881825105,0.9963268541018658
1261.62708732,0.9196085819632529,0.9588236451849458,0.9459986937967292,0.9308065300537424,0.9410174853144724,0.9463824436877637,0.9746324950587966,0.9637942981121234,0.9513106785802902,0.9531119099631906,0.9486783643327945,0.9502117490618196,0.938690583287367,0.9449611754109051,0.9457752582251454,0.9384782854856227,0.9790931659347357,0.9924773365007948,0.9929720698144932,0.9903115102667386,0.970233500890962,0.9914743054176257,0.9762607346343285,0.9895528280834414,0.9865881642942302,0.977702706909269,0.9801066671644096,0.9706310104000246,0.9474651533384889,0.9650146627932109,0.999994684734399,0.999786440464785,0.9999573462630551,0.9989470970666589,0.9836668921042924,0.9828480475206474,0.9868159091435987,0.9867000669797329,0.946647860502951,0.9465573039402695,0.9449545388390289,0.9575619260554664,0.9429950414500414,0.9491837768457079,0.9282682764421151,0.9278435324303073,0.9999999999999998,1.0,0.9981378862516822,0.9961861057356741,0.9959484655298079,0.9962068089711674
1267.05580532,0.9216215458519028,0.96064283089114,0.9473652196523162,0.9324861058575673,0.9415550542748118,0.9469606750940556,0.9749553950368436,0.9644338978264939,0.9523612620842109,0.9536708403769184,0.9491523553701612,0.9510715069184944,0.9370451721400134,0.9433865564116095,0.9442920627978025,0.936974083761264,0.984353922573186,0.9944526389573654,0.9952390338390104,0.9927920259169734,0.9715865539106698,0.9919571351227325,0.9777698361573021,0.9899291846849004,0.9870277695964639,0.9790887179385686,0.9814955761780544,0.9721493829643263,0.9495052479809231,0.9664811803214907,1.0,1.0,0.9999113056697027,0.9992885949677663,0.9844581259591432,0.9832418942380522,0.9873388120453431,0.987417309446472,0.9479113125865894,0.9471645786823678,0.9464950128409538,0.9583466184145675,0.9445114501786143,0.950712742965823,0.9303570108358251,0.929345692027359,0.9999999999999998,1.0,0.997867876689959,0.9961439607588582,0.9960183186973367,0.996017609761452
1272.49861965,0.9236365938950967,0.9625073508331463,0.9487622263102345,0.9342110325395218,0.9423806162626663,0.9477568754879974,0.9752967899792987,0.9651410432319919,0.953468497364298,0.9543255481944866,0.9498348941296163,0.9519258851601325,0.935439207131321,0.9423385064484776,0.9429386208352866,0.9356931390395365,0.989126439633851,0.9962857999258993,0.9970734035026052,0.9950465211660094,0.9731137164504335,0.9924633513396474,0.9792451275000139,0.9906404162124698,0.9874208184628639,0.98059396571251,0.9829551430468642,0.9736035056362744,0.9514697053594285,0.9678939982992002,0.9999652305385025,1.0,0.9999222138861892,0.9997259954843813,0.9852245383064755,0.9836921010586831,0.9879298639669399,0.9879979843199608,0.9492540514862321,0.9476878074898926,0.9480844876430724,0.959018775828989,0.9458405801046296,0.9521886636145596,0.9323629675398898,0.9310456541752364,0.9999999999999998,1.0,0.9977358601486405,0.996252415826611,0.9959984054547252,0.9960651631044756
1277.95551888,0.9256238418544125,0.9639967929638704,0.9505807346920015,0.9362357443939877,0.9431526417781779,0.948614951215903,0.9755780709932582,0.9653937751230885,0.9545459793213155,0.9551260462925297,0.9507533515230175,0.9532512489919155,0.9340925866534396,0.9412605155287005,0.9415539017126481,0.9345252421073775,0.9924390073004815,0.9979627147234694,0.9984344161258464,0.9971346542957236,0.9747721348459039,0.9930635519116479,0.9810312107692045,0.9914704640476724,0.9880444728259412,0.9822647417180597,0.984614536842073,0.9751089886981076,0.9534363786437076,0.9692923958535917,1.0,0.9999484345544858,1.0,1.0,0.9863518665439571,0.9842578753655848,0.9887363563604955,0.9883459306045626,0.9506494496739603,0.9487785925454599,0.9499389988648411,0.9600369951552308,0.9476562196619048,0.9539277948239744,0.9344934554931242,0.9332900793721999,0.9999999999999998,1.0,0.9975979276652556,0.9963553061911492,0.9961034701831342,0.9960929947351864
1283.42649147,0.9277333871215923,0.9655822869248201,0.9525753902456956,0.9384143766734605,0.9439339465528003,0.9494840858181948,0.9758755203205691,0.9654631599702941,0.9559026263349015,0.9563287249279463,0.9517648641891073,0.9544743409283333,0.9329091468767259,0.9405447473037126,0.9403926467327985,0.93373965238895,0.9949092654937999,0.9992630959295592,0.9993006217656322,0.9987017194574358,0.9759374847845538,0.9938292743429091,0.9826041031306852,0.992288852281683,0.9888128675421185,0.9838533809022834,0.9864788220109146,0.9765539368916367,0.9554246009469405,0.97078580175211,0.9998888730244598,1.0,0.9999729334005056,1.0,0.9871281930729486,0.9850552097490097,0.9895057395743199,0.9889780739525763,0.9520022590075979,0.9499798027920088,0.9519415660197245,0.9614363542724016,0.9495724361541072,0.9555568982008398,0.9365448662134511,0.9355413910875412,0.9999999999999998,1.0,0.9976191142130758,0.9965300095959257,0.9961207271450453,0.9961484592242796
1288.9115257,0.9295757878078424,0.967352102750519,0.9542805495662312,0.9401641123680997,0.944860052316446,0.9503081940232463,0.975980955071865,0.9657545226825024,0.9573043481474541,0.9576794965289767,0.9529484481418293,0.9558659141223167,0.9318129005238569,0.9397235605160712,0.939146514732039,0.9325947250474885,0.9960714133773689,0.9999835812205349,1.0,0.9996502544261112,0.9769641202823303,0.9942553840637628,0.9838776626100457,0.9930226063972943,0.9895590115314652,0.9851273002010771,0.9883948016832952,0.9781362824922238,0.9572171648952806,0.972004059653002,1.0,0.9999825469520521,1.0,1.0,0.9877503283389564,0.9858096782419592,0.9903912242495261,0.9895334944511288,0.9534337014237104,0.950865151278,0.9534033865163611,0.9625576470349337,0.9513496711279686,0.9570191601481908,0.9384410092742027,0.9375637651820499,0.9999999999999998,1.0,0.9975279753521852,0.9967088850108305,0.9960919360495997,0.9962817511185463
1294.41060969,0.9313350990715018,0.9691840689645584,0.9562368123696335,0.9413016904333852,0.9457801258977997,0.9510988915358817,0.9763710963672466,0.9664047472226325,0.9587794538695857,0.9593070073041361,0.9541422025499549,0.9573582259742506,0.9307272474794867,0.9387813436825752,0.9382142432445172,0.9312025653660897,0.9963751667748254,1.0,1.0,1.0,0.9781047951133232,0.9947295572730682,0.9847671491020074,0.9936068035717969,0.9901850558800579,0.9859607437878841,0.9900799194887789,0.9795952830773778,0.9590388126548081,0.973340369869102,1.0,1.0,1.0,1.0,0.9882880802758276,0.9866828690533934,0.9909564768960222,0.9904977950256268,0.9549705170419575,0.9521410012258575,0.954404202382483,0.9633200455730435,0.9530360455726008,0.9586419855705738,0.94038988477554,0.9395142188507227,0.9999999999999998,1.0,0.9973718045917406,0.996692135030522,0.9960557334403122,0.9963325001034365
1299.91690127,0.9328343999382932,0.9706441775579495,0.9582402276735039,0.9424401449226459,0.9467681681361151,0.9520728985834223,0.976933593585347,0.9674196674732928,0.959930027194506,0.9607201675335133,0.9553445884665215,0.959013292239757,0.9298894886481138,0.9378307095170305,0.9375900785007493,0.9297707045716678,0.9953538073795877,0.9996341287566686,1.0,0.9998278578039441,0.9796292262588897,0.9950545288141243,0.9857381165585207,0.9941261699224093,0.9904806899352513,0.9867203322370998,0.9915793766637685,0.9810529982913393,0.9609669924231368,0.9745450989749261,1.0,1.0,1.0,1.0,0.9888132210480379,0.9873937463486946,0.9914220580891173,0.9913345624870651,0.9562760808625251,0.9540565459492257,0.955340769666646,0.9645325703013595,0.9550561373559822,0.9603060673748641,0.9422530449596337,0.9415205916640103,0.9999999999999998,1.0,0.9973324168350207,0.9964771474385402,0.9960341511116464,0.9963958752357769
1305.42577023,0.9341539332056927,0.9718189172197105,0.9601625583634478,0.9437930152194297,0.9477259728723724,0.953113035084858,0.9771638814828175,0.9680246619624763,0.9608266820566772,0.9619110030972214,0.9569193221453882,0.9603645107839909,0.9286939817101251,0.9364933860917545,0.9367922109995394,0.9286609096008424,0.99265909578113,0.9983600697567102,0.9991319325091147,0.998626617850628,0.9810498828303095,0.9953539273324375,0.986725147015109,0.994529411988251,0.9905341643981692,0.9873213103949124,0.9927740447932556,0.982435195230962,0.96272324316481,0.975547003399858,0.9999973456008708,1.0,1.0,1.0,0.9894110435988387,0.9881104405365101,0.991887958309571,0.9920579340134207,0.9574457994157531,0.9557176094972984,0.9561679908907047,0.9656450214655213,0.956705074310961,0.9616074600063327,0.9442700910742301,0.9434019046206829,0.9999999999999998,1.0,0.9970359082613172,0.9963308353531797,0.9959624493860867,0.9962440634927814
1310.93719838,0.9354467892424826,0.9729943817103119,0.9615199413395988,0.9454623680864896,0.9489112701102341,0.9544486471180736,0.9776611040718788,0.9686201955627783,0.9617807288345216,0.963107282162265,0.9583385066511245,0.961847825657723,0.9274774276965467,0.9354214061631807,0.935807306742862,0.9277329769979643,0.9884249030524169,0.9963975536368149,0.9975771292873193,0.9963788922829594,0.9823160763311214,0.9956920954717812,0.9877937156748889,0.9949923298633161,0.9906578705924319,0.9882235659803051,0.9939190735308314,0.9835409013818623,0.9643754747828076,0.976622843987082,1.0,1.0,1.0,1.0,0.9900704165361536,0.9889126340665696,0.9928998043216658,0.9928137927162811,0.9586413364495,0.9571748777449754,0.9573098819652732,0.9670172185780556,0.9585434514433606,0.9634832736805461,0.9464185859686556,0.9453767659583345,0.9999999999999998,1.0,0.997177795235249,0.9962033113000502,0.996011377250627,0.9962638110155383
1316.45116775,0.9371105602812027,0.9739606148257417,0.9629785944339029,0.947085145182693,0.949870842946451,0.9558670741532513,0.9780035550394273,0.9698884879613043,0.9628645175703193,0.9642066349334044,0.959650694363128,0.9632676814709706,0.9265103459157422,0.9345013348629713,0.93495797976314,0.9267503009361142,0.9827422988068248,0.9936437551457034,0.9951941230567675,0.9933349026487757,0.9833084623504917,0.9958950002494474,0.9885427383858206,0.9956118364245983,0.9906943812569442,0.9888639834397431,0.9948346669584651,0.9844168635664727,0.9656814906200841,0.9777524585003216,1.0,1.0,1.0,1.0,0.9906558061469111,0.9898174368129575,0.993567113334781,0.9935187608673129,0.9596882243807672,0.9587022497862774,0.9586650075620126,0.9682792714447294,0.9603906783696463,0.9649387777353537,0.9482579601318903,0.9474058810580713,0.9999999999999998,1.0,0.9971538509046477,0.9961736744962485,0.9959039563481621,0.9959204741300886
1321.96766053,0.9386965867361821,0.9744624131964582,0.9638232757221338,0.9485480183015764,0.9509200356613606,0.9572287429396462,0.9784367818150566,0.970734941752407,0.9637139071675078,0.965177482331446,0.9607309828847957,0.9645374463988146,0.9253247626027609,0.9336472378312619,0.933661460467353,0.9256366303637243,0.9751163203971778,0.9896905598827319,0.992068034075053,0.9891972203407005,0.9839596934349759,0.9959897074407441,0.9887556716594026,0.9958306320451071,0.9904122955380438,0.9893408853985217,0.9952897712130435,0.9850004835547258,0.9663815807473664,0.978639205075021,1.0,1.0,1.0,1.0,0.9912703787788316,0.99050993961655,0.9942763121437312,0.9937077355398879,0.9606417657834129,0.9598964305748111,0.9597180891232798,0.9690750371415163,0.9621773154795279,0.9660859047575948,0.9500712653560794,0.9492120561293756,1.0,1.0,0.9970585276233953,0.9961500842974281,0.9957864729890558,0.9959195551091651
1327.4866591,0.9396736955878574,0.9747242673528855,0.964895786877208,0.9498150649420904,0.9516510192708862,0.958370694151103,0.9785110079329895,0.9710334777871797,0.9647431107446959,0.9660769289755053,0.9614591746307872,0.965422510199553,0.9240721265288225,0.9326528961878477,0.932441195879762,0.924553211504171,0.9656129891134473,0.9849793288239206,0.9877543944118992,0.9840990014148465,0.9843391900835073,0.9957736180531611,0.9886687270084824,0.9958757291538725,0.9899014187565446,0.9895222859904779,0.99530234142938,0.9851974350716561,0.9672191039638472,0.9792138553033347,0.9998338800628219,0.999843198910556,0.9999025331745441,1.0,0.9917630544015401,0.9909752226751963,0.9944495939547652,0.9940517167015097,0.9617469415066744,0.9608316180619781,0.9605085436988303,0.9695552322569306,0.963870666518376,0.9669287132582916,0.9515381242456057,0.9507270914497433,0.9999999999999998,0.9999864355201622,0.9970541053256857,0.9959299213393934,0.9957864980597155,0.9958677358764
1333.01349556,0.9403940688828989,0.9746096410903075,0.9656010389577132,0.9506201998014845,0.9523660563019,0.9594256772037861,0.9784173019333876,0.9711447515945009,0.9655976873816541,0.9670629122745352,0.9622270796191393,0.9662270350169619,0.9227420861345912,0.9313504053815163,0.931099903456482,0.9235120394783626,0.9544845742307688,0.9792422455742359,0.9821455014854369,0.9778136939784866,0.9845349700542873,0.9952074442905798,0.9880223364385938,0.9953315912459378,0.989530492402605,0.9892684084970519,0.9952202767162318,0.985209068888789,0.9676338587853179,0.9791229626606572,0.9995201058126338,0.9997172421004447,0.9996062269940565,0.9996833502531787,0.9921467528733069,0.9909771027201252,0.994491892870724,0.9942535412376435,0.9631202969406134,0.961408757298158,0.961015880386143,0.9700829182486987,0.9654622564462759,0.9678157460304737,0.9529852953598139,0.9523356503429672,1.0,0.9999810876628948,0.9967532540072168,0.9960212611311496,0.9956692036918134,0.995593944032581
1338.5688161,0.9412186079327948,0.9744452645927595,0.9662583221986513,0.9514711177044334,0.9533836514524119,0.9608548346974723,0.9784173401680175,0.9720036641170829,0.9665295075461157,0.9681395551605051,0.9634533217825988,0.9671782454139387,0.9216874581060374,0.9301777296826033,0.9299979522977341,0.9224997696053587,0.9422138113985118,0.9728486830748327,0.9757258357967157,0.9708691252307594,0.9848175881668383,0.994505928403866,0.9873303206776547,0.9950359062326447,0.9892573403103776,0.9888164037621031,0.9950235864063328,0.9854476374501457,0.9676747350653737,0.9790331499861107,0.9991693107211815,0.9993844067864102,0.9992274115130003,0.9993356139083129,0.9925517220207515,0.991202877265476,0.9948252848701776,0.9946901910689981,0.9644330922405344,0.9620512711279738,0.9615790592500613,0.9712542476089275,0.9669754869722993,0.9686337361306958,0.9545692623833755,0.9540986866142489,0.9999999999999998,1.0,0.9965749953039643,0.9960465169777619,0.9956015257664795,0.9955981033734932
1344.15282419,0.942009883127563,0.9741742443897112,0.9671292224271562,0.9521734427587895,0.954817622556521,0.9625385017344252,0.9788421918943292,0.9729361657628739,0.96771894727232,0.9689500608903723,0.9643455801454807,0.9681746436112405,0.9207142835311818,0.9289739367837744,0.9291531334865399,0.9213876747533309,0.9287954413072211,0.9656153977512177,0.9688389762498215,0.9631654760779403,0.985077525763977,0.9940013088862981,0.9866118596850826,0.9945421921632497,0.9893195325857826,0.9882911988424297,0.9950866629144438,0.9854977497678212,0.9673707077112395,0.9787423998164024,0.9984160079540267,0.9987466997534199,0.9986614092996443,0.9987155143661791,0.9929339157597019,0.99165579900719,0.9953636722847585,0.9953359886013018,0.9654519146738344,0.9626674630949312,0.9617781179385066,0.9722562281329374,0.9684735560445318,0.9697244874906538,0.9562051452008098,0.9553751994970118,0.9999999999999998,1.0,0.9962826358833489,0.9958703890064106,0.9955164245571043,0.9954066511492535
1349.76572543,0.9420485394382776,0.9733950547342792,0.9676442219525871,0.9518715874458399,0.9561942923965837,0.9641090684624086,0.979064093020929,0.9735756363698173,0.9687196613772494,0.9693866433955936,0.964866901699142,0.9688690523757211,0.9197684696959193,0.9275837392648435,0.927758678107109,0.9199859212316559,0.9149338383585349,0.9578207721258568,0.9612768848191582,0.9549039924871936,0.9846978849339366,0.9933941877756469,0.9850763100239126,0.9940854781702739,0.989204458663792,0.9870598256398193,0.9946453281658727,0.9849797606512756,0.9667249362683937,0.9778758243029079,0.9969475652608629,0.9974566194166783,0.9974820149713413,0.9971492737482494,0.9933974468026014,0.9918511006804668,0.9957289137907074,0.9957714096650908,0.9656424823994542,0.9631559084187881,0.9613709820283245,0.9726596435557114,0.9698035682115618,0.9707721369760787,0.9575337553003577,0.9564967098069814,0.9999999999999998,1.0,0.9960784301092438,0.9957652021665725,0.9951353101866961,0.9952530135692965
1355.4077275,0.941599699032896,0.9720060748570715,0.9676715971486417,0.9513674503995145,0.9581732704256227,0.9651749220138504,0.9796835406508785,0.9742930037850221,0.9692590255450176,0.9696288993928275,0.964982859180509,0.9689714220214648,0.9187280450376041,0.9262455203309399,0.9263125376600768,0.918762795516661,0.9011917546817859,0.9504788807695516,0.9535424592433732,0.9467741250565795,0.9839885386981985,0.9927610440103549,0.9833358085649675,0.993028888025011,0.9889339816644138,0.9854487407082247,0.9936328214766261,0.9840537112065652,0.9657024459880561,0.9767053972401742,0.994677694425652,0.9954322367296078,0.9951913538377621,0.9948404012740172,0.9938206423838243,0.9924643772013251,0.99607272047035,0.9961010707569675,0.9653178913875298,0.9635127236063741,0.9610004567231711,0.9724081288830005,0.9706980659557983,0.9713333995003209,0.9585827284130647,0.9572984029229513,1.0,0.9999703787502692,0.9959939207061144,0.9954588111120058,0.9948516187293895,0.9951217106023601
1361.07904029,0.9408535484711933,0.9702000542487597,0.9671498993099104,0.9509632714810407,0.9604523379097804,0.9661252001098241,0.980659105912528,0.9751674783823632,0.9689142796304265,0.9693511363420714,0.964403091781051,0.9685164747266698,0.9177699965215125,0.9250911240608412,0.9250770679653953,0.9175127469564265,0.888466996206856,0.9435942851966604,0.946558340759702,0.9388006922721592,0.9828283357696825,0.9918312305433504,0.9810800974175331,0.9918043405974498,0.9884336427764183,0.9837169633753458,0.99162896157918,0.9826708042801925,0.9641630072701189,0.9751037433380757,0.9915808694284619,0.9920559354705446,0.9916318827581623,0.9913928329912635,0.9940206409109388,0.9926635586825,0.9962534994040299,0.9962438479326761,0.965068422397015,0.9634284469392009,0.9603646877963568,0.9719045355921619,0.9709330539823807,0.9714746905971714,0.9593180661175063,0.9578897101840294,0.9999999999999998,1.0,0.9958635423346001,0.9953043670422692,0.9946524450408583,0.9950080885432238
1366.77987583,0.9395339841030901,0.9669669802877923,0.9659761595390373,0.9497035475717355,0.9624604662985521,0.9674272731640542,0.9815799228393554,0.9760932283899182,0.9670845418705537,0.9675052263191634,0.9627224804438899,0.966716024577702,0.9167101481322587,0.9240085430873926,0.9238652716232822,0.9161146142379983,0.8760912667753799,0.9366628696892066,0.9394854938565486,0.9305928253072044,0.9809506878339179,0.9905172595848857,0.9781358869769662,0.9903265775378643,0.9873595595205849,0.9815630823133561,0.9882833421056063,0.9805663203291238,0.961923138010797,0.9727141940836682,0.9869124705064863,0.9872289569716659,0.9860138072028882,0.9859984613245332,0.9939475478731529,0.9925599460711648,0.9961567087032742,0.9962085143441143,0.9637726157593488,0.9623776210510708,0.9592332640501572,0.9710932979454117,0.970765088380137,0.9712964171198339,0.9599010704684555,0.9578163005293354,0.9999999999999998,1.0,0.9956402810380585,0.9951647485606708,0.9944524341085432,0.9950108892540065
1372.46681289,0.9366767341566844,0.9621488852197584,0.9643254428754958,0.9466334012504937,0.9638198681288062,0.968824490205385,0.9824971701943137,0.9768713047538496,0.964396388293046,0.9646678695776087,0.9605504796893638,0.9640574461117712,0.9153852981186754,0.9226463404722447,0.9222495473632608,0.9146290404133188,0.8636342468610458,0.9294560286478383,0.9315040510684846,0.9221951142238259,0.9779846089150861,0.9887879145036499,0.9746379895990255,0.988032713159139,0.9858526370569567,0.978426092250867,0.9842517084577064,0.9772353816879853,0.958154214808572,0.9686518944524708,0.9799408738563047,0.9794940673903232,0.978515563085758,0.9781522451009933,0.9936764195293085,0.9921851171298451,0.9958969734716747,0.9959210908924766,0.9614874510685844,0.9605349189114045,0.9568962979962392,0.9694485055825965,0.9701773476781096,0.9707521913544652,0.9593731528858154,0.9568915982786786,0.999961861391912,0.9999002399250324,0.995377715322273,0.995125570587939,0.9944917274169645,0.9950128277306002
1378.13342967,0.9318518166414882,0.9552149727931194,0.9614643841103013,0.9415131012260357,0.9652370088323251,0.9700558644817994,0.9834539568852633,0.9768269746549262,0.9625399719973626,0.9627044502382299,0.9589902358529953,0.9619374614432454,0.9137534165818603,0.9210991315260879,0.9205729354502387,0.9132703857024919,0.8509848700872262,0.9213736464637874,0.92224768209851,0.9128280564620583,0.9736781117099965,0.9865014552666195,0.9699230211463696,0.9847799209120921,0.9831844443710447,0.9737998876719826,0.9787886757105915,0.9720153861495819,0.9519826113151386,0.9623115405261135,0.970117913992942,0.969112820625601,0.9681104460249438,0.967477117571734,0.993131790515915,0.9916800556483641,0.9952646044238402,0.9955143826337088,0.9582603079369044,0.9573742833593766,0.953130128811112,0.966630292634437,0.9686798947365186,0.9691153310053078,0.9575350503173964,0.9546998849387671,0.9999999999999998,1.0,0.9952799278763172,0.9951126637205158,0.9944476879366352,0.9949495933822228
1383.78010777,0.9251675554354757,0.9459156060543611,0.9567317297715328,0.9347543938644794,0.9667032019438583,0.9714787776684787,0.9841347005427984,0.9772207041559761,0.961173971246892,0.9608848786695207,0.9579452384044259,0.9602954751260855,0.9118862971050216,0.9194591559787765,0.9183970171947926,0.9113822994309455,0.8376691416735025,0.9129952109576166,0.9125117579231719,0.903005061544643,0.9671599832625882,0.9829702932135871,0.9630983814690335,0.9799227684058495,0.9789901579182471,0.9673809716150876,0.9703934936533889,0.9640826632808882,0.9430062901776456,0.9533434215877638,0.9580219876132725,0.9563296038714316,0.9554277843495042,0.9544703675581643,0.9919693791864642,0.9904728971631577,0.9939985342654314,0.9944152242532336,0.9535715055864465,0.9528987092617063,0.9477349040271641,0.9626707062853846,0.9653451698580902,0.9658497782088025,0.9537580192835825,0.9506757451585148,0.9999986296693173,0.9998945658640603,0.9953266212961319,0.9952452463519359,0.9946668711126153,0.9948509108651652
1389.40721715,0.9170810172189802,0.93412536143619,0.9502594436342829,0.9261912296225675,0.9682291212419413,0.9727255270828861,0.9850635832166326,0.9780705831424261,0.9590330326534368,0.9584447091104259,0.9560616158921645,0.9580615388583958,0.9100980166770933,0.9174778706005089,0.9158513749363963,0.9090319654671585,0.8231179826154381,0.9040618879026159,0.9025659455717109,0.893347165504469,0.9593342702535281,0.9788126775496114,0.9548508240148834,0.974496941546665,0.974089663496441,0.9598432860472687,0.9588050020141491,0.9531287677608388,0.9302394160293601,0.9412499407176774,0.9441089683241998,0.9414116612687203,0.9411616381150558,0.9401170670527798,0.9902446546172797,0.9888991816360144,0.9923627938199131,0.9925810951672194,0.9472907581746256,0.9476704072608868,0.9410023063491371,0.958472801451959,0.959053624242052,0.959542312328255,0.9470783897584722,0.9441847124876311,1.0,0.9998131671622219,0.9952463898411681,0.9952863676137799,0.9947358038557147,0.994965747110611
1395.0151167,0.9082435803215165,0.9201851138115339,0.9417860885972729,0.9156077952571287,0.9697010885052663,0.9742282295669148,0.9857397752279954,0.9788333987810068,0.9575848286882391,0.9571908274685251,0.954794601456302,0.9570086527312905,0.9082336784602862,0.9156382206296718,0.913573459661948,0.9071196639146112,0.8056687080212139,0.8940582365164929,0.8916998126889807,0.8825087055051204,0.9515561337769877,0.9747408676547203,0.9459281910509366,0.9688413033170187,0.9694021385593702,0.9516797446648545,0.9449002013820649,0.939846190139674,0.914368826729106,0.9266627339988948,0.9288024316553211,0.9252150342054948,0.9258431026285885,0.9245512269817999,0.9883237184434054,0.9869807088600029,0.9903124293757422,0.9905196073054691,0.9409513773420252,0.9423573130202101,0.933988092393793,0.9545745787434808,0.9497429874579999,0.9502880404485609,0.9366895130419275,0.9341748903916377,0.9999999999999998,0.9999889674295508,0.9952940721487292,0.9952866978929937,0.9948660474011526,0.9949602141761774
1400.60415467,0.8991073985155567,0.9048994676950736,0.9317559423334579,0.9032795155292912,0.9713950656114425,0.9759715986805872,0.9863063729443274,0.9797377746323106,0.9577174762955857,0.9575875684223132,0.955293983126795,0.9578252166674667,0.9066592536379605,0.9137054808914189,0.9116753618500905,0.9055172108051796,0.7852683575330864,0.8823204092966416,0.8789715003703721,0.8695945945329169,0.9430817196721808,0.9701617707331299,0.9361093199764198,0.9628598759668395,0.9644821063588903,0.9424658087639258,0.9302971428533777,0.9262599114130423,0.8975674774007004,0.9113214996697606,0.9139523056902541,0.9093053011298423,0.9105315118893812,0.9092321388051717,0.9868047026322576,0.9852353614225458,0.9889932912879043,0.9888901259918264,0.9356302746820304,0.9376434776318193,0.9280529842236793,0.9510898961291044,0.9387780534016391,0.9395476462015853,0.924219627944424,0.9222137705331135,0.9999999999999998,0.9998449724027129,0.9952898806813681,0.9951696969275173,0.994942954929496,0.995274418599389
1406.19775036,0.890857743620218,0.890075795949452,0.9216214655273512,0.8910808418969712,0.972900579839331,0.9778984417035383,0.9867069845349795,0.9802079103329435,0.958210764882907,0.9581461518384152,0.956272512843726,0.9591145643744601,0.9052335669260688,0.9116957216501314,0.9098135953615267,0.9037132843532335,0.7629848043101496,0.8691944646464507,0.8637316855504323,0.854650917548935,0.934775432181846,0.9649125127885806,0.9257309652501423,0.9567992230600455,0.9596089708945522,0.9327009727121465,0.9167168117243694,0.9140938961408211,0.8826502118888091,0.8974816197209342,0.9021933586105284,0.8967461556963516,0.898345307060577,0.8968297090966545,0.9852753551899308,0.983880088233517,0.9878194373495879,0.9877926713726161,0.9310181371288356,0.9332099076696995,0.9228865194051975,0.9477107879502297,0.9291143797358449,0.9299776161875167,0.9129178189991861,0.9113187109835658,0.9999999999999998,0.9999787106373789,0.9951984018133246,0.9951886249120497,0.9952153845146955,0.9953861518176206
1411.81328293,0.8861397965938543,0.8790318280396301,0.9141024205773286,0.8826604825747156,0.9745846899366123,0.9795703952734105,0.9865624424742507,0.9810890806076618,0.9586313911117655,0.9585820105962632,0.9570927818181322,0.959944885117865,0.903978227742594,0.9098117942783643,0.9078292080009427,0.9018829309677282,0.7408641373846492,0.8550798750400995,0.8468273709957164,0.838799241742713,0.9286847060548319,0.9604746860925284,0.9161266525934126,0.9517145746336496,0.9558438262093629,0.9241537013095276,0.9068409406127741,0.9056747490024211,0.8718982213186154,0.8877015904003414,0.8974074283026229,0.8916650982357753,0.8933049778467415,0.8916314503703666,0.9840742231254999,0.9829759371447475,0.9870445823225792,0.9868931682181818,0.9289787153039637,0.9309087449090712,0.9204180911115198,0.9459064499422227,0.9243794390020432,0.9251230399176281,0.9070253102191521,0.9057548674239613,0.9999999999999998,0.9999488152544936,0.9950676008812332,0.9953638249320137,0.9952502704456332,0.9953190185035318
1417.45083527,0.887478457643556,0.8746613289062366,0.9108109446375304,0.8812887673527233,0.9763080814718695,0.9811176177935467,0.9868782049050484,0.9821602666394982,0.9594764549964377,0.959848323804339,0.9584496197230623,0.9611078499165104,0.9027966704322355,0.9080521603804088,0.906329689522477,0.900179334458286,0.7208242919451621,0.8411638128756371,0.8301363050140028,0.823394998759613,0.9259169429021926,0.9579852590480826,0.9083696914001684,0.9485375553987252,0.9538376211976813,0.9176156491528061,0.9019906674711614,0.9021306036143825,0.8671323813245869,0.8831615515364994,0.9014440093990472,0.8959704296919614,0.8973135487624835,0.8957247518110651,0.9837127233280796,0.9824036490377007,0.9864821618987375,0.9864096609895368,0.9329854429816911,0.9349071418978021,0.9247626345666802,0.9493481799080793,0.9262452329119366,0.9269269275836305,0.9093496780254956,0.9081652186927618,1.0,1.0,0.9948423814978693,0.9953695908397036,0.9952697006634064,0.9953430687851718
1423.11049053,0.8930593950883187,0.8754733040708416,0.9116132180272585,0.8859480854176868,0.977845059877295,0.9823968615889486,0.9873748545121012,0.9832982237455337,0.960909535128276,0.961895923829849,0.9606755948757999,0.9629745704480941,0.9020262251515041,0.9066911004588429,0.9052013522201621,0.8990335111018395,0.7040723358716412,0.8281697037114816,0.8147712843284707,0.8097238764958783,0.9259937150883446,0.9565553966975365,0.9019848449019983,0.9470461773657538,0.9533594647232646,0.9123706199222361,0.9019621243658476,0.902645335820177,0.867988534458033,0.8835936177689508,0.9107619848614901,0.905762019234582,0.906790012787239,0.9052608558669792,0.9833707684461747,0.9824194783214019,0.9862392747831975,0.9861322924649469,0.941798431308516,0.943545635215276,0.9342515950946682,0.9563372560071909,0.9339272425864924,0.9341941531862551,0.9184206584571095,0.9172092314231503,0.9999999999999998,1.0,0.9944825164449729,0.995522380161081,0.9951540926199665,0.9953392965181991
1428.79233216,0.8994791297166995,0.8789978792653474,0.9148040242815494,0.8929513499180521,0.9796809263222145,0.983611287965405,0.9882213998917979,0.98432030343191,0.9629038731869535,0.96391152394606,0.9627157356065011,0.9648313611176091,0.9012505693676801,0.905331156218377,0.9043563601682268,0.8981228846749031,0.6907458283130612,0.8165545813910497,0.8006415031659082,0.7974708499595795,0.9260491326208914,0.9549368598261089,0.8948759693649966,0.9456542895867467,0.9530744585679839,0.90676045879119,0.9055328535746182,0.9065834197927549,0.8732140683411274,0.8884068254043866,0.9211839594733843,0.9167349769258538,0.9174555516683367,0.9162362273055767,0.9835995596894621,0.9831663542807522,0.9861655576886765,0.9861209960338463,0.9511105782247673,0.9524365259580977,0.9434120067496861,0.9629796717482877,0.9442486412813824,0.9437909024469753,0.9301610887307169,0.9289106889541092,1.0,1.0,0.994203872099456,0.9954967435964747,0.9952275140030298,0.9952714414569636
1434.4964439,0.9051999246147598,0.8836330590981287,0.9185864409707553,0.9005510768880043,0.9817697172501849,0.9850157374110222,0.9890994091551143,0.985572977397071,0.9650609397050591,0.9660069218416878,0.9648093151929636,0.966757933913562,0.9005944039686661,0.903835905771382,0.9033543664883535,0.897301278526126,0.6798148906195994,0.8055719708553568,0.7869819295298844,0.7860304035187329,0.9245455874371216,0.9522406526095771,0.8858593825228165,0.9431066832161302,0.9518887204993137,0.8987955087462776,0.9115997375584206,0.9122711292816196,0.880542503903373,0.8956529815857851,0.9306476559042715,0.9268989815527003,0.9272422348972216,0.9264520939122791,0.9843505563052422,0.9844603558127711,0.9866219810280441,0.9863188718092633,0.9590340845136067,0.9597167851426457,0.9504696011695425,0.9687467623329361,0.9540062344559125,0.9530029474711111,0.9411533806635082,0.9397393232617302,0.9999999999999998,1.0,0.9938674070040545,0.9958264159969361,0.995293371887515,0.9954833222660655
1440.21938683,0.9102221606416089,0.8885688528774753,0.9221415887733875,0.9071120432421111,0.9839206124914571,0.9863950423446313,0.9900486746985466,0.9866394778175513,0.967081884530507,0.967616355801004,0.9668465172069335,0.9685030450254579,0.8998228738943626,0.9022399566029772,0.9020493012303772,0.8964108842162661,0.6713140358838152,0.7962599062840222,0.7749828655876791,0.7765669075810185,0.9219389376662178,0.9485438905940203,0.8760498563895956,0.939526387067958,0.9496004188024603,0.8900512334572686,0.9182728179521105,0.9184812949712311,0.8884489014785029,0.9032138019003005,0.9387919937530781,0.9353630602751354,0.9350154376637463,0.9350487531322553,0.9852257217144963,0.9852644717000976,0.9869281895750553,0.9868428929637838,0.9646301551435731,0.965098743263524,0.9560217541913941,0.9732509089267014,0.9614949706385725,0.9604067069825921,0.9494929977372336,0.9477592650895682,1.0,0.9999657220474076,0.9932127149494602,0.9958903536562284,0.9952289347700657,0.9952613847146046
1445.9515979,0.9142297925778874,0.8931968194185553,0.9256776433456995,0.9130549051464213,0.9858656805083444,0.9876096603403302,0.9909768517080634,0.9875617674127545,0.9690223150692777,0.9692472617999386,0.9685923121673401,0.9700625619712868,0.8992671812888895,0.9013339193975779,0.90095391652707,0.8958570051573078,0.6667956239927785,0.790995298728736,0.7682972768996819,0.7714373619477677,0.9213035283565327,0.9466253452213617,0.8713236772515262,0.9379424070960823,0.9487389759743338,0.8858092280541633,0.9245410979962347,0.9241768832902671,0.8958026853580144,0.9103710308443504,0.9450704647674882,0.9420649733980532,0.9415006463003794,0.9417223918669179,0.9859705569151496,0.9860135932438702,0.9877009812235042,0.9877706785906063,0.968530837621815,0.9690224253513094,0.960768902340097,0.9764036899246493,0.967076047595202,0.9656192074283811,0.9555473914191411,0.9536852016206232,0.9999999999999998,1.0,0.9928618570038846,0.9956142106749933,0.9951681092500194,0.9952271286523194
1451.69304835,0.9178582075369343,0.8974585061880413,0.9288901528249751,0.9177484068048677,0.9873691235943312,0.9889659994495695,0.9919004718751494,0.9883739123473811,0.9709539238877403,0.9707540185176385,0.9702833805153187,0.9717115673008251,0.8989618750878028,0.9008685268429486,0.9008556818642972,0.8957604618947574,0.6664788845898909,0.7906179765301976,0.7676559745693489,0.7717193424354266,0.924113086424786,0.9480181172440921,0.8741199259815156,0.9397979317597258,0.9502674193122997,0.8886786493519822,0.9298285422625757,0.9285571605443272,0.901880341595265,0.916229821667819,0.9500204557738254,0.9472376592238535,0.9465722878651042,0.9467188738557477,0.9866165205142564,0.9869651699958453,0.9884073660313207,0.9885158216433321,0.9716786696287222,0.9717437048929544,0.9644706647873655,0.9787287394387335,0.9710307611379182,0.9692274864853858,0.9598279451981541,0.9583480065604317,1.0,1.0,0.9924172747654282,0.9954865743630266,0.9951225294606435,0.9953402366130599
1457.44370948,0.9211353964836908,0.9013905651896966,0.931895972669359,0.9217071427108076,0.9883695202260881,0.9903273728345008,0.9926789288052528,0.9889544657581933,0.9727321773293858,0.9726907266415884,0.971711510740287,0.9732352157743726,0.8991071730437337,0.9009153009089499,0.9011966858370687,0.8960590690560465,0.6683565941545424,0.7930220606062581,0.7709781887448022,0.7749587629281028,0.9284738239947202,0.9509589664855232,0.8809935347156986,0.9433214364137315,0.9531070403446179,0.8950763957852289,0.9337653513151009,0.9322100061747867,0.9070686604127571,0.9207374901864707,0.9539893949613426,0.9515562646424442,0.9508029884508868,0.950828018169967,0.9877891037396631,0.9878155186375511,0.9891367343666507,0.9894383976423206,0.9747493304272127,0.9740632493863911,0.9671474019040553,0.9801736799778692,0.9735097023202679,0.9719910213154677,0.9631309195455824,0.9618451169334097,1.0,1.0,0.9922567814635228,0.9953721169477475,0.9949446234968561,0.9953786544645062
1463.20355265,0.9242964909219745,0.9049122153183665,0.9344270349518164,0.9249603275321427,0.9893264515965922,0.9919524272429778,0.9933623182685187,0.9897774962777212,0.9744371195165775,0.974588584618067,0.9731223873623386,0.97487138624757,0.8993720259943497,0.9013721735709702,0.9015961272333846,0.8960886032427513,0.6708381363341436,0.7964564967072755,0.7751481408975166,0.7786190114882644,0.932536050484622,0.953700056032581,0.8870282230944856,0.94653033115665,0.9558504372978268,0.9007162379568949,0.9372191085928762,0.9360083071696695,0.9115530666227897,0.9245590266895053,0.9575316292710894,0.9553970741067657,0.9544615559999122,0.9546885628686032,0.9889300617676607,0.9887930387468684,0.9898446430722654,0.9899082685962357,0.9773237158819142,0.9763272763719201,0.9694743188734755,0.9814051392960599,0.975636151261332,0.974626277036509,0.9660261371879914,0.9656135663654515,1.0,1.0,0.992019580872502,0.9953552188351992,0.9948833299646552,0.9951492090846472
1468.97254925,0.9276962800636693,0.9090168112684744,0.937427811568658,0.9289958710947115,0.9902809960825294,0.9934160826122506,0.9939738816135028,0.99080253527029,0.9760011178416521,0.9765676624838061,0.9745873542316265,0.9766490072505652,0.8998817284191217,0.9019434307032833,0.9018839941909106,0.896196580601855,0.6732909621095606,0.7994797331030681,0.7792081367364764,0.7818108278655697,0.9356565087355231,0.9558309353454347,0.8913162181694447,0.949067940654367,0.957819824411564,0.9048667546529765,0.9411609930894077,0.9407198333645578,0.9172336169296346,0.9289332580025175,0.9610321073228113,0.9588719118640303,0.9581875842034641,0.958510088316152,0.9898152341360389,0.9898471351519894,0.9902816918851297,0.9905228928493964,0.9792536823820382,0.9784632827708106,0.971875573463536,0.9824625656106056,0.9777151950931645,0.9769707681804716,0.9686356053063255,0.9692268193510316,1.0,1.0,0.9917836698152629,0.9952517283451122,0.9947681173095925,0.9952582662602528
1474.75040717,0.9316323608558531,0.9140695241690817,0.9409687868708645,0.9335922806291992,0.9914407514147688,0.994554804149645,0.994716385338237,0.9920889900605391,0.9774336590623243,0.9782463254351138,0.9760024524925062,0.978067320553044,0.9002459345282915,0.9026527506719116,0.9019194861687531,0.8965905829472949,0.6753330092162437,0.8020881950160709,0.7828465229291088,0.7847913305874149,0.9381229201850554,0.9573872205701456,0.8941029318250594,0.9508840581765693,0.9597261978367483,0.9075560157817367,0.945676868341965,0.9460531779528696,0.9239211714882859,0.934877514188772,0.9647287349284082,0.9628914906633202,0.961809949573754,0.9625924221118454,0.9907883448910233,0.9908910380245906,0.9912511359948587,0.991103572180084,0.9806785158032227,0.980713968151845,0.9739940633934339,0.9839670287129181,0.9794333620742862,0.9790804238029764,0.9710987557732761,0.9718557224897563,1.0,1.0,0.9915503717177269,0.9951933861344455,0.994797243706595,0.9950999363785299
1480.53455271,0.935796960266855,0.9197491580966561,0.945187797865485,0.9385357379102083,0.9929449110437168,0.9956522957680564,0.9958069376543848,0.9937429079003947,0.9792761196339164,0.9800617191011001,0.9777619937842833,0.9797929945378094,0.9004450834796603,0.9031901537627208,0.9020787498711591,0.8969187762846623,0.6771450731726765,0.8046093206788055,0.7854525240885571,0.7870570310778916,0.9399259965570955,0.9583790586515685,0.8952126870418657,0.9520635458316257,0.9612194657069708,0.9087716596382701,0.9508279090990833,0.9512168597815,0.9308362857527457,0.9413164941662531,0.968581141152184,0.9671528673633882,0.9655885794838566,0.9666225979649872,0.9917438107769737,0.9922827080477247,0.9924193551761351,0.9922664116965455,0.9816592229558416,0.9827314124753475,0.9760136142028643,0.985358386971418,0.981446571185696,0.9810323634539321,0.9734133885287835,0.9744104767257458,0.9999999999999998,0.9999723152815402,0.991339603684018,0.995318514981521,0.994926169802512,0.9952064452436599
1486.32495713,0.9398731289968727,0.9259029746240404,0.9495117948349382,0.9433214082731716,0.9942766325410229,0.9963538204967299,0.9965164294445669,0.995029847693989,0.9814508525171487,0.9814867558463127,0.9798901855092094,0.9816050598762649,0.9006553487363951,0.9033455611078929,0.9023808091599334,0.8970481190255101,0.6788221542721147,0.8069517509997232,0.7876044921581123,0.7893589450552692,0.9415002660046132,0.9588911984907097,0.8958021911018277,0.9530797695899491,0.9622106983734199,0.9093374303506698,0.9558196075531432,0.9564936718181093,0.9373511418404555,0.9470608446574045,0.9720214886050957,0.9709827817943882,0.9692021707530976,0.9705843500569459,0.9925614906172516,0.9934682794504605,0.9936430534744376,0.9934779892908675,0.9830081467891298,0.9841532891854496,0.9775304459762066,0.9869038080250584,0.983387377210441,0.9823956147641942,0.9757638354133352,0.976765030859638,0.9999999999999998,0.9999245777994201,0.9909915981950507,0.9955573230833862,0.9951384073572982,0.9953530145594166
1492.12159183,0.9436259134104296,0.931801766606489,0.9539128044048473,0.9477866922665169,0.995174012044198,0.9967582872441488,0.9966991571177042,0.9955383430861263,0.9832610786073216,0.9830144797082885,0.9815511375038226,0.983718586203906,0.9007255641823293,0.9034309371590244,0.9029139195898186,0.8968835438118066,0.6817701844318034,0.8102729303811691,0.7912398893455944,0.7933228436650495,0.9435797480850683,0.9599318385446967,0.898360804960962,0.9545772086973234,0.9634572115071599,0.9115143113114663,0.9608615229774927,0.9612540710714746,0.9432899872638109,0.9521835897047737,0.9752699420308473,0.9743579898628104,0.9727042711740285,0.9741517304667325,0.9935484382119076,0.9945588193209441,0.9950395280161914,0.9945297910636738,0.9844833750444676,0.985135074228881,0.9790472196723592,0.9884376989637853,0.9853589647309567,0.9834968045626231,0.9778062048071282,0.978890129223371,1.0,1.0,0.9906353446924372,0.9955552497847507,0.9951766186886534,0.9954561978534313
1497.92442836,0.9474982960926773,0.9375805631124728,0.9581308100397103,0.9519555733579758,0.996108872827763,0.9972960041104748,0.9968822547434637,0.9958954616927227,0.9850245455986307,0.9845325424573431,0.9833188348699592,0.985490033749085,0.9009294912916399,0.9037000535147763,0.9037669870021348,0.8969994577516526,0.6865093427580364,0.8154755778976488,0.7973720557136171,0.7989492500643324,0.9471989446295225,0.9622605240598552,0.9040748432666769,0.9574326879345,0.9658349819363493,0.9165425422790384,0.9659446525025526,0.9654555489763365,0.9490774418394675,0.9572602158031875,0.9784026709622076,0.9776116154495147,0.9761120979151747,0.9773536599470808,0.9945837658683797,0.99520690595892,0.9959898239408672,0.995487912681338,0.9858357522866154,0.9867080798088664,0.980857398786485,0.9901184016038703,0.9870194641593185,0.9849814064381037,0.9795697165845891,0.9808370760881148,1.0,0.9999716626585935,0.9907084453577146,0.9955380091470921,0.9952125298730328,0.9952814541110946
1503.73343845,0.951184694182876,0.9431309739944156,0.9617186546920796,0.9554803593496036,0.9969120097396998,0.9976862200085013,0.997357558475476,0.9960461921437658,0.9867703842887278,0.986335107750426,0.985124922184392,0.9872455347221946,0.9009061819023111,0.9039661790314264,0.9047153024389849,0.8972208556644883,0.6921202535663401,0.8214122681435752,0.8043704273021757,0.8056084957274815,0.9514004229092385,0.9657611170828704,0.9111795159203425,0.960937196936704,0.968533571755977,0.9231378106378012,0.9704638580479035,0.9692830988820048,0.9548846960201142,0.9621127881555662,0.9812823377705159,0.980413958668477,0.979359946217507,0.9803221830163852,0.9956316118037097,0.9957654012946355,0.9967799830324342,0.9962302413782699,0.9873703816539912,0.9882668672919176,0.9824329414900155,0.9920991416708023,0.9884990220588066,0.9863969043254232,0.9816000746119706,0.9826581554785301,0.9999999999999998,0.9999724012473861,0.9903410253205356,0.995430306427093,0.9950831649168494,0.9951798830269244
1509.54899004,0.9545883627152717,0.9484626466395096,0.9650163175761994,0.9587164803282128,0.9976995194310505,0.9979891163486595,0.9980849076297421,0.9963152766121586,0.9886764947225024,0.9881524006292707,0.9868407372726605,0.9889974277270275,0.9008379284471579,0.9041193451921608,0.9057056832458016,0.8974439337534763,0.697091478093019,0.8266528083923703,0.8108813255919769,0.811478677133304,0.9555108608489994,0.9688113309395001,0.9169495879422723,0.9637626991565708,0.9706356044011081,0.9289185112070055,0.9744226534914637,0.9728007313189051,0.9601503267777018,0.9665134504243009,0.9841718936625711,0.9831517487945075,0.9826409181375999,0.9833116099272541,0.9965044717847362,0.9964143756777833,0.9977375520293523,0.9970022557423072,0.9892997219026612,0.9898030461411147,0.9841251385126251,0.993800781133144,0.9899025763952399,0.9881667568570642,0.9836498687381386,0.9846468939474409,0.9999999999999998,0.99998488387836,0.9899668580766972,0.9954494982836595,0.9948677490974203,0.9951540099536782
1515.38336105,0.9578679106919633,0.9534729520005087,0.9682834769492754,0.9615846431766232,0.9986041395485203,0.998279254574095,0.9987286388247163,0.9967308672477455,0.9905347546186396,0.9900274333670108,0.9884327547007108,0.9904249930314698,0.9011185525169711,0.9042825143839561,0.9065789576746617,0.8972972426772403,0.700945798036682,0.8305221565360292,0.815898418039275,0.8160055683544354,0.9581501223393993,0.9708569020389681,0.9207002981064403,0.9656378247302566,0.9717669095014008,0.9326296023879348,0.9778972664948988,0.9757541358579522,0.9649003301247878,0.9703666925089589,0.9867199076520886,0.9857812836442899,0.9855205885074863,0.985865586659757,0.9976890436690846,0.9973836824524922,0.9987534057394178,0.9974724077597713,0.991375922543387,0.9911560312907136,0.9858009171775269,0.9953560639386044,0.9917360050540922,0.9898595821143534,0.9855646391988245,0.9864443070384254,0.9999999999999998,0.9999286921637343,0.9896318017912871,0.9954854154207488,0.9950094466324141,0.995188627501738
1521.23658861,0.9609674984265338,0.9577784431928011,0.9711413649566665,0.9646007723987773,0.9992682839799087,0.9985584715318657,0.9990965281230217,0.9974687230929388,0.9919508691523101,0.99157635009715,0.9900611075369684,0.9918400640417167,0.901517630205932,0.9043491966488278,0.9072586085279831,0.8970284535404048,0.7036852661195735,0.8331348240261368,0.8193962760341185,0.8191050999348598,0.959770969397149,0.9717868869307652,0.9223888634496064,0.966484088425257,0.9722441657011716,0.934167361518002,0.9811815477385895,0.9782673620514721,0.9692475161678532,0.9737388061409159,0.9888263779357619,0.9879505005165874,0.9876846217719921,0.987892937483723,0.9983589445280078,0.9979157600972735,0.9993287673605679,0.9978588969215955,0.9926304510758258,0.992386810884897,0.9869579337202719,0.9962197895017408,0.9929508711127539,0.9908050300551321,0.986929495344746,0.9878553295595554,0.9999999999999998,1.0,0.9893666817254505,0.9955349863411305,0.9952371952977405,0.9949797540622096
1527.10870977,0.9635879232194056,0.9612721652471369,0.9733229812781622,0.9674375100089992,0.999613050481223,0.9986240887351249,0.99909858549445,0.9983328841397764,0.9931384561259455,0.9925529569768347,0.9911253701440041,0.9929654365070357,0.9014556944184564,0.9043616583970713,0.9074950842404809,0.8966555725099644,0.7053634415551431,0.834901133062117,0.8216718166079008,0.821066885821112,0.9606199512897254,0.9720826599940995,0.9228747522112846,0.967001793565969,0.9722297323272905,0.9344310332225612,0.9836698426038902,0.9805626381372354,0.972838726892986,0.9762095466745558,0.9904858777540329,0.9896064653337538,0.9892363557319381,0.9895985881402387,0.9989028773561477,0.998043379568672,0.9993911159179357,0.9981286619280753,0.9936857013306549,0.9935056577452736,0.988172356873865,0.9961536377409579,0.9934329086578315,0.9911286626204444,0.9881012002524525,0.9888219985920571,0.9999999999999998,1.0,0.9889780633242047,0.9954278796491556,0.9949434935831852,0.9949000000879752
1532.99976154,0.9660893446537518,0.9643893856536347,0.9752362783425289,0.9703962131305925,0.9998157430131718,0.9987205775004016,0.9996094954975399,0.9989839342850279,0.9939789535462924,0.9934324952109537,0.9920256614134596,0.9935942353158742,0.9013401516597372,0.9043136283398892,0.9077380135844045,0.8966448137983845,0.7077265971623831,0.8370555699614599,0.8241115069759628,0.8233005673343303,0.961445624932891,0.9721337327957041,0.9234787839243619,0.9670794805374622,0.9723091697575291,0.9349001838129374,0.985857081783142,0.9830149476551577,0.9757902298379808,0.9784358658790876,0.9918830672847588,0.9913887182493256,0.9905734671226063,0.9911896681119577,0.9992823854028683,0.9984547148811318,0.9994542336221879,0.9985075952676497,0.9944422527829545,0.9941947762107671,0.9893352172788811,0.9959372630294226,0.993954322722568,0.9914192483196913,0.9891726683865317,0.9896649440980303,1.0,1.0,0.9885189080066111,0.995319881237159,0.9946698471471538,0.9948624536222155
1538.90978084,0.9685722273701654,0.9674741327831348,0.9774108787042229,0.9730986881410788,0.9996270207395374,0.9994314558462124,1.0,0.999657895311195,0.9944765572602068,0.9942109023339345,0.9929797432167665,0.9945144360148268,0.9012146730578497,0.9042879043219243,0.9078152914835601,0.896687877788223,0.7123802972393973,0.8409598926641554,0.8289708541781607,0.8277706873991795,0.9632231184232356,0.9728735179244365,0.9260927580514134,0.9683103929762867,0.9731312422547457,0.9368881764852035,0.9878545577602974,0.9852780402746422,0.9782111203045637,0.9803516184949504,0.9935928786069932,0.9930333347709842,0.9922200412408546,0.9928214538407366,0.999505036272276,0.9987072537510415,0.999172868027724,0.9987519301229133,0.9954120742891268,0.9952198180885123,0.9904712861211602,0.9961132376939168,0.9942929410309673,0.9923532695082233,0.990401131270692,0.9903951594299055,1.0,1.0,0.988239139021224,0.9950996020431043,0.994615434923738,0.9948701800545452
1544.8387776,0.9708921503360465,0.9705366584275619,0.9796002513201014,0.9757216205445571,0.9999044133214061,0.9998169410460624,1.0,1.0,0.9950494276470034,0.9951664532009704,0.9941024425670013,0.9953824078328918,0.9011826853553045,0.9047465747602268,0.9082858369697375,0.8969108312744708,0.7207385670770784,0.8474234326060227,0.8366724586681817,0.8351687941326735,0.9664133259019873,0.9746078708158538,0.9314375209567286,0.9709243225711371,0.9748972999680633,0.9414176116347872,0.9898350300185884,0.9874711970984783,0.9804500182150327,0.9825039452871843,0.995052386651265,0.9943594487107161,0.9937328474763744,0.9945172389282206,0.99985909172308,0.9987755675132326,0.9990790491091812,0.9990033619867144,0.9967238199225208,0.9960932336406361,0.9917685689856777,0.9961976845103757,0.9946642155154325,0.993617004379664,0.9916492220941936,0.9911947063696647,1.0,1.0,0.9880009482865928,0.9950254024186375,0.9943328633016764,0.9947961688510765
1550.78660554,0.9729156042892754,0.9731084209679595,0.9815042780275929,0.977942310010353,1.0,1.0,0.9994219400512713,0.9998316092131599,0.9955982762606495,0.9959125114943211,0.9952186025998085,0.9961519698128822,0.9015040540071347,0.9049090161589932,0.9087179396483724,0.8972994925202757,0.7326997659794279,0.85542613230234,0.8467583352747722,0.84487183377366,0.9701569700584521,0.9772629715709495,0.9383574697399824,0.9740072989777075,0.9769710427698323,0.9477782817837545,0.9915814312816725,0.9895207373823893,0.9823808242262875,0.9845688582556128,0.9962419780749829,0.995504271684797,0.9948742274955473,0.995938472201367,0.9998643319151845,0.9986949429424118,0.9990225510768571,0.9991723072254378,0.9978835750073526,0.9965137588587978,0.9926753507549735,0.996060423790368,0.9952446722284018,0.9947223428253611,0.9926696152318875,0.9919752516519432,0.9999999999999998,1.0,0.9876979214138372,0.9950852684986369,0.9943119430961629,0.9947711760315955
1556.75329898,0.9749894414984903,0.9756350330337409,0.9827851832550252,0.9799896770841937,1.0,0.9999087656093434,0.9989587597774922,0.9988071726830383,0.9962750863883985,0.9962576033609193,0.9963644358493067,0.9967707116467573,0.9015312247931243,0.904867277565169,0.9087161082492223,0.8976601843950225,0.746775087271091,0.8645410358856336,0.8580259496710948,0.8551744142727676,0.9737246323803158,0.9794525818114864,0.9455017038496457,0.977105265771999,0.9789064103855949,0.9541427358150972,0.9928955317170007,0.9911518298997515,0.9843416244268345,0.9863763637369294,0.996995463029238,0.996515081616278,0.9956281070258169,0.996764141667574,0.9998364484280496,0.9985682737613065,0.9992466638385317,0.9993420699524451,0.9986466237153313,0.9973545492739117,0.9937168881823897,0.9962900324892453,0.9956430576907892,0.9952276361688511,0.9936292072862489,0.9931511827949001,0.9999999999999998,1.0,0.9871606711148658,0.9950500961182088,0.9941940147042753,0.9950677478083958
1562.73889214,0.9771223211967919,0.9781169571322805,0.9841044024295729,0.9823487697714257,0.9998656256335551,1.0,0.9992002605150502,0.9984756792353254,0.9968365473543863,0.9963807844311484,0.9972253437656684,0.9972200237645086,0.9014472062500121,0.9051261822903826,0.9089190998801938,0.898023901238059,0.7616996959438147,0.8740654834914802,0.8695489695609074,0.8657163259112955,0.977014357506775,0.9814066050720843,0.9521580725149696,0.9800577981068,0.9808522453825901,0.9598362242881798,0.9940015201233977,0.9923226041777329,0.9861619897565961,0.9880384844476628,0.9977289217516401,0.99733217304588,0.9965084731225748,0.9974855407102733,0.9996839583167889,0.9988493926880424,0.9993783195879596,0.999688356410376,0.9989609409450932,0.998031253991525,0.9949760880793581,0.9969192285217187,0.9959822507920318,0.9955653508348623,0.9945925139395515,0.9942260297086184,1.0,1.0,0.9869750461441578,0.9950554773917909,0.994411489971707,0.9950151060385444
1568.7434192,0.9796349910057087,0.980684240740023,0.9858680473445462,0.9845473092159479,1.0,1.0,0.9998572239215617,0.9983514302573865,0.9973328545396014,0.9965141079408006,0.9979213331517206,0.9980487377256244,0.901857964818013,0.9060203376006591,0.9088178875853103,0.8987943417107681,0.7767256850396015,0.8835816015108104,0.8808774314167243,0.8759759114445215,0.9801660111897326,0.9833498325462801,0.9581683627790872,0.9831339700275076,0.9830736554205172,0.9650947704186056,0.9953937967776251,0.9934420610686884,0.9884564401791082,0.989713200573263,0.9985360265096094,0.9978262398588661,0.9978501988877668,0.9983613298212107,0.9997649340714863,0.9996755151283047,0.9995275042087544,1.0,0.9995265391182493,0.9988907620368925,0.9964605310912994,0.9977402410912484,0.9967090147103065,0.9962746738112686,0.9954188255111319,0.9956201264882433,0.9999999999999998,1.0,0.9868214867066064,0.9950638089709654,0.9945236472677206,0.9949809008525173
1574.76691423,0.982015038097251,0.983076590517015,0.9878953710341035,0.986435339613292,1.0,1.0,0.9999820950136611,0.9984434912439518,0.9976693843487114,0.9967744883133022,0.9985372299107839,0.9989799525520797,0.9025380245747259,0.9070617286030482,0.9090489069159241,0.8995258573763002,0.7918057574779118,0.8929864034120522,0.8909664705672091,0.8859913750430691,0.9828110454107023,0.9851760655723851,0.9633644771655294,0.9855898535508874,0.9850448650971673,0.9699459193104167,0.9964046284498657,0.9943169927314813,0.9902638467493957,0.9915649730245005,0.9992996863249554,0.9982869411257815,0.9989865574988167,0.9993687884096306,0.999953328419736,0.9999219394274258,0.9997334102488444,1.0,0.9998403346717305,0.9993203981877781,0.9977068788283545,0.9987503870656949,0.9974977319129963,0.9972862016627048,0.9961007707174594,0.9968342645004956,0.9999999999999998,1.0,0.9867263336444477,0.9952451646294238,0.9948265193678176,0.9951604360813606
1580.80672696,0.9839064536657061,0.9852580722320722,0.9899714963249063,0.9882600351769653,1.0,1.0,1.0,0.9993129164557152,0.9980374121746439,0.9972302221858232,0.9992559794735792,0.9992217801410911,0.9031034213777331,0.9078381415639817,0.9095199274100612,0.9001561135265803,0.8072064505538122,0.9021445336903876,0.9005030054985408,0.8954661679880949,0.9852838888145358,0.9871513921581162,0.9676414331354436,0.9876792812118684,0.9866522722240274,0.9740756450750389,0.9974402905987749,0.9951360189561445,0.9918118457403762,0.9933088378526197,0.9998588776406245,0.9991027265917911,0.999900466715233,0.9998904107437477,1.0,1.0,1.0,1.0,1.0,0.9993745895041005,0.9988276730535095,0.9996659946213905,0.9982881406572106,0.9983414144664348,0.9969211505371937,0.9974122628619062,0.9999999999999998,0.9999996069677476,0.9861705074827088,0.9951402744020582,0.9948818015553795,0.9952377939105251
1586.85843732,0.9855223263292137,0.9869603275771802,0.9912355166971603,0.9897251814950013,1.0,1.0,0.9998000270147124,0.9999345637215343,0.9982907143261194,0.9976864132021336,0.9997445917857513,0.9994927318532095,0.9037468604482574,0.9086031293933398,0.9099580720715812,0.900157421750706,0.822458634574359,0.9109448318012711,0.9095902036114707,0.9050514981137014,0.9868719690820705,0.9890815206922516,0.9711459264349519,0.9892022725199252,0.9879767514049268,0.9774571798724374,0.9982273737600774,0.9955746176493887,0.9930126351908095,0.9943372831239955,0.9998667411853513,0.9998000930548419,1.0,1.0,1.0,1.0,1.0,0.9996684196665557,0.9996811597581067,0.9998601882583645,0.9993256663386686,1.0,0.9991349305697097,0.9992274197284443,0.9978381199438157,0.9974845707474538,1.0,1.0,0.9857198317246705,0.9950798667613069,0.9947266898395664,0.9948083558497754
1592.92202448,0.9870235346566266,0.9882930666976191,0.9922191697218138,0.9910026860452713,0.9998846118285372,1.0,1.0,0.9998277609168555,0.9980538743530001,0.9978181428134041,0.9997007781265391,0.9994930551734277,0.9040788726581422,0.9089192937033937,0.9102883801886784,0.9002823722608204,0.8378946109757014,0.9196186999194007,0.9186616562285327,0.9143839274891374,0.9886774754161022,0.990476884656022,0.974675320896585,0.9904313919931627,0.9891215692286063,0.9802786269474562,0.9989112128662456,0.9961613316585706,0.994320819054963,0.9952367384451366,0.9996617865731416,1.0,0.9998460049222141,0.9997373701415333,1.0,1.0,0.9997602438795635,0.9994614924906647,0.9990175119807029,1.0,0.9997131723296242,0.9997901855878365,0.9993570277246155,0.9993012834014573,0.9983427054707572,0.9973189243798145,0.9999065224676456,0.9999623712633617,0.9853862038849486,0.9947300290119573,0.9945026548803798,0.994616401340377
1598.99746754,0.9881987805371722,0.9896219846168371,0.9933407138361924,0.9919896526099804,0.9994302578057943,0.99974398198045,1.0,0.9990649357193615,0.9980027426829348,0.9976889215794948,0.9998784316013563,0.9993921425551373,0.9043062646403534,0.9089554321481722,0.9106376246018718,0.9003424509503111,0.8540268024958597,0.9283202379482624,0.9279550611532927,0.9241051261360251,0.9902373221593974,0.9916280760585069,0.9782537115615847,0.9916834508159761,0.9898994842992809,0.9828687302105639,0.9989177914687186,0.996574980824789,0.9956804858944064,0.9962971803051557,0.9995343757612577,0.9999003854103881,0.9998711506371002,0.9996814832661661,0.9995353479501177,0.999888787413801,0.9996526209564012,0.999279451823032,0.9990828238512401,0.9999077583095018,0.9998329554990798,0.9992494944016909,0.9995976089452848,0.9983554882072616,0.9982816591272577,0.9971786365044512,0.999903338822124,1.0,0.9850220187498487,0.9946012144725329,0.9944389617562412,0.9942717338214103
1605.08474557,0.9896464501492614,0.9910493746686013,0.9940565093908649,0.9928292812397715,0.9993451253489571,0.999634588289163,0.999552860963474,0.9987721081486468,0.997847669637304,0.9974489213439506,0.999934624771869,0.9994845033084999,0.9046889417802164,0.9093848390491766,0.9114284236193505,0.9005294571504202,0.8709378915715329,0.9368201094674347,0.9374277682031616,0.9340639022630391,0.9918590623451159,0.9925452339012437,0.9819103370814847,0.9933148660436881,0.9910822034747914,0.9856900516015816,0.999009434933412,0.9976061308915342,0.9971700387503905,0.9970634334954089,0.9996939475160211,0.9998082858038678,0.9998604542127745,0.999745607462893,0.9992445954782986,0.9994878920342714,0.9995530555619784,0.9993337850296191,0.9992760489075383,0.99990900785481,0.9999299351672973,0.9992787937306759,0.9997087682996636,0.9980829777890383,0.9984425167229628,0.9974398659544395,0.9998890420064367,0.9999336892163223,0.9847737377018482,0.9945739127624925,0.9942081279836557,0.9942681861705095
1611.18383758,0.9913661912851454,0.99240030356036,0.9946210986573935,0.9942465725851097,0.9993622639903654,0.9994698674009349,0.9994729291604761,0.9991525461682679,0.9978944031738208,0.9977184186152747,0.999938920657151,0.9996963218686402,0.905262300741853,0.9099282047985604,0.9121378844689954,0.900968967925856,0.8884792426779998,0.9456033357359862,0.9471148521285652,0.9439565968769069,0.9936207175424762,0.9935171654278603,0.9853185506608109,0.9947359350104115,0.9925554172889783,0.9884647062751672,0.9991964009164138,0.998691067145526,0.9978926325907298,0.9976814080691708,0.999809497858452,0.9997759810936159,0.9996526314609623,0.999569815657861,0.9991335752725037,0.9995042228345281,0.9994494984550293,0.9994378458530162,0.9999782251480192,0.9998704001584284,0.9997324378772021,0.9998754582856746,0.9996404119439695,0.9985665936584517,0.9991995199101782,0.9980617121760303,1.0,0.9999878314243459,0.984425912784854,0.994704175423437,0.9943874697938889,0.9943710555551635
1617.31109985,0.9927243984396551,0.9937527299585992,0.995237546970582,0.9956894436940478,0.9997107657978149,0.9996583994088806,0.9993399648730432,0.9998289558422945,0.9981893601674823,0.998179145640652,0.9997658978661478,0.9998614017046341,0.9059748436462299,0.910732916475288,0.9129233177788674,0.9014637338795588,0.9057415913807972,0.9543686531622152,0.9560860488450823,0.953415439787063,0.9953951289878108,0.9939607747764243,0.9884713292577321,0.9955974263780029,0.994029508270959,0.9912508686970798,0.9995486393669113,0.9992043394967464,0.9983852995742586,0.9980692430695948,1.0,0.9999794291722511,0.9997812053460529,0.999563751037967,0.9989726302179425,0.999646646977462,0.9994526800278436,0.9993198941619673,1.0,1.0,1.0,1.0,0.9998197102927067,0.9995130534092225,0.9997340293486383,0.9985935264804816,0.9999999999999998,0.9999321460563813,0.9842435943261016,0.9946048584883089,0.9943466000092567,0.9943444915685739
1623.47024896,0.9940084028909723,0.9947527051477213,0.9959960800056606,0.9970508161451537,1.0,1.0,0.9995175493755515,1.0,0.9987712227625951,0.9987335426418084,0.9996604924560006,1.0,0.9065882464537088,0.911771453605617,0.913751518197069,0.9014538734953164,0.9224245525155815,0.962602845448824,0.9642985135322979,0.962292712041931,0.9966085407283665,0.994746975166583,0.9913251672522143,0.9962291762109604,0.9952197313719887,0.9934916652467453,0.9996122755655243,0.9994250338147532,0.9989537250534637,0.9984126462810666,1.0,1.0,1.0,0.9998070278142702,0.9990292877242304,0.9999384490210976,0.9996020234796048,0.9993403589059439,0.999972606533257,1.0,1.0,0.9996902863622594,1.0,1.0,0.9999071181100407,0.9990377934211949,0.9999999999999998,0.9999774861142745,0.9842034227890891,0.994710165747213,0.9941801108266393,0.9942501246401889
1629.66154068,0.9952733986041542,0.9957579514474091,0.9967209773715415,0.9982201528074027,1.0,1.0,0.9998262032329054,1.0,0.9992694940307917,0.9989624211240139,0.9997969526734681,0.9998914382048644,0.9071528850145899,0.9122893314501649,0.9146527100236737,0.9017838413927453,0.9387126008485817,0.9705929568201815,0.971784314163381,0.9707687757443495,0.9979807350037809,0.9958375767531694,0.9940539680524942,0.9970705432093038,0.9963354167104447,0.9954257949124803,0.9998896762858718,0.9997305691920597,0.9997004316017003,0.9989667576916208,0.999900743832776,1.0,1.0,1.0,0.9994484354414056,0.9999471071223172,0.9996407828712401,0.9997221736054,1.0,1.0,0.999981873388543,0.9996222505849738,0.9999747202334301,1.0,1.0,0.9996724597421329,1.0,1.0,0.9843349010247899,0.9947649373779265,0.9941292919307834,0.9944067697074959
1635.88523392,0.9960256191792624,0.996766139505949,0.9973160787186127,0.9987932030024598,0.9999396768643928,0.9999324968785138,1.0,1.0,0.9995679720083069,0.9994127361248408,0.9998191936079814,0.9995185432550873,0.9076279744455146,0.9126757745366288,0.9152474170877996,0.9024838866666594,0.9542601436870958,0.9784874809118922,0.9790317077171248,0.9786685490481621,0.9989104827714526,0.997084508767356,0.9962502045644968,0.9978969144374337,0.9976033162001369,0.9973146636153033,1.0,1.0,0.9999768061155788,0.9993474608900939,0.9998189875671635,1.0,0.9996228235717267,1.0,0.9998247956671308,0.9997328608672145,0.9996525354186041,0.9999987198539675,1.0,1.0,1.0,0.9995507231921058,0.9998560747264686,0.9997649441815973,0.9998741692496421,0.9999680767227243,0.9999999999999998,1.0,0.9843383280761997,0.9946129349828813,0.994151159639354,0.9944505009281251
1642.14159076,0.9968483711579306,0.9977935343987236,0.9981403399741047,0.9990803532705255,1.0,0.9997855382671748,1.0,0.9993727226892343,0.9997074415076826,0.9997205135092976,0.9997553469418046,0.9992257257676296,0.9082720574503467,0.9132371136159491,0.9158478510839395,0.9031401778118655,0.9687666491822703,0.9855440006822029,0.98592004909048,0.9856797016511444,0.9994241732678799,0.9981593344882235,0.9979197687514902,0.9988503257915201,0.9986850642600442,0.9985819510760907,0.9998665822732178,1.0,0.9997607857668672,0.9994615847620218,0.9996756254783207,0.9999931771562283,0.9996076540664887,0.9999812585022158,0.9999584339790207,0.9993946995668244,0.9995685455994661,0.9999942650905825,1.0,0.9996922590517816,0.9999535945874821,0.9992507434226069,0.9999067840586583,0.9991919852506895,0.9999172698389935,1.0,1.0,0.9999751574443351,0.9844834319548452,0.9944597559889524,0.994121576780955,0.994265686627672
1648.57498892,0.9975875949411697,0.9987082568438849,0.9990299343200866,0.9993213986994709,0.9999387798423484,0.999903111663069,1.0,0.9995939937940653,1.0,0.9998456910064112,1.0,0.9995928713956667,0.909567058182303,0.9139246475990497,0.9167846209159728,0.90417982379762,0.981386283347952,0.9920389934640959,0.9921027434055172,0.9919156201289233,0.9996605580267559,0.9987324836708675,0.999336462921992,0.9995142828374175,0.9995498043052762,0.9995104632060364,0.9997106503127136,1.0,1.0,0.9997565417988938,0.9997583587272746,0.9999944858690059,0.9999164677856741,1.0,1.0,0.9995001547688174,0.9997053928347044,1.0,1.0,0.9998895027945008,1.0,0.9995369838317189,1.0,0.9986453476951334,1.0,1.0,1.0,1.0,0.9848864414861817,0.9944840988346187,0.9940587108872107,0.9941206939193934
1655.33520858,0.9984933077583628,0.9995216835007069,0.9997278008375969,0.999407067038296,0.999862132678964,1.0,1.0,1.0,1.0,1.0,1.0,0.9998967656808587,0.9106574042375096,0.9145832962295383,0.9174048355292442,0.9051791360962832,0.9918980667293473,0.9972766690839165,0.9968754133671093,0.9969766583534317,1.0,0.9994413500420568,1.0,0.9997357957560202,0.9999224751035878,1.0,1.0,1.0,1.0,1.0,0.9999089425390483,1.0,1.0,0.9999673574142408,0.9999987755095436,0.9998847055154607,0.9999925453805858,1.0,1.0,1.0,1.0,0.9999224206017064,1.0,0.9985208349147586,0.9999323591387033,0.9999819597324129,1.0,1.0,0.9848876738986724,0.9949826426250464,0.9943062565990635,0.9942414108667958
1662.47344048,0.9993153241060126,1.0,1.0,0.9994914280856425,1.0,1.0,0.9994053754125273,0.9998630363183633,1.0,1.0,0.9999419279707862,1.0,0.9114709515143419,0.9146255491594892,0.9183596047402617,0.9064090606912103,0.9986510352776156,1.0,1.0,0.9998910297117182,1.0,0.9997314106072557,1.0,1.0,1.0,1.0,1.0,0.9998813540622846,1.0,0.9999007472328543,1.0,1.0,1.0,1.0,1.0,1.0,1.0,1.0,0.9999268834344102,1.0,0.9994070116810785,1.0,0.9998292448016761,0.9986961595709245,0.9998552388407587,0.9999502689603885,0.9999999999999998,0.9997748244069743,0.9845360591171705,0.9952176312739686,0.9944540187170484,0.9943655853472221
1670.05561049,0.9993933465405731,0.9996162329488952,0.9995577455944213,0.9992690916824754,0.9998580079208711,0.9995044733775245,0.9985967754051044,0.9990675136752152,0.9997902195460279,0.999667827534217,0.9994818991678799,0.9993139056688373,0.9118199584897583,0.9145269262739395,0.9185180971098805,0.9070882304577859,1.0,1.0,1.0,1.0,1.0,0.9994905727544785,1.0,1.0,0.9991778966136806,1.0,0.9999807850366959,0.9989335206225939,0.9992664983428535,0.9993973042760883,0.9995630352196501,1.0,0.9995854222945016,0.9996211325314825,0.9998153440029143,0.999577455680092,0.9994222586680183,0.999691468688932,0.99919546054929,0.9987150750875093,0.998167374941426,1.0,0.9989923653007016,0.9988851507477271,0.9993708292729709,0.9993518336292649,0.9999999999999998,1.0,0.9839715278385737,0.995127837907887,0.9940104565749454,0.9941625864795058
1678.16902352,0.9994044669731537,0.9998360685822079,0.9998062514372477,0.9996477185705168,0.9997987854413463,0.9999469153837739,0.9980771579669652,0.9985678384934217,0.9999965366020628,0.9996407548365889,0.9994508230992767,0.9997552654439568,0.9122910984671021,0.9151108705994928,0.9196610343220031,0.908295750686828,0.9983522512134222,0.9995537265515385,1.0,1.0,1.0,0.9999060605339188,1.0,0.999771323640668,0.999560331568591,1.0,1.0,0.9993002531284682,0.9997667898156882,1.0,0.9994219620105516,0.9999959356032101,0.9997910001021438,0.9995981812629356,0.9999441470391818,0.9996002153935287,0.9993758637448691,0.9997490358960116,0.9983290391571128,0.9974178111954627,0.9970417179965939,0.9995782408188105,0.9992106856139866,0.9990877230951828,0.99954795040458,0.9997851517759795,0.9999999999999998,0.9996564662301044,0.983178588852754,0.9949651452468371,0.9941384581599895,0.9946563334359583
1686.55255666,1.0,1.0,0.9998302254451387,1.0,1.0,1.0,0.9982254673674491,0.9988262070278522,1.0,1.0,0.999508535928037,1.0,0.913362066710352,0.9163863626913715,0.9207339788117538,0.9095215638420028,0.9881583974641568,0.995507074175792,0.9970434031088863,0.9962241591515828,1.0,1.0,1.0,1.0,0.9997390813493433,1.0,1.0,1.0,1.0,1.0,0.9996955911896155,1.0,1.0,1.0,1.0,0.9996456877855541,0.9997899151959551,1.0,0.9968476758836353,0.9959719893409108,0.9954561031342325,0.9991051846492544,0.9996349988685516,0.9992549676121317,1.0,0.9994701942719483,0.9999999999999998,0.9998471095914109,0.9833809972172114,0.9948031386652691,0.9945078820818571,0.9942750359136231
1694.9652068,1.0,0.9999355921412123,0.9998719870733564,1.0,0.9998113503686084,1.0,0.9983353248330071,0.9997404002641073,1.0,0.9998618407751766,0.9994782314694316,0.9998286092393313,0.9140844723177999,0.9176381717852373,0.9214027602456568,0.9105380101622607,0.9682475691040221,0.986337680809729,0.9891237204382535,0.9863857393838762,1.0,1.0,0.9991667524820108,1.0,1.0,0.999853344002836,0.9998928045847558,1.0,1.0,1.0,0.999920572551023,1.0,1.0,1.0,0.9998317435804263,0.9995466306486753,0.9998141194741951,1.0,0.9944204072139483,0.9935120912187179,0.9924963734481516,0.9980167195182698,0.9998094471934919,0.9997755052479648,0.9999414790729888,1.0,0.9999999999999998,1.0,0.9831221047955077,0.9942222129459787,0.9940034842334843,0.9944339663371631
1703.40698655,1.0,1.0,1.0,0.999925343244441,1.0,1.0,0.998424564844627,1.0,0.99986275783569,0.9998797436893503,0.9999087898916287,0.9999290826007287,0.9151156269855067,0.9190830849324725,0.9219172503090439,0.9117354168928749,0.9383505908125627,0.9724956225098267,0.9753781517386084,0.9721350432496276,0.9991028623913764,0.9996065695371669,0.9954554737757637,0.9993278735017775,0.9990530805590736,0.9968719473250296,1.0,1.0,1.0,1.0,1.0,1.0,1.0,1.0,1.0,1.0,1.0,0.9999050280893171,0.9921660545156685,0.9914307600637644,0.9896414712336977,0.9969888750184691,1.0,0.9993008399299304,0.9998970596155645,1.0,0.9999470943933981,0.9997257275341499,0.9831490960376843,0.9947748190409572,0.9944548386501673,0.9944735020651799
1711.87790799,1.0,1.0,1.0,1.0,1.0,1.0,0.9976383991320132,0.9996173749459634,0.9996471372188824,0.9991940791346912,1.0,1.0,0.9161321709538898,0.9191431373508084,0.9224418966401268,0.9127699681914369,0.9026144030953978,0.9551852815271865,0.9576655988650252,0.9534421418440309,0.9964008686334942,0.9984301862121988,0.9885273247949604,0.9971035445590419,0.9979770442367549,0.991608070073055,1.0,1.0,1.0,1.0,1.0,1.0,1.0,1.0,0.9999164559862685,0.999286061214455,1.0,1.0,0.9907725031196761,0.9897149261242295,0.987268138228956,0.9956061950444101,1.0,0.999971857123003,1.0,1.0,0.9999999999999998,0.9998380643774474,0.9830155635691645,0.9943694732800816,0.994403520681155,0.9948331847176355
1720.37798277,1.0,1.0,1.0,1.0,1.0,0.9998987774806454,0.9966688234578702,0.9989453867182443,0.9989276633465265,0.9984440061779701,0.9990155231894848,0.9996161324586993,0.9171780129490692,0.9190511127362032,0.9224375372164842,0.9139272441239957,0.8656517258270886,0.9359330400449737,0.9373068497397179,0.9329856155767733,0.9917668490332631,0.9955202637421259,0.9786774557730524,0.9925053038814371,0.9956125777228447,0.983301769498794,1.0,1.0,1.0,1.0,1.0,1.0,1.0,1.0,0.9993180044639516,0.9991784261080632,0.9995764545646666,0.9994730093943708,0.9906825928376805,0.9881226202170941,0.9855348292811226,0.9946187305612413,1.0,1.0,1.0,0.9999406432863105,0.9999999999999998,0.9997769654610527,0.9825379577861529,0.9946159278285306,0.9941623541103269,0.9946883576066801
1728.90722205,1.0,1.0,1.0,1.0,0.9994486941477585,1.0,0.9953586795229011,0.9978945222050984,0.9986808839101673,0.9975788373993685,0.9979348249040427,0.9995007753944576,0.9177433680527783,0.918200744246487,0.9226084940951536,0.9137712478896688,0.8328287426225243,0.9181007731304217,0.9178660803372446,0.9139839289940531,0.9862654245704638,0.9912611120364646,0.9675165089450332,0.9874112865550858,0.9923907646015149,0.9735894290672998,1.0,1.0,1.0,0.9997384583100359,1.0,0.9999076663766974,1.0,0.9999896398101231,0.9988309853420902,0.9986318481576758,0.9986431829640849,0.9997924315416904,0.9911353551270279,0.9881288761164734,0.9862613399764609,0.9941913661329789,1.0,0.9994354725488184,0.9997280792184222,1.0,0.9999999999999998,1.0,0.9816405452006081,0.9948786329831709,0.9939048738108383,0.9945221229644068
1737.46563653,1.0,0.9999761208769836,1.0,1.0,0.9988448601340413,0.9991023356177484,0.9935353443745162,0.9966916712216178,0.997897363339297,0.9951544837860175,0.9968375663619965,0.9982571323158218,0.917884741436474,0.917295258376176,0.9225277508383004,0.913361100012812,0.8094674802895421,0.9043506857856434,0.9019183618810436,0.8994847584630472,0.9808076593853416,0.9869887593016988,0.9570855605125757,0.9822952823421601,0.9898282713530494,0.9646559486307591,0.9998379192006349,1.0,1.0,0.9993074728219415,1.0,1.0,0.9993371746488188,1.0,0.9983182556042836,0.9975369361070575,0.9984462005903031,0.9987660555322266,0.9915725690286354,0.9891791412091556,0.9877227115624536,0.9946589163690149,1.0,0.9990895084919629,0.9997579993924507,0.9997507944471926,0.9999676486705666,1.0,0.9809078934834993,0.9947847181349564,0.9935608014529591,0.9943793289141712
1746.04891596,1.0,1.0,0.9985858002141538,0.9997683022380515,0.998029977757529,0.9991271840635466,0.9920145556757765,0.9955152798177992,0.9965277552892774,0.9935306703929988,0.9950748087420792,0.9975137801990868,0.9169205304904513,0.9168847300430354,0.9223947120991611,0.913145169541932,0.7980693454597781,0.8970377441333783,0.8938355975122539,0.8925410769920323,0.9777667189421577,0.9845641513228927,0.9511949471172235,0.9788878218860663,0.9877179135548015,0.9584128332363105,0.9986600875186771,0.999735951934667,0.999994333416275,0.9983245306069615,0.9996710932942444,1.0,0.9988849880682776,0.9996513908165727,0.9974603107857433,0.9959363496583301,0.9974960481953365,0.9977294214329917,0.9921306980333976,0.990076690472768,0.9889495314798242,0.9957845838844269,1.0,0.9983492015524623,0.9994028513765234,1.0,0.9999006060701054,1.0,0.9804188866461816,0.9944277093560439,0.9937288564078021,0.9942247538577572
1754.65358123,0.999956983880262,1.0,0.998062649933597,0.9997721189162531,0.9961939598690358,0.9982605448631939,0.9910226420354923,0.9949282244933079,0.9952889479845587,0.9918455167445261,0.9934720788308304,0.9962309920113673,0.9170017876073385,0.9167748508694846,0.9223083723844635,0.913124936696857,0.7978410751209591,0.8971704040163465,0.8938845542027726,0.8934711550244008,0.9779227648531102,0.9834612772425774,0.951753822997061,0.978182425710059,0.9873921008056851,0.9587265150716004,0.9976185376092062,0.9994181027634939,0.9998876017002937,0.9970906627195648,0.9994948780501112,1.0,0.9984008738628157,0.9990171528440552,0.9960306578265192,0.9950547075168267,0.9962603647866456,0.9969032222553594,0.9920301874016417,0.990685092860786,0.9894323015241223,0.9960731959783571,0.9999384877972294,0.9980098524530246,0.9993576986132117,0.9997717653745882,0.9999497177351869,1.0,0.979463370699985,0.9946958182015683,0.993957064602412,0.9942286064100727
1763.27958128,1.0,0.9992823644111474,0.996932164981426,1.0,0.9945189934734522,0.9980180335458607,0.9903801672414989,0.9948100531338536,0.994184220023103,0.9906139727516408,0.9919413054863087,0.9950439033686425,0.9172966504212121,0.9172086289681525,0.9232407253608121,0.913382967018738,0.8050687414473143,0.9014491361640493,0.8992855392612357,0.8992954898328712,0.9801819074496336,0.9845540491166668,0.9562657880503747,0.9797600374996923,0.987867441884945,0.9624339214652596,0.9959582370508752,0.9985222272982242,0.9988016467138647,0.9947785527978102,0.9997448486347711,0.9994837638562338,0.9980924210030998,0.9988170980235596,0.9946475714775338,0.9942479579689631,0.9946811057073788,0.9963315249717226,0.9931336005435281,0.9914338969558735,0.9902116142489146,0.9961361589203269,0.9999343402334099,0.9964875204175772,0.9992022788782999,0.9994531646153038,0.9998257934391171,0.9999945238390556,0.9787441315160301,0.9948364885492711,0.9940487911516822,0.9945770507487522
1771.92686491,0.9996527100845386,0.9988267196031335,0.9958658272162978,0.9996064017658705,0.9928945801270413,0.996626834865152,0.9895903173511796,0.9943159902165171,0.9932883441188082,0.9894502139988652,0.9902810439100099,0.9938138211782898,0.9180387706703451,0.9176630551908246,0.923760623633268,0.9138178375597009,0.8157391354001224,0.908129191114028,0.9069746732169943,0.9073537156355117,0.9822022436101174,0.9852843237682792,0.960815780266368,0.9818324314715287,0.9889749653920561,0.9665645244723373,0.994209825703528,0.998383534647733,0.9974799641923737,0.991844935525656,0.9993134122564706,0.9997226584475759,0.9970202511457033,0.9978543424445837,0.9936473310219077,0.9929551667473767,0.993631436278935,0.9952488504054905,0.994142263560754,0.9928045793678771,0.9919745679938833,0.9963493265112114,1.0,0.9953509047701331,0.9985496839066949,0.9995948919533422,0.9999999999999998,0.9997443976370789,0.9778057250750243,0.9945686239891005,0.9937310351520632,0.9943719088353344
1780.59538078,0.9989766595402338,0.9985199435259134,0.9954502382831245,0.9991844510660122,0.9926217799195279,0.9959298594961351,0.9882174485546098,0.9930397760793613,0.9920230377622683,0.988529016869943,0.9894009402405834,0.9931240953082235,0.9185648636114836,0.9187302878586591,0.9244703613804136,0.9149098492326942,0.8294813692570562,0.9163091809848026,0.9168716149948156,0.9175246589012127,0.9853077246672024,0.9864702914153199,0.9679075443145501,0.9849754606503583,0.9899420345461527,0.9722440402859835,0.9930884174626443,0.998498052345644,0.9967986191242679,0.9899017593046785,0.9998837716990511,0.999055142091607,0.9965881966129345,0.9981648658995663,0.9930320620054806,0.9917441670861603,0.9938279118472771,0.995279463772309,0.9960541548984205,0.9952984932956702,0.9940791928612015,0.9965630054037005,0.9999052236777705,0.9944456829393212,0.9980800583472929,0.9995349432661185,0.9997650544117611,0.9999587527081611,0.9772118052071295,0.9945362471021115,0.9933620370491334,0.99401431498065
1789.28507741,0.9992616751726251,0.9986435995930955,0.9951305640417849,0.9990136581818015,0.9913163709700218,0.9945606775525541,0.986342149844949,0.9908614050206745,0.991875831632691,0.9880011502060522,0.9889965520403166,0.9928810992424402,0.9195858383256567,0.9193146493513409,0.9248992338129034,0.9157890187795633,0.8469699290198809,0.9260914346580202,0.9284471817530319,0.9291279814345766,0.9895154001447851,0.988577452470206,0.9770742007883918,0.9892577216793156,0.9911626423404907,0.9802070216179792,0.9925959872965308,0.9981731676972716,0.9971288744755884,0.9886503392200392,0.9998538992222796,0.9987823636404688,0.996484372589963,0.9982612069728511,0.9924332382651558,0.9909202896281114,0.9933730953439915,0.9953260579792756,0.9983695126567957,0.9970592999957933,0.9959247413212141,0.9969573424040568,1.0,0.9943032096789977,0.9982691474005009,0.9994721925139932,0.9998455707466751,0.9998437007356433,0.9769180855168969,0.9942301517314929,0.99317989307021,0.9939830917831429
1797.9959032,0.9994252382986348,0.9991085939353632,0.9952488236548831,0.9995319188428727,0.9904474841451678,0.993154742184852,0.9845994330498281,0.9894564820997694,0.9920202432885961,0.9879325428765082,0.9891084582465315,0.9925400514912867,0.9207802318000737,0.9202519109059781,0.9256199016208172,0.9169166281288436,0.8658852423601832,0.9376856930359037,0.9410649014080686,0.9416354217597918,0.9938951152581904,0.9903779204050132,0.9855704087570283,0.9932688873433778,0.9924030393868962,0.9875785323830449,0.9921264220614052,0.9985893628657452,0.9981223187303259,0.9881625324521185,0.9992931833795834,0.9991272353798069,0.9970211631667698,0.9985853867810842,0.9912895530009567,0.9904980169964543,0.9940738725731504,0.9950069695575327,0.999505830027797,0.9986299411779965,0.9979583617967419,0.9982446181587533,0.9995453746091145,0.9937024381027647,0.9990601942586353,0.999360201241631,0.9999999999999998,1.0,0.9765881214174478,0.9943117577519721,0.9931679041850109,0.99344614266064
1806.7210252,0.9994869743794763,0.9998657197205705,0.9948957006911877,1.0,0.9895001197265377,0.9918473431383659,0.9833188127249709,0.9888269149929657,0.9921595166828763,0.9875388126730178,0.9886209301520187,0.9919438149444323,0.9214409436196481,0.9215535578918554,0.9266092133068136,0.918206522852472,0.8825848658872448,0.9481866612006098,0.9522317407863855,0.9530214731710457,0.9973819236076124,0.9918739960668839,0.992964631326278,0.996550086907752,0.9943896745261567,0.9938154188602807,0.9925702372963584,0.9989618790789144,0.9990268329978093,0.9882493255602257,0.9995701909698361,0.9993734795817824,0.9977433283396454,0.9995235353693777,0.9908117080312452,0.9898260418060897,0.9934964266221243,0.9948957798798912,0.9997901543621338,0.9995617750868294,0.9990228302553525,0.9994996666562994,1.0,0.9928535631268938,0.9999637134035477,1.0,0.9999999999999998,1.0,0.9762989124687949,0.9937241327500639,0.9929979269794812,0.9934446360727741
1815.45600983,1.0,1.0,0.9946760966015175,1.0,0.9880423631453928,0.9910311443265001,0.9825911982544868,0.9886919383473238,0.9918769580628319,0.9871276046073907,0.9885644152149664,0.9911191732382366,0.9231236339758133,0.9227072122830867,0.9280410227345897,0.919758668469388,0.8943741016465516,0.95612918940689,0.9607709185100083,0.9618661916019314,0.9997922427032823,0.9931166683751202,0.997934393542386,0.9987863206258689,0.9963054575662886,0.9981792952733356,0.9928125591560611,1.0,1.0,0.9878248692262352,1.0,1.0,0.9982018604295184,1.0,0.9903907170930226,0.9893151360795585,0.9936648922126546,0.994958350986281,1.0,1.0,1.0,1.0,1.0,0.9928857093203646,1.0,0.9999659301420798,0.9999999999999998,1.0,0.976082268194912,0.9936526419717197,0.9929837163936491,0.9937281563219177
1824.20079533,1.0,0.9991357099358884,0.9930740846033047,1.0,0.9863701686476775,0.9902014284343998,0.9804690049410124,0.9886350251437664,0.9912806197487269,0.985919893511222,0.9871364900973343,0.9904595491726239,0.924377105297292,0.9230981671901765,0.9291041196013023,0.9211567439380497,0.9011500780570154,0.9613219808639116,0.9666638994257735,0.967160520834589,1.0,0.9924862669168731,1.0,1.0,0.9970828402241031,1.0,0.9920731143993545,1.0,0.998939242802955,0.9859334435151399,1.0,1.0,0.9976554545114736,1.0,0.9902690152426983,0.9890115648926062,0.9927045162850431,0.9950247816755928,1.0,1.0,1.0,0.9994977488645542,1.0,0.9919280934598947,1.0,1.0,0.9999999999999998,1.0,0.9753144958299221,0.9939636037467948,0.9930788891249588,0.9935982699488116
1832.95532041,0.9991965719522696,0.9965711884479564,0.9910832903324058,1.0,0.984867324137955,0.9891749435572268,0.9791738508497553,0.987923884016913,0.9898968260464037,0.9842237154488723,0.985174407101443,0.9885371516410708,0.9248708883171233,0.9232676159077141,0.9294335308714777,0.9225310960290146,0.9025117651293587,0.9619136123854911,0.9674162479586077,0.9678592509660935,0.9996878572869374,0.9921074782853816,1.0,0.9993113527872358,0.9967014069860813,1.0,0.9894244747464531,0.9991248223195252,0.9945002844662169,0.9818628130713325,0.9990951631248978,0.9997129792305165,0.996726737994215,0.9995949843539007,0.990077378771522,0.9877027319081302,0.9913637189288982,0.9938032035824449,1.0,1.0,1.0,0.9994071332251245,1.0,0.9901931616389341,0.9997257719913585,0.9998642374895828,0.9999999999999998,0.9999949093085566,0.9752659444100619,0.9939065429823132,0.9931732104574065,0.9932444013434828
1841.71952428,0.9954302863756063,0.9909712139569155,0.9863401109300115,0.999254750061511,0.9824751256502815,0.9876320863487056,0.9772942714570901,0.9863429719968502,0.9877385879928466,0.9816316979847103,0.98281788009833,0.9865162119115845,0.9248605722199402,0.923563356698013,0.9298894251435053,0.92374418734821,0.8956389291262199,0.9580676276457112,0.9640425617374965,0.963311840230718,0.9974296000658838,0.989483454235013,0.9965791906755094,0.9970985508567934,0.994244768704547,0.996072243265917,0.9830490950014282,0.995461843196445,0.9869535907783561,0.9749783252911095,0.9958586993044732,0.9973996634681457,0.9926352523879526,0.996361673991516,0.989046705521678,0.9854467186808652,0.989217753352543,0.9925254587875166,0.9998476964150572,0.9997247797538753,0.9997795055412075,0.9982759084994974,0.9985385742574637,0.9866605349304065,0.9983849953276989,0.9979127668062847,0.9998729037354336,0.9998230390408347,0.9751273262456881,0.9940285765058321,0.9927580205273715,0.9931704070924529
1850.49334662,0.9886418097174617,0.9805000279233919,0.9788183452383954,0.9954026198093233,0.9796197209358761,0.9853754710952277,0.9754504128678175,0.9843494348486863,0.985428204623492,0.9788995858031911,0.9795347559150415,0.9836725250084157,0.9242358878052389,0.9236605915486757,0.9288454733969609,0.9248428815530783,0.8807188783805986,0.948514826762099,0.9532470442759404,0.9523994991857933,0.9900962523303628,0.9858384235403896,0.9872193491375643,0.9908465105069783,0.9898685319159618,0.9875840982768973,0.9729744387231396,0.9879379507352296,0.9737552029654186,0.9652199071946671,0.9889924214770287,0.9917168077559211,0.9864434023139071,0.9902345856672535,0.9869294911422841,0.9829634867047237,0.9871335359156365,0.9905794326393322,0.9989663152652308,0.9979576725765701,0.9988111760446156,0.9982601160393062,0.9963525945833793,0.982698041805709,0.9954043208998247,0.9952403446521533,0.9999999999999998,1.0,0.9748365799470989,0.9942358962932893,0.9928898876010199,0.993377994578569
1859.27672761,0.976045109182376,0.9642830867753837,0.9681556361438332,0.9841313824898803,0.9762609304870595,0.9849102671038277,0.9735226417283922,0.9812459920435027,0.9812625283741606,0.9742860498571376,0.9745731153511437,0.9794982100736194,0.9228651198627,0.9227249976291605,0.9275845909061602,0.9252372986997811,0.8580856520440945,0.9322652111823363,0.9350736174323429,0.932549809666818,0.9783512871117677,0.9791706217887923,0.9707823755350631,0.9820919863946241,0.9834901078894883,0.9717825948297897,0.9562618259092934,0.9728887249020249,0.9525801292535233,0.9483398527960454,0.9762970324082519,0.9800945079226758,0.9743993730783597,0.9772132094250958,0.9838556182870216,0.9792017960440436,0.9839231207592496,0.9879316647194594,0.99661405567241,0.9944106627027581,0.9959875721725645,0.996516049357915,0.9920374842892324,0.977770299143148,0.9905048302392337,0.9900754560451824,0.9999999999999998,1.0,0.9740973674704871,0.9936252110285612,0.9931679708329939,0.9932738524909338
1868.06353858,0.9560464685220903,0.9383273842419781,0.9499916422701464,0.963741345232488,0.9725193718140849,0.9845157507183994,0.9714380861946976,0.9783603599835954,0.9748715566259004,0.967640675764405,0.9669009230057066,0.9726679334130598,0.9190861987685965,0.9193146413816241,0.923952332849605,0.9258107966542249,0.8325490712645951,0.9110276906841851,0.9113132894012367,0.902574213043801,0.959305691578684,0.9682211825269726,0.9439778667180511,0.9679663224797743,0.9731622535390414,0.9480139413874644,0.9294162926978311,0.9486555564817811,0.917692793918345,0.9231554431967888,0.9535441999339154,0.9569352794496115,0.9536247153200224,0.954378852178771,0.979426049904841,0.9745237578253713,0.9791887470095179,0.9830297617791713,0.9913053978401313,0.9875590910967436,0.9889091436874038,0.9926925114615958,0.9858665144005041,0.972300685135114,0.982637124243556,0.9820670587648254,0.9998928318791079,0.9995563149478848,0.9739517014852374,0.994826342607783,0.9938089061631504,0.9935191427375687
1876.84916726,0.9252522538273372,0.9021561298221119,0.9239677622603327,0.9296640565623931,0.9658721155339534,0.9838263561809617,0.9659818769429465,0.9741505755381519,0.965895673877588,0.9580916040756249,0.9575562644397397,0.9639813895527198,0.9095011602630627,0.9120399048207536,0.916992474364304,0.9253084846687366,0.8042633939930762,0.8845410232516728,0.8864492763418788,0.8537640896777801,0.9315860097471946,0.9503983477384143,0.903045178917295,0.9467052695272159,0.9565753338021756,0.9134818634801563,0.8863376313571706,0.9117577356806315,0.8612135584559,0.8856509464712758,0.9161685904839433,0.9180467628813255,0.9176766893355257,0.9161553021679857,0.9733926762282351,0.9678097186408195,0.9708382015067936,0.9742284331292341,0.9794651468982832,0.9732169070464165,0.9731467837364878,0.9832662332909096,0.9733469317281538,0.9658703783709937,0.9686687145768758,0.9666529056565715,1.0,1.0,0.9738641726290805,0.9951616490226847,0.9950132804780555,0.995137448499694
1885.63362519,0.8853166858495967,0.857333651805345,0.8907737325367707,0.8789128487930538,0.9525837195446699,0.9829520594494404,0.9547253524879803,0.9651087462994647,0.9553671410798996,0.9448637483787204,0.9444989120505781,0.9542258512279851,0.8880873387521541,0.8970466647388966,0.9032597414542317,0.9225621779810447,0.7716938300047722,0.8484963291643445,0.8624416633223176,0.7722051066750262,0.894554226902847,0.9250713408556259,0.8448562250427284,0.9200029615238203,0.9323269728990831,0.8674712244844135,0.8221912062450073,0.8601658388691369,0.7759716961290359,0.8358316613424132,0.8582142824363308,0.856836011249723,0.86454358552256,0.8582692400218577,0.9675388084984335,0.957719065004436,0.9578274639200847,0.9588585378849577,0.9577900873022075,0.9456589360144085,0.9451096779480225,0.9641810360137684,0.9530095637937892,0.9599856812747727,0.9439526457715959,0.9401199555961878,0.9999999999999998,1.0,0.9748936483265596,0.9964130193118182,0.9964628535628536,0.9958314993016435
1894.41692373,0.8366318336348362,0.8044313463375542,0.8486053316011022,0.8189854852267696,0.9387068382300986,0.9818042604050232,0.9447949206087772,0.9583071796318794,0.9402596457315022,0.9272670616519986,0.9259476462927411,0.938877614868452,0.8655161231471458,0.8819561109202664,0.8888403015763269,0.9174278778642557,0.7411305689128093,0.8089878317202294,0.8333492870037066,0.6951329976114354,0.8521709781604812,0.8951044359335749,0.7816596914314375,0.8882055670970953,0.90270124518033,0.816373350262988,0.7487503721320908,0.7972358818518485,0.6849522489878037,0.776550812326661,0.7968917120561504,0.7895547230710426,0.8068885917753661,0.7967779441846659,0.9565530001280926,0.9430206000572926,0.9399619954880744,0.9380350579518019,0.9309754722487393,0.9118785670476428,0.9103131117967362,0.9409520526766041,0.9268261479099537,0.9445070717516125,0.9108287538533256,0.9071936224732673,0.9997155153753401,0.9999783501167303,0.9766814097474532,0.9976009690674867,0.9979641252458239,0.9969193829753665
1903.19907409,0.7933102963262466,0.7543199804310724,0.804182230002666,0.7668957946456955,0.929303639949693,0.9796157993306415,0.938931828237289,0.9492969938273693,0.9217957330567446,0.9076998259455071,0.9064208355093932,0.9195639515618895,0.8522149407467948,0.8693254951957553,0.8750274514856594,0.9088127825524818,0.717671478248526,0.7785988408881511,0.7958661023199266,0.6507623331578333,0.8113447432633979,0.8634687046223031,0.7294011743429197,0.8572371440443715,0.8724873684102271,0.7698737520779512,0.6919814085576887,0.7413614227714107,0.6194991599029989,0.7210739283408685,0.7543105124789422,0.7406355953137725,0.7612108065003212,0.7534763734274526,0.9391572109561599,0.9260747569918135,0.9216272651929431,0.9183579378580476,0.9062451810537169,0.8891010262256995,0.8852699321871589,0.9223405957067732,0.9045344934619473,0.9266689630884507,0.8839450591567093,0.8809159850222746,0.9995921108808848,0.9999741842678241,0.9770381976352072,0.9986026104395433,0.9978879227710689,0.9976724404699522
1911.98008732,0.7687189160080665,0.7241125521695179,0.7750582640884464,0.7337700081120597,0.92168315158847,0.9774584921071796,0.938421420511682,0.9438602389024661,0.9089622248853986,0.8937195590939401,0.8944361773477826,0.9053437705028121,0.8445235861577249,0.8585066350209626,0.8636103404242902,0.8998935974829197,0.7001549252071593,0.7522832890771263,0.7605118913327402,0.6240379653382956,0.7809414869496737,0.8362040391959176,0.6868093474959581,0.8331277156085943,0.8481820020593349,0.7314059171626873,0.6621235636723265,0.7122800500828185,0.5887772780390393,0.6925699984656611,0.7343531346012275,0.7163073522077533,0.7412787408397857,0.7346675606519929,0.924435440358461,0.9118873391873743,0.9068363915843325,0.9021236194903927,0.8967294329347613,0.8837667159730196,0.8782406133470835,0.9178452612484613,0.8990804891502736,0.9232967797309418,0.8760018248533854,0.8736016746051634,0.9999836439017245,0.9997882818139697,0.9767151167169197,0.998931480137714,0.9978308473812612,0.998180113173244
1920.75997429,0.7628903745158788,0.714811168187827,0.7651533832014862,0.7202457428061972,0.9173487863328467,0.9776001219463399,0.941099568953837,0.9427689747498752,0.9041808132661657,0.8894989653562276,0.8899031754088492,0.9003678088299174,0.8399782299049907,0.8509609545858353,0.8553589901969394,0.893868360832201,0.686859165925503,0.7316038816725968,0.7323439183829673,0.605099065026381,0.7575439499614034,0.8119996901047768,0.6509652763096704,0.813506704684013,0.8281843800458416,0.6978014144059137,0.6610304687494841,0.7083230964754215,0.5904577490529126,0.6915689263652007,0.733607275803203,0.711620188877329,0.7419907182715072,0.7361428982797548,0.9174567311134314,0.905951690299277,0.9003413588791257,0.8943776980350402,0.9010667531070243,0.8888868332449302,0.8818202817378703,0.9238795758257464,0.9046770247614595,0.9299586177478589,0.8834169387860322,0.8805026034053439,0.9995583308344493,0.9996695158102111,0.9759307482955266,0.9987760778633772,0.9982740267526693,0.9987535316628627
1929.54914243,0.7686217304336089,0.7188045332779456,0.7683075453446656,0.7194390521321868,0.9142202132107933,0.9772263810915116,0.9450221684703687,0.9432736151828851,0.9058269078466413,0.8906869736995477,0.8902877524122296,0.9012168301048521,0.8366168500353811,0.8436413045777164,0.8488780324694393,0.8882162283026652,0.6760105981968393,0.7165519698315282,0.7113903497328289,0.5921109310072256,0.7382972516764401,0.7900953981922529,0.6211320563941607,0.7972156903084873,0.8115065325771208,0.6686657878388386,0.6732512417523161,0.7176671180745934,0.607913271106321,0.7040624010461259,0.7417348397829725,0.7165343732397076,0.7535406727818534,0.7482319059337968,0.9163432257316046,0.905269469654415,0.89946196218498,0.8934860864304259,0.9108468299567207,0.8983869944680845,0.888725071242976,0.9300442647334807,0.9119097385177156,0.9382439977972342,0.8931392300952384,0.8904122517987743,0.9995009622868343,1.0,0.9755729530249247,0.9994734014196397,0.9983812361091098,0.9986301713383227
1938.35679058,0.7793267736385583,0.7302031708475222,0.777839844196887,0.7266759529550694,0.911729934050184,0.9757058216356346,0.9496563724845908,0.9427571262778944,0.9091289233551478,0.8936864369450839,0.893512051285561,0.9052407106750193,0.8356842453647763,0.8387516851303894,0.8456610268566337,0.8850021066968611,0.6696503812766016,0.7068032741698022,0.6990004331341333,0.584390080012831,0.7255798476315335,0.7752682048534416,0.6023167774343801,0.7867379921410963,0.8008616180141711,0.6495852648647402,0.6892751538709029,0.7305204156223315,0.6302743937680858,0.717821675907543,0.7534757658556855,0.7250420213226291,0.7692619596642478,0.7628216583708823,0.9172891470079592,0.9071830771222158,0.9013283823263283,0.8948518810161451,0.9184336771922226,0.9066861679026612,0.896736212387436,0.935596180932569,0.9179767338893982,0.9449728184220164,0.9023828279582605,0.89863308885251,0.9998654753255286,0.999953840130862,0.9756597798797926,0.9993952878568971,0.9988031091610132,0.9987698068922727
1947.18286652,0.7903412079659966,0.7440421717180152,0.7900172283518625,0.7359301022633836,0.9092211060644421,0.9752281874058387,0.9540607977984672,0.9421451545647921,0.9126929177344378,0.8970211056407823,0.897637424607351,0.9090023591984876,0.8388498339574294,0.8417288869828788,0.8477737210861738,0.8855185994904866,0.6672821785211888,0.7033450279187459,0.6965092545907274,0.5811540182475683,0.7262023743101856,0.7740322186892324,0.6009650345582871,0.7865610480119065,0.8012627323457623,0.6482567326929339,0.7061547202437513,0.7435971648662838,0.6525954214432083,0.7314766572977943,0.7664764472492954,0.7355519635485902,0.7854829008362291,0.7784417932208155,0.9200755715780811,0.9105519939832035,0.9044488403775864,0.898451990513905,0.9258172016251355,0.9141288507663886,0.9038511383012027,0.9406799578025433,0.9231798730866617,0.9509536665665799,0.9101601967158823,0.9055545698331335,0.9995006701683603,1.0,0.9753285020547832,0.9990511756340781,0.9986708632313435,0.998462526806363
1956.02731804,0.8020764533876512,0.7582838844063855,0.8016698222350092,0.7473963799265739,0.9083363402719353,0.9745902834226093,0.9605421136986364,0.9423952801767128,0.9160248140996636,0.9021956240364327,0.9026765351004193,0.9129734002866465,0.8458156684546121,0.8518755635615465,0.8549986782555931,0.8914865066037704,0.6687319865171164,0.706145337828605,0.7023286320573938,0.581540165098468,0.7394976804295547,0.787322861141521,0.6164682197750718,0.7966170971340464,0.8133286979721398,0.6630401346261398,0.7228110743898255,0.7566410574444048,0.6745203506357265,0.7458324071996025,0.7794134240341947,0.7475153311007373,0.8030633281965303,0.7923505751087261,0.9234890718260806,0.9152170501564747,0.9083770909878307,0.9022816793979873,0.932146305309363,0.9217460579157291,0.9111569482802524,0.9447820133862844,0.9282987909044065,0.9561825343896777,0.916003016645755,0.911383089719971,0.999729537918435,1.0,0.9746659708148104,0.9993272937017221,0.9993925763623389,0.9991200923180136
1964.89009294,0.814295389501871,0.7732982302839904,0.8148546390973193,0.76064808476917,0.9084595466727553,0.9746318793385428,0.9668881507254425,0.9449745050695056,0.920745637080799,0.9073923914768232,0.908122705228966,0.916987985914465,0.8533269333239649,0.8630271214689986,0.8643791741273869,0.8976009412596841,0.6721138374611247,0.7135361819288831,0.7120059577718693,0.5848372556821149,0.7569698438861652,0.8056985966212046,0.6399619311442385,0.8119821819419067,0.8291055319540882,0.6843310421788034,0.7398062034597864,0.7701015749936645,0.6976588825418162,0.7609202179842348,0.7935052065432374,0.7613956199260701,0.8212239224843205,0.8080700973770255,0.9284912829993802,0.9211735647456422,0.9135947610806812,0.9071107893896113,0.9385701424193367,0.9294462369439344,0.9195793399576566,0.9497610581291043,0.9335882980439393,0.9625905922952337,0.9240361359592042,0.9196371457738517,0.9998127505720716,1.0,0.9760533738145899,0.9994504127122559,0.9993619980775502,0.9998435746423597
1973.77113898,0.827953564946525,0.7885561443171498,0.828242051894268,0.7744224837010457,0.9088949856854731,0.9745699837346796,0.9730016881958408,0.9464317430464833,0.9247573542813183,0.9138764993411971,0.9133028093430182,0.9229306966209236,0.8614788294217499,0.8725942352273205,0.8727488771676671,0.9041173202615216,0.6758413652857088,0.7220735535755876,0.7240449392738171,0.5899421237176149,0.7748273327656019,0.822247951255888,0.6632016261261496,0.82614112825241,0.8437747283205724,0.7049917455289977,0.7591153472594071,0.7860795812606984,0.7209889756224843,0.7758782500171595,0.8084065180405788,0.7769896636515952,0.8410165420760993,0.8234644064320495,0.9338546637165144,0.9270465295312058,0.9205358644550864,0.9130168992471223,0.9463934657798905,0.9380731107782442,0.9305076058063667,0.9542623633653623,0.9387901537577784,0.9684571625047758,0.9314234874614733,0.9269652894275962,0.9999720151364264,1.0,0.9769521961510165,0.9998315277937276,0.9992523614992,0.99922097546074
1982.67040395,0.8431508148663815,0.8051981772905794,0.843568765417733,0.7891326065531018,0.9090389045918694,0.9746198845451014,0.9781409733297829,0.9485753742302019,0.9313097105516491,0.9221987523070998,0.920332183387775,0.9290995235690535,0.8697419958643465,0.8829494506125777,0.8815140690663961,0.9113363528935875,0.681046359762158,0.7351892709997684,0.7398823159877804,0.5986918477214348,0.7950713238410516,0.8410372016586873,0.6909962745230017,0.8425245694541922,0.8605154007325511,0.7313368334316985,0.7799179828059964,0.8027328718441339,0.7460196167770151,0.7919213271153885,0.8240029141392021,0.7951850350655707,0.860855066134011,0.8392679390593373,0.9398687040828421,0.9340061383617836,0.92721926955967,0.920667508404602,0.9541211225532275,0.946508684118228,0.9409309819144039,0.95956905223871,0.9436696414711937,0.9749914387910064,0.9392873825144693,0.9344236532471217,0.9998833660477144,1.0,0.977996165395578,0.9989412689110105,0.9988100605077079,0.9988551671387587
1991.57932378,0.8589923777909507,0.8222020195065407,0.8599288855407646,0.8052683239342407,0.9107599424654197,0.9747706982938278,0.9832799662116798,0.9514930216251353,0.9378127496012713,0.930514844201715,0.9275023563866348,0.9362898277354015,0.8794269484284636,0.8948898971696602,0.8921865931204249,0.9196887180866807,0.6898831897449511,0.7534666471888921,0.7630388732462454,0.6119342113126068,0.8217769470792367,0.8661741233557367,0.7303064357090159,0.863928344375979,0.8828551327183148,0.7681048590280479,0.8006801757595051,0.821861224271546,0.7698131005109113,0.811028239509866,0.8401185408632633,0.815142998201433,0.8810762170278711,0.8551705376021437,0.945762707451641,0.9425287687060926,0.9352537796892901,0.9284427466092902,0.9623299165485295,0.9554543376826803,0.9507063475909306,0.9662782953323944,0.9511556071297996,0.9818747049661671,0.9467257358453608,0.9424184970502776,0.9995845694015549,1.0,0.9794146396420137,0.9987993326502572,0.9989375207756973,0.9989813914767799
2000.48893957,0.874775341675743,0.8404881267554555,0.8773217173913381,0.8214753088098664,0.9121857235978402,0.9753632468265289,0.9887434171608218,0.9537337396943273,0.9449620161985588,0.9396570333819102,0.9339872570979071,0.9442646429380664,0.8896051195667576,0.9073780706300245,0.9032313474019958,0.92897323446163,0.7015928603984753,0.7773332919569951,0.7928036598428919,0.6300310302686631,0.8552004942343092,0.8956703716492209,0.7799202038548814,0.8908845521585547,0.9068164027818427,0.8139102574829341,0.822647040692205,0.8414539291325778,0.7938550343745954,0.8292978720885428,0.8561865479096958,0.8349554653850721,0.8981009773085173,0.8719586855969356,0.9519609390273817,0.9492897912765623,0.9445497293783454,0.93679749300298,0.9691999882537453,0.9641452075694785,0.9604067796359033,0.9721707324128306,0.9584034166615885,0.9858004528068841,0.9536633369587834,0.9504379290894387,0.9997479439286627,1.0,0.9809726171021125,1.0,0.9993530348649888,0.9988651446715086
2009.39924527,0.8909325758375429,0.8598470581203298,0.8946597382096464,0.8384258430821894,0.9125957481241193,0.9753728576023202,0.9917222601859399,0.9561772051836787,0.951702221718455,0.9487747717877295,0.9416658606454783,0.9527549342984658,0.899523686999928,0.9187737650653536,0.9134575380259472,0.9370088031219626,0.713480688016311,0.8030996517328253,0.8260041074949223,0.650124695333766,0.8877620383273824,0.9240979697821844,0.8302636387278156,0.9170897905060054,0.9316596479183608,0.8582176592606795,0.8437579262506962,0.8600507191149662,0.8175306119214572,0.846892826332387,0.8705756825380543,0.855299637712095,0.9154067258475594,0.8885249073413102,0.9586461277449002,0.9574666475756803,0.9506790931154754,0.9436140400068034,0.9747875770686426,0.9715500726294006,0.9686640317565469,0.9782508178313374,0.9652009806417704,0.9910337571891039,0.9605474177936218,0.9593008298704393,0.9989497279684089,1.0,0.9821240775990999,0.9989671520197186,0.9990917891349621,0.9997902589866093
2018.31023493,0.9086244713373184,0.8788745463646216,0.9121450592877405,0.8541998801020936,0.914368552068504,0.975470709813646,0.9940216686426602,0.957810873154896,0.958754197274781,0.9560576921833234,0.9479582894802926,0.9594542219312513,0.9080773588207582,0.9303087167029698,0.9237026669158138,0.9447043128793231,0.7261248696629279,0.8273389526342567,0.8570672694744175,0.6713687598233238,0.914812788949532,0.9449915321636353,0.8707339125000172,0.9384575511331499,0.9484205147117185,0.8947576509355549,0.8633983991964204,0.878480263406732,0.8408452323874253,0.8660412402839232,0.8863332486922382,0.8740962121215249,0.9311425535661809,0.9045689545244789,0.9644402611644205,0.9640406372037655,0.9591755759425746,0.9508905303369264,0.9832804144794286,0.9792127015168808,0.9762911763001041,0.9856702769400485,0.9743957779521616,0.9950973026253874,0.96909744004568,0.967864918655983,1.0,1.0,0.9841852767535241,0.9991764824473782,0.9994247353854285,0.9990871065874166
2027.22190266,0.9231990464530792,0.8967313180782813,0.9286561042497156,0.8680165564665692,0.9147746561144466,0.9758057718069327,0.9982116997352621,0.959363054671171,0.96619552300983,0.9640754953581139,0.9558980573332116,0.9669378284312004,0.9158891289038502,0.9389479346697326,0.9330143367073828,0.9520517565537785,0.73959781655143,0.8503786699216631,0.8843342015292692,0.6920664253341721,0.9370818357091948,0.9603842533868752,0.9040141233102001,0.9555716950206463,0.9640964929477474,0.9233363873939417,0.8824469429951706,0.8964212611613007,0.8628237057986728,0.8844110236196073,0.9009396279998402,0.8921874548785665,0.9444196420234031,0.9207877353880165,0.9706490634852207,0.9704723148669236,0.9648219733724965,0.9574121275393835,0.9874434426614651,0.9851978269490137,0.9831631795479223,0.9902927601992305,0.980942673692245,0.9969117867261938,0.9772097042220359,0.9748569554787796,0.9994643181665254,0.9993440917687604,0.9858616735200137,0.999501850040956,0.9989780695697881,0.9994332567957563
2036.13424266,0.9377801973840971,0.9131056234777096,0.9429995282766831,0.8803537831485461,0.9165356652446504,0.9761845983617801,1.0,0.9613763409241771,0.9715189354065553,0.9709701902806608,0.9618474255186744,0.9718923611312479,0.924063109988489,0.9482485183152681,0.9412424761721065,0.9589260808729415,0.7523813094370757,0.8709289309059248,0.9074445113378474,0.7111617793483347,0.9550547117819346,0.9736350065813758,0.9313160471745668,0.9692556088068343,0.97487028595282,0.9454396932655401,0.8992676489884736,0.9134061349097075,0.8824294174889177,0.9006001735658673,0.9147147381543275,0.9087425270833999,0.9546211032991745,0.9349060436968889,0.9758393310784128,0.9756519526242512,0.9697518765791519,0.962588845324649,0.9942924720901215,0.9912961955244166,0.9895921118547052,0.9941005621693164,0.9882921204495269,0.9998806460932379,0.9852927350635898,0.981647498252649,0.9996929033921887,1.0,0.9879621110078086,0.9993323448937929,0.999994007615324,0.9992500511671061
2045.04724919,0.951817755954424,0.9273998350165624,0.9548928238295831,0.8902311246120953,0.9167146085034806,0.9764431006792228,1.0,0.961001648881582,0.9767699971050797,0.9764261463955793,0.9680023648564103,0.9768205225510249,0.9310000022940678,0.9546035152411995,0.9485744036506515,0.9647919275255075,0.7635912104841827,0.888969340588522,0.9269256489790532,0.7276338053002247,0.9690195064978602,0.9830691374369233,0.9527562983575613,0.9794445033485436,0.9839553975755634,0.9629055669542419,0.9132910207405284,0.9263980874256802,0.9012319638631759,0.9147131026565729,0.9272126011951195,0.9230372746848143,0.9641968925010875,0.9486822711757588,0.9813586638654156,0.980393248279354,0.9746976577194235,0.9680506326242755,0.9987417142205026,0.9938432286723973,0.9944692278059384,0.9973408769307541,0.9930478336631731,1.0,0.991097923313394,0.9876751142134652,0.9999999999999998,0.9999709302425156,0.9896515050723228,0.9995078763256061,0.9989353083832443,0.9990331361999001
2053.96130725,0.9612595946612451,0.9400815549281425,0.9653421177578467,0.899202448503148,0.9163195917342772,0.9769401198473506,0.9997855074002966,0.9588460490113958,0.9808948543529525,0.9810001365790297,0.9731363498009918,0.9808469720843382,0.936284703533939,0.9600011542952448,0.9558245937706255,0.970064448948092,0.7729108021879495,0.9033861005944461,0.9420486661356752,0.742160166446141,0.980506950006074,0.9903245171439097,0.9691300586974414,0.9865846863105622,0.990797665018298,0.9756355750753026,0.9281349084653918,0.9394877963640088,0.9181156832966849,0.9276886206762183,0.9385707378184989,0.9353636503394263,0.9710776847338982,0.9589004705854143,0.9843582019159869,0.9823893657745417,0.9775090191036963,0.9722549577114162,1.0,0.9978124801432027,0.9976647598205243,0.9980221106757133,0.9961691901699259,1.0,0.9935005861063735,0.9921637089481027,0.9998249227003316,0.9999894023657372,0.9914868074089174,0.9991661631554134,0.9990441259577882,1.0
2062.87694233,0.9694483579478336,0.9510283315614558,0.973005858245153,0.9059068452643866,0.9168626112759609,0.976014167844843,0.99935445242184,0.9564296735882122,0.984174610016562,0.9844636342203797,0.9777028570802109,0.9832896903540476,0.941607568929632,0.9648993821263003,0.9619007837255916,0.9739023983148282,0.7809726377124734,0.9157495224013226,0.9553091164470846,0.7551290588489602,0.9881384470305515,0.9936295689889797,0.9790575597059071,0.9917803463164672,0.9944756757834795,0.9853044773944413,0.940662276693617,0.9506057477038217,0.9344957698420007,0.9405567295821677,0.9488883617692591,0.9450698281039805,0.9771415838211048,0.9677959301331058,0.9869666824090909,0.9859183673487845,0.9813568279712285,0.9751565350031457,1.0,0.9991689315250971,0.9996338709593497,1.0,0.99837158712574,1.0,0.9957574099808187,0.9956464650801584,0.9999999999999998,1.0,0.9924452365350465,0.9988475543022576,0.9986583921568672,0.9995303645098628
2071.79414164,0.977762034553707,0.9612206533151451,0.9809237046761727,0.9094349591617139,0.9181285333801421,0.9762663355921608,0.9995202211280322,0.9534947951075041,0.9876213414699448,0.9879716530970156,0.9826175546671234,0.9867094284106228,0.9475550926906031,0.968069903964528,0.9662962424589956,0.9774333608779433,0.7884165435134158,0.9263692885982754,0.9653211778540399,0.7666864734593503,0.9935629676752131,0.9969341571741792,0.9885893408955883,0.9958667703990436,0.9980609966366351,0.9928220257862466,0.9528573013816657,0.9606612967400356,0.9478319022318387,0.9517974576824852,0.9590598012358865,0.9538017880422058,0.9830294941573563,0.9748694068249404,0.9901035090437583,0.9891192998004172,0.9838813151169787,0.9788383483271248,1.0,1.0,0.9996643045619713,0.999811334066864,1.0,1.0,0.9977349626628885,0.9983305327893599,0.9996046832543475,0.998939336472203,0.9934476240904165,0.9989996679584302,0.9994456338381328,0.9994504474072438
2080.71289251,0.9850388585278747,0.9695996390022242,0.9865574956908134,0.9144047171347284,0.9176525934834482,0.9773625126691592,0.9997069430422586,0.9499854054836404,0.9895661821934594,0.9903190814846021,0.9856596004413457,0.9897273214997103,0.9522964527869248,0.9737722143004572,0.9717400013029728,0.9812387816306313,0.7963798989308533,0.9366022204190924,0.9754640859582172,0.7781953329085644,0.9979705378047218,0.9997019507381242,0.9953383783401303,0.9986862520038164,1.0,0.9983068199534622,0.9638675606283315,0.9697978048970944,0.9614778065999249,0.962876724822313,0.9680638808196923,0.9631094091099417,0.9868330842551232,0.9812662540991867,0.9915523709563878,0.9908299234175761,0.9871545928784465,0.9822047358115163,1.0,1.0,1.0,1.0,0.9993345313469498,0.9999660476492039,0.9997371298250937,1.0,0.9999999999999998,0.9997466415856818,0.9940408873761643,0.9989109379628233,0.999811867144221,1.0
2089.63318245,0.990734444416477,0.9766959958115776,0.992384220085006,0.9196333657472525,0.9178658493462383,0.9770574201453243,0.9989540760799234,0.9482890866931603,0.9924695441155132,0.9919761713018842,0.9882512759599331,0.9919457773062015,0.956352260405591,0.9792394163967961,0.9761252955725722,0.9847946403668421,0.8027092086536659,0.945295101035838,0.9833359918813321,0.7866595599726157,0.9994039358735832,1.0,1.0,1.0,1.0,1.0,0.9718153018968789,0.9767277535105281,0.9727513597026536,0.973623793615799,0.975901926449983,0.9707276044849535,0.9898653084852427,0.9850398865828541,0.9941768752782586,0.9927645963558391,0.9892272881596818,0.9854371268663367,1.0,1.0,1.0,1.0,0.9995785708572106,0.9988294789132499,1.0,1.0,0.9999999999999998,1.0,0.9953476955211135,0.9977007526391278,1.0,0.99925622885884
2098.55499911,0.9947360883463444,0.9837353813728561,0.9961773884346667,0.9253599569217978,0.9187977794181771,0.9757726684724367,1.0,0.9455608201785861,0.993904944630429,0.9938403552683406,0.9908996377494752,0.9937630975623534,0.9623492125922036,0.9835268983818432,0.981147094868822,0.9881116495644179,0.8084260031318949,0.9522162156270492,0.9883277012068535,0.7931473417269531,1.0,1.0,1.0,1.0,0.9998270766550839,1.0,0.9815068970469255,0.9835041642893038,0.9808901565823287,0.9828299642538082,0.9830315925290902,0.978454379862858,0.993262544876062,0.9890812476689484,0.9968798378620491,0.9940778425720433,0.9912859033616026,0.9882760901688484,1.0,1.0,1.0,1.0,1.0,0.9980937548444379,0.9976442692474979,1.0,0.9995285800643536,0.9998113770972736,0.9971784528227984,0.9981444411626718,0.9984705012859089,0.9991417735980992
2107.47833028,0.9986741129850698,0.9906842870249212,0.9989135173827427,0.9308185445482803,0.919723742859246,0.9755345293980913,0.9997941498620934,0.944414122739051,0.9956716811920003,0.9956127997132677,0.9940276276036987,0.996024955758168,0.9678930075235104,0.9873688917665879,0.9860820791340077,0.9909321149340755,0.8121772592599624,0.9553399696903809,0.9928921351445665,0.7993577507747167,1.0,1.0,1.0,0.999997258975922,1.0,1.0,0.9887699677839045,0.9869678506157032,0.9883310783614626,0.989348576785374,0.9899651939626996,0.9858885175442502,0.9958453347439082,0.9929584155011297,0.9989466644145791,0.9974299277459214,0.9938488434752557,0.9915755660896378,1.0,1.0,1.0,1.0,0.9993390642252262,0.998283250020677,0.9970360935424353,0.9993992045532093,0.9999999999999998,0.9995914733092058,0.997431967891467,0.9988541685352534,0.9995201066831798,0.9987878038374958
2116.41133382,0.9996694400322317,0.9944710316496953,1.0,0.9367461638669746,0.9208018610134027,0.9731182958122044,1.0,0.9441156947155572,0.9983956614097448,0.9981893522781636,0.9966647027139123,0.9980589118266666,0.9724928671468118,0.9910239267139224,0.9900127814818961,0.99376685317427,0.8151788381875308,0.9581386510559786,0.9953847155410056,0.8046370736180255,0.9999895460898566,0.9997202244536803,1.0,1.0,1.0,0.9979677617769943,0.9939284296555753,0.9912653774710215,0.9949661140579443,0.9956585386636637,0.99507891078004,0.9919182833258773,0.9989556348835927,0.9973140098557344,0.999618710998879,0.9983911251729881,0.9960946170869343,0.9954303409273597,1.0,0.999901611256325,0.999672822614633,1.0,0.9988455291865007,0.9986098955647871,0.9971581664113645,0.998802869925243,0.9999999999999998,1.0,0.9992980723430348,0.9987511170090938,0.999143916545602,0.9986696586968625
2125.37093026,1.0,0.999273178695888,1.0,0.944413400924681,0.9218113518698319,0.9713339271040629,0.9995270531295627,0.9430047453288444,1.0,0.9991728010847595,0.9994388314168696,0.9996406282983127,0.9770961905871305,0.9956757792113549,0.9939394575069037,0.9969438714129203,0.8177536879691398,0.9606758143408319,0.9979522477686328,0.8102228238468341,1.0,1.0,0.9986507349052233,1.0,1.0,0.997807736392883,0.9984348673397824,0.9957723450844083,0.9995840909385975,1.0,0.9994093135117429,0.9981025435308946,1.0,1.0,1.0,1.0,0.9985731186742646,0.9982391471485018,1.0,1.0,1.0,1.0,1.0,1.0,0.9996204415067109,0.9988046839009299,0.9999999999999998,1.0,1.0,0.9980225215613787,0.9987660913257272,0.9989902317524916
2134.35713173,1.0,1.0,1.0,0.9506517474597322,0.9223533011196582,0.9679505407180684,0.9982366432204591,0.9412405678163417,1.0,1.0,1.0,1.0,0.9792169513353676,0.9984839471148768,0.9971571079483919,0.9983047513815332,0.8187185388331976,0.9617167031543896,0.9984377044676416,0.8153889784202077,1.0,1.0,0.997230202918427,1.0,1.0,0.9963549173261872,1.0,0.9992851831043315,1.0,1.0,1.0,1.0,1.0,1.0,0.9997640168346179,1.0,1.0,1.0,0.997571111256166,0.9984368402857253,0.9984071631103566,0.9985039786516776,1.0,1.0,1.0,1.0,1.0,0.9996363621728587,1.0,0.9989415061740772,0.9986543375953687,0.9994910828493787
2143.36995005,1.0,1.0,1.0,0.9547223892216504,0.9206757107330843,0.9633328812476929,0.9964283013813668,0.9382838952070047,1.0,1.0,1.0,1.0,0.9834348795624136,1.0,0.9997330840894542,1.0,0.8201625942080366,0.9617672373201338,0.9981877549799341,0.8185035187599953,0.9990695576348713,0.9991210575070311,0.9932172552862398,0.9993396528360716,0.9994824752225103,0.9946131891302664,1.0,1.0,1.0,1.0,0.9984401378401221,0.9978420216712509,0.9974767132118995,0.99733771526991,1.0,1.0,1.0,1.0,0.9880230905706135,0.9896361069629093,0.9893705840325804,0.9917040623020718,1.0,1.0,1.0,1.0,0.9999999999999998,1.0,0.9993518449665892,0.998242930263336,0.9989224346506405,0.9993079659821087
2152.40939672,0.9938139798709316,0.9979297715630336,1.0,0.9557526205185648,0.9172569887657565,0.9563456133590094,0.9924852976560424,0.9337425443226073,1.0,1.0,1.0,1.0,0.9849521000689199,1.0,1.0,0.9999013746848521,0.8205754347940001,0.9601527132113203,0.9961960827770492,0.8210438051962557,0.9963183910595548,0.9956000041472158,0.987294469546651,0.9976769408544873,0.9978268839949723,0.9893945019799428,1.0,1.0,1.0,1.0,0.9900450021618534,0.9888480398489012,0.9860203297038465,0.9861571664483909,0.9988594687127482,1.0,1.0,1.0,0.9732730082227022,0.9749184456544592,0.9725279154811899,0.9803990424189343,0.9998277769529801,0.9988397997431863,1.0,1.0,0.9999999999999998,1.0,0.9978266879397368,0.9982495762979071,0.9994625464825875,0.9992513948927381
2161.47548295,0.9857777260489273,0.9943217715715561,0.9981425718355201,0.9548411417230587,0.9122435148493703,0.9499515740904471,0.9863735163381884,0.9283055474301065,1.0,0.9997747236922858,1.0,1.0,0.9835331950886721,0.9964979441428556,0.9964808113808721,0.9976638609212725,0.8202661824965807,0.9558411663220788,0.9934777212907442,0.8219226797804123,0.9905358759671671,0.9900801967476408,0.977999331404842,0.9910762439062419,0.9917890140420152,0.9804004633742779,1.0,0.9995731789255654,1.0,1.0,0.9732039105659263,0.9710521603359465,0.9680240644241235,0.9682202863712797,0.9968549639525882,0.9983702076751969,0.9976193781105318,0.9994261535612956,0.9577650229400693,0.9593346458279074,0.9561805465695604,0.9688051391662986,0.9951446397666062,0.9935002863142058,0.9952125790142614,0.9935190458335063,0.9998356774362309,1.0,0.9949785646084912,0.998379091212969,1.0,0.9996191425530063
2170.56821963,0.980012249238465,0.9893574289698471,0.9942977613049893,0.953602503697443,0.9057841018361563,0.9421939120254935,0.9808360773412832,0.9226663431819965,0.9993287461806774,0.9988001321243579,0.9986311768441877,0.9982055267336327,0.9826425619037961,0.992425482681276,0.9932104257811306,0.9937855230369265,0.8206032414552937,0.9513202718004536,0.9880919188507975,0.8224704660011319,0.9811731020944401,0.9841980771855191,0.9657931732797926,0.9842832939006052,0.985828453712745,0.9697337198957109,1.0,0.9971641519312474,1.0,0.9987094821285263,0.9532118154772046,0.9485325423597079,0.9455577274400013,0.9465522861216973,0.9951980701118299,0.9948450691543964,0.9948618402908481,0.9967608713864401,0.9453558931159406,0.9475269152059037,0.9459526150119943,0.9592985590371652,0.9855301854854955,0.9812076985623995,0.9824346892240892,0.9790631447457377,0.9998140512318018,1.0,0.9910444930601987,0.9985605021002396,0.9991239659819213,0.9997141809825725
2179.68761735,0.972845242877815,0.9828846784693671,0.9906428851032624,0.9478911126822566,0.8995081940972439,0.9360122945709547,0.9724019914757585,0.916881766056063,0.9981737354130723,0.9964723463628894,0.997914666148929,0.9973325675052835,0.9799579819010168,0.9892437241504305,0.9891428931697841,0.9906656036131163,0.8211950872178232,0.9472890650631137,0.9844511551984292,0.82526861909292,0.9707424126723978,0.9765897678645606,0.953551115659597,0.9762277356977733,0.9779995520461453,0.9578052380873702,0.997324218085931,0.9935875269080984,0.9990461838647805,0.9955291385607652,0.9324400315105879,0.9250878647068599,0.9222330850733033,0.9242728321780799,0.9914802403046045,0.9926498859107304,0.9915776202696241,0.9938278206217913,0.9355829406580475,0.9363986064912974,0.9361613083125395,0.9497625061461674,0.966547052856301,0.9627022067040841,0.95973517840525,0.9573263920884749,0.9999999999999998,1.0,0.9865919650932673,0.9991461304941571,0.9996553047215028,1.0
2188.8336864,0.9641882049135883,0.9733604161556272,0.9848248516848075,0.9387871572289872,0.8952751381537486,0.9304705282374994,0.9632857736891367,0.9121181401741115,0.9962118050231807,0.9963192394338822,0.9961895699877416,0.996619048622615,0.9770593250516895,0.9853944345204204,0.9863399873218732,0.986716901259081,0.8208806478505418,0.9448519759996762,0.9806891574384764,0.827108864032895,0.9590570981595752,0.9686662780037182,0.9413838372460064,0.9671673483080343,0.9704316015698635,0.9466245015297714,0.9937732293350706,0.9912883960375087,0.9935869722145163,0.994865637523191,0.9140423168287314,0.9049337570128234,0.9009193185960266,0.9054529199419671,0.9901778284475317,0.9901586621871993,0.9882411977677145,0.9923345672441494,0.922516466351593,0.9230590247217334,0.9224010175037751,0.9388570492376304,0.9407485704132623,0.9358994522712168,0.930010445836224,0.9295579795400316,0.9999999999999998,1.0,0.9833295266415782,1.0,0.9995483061552679,0.999923326639049
2198.00643675,0.9537003569604833,0.963049013738825,0.9761700711299967,0.9265354949141478,0.8911064930151115,0.9239578986813048,0.9558136567810585,0.9092698536821365,0.9964229562334664,0.9947997361330868,0.9965679572172167,0.9961436489544037,0.9739802944901174,0.982585432380187,0.9847105863516226,0.984885659726716,0.8221324641580358,0.9437696330946889,0.9771684647298883,0.8277935188463641,0.947352324985684,0.9604690978940634,0.9292712207058602,0.9585089437948011,0.9632900789339326,0.9343079576969775,0.9904419552321336,0.9906897689576887,0.9888810855172859,0.9928158416602085,0.9023168327286845,0.8916319030732427,0.8877233639250569,0.893570676335161,0.9875800224651285,0.9883046689412608,0.9853702342480514,0.9894370296238565,0.9060515782403906,0.9072865407602634,0.9072144125597535,0.926563157732873,0.9133246675900691,0.9068494176643626,0.9004751410836961,0.8997144640776255,0.9999657778958234,0.9999399546868077,0.9808626049108831,0.9992005741816248,0.9993339519862928,0.9998657511172465
2207.20587807,0.9461275492243054,0.9540738748768822,0.9675826481001711,0.9153876096172833,0.8889974632322686,0.9202091576034032,0.9509203252036863,0.9044804507825501,0.996612016829933,0.9953937337343413,0.9961942720286413,0.997205299597051,0.9716331052127094,0.9802542725532262,0.9830068936742882,0.9838263845618177,0.8239667824947541,0.9421365288100525,0.9731369768343079,0.8296432853757878,0.940953787401402,0.954140673147492,0.9196840166307474,0.9530519362290827,0.9573312392561956,0.9241361229515497,0.9906458314915189,0.9917078084828079,0.9887387071055878,0.9937501977408987,0.9037169000749344,0.8924948100469732,0.888543486435721,0.8947917391826887,0.9863643187803192,0.9864316447002304,0.9842179835709196,0.9865740822486806,0.8941581016239617,0.8970607597551947,0.9000919914695813,0.9172746111705451,0.8910975794103971,0.8838060992103108,0.8761693851839879,0.8772515581592348,0.9992652445753463,1.0,0.9790238467019012,0.9982240990012952,0.9989827208166142,0.9999343586630619
2216.43201972,0.9518467653465269,0.9551913494313662,0.96504235254372,0.9128826720212124,0.887289896404547,0.9173485923163176,0.9437924127507625,0.9001802006210706,0.9985954375048415,0.997491647001614,0.998060741675134,0.9976107533612506,0.9718424414376083,0.9799148150205993,0.9819679677217373,0.9835349357935675,0.8266314227952775,0.9418153260662088,0.9711978649901993,0.832638534907534,0.9386308234096437,0.9537812814003538,0.9171617446577708,0.9510954663342814,0.9553547135012275,0.9221575018899703,0.9943816569586728,0.996167223047234,0.9931470108231536,0.9977710683492008,0.9198530822460207,0.9086092371160582,0.905056790965405,0.9128622410725087,0.984142785689397,0.9852078829113327,0.983590857988676,0.9854300142031048,0.9070146867453084,0.9110300800058232,0.9133449516341664,0.9290895730659879,0.8837968914373406,0.8751727236394001,0.8644690192381411,0.8667312815121796,0.9998864725858279,1.0,0.9773046262662612,0.9988259490166114,1.0,0.9992801190086148
2225.68487077,0.9621854689409145,0.9635828605415924,0.967242341531725,0.9187143392360023,0.88727122249081,0.9160959203382414,0.9372351353962464,0.8999032948648392,0.9991677986430559,1.0,0.9988124746788632,0.9997805752575385,0.9714273300947456,0.978806228841222,0.9820827796637819,0.9817852096864609,0.8311975294364152,0.9453205095117095,0.9751732777615351,0.8378625264126386,0.9446350740400076,0.956549192652229,0.9249698848434371,0.955133441079341,0.959135461617692,0.9292804460107673,0.997819631829069,0.9976994377978244,0.9977076854679223,1.0,0.9401419779726067,0.9297597156673842,0.9261582213386965,0.936438863107016,0.983782571662511,0.9845075664158455,0.9847244380158066,0.9856412772093593,0.9287770047644396,0.9316522066726485,0.9370987026656632,0.9478904710132364,0.8891838191074759,0.8812036349759468,0.8680984067022853,0.8715908766526778,0.9999114839402853,1.0,0.9768101918779889,0.9987637559881275,0.999840168982428,0.9991795046302564
2234.96443997,0.9672016370150789,0.9725652717846968,0.9724015422048056,0.930284293816472,0.8872105366392202,0.9165598758795257,0.9344208909916134,0.899607018519556,1.0,0.9997527328992304,1.0,0.9999234670812616,0.9727398616195616,0.9803493934548941,0.9830319511181985,0.981135403351107,0.8362488669391073,0.952296043335238,0.9810693679495669,0.8471015213294353,0.9531607133969917,0.9640832546539193,0.9365977680533385,0.9608146222330901,0.9653003685613443,0.9407099209571459,0.999120016554359,1.0,1.0,1.0,0.9564757067662588,0.9476827690533819,0.9446302049095868,0.954554817325222,0.9838307605631682,0.984475426108469,0.9851560477067582,0.9865470651987319,0.9482516871433766,0.9492447356646155,0.9554870908651953,0.9616094195260888,0.9047855852796669,0.8990408568938887,0.8870781995560236,0.8915781984176605,0.9999999999999998,1.0,0.9770335876474366,0.999070010534407,0.9997416423909571,0.9990425016222765
2244.27015399,0.9677045108517839,0.9798861177481099,0.9761953732850276,0.9432933651558296,0.8892074316518969,0.9167581496094698,0.9327904793959876,0.9020665809554128,1.0,0.9996065605647917,0.9990627949004734,1.0,0.9741238149132426,0.983573246131468,0.98425572556094,0.9816561536296078,0.8404317029140819,0.9581204596202358,0.984577078493133,0.8571654495601287,0.9624149555386449,0.9698432642252659,0.9473029149451397,0.96538251433069,0.9688975427945854,0.9507508574672787,1.0,0.9985724606480705,0.9991929511600215,1.0,0.9710854299640956,0.9637521502579173,0.9607881729183677,0.9685520583122997,0.9850236426652118,0.9847196591219082,0.9867627321933617,0.9878426164809706,0.9616824972222319,0.9615933151984885,0.9653176286406069,0.971970851788602,0.9226848234453214,0.9213120374799987,0.9093071188874772,0.9145878630398845,0.9999999999999998,1.0,0.9775062924196359,0.9982805585286068,0.9987337455417531,0.9989771868197439
2253.60010501,0.9701554964855261,0.985621118862351,0.9795050969637487,0.9577807405204386,0.890392403852993,0.9177124659448728,0.9331980145771384,0.907353154448419,0.9992411468031257,0.998391787075659,0.9982996493449232,0.9989557533320229,0.9756787853453408,0.9856443463093203,0.9862192803788961,0.9838798939474437,0.8447518460923044,0.963279548372562,0.9858087891002176,0.8662837171417219,0.9701876590835313,0.9750132901263864,0.9560215267875437,0.9714807740552014,0.9732697996361671,0.9586884720287079,1.0,0.9954739073432849,0.9937865687123429,0.9994814197399224,0.9835339801847309,0.977941448588765,0.9745800849503201,0.9809596703333064,0.9866642506097764,0.9861857475517295,0.9878131822244405,0.9895850578607442,0.967400726236708,0.9711234034443487,0.9666794657363351,0.9793347253242665,0.9407640298269171,0.9411297419148696,0.9297493489281662,0.9348127698696451,0.9999999999999998,0.9995798032745782,0.9774820809243634,0.99893062533325,0.9986523742507557,0.9994681027276416
2262.95428072,0.9761879939632656,0.9921701500581809,0.9880785790304096,0.9745000625303032,0.8924180319040331,0.9197097497980937,0.933425146317745,0.9140259314556604,0.9963419426062452,0.9967640735680257,0.9946148179779856,0.9968651932295122,0.978655284898709,0.9890445445447161,0.9879989652778133,0.9871526989395986,0.8520057163040837,0.966149323643707,0.9875868316867215,0.8703377817533493,0.9791140067429775,0.9795507064796001,0.9654600706557331,0.9769639193368602,0.9789623380130116,0.9684331983716808,0.9939859205258916,0.9909601448028765,0.9837316703348873,0.995369836351216,0.9929345884975178,0.988169235551887,0.987052432815608,0.9897638019836081,0.989121922067625,0.9883282140780029,0.9880617752947829,0.9919142428170336,0.9688812830436021,0.9750486771699394,0.966927547761319,0.9823752928466107,0.9576960919413707,0.9584263876783289,0.9519016307110919,0.9574572802164028,0.9999999999999998,0.9996335199622685,0.9782807439566705,0.9990743805066168,0.9993836641231879,0.9988163161473089
2272.33266852,0.9816363073118282,0.9983074308734934,0.9954334165919878,0.9889488569109472,0.8943840110734894,0.9192099375453625,0.9316522717566817,0.9195550226988756,0.9900202705273973,0.9915569068886346,0.9880777137623584,0.9912116024637087,0.9803991648319664,0.9891850046584169,0.9899473712046327,0.9892506060948565,0.8608926868706089,0.9709707367065294,0.9911674806361865,0.8775731822037286,0.9889005249438695,0.9844091035318199,0.9755079072181065,0.9826341364249843,0.9855946796383375,0.9791474329680931,0.9832015242828291,0.983590684706394,0.9705091613092771,0.9872842641839978,0.9981999858716566,0.9952727825670329,0.9943302812586076,0.9960362585335787,0.9899870415552935,0.9878757512417351,0.9873679244150455,0.9919428987991168,0.9670469834900437,0.9711642896068364,0.9624255965638663,0.9819027958661565,0.9758967720013623,0.9768248923540159,0.975705682180293,0.9794075270349446,0.9999999999999998,0.9999861537961177,0.9815967172201867,0.999658769512519,0.9982155291836348,0.998012602778359
2281.73525558,0.9838264650103173,1.0,1.0,0.9976730572898697,0.895769281065015,0.918011209359568,0.9331766666718841,0.923062506834806,0.9804770391563198,0.9827830061943885,0.9781191011024393,0.9818966463007482,0.9824383067970742,0.9909661921329018,0.9903186723294527,0.9907459329501241,0.8695571034241699,0.9774713660434173,0.9955578464626502,0.8890596745291084,0.9948476125246607,0.9910264200959467,0.9864540489461927,0.9892673469100768,0.9912686292016099,0.989324885369188,0.9704754215035635,0.9708777584916356,0.9566585158103711,0.9741229428531716,0.9995754896840319,0.9995024625752061,0.9995672083535867,0.9997058989058341,0.9874676388339696,0.9865903564903831,0.9868770062695407,0.989244799800961,0.9638559850200417,0.9685410749220457,0.9552356528317635,0.9798019365751122,0.9922669880052069,0.9937055893800906,0.9931004917408879,0.9935887967543071,0.9999999999999998,0.9999569907580422,0.9825139171692873,1.0,0.9988417363708237,0.9970613480483835
2291.16202877,0.9816439869938489,1.0,0.9986484644332204,1.0,0.8958557265465944,0.9197986289588814,0.9382176315508096,0.9264657393172007,0.9695631684577695,0.9704614580760437,0.9659048412627651,0.969626629951341,0.9832113973640886,0.9922674944846049,0.9919885995834617,0.9926127524912594,0.8784230953303572,0.9832506923271448,0.9977957786709741,0.9005772118698386,0.9973108619702772,0.9952191822464284,0.9938362386789578,0.9914804853156594,0.992353367084176,0.9953297485444312,0.960350379821241,0.9616342481967282,0.9456148575143184,0.964628655762812,1.0,1.0,1.0,1.0,0.9860011971514152,0.9870928414627912,0.9871314701080812,0.9858535207683693,0.9565812684033984,0.9611015143322368,0.9477361313255496,0.973884550714287,1.0,0.9994798287187668,1.0,1.0,0.9999999999999998,1.0,0.9856789589142522,0.9999627119300288,0.9984443372719578,0.9981448569843063
2300.61297471,0.9727895764520712,0.9962437418515067,0.9944440168826144,1.0,0.9020646699740027,0.9242720898867225,0.942272379642157,0.9328118990747962,0.9596144653201114,0.9606633034989855,0.9560408864463219,0.9600791054413463,0.9858113657716772,0.9934571924147451,0.9933163441189309,0.9941960006240775,0.8891283373748066,0.9869137686378554,0.9992254451610167,0.9119252438674303,0.9947095786860164,0.9965966051753272,0.9984132734719209,0.9928547104976285,0.9920029261892861,0.9994398665972822,0.9586462502757369,0.9584429697752341,0.9402059615127368,0.9649732378129788,1.0,1.0,1.0,1.0,0.9850717944979136,0.9871558387135281,0.9860537802976421,0.9860834978184233,0.9465761916483632,0.9510506408224685,0.9410279777871369,0.9668845720199396,0.9998308095848696,1.0,0.9979069884648639,1.0,0.9999999999999998,1.0,0.9888199679502192,0.9986831874916188,0.9973751138706782,0.9966333824176562
2310.08279923,0.9608523182043242,0.988401152827411,0.9872569333363207,0.9936905290780597,0.9070657735151978,0.9284288655341427,0.9471109841769917,0.9436540343238339,0.9520008452055666,0.9523323614617606,0.9487197765275959,0.9532023419558492,0.9883109955854797,0.9950381707251444,0.9943493596324351,0.9938330439212165,0.9000105200029039,0.9891479680702959,1.0,0.9218174190178251,0.9920829721377847,0.9958392144497924,0.9995778348750558,0.9941672270477884,0.9924755194201248,0.9999031359399657,0.9642504470741322,0.9618671170343437,0.9452817966940558,0.9652525834005742,1.0,1.0,1.0,1.0,0.9856694180210545,0.9868358359024489,0.986921584756661,0.9862952939304882,0.9426426393133559,0.9464474087170265,0.9363836871901636,0.964745979763163,0.9871519382859415,0.9908630266714082,0.9886398090431472,0.9866579479554357,0.9999999999999998,1.0,0.9901606284418546,0.9983696466078474,0.9987923268349609,0.997559753630611
2319.55711841,0.948422861399843,0.9776393350238762,0.9752134087029811,0.9839483049408144,0.9140870246266646,0.9328579387156877,0.9509983087949616,0.9601658900243529,0.9479800363657579,0.947152620871566,0.9432118261832495,0.9474437397813515,0.9904548254980559,0.9957957040151948,0.9934904998643834,0.9945515370339623,0.9081051585493813,0.9909075410482782,0.9997690001392039,0.9287962660534697,0.9883396546280178,0.9952753306792551,1.0,0.9956967900967113,0.9920090193675938,1.0,0.97336299574528,0.9701460493770272,0.9547670924489277,0.9683312385744605,0.9976351973927013,0.9995222793328752,0.9980591474748646,0.9981828595330771,0.9864604599227651,0.9895979059962178,0.9888339791878198,0.9874580068372841,0.9395777811930547,0.9493904913621798,0.9375794678571975,0.9655302109508512,0.9680695588655273,0.9793879161053596,0.9747904284692134,0.9691034397353053,0.9999999999999998,1.0,0.9917769853742645,0.9987651168839224,0.9972170786438088,0.9974804248448711
2329.03590187,0.9364746594068842,0.9670475444655711,0.963598353309242,0.9723967546420909,0.9195210064856321,0.9379894630527792,0.9543957503618393,0.971189867944441,0.9511724270641746,0.9489541525011694,0.9448149818443844,0.9503460977346234,0.9937631028398234,0.9991759558600064,0.994369607319101,0.9961331641169601,0.9197452792463471,0.9960612251620362,0.9998364946069593,0.9384605837297345,0.9878960062731754,0.9943146956587511,0.9998928060945727,0.9959652902924744,0.9943396253759288,0.999306082032506,0.9807527389371826,0.9810118843893024,0.9618654624901677,0.9756803517503816,0.9947354925578372,0.9969349554618328,0.9976662122799757,0.9952298524622825,0.9886002249711504,0.9923694431427128,0.9917580882549648,0.9890207204278133,0.9360229876516124,0.9535841420297833,0.9446580048307043,0.9669256244321943,0.9543369302765622,0.9692161385644414,0.9583218520113619,0.9532253041365902,0.9999999999999998,1.0,0.9909229196475493,0.998130307491686,0.9979183929984439,0.9965101392309055
2338.51911953,0.9277070538515787,0.9571036292677669,0.9572541204751571,0.9659742931167987,0.9239378759029682,0.9414301233512595,0.9638209303751903,0.9763828905907007,0.9613336323931241,0.9594065583757151,0.9546846357504599,0.9594596207020332,0.9982284627159651,1.0,0.9944700013268555,0.9973325916321001,0.9315953761213402,0.9997622329086268,0.9986268932879209,0.9510598402575571,0.9900790676818245,0.9962106620303718,1.0,0.9986965135624811,0.9965577121536761,0.9998291136360364,0.985532921042346,0.9888781200179475,0.9676201761571906,0.9864307698463834,0.9925057810104154,0.9957024274018851,0.9936912312206978,0.9918737842457778,0.9931009954761809,0.9958300591976237,0.9954956851892216,0.9927564038710559,0.9400800286704855,0.9486340134162277,0.9437010187285576,0.965984090445239,0.9426274794607611,0.9588369442449082,0.9482313051345571,0.9418692055452405,0.9994591338731523,1.0,0.9931573946674392,0.9987071677362356,0.9979483531704507,0.9975820350039475
2348.0067416,0.9260426349300686,0.9558346093023165,0.9599487213988811,0.9621632768235772,0.9302550286047495,0.9456406490752882,0.968299250206497,0.9766981810444472,0.9729562549062281,0.9717662424317967,0.9666864956165617,0.97249895047461,1.0,1.0,0.9988131187503686,0.9988251249113923,0.9444354653859094,1.0,1.0,0.9625262733872122,0.9947388219021985,0.9994354000583854,0.9999894332762869,0.9994321990045771,0.9986604002894629,1.0,0.9884029843191017,0.9921130660947629,0.9711974154619255,0.9929501049888678,0.990570936030874,0.9953852180270357,0.9919723820252547,0.9907033327088732,0.9985397061687573,0.998745271178424,0.999121878025818,0.9959212088236041,0.9494887090967643,0.945425088707649,0.9475121607544889,0.9663509579278958,0.9379475007347366,0.9532311892176701,0.9496120699435637,0.9351331554165548,0.9991808450153471,0.9988262085891102,0.9964521291399706,0.9976076491600193,0.998423535218742,0.9978883004728831
2357.49873856,0.9363928324454616,0.9612270856169103,0.9695394729810477,0.9676984436505647,0.9361953549630997,0.9532670372809129,0.9740972275658323,0.9808124795194172,0.980560445795398,0.9822104214395232,0.9741698542487481,0.9784694821233721,1.0,1.0,1.0,0.9981542784299667,0.9537386870136498,1.0,1.0,0.9685559005473473,0.9989499984910367,1.0,1.0,1.0,1.0,1.0,0.9941104705888194,0.9961274418804291,0.9833658864467646,0.9981375073312372,0.990131627979329,0.9960231840657018,0.9967046344081493,0.9905781009673951,0.9994182350282123,1.0,1.0,0.9983748844703225,0.961413169802383,0.9476728527875592,0.9585535103975815,0.9708283171608162,0.947242191487612,0.9545712763061426,0.9540374783370854,0.9415516818084927,0.9999999999999998,0.9989871494375906,0.9977274928286265,0.9992783132719324,1.0,0.9989557019692145
2366.9950812,0.951227357241575,0.9703226592434386,0.9790603903900046,0.977694186605267,0.9464500872245338,0.9626315755961896,0.9762248862937971,0.98151041020897,0.9825607079742291,0.9844555794267503,0.9790984117198558,0.9824089384281262,1.0,0.9993997084952115,0.9998048912880013,0.9999073157324984,0.9581315822134356,1.0,1.0,0.9741158793845199,1.0,1.0,1.0,1.0,1.0,1.0,0.9975552354845075,0.999999516581623,0.9877677049162801,0.9995051838289484,0.9944570476033066,0.9995333031054717,0.9981998824565717,0.9921123973738735,1.0,1.0,1.0,0.9995232089141849,0.9678708661560554,0.9550323602613527,0.9622041872345168,0.9802026806419614,0.9652548636303466,0.9673841647719946,0.9651991101736049,0.9626343264667635,0.9999999999999998,0.9991942277254608,0.9980110141848603,0.9994113707990364,0.9993611742666668,0.998592104833655
2376.49574055,0.9672008115221925,0.9790275274776234,0.9901563468672416,0.9844579857770813,0.9540745479370049,0.9636615352324825,0.9754811240875734,0.9815277471437293,0.981628426909888,0.985305797244181,0.9791591030502628,0.9809150585175317,0.9986337514905742,1.0,0.9992978347928871,1.0,0.9611855454672319,0.9975943738513592,0.9998440752903829,0.9750838523415603,0.9995245346930174,0.9997395932598583,0.9996873909517792,1.0,1.0,0.9986937620038318,0.9994307281839999,1.0,0.9901508953928776,0.9970680556341579,0.9950884631080037,0.9983056167499962,0.9969692996179498,0.9963728496469351,1.0,0.9999679132243512,1.0,1.0,0.9776020603231907,0.9609635292632724,0.9674592385356146,0.9862184509755618,0.9843422513514297,0.9822861141314855,0.9801192583536106,0.9831275294671997,0.9995013164644239,0.9991403866922974,0.9989896293427988,0.9991728528451133,0.9982369245022358,0.9981060851609701
2386.00068793,0.977304144368039,0.9863618769062205,0.9959399449897044,0.9896811476906364,0.9572467770179873,0.9602692406555111,0.9782755863266778,0.9852436713527405,0.9824018392546212,0.9870601016725872,0.9791199131069803,0.9814050127132633,0.9988307801821461,1.0,1.0,1.0,0.9668987968533181,0.993517086783493,0.9954493828564617,0.9741295315032121,0.9954240515057191,0.9969802029405138,0.9936222370882319,0.9994038993542576,0.9998273625739345,0.9921842129291847,0.9985368013440293,1.0,0.9945313323214804,0.9932113237556848,0.9960536483498917,0.9979434031950631,0.9936173814858201,0.9954980219586438,1.0,0.9992336335644006,0.9995791345379087,0.998908713724477,0.985029700317303,0.9697143923561953,0.9733970372904792,0.9892567643308867,0.9930648151798819,0.9893904237753939,0.9951404597729578,0.9954086899087718,0.9977085855060375,0.9987676340762727,0.9991878923165883,1.0,0.9983945722127041,0.9976577007732665
2395.50989495,0.9861117051716032,0.991717054317484,0.9987184800397423,0.9934106563873697,0.9565518255396332,0.9588633750475103,0.9770722325234829,0.9922407413428596,0.9851162267901501,0.9881446925156461,0.9833026712684085,0.9861824466411022,1.0,0.9992877268519061,1.0,1.0,0.9784440878839343,0.9894421624722368,0.9895068268726012,0.971845038768694,0.9887420553585167,0.9876275565432711,0.9824658600895418,0.994969709385106,0.9968592741441528,0.9810137878883204,1.0,0.9998442781326653,0.9951709577475918,0.9931479858471275,0.9982202117489,0.9991076735747914,0.9933427139978072,0.998078555755158,0.9973508578674779,0.999344426037098,1.0,0.9980695475036429,0.9899223458134515,0.9861168682296441,0.9835462404247208,0.9940913111793825,0.9955506301876749,0.998242298645345,1.0,1.0,0.998538280477055,1.0,0.9999653957329143,0.9997379671669678,0.9983205579986039,0.995758030453359
2405.02333345,0.9930325536113448,0.9949558879216185,0.9974004089899455,0.9945101507011048,0.961136550102362,0.9672123119120933,0.9719392974598857,0.9975215225323492,0.9892996428991636,0.9913494409448649,0.9870208492687405,0.9911887025565826,0.9987974499456086,0.9991392030882409,0.9993014458554814,1.0,0.9864795946552961,0.9838744101920754,0.9829469225710652,0.9719039672831381,0.9833621552623968,0.9807982345885241,0.9715544010417108,0.9878616867417761,0.9908003777414278,0.9672940083779404,1.0,0.9979217168135698,0.9951165613907685,0.993056043970313,0.9982816952940926,1.0,0.9930661720467476,0.9986401327392546,0.9959064585997663,0.9996038639608958,0.9985307274965584,0.9978299971720738,0.9909999810632113,0.9945199063582879,0.990013485178821,0.9993181105743363,1.0,1.0,0.9967078805474401,0.995201218276841,0.9992795434437062,1.0,0.9977040030335658,0.9971364926708215,0.9982647773199235,0.9952249176927045
2414.54097557,0.9928039165346603,0.9928197983536398,0.9977132367369885,0.9949873176982844,0.9632145952421564,0.9785168346073962,0.9652979796735375,1.0,0.9929885347789397,0.996096522579731,0.9900686960036065,0.9938473969594445,0.9946706969708269,1.0,1.0,0.9979134768550754,0.987082572901722,0.9831181823154036,0.9804417523506033,0.9716730687072874,0.9774212212294853,0.9766813349369676,0.9651390332671196,0.9828571807325573,0.9889159968593743,0.9581722076418395,0.9995952515133066,0.9959244431436897,0.9897855249615456,0.9956509167888205,0.9969811639397894,0.9963774480983794,0.9927013512089424,0.9974814379732281,0.9963488505625726,0.9985617272400417,0.9955972754490975,1.0,0.98868497779612,0.994198433512475,0.9958265273293851,1.0,0.999673897042821,0.9925189423132286,0.9953125993180988,0.9878791455568691,1.0,1.0,0.9963189119365151,0.9982532208190716,0.9990394905943887,0.9955757377513
2424.0627937,0.993545716196522,0.9931446372951507,0.9941221261871112,0.9875391074829506,0.9667387365788956,0.9870362561254257,0.961101966115379,0.9957871850666102,0.9969797335425613,0.9965763287746052,0.9948562434119896,0.9981364935941306,0.997741472570507,0.9991567523230472,0.9977766620878694,0.9984690629736587,0.982438700938175,0.9848987262804054,0.9815206113529805,0.9735003632939091,0.9735622563205882,0.9733312337422193,0.9680508902163402,0.9845537348465646,0.9857633520564476,0.9599913099846377,0.995677244524905,1.0,0.9930046153793199,1.0,0.9979717526798246,0.9905029766649677,0.9915000424463769,0.998683002238968,0.9981499044485139,0.999142403030905,0.9935037192242084,0.9983236198483492,0.980739672296216,0.9898538495343553,0.9930410607889595,1.0,0.9993717707341112,0.9761458034187823,0.9949304704636548,0.983833357277629,0.9994102750018544,1.0,0.9955432517291504,1.0,0.9981912587696563,0.9973532898718077
2433.58876046,0.998395228612211,0.9949588124766064,0.9905600938535652,0.9768411115522695,0.9712665069688128,0.9926164718535736,0.9476841983946988,0.9986537967502165,1.0,0.9987784776164158,1.0,1.0,1.0,1.0,1.0,0.9992934825295059,0.980187249042826,0.9864464857021684,0.983071315943851,0.9737429061059083,0.9724016932845949,0.9734094917936815,0.9733495015384419,0.983741478888253,0.985183281377215,0.9653108241934494,0.9974740600261154,0.9956475943305196,1.0,1.0,1.0,0.987454932471323,0.9865765659293786,1.0,0.9993994218022271,1.0,0.9980004288686907,0.9988542560383887,0.9711592875113668,0.988629561122359,1.0,0.9989324223381263,0.9942018366982135,0.9663935216387977,0.986973047909376,0.9882320479558248,0.9992858681840788,1.0,0.9977259433640235,1.0,0.9995208078300472,1.0
2443.11884877,1.0,0.9936047773223571,0.9904180837879423,0.9723707212054679,0.9807050642251551,0.9867561306044517,0.9596219682613261,1.0,1.0,0.9981974264281521,1.0,0.9991780953800916,0.9936714669309763,0.9987998646908913,0.9978823734696418,1.0,0.9839369034547453,0.9885660987079026,0.990959951379515,0.9748509393029544,0.9789692802324659,0.9778818643558473,0.9754178708470682,0.9850641464252153,0.9876889568231436,0.9664150859477855,0.9978393074567534,0.9889334149393672,0.9919513805390516,1.0,0.9922726119171555,0.9910353166293312,0.9866580468619809,0.9956748106639323,1.0,0.9976763160148806,1.0,0.9969179171696001,0.9704140657698579,0.9832569956962456,0.9996361868609441,0.9975580287035616,0.986795311862923,0.9709678868513891,0.9720962402643295,0.991016857307716,0.9988105819445762,1.0,0.9972192380445551,1.0,0.9984490442512183,0.997531512333414
2452.65303176,0.9960415273687561,0.9937239902051276,1.0,0.9787423891989352,0.9885181880442849,0.9838273834196937,0.9810053228847028,1.0,1.0,1.0,0.9980665831935663,0.9964119994705212,0.9864561266226778,0.9955749758314625,0.9911346078452908,0.9997003029407121,0.979830806225071,0.9902260320903591,1.0,0.9849610132824449,0.9824676968577035,0.9813188248995786,0.9786533119547424,0.9939898722404938,0.9924014423872657,0.9752563295927164,0.9930159773581817,0.9950337866220927,0.9950632175579269,0.9997894800250591,0.9905365344550151,0.9927780697299009,0.986973048546607,0.9933395576993226,0.9982036566583261,0.99955041748147,0.9995438192498257,0.9978209388341042,0.9741074114925846,0.9909683588620535,0.9950711147480543,0.9964149066406037,0.9884770536475253,0.9746252848487451,0.9710123303663366,0.9836569361976896,0.9999681473123905,1.0,0.9995028247310161,0.9979142236855039,0.9999517922115925,0.99551612262262
2462.19128285,0.9993378917277439,0.9943970126572753,1.0,0.9904108902046401,1.0,0.9872233726635081,0.9959664805650065,1.0,0.9991361404737359,0.9975050932586901,1.0,0.998132096263205,0.988667933363333,0.9946897133172606,0.9909860086284864,1.0,0.9931520859795452,0.9905944188272989,0.9973537656571411,0.9963976849659606,0.9882447377838091,0.990340954816275,0.9845398492280343,0.998676166177018,0.9930609731752519,0.985418524109235,0.9938372989360988,0.9981475002227067,0.9919585588453688,0.9989865253372752,0.9934895042357652,0.9936880652562997,0.9905293270581328,0.9895799815721512,0.9967717691911395,0.9998833334155635,1.0,0.9989352662271702,0.9867154859388665,1.0,0.9885008458171973,0.9902123172941515,0.9970993391736296,0.985449272800043,0.9808893726641146,0.9864440320653125,0.9998375568015679,1.0,1.0,0.998046458974068,1.0,0.9969829724470637
2471.73357568,1.0,1.0,1.0,1.0,1.0,1.0,1.0,1.0,1.0,1.0,1.0,1.0,1.0,1.0,1.0,1.0,1.0,1.0,1.0,1.0,1.0,1.0,1.0,1.0,1.0,1.0,1.0,1.0,1.0,1.0,1.0,1.0,1.0,1.0,1.0,1.0,1.0,1.0,1.0,1.0,1.0,1.0,1.0,1.0,1.0,1.0,1.0,1.0,1.0,1.0,1.0,1.0
2481.27988414,,,,,,,,,,,,,,,,,,,,,,,,,,,,,,,,,,,,,,,,,,,,,,,,,,,,
2490.83018234,,,,,,,,,,,,,,,,,,,,,,,,,,,,,,,,,,,,,,,,,,,,,,,,,,,,
2500.38444467,,,,,,,,,,,,,,,,,,,,,,,,,,,,,,,,,,,,,,,,,,,,,,,,,,,,
