,CAGR01 Calcite.,F1CC06B Magnesite.,HS433 Halite.,LAZE03 Prehnite.,bkr1jb329c Siliceous-sinter.,GDS26 Epidote.,GDS1 Analcime.,NBPP22 Clinopyroxene.,LAPP47B Orthopyroxene.,LAPO05 Fayalite.,LASC02 Forsterite.,GDS27 Hematite.,NCLS04 Plagioclase.,LACL14 Chlorite.,LAKA04 Kaolinite.,LAIL02 Illite.,GDS106 Margarite.,c1cy29 Vermiculite.,LALZ01 Serpentine.,LAMO02 Montmorillonite.,NCJB26 Nontronite.,LASA58 Saponite.,GDS23 Talc.,F1CC08B Alunite.,GDS145 Bassanite.,LASF41A Gypsum.,LASF21A Jarosite.,F1CC15 Kieserite.,799F366 Mg-sulphate.
Category,carbonates,carbonates,hydrated silicates & halides,hydrated silicates & halides,hydrated silicates & halides,hydrated silicates & halides,hydrated silicates & halides,iron oxides & primary silicates,iron oxides & primary silicates,iron oxides & primary silicates,iron oxides & primary silicates,iron oxides & primary silicates,iron oxides & primary silicates,phyllosilicates,phyllosilicates,phyllosilicates,phyllosilicates,phyllosilicates,phyllosilicates,phyllosilicates,phyllosilicates,phyllosilicates,phyllosilicates,sulfates,sulfates,sulfates,sulfates,sulfates,sulfates
Root Data ID,CAGR01 Calcite,F1CC06B Magnesite,HS433 Halite,LAZE03 Prehnite,bkr1jb329c Siliceous-sinter,GDS26 Epidote,GDS1 Analcime,NBPP22 Clinopyroxene,LAPP47B Orthopyroxene,LAPO05 Fayalite,LASC02 Forsterite,GDS27 Hematite,NCLS04 Plagioclase,LACL14 Chlorite,LAKA04 Kaolinite,LAIL02 Illite,GDS106 Margarite,c1cy29 Vermiculite,LALZ01 Serpentine,LAMO02 Montmorillonite,NCJB26 Nontronite,LASA58 Saponite,GDS23 Talc,F1CC08B Alunite,GDS145 Bassanite,LASF41A Gypsum,LASF21A Jarosite,F1CC15 Kieserite,799F366 Mg-sulphate
Sample ID,CAGR01,F1CC06B,HS433,LAZE03,bkr1jb329c,GDS26,GDS1,NBPP22,LAPP47B,LAPO05,LASC02,GDS27,NCLS04,LACL14,LAKA04,LAIL02,GDS106,CY-PLH-029,LALZ01,LAMO02,NCJB26,LASA58,GDS23,F1CC08B,GDS145,LASF41A,LASF21A,F1CC15,799F366
Species,calcite,magnesite,halite,prehnite,siliceous-sinter,epidote,analcime,clinopyroxene,orthopyroxene,fayalite,forsterite,hematite,plagioclase,chlorite,kaolinite,illite,margarite,vermiculite,serpentine,montmorillonite,nontronite,saponite,talc,alunite,bassanite,gypsum,jarosite,kieserite,mg-sulphate
Subgroup,calcites,calcites,chlorides,prehnites,hydrated-silicas,epidotes,zeolites,pyroxenes,pyroxenes,olivines,olivines,hematites,feldspars,chlorites,kaolinites,micas,micas,micas,serpentines,smectites,smectites,smectites,talcs,hydrous_sulphates,hydrous_sulphates,hydrous_sulphates,hydrous_sulphates,hydrous_sulphates,hydrous_sulphates
Group,carbonates,carbonates,halides,inosilicates,mineraloids,sorosilicates,tectosilicates,inosilicates,inosilicates,nesosilicates,nesosilicates,oxides,tectosilicates,phyllosilicates,phyllosilicates,phyllosilicates,phyllosilicates,phyllosilicates,phyllosilicates,phyllosilicates,phyllosilicates,phyllosilicates,phyllosilicates,sulphates,sulphates,sulphates,sulphates,sulphates,sulphates
Library,MICA_new_dirtree,MICA_new_dirtree,MICA_new_dirtree,MICA_new_dirtree,MICA_new_dirtree,MICA_new_dirtree,MICA_new_dirtree,MICA_new_dirtree,MICA_new_dirtree,MICA_new_dirtree,MICA_new_dirtree,MICA_new_dirtree,MICA_new_dirtree,MICA_new_dirtree,MICA_new_dirtree,MICA_new_dirtree,MICA_new_dirtree,MICA_new_dirtree,MICA_new_dirtree,MICA_new_dirtree,MICA_new_dirtree,MICA_new_dirtree,MICA_new_dirtree,MICA_new_dirtree,MICA_new_dirtree,MICA_new_dirtree,MICA_new_dirtree,MICA_new_dirtree,MICA_new_dirtree
Sample Description,,,,,,,,,,,,,,,,,,"LLANO,TX",,,,,,,,,,,
Date Added,,,,,,,,,,,,,,,,,,19-Jul-90,,,,,,,,,,,
Viewing Geometry,,,,,,,,,,,,,,,,,,"i=30, e=0",,,,,,,,,,,
Other Information,,,,,,,,,,,,,,,,,,,,,,,,,,,,,
Composition,,,,,,,,,,,,,,,,,,,,,,,,,,,,,
Resolution,,,,,,,,,,,,,,,,,,,,,,,,,,,,,
Grain Size,,,,,,,,,,,,,,,,,,0 - 500 µm,,,,,,,,,,,
Locality,,,,,,,,,,,,,,,,,,,,,,,,,,,,,
Database of Origin,MICA Files (USGS/RELAB),MICA Files (USGS/RELAB),MICA Files (USGS/RELAB),MICA Files (USGS/RELAB),MICA Files (USGS/RELAB),MICA Files (USGS/RELAB),MICA Files (USGS/RELAB),MICA Files (USGS/RELAB),MICA Files (USGS/RELAB),MICA Files (USGS/RELAB),MICA Files (USGS/RELAB),MICA Files (USGS/RELAB),MICA Files (USGS/RELAB),MICA Files (USGS/RELAB),MICA Files (USGS/RELAB),MICA Files (USGS/RELAB),MICA Files (USGS/RELAB),RELAB,MICA Files (USGS/RELAB),MICA Files (USGS/RELAB),MICA Files (USGS/RELAB),MICA Files (USGS/RELAB),MICA Files (USGS/RELAB),MICA Files (USGS/RELAB),MICA Files (USGS/RELAB),MICA Files (USGS/RELAB),MICA Files (USGS/RELAB),MICA Files (USGS/RELAB),MICA Files (USGS/RELAB)
Reflectance,---,---,---,---,---,---,---,---,---,---,---,---,---,---,---,---,---,---,---,---,---,---,---,---,---,---,---,---,---
900.0,1.0,1.0,1.0,1.0,1.0,1.0,1.0,1.0,1.0,1.0,1.0,1.0,1.0,1.0,1.0,1.0,1.0,1.0,1.0,1.0,1.0,1.0,1.0,1.0,1.0,1.0,1.0,1.0,1.0
903.28574336,0.9993602554563563,0.9998797890912456,0.9992932170323514,0.9997453433281019,0.999867360946845,0.9913122348910117,1.0,0.9822101343877369,0.9394762985934435,0.9918198734574742,0.9867452573636303,0.9859992575885057,0.9991401706280186,0.9982539604826044,0.9998561202567736,0.998123687437537,0.9978300578372479,0.9995258125210674,0.999133686422449,0.9999005454483068,0.9953221138963643,0.99909668885552,1.0,0.9997805442931804,0.9994974148765078,0.9996993191827577,0.9899163259713788,0.9999093237878263,0.9998808744752193
906.618278421,0.9991160038119818,0.9993706555070974,0.9987106920398293,0.9995942234570963,1.0,0.9832220387874159,0.9995774508238074,0.964220659013078,0.8876273115620553,0.9838015199285728,0.9733275225542546,0.9735288909960983,0.9981388576950264,0.9971023469119342,0.9997413978618032,0.9963709662159644,0.9954302746045702,0.9996677347166667,0.9979291200759441,0.9991198509941099,0.9908344347957454,0.9979979849381202,1.0,0.9992326794007227,0.9988097505396409,0.9995701955818181,0.980773183650198,0.9998554693580036,0.9996159277235184
909.999291084,0.9988262797110297,0.9988886323408813,0.9978991601889999,0.9995074655799753,0.9999436047702375,0.9751673558343602,0.9984342801241118,0.9456653553971461,0.8430981368779242,0.9763332356973412,0.9594743670086803,0.9621602971859391,0.9969598854344645,0.996188541988358,0.9995852986631818,0.9949484658231598,0.9929908249707425,0.9999465255965825,0.9969493651841548,0.998379920700877,0.986524462219577,0.9974118236863393,1.0,0.9988950818394002,0.9983756203170613,0.9990670953128097,0.9721694159445893,1.0,0.9992088927139985
913.430570243,0.9985519082898179,0.9986781661479037,0.9973345158944469,0.9997346980934813,0.9999778974460094,0.9665940567272028,0.9971784611387676,0.9265057379697872,0.8030128533124279,0.9684870542920763,0.9446151317286614,0.9515417870173158,0.9958664981810863,0.9955247633580753,0.999314600329318,0.9931263614576978,0.9909214436738474,1.0,0.9962880212237323,0.9977497550683119,0.9823755245242943,0.9974929667134749,0.9996943823484211,0.9989226298314545,0.9976858011133759,0.9989735974716882,0.9648441302747723,0.9999556986863224,0.9989924241351595
916.914016797,0.9983732421427982,0.9985879409981323,0.997106740002869,0.9996987627365992,1.0,0.9571110126851804,0.995915697393387,0.906661999752717,0.7679624845922651,0.9601966368338761,0.9288044053751899,0.941598057046222,0.9950557363645239,0.9948482625201216,0.9989939305844199,0.9909915355800123,0.9897373909060111,1.0,0.9956918349400552,0.9974020800956416,0.9784837909775924,0.9975270622205612,0.9992993185377814,0.9993565132706688,0.997023876072119,0.9987174159665207,0.9575077690899183,0.9998956168902652,0.9986717259209008
920.451653694,0.9983288820424382,0.9981743789402152,0.9971390668445834,0.9996050501711553,1.0,0.9468064902604526,0.9946282371057561,0.8863072095115464,0.7377740198516144,0.9518303038131406,0.9129768000684845,0.9324652012887413,0.9940570840250142,0.9939709884751756,0.9987884746069571,0.9890148318726045,0.9891678860701923,0.9999380730365635,0.9949760696423138,0.9971544068960813,0.9750754026855185,0.9966628541204167,0.9986470808429546,0.9998161052321708,0.9963629684097982,0.9988241450990232,0.9506641367691783,1.0,0.9984953796973159
924.045637162,0.9985925067165395,0.9979729244135916,0.9974297290240703,0.9995683536388008,0.9997666953504339,0.9364537319145588,0.9931206521255238,0.8662656513411606,0.7108491725967541,0.9434972940679623,0.8972236100492333,0.9255020437697796,0.9925126756571379,0.9934336175247839,0.9991130140136387,0.9871441744089412,0.9885160159136875,0.999598652523866,0.9940299805896053,0.9972919529588327,0.9716551547086772,0.9958278964081781,0.9980731082075543,0.9998864105551521,0.9959328580365179,0.998314071454024,0.9446716810695316,0.9999208474190727,0.9981221169012827
927.698269301,0.998470056599124,0.997866514398337,0.997738833270487,0.9997048153309015,0.9990826592190728,0.9263937687597141,0.9910979026763211,0.845654305916246,0.6870158724035881,0.9355392732863884,0.8805109720633499,0.9212158425653304,0.9907860518214544,0.9944858495654973,0.9986506090590496,0.9851824530399048,0.9876704920214838,0.9988069330250003,0.9922447546752222,0.998082702380608,0.9684425972927689,0.9949495715057654,0.997468382441699,1.0,0.9961572617645071,0.9980027851032542,0.9390043289200618,0.9998491929588461,0.9976509356253087
931.412012249,0.9982575626237489,0.9976158998621438,0.9976062725115753,0.9995563276726028,0.998300637263559,0.9168088902922912,0.9887650360645744,0.8254370198330059,0.6657674051606642,0.9279501129577276,0.862868264652072,0.9185391660636725,0.9891108803151037,0.9956535907652369,0.99810467231372,0.9833057305321514,0.9865787629078046,0.9978972799779273,0.991358489794147,0.9991812517380646,0.9656268880097427,0.994015587429069,0.9962499713834492,0.9999286087997813,0.9962833054428202,0.9980020045788037,0.9333462850113404,0.9997598588481746,0.9970648121273905
935.189504163,0.9980125882067865,0.9975784558567716,0.997004223668519,0.9991447572247224,0.9978717832568784,0.9077884749206726,0.9863738810107571,0.8059659275312966,0.6477421506501203,0.9205253928522785,0.8448967585593007,0.9157959889603396,0.9873990171783074,0.9963657464918504,0.9975877752062641,0.9819222518660802,0.9855000558047674,0.9965090428677388,0.9916691864668051,0.9998581715760344,0.9630100817458138,0.9930035202655711,0.9937316787485804,0.9999796836402417,0.9954880378204671,0.9980982399732249,0.9282112008273501,0.9994954496397827,0.9962858199022544
939.033577299,0.9977052773110269,0.9976690297678357,0.9958485491386249,0.9989692086686186,0.9967946187575327,0.8990179065600655,0.9838930446870662,0.7868215885243888,0.6338560107621729,0.9129876693756044,0.8266418374452053,0.9123959678960732,0.9853885253761231,0.9970270744190617,0.9970393798248405,0.9803133702275753,0.9845390362731608,0.9940971926168068,0.9920741876253083,0.9987861692464458,0.9601031807830656,0.9913030270246441,0.9889225589335682,0.9999013200082876,0.9939340785180704,0.9981975621917737,0.9242874548956476,0.9987240263206876,0.9953795923526835
942.947278561,0.9975311341603504,0.9975148362020785,0.9945187747925237,0.9989520824488874,0.995799357052702,0.8897973717547347,0.981625501799392,0.7676920351293823,0.6226231634428911,0.905532239480116,0.8083371383921689,0.9089533380746402,0.9829829396462055,0.9974878800979285,0.9964252805549054,0.9787232159524907,0.9831756357509298,0.9913265872496969,0.9918331451795345,0.9979994640823311,0.9573360391257434,0.9877398752702692,0.9809662743073612,0.9991561696107808,0.992050408164018,0.9976761797119825,0.9198723007797015,0.9978026965078081,0.9944245144507631
946.933892918,0.9971761245321598,0.997429250089924,0.99336958679038,0.9988239107000936,0.9955467209715939,0.8802873335363958,0.9793519642469307,0.7486725225557576,0.6136436211154984,0.8977162947694601,0.7899471929566753,0.9064464183051115,0.9803878579345322,0.997539598727187,0.9958532044663256,0.9769753558978778,0.9818232819433389,0.9896983904686959,0.9916456611480415,0.9978467817116733,0.9553205785801345,0.9837569218269915,0.9734658333527141,0.9981833493352483,0.9903492349417967,0.9967727788048761,0.9154996516187712,0.9965012992385742,0.993506587793427
950.996970209,0.9968735373260758,0.9975922142019358,0.993388835054536,0.9987091810263887,0.995741719551882,0.8714478789738757,0.97630180224916,0.7301508182629457,0.6070799924661604,0.889736156889884,0.7716796163160234,0.9059473667945723,0.9776305653479819,0.9974913677652052,0.9947144344872535,0.9750907713251565,0.9808576168314977,0.9899782930558538,0.9919293681220299,0.9977284107570416,0.9531997873560258,0.9828429897089096,0.9723916194516206,0.9975455827842629,0.9891132104024429,0.9960415732682676,0.911412755919009,0.995154931737577,0.9922531114084746
955.140355948,0.9965924123583713,0.9976373376572109,0.9941643692573419,0.9986846271660236,0.9955501830166241,0.8631132229950358,0.9719646818173512,0.7125962565169486,0.6028497103193659,0.8818998376813463,0.7530852812457127,0.9082411287272312,0.9751046683684119,0.9980264743952922,0.993425208396678,0.9730900470024999,0.9801926117910186,0.991688682981894,0.9930166576552732,0.9972068555873371,0.9511969387275642,0.9840962062954234,0.9788219526751037,0.9970567097919993,0.9882838467749093,0.9952377932260467,0.9074802434642997,0.9938196524119783,0.9902017466169206
959.368226885,0.9964012731440351,0.9975126754372502,0.9945803696329423,0.9987361126664882,0.9951751280317518,0.8540833388166609,0.9657243471019333,0.6958140105285564,0.6013975415241891,0.8743793312676784,0.7342685907138513,0.9124205469814939,0.9724539727917912,0.9991244096484637,0.9927770823870641,0.9712709485181404,0.9784487990325643,0.9928207152281386,0.9943262251555823,0.9965355785820155,0.9493379780107706,0.9840730486381274,0.9853673572549007,0.9959526196095275,0.9874599262258624,0.9938279969262345,0.9043138647096612,0.9924808242328416,0.9876013820392456
963.685132242,0.9962404838094625,0.9975154555234546,0.9946463123006929,0.9986086232197926,0.9948857218338631,0.8443619553412061,0.9576674453995236,0.6798099449403482,0.6028838435457465,0.8671576653398431,0.7152851979572168,0.9172688639030735,0.9696479343445593,0.9998632039138311,0.9924048678575045,0.9700742210799121,0.9765292718333504,0.9938559525331817,0.9958940051648,0.9959426729093203,0.9478366808146782,0.9835699537987214,0.9892351973541186,0.9945330194019923,0.986429387547121,0.9925991887863758,0.9017027718308492,0.9910110532791251,0.9847455830817295
968.096041789,0.9958302831004855,0.9975570962192905,0.9944363405292627,0.998410971752043,0.9947975216622528,0.8345522842833153,0.9502086493091134,0.6645603230485376,0.6071004880906707,0.8598898174321395,0.6962152185425459,0.9216294332082878,0.9663876802540037,1.0,0.993122440814813,0.9691021242205564,0.9757185384408912,0.9944385001940026,0.9975206461203726,0.9954490448015819,0.9465043900456032,0.9842617509271595,0.9906323390578338,0.9927355000947558,0.9848895109920386,0.991279719473866,0.8996092229266113,0.9894330511405396,0.9820974221971784
972.606402173,0.9956109861857642,0.9975580529427123,0.9941115052126592,0.9980668020265077,0.9952266897137543,0.8247281956194938,0.9476135635345944,0.6502220430036554,0.6137127765903909,0.8515618296358402,0.6773858704012193,0.9261720570470572,0.9628193405011426,0.9998389915133041,0.9949031579978378,0.9680442836552473,0.9756333698361166,0.9950981604834502,0.9989497403650738,0.9951924648542813,0.9457015487035155,0.9854589073867729,0.9904152106852028,0.9903599447081359,0.9837064482097161,0.9897135108507001,0.898829058514751,0.9880786282874503,0.9794490718651824
977.222203311,0.9955255692977494,0.9974043408087728,0.993058989482793,0.998050325671175,0.995730935202544,0.8159510675858128,0.9499331846170255,0.636793037725691,0.6230945460123329,0.8428114612629399,0.6593225635726996,0.931074756749285,0.9591313906292446,0.9996807142672604,0.9966326323103133,0.9666476119007451,0.9756060384303358,0.9954415559472131,0.9998170493880608,0.9960109560232551,0.9451019662866589,0.986604668720619,0.9893489341774757,0.9875302756694095,0.9835571865776378,0.9884157369754326,0.8987070455807481,0.9869385825512553,0.9771540314439593
981.950057134,0.9951429243818544,0.9970798816584334,0.9918600110664424,0.997986698359195,0.9964346740538094,0.8082023300788745,0.9547460883195594,0.6241193261946545,0.6350783104680804,0.8343889764429362,0.6412083320322642,0.9361955232002709,0.9556144814700639,0.9993492081763399,0.9976380490953559,0.9649701303936845,0.9751660390309842,0.9958528531038456,1.0,0.9970849135267771,0.94461075088977,0.9872372066269045,0.9883908608998329,0.9841833040767928,0.9843630715797329,0.9866346107278452,0.898206965470406,0.9860477596735919,0.9761954470363489
986.797291589,0.9947420532501738,0.997051884291484,0.9917293673432912,0.9978035345414386,0.9970662679421477,0.800338828681095,0.9610793706543629,0.6121894374525946,0.648716474239351,0.8260991998660724,0.6231367129025742,0.9416362160829339,0.9520709412802077,0.9987098252250405,0.9977973546926119,0.9631752556973854,0.9745167808363233,0.9960241593891908,1.0,0.9973098630356406,0.9445170989270026,0.9877016412166796,0.9879333603197886,0.9804766782077073,0.9859055991188681,0.9851593572542121,0.8976519750831918,0.9851418272502741,0.9762009051923712
991.720028203,0.9945085107616373,0.9967918379444508,0.9917727267978926,0.9973452758536426,0.9972647130696198,0.7928493837680635,0.9679512076890365,0.6011660426558887,0.6642037894522598,0.8175627028577697,0.605671586914927,0.9475456945095257,0.9477711369760969,0.9976175035876234,0.9976081098431668,0.9611205460474659,0.9730573907243788,0.9961019190950191,0.9999944262310891,0.9965652850760686,0.9450303572788078,0.9883718212559423,0.987378749091474,0.9770824153278738,0.9876305258224213,0.9838056811569525,0.897937357458296,0.9842311004202455,0.9766604483588928
996.671068522,0.9941134548734265,0.9967797413527465,0.9910019140777149,0.9968292529623995,0.9976799487465542,0.7857118953761704,0.9740179460057126,0.5916840186765063,0.6820388685962251,0.808859843322864,0.5892964621981945,0.9539351767490692,0.9430762323552311,0.9959244871806778,0.9981659008362826,0.9590566249401262,0.970910965786656,0.9960556027177045,0.9999713231225914,0.9960305464325706,0.9455201699892801,0.9892599673027742,0.9864361944738688,0.9749462040467893,0.9895107292656669,0.9831326285053666,0.8984471378353809,0.9834860575600805,0.9775559687993515
1001.65061855,0.9934703119076831,0.9970588145570889,0.9897569800453259,0.9963071110761549,0.9981436651179627,0.7780345649836624,0.9792611159586233,0.5837949375998809,0.7023210457457254,0.8002631650768594,0.5740714177532572,0.9603002774488787,0.9389685025131571,0.9938068033543477,0.9984464599571681,0.9570592746889447,0.9681382482963676,0.9957387472974634,0.9997551111877468,0.9966784849452061,0.9460876728113502,0.9900182228082809,0.9857827166824079,0.9743500548550067,0.99128350808083,0.9837464142703005,0.8992614682163186,0.9832479923524965,0.9781779498312889
1006.65888632,0.9924262553220281,0.9976481752554417,0.9893289423667686,0.9959135549398317,0.9986647959779991,0.7704507857973006,0.9836251531023134,0.5773884225253856,0.724376073041739,0.7918786204776181,0.559912120778469,0.9660503719923563,0.9349191049818427,0.9915304413415007,0.997905743688376,0.9552408710439404,0.9654987907837028,0.994914423124021,0.999260512286663,0.9963635341856439,0.9472733124327533,0.9910541678377475,0.985536407398429,0.9754155690288497,0.9929585893704309,0.9852477926473322,0.9008625434229657,0.9835489231271127,0.9795360834804079
1011.69608192,0.9915498243687191,0.9981042873793233,0.9893724099228854,0.9957113448368405,0.9987019362403217,0.7639758182480255,0.9868651989880534,0.5722571936588855,0.7475792360634659,0.784100557759993,0.5469846423648471,0.9709398239992046,0.9307817585041577,0.9892500582395957,0.9976281482747031,0.9534743382485056,0.96292491297359,0.9940399294251251,0.9986417693117927,0.9951105811956096,0.948497146328578,0.9922011601054807,0.9848811335698351,0.9780362096214543,0.9942216149936454,0.987152721692346,0.9029948529383021,0.9833661245218747,0.9813596591778645
1016.76241755,0.9913798234064063,0.9984885596090468,0.9893086309979442,0.9956182524663537,0.9988359816066786,0.7592867452204215,0.9895113642533003,0.5682776396052005,0.7716299410520484,0.7768673783056941,0.535234307325827,0.974968187409525,0.9268048828691142,0.986597212798127,0.9978231513566221,0.9513408664478356,0.9604356570958039,0.9935667451485459,0.9983251412198864,0.9943523270239639,0.94971236290259,0.9933582859421485,0.9838543707449664,0.9820046018249067,0.9951898612444359,0.9888926914835422,0.9052185400644507,0.9831776753406319,0.9834851042959605
1021.85810749,0.9912249648539697,0.9986113020238326,0.9886949145870705,0.9956420728905485,0.9992855752036488,0.7550782686331965,0.9913663472135743,0.5655523317828539,0.7963277310504183,0.7699130423249104,0.5240834913209279,0.9781869241362569,0.9228541439276557,0.9836399535965599,0.9982153883764215,0.9489324754118799,0.9585064775495051,0.9929966107360552,0.9982264292107899,0.9938868062925597,0.9513239044483697,0.9939666005965503,0.9829483917028683,0.9865193295373667,0.9961111345757386,0.9903585956846275,0.9080749293435116,0.9833130132484784,0.9855475055977801
1026.97288016,0.991312069557262,0.9985484782998412,0.9873842008577713,0.9958623495170262,0.9992558085625939,0.7507767283148793,0.9927042561892949,0.5638848282649195,0.8205329492619942,0.763124248549048,0.51393013610426,0.980393792438945,0.9190685596763856,0.9803766369250749,0.9985169905276922,0.9462991164258999,0.956813570197529,0.9927695267703113,0.997770813479418,0.9940713113891368,0.9532972825776013,0.9943892949194381,0.9826026798704215,0.9911377056978502,0.9968766833367908,0.9919998800022687,0.9113448546053166,0.983801317913069,0.9876630855539318
1032.10649695,0.9910580887599452,0.9986540424387391,0.986447665012842,0.9959882332688975,0.9991689409631528,0.7470633740715289,0.9929435983268894,0.5635021760009036,0.8446116864139499,0.7560699903826771,0.5053911416122495,0.9820161453545209,0.9153866269831581,0.9769995733149498,0.9989832570113926,0.9440816921192164,0.9543960135083819,0.9926924668933709,0.9965143175489831,0.9943413771623637,0.9553377676349171,0.9953858006465482,0.9826518076170669,0.9944103950813894,0.9976025844453379,0.9939965703654026,0.9152034258427959,0.9844948164899799,0.9898145681494657
1037.25897753,0.9906153898906156,0.9986825114391312,0.9861861710532062,0.995933453491667,0.9995780710687695,0.7439020701684629,0.9930627317297337,0.5644016723568887,0.86841093719614,0.7490786636064586,0.49827964032994077,0.9824267690637378,0.9115176323876951,0.9735235126195398,0.9992277367730842,0.9420332745046115,0.951737430340171,0.992949178548597,0.9949029164533122,0.99460931577954,0.9575463958059708,0.99622477498597,0.9831706943108846,0.9965372152917883,0.9983474929571405,0.9955383293684195,0.9193710281033094,0.9852874291227248,0.9918233064823591
1042.4303413,0.9901030290098563,0.998878387600495,0.986483432669551,0.995881653397395,0.9999037359976121,0.7410017705902885,0.9935030497799088,0.5664780733303395,0.8911546058695402,0.7431613299505594,0.4921151320977276,0.981953878951784,0.9076199603201978,0.9703479144308098,0.9993381572722883,0.9395343482488332,0.949315439743752,0.9932894778854352,0.993580634600254,0.9943190095612731,0.9600166058560883,0.9965435763555456,0.9838323246037698,0.9979314104374951,0.9988571933631422,0.9969939399816095,0.923546123575272,0.9863267480904143,0.9937698200912191
1047.62060737,0.9894175528825868,0.9989876216366255,0.986210143959261,0.9957783844046258,0.9999804251305989,0.7388795060424389,0.9941975654077171,0.5695386482038312,0.9126049906615631,0.7373747807488563,0.4868512039632559,0.9809059535672437,0.9036627979098866,0.9672183369184038,0.9995656822309622,0.9368638510962674,0.9473024400132544,0.9937676884097145,0.9918176212845322,0.993258768046522,0.9624855468296615,0.9971423366554532,0.9839396782133452,0.9987314417841376,0.9992220200323932,0.9979250520010337,0.9280507587984672,0.987576169963842,0.9956138020771788
1052.82979459,0.9890182763569837,0.9989062412990448,0.9855692585732819,0.9955569043282992,1.0,0.737633233047562,0.9939891697207989,0.5737479712900155,0.9321288927445252,0.7316905945618053,0.48263632386215255,0.9789356290094724,0.9001684302273846,0.9639296913338558,0.9996083604658146,0.9337587721502706,0.945071689069886,0.994204079846715,0.9895916795264801,0.9921305168371557,0.9650960696073291,0.9977353986175951,0.9834040450576107,0.9992425741871538,0.9992832480649763,0.9984029358777122,0.932197067153774,0.9890143029864203,0.997070001448622
1058.05208946,0.9885948256321908,0.9990059068690501,0.9856290135681913,0.9955103955334724,0.9998202785773205,0.7367840154334407,0.9937305398607665,0.5793348840726013,0.9493943154540988,0.7264469479256446,0.47943919919988853,0.9774421899247687,0.8968927688168792,0.9598880963143167,0.9997048967386679,0.930927078509007,0.942702005254045,0.9949287889046106,0.9881571586475059,0.9917793860404892,0.9678517661717142,0.9982265903568617,0.9831333663980067,0.9993566439289566,0.9993347417513878,0.9987775209785756,0.9364824934837321,0.9905531218909994,0.9982338680735223
1063.2810895,0.9881985956406254,0.9993888707876635,0.9859959296636248,0.9953736617152742,0.999664323485229,0.7368233516785951,0.9933878734478939,0.5861426947485675,0.964337328155024,0.7220943306035782,0.47762387626828506,0.9762247814931659,0.8935258754795371,0.956259795796914,0.9996370033708246,0.9284995151334529,0.9400771614864539,0.9956983666233148,0.9867427891627061,0.9924683397790575,0.9704621745001994,0.9985073982738315,0.9834147062657541,0.9996421963498139,0.9995107210021071,0.9992278948118969,0.9411425793473059,0.9923591366471566,0.9990916398933003
1068.51675432,0.9879853485851027,0.9996441923904629,0.9860691477017336,0.9953452610329954,0.9997327345769909,0.7378884796003107,0.9930806849947935,0.5939728868137719,0.9766432771476791,0.7179888844149623,0.47685340837004553,0.9747055132095831,0.8899420018066451,0.9534480278551251,0.9992898201927809,0.9264128042804417,0.9371151465372825,0.9963446777422615,0.9850705109646746,0.993490255080431,0.9735868105035651,0.9989501399144036,0.9839357018256227,0.9998620879133538,0.9998038069860681,0.9997060822030035,0.9455314787543283,0.9937463934226312,0.9995708723470103
1073.75904388,0.987918529545022,0.9997195155642208,0.9852025321944677,0.9953325354351673,0.9998166228094112,0.7395706229030161,0.9926670804104103,0.6025154127699497,0.9861381888612406,0.7143285424948802,0.47662592337411164,0.9733806264133044,0.8864234908706742,0.9504744904733092,0.9985991799214168,0.9247751896778621,0.9342315586165696,0.996872314588464,0.9837498057204624,0.9941756366957041,0.9766742802498469,0.9993747682216432,0.9846123461382589,0.9999450862334384,1.0,1.0,0.949527556162776,0.9951291439206954,0.9999480563746928
1079.00791838,0.9884868239729898,0.9996586195080339,0.9840400645307475,0.9952406890827176,0.9998686355661515,0.7415223216584029,0.992247534464972,0.612200696694717,0.9929405342219626,0.7113930640458273,0.47753403800610406,0.9724202073863234,0.8832134741230335,0.9471807700218228,0.9981049226293875,0.9224745336252818,0.9316598855193752,0.9972649982837625,0.9819446020102697,0.9948349687226465,0.9792670188647463,0.9997441878481744,0.9850258736754056,1.0,0.9999196500707467,1.0,0.9539972678910021,0.9965584430776709,1.0
1084.26333836,0.9885089080007767,0.9997823545015653,0.9830218387515809,0.9950305125891409,1.0,0.743727712155261,0.9916248561928924,0.622859968918877,0.997082281460038,0.7091590525443107,0.4795468860284112,0.971799438196155,0.8799738614773307,0.9439245747600681,0.9982924182429824,0.9204338772859447,0.9295968930676668,0.997619210491413,0.9803080910636816,0.9941729894100988,0.9821295631367274,0.9998346791008884,0.9852803546035228,0.9996929334284183,1.0,1.0,0.958413838208192,0.9975505773591173,1.0
1089.52507305,0.9882280836133359,0.9997833688146693,0.9833261187147646,0.9948535461721103,1.0,0.7475645958850186,0.9907371360986373,0.6341662815963048,0.9995504764101882,0.7066286634225803,0.482392945646221,0.9711998423294486,0.8769595641426638,0.9410619729476416,0.9992161373799785,0.9188981906850211,0.9284030255818309,0.9978609927695511,0.9789292052762555,0.9943104497691818,0.9848400348511247,0.9997537830218646,0.985814154009399,0.9993500345555512,1.0,0.9997819668205937,0.9620541567086353,0.9983696461883841,1.0
1094.78823545,0.9877268018461467,0.9997477800385962,0.9838321496281707,0.9946901998944879,1.0,0.7524754193917215,0.9893940806124456,0.6462892618705566,1.0,0.7048289979290391,0.48595552389518276,0.9707504698907804,0.874422779118283,0.9388868326680703,0.9994066301488108,0.9170221237443917,0.9273291425769933,0.9978408876766113,0.9780800375845082,0.9943216564325065,0.9870598547170875,1.0,0.9867957829582169,0.9991505358118893,0.9994826606837526,0.9993663724939357,0.9657252720935581,0.9990530808068605,1.0
1100.05281299,0.9871435927600691,0.9997355476520889,0.9836342843178755,0.9946043972114641,1.0,0.7585222330970616,0.9870525957927297,0.6590806795873873,1.0,0.7038181082285957,0.4899744858020768,0.9708108835298463,0.8717521340920542,0.9367176037079545,0.9994004568401738,0.9155538699385206,0.9264956459040327,0.9979262862718213,0.9772222630386843,0.9937968908284244,0.9893635311216407,0.9999479853938583,0.9877618274247864,0.9990064276566342,0.998766103913033,0.9993492497224007,0.9692293054891571,0.9997390161878666,0.9997985920661101
1105.31879326,0.9867818498306189,0.9998098935618195,0.9834631319266034,0.9945097876138749,0.9999192055101136,0.7654679268668474,0.9845244509243708,0.6721964443025178,1.0,0.7032008279283797,0.4942409708147273,0.9714163089236656,0.869209091912741,0.9342263461840938,0.99931554718399,0.914504659142518,0.9256904074608241,0.9982058196774704,0.9766082461549183,0.9933862365026029,0.9914627374838141,1.0,0.9886911531555224,0.9986921481635607,0.9980110215278677,0.9993918333871982,0.9729995695365014,0.9999117908954684,0.9996217168321323
1110.586164,0.9865687002008658,1.0,0.9831282246177931,0.9942259108306392,0.9998704798891555,0.7728120015201774,0.981914870088438,0.6856483977943539,1.0,0.7027109975365754,0.4985084001346982,0.9722327906911035,0.8665502832307517,0.9321185639920467,0.9993494010907747,0.9136652032354847,0.9249120481192099,0.9988723388246871,0.9761866210676091,0.9927217385268534,0.9935079066900855,0.9997967179833307,0.9897610678012257,0.9986792019016838,0.9973450806082248,0.9992140091794351,0.9762308008293215,1.0,0.9993018405001245
1115.8549131,0.985992678169487,1.0,0.9827950928606078,0.9940546933650237,0.9998100719442128,0.7802679060654062,0.9798472787425612,0.6990422611257783,1.0,0.7026401603887545,0.5031136917405453,0.97305124614104,0.8640531287509431,0.9305805591371477,0.9996556447587274,0.9133159670117813,0.9235575022865896,0.9995823471946882,0.9760119465330612,0.9918863025448408,0.995932926647517,0.9991011713374752,0.9906778992541327,0.9985609730702072,0.996778130687437,0.9987493298352101,0.9792467765650507,1.0,0.9989272117870317
1121.12502863,0.9858574426494651,1.0,0.9822693760961814,0.9938009927011726,0.9993765024983994,0.7875580067694177,0.9775156628688436,0.7128413428318683,1.0,0.702502044170363,0.5081461813368774,0.9739821307918727,0.8614723631737382,0.9298457650838712,0.9997910844534234,0.9127944816108962,0.9225172033583358,1.0,0.9752939233905097,0.9910522042445268,0.9976454582341955,0.9983964480107985,0.991449792324047,0.9989091103845014,0.9968011058149867,0.9985447410541389,0.9819694535690121,1.0,0.9980268647327352
1126.42117712,0.9858474753462945,1.0,0.9813498489692679,0.9933281987276148,0.9988836254085103,0.7951136817762421,0.9747484399166704,0.7266164370339859,1.0,0.7026201539299616,0.5128309431407233,0.9756108538417136,0.8590663850487373,0.9291256145000506,1.0,0.9119320758389157,0.9222747334490001,0.9997840333074854,0.9747326179987366,0.9910785779121267,0.9985184503586846,0.99729461768662,0.9922647651664811,0.9993806131460474,0.996329366415535,0.997847095262463,0.9851574963732153,1.0,0.9969112606420496
1131.75559815,0.9856607821008126,0.9999800132570339,0.9807503809786474,0.9930738192453681,0.9977714908040529,0.8027947337348367,0.9708722537786991,0.7400002498601728,1.0,0.7031516867597689,0.5170628765054851,0.977868188890965,0.856669068333856,0.9281445322672244,0.9997223459333149,0.9108420398004644,0.9216986027170919,0.9988476441248931,0.9746165318903526,0.9915856375098192,0.9994988734016087,0.9950135280290608,0.993226073511956,0.9998928366686536,0.9944751469925585,0.9969506840711546,0.9876371359169523,1.0,0.9954737475532882
1137.12876151,0.9854339024247165,1.0,0.9799053311624568,0.9929391737829694,0.9962732052421804,0.8106982526491728,0.9649839745041043,0.7530802878273358,1.0,0.7042804470337882,0.5211930580839096,0.9808197236983494,0.8541548062883628,0.9271718727201718,0.9996642566099504,0.9103333118510682,0.9212473975860992,0.9978441535147683,0.9745962772934368,0.9909183690543317,0.9999682052299748,0.9913634797692724,0.9938207746910327,1.0,0.9913626382108353,0.9956381154602041,0.9893831116458726,1.0,0.9934930200598517
1142.54114608,0.9853620996392309,0.9999383880012885,0.9790512851099943,0.9928098577556684,0.9942293509582721,0.8190749987641307,0.9556875991329304,0.7660516242623491,1.0,0.7062220337880495,0.5254847492145807,0.9831071383218267,0.8517703617090815,0.9267619953582208,0.9996992680578356,0.9099297154514381,0.9210513639703313,0.9966749385788635,0.9741870696505198,0.9897802397090528,1.0,0.9866259654779991,0.9942193368120071,1.0,0.9875033197732839,0.9938898255815606,0.9912792163481435,0.9995193349635976,0.9903169448427558
1147.99324008,0.9854075189286391,0.9997174951404905,0.9787575331240648,0.992443366061466,0.9920656783777045,0.8280269126743163,0.9402911563508816,0.7786648473573498,1.0,0.7088192970258114,0.5293105390421528,0.9850491047295632,0.8492354767792698,0.9269683777853411,0.9995051060888351,0.9099627466258364,0.9213084736392274,0.9955490603457093,0.9737923512485971,0.9886196029628977,0.999466661690094,0.9811867505545292,0.9947968154222713,1.0,0.982459995731383,0.9911138662642401,0.9931818525197145,0.9980878111579485,0.9858199549508686
1153.48554133,0.984755618192773,0.9997429872731561,0.9786570786653971,0.9922388933666303,0.9909538849575567,0.8375074270852763,0.9195894590658402,0.7906731160748999,1.0,0.7108853091106131,0.5330612277203652,0.9873787175490066,0.8468900371134106,0.9273886836623308,0.9994727392559102,0.9100194064943053,0.9217486323791748,0.9944710668844559,0.9731234674826227,0.9889570884007131,0.9989060734703382,0.9778298256344461,0.9954662128804015,0.9999622254419344,0.9751827264360803,0.987082692543426,0.9946111687139154,0.9961111413778606,0.9801736082043071
1158.99647413,0.9839558001959242,0.9998083726380323,0.9789088982832842,0.9918441741737879,0.9911240934496488,0.8466733821344483,0.9023845113744531,0.8021335852507977,1.0,0.7120164211567684,0.5364906714315281,0.9898806632376076,0.8442690522534658,0.9279272981029879,0.9996959156028753,0.9103403885371625,0.9220751132383975,0.9937144975937927,0.9732606495989892,0.9899664321074976,0.9989632400772902,0.9775031804146375,0.99586317334165,1.0,0.9664531597029684,0.9821965942521226,0.9954919077293923,0.9940006259093217,0.9739542098462342
1164.48107738,0.9838673645790503,0.9998182959119472,0.9793447061580648,0.9916808113958655,0.9920146116253127,0.8554049883947022,0.9011062004585116,0.8132713833442491,1.0,0.7132750582523042,0.5392350028469473,0.9918427183944448,0.8415529200333891,0.9285476168707415,0.9998591559475769,0.9106753240868792,0.9222283444937864,0.9934112871901115,0.9740778495843601,0.990746735539772,0.9996443981760844,0.9798265593006347,0.9965488566501182,0.9999515917545362,0.959960700073042,0.9764429762139722,0.9959208883968582,0.9922023510996039,0.9678778974199992
1169.93996942,0.9841687183985771,0.9998828140842125,0.9791869849491315,0.9915856836163479,0.9928976104035482,0.8648844604049365,0.9137665063408172,0.8239260599903849,1.0,0.7146262825168911,0.5413284549849819,0.9939464298296145,0.8388090025348302,0.9294852210836414,1.0,0.9111549951971779,0.9224133151589732,0.9934468289058599,0.9748138008102193,0.9900749950307289,1.0,0.9827810555512008,0.9972218862703013,1.0,0.9592307747998637,0.9703709846811731,0.9967099420960166,0.9908231054623677,0.9625152862285796
1175.3737451,0.9843358254227049,1.0,0.9787755002245411,0.9913693799197268,0.99379789682954,0.8752605457373108,0.9291674895776137,0.833550907882901,1.0,0.7157453185696603,0.5431966474075735,0.9960529172779624,0.8365770126071644,0.9303870722074963,0.9996872570913511,0.9114924516148667,0.922778815385271,0.9937436216694415,0.9754636694518359,0.9897717823422055,0.9999603471442927,0.9855225786645951,0.9977996591589849,0.9999948760609677,0.9638413495484031,0.9655489911064017,0.9969629956319276,0.9896327961169386,0.9587353125917921
1180.78297699,0.9837316402461949,0.9999441831125305,0.9778639182843145,0.9914196784774554,0.9946034921765678,0.8864281467282937,0.9412036279146491,0.8426542401724992,1.0,0.7159488364842187,0.5449253255712179,0.9981767256923795,0.8345047914155668,0.9313325338237534,0.999807181228072,0.9122495990737978,0.9240448692458976,0.9944472652949962,0.9762748154359767,0.9900414817595613,1.0,0.9877906505841857,0.9987486263218063,1.0,0.9699666943596896,0.9627242151226714,0.9972897375542148,0.9884391124204575,0.956837410489002
1186.16821657,0.9834216720351804,0.9999020554135084,0.9766291415907145,0.991206183297031,0.995106427591994,0.8979075262225279,0.9486261052085665,0.8512020000377665,1.0,0.7166399547534188,0.5464686810269913,0.9997954507664155,0.832270964511405,0.9324249092966896,1.0,0.9139181209948344,0.925945054073886,0.995210453572351,0.977181886160099,0.9907538847663836,1.0,0.9895226539704485,0.9998068605830155,1.0,0.9752399022436148,0.960794866752197,0.9975352300504384,0.9872379445624878,0.9558783728061835
1191.52999524,0.9835337561004047,0.9997715564202636,0.9755363108361447,0.9910501674694014,0.995438596690035,0.9091325161981788,0.9526535564643939,0.859134610659399,1.0,0.7170970206320988,0.5475638982700985,1.0,0.829757992837537,0.933611149264138,1.0,0.9152423434441632,0.9274391934784045,0.9962716544556166,0.9781284088742427,0.9920610035554537,1.0,0.9908185976228909,1.0,1.0,0.9786230243637276,0.9598286162262104,0.998112549403401,0.9861455991299848,0.955240326832092
1196.89576018,0.9835622017275113,0.9995742287083572,0.9748265865354598,0.9909974960348471,0.9959155536211055,0.9193174280439554,0.9560888236501661,0.8669203317914104,1.0,0.7168288994842055,0.5487926207590538,1.0,0.8273650953969445,0.9350869489073315,0.9996423667789819,0.9161692667303333,0.9282484730396281,0.9976813881755154,0.9786313634367918,0.9938622786294,1.0,0.9920833676596166,1.0,0.9995161950213957,0.9808181263345902,0.9596336920550496,0.9987263208715822,0.9842808039900479,0.9548321123196438
1202.26638934,0.9837161493436243,0.9994649758619878,0.9752080342835414,0.9905914520523946,0.9965976994717447,0.928364387361902,0.9611152765948318,0.8742323555942026,1.0,0.7159957406213994,0.5500159306721281,1.0,0.8253058361571254,0.9368607248009351,0.9993356472908528,0.9171289592059073,0.9290066844917004,0.9992085430223607,0.9793356809075242,0.9962941307026885,1.0,0.9931499437244861,0.9997134242134263,0.9988280563686595,0.9824547483927181,0.9596546390421274,0.9991738817422137,0.98242248161021,0.9548140895367546
1207.64185238,0.9833772238203076,0.9995334689624978,0.975324043063438,0.9902205350061604,0.9971118180100058,0.9374924246681087,0.9665100794431856,0.8807044041099255,0.9998607339975892,0.7149178609437513,0.5510592153529338,1.0,0.8235061668164445,0.9389723565033669,0.9986423402242428,0.9184910801077307,0.9303654911547325,0.9996497600870696,0.9807610483836002,0.9988421978624413,1.0,0.9940455372973835,0.9996357425431972,0.9975282036799243,0.9841947967973048,0.9602347251448548,0.9995072782322422,0.9811368545553009,0.9552777873394133
1213.0221192,0.9827744283765412,0.9992207836203666,0.9749411888023506,0.9899952657289507,0.997638700609072,0.9462253060867795,0.970593928500673,0.8866488659790623,1.0,0.7139217508502879,0.5518411514289225,1.0,0.8219402581329357,0.9408431838364899,0.9983571808209166,0.920288702588148,0.9320188974174155,0.9997570067022441,0.9819052318553995,1.0,1.0,0.995288612827403,0.9997487875781343,0.9955732220000469,0.9865723125041644,0.9621789436326533,0.9999957107862663,0.9798195528752968,0.955535764185738
1218.40715994,0.9826589468193812,0.9988883608583213,0.9740831518707066,0.9896897767942773,0.9979988788409886,0.954139545004697,0.9733348090093851,0.8924582970801876,1.0,0.7127569810511081,0.5528442449185004,1.0,0.8202597071289763,0.9425421106082482,0.9974947796223025,0.9215509825157228,0.933510156084696,1.0,0.9827888054592275,1.0,1.0,0.9963364838720717,1.0,0.9927492980097175,0.9889911337661945,0.9649775384830078,1.0,0.9784615624159084,0.9555430243130612
1223.79694502,0.9824700051717143,0.9988720912257135,0.973047998734042,0.9897054560831571,0.9981858499790838,0.9619359040938568,0.9752714938713694,0.897718119967849,1.0,0.710888593406781,0.5539711049683395,1.0,0.8184613556367901,0.9441355041480981,0.9959553381282369,0.9224166294976921,0.9347765228303881,1.0,0.9830829908648956,0.999217187301561,0.9999918738654451,0.9973425304490804,0.9998569447676297,0.9889218899187666,0.9912052078684096,0.9669654748258389,1.0,0.9770921181810795,0.956016976447989
1229.190873,0.9822079411738336,0.9990442206581541,0.9723685692827551,0.9898372112638067,0.9983119968410356,0.968853561873402,0.9762486860277999,0.9030342886130106,1.0,0.7087673331424021,0.5553457969501514,0.9999714524960766,0.8168644819172772,0.9459146526455564,0.9939464470933536,0.923744920133918,0.936163676077057,1.0,0.9830275460273495,0.9985321550346152,1.0,0.9980978755226281,0.9994360948900756,0.9851259290403284,0.993009155591157,0.9684789774503185,1.0,0.9758035534087469,0.9566709115696072
1234.58829679,0.9820326869675653,0.9993400989998044,0.9715592794975665,0.98979000696058,0.99835612868418,0.9741132283142951,0.9765781293498651,0.9080101593313931,1.0,0.7072208048615013,0.5567544124967321,1.0,0.8154697609435578,0.9475963474415391,0.9921683651062411,0.9250466147827455,0.9376742676725696,1.0,0.9834799675138156,0.9991802022218337,1.0,0.9987938503090649,0.9996158483323685,0.9818257517485134,0.9944736726695993,0.9706785932908387,0.9999659956689917,0.9747452560415635,0.9574964454490584
1239.98919257,0.9821278864570193,0.9995268341538573,0.9711301798595688,0.9896592950449068,0.9984846685801327,0.9784791117935732,0.9774465598739491,0.9126392812955629,1.0,0.7063469833190237,0.5581419580788863,1.0,0.8138819020182961,0.9494436386169288,0.9909644304532136,0.9262218050373939,0.9395994326363155,1.0,0.9845023503277704,0.9999079727959638,1.0,0.9990705657550905,0.9999840592968275,0.9788593922518652,0.9963001785372426,0.9738378536623115,0.999988251155492,0.9737124736004465,0.9585203638952035
1245.39353673,0.9821742344097372,0.9998297151175052,0.9710850418482672,0.9894383483811046,0.9984582834083623,0.9822665703224284,0.9787776780237594,0.9174467318520834,1.0,0.7049764815287898,0.5596110715243056,1.0,0.8124270183366553,0.9508947256577973,0.9908208722398033,0.9278258171979993,0.9412329934443158,0.9998448104189123,0.985724371448638,0.9996517805880574,1.0,0.9993937321773906,1.0,0.9754901055949119,0.9977608930551376,0.9769205743692775,0.999999072634754,0.9730743706994518,0.9596076303852361
1250.80130588,0.9819271378939545,0.9998135047766793,0.9714318418788316,0.9891018417889306,0.9987689472090973,0.9856338554286249,0.9799851492049967,0.9221960055794501,0.9998004548009268,0.703280503380824,0.5613720207026313,1.0,0.8111782911518983,0.9520408637390368,0.9913655168541126,0.9292345330227405,0.9424355102977298,0.9992520334823238,0.9874429677878381,0.9990936615147497,0.9999605549000501,0.9999159750793728,0.9998597958264417,0.9710797724268402,0.9989225939384768,0.9794646772082967,1.0,0.9719927693825116,0.960833267484242
1256.21247686,0.9819700385331932,0.9998297513924088,0.971832608802812,0.9886461603785303,0.9991661243497103,0.9884017280774103,0.9804994808307689,0.9265579065218829,0.9998351351062947,0.701532882116278,0.5634963063921354,1.0,0.8100113282867671,0.9532893895670147,0.9918018069173509,0.930575626466267,0.9437024340209271,0.9985221888877459,0.9885965993562073,0.998851556776019,1.0,1.0,0.9985143125768643,0.9644894257900631,0.9998440721195605,0.9817805894474573,1.0,0.9714996119663368,0.9619016816277713
1261.62708732,0.9816526837758955,0.9999762642872857,0.9721352824578532,0.9878577853689653,0.9995542071955702,0.9903218303631519,0.9805468385069499,0.9305340427064543,0.9995897486403833,0.6998763854253193,0.565831762967152,1.0,0.8088957876786197,0.95489695914237,0.9915746172855454,0.9316596176683953,0.9455255076437881,0.9980143779388132,0.9893757525800106,0.9988582967460127,1.0,0.9997016474515079,0.9961366344410705,0.9569004169092098,1.0,0.9836318322725721,0.9998690874484921,0.9711630838751865,0.9631164293200765
1267.05580532,0.9812068334676051,1.0,0.9719849136199155,0.9869316374788732,0.9998686503855746,0.9907740259022624,0.9805359302551279,0.934328448388425,0.998909692712727,0.6980995340803184,0.5681898776094428,1.0,0.8077622096900574,0.956500411671983,0.9906196515523557,0.9329725852571952,0.9473017207215473,0.9973401894635234,0.9893841237926873,0.9977758504740843,0.9999029947363105,0.9988395874383055,0.9919108021796875,0.9529673907864288,0.9997934086449615,0.984717588978904,1.0,0.971623167307256,0.9641044832232506
1272.49861965,0.9807787551268718,0.9999164293963745,0.9713880829802287,0.9857837195622678,1.0,0.9906199789644013,0.9801823534390196,0.9379461651296133,0.9979566517958042,0.69600130087689,0.5707819111097173,1.0,0.8068209604677987,0.9582556455534045,0.9886373139973855,0.934325703841862,0.9490337487036724,0.9960239523562407,0.9901023495874043,0.9967278849871016,0.9999023758973389,0.997673446297948,0.9868462662226697,0.9567361685032718,0.9997099206848823,0.9856794928685981,0.9999324894186037,0.972026751844667,0.9649850183521606
1277.95551888,0.980308866001731,0.9996579169388948,0.9706212089696472,0.984393827113405,0.9999005410765628,0.990446040690262,0.9790556180868244,0.9413408477209158,0.996566119037765,0.6942882280865428,0.5737512325797437,1.0,0.8061597005554629,0.9599204536230469,0.986316539559928,0.9355028479107369,0.9508154399974564,0.9943547672472162,0.9903490994975526,0.9963300383452567,0.9995811693676675,0.9967004173163898,0.9845259998271897,0.9662717716905675,0.9995878216233997,0.9863152216239495,1.0,0.972207876683334,0.9657797370780564
1283.42649147,0.9799972420551059,0.999632239021898,0.9699179090110572,0.9828875414876092,1.0,0.989816180272848,0.976942197614193,0.9447556544375916,0.994792926304646,0.6928861704300858,0.5769543733323732,1.0,0.8056851625450472,0.9616892591152045,0.9835636174061491,0.9372014058920087,0.9525185545896573,0.9941738811518391,0.990960266611097,0.995261006464667,0.9990681352185737,0.9966139383285724,0.9866749259330572,0.9777873449996345,0.9992452260969803,0.9868282419942779,1.0,0.9726570864667045,0.9664945281719682
1288.9115257,0.9801059829270486,0.9999425757015041,0.9690543634315524,0.9818684882317373,1.0,0.9887526968058469,0.974029116674677,0.9483906032072243,0.9930587778978337,0.6917630605510813,0.5803849742242678,1.0,0.8056198809476525,0.9632405222372855,0.9802109611564593,0.93887367786535,0.9536043985072855,0.9963955563303522,0.992322448632479,0.9938163613875971,0.9985853269559888,0.9963352505794264,0.9890566441569876,0.9883582128424866,0.998246739035387,0.9872676998872205,0.9998173200855771,0.9731572972430207,0.9669880662242282
1294.41060969,0.9800728849532858,1.0,0.9683213639386024,0.9814788625643458,1.0,0.9876057547189442,0.9704770147333862,0.9516730284279896,0.9912550331380144,0.6904147323332496,0.5844179849649181,1.0,0.8055910919663779,0.9648465322131421,0.975792540029908,0.9399940259135543,0.9547217383200206,0.9988647804291639,0.9940336595246095,0.9926561895851108,0.9978852378953225,0.9944232874767075,0.9885379230187656,0.9954208751213551,0.996949072784281,0.987222096287931,0.9997900727413926,0.9734514996259377,0.9671567363676868
1299.91690127,0.9798463930681581,0.999879507085373,0.9675244726179465,0.981288415682328,0.999815706873335,0.9857478149344688,0.9669488445140875,0.9547329198074278,0.9887467941644943,0.688779939645173,0.5889085124688562,1.0,0.8056913238855617,0.9667419250682391,0.9713507941827645,0.9414595149150298,0.9559472521038669,0.999932519071415,0.9952616126384087,0.9911226908722387,0.9971857057853963,0.9926320178534566,0.9881687154873965,0.9989914253347818,0.9951741404477051,0.9867906007488016,0.999725050867071,0.9737142437406312,0.9672428436698282
1305.42577023,0.9792352382120574,0.9997298596821848,0.9673027443593297,0.9811156688813167,0.9991718447215214,0.9831828888711518,0.9633304390414591,0.9578861985841606,0.9861185692933263,0.687631317129328,0.5932596582350079,1.0,0.805921422267097,0.9684352080037705,0.9676091788499687,0.9433262614218392,0.9575682594231697,1.0,0.9957680027914485,0.9905953619346612,0.9962850462564787,0.9908498213760285,0.989060381232233,1.0,0.9925348684936756,0.9856201859700587,1.0,0.9738380164077427,0.9669297378035766
1310.93719838,0.9787081835316377,0.9999431853062065,0.9667658412728152,0.9812113488859422,0.9981071977732465,0.9801739219940019,0.9586015019232695,0.9609052379697833,0.9833071572747772,0.6872476518209727,0.597769691941764,1.0,0.8063220508391842,0.97013998382676,0.9643469442542905,0.9447968939164234,0.9591164258191527,1.0,0.9960488149341721,0.9902013395904831,0.9951043056682314,0.9880305003744153,0.9894213783596941,0.998970358436915,0.9891887677685719,0.984197780331844,1.0,0.973792631403171,0.9662515673176245
1316.45116775,0.9787102560521795,1.0,0.966123529178371,0.9811583461749454,0.9961688151525023,0.9774766960751272,0.9522021582054058,0.9639500109132764,0.9797574992546555,0.6865069461199712,0.6027025555597331,0.999943829528044,0.8068628002765506,0.9720037732833173,0.961683284513041,0.9457589700581609,0.9605303125876834,0.9995991247656083,0.9969835118560345,0.9886748338953764,0.9934993504317169,0.9836558560854625,0.9883713195387175,0.9952799930214989,0.9848703846188971,0.9821466551733951,1.0,0.9733694555902074,0.9655877694676648
1321.96766053,0.9785463765540928,1.0,0.9657584870104423,0.9811359550163906,0.9935827867730406,0.9753855401826738,0.9430977609305352,0.9666633681144304,0.9758095105360821,0.6857850369388435,0.6077462461799739,1.0,0.807420558372066,0.9735472656258028,0.9587911354545741,0.9470666269423573,0.9617053142043337,0.998927633544594,0.9980720229116807,0.9873279708768602,0.9914948746233518,0.9783186990099687,0.9873286783711441,0.9909371990647435,0.9791488307546099,0.9791086871434899,0.9998748510574422,0.9724021267125712,0.9645357327125933
1327.4866591,0.9780822631896489,0.9998430614584053,0.9652015521618315,0.9807692191330107,0.9904484523801054,0.9734639089237912,0.9308922747028675,0.9692295196765021,0.9712010674448728,0.6852817301459739,0.612981309282988,1.0,0.8078294320708995,0.9749970515028347,0.9560937029003238,0.9486607361377174,0.9626921373126567,0.9980485795255123,0.9984427102216117,0.9863711405382188,0.9896630831718783,0.9723310918992681,0.986938915441328,0.9870121458162602,0.9714929596707926,0.9751720497604429,0.9999701804787161,0.9708066690852758,0.9632560833198278
1333.01349556,0.9774944397141521,0.9995286679788183,0.9647888533769257,0.9804778357530477,0.9866996988381451,0.9706686721999306,0.9161274183509963,0.9717188076571558,0.9665441770305705,0.6856221481501784,0.6190737192159248,1.0,0.8081664747798264,0.9764896150980981,0.9535524857885275,0.950287569211118,0.9638232045201027,0.9959746432247635,0.9983285074860271,0.9856859036463302,0.9878870563908887,0.9663842889423131,0.9863451153111286,0.9812081716569406,0.962299715789418,0.9706832790010897,1.0,0.9681688854156848,0.9618172492821038
1338.5688161,0.9768111433861395,0.9994860343970364,0.9642976565709691,0.9803398654906404,0.9822800870352845,0.9675929656096349,0.9008646383149258,0.9742319482413176,0.9614593315707193,0.6866941319419321,0.6254431608127309,0.9997441964824865,0.808708164556564,0.9778295012373834,0.9504229480938104,0.9512521494105574,0.9650465646425312,0.9927909731431934,0.9977878828305944,0.9848241327611607,0.9862037847346451,0.9602830021595495,0.9850311659901785,0.9766823692097683,0.9536457822356758,0.9653649415864757,1.0,0.9643741522718342,0.9602550374608076
1344.15282419,0.9761018464153575,0.9988840969763422,0.9634845008865048,0.979826279476261,0.9776535826984475,0.9649118584114936,0.8872196805726122,0.9762010916663427,0.9554628968330409,0.6871746683703959,0.6318912699486268,0.9997069683402685,0.8095301288742971,0.9789345643140657,0.9456953251179512,0.9513349578059512,0.9658797105830422,0.9874147237767623,0.9967196717864979,0.9837969635209642,0.9844714346154323,0.9537512635134847,0.9829486738647552,0.9758452188821113,0.9475639852139941,0.9597372281170722,0.999889283011806,0.9595851200483312,0.9587343600794141
1349.76572543,0.9747529443004598,0.9981467736685667,0.9628064005690616,0.9792059715021967,0.972802026796188,0.9630695663293488,0.8754786210115296,0.9778689036808415,0.9484880261767036,0.6874634867038532,0.6380063665022899,0.999741798438973,0.8104177363936577,0.979104550706453,0.9383092480414397,0.9513515700331582,0.9664236751366417,0.9787929736405986,0.9950530282449623,0.9820380713585991,0.9825676391071246,0.9463005561946299,0.9799825856002093,0.9765161302982874,0.9447013615990739,0.9536579351003237,0.9994748676916744,0.9541472157239005,0.9568979552296644
1355.4077275,0.9731276472653648,0.9972187596421757,0.9617622929058272,0.9787878846594709,0.9668022556672485,0.961807535051666,0.8657338758422326,0.9791797322600955,0.9411748286954706,0.6880715313716125,0.6444303000948939,0.999542829817895,0.8113965219791813,0.9787371129986762,0.9288810334985325,0.9517212398188885,0.966816843364957,0.9680651182968556,0.992197988007868,0.9800532327906616,0.9806740016657299,0.9378767472680556,0.9757727931131277,0.9776801699296553,0.9428893077064052,0.9472173332805768,0.9992737355066178,0.9487343741667948,0.9550182667420468
1361.07904029,0.9718728212828,0.9958521220653191,0.9614541494628354,0.9779248818368518,0.9581229436217984,0.9604189108843719,0.8582289269028962,0.9803385611633371,0.934416212030617,0.6899837938638156,0.6513112234687894,0.9994125271547749,0.8124627024908493,0.9786220709381989,0.9212790426052415,0.9529596871390553,0.9661978349975217,0.958871080887776,0.988102499964951,0.975807702728353,0.9775362045229574,0.9288688418762096,0.9692937696414039,0.9801262737325223,0.940265106673065,0.9413570241739951,0.9994794738089106,0.9437645405827869,0.9528620011861566
1366.77987583,0.9716488644215424,0.994224746310676,0.9609906559554399,0.976784543883663,0.9453499327960035,0.9584189102657219,0.8513615119687916,0.9825055152886413,0.9273379238995462,0.6924760607440791,0.6589193308657141,0.9981617324391303,0.8138627444855585,0.9780768915387379,0.9142316331619497,0.9541127295003573,0.9651078220944952,0.9481784688869535,0.9835712630805649,0.9697419383181058,0.9726435843387488,0.9173377203293592,0.9596276581484723,0.983541781201231,0.9350209316257045,0.9360545137003381,0.9999421579166458,0.9389647525245337,0.9505926614440334
1372.46681289,0.9717712902101754,0.9923741145519203,0.9602440930237921,0.9760841529649429,0.9296814775762189,0.9558379692416458,0.8435094861056643,0.9845485281952,0.9195632114322928,0.6953917838156771,0.6666513579652168,0.9960920129006062,0.815851906580969,0.9766495751609632,0.9036060919098295,0.9543622755415908,0.9617877922587079,0.925019935318476,0.9756834577320699,0.9638663966515303,0.9663277166982306,0.8992157548711486,0.9423512517999971,0.9847167019183132,0.9262965282617664,0.9310692287869525,1.0,0.9337232271866104,0.947753451509202
1378.13342967,0.9717210920719959,0.9897880757676746,0.959719485430494,0.9756928600543683,0.9123376419053326,0.9522412537536522,0.8320912316528247,0.986169290204527,0.911333860222774,0.698074253225138,0.6743371349628139,0.9927071383299381,0.8174978302131816,0.9726060772490603,0.8875332310244982,0.9536314206516266,0.9570022200339908,0.8805925259988416,0.9565755004848575,0.9564037290816277,0.9587881038125469,0.8690969947769751,0.9061717830775378,0.9826648770015695,0.9133211496451425,0.9264057279631691,0.9996092590870514,0.927301673314058,0.9441228566182956
1383.78010777,0.9714662321696872,0.9855887483353529,0.9588721869101383,0.974474199599521,0.8918162477511219,0.949398493480458,0.8155500084722974,0.9877096610899685,0.9021630493673923,0.7014579507465261,0.6819779670683805,0.9899376182000453,0.8189128277342157,0.9623237307311537,0.8683090968324684,0.9532264825733798,0.9494666883757065,0.8389152989731776,0.930209168068717,0.9433754705529797,0.9469788994652776,0.8200658265885312,0.8354641405622969,0.9778744229589941,0.8959340207712567,0.9222874441579365,1.0,0.9187850894793572,0.9394351261148328
1389.40721715,0.971276538377915,0.9816835605106123,0.9571543797600541,0.9737583261861412,0.8682921278849935,0.9475452100593925,0.7938163388556887,0.9894251539536001,0.8905186029978815,0.7040448795996825,0.6894127155181466,0.9889024698236105,0.8205730196230335,0.9483560125091559,0.8496265964791714,0.9505411829412798,0.936219091900323,0.8204082721525053,0.9133124420670693,0.9277846874390876,0.9297246066528666,0.7666301657006835,0.750193195745953,0.970559268765754,0.876898142461595,0.9183172202783073,1.0,0.9078907198090925,0.9334632715264584
1395.0151167,0.9708603654146367,0.9781279952702903,0.9558174327502678,0.9733402313964856,0.8424605123150763,0.9460793058274202,0.7664250301458546,0.9906917538574347,0.8786646197925003,0.7059190315357544,0.6966560071199313,0.9882737508120736,0.8219946855452869,0.9471061429802732,0.83594878506379,0.9443947973914193,0.9123491067322441,0.8265312823508286,0.9127610828557252,0.9105372090272303,0.9079317825627945,0.7528830377895175,0.7351497544102912,0.9600580297225744,0.8605594110386768,0.9126177996222304,0.9997908120929628,0.894576263848125,0.9254387243879736
1400.60415467,0.9709676731380585,0.974184519897872,0.954223267568507,0.9721443799591104,0.8176304558082972,0.944907001806427,0.7314978697548451,0.9920271274191773,0.8705253737265045,0.7081838017231313,0.7047125647324526,0.9875405533950631,0.8237710682101026,0.955313903799698,0.8322653623217696,0.9378366814414709,0.8738184009778438,0.846712940744891,0.9260548406591549,0.8908604237922245,0.882344397116008,0.7563670153940832,0.8046931416077475,0.9447265098939375,0.8459903651323581,0.9036875303507145,0.9994856702862583,0.8778031722337062,0.9154780021996841
1406.19775036,0.9711022347258809,0.9696603639507716,0.9529916741117782,0.9704925690051398,0.7990466688470663,0.944088391996426,0.686559276000607,0.9936276682250831,0.864675604926408,0.71177229668013,0.7135714781847142,0.9862025427049714,0.8255771251742609,0.9614895986305116,0.8315378880687527,0.9322359612419872,0.8319451001116606,0.8639528341999061,0.9422139099097785,0.8719441657014215,0.8577839430040372,0.7498106509933694,0.8689095163366427,0.9227288819632752,0.8288263745760929,0.8912767783905197,1.0,0.8580415034838506,0.9037303274764831
1411.81328293,0.970823460935641,0.9659291495777713,0.9526061132954399,0.9690030685462896,0.7897880385188162,0.942412737483827,0.6347710154847013,0.9954059936537564,0.8577869471175972,0.7160380762972968,0.722197358357402,0.9855453050043089,0.8277876328272353,0.9647036335215013,0.8247951990950718,0.9283580771370473,0.8185477246135061,0.8748911686335751,0.9558333048287653,0.8607514922125296,0.838855542133754,0.7421513832130838,0.9000546878799194,0.8915886876517196,0.8077369640633081,0.875645946631212,1.0,0.8363167853265915,0.8905770739410745
1417.45083527,0.970838504380814,0.962968247608523,0.9517463996631502,0.9673343981665502,0.7884133157972147,0.939638411595369,0.5892909727415823,0.9963216309932045,0.8495152086949016,0.720141942151263,0.7307342037335118,0.985858661373156,0.8299356156387885,0.967216578735744,0.8344370609014087,0.9279848166188618,0.8457539698695055,0.8801853934987565,0.9661269465800215,0.8624416510031174,0.8273528497544582,0.7423154619784755,0.9136080058502066,0.8451951380851687,0.786651027068582,0.856954944667325,1.0,0.814452703603128,0.8777092199223274
1423.11049053,0.9715083578072029,0.9602487499676823,0.9508028922180753,0.9652693554919805,0.791749725160028,0.9370595084308526,0.5665093365697303,0.9969220071749944,0.8409725551862667,0.7241665650862839,0.739326738287645,0.9861022154795525,0.8318003712693964,0.9685512346196544,0.8727568688179876,0.9323168405047655,0.8864109386189684,0.8827315968542023,0.973214288694129,0.8752545501387556,0.8222268433709432,0.7503288740053179,0.9211950012871991,0.786809323784661,0.7708884694861878,0.8369267367834851,0.9997732323700733,0.7939164707765803,0.8663994466609761
1428.79233216,0.9718521161820504,0.9578341566369801,0.9498708024798043,0.9628089164091375,0.7969986025354778,0.9344196591583996,0.5740592330486127,0.997674421643576,0.832010090211763,0.728470137144563,0.7479566093526991,0.9857169436050124,0.833857364680198,0.9686531830356319,0.9061194561137095,0.9393028618562886,0.9167016158727913,0.8850774911390579,0.978515208248576,0.8909591586075236,0.8211869459337794,0.7623652353733633,0.9268371868356123,0.7603998969346176,0.7652207401349778,0.8170484672706327,0.9991977518055137,0.7758827995577809,0.8572227548836616
1434.4964439,0.971709114622086,0.9556930112890437,0.9482726737845903,0.9600331582397046,0.802850947554811,0.931757824883716,0.6038566105884149,0.9982443598917319,0.8224158335944224,0.7331481028745832,0.7570070061149615,0.9849863877393317,0.8358364225427125,0.9686634938153762,0.9274289423968816,0.9463357189494566,0.9342350170750802,0.8875326474550281,0.9827676859946262,0.904709427764708,0.8261044803696368,0.7751640531995823,0.9315634071659431,0.7754012406914671,0.7701675215966921,0.7954397287471204,0.9978597794848962,0.7601102004560983,0.8512891384842524
1440.21938683,0.9715956966864373,0.9535196996902306,0.9469620347510087,0.9581512347073772,0.8084627435838495,0.9292649448891969,0.6419646674453738,0.9989444757320477,0.8119250344658506,0.7379463268113308,0.7658110445760485,0.9854390420812371,0.8376421951779169,0.9692926581974737,0.9402518827469907,0.9513996270437424,0.9451758085656289,0.8904205023099564,0.9864365138945906,0.9155869072562521,0.8396513625591117,0.7866891010310048,0.9362576642819695,0.7966160288548768,0.7826494800371733,0.771303637129377,0.9950206944013832,0.7463041739774925,0.8483699908441226
1445.9515979,0.9714328441562259,0.9514979216362435,0.9459528381554271,0.9560916773680991,0.813478614522342,0.9261228851838013,0.6776287443317842,0.9992446524301491,0.8010858494972446,0.7429854926866569,0.7741458316054891,0.9854024587463414,0.8396489578231673,0.9703500162803002,0.9476963552726645,0.9548710750201279,0.9527978818184204,0.8934008990019205,0.9893788778382435,0.922813474360582,0.8588537177210994,0.7959794899319822,0.9414442711040574,0.7994777202018011,0.7983175804804044,0.7534645446832595,0.9907158356106833,0.7339463606430319,0.8486008708692317
1451.69304835,0.9711806819849488,0.9496032596329449,0.945468715841047,0.952163171062729,0.8175723762004838,0.9229280929442109,0.7043395826827289,0.9998268449579061,0.7903056699581341,0.7477632405884501,0.7823895875985308,0.98483056948934,0.8415724665620352,0.9725090869917398,0.9527050245264255,0.9576660720528142,0.9578823143057699,0.8964454698660157,0.9917278071872297,0.9266991636003947,0.8746608505550841,0.8029175400717872,0.946068973841574,0.786852897217296,0.8151824778100322,0.7525043762687611,0.9836034699186835,0.7229519633699577,0.8508883174521302
1457.44370948,0.9709975043157107,0.9480484877537598,0.9449024314613058,0.9466122939138282,0.8212418056008205,0.9196438653803173,0.7186917534931374,1.0,0.7794249040269248,0.7530172964037104,0.7906895678744786,0.9851203271798301,0.843512032075394,0.9746631722537599,0.9571267221287653,0.9602293722316277,0.9609258905840513,0.8992268347285335,0.9932005644217521,0.928597559082732,0.8841920026238342,0.8078419351199446,0.9495267087783741,0.7698106884472905,0.8300837664038764,0.7634538186086274,0.9726325955341686,0.7133350854964242,0.8539954863432214
1463.20355265,0.9707252695008114,0.946851044546562,0.9447344739534692,0.9378250944110871,0.8263198518199903,0.9163943023888446,0.72392867058619,0.9999723471032927,0.7680122803398682,0.7584201300921481,0.7990209575267334,0.9860698507218743,0.8451971208722102,0.976522456999727,0.9604456269345734,0.9620336298637778,0.963142571958866,0.9022181007113034,0.9943509676806186,0.9311432748196086,0.8902030283808431,0.8128412776431132,0.9518673412781489,0.7528033923112515,0.8397156730952392,0.7745228913123406,0.9576898273580184,0.7048348224668859,0.8574843339918875
1468.97254925,0.9707544036247276,0.9457745657350765,0.9449255548353147,0.9238381417954254,0.8337571455736703,0.9128461694057124,0.7340364467215102,0.9999952161365699,0.7567632217864487,0.7633795784164406,0.8077347243595561,0.9863666773742157,0.8468963354710978,0.9782863799018883,0.9630573432647728,0.9637662058584389,0.9651407304416447,0.9053789816529483,0.9948864802333081,0.9345292338986247,0.8963397311725362,0.8206260744317303,0.9539035312228029,0.7267342676959624,0.8439268993157416,0.7822343337452029,0.941023434140784,0.6974613796238086,0.8610997185939012
1474.75040717,0.9711827878078892,0.9447502258223011,0.9451820539335637,0.9061971769821455,0.8428934860723221,0.9081438667847492,0.7586453540558793,0.9999203971848347,0.7455831938555886,0.7687921855664286,0.8165265353401058,0.9868677399545547,0.8487393752559164,0.9794656176090509,0.9658800966699458,0.9656842128873827,0.9672995993824748,0.9089421388180862,0.9954347422211863,0.9397416877371042,0.9031685317314037,0.8316051608995857,0.9563932236634747,0.6945087298325541,0.846665119503855,0.7868595700127626,0.9271354655316251,0.6917267321773024,0.8652052833477555
1480.53455271,0.9709187449459573,0.9439635429204044,0.9456134834579585,0.8984520182098666,0.8524588374624069,0.9025862940154475,0.7894613186509281,1.0,0.7341151491976744,0.774186430143921,0.8250545822052038,0.987584734561334,0.8507686161540495,0.9806378614873417,0.9681755189672675,0.9674258745853526,0.9689732764919025,0.9129539953851401,0.996783540193787,0.9447277096984587,0.9101152969793875,0.8437363280018743,0.959035072165459,0.7023363120647781,0.8543295274555233,0.7887269788216402,0.9235955406721023,0.6875113090318699,0.8702498759898771
1486.32495713,0.9705491061313617,0.9431573548191465,0.946581763826245,0.9097627439830424,0.8619808176411141,0.8970853120944776,0.8177273468501508,0.9997094438393742,0.7226352743723231,0.7797779065199468,0.8334396272458939,0.988758771256063,0.8529785290910393,0.9811467039656961,0.9700196257689848,0.968550497554937,0.9700056353860681,0.9169129477046787,0.9978772352019264,0.9486530042894443,0.9162291660801298,0.8550241356166959,0.9616229292343608,0.758849111759727,0.8664383993002301,0.7883229561783246,0.9343161470078022,0.684134519220971,0.8756119466797064
1492.12159183,0.9707102834131033,0.9425558967100733,0.9470079656161129,0.9291650397147616,0.8712276184280091,0.8905784770250962,0.8418550326487473,0.9996967505974468,0.7112615965082858,0.7856554499530785,0.8415385337658124,0.9893545533308195,0.8550240737993233,0.9813303179206614,0.971298762840102,0.9697050569264993,0.9704127904976965,0.9208465392838064,0.9986502307704228,0.9521911378402039,0.921640535005232,0.8651247583647389,0.9629650805205389,0.8092971713993035,0.8785832160892801,0.7894058123609625,0.9497411188401589,0.6806137595609703,0.881472092188752
1497.92442836,0.9707772726861147,0.9422371074451145,0.9468326652988434,0.943562324950167,0.8801688477422066,0.8827163186629954,0.8616245673957033,0.9999157523576266,0.699911698216763,0.7919337265957324,0.8492648846489554,0.9885324028665224,0.8565314501110511,0.9813079781717386,0.9720436733146882,0.9710041415439172,0.9699848685273952,0.9250202034262871,0.9991162534297776,0.9550287741757386,0.9262477450552302,0.8742863357874967,0.9639298231697462,0.8419438210404742,0.8900557833486639,0.7968658098266762,0.9593096202493795,0.6768312661918159,0.8873261348034359
1503.73343845,0.9706889826221508,0.9417683027764003,0.9468346073812325,0.95158818925604,0.888548989382467,0.8738915552846914,0.8772870139719844,1.0,0.6882522737529152,0.7982116677932977,0.8564945583235727,0.9876191831373543,0.858100417218712,0.9805990150637297,0.9734822288538805,0.9720391589073013,0.968915548476531,0.9292058068757831,0.9994297949878376,0.9575533501067087,0.9304571664796194,0.8824703487365804,0.9647280547752495,0.8682111319131163,0.9009398580546427,0.8091189251188311,0.9633124709223697,0.6724884096588593,0.8929102095372704
1509.54899004,0.970496145097984,0.9415469017547136,0.9468166937522247,0.9564090480417985,0.8963335094444601,0.8647168592163094,0.890500796171143,1.0,0.6767141508945947,0.8042910752370753,0.8634523636431375,0.9871694876564129,0.8599133980403164,0.979979708699958,0.9754641330862226,0.973299066511357,0.9685345805212923,0.93374428010931,0.9997595484421918,0.9602067627164274,0.9340279924881634,0.8899245246635991,0.9649883919237747,0.893196521116721,0.9104493899387138,0.8204291032291501,0.964938930114482,0.6674205499067303,0.8982320350647508
1515.38336105,0.9702565984883106,0.9416882879276666,0.9466501071385022,0.9597461932442942,0.9037778751171691,0.855523394646294,0.9021836130166327,0.999979587100309,0.6653719852401175,0.8107985268118721,0.8705764219744435,0.9877224035002997,0.8613377219698309,0.9799786854660805,0.9767686269836753,0.9741975240721152,0.9676058504036379,0.93856153594355,1.0,0.9617042886159471,0.9373285297461176,0.8967604766809234,0.9650455026445595,0.9135767343434128,0.9175125004775792,0.8276865192934917,0.9644042917970818,0.6619132093467655,0.9031053591797604
1521.23658861,0.9700808542835491,0.9421685924694878,0.9462924956602372,0.9621832672891727,0.9106533396928277,0.8461415393061756,0.9131359710594742,1.0,0.6537827849674639,0.8171357064103884,0.8772867732502746,0.9881823822494751,0.8630094709878633,0.9795018195770057,0.9775820594548481,0.9747126300056006,0.9664919413599098,0.9433283327572182,0.9997809620232232,0.9634025755778209,0.94016955180306,0.9030660538658901,0.9646149495453693,0.9283498004825284,0.9225209586455041,0.8309895299154668,0.96246383352824,0.6556653292297215,0.9074807197597579
1527.10870977,0.9698044414736695,0.942597769157068,0.9466379159984067,0.9638297035276153,0.9172353220528376,0.8363649394196611,0.9228406942206593,0.99979143299098,0.6425015854599837,0.82319728706877,0.8840049737947098,0.9883019075394386,0.86467367468648,0.9790695174951789,0.9783731779551093,0.9747850085897368,0.9648886177910381,0.9480862366941036,0.99946192650118,0.9650811618297487,0.9426743452964844,0.9090420108758412,0.9630971892394322,0.9390792204014932,0.9256913997457072,0.8316258354272207,0.9604049124066543,0.6489933391658829,0.9113734925550787
1532.99976154,0.9695747213572377,0.943209236611732,0.9474085217828386,0.9649791472080259,0.9232685141255244,0.8267312107081207,0.9311470746787376,0.999466160170016,0.6311171597911732,0.8296048854580551,0.8906301878065717,0.9880755981348545,0.8659264234012815,0.9786162414510148,0.979493133346942,0.9753650000846164,0.9632698422147081,0.9523589260298821,0.9991690339620813,0.9661508089814481,0.9446310021124809,0.9148076797597087,0.9611093438428946,0.9470970433726917,0.9280003220673455,0.8316820854386235,0.9582900718281786,0.6421228931254992,0.9150398055818578
1538.90978084,0.9694024176221875,0.9439910862827395,0.9479612771483021,0.9654284826646986,0.9290087932701513,0.8188179138909938,0.9379402730206923,0.9991955577154371,0.6197319899225889,0.8359159076367317,0.8969188123100238,0.9884890317123878,0.8671213044567819,0.9784236731270289,0.9803621106272098,0.9767949904000399,0.9623027833443235,0.9562097316362161,0.9988597087450739,0.9674549947134768,0.9467295906622125,0.920374907012983,0.9605358146852364,0.9542597759439814,0.931290402313131,0.833937766023385,0.9567366250762315,0.6353301262938161,0.9183904662493914
1544.8387776,0.9692565783471085,0.9450923939156964,0.9477113702014023,0.9657840811007202,0.9344232797358034,0.8166962934744075,0.9442791859812182,0.9989593609217731,0.608768459014333,0.8419877959935452,0.9028350602835974,0.9888985311137816,0.8686056493207764,0.9784408074752583,0.9814506529384285,0.9773540833782965,0.9630536122607735,0.9592518097741988,0.998679037975061,0.9684683287803375,0.94831553037217,0.9258570715377016,0.9622267263495324,0.9599353776476782,0.9361156590860522,0.8409399958767848,0.9557882572956845,0.6301728613410335,0.9213741967474304
1550.78660554,0.9689182750304813,0.9465324146857634,0.9476604633643807,0.966346813761106,0.9394111543079484,0.820495986972626,0.9502936538693001,0.9984165573105734,0.5977235966756351,0.8479420657904105,0.9083773337961494,0.9885690814800394,0.8693332764326951,0.9786976803497908,0.9821101527394793,0.9776030772347432,0.9641357401928168,0.9617818628472916,0.9984908777844376,0.9683976483819755,0.949839157595329,0.9305874827213969,0.9647213208508583,0.9643392851552298,0.9428257945244362,0.8524677645029894,0.9557241023473956,0.628557636258903,0.9242894581768032
1556.75329898,0.9687315025239037,0.9480777293215095,0.9475654346223013,0.9669194642254949,0.9440384520782218,0.8279820894643908,0.9554595667088377,0.997551453729537,0.5867980092092279,0.8535432579944006,0.9138560292064444,0.9883507603564409,0.8701699023108521,0.9789714565029735,0.9822554601763449,0.9775788328208577,0.9652679411245103,0.9633061030161703,0.9983032351222002,0.9683153459848883,0.9512604364153033,0.9349613109365944,0.9662996474907117,0.9679480146593339,0.9499021696544422,0.866216704420626,0.9563164712500714,0.6300984969567385,0.9269308970177027
1562.73889214,0.9686922542498321,0.9495739977673251,0.9477491166920456,0.9673111250798558,0.9482850427874412,0.8362804215421326,0.9598258844781965,0.9970650296553075,0.57593352738194,0.8586289042891202,0.9189535764355176,0.9883730847617475,0.8711023794791096,0.9787811663457957,0.9825885320177367,0.9777952471982805,0.9655406472782648,0.9645973203864522,0.9982286438203785,0.9690551352943853,0.9526002452068857,0.9393111348886681,0.9670567602547644,0.9709799602012972,0.9565065704163014,0.8790852690189946,0.9581594934015966,0.6325764887509396,0.9295787430949025
1568.7434192,0.9681975225413213,0.9511895652350576,0.9469713487542591,0.9676124384781473,0.9521733300405625,0.8437453132647753,0.9637378922625097,0.9962860634403076,0.5653228413871069,0.8634986849745163,0.9238844466736745,0.9878226870505684,0.8717042869695749,0.9790000628153614,0.9832817259932212,0.9779235118649208,0.9657549039049752,0.9661941021743502,0.9982458177342834,0.9701461674138856,0.9541967090440631,0.9433194030831802,0.967491617749992,0.9729110811049062,0.9621797141141523,0.8900088628323015,0.9602481473468576,0.6345550392017729,0.9319293074187239
1574.76691423,0.9679288936975968,0.9531296453280881,0.946126189839298,0.9675944271891251,0.955818562621968,0.8502329399186755,0.9674000117223899,0.9955921751535913,0.5546653599183188,0.8689565236036694,0.9284042423940392,0.9869625482414617,0.8721942277699476,0.9792466570650569,0.9836389138753656,0.9781636900976052,0.9664544665631578,0.967745850748949,0.9978668044354237,0.9713909962019303,0.9553998802559193,0.9464839844541355,0.9677936681181893,0.9745593232579938,0.9674673920197087,0.8994168183535116,0.9624887875655863,0.6356166103645076,0.9341954901432905
1580.80672696,0.967595811851921,0.9546725909928747,0.9457812325043412,0.9675093467601273,0.9590671188793488,0.8563040093181099,0.9713549723179608,0.9947535684143766,0.5441128956593407,0.8740604395999394,0.9327662858019012,0.9863933459637552,0.872762290132009,0.9797264732661283,0.9840984499354776,0.9787162586605413,0.9674095688831416,0.9694275211116993,0.9971768822324357,0.9713786964970869,0.9563086059519917,0.9495941618227772,0.9680066498780143,0.9757696014716727,0.9717690544787553,0.9083372236016629,0.9643536414438955,0.6357297321092209,0.9362747028794852
1586.85843732,0.9673663000885262,0.9559787285310406,0.9457230679605226,0.967351021877701,0.962124859159699,0.8619684666600672,0.9752650801792306,0.9936590461809983,0.5339311730604789,0.8794471599443598,0.9366962970314567,0.9859874350794445,0.873167061536929,0.9802989930609742,0.9840375498102292,0.9789685941815858,0.9685269645501257,0.9708794556001009,0.9964898514274861,0.9715076698942133,0.9571642024205445,0.9526430315065797,0.967785146412286,0.9768797682216471,0.9752011646206894,0.9165662994485275,0.966300320321515,0.6348270463643727,0.938462641213744
1592.92202448,0.9675096037632306,0.9571697971840907,0.9454789098166397,0.9673573204985298,0.9649512617985575,0.8669924544619597,0.9783070650439659,0.9922923792512489,0.52396223015156,0.8848695979505725,0.9400707242314351,0.9851691446257075,0.8737363141873464,0.9804836606113547,0.9842484394337563,0.9790001358345968,0.9693246337476613,0.9724101474553573,0.9954912854897989,0.9719513667605305,0.9577840716546131,0.9558384646408271,0.967462715336335,0.977951620423678,0.9786951720931474,0.9241377512123425,0.9679674387229491,0.6336124320585652,0.9403947177426614
1598.99746754,0.9682065077942624,0.9583923218784306,0.9443042015750045,0.96666215573023,0.9675163903273338,0.871360876176692,0.9799993866435351,0.9907169598689504,0.5139155977731429,0.8900457799207837,0.9432505120221536,0.9843429219643279,0.8745481279570546,0.9808908034283612,0.984708314617682,0.9785959023126053,0.9698679235929388,0.9737967095861998,0.9950406297170765,0.9729861991818862,0.9586036181994909,0.9584104211144842,0.967528867523533,0.9788074292074801,0.9828106576269854,0.9318229092878808,0.9694935589086099,0.6324553004119011,0.9424286533570123
1605.08474557,0.9681142617626151,0.959708791079638,0.9433440505035519,0.9663932716491174,0.9698199419083092,0.8751675524923631,0.9820239793606373,0.9891583493452758,0.5039655762830949,0.8947223670136343,0.946284359350778,0.983680491658819,0.875364550689626,0.981135601743279,0.985007911211842,0.978421497187102,0.969977541072373,0.9747906944363338,0.9943577394742065,0.973384465819683,0.9592348455506092,0.9606326248732817,0.9677497924892343,0.9789291779280552,0.986418485675296,0.9394961401354459,0.9708010635207034,0.631529604647295,0.9442842244777845
1611.18383758,0.967534855677392,0.9608390337210153,0.943089934616027,0.966644983027134,0.9720691831124908,0.8784864986672313,0.9842216135928636,0.9877514304275528,0.4943199551371717,0.8995507956625416,0.9491611528480159,0.9833903394616129,0.8760709918993852,0.9810195587232454,0.9850145524566594,0.9788503837419333,0.9707024360587718,0.9756019240189197,0.9940116671999801,0.9733036107042037,0.9597006678946475,0.9623932608037166,0.9676886084453229,0.9798468600298609,0.9891216709671007,0.9470184503642418,0.9716307108712134,0.6313921669260628,0.9461869941052274
1617.31109985,0.9671311434208016,0.9621802854341023,0.9431356327615522,0.9665062970168948,0.9739256657726023,0.8812119578626313,0.9865067516854001,0.9855032222487861,0.4852211210783876,0.9044592104203841,0.9513035051211621,0.9827317581589354,0.8763602334739732,0.9808577878948612,0.9843740789924116,0.9786757292053566,0.9715114078266069,0.9764405441308002,0.9931143359833969,0.972771602280748,0.9599968348543888,0.9643737542487542,0.9673985808423244,0.9811602310016174,0.9916329067944641,0.953971348973411,0.9720846033379956,0.6324083339997993,0.9479499649596822
1623.47024896,0.9669476684784651,0.9627121646084053,0.9430708344197549,0.9660621729118822,0.9758689186997875,0.8837180923875033,0.9882919898613098,0.9826451941393738,0.4762229648813171,0.9092599228058679,0.9532427881457969,0.981674208550897,0.8761877283399536,0.9807443634609944,0.9834533123939142,0.9780927980799018,0.9719601072049305,0.9767951279140472,0.992089419259524,0.971588468917463,0.960103428440941,0.9662157493301534,0.9670615613683983,0.9822494372998655,0.9942694504115458,0.9599708374612278,0.9723881049282721,0.6344703528656471,0.949620932494974
1629.66154068,0.9666503445379762,0.9634531783829029,0.9424127464753229,0.965886766491674,0.9774972231179218,0.886510873320684,0.9893302707992447,0.9800528330260289,0.4676469694472789,0.9135260373680448,0.9548549369056,0.9805572732985148,0.8757440362267712,0.9807166289446337,0.9828756331845735,0.9777502785520461,0.9722793841118024,0.9771409444887489,0.9914076763073563,0.9708063801304362,0.9601344283228532,0.9679400551724451,0.9666036580575045,0.9829749441806,0.9964784738597541,0.9655728944767866,0.9722543692310531,0.637474858149019,0.9512978816085438
1635.88523392,0.9668986852282612,0.9635296068981187,0.9414541440375417,0.9656745260811128,0.9789905181676811,0.8890707034824655,0.9899249923989848,0.9773787261979556,0.4594266744453131,0.9181455141253456,0.9564326675903533,0.9797032541301393,0.8753962449506172,0.9808430330652594,0.9824654205728741,0.9777872860817306,0.9721954055598564,0.9779287741695618,0.9906000596867521,0.9706573155096273,0.9604188411755574,0.9698250645245865,0.966152578336856,0.983624867518226,0.9982678847190757,0.9711906140980717,0.9719061157627348,0.6417641095444446,0.9526970478896755
1642.14159076,0.9670870365535846,0.9635697096362207,0.9404161848771964,0.9655718983472027,0.9799475316665816,0.8917273727359655,0.9900443208429027,0.9752950724426144,0.4514689242085791,0.9222883422604045,0.9576209053604291,0.9789959473086803,0.8750503940713817,0.9809563333731574,0.9824190330549047,0.9775479469987772,0.9717438496083651,0.978477712857948,0.9899446950142345,0.9703409549334401,0.9607934796876878,0.9713443300663834,0.9656760371572255,0.9840152330560336,0.9995832973630351,0.9759546148788965,0.9719626419989637,0.6470303535289338,0.9540209163751957
1648.57498892,0.9667494685272816,0.9637027608154236,0.939509401676863,0.965274889597855,0.9810261289772528,0.894373170805847,0.989676079230661,0.9726829724955658,0.44373799542642367,0.9262266554811641,0.9583165133725947,0.9783113173578589,0.8747980252099365,0.9805519474529666,0.9819716037901441,0.976838102563284,0.9714834479095109,0.9792590069109233,0.9889369083884774,0.9700316983181984,0.960709641571667,0.9721892533418662,0.9652287107028721,0.983547753616494,1.0,0.9798452855047018,0.9706533453432337,0.6522862658657688,0.9553809324663425
1655.33520858,0.966114854478034,0.9637301593429553,0.9392232950186443,0.9649656871598801,0.981440642853203,0.897047771401346,0.9888664770541213,0.9696120127818738,0.43601977137433573,0.9309089250167243,0.958802350492287,0.9772842720477721,0.8746779485171629,0.9803255124546306,0.9816784256767919,0.9752699214242719,0.970974536651481,0.9801494553564418,0.9876630043841398,0.9700061272450834,0.9607459529662447,0.9722514955357561,0.9647459655715205,0.9821666856544053,1.0,0.9826610008042184,0.9690994365270844,0.6564310125366789,0.956372135484047
1662.47344048,0.9645085718332699,0.9505692073045686,0.920176011736653,0.9652165156376967,0.9597082070710761,0.9105736249205749,0.9804965648126239,0.9610405296668809,0.42256564848302236,0.9468719718351433,0.9421440512051501,0.9690051386626158,0.8934603450465606,0.9793324934925994,0.9761202558688097,0.9786612047307792,0.9601757184148335,0.970711939567227,0.9908451015511858,0.9791083704426085,0.9661549715648945,0.954515612345169,0.9717043782688871,1.0,1.0,0.9767240211932802,0.98375805269342,0.6708593627013143,0.9643282183196213
1670.05561049,0.96863049165491,0.9953259055137064,0.96805208398306,0.9740362166462593,0.9889238743362618,0.8977581306168411,0.9660862114113219,0.9846253010532734,0.41900229848493487,0.9291754278309052,0.9627386726181735,0.9676922029587919,0.8955531849485255,1.0,0.976350529210781,1.0,0.9843787927924929,0.9602258145120188,0.9761833836859537,0.9724115888513221,0.9717695752567721,0.9629441625483883,0.967784492645504,0.983116540869963,1.0,0.9863819859399788,1.0,0.6580386597948733,1.0
1678.16902352,0.980824080919968,0.9611071998447894,0.9453826533669215,0.9639606620650238,0.9688024311557359,0.9203950845604355,0.9826654334035765,0.975577185150921,0.40645264966580946,0.9308161695374471,1.0,0.9502790574005261,0.8711590381510204,0.9572961598054797,1.0,0.9909997265765842,0.9526820353730453,0.9349479805309292,0.9789173872203285,1.0,0.9816005676207789,0.9526352957256256,0.9809645022751243,0.9852052292167734,0.9808695912124998,0.9818319418717731,0.9478542448582673,0.6565076597811934,0.9746729198958918
1686.55255666,0.9623760491293136,0.9492798930097525,0.9412944739316897,0.9736596114418306,0.9851375949084996,0.8865399822213789,1.0,1.0,0.4153984625784926,0.9436901553212551,0.9698624707273064,0.9667595220168789,0.8717693938067297,0.9596624346877466,0.9693598771313897,0.9866463066158013,0.9829458169716556,0.9950228796481178,0.9789901548233908,0.9812139582657945,0.9820596353262584,0.9686648106035047,0.9589490744707381,0.9906135195033015,0.9956691476303785,0.9630636980100868,0.9654114413406866,0.6788065745991446,0.9409398636369893
1694.9652068,0.9728021426343171,0.9734620876198825,0.9541188556485045,0.9599520437964608,1.0,0.896475956381325,0.9714980701224879,0.9612212555842826,0.3865853601809034,0.9491749416149795,0.9484621736407581,0.9578677844785499,0.8479277202460527,0.9391404793043808,0.9764175894463523,0.9305946067351903,0.989026757481699,0.9672458221693944,0.9860638141352395,0.9706725752068855,0.9580795761924967,1.0,0.9426439041079693,0.9920531863877491,0.953062852572969,1.0,0.9479333189879808,0.6662589014420394,0.9776795830985652
1703.40698655,0.946036614436434,0.9635909055403928,0.9125950108104837,0.9843813912720895,0.9808466125311052,0.9136577250375563,0.9563910104475466,0.9207871114184607,0.3750880559974312,0.9134850763399945,0.9453473919417188,0.9970212291241762,0.8426626294795246,0.9715657179286045,0.9913226725876584,0.971323040071814,0.9742682043770207,0.9831392748121986,1.0,0.9780157982464194,0.9621400209255516,0.9356289088063683,0.9853257245185109,0.967137711168586,0.989752409066943,0.9420480889558535,0.9951835512834117,0.6858938419179504,0.9320811299751516
1711.87790799,0.948652459499668,0.9772303587238999,0.9271127839178122,0.9336725774356475,0.9898452449387631,0.9368893130612529,0.9681952605652002,0.9122798955887453,0.3737983629836577,0.9390030294748992,0.934714853901739,0.9677333583572947,0.8798049870843248,0.9920314331746178,0.9997365230349408,0.9625197280336306,0.9569234884681872,0.9778041199533748,0.9652553523183591,1.0,0.9600507626840187,0.9612329669666501,0.9610221995448955,0.957973355944774,1.0,0.8907136192429242,0.9729029582634771,0.678738592780443,0.9475581310654209
1720.37798277,0.960544367616103,0.9285548489101956,0.9353666964650671,0.9454463101508137,0.9834820287136258,0.9137130036311414,0.9875147552605558,0.9610613576520107,0.37195695397569023,0.9787296255965343,0.9736003264073765,0.9662675130262562,0.9026721184328859,0.9984311296412226,0.983056464061667,0.9997062096097901,0.9622062877360639,0.9501153822015228,0.9936955711745654,0.9472840394368458,0.9332679609901466,0.9643896394831023,0.9832028499796377,0.9239101283926421,0.9780245366499158,0.8986129982911347,0.9604558051058866,0.6962803276371013,0.9547561481556621
1728.90722205,0.9411705551658477,0.9696952019934869,0.9076692018486243,0.9374896304369658,0.9996215218273429,0.9168169354653339,0.9105253873712105,0.9516909655300033,0.3575519673793437,0.9543247441026965,0.9816270923899274,0.9763425470778027,0.9018719925095139,0.983714435672825,0.9210270488312474,0.9903952055301397,0.9712335716620295,0.9887797866676856,0.9937979675049232,0.9615175728930941,0.9446501617613424,0.9528050821727425,0.968771115800373,0.9148477667950042,0.9112260936185239,0.9156188355842084,0.9770105768978228,0.6838226938657503,0.988985352282322
1737.46563653,0.9767272259942071,0.979409496016207,0.9621203593787717,0.9444838410504791,0.9530496028009634,0.9104073065913635,0.9284422529932113,0.9352524541161821,0.3534095234799817,0.9558443809839969,0.9669451089384,0.9784820097355464,0.846897864820015,0.9637058866628031,0.9840659744291378,0.9791169739342653,0.9584418779017704,0.9730699609027684,0.9824770338126605,0.960384342883495,0.9756547907983805,0.9864334940184473,1.0,0.8738713908807952,0.9187761650367454,0.8927058582126357,0.9342820560843774,0.7182173781956916,0.9412983969842739
1746.04891596,0.9686653721797203,0.9314487095919712,0.9360772116420946,0.9379568155504633,0.9737469047960826,0.936237450613717,0.9034552667302689,0.9708260981950737,0.34205126290735993,0.9736435984747304,0.9477887495223701,0.931544027588352,0.872775742867554,0.9887848608705032,0.9698597604251179,0.989951848731108,1.0,0.9607191327602044,0.998343786933988,0.9525441380608601,0.9707746954256814,0.9775526056385869,0.9571666576638567,0.8513749015081534,0.9220944745095957,0.851861982860035,0.9379430579369002,0.7231931075811028,0.9396567860275664
1754.65358123,0.963668800951586,0.9741698854266773,0.9291939839769825,0.9669499832509242,0.9864407482482891,0.9585390959969808,0.8962257441593099,0.9012490681164075,0.3395424431298447,0.9745525307972904,0.9681937796267885,0.9569826714527991,0.8521738777820005,0.9770965261767934,0.9546932496185425,0.9603289941135932,0.9372496636161484,0.9870409153954479,0.9772994957112403,0.9457560285384089,0.9299985937498436,0.9715251000297273,0.98363210930902,0.8289351682805809,0.9251892053418173,0.8448144509378758,0.9666135475364315,0.7123707380439103,0.9545660523866418
1763.27958128,0.9636199214122454,1.0,0.9387950387094023,0.9433309315653468,0.997701475440922,0.9492612166769732,0.8678944147534201,0.9264973678213752,0.3428523959544719,1.0,0.9481329836389618,0.9442264594501695,0.8689271002720607,0.931177634803413,0.9734500935574966,0.986816681115952,0.9372196192917649,0.9683371704421088,0.9763328123613503,0.9766644872697654,0.9692943306027093,0.9408765699984613,0.9864738430623008,0.8333893566332824,0.9071892810148305,0.8842615648595498,0.9853706550233255,0.7788539613373603,0.94352805825389
1771.92686491,0.9977726672928366,0.9654168223433232,0.9167431738653278,0.9554819865738993,0.9731699941960179,0.9505824560819713,0.8248202289901497,0.9229720011110364,0.3419025735256608,0.9775840056575871,0.9864623528232636,0.9586752375922909,0.8586124816955715,0.9434981271864128,0.9943553262564757,0.9754246922262139,0.9381751215710088,0.9681120578552991,0.9692160746525502,0.9536554133409778,1.0,0.9407934440863929,0.9581487966094709,0.8630928459597655,0.8972713352407518,0.9198505071593491,0.9516222095078914,0.756707126203442,0.9809550323414034
1780.59538078,0.9449076476852587,0.9836307157896241,0.9306782633826702,0.9445376755296702,0.968755815846276,0.9345177294926156,0.7829075437267023,0.914458557298071,0.33363741829351984,0.9548622500547376,0.9507900107718442,0.9494964700982937,0.8661255043696962,1.0,0.9440498270218475,0.9369629168150811,0.9468501112180591,0.9807408142956352,0.9660494565802241,0.9752540648343241,0.9761237576450796,0.9499079680049891,0.9684318459555818,0.9305167715399761,0.9211789652762795,0.9100679696709515,0.9618520838698597,0.7972898810733788,0.9349094641763862
1789.28507741,0.9062615296673079,0.9808679429524753,1.0,0.9390558067667004,0.9698231699532677,0.929642193694613,0.8200548582620399,0.9222947451188384,0.33344268363515844,0.9652036457397609,0.9391553806061795,0.9631818588244281,0.8508134508595625,0.9744859053316401,1.0,0.9805299349249189,0.9129118467223966,0.9791122290703395,0.9668310834553482,0.9513937449083547,0.9374797668419471,0.9383565062157632,0.942565069648884,0.9109347257356539,0.9399321558187763,0.8965889506250329,0.9301056846198188,0.7976817249800195,0.9331495422891496
1797.9959032,0.9563073599134218,0.9506642075971263,0.9414149036881653,0.9567172257825824,0.9743194596028674,0.9555589382475539,0.7874199317624145,0.9285280897012913,0.3219111774069546,0.9801663095560619,0.9448330646609853,0.9364129099731906,0.8432945492932029,0.9366922148252852,0.9854628447649432,0.9889086281990105,0.9461539043073517,0.9810494643931181,0.9297389829739953,0.9324814710637547,0.9615002502837434,0.9143462191494697,0.9402841168064174,0.9147646872671271,0.9205578116944821,0.9369916498307984,0.9870106942264034,0.7776738036435566,0.9481366920253695
1806.7210252,0.949820781556704,0.9669582484610987,0.9643635728526307,0.9244680482457845,0.9552365673751254,0.9356542386456059,0.7891608891580741,0.9205655562308922,0.3242187998408747,0.9832292003597333,0.9637979745001597,0.94294683841657,0.8767094831636797,0.9847954195506302,0.9837894105277691,1.0,0.9446005776478426,1.0,0.9839939082434539,0.9855817541562003,0.9009232821856726,0.9445203000334739,0.97672745236994,0.9976698876977084,0.9516001199833501,0.9217447334921988,0.9616432121254134,0.7841142394291971,0.9462952838383784
1815.45600983,0.9386013666579162,0.9299452463943899,0.9196759055741861,0.9275540866650366,0.9443266298493014,0.9233910189141555,0.8402441730773217,0.9234170683697812,0.3198872594407796,0.9403796082935809,0.925914265739732,0.9399501505701408,0.8463545308063735,0.9896362483247032,0.944028124460016,0.9859450207604938,0.9595853944683737,0.9568925242829163,0.9622227322180978,0.9978968008385087,0.9121605429364574,0.8788416731252472,0.9906912660958189,0.9767102379038055,0.8867680354052323,0.8980549389437121,0.9638338636251484,0.7936421093398852,1.0
1824.20079533,0.926902214523928,0.954477110667909,0.9102356800224096,0.9124133470934976,0.9522810599385956,0.9363271574962426,0.8126453120904786,0.8997661159609356,0.3145079153962887,0.9750720637095752,0.9666945059734912,0.9750776338198541,0.848807762363897,0.9539094137157109,0.9567997898962752,0.9975782126632179,0.9659622075871472,0.97527868289851,0.9346762661637179,0.9606031894778339,0.8972250406207738,0.9439221964003779,0.9864756908732746,0.9757119869829469,0.9269366078844316,0.9618882920108466,0.9587860339872937,0.7732253511800553,0.9775674865572951
1832.95532041,0.9371260865500995,0.970026029912816,0.9339126402875206,0.9322090404085874,0.9680567217010834,0.9072295658317233,0.8667131824513619,0.872833270485638,0.2939688566881545,0.9992610031844561,0.9432971243000255,0.9561597957283307,0.8515031646431817,0.9774769340070282,0.9534552665911753,0.9332547597513219,0.9263398086111108,0.9480128644815046,0.9905553258794906,0.9643218833516268,0.9157818610591776,0.9522067229766035,0.9809038696305522,1.0,0.9397107029384056,0.9624783594661959,0.8982951435275607,0.7987739407010552,0.9562565898060787
1841.71952428,0.9492100424815852,0.9791810888526175,0.8958338582637644,0.9445782564136421,0.9358669307448917,0.8970752423336018,0.8440141058757706,0.902868665919726,0.3093354463915804,0.9528097429852369,0.9497760344360362,0.9537329886888358,0.8278182183146654,0.8713145590375667,0.9620062628989637,0.9640603702494414,0.9749502908644798,0.9707780695310989,0.9424464601342925,0.9872181734079567,0.9404917342938802,0.912648354829176,0.9947031256321445,0.965514766939852,0.9292022535413237,0.975975010289251,0.874668095633921,0.8169717601343074,0.9222610354944217
1850.49334662,0.9311691536083793,0.960707295056626,0.8723319384123427,0.9718339714627853,0.9550013998065701,0.9460733957168322,0.8328289040949018,0.903399189698363,0.3165792080608507,0.9553894033257174,0.9430892099597591,0.9353869083313449,0.8436769072603968,0.9804156365274841,0.9600486190617209,0.9679087875303146,0.9954993925845887,0.9851590764595831,0.9830998217933584,0.9511089390598964,0.9234015432226544,0.9093233969173018,0.9598832071613761,1.0,0.9362009994649533,0.9627015295249239,0.8282252572079172,0.8369788930266416,0.9652303083890454
1859.27672761,0.9982301298304211,0.976915684644906,0.9408771545720526,0.9228256904834917,0.9428720123919553,0.9334479545695269,0.8103297050829208,0.8703334753378128,0.30274565993848596,0.9305774683898709,0.9982161255702836,0.9279117024665777,0.8372445732293625,0.983309869016045,0.9530314398364963,0.9612270522911688,0.9471305754660648,0.9506668591259104,0.9412273240623719,0.9548914296342166,0.9531345324856186,0.8650243968092802,0.9661557038347066,0.989545663611879,0.9338210112479219,0.9282346862417713,0.8675062871298068,0.7788079156720712,0.91264788576048
1868.06353858,0.9148717427083468,0.9306477387500375,0.9370548202045932,0.9786515263957344,0.8622094413202254,0.9083636770834741,0.7343067617543256,0.8419110325906338,0.32392457509450506,0.9243971453966042,0.9382108187638427,0.9420525066194388,0.8378644296927474,0.9252034383651631,0.9522057341448898,0.9633820482464991,0.9904139418931086,0.9512265933324076,0.979015671458902,0.9240210684197231,0.8789341004113811,0.8049298291348906,0.9872198441285459,0.9890237373419546,0.8960675402073173,0.920789389895423,0.9074111178809728,0.7911947147544389,0.8854719330088402
1876.84916726,0.9160695283437222,0.9495629542426132,0.9400700892621434,0.9320922912609803,0.8123012298253884,0.9063933828696286,0.6772977700053218,0.8821483095090846,0.3168731176942253,0.948619410137309,0.9615808032970348,0.9362007817859838,0.8498845802790094,0.9572303218104843,0.9435004112845213,0.9427814231128885,0.9554297103082587,0.9784505897623451,0.9958094605167314,0.9023915865735905,0.9065398336207307,0.7990807246337868,0.9713849678046018,0.9868598551202116,0.8336297368444072,0.8471339156824496,0.936928352287103,0.7161668193010243,0.9308140981715344
1885.63362519,0.877652392757459,0.9420097569119876,0.9171120382290622,0.9428072413840923,0.7255233245900322,0.9386914819485837,0.6407776165115809,0.869077816642837,0.32383823574346354,0.9654007877015617,1.0,0.9081414919310621,0.8039784188876079,0.9397124120874811,0.9463760658035872,0.965529057662744,1.0,0.9050793839764234,0.8976376265325247,0.8248000357606103,0.8786879112633746,0.6779009871702254,0.9407428519864209,0.9660944756626243,0.7653311565597261,0.7912019835654122,0.9323714367768208,0.6886549452243275,0.8814085309579623
1894.41692373,0.9414865933616006,0.9742835009040892,0.9607121150794498,0.9335101447899111,0.6513602651125168,1.0,0.5602365293918962,0.8550836856039804,0.32736007902188385,0.9344816440610368,0.9463933126022049,0.932878685298528,0.8566411347788027,0.9450501912786008,0.8895496491246897,0.9074976782586592,0.9782390853454308,0.8322821236492498,0.919862530380807,0.7577923138269536,0.8381073058425901,0.6475370056966269,0.9605623553137781,0.9511552764948299,0.7443525281052924,0.7360542853499009,0.9299802593530929,0.6453194154085402,0.8574656251014541
1903.19907409,0.883822128868935,0.9072656083041853,0.9053499027846198,0.9397477567759476,0.6012092973627361,0.9367393642380334,0.4717552055577086,0.8677311007442919,0.29660612445703344,0.966855381217352,0.9802938207615629,0.9357662768760825,0.8335281764077472,0.9353226321078406,0.9340137896532043,0.9199997358647329,0.9092673353065849,0.8185509630948702,0.9366084850816417,0.7135752891114606,0.7950093175027135,0.5480987937002396,0.8810706732531581,0.943180424570423,0.6227546325655127,0.7073109531510198,0.9590299280879985,0.6115662020243836,0.7977924049235099
1911.98008732,0.9200219178877319,0.884182649609507,0.8895358229870345,0.9681675553777371,0.5971398496528848,0.9407142746952002,0.4182130501079315,0.8832640603619354,0.32510129034177415,0.9587253097998526,0.9341746123557352,0.8621661092533739,0.8560146710381256,0.9094374961265189,0.9565579274589502,0.9099085153860313,0.9496345773067216,0.785362038424786,0.9083695757433184,0.6708174181117668,0.7987928921710958,0.5398930182294844,0.8955560544202963,0.9311769088408881,0.5887397931797793,0.6762812908750747,0.9421552140087653,0.5677683393443895,0.760071648857616
1920.75997429,0.9255748299758819,0.8823712436462978,0.8245800869826383,0.9563759708428196,0.6030854907894904,0.9883803447443591,0.44154759538545424,0.8122733967574332,0.3221292942508083,0.9223377218229836,0.9499218760780505,0.9113265691650013,0.848874045434266,0.9912119460007749,0.9380074938152475,0.9117976015531466,0.9765386016344229,0.7788740244774306,0.9016986109348633,0.706019974836641,0.7755456633643399,0.5558239678122706,0.9058863393527821,0.8815302397330242,0.5310344681859187,0.6210019991297268,0.9118649362855836,0.5383764000554685,0.6893243678687819
1929.54914243,0.9127433579464751,0.8477292452757794,0.8955738821212208,0.8936064849874771,0.6061073979165587,0.9418550201507454,0.48956756920320266,0.9047698638169458,0.3345097628461199,0.9476274078669696,0.9115908149870583,0.8973143639011434,0.8668024471246379,0.9312506911408425,0.8861842252284651,0.8871258398076749,0.9489585575558133,0.7907592778109668,0.9151010927961878,0.7843420527034659,0.8248438184172067,0.5899467246934718,0.9420216335253493,0.8613071959903772,0.5186067903587837,0.5348615710551738,0.9200367758328061,0.5091213857182111,0.6564195330579486
1938.35679058,0.978477815456042,0.8677512474146032,0.9176388715886676,0.9074968754934739,0.5959472338796182,0.894106989264217,0.5318866807601776,0.8184757844863015,0.3369495823336455,0.9211832667589195,0.893796578698751,0.9079537854717916,0.835411674947277,0.939965206433157,0.9411611078379724,0.954541187597365,0.9459168217276812,0.7882129589662877,0.8697286216525845,0.8116497413328617,0.8438841814183033,0.5975109522443603,0.9275090165970751,0.8895982220106029,0.5707508779695062,0.5088179765154885,0.9278054164099816,0.48177087011849823,0.6806591952780227
1947.18286652,0.9591800084806982,0.8466259326463245,0.894426080728706,0.9331640576893441,0.6412558114280685,0.8786811417024424,0.6215684509630115,0.8650515545894493,0.3250200835479614,0.9243893991711462,0.89221021231296,0.9305510370363762,0.8087176962264211,0.9020230493778765,0.9858460956905177,0.9126427379476431,0.9864655182196039,0.7923029225193488,0.8513977197884679,0.805617502597757,0.8556130163692881,0.6214795760197682,0.8938128528055382,0.8425051993468635,0.5988745191186775,0.4953952436000183,0.8838179796133842,0.46488949754622133,0.6528007999982314
1956.02731804,0.9713892116180247,0.7965878094346841,0.9306272756300099,0.8848989731767508,0.6454954212415636,0.9737652912746122,0.6090573701265916,0.7992440965517926,0.32393013762393813,0.9544328531655204,0.9193284668338728,0.8660329623704687,0.8669440842664224,0.8948514911537195,0.9099220443619503,0.8738695371139275,0.9209360619858286,0.8363807140261592,0.8656418792677932,0.7773079534690168,0.8630141274056705,0.6755774157771689,0.9574132838435513,0.8828336748947592,0.6344941390951832,0.5158133095066674,0.8234844478848582,0.4652356461894907,0.6655496194467253
1964.89009294,0.8935296261233612,0.8482572271164203,0.9723800012501793,0.9363247333431175,0.6507151131648934,0.9677563933677795,0.7144446964782417,0.7952391761303721,0.3284794161245427,1.0,0.9280986649324796,0.8418235130936389,0.8723412218027531,0.9421857654378112,0.9468258861215154,0.9547812229097917,0.9461249417565452,0.7880065839447696,0.9333873723634332,0.854316900288971,0.8601307254000038,0.6291174165889172,0.9844508637002188,0.9085906313471751,0.6705195426432873,0.5389053675893222,0.9430994432147864,0.41658562289122963,0.6861890387084298
1973.77113898,0.9604535548952848,0.8387878079273552,0.8888285552953203,0.9211211587121547,0.7058305729812714,0.9835862494168791,0.7534497900972497,0.7929290417651912,0.34956245295903965,0.8693316753588021,0.879721537798233,0.9332404468793838,0.8250700143708345,0.9416865955345413,1.0,0.9299166293677672,0.9557168130557978,0.8145813971039648,0.8629355015762421,0.830995835222806,0.8898246220729346,0.670043862880528,0.9739762617557923,0.8958810974931116,0.7157942008770459,0.5418701230990272,0.8841719757657317,0.43089849585800155,0.7158725488459644
1982.67040395,0.9378087259728499,0.8000792535188489,0.9337620877762499,0.8922695872210049,0.7187651986423875,0.9597129132798761,0.8104299136355723,0.74114764734704,0.34278846835855925,0.904553549058491,0.8708181296418517,0.8675978451780316,0.8172283954772072,0.9495252397468658,0.9629404739275602,0.9303138626877545,0.9329463037122254,0.8124639369917733,0.839790620579359,0.8078302544580651,0.9038431692286971,0.6879477430981201,0.9723284573282948,0.8429778680622919,0.7601534933932318,0.5915346714062988,0.9443641376972629,0.3944819848837859,0.7244716413717668
1991.57932378,0.9470370476974264,0.8468179196074597,0.844673970257809,0.9365096272535822,0.7820682390788917,0.9378307711058801,0.7850971374950926,0.7944154699108804,0.34852436850724694,0.9549168213289573,0.8485858329996481,0.8765705746862814,0.8563772677232733,0.9578382897287994,0.9891396606805607,0.9334530210206887,0.9429134738374058,0.8687417048832301,0.9266994681995678,0.8758567538333956,0.9023585557742908,0.7308738174495175,0.8866989043250667,0.8385033830331239,0.7862204208466932,0.6132388730228594,0.9370054577068813,0.4317336002411563,0.7132775833170252
2000.48893957,0.9640484074621312,0.9094001797052953,0.9445297996466855,0.9668424767231697,0.7767545316167226,0.9549626189669861,0.8447332431298509,0.7494461747269301,0.3585955963013921,0.9051002801635689,1.0,0.9087493088734646,0.8215802817495685,0.9106005149549747,0.891960650947733,0.9574485058354596,0.9795499436627436,0.9202516441307897,0.8697703979742636,0.9060239717334868,0.9121567114625323,0.760747192370349,0.9140313928281079,0.8670169466617164,0.8490244049545734,0.6591197351666832,0.9073986627356274,0.41932635307664967,0.7470992324321135
2009.39924527,0.8763024711677421,0.8765732837155287,0.9089206887027148,0.8791407771053927,0.7694177238596079,0.9720372757095013,0.959382887818379,0.7898624754887905,0.3839832542997186,0.8945907965619325,0.913584855565999,0.867826541428271,0.8726921528540983,0.8989126850278936,0.9555117912943308,0.9410735934694446,0.9719362622258417,0.8283518996034691,0.8724566758269827,0.9245966428502872,0.8690917294859641,0.7733455342306427,0.9810887183542588,0.8261998114564886,0.8450921513511048,0.8206795394062028,1.0,0.4285751510990085,0.6939206987055778
2018.31023493,0.9022736403327638,0.881230772264177,0.8992299221057191,1.0,0.8685613645415247,0.9244111832378274,0.9032941666192923,0.7787155144637361,0.3708380978930881,0.991446948119138,0.8099481685440151,0.8304153702423371,0.8799361334127254,0.957381195830332,0.9659142381515187,0.9107711861968768,0.9177086745939509,0.9322015937515922,0.8347776922188449,0.881614244244339,0.9222971220991919,0.8153724751020394,0.962873214759602,0.8269992166089973,0.9458790494813918,0.8380072708165305,0.9438231963373209,0.4444159535293216,0.828050451133876
2027.22190266,0.9558538723759532,0.8089475175045145,0.9052326150451465,0.9380766107790351,0.8667565236039031,0.9867435789218237,0.8892749179059594,0.7741039502061512,0.4129915512822406,0.9131495745027793,0.9040664907529316,0.9036786319291114,0.8347270796611118,0.9010079155675685,0.973408686436042,0.8925467376449769,0.9178152240941905,0.8879877884827441,0.919885836101534,0.8854240803920258,0.9333949904046749,0.8570151200489466,1.0,0.8591770615658669,0.918639292953031,0.8486791264221727,0.900446067756465,0.41441637093536426,0.7615594211354676
2036.13424266,0.8265239316267423,0.8774174011589878,0.9085246471119296,0.9263892727888573,0.8323300210273694,0.9169366490479737,0.9119867688510462,0.7153561027121186,0.39249238324828334,0.9433588395449927,0.8968901506099629,0.875425129103664,0.8607947574549966,0.96118031685014,0.9816476542914934,0.9637046251364453,0.9406751125791822,0.894731325927403,0.9222010420031929,0.8669489639632091,0.920733261700094,0.8670979973545697,0.9378336558124203,0.8010652021730165,0.8923366070023524,0.8429565738796622,0.9718845707660576,0.4110129441293209,0.7946233028002703
2045.04724919,0.9770819929696022,0.870393891588342,0.9048961214377076,0.9478610660833672,0.8559782467558975,0.9515366523850858,0.9030756428523684,0.7290374603766657,0.437508362015884,0.9039661482277148,0.850984563527012,0.9255936191404234,0.8617019746698177,0.9465546342421761,0.9594862198352931,0.8965815633827792,0.9765358724332994,0.9160230079055105,0.885112843849908,0.9754175489172493,0.9832070441210575,0.8499762594648026,0.9841851415338625,0.8133015205206998,0.8811829597734457,0.8744507623751765,0.8740265290395315,0.4057052305663341,0.8438152369432446
2053.96130725,0.9416096637518248,0.8886323367319395,0.9252040506672683,0.8343950505059159,0.8837441382233236,0.9560921732336347,0.9876629260478402,0.7227157289743439,0.40748279622009526,0.8560295789645025,0.9415451804199862,0.8858714716987205,0.8534809088261699,0.9799539806886612,0.9015820581816174,1.0,0.9735869466673034,0.9191903728108602,0.862785375213148,0.9326483024993029,0.8744208361906617,0.8764439773262402,0.9240917362263954,0.7922737468515947,0.9347295891385046,0.9051632121795032,0.8178046101872882,0.3785231764493376,0.8265504969901054
2062.87694233,0.9175980388897187,0.890139985082704,0.9116883700140017,0.9677537712825599,0.8995512067178137,0.9353935146315553,0.9483144787363366,0.7575231499908235,0.43292982971952815,0.8951105346638113,0.8787118747254278,0.878700624348825,0.771884230553159,0.9635977657257764,0.9953078866138396,0.9184337000871702,0.947171102303002,0.8811606526612256,0.8354822009134336,0.9907064523204598,0.9665091421693118,0.8458520997843944,0.8854814218325199,0.777843706179951,0.8761772220697561,0.9494727045804658,0.8998228286880365,0.3855145731485913,0.9197026388509265
2071.79414164,0.926934323886003,0.8301576520654605,0.8764821970230233,0.9482262486968079,0.9461503992837768,0.8747210391502334,0.9107481443860019,0.7233637771073816,0.45023002657452105,0.9406561925866173,0.8959202153249193,0.898042049455204,0.8205430554439309,0.8965665204112913,0.9631483106516184,0.925819935253717,0.9595660133843427,0.9213724011218415,0.929992994246337,0.9212342999750728,0.9314475288958814,0.9359926526771931,0.9550111900974431,0.7828116982242435,0.8893702500546867,0.9426108214071688,0.9498639862007902,0.361404270115775,0.8253306400968988
2080.71289251,0.8800870208903678,0.8837495989380485,0.9372537040923515,0.9220225210228573,0.9197849507149223,0.9766513646544644,0.9257429972798283,0.689532387209365,0.44276796132820645,0.9211700238953286,0.8823244226744548,0.9436447471254847,0.8152698483726474,0.9052537717320559,0.9001092284031041,0.9238129721624656,0.9254106776783618,0.9188230763417704,1.0,0.9959056444241177,0.9500957711910345,0.9009075935087882,0.9624223011239866,0.8294543743506472,0.9318556678484484,0.9220399125350751,0.930901578502302,0.3679696966744493,0.8898358103888626
2089.63318245,0.9041158173011746,0.8655923988699559,0.901673776346312,0.9517006348436285,0.97426320888133,0.9287782149450351,0.903205890489553,0.7111035082544682,0.45961847842834136,0.8858176822536039,0.8921626446025934,0.9371525884223619,0.8081582484690822,0.962606285585235,0.9666532535151363,0.9118778389276543,1.0,0.9222144932455636,0.921449214683498,0.8686072908679804,0.9745247286236448,0.8164099636547686,0.9447971098001087,0.7989034050115262,0.8973213999005112,0.9519144839450381,0.9069018531441796,0.3635196242080894,0.8872792346935126
2098.55499911,0.9522704284744955,0.895925899563146,0.9596538873205651,0.9536579438195828,0.9075864641221553,1.0,0.9558705571328997,0.676469716275793,0.49036102055345826,0.9831344843856541,0.9221968981800034,0.8699902941607669,0.7840813779924565,1.0,0.9525910984673889,0.9344232808616845,0.9810828613139012,0.9191897218028889,0.9282697341683906,0.9401869500109611,0.9649528277954724,0.8948744712813228,0.9444079264215032,0.7513734710097549,0.883384002475264,0.8968595421340798,0.94113720222259,0.3889390624208272,0.8574692355966416
2107.47833028,0.9564685231115018,0.8744816246660415,0.923517626411767,0.9031886229375384,0.9331796788198752,0.944461585538456,0.8643153031819869,0.730300667796345,0.4909797683871097,0.9168661865502498,0.906380985859617,1.0,0.7949266892105363,0.8900142455348747,0.9431161017977823,0.9518501640157051,0.933291995029186,0.9320870910184212,0.9141775363781689,0.9081350131762834,0.9534485215875316,0.8828081543260315,0.8955481736255589,0.7381110390651971,0.9127145447507904,0.9740881885370547,0.8912709414038839,0.3836105202353973,0.9203658239102549
2116.41133382,1.0,0.9532326950977253,0.9304201389045461,0.9423126788484466,0.9656043994272259,0.9400323964226258,0.8532961974924363,0.6720701161171024,0.5023634989979426,0.879510704530786,0.8706339343119883,0.9002423445556926,0.8464806688756605,0.9370247418385946,0.9050909295965155,0.8814378154620838,0.9703269660647948,0.9495136895628764,0.9234058491486871,0.9167188696343028,1.0,0.9515273631607317,0.9778843287825999,0.6596603937708458,0.9177975072065916,0.9251278918071161,0.876851623577394,0.37358629683814776,0.9042193791555907
2125.37093026,0.9088499252259734,0.8891137335551569,0.8593620482374157,0.8859404438943226,0.9188798525880841,0.9640098373026339,0.9482311846292726,0.682143920914479,0.518055881455116,0.9529750034594715,0.9323354945804185,0.8763653148597936,0.8304438297216142,0.947583610285372,0.9559180228985921,0.8781819364781036,1.0,0.9312040105467879,0.9079119110634037,0.8934826487665827,0.9064213999522511,0.9053751102426633,0.934077088876228,0.6364922518321597,0.9110611981065484,0.8245768328346519,0.8956443155860682,0.3859477281254251,0.9411182095185159
2134.35713173,0.8885774650231765,0.8944294519333172,0.8854138922839726,1.0,0.9600752246239265,0.998265482443462,0.9692969664054243,0.6691718112638941,0.5431785376165851,0.9397596117696092,0.9292645494823383,0.9455064419368215,0.8086408614569255,0.8888160806969414,0.9032384263087319,0.9376419870705138,0.9121313039943764,1.0,0.9294280901519064,0.9156705350514396,0.8899231480657479,0.9087530597348062,1.0,0.6621072047111237,0.9073417941507953,0.8726595779563563,0.8873506958836475,0.40744267002416146,0.9489280696567131
2143.36995005,0.8914891819131971,0.9340776548312697,0.9583986037367347,0.9378906076147899,1.0,0.9412416543809627,0.9168456446928103,0.7060766669316715,0.5370620100491438,0.8905893934086104,0.8317296960713673,0.9056347240483872,0.8147116394186176,0.9582884469819328,0.8301101243804354,0.9926389197740538,0.958812894733712,0.9995420780844898,0.8990557777519618,1.0,0.9335580932327578,0.9204433306636932,0.9787153869704608,0.5828663429434991,0.9501226680891643,0.8732506641243343,0.874968530391319,0.413592989474504,1.0
2152.40939672,0.8735571025093656,0.9014006276553991,0.9013580462355358,0.9326467265737438,0.9611578974710798,0.9920706072461941,0.9088331753332335,0.6545365476387411,0.6034303001756777,0.9299715691260145,0.8398920762674371,0.991485121241921,0.8423420349678769,0.9398853689978512,0.7685364849284019,0.913846882032945,0.8827916573467507,0.9582882051193005,0.8910069974842059,0.9145553009569489,0.9667939672202623,0.8817095549882531,0.8890457973816485,0.5737435485283998,0.932817534165077,0.9320989812322151,0.900785748391038,0.4369061235423798,0.9789768951115972
2161.47548295,0.9053159232521479,0.9294670221315359,0.9077121342739124,0.895130382786741,0.9237726289517181,1.0,0.9323981452043999,0.6703015280253408,0.5419679176485181,0.9336724798132218,0.8533655870061472,0.9484232906163917,0.791649530388843,0.869796991798442,0.7586979138107622,0.9533174314073721,0.8758572819949703,0.9895199757918818,0.9444532345193268,0.966316243326848,0.9901388511948274,0.8952092134253032,0.993197755246642,0.5406564290644938,0.9113618978159945,0.8668363365627251,0.9460373839711196,0.50804442874498,0.9256443320251349
2170.56821963,0.9219116383250755,0.9190230946277037,0.9161954466998139,0.9321492456666062,0.9038252320174611,0.9749013792751565,0.8943592144162701,0.6919553025828139,0.5976642736194923,0.9216464700793296,0.9196364667682735,0.9128562459940842,0.7902630872722778,1.0,0.6958347073390383,1.0,0.8416151870630219,0.9824631035028265,0.9492265952755654,0.8518403604889105,0.9396641054219224,0.96911855084607,0.916803237717485,0.5476734786300806,1.0,0.860612873073605,0.8907630927049198,0.5213948257071732,0.9356163272492249
2179.68761735,0.9088296936344116,1.0,0.9722010425903062,0.9409647264833532,0.8524345804585333,0.9861797125423414,0.9270881976991191,0.6953275218972704,0.6073357823861724,0.909955620689125,0.8620072209153259,0.9724610095073641,0.8548685132359585,0.9130158115904852,0.7472031418679066,0.8953293232337913,0.8430613515661691,0.9971755821626737,0.9083878414862203,0.9846654676438021,0.9601349013834878,0.9261506509574096,0.9466972260051186,0.5663720951102474,0.9228623498389943,0.8864855901542501,0.8670057998522461,0.6323363498836215,0.9880335021093071
2188.8336864,0.9476637340918088,0.9785773873819332,0.937809187749469,0.9518654639378955,0.8803632959493497,0.9628914299210984,0.9255855290885638,0.6640184738474478,0.6168491429792634,0.8456196711224572,0.8473472201615896,0.9467880795904755,0.8038320951802393,0.8970905335411479,0.7503824753139325,0.9150430548207126,0.764342817188055,0.9791110088433161,0.9329521852476694,0.8835191792980346,0.9649409925239751,1.0,0.9764209551259242,0.5600501993984934,0.9543583682678501,0.8888820449566971,0.8742937392667987,0.6466047887346998,0.977594161314214
2198.00643675,0.9027245740158529,0.9466801975985942,0.9695617069763502,0.8816092790190722,0.9378293153729343,0.9551418520927116,0.9489430390375682,0.6619826673667978,0.6058523048567723,0.8937863612625665,0.8625248167998565,0.8751207270356572,0.8756869075419016,0.9540174384698143,0.7013217719166384,0.8914939801733702,0.6921936853911501,1.0,0.9413855068849052,0.894782224611348,0.9140886994120991,0.927050040469012,0.9872072664788272,0.6270619649465142,0.8958470036263759,0.7822390637905827,0.8773829105418693,0.6766626536518029,0.981791789848177
2207.20587807,0.8983824856466439,0.9301400646982675,0.913958732772756,0.911463952682178,0.8575281919503401,0.9372062933645262,0.8747702228948572,0.6622551947535389,0.6690788148878976,0.9025687617798751,0.8542204181633246,0.9482340293784709,0.8632709569790029,0.95396289301978,0.7092351983198004,0.935262210663445,0.6823761413220697,0.9201942853839513,0.979292035159293,0.8965768336921376,0.9524845240542682,0.972835262012428,1.0,0.7022094132810832,0.866922246610714,0.8611909354888071,0.8944534027542045,0.7354354179876886,0.9037299963234956
2216.43201972,0.889368843105003,0.9702630610308818,0.9307084426782364,0.931623195754954,0.8705204089116486,0.8620442918646983,0.9123274285611092,0.6410707955946953,0.6257471180768747,0.8836459643360421,0.8543425526703707,0.8992454546800708,0.7491658428837691,0.952127754226686,0.799112538549452,0.9128983834579322,0.7123844487469413,0.9344206411102153,0.9559031942867326,0.8479085810991784,0.9524651745358623,0.9623488501019041,0.9286758146720551,0.7018659143998769,0.8852381181688718,0.7978579431880191,0.8914551647058492,0.6916454441460369,0.9646208285056023
2225.68487077,0.8510657567731291,0.9409484659487755,0.8807603872675284,0.8983614005263643,0.8864390038449033,0.7984048854102738,0.9595614767235053,0.6411474644343217,0.6960034832589967,0.8905165424318886,0.8223146725293928,0.9138422351988782,0.7344423109851838,0.8993361153548791,0.8160855082602753,0.9182795692095721,0.7523119252580266,0.9475274884346276,0.9368902563669333,0.9013683773084891,0.9750403131082079,0.9337873095668755,0.8921510758613587,0.7952834650462828,0.9039823820369145,0.8429947688864189,0.9139631907275103,0.8011128922798236,0.9401957589063843
2234.96443997,0.8503659221181177,0.9315560865522144,0.9651948928130851,0.8820801048636914,0.8622375722068537,0.6836636073251504,0.90415727250376,0.6553927673455016,0.6934934004031199,0.925908674488158,0.8291652964739374,0.920844746232244,0.7746206214294421,0.8935279274171112,0.8994905926940909,0.9911798452337078,0.8289120079042414,0.8863380632299114,0.8732002759820005,0.8960438743372882,0.9463512824038847,0.9824009958245581,0.9297897970403194,0.8702307851734966,0.8978479130261245,0.8495465261685825,0.8298547350570478,0.7477851012702621,0.9788318530307852
2244.27015399,0.8600654419810424,0.8988424646878361,0.9279564000789841,0.9054132499395656,0.8448719454485439,0.6406532421623684,0.8913536152101477,0.6091647554473386,0.6950356532072098,0.8827462553384253,0.8442233495802703,0.8845229159319691,0.8195496276466274,0.8504098070160168,0.8602147494402467,0.9711394545044485,0.7905361547587852,0.9254723384582504,0.9252804822132669,0.8985085616495191,0.9231107738358918,0.9519216747051461,0.8945886538086185,0.9299437103023918,0.9636692468495798,0.9033118292039706,0.8562489844748781,0.761652795210651,0.964180033537361
2253.60010501,0.9422703272893521,0.8271709404006635,0.9259510322542552,0.8818118411215429,0.8796380252627124,0.6107800454676704,1.0,0.6512650430309219,0.6869057409709818,0.8391114460214809,0.897058705615206,0.8681452385519781,0.8031541346297827,0.820314606981925,0.8697135487882811,0.9189468393190966,0.8018307776369348,0.8804235014518221,0.9225117335597707,0.8828619924133441,0.9500137107396365,0.9725825118796152,0.8634304764323697,0.9613568683509979,0.9109093136883929,0.9810975344782596,0.8185815409067189,0.8212651789589497,1.0
2262.95428072,0.9221125990340543,0.8697246841783347,0.936824815392574,0.8746299760238629,0.9160129808764004,0.597860797408961,0.9375945209099624,0.7140028153021022,0.7145573655233356,0.874990952359127,0.8924070579630996,0.9288745350434491,0.7743578907223575,0.8967174311254565,0.8027618779066642,0.9257289759333315,0.7764202571045009,0.8830545076272165,0.9692271003635878,0.9475864897633864,0.9457327802586186,0.9763116776010409,0.7177936438933865,1.0,0.9306164319908656,0.8276532097116172,0.7759298487588561,0.8183963845326518,0.9785112855098455
2272.33266852,0.9316835410726277,0.8461466149321826,0.978009573932005,0.879534254432367,0.8716496176015388,0.6037297919806974,0.9237811750021713,0.6340902712018561,0.6768517638367865,0.8767132045723406,0.8783430219297952,0.8651430405313285,0.7614532389471893,0.851399142288789,0.9018190873843415,0.8899974231599892,0.7812247546421065,0.8830527386890898,0.8926483221679643,0.9864351089660518,0.8890585509348643,0.9014737038381294,0.677808688966513,0.9769644944086006,0.9144313377667723,0.906131861662384,0.8069737063694754,0.8724467150936647,0.9956198231711952
2281.73525558,0.8286957771124376,0.8789592639460851,0.9171420641502253,0.9158386005610835,0.9183501940161565,0.5687892950038296,0.8890223260986609,0.6194292684330458,0.774700176806012,0.8887283118158356,0.8579566548809103,0.8208231113198958,0.8397723201024604,0.836924297539197,0.9083734195573315,0.8876745931106428,0.7945631253631437,0.890208936178012,0.8953273883697566,0.9955920774326581,0.8513991677919049,0.9801841903620556,0.5423795491178641,0.9540406705116259,0.9052282293345271,0.9473966435401121,0.7555891093942436,0.7812560272457362,0.9449003262825004
2291.16202877,0.7989535570799629,0.8851497504573362,0.9864967716272909,0.9196814506464974,0.9219387443695325,0.5197236202080092,0.9883471541370696,0.6397203861219901,0.7685865702427966,0.8488665785015206,0.754981918053129,0.8838201071298084,0.8229172218417794,0.7581371120406948,0.8497679789773407,0.9549708767108744,0.8204691666038694,0.8667249371672407,0.8807975824993856,0.9673339722667059,0.8649883839389152,0.8248530200457032,0.44950984074880834,0.9925729759851589,0.9295079447123914,0.909217408851486,0.8510130508807506,0.7753003226364917,0.9218014542353367
2300.61297471,0.8381233947468353,0.8241166653274006,0.8930805928633768,0.89226905310412,0.9091724209192346,0.4984000080173029,0.993505147918786,0.6362647594441471,0.7886777319948307,0.8798462131179379,0.903081844332267,0.9267230018928924,0.8120750982620382,0.8026185234998533,0.8407901155412215,0.9051467490640084,0.8047291283702482,0.8314320119771503,0.7704232431010894,0.9713206346489088,0.8885081689703863,0.837541081284343,0.4272369456035579,0.9430846626337964,1.0,0.9024753864199655,0.893442141953623,0.7259767667717625,0.9356461351409014
2310.08279923,0.8612782796658054,0.8646447877049713,0.9410778126902655,0.8528381411784882,0.886285851930303,0.43646122146017646,0.9606742079538549,0.6619463948212386,0.7413357499605164,0.8568486675839843,0.87885499170639,0.9047280709414905,0.8105613223663294,0.7697180659555184,0.8680003391301532,0.9739612440952393,0.767865193445433,0.8061579614294466,0.8065741527840398,0.9631772564884582,0.9568316787408083,0.7803810094959915,0.3790580449989949,0.8176420850037079,0.9164426531227207,1.0,0.9126960171481308,0.7565785271970379,0.9414518877839123
2319.55711841,0.8654378950937256,0.9191405192160564,1.0,0.8456250616922137,0.9759049315056529,0.37446794418530793,0.9359844984941316,0.6150458468382661,0.7695512371092613,0.9152319395285397,0.8254320423774509,0.9629410520666303,0.794830379162562,0.7811660070956951,0.8052014126050344,0.9095901197654955,0.711319793181034,0.7973718172128315,0.7839210378725147,0.9167871362672442,0.9462956078988065,0.7839706735500116,0.4335004107483333,0.9186010717578384,0.987223264659325,0.9256224457974274,0.9222417549829334,0.736990728446114,0.944224018280163
2329.03590187,0.8774049446521711,0.8480663770829381,0.9032569902149838,0.8137931187116776,0.9809402251130804,0.3444050514066938,0.987075062617896,0.6260321609651532,0.8221965927883375,0.8771536867946308,0.8135325421964098,0.9201665588517407,0.8760012709026167,0.7746142527768769,0.7989429244380707,0.9072995319231637,0.7452670811049292,0.8293316485596982,0.7648430986716862,0.8789465669414581,0.9383123816575459,0.826812384184097,0.573913162429875,0.8953330550105129,0.9224442743933609,0.9270747121340756,0.9924266189629446,0.7338740555663107,1.0
2338.51911953,0.8486545618639637,0.9511407522492699,0.9317082937540987,0.743993624192862,0.9573090422326834,0.3399054855661689,0.9582005237171692,0.6482458558479193,0.8236054263930574,0.9025702590060791,0.8406201001994997,0.8811022393617168,0.8007906465577523,0.771718566273314,0.8340655207575305,0.8598713051946218,0.7322732110052379,0.9018092311880878,0.8183046647846638,0.9092848140970661,1.0,0.8376259252938765,0.7134809391219002,0.8601852520954291,0.9467305373208856,0.943973830301473,0.963320960403125,0.6771790666877037,0.8945406177960237
2348.0067416,0.9097599572754778,0.8666688511000772,0.9573191895924731,0.657005650888758,0.936996482956778,0.3864941216807137,0.9578964813392433,0.6550924844324345,0.8657776708079454,0.8904678409635592,0.8334000491617486,0.8912875158834198,0.8372306742996544,0.8316939570003731,0.794115614100179,0.9949139789969443,0.7173000750848392,0.8408541971058134,0.873635728769558,0.8594506203010203,0.8633996495940952,0.8835161646406482,0.7171501848866418,0.9112990028896841,0.9619990178678167,0.9137404758944578,0.9535489168586948,0.7583979170993757,0.8403367338989485
2357.49873856,0.8560571149266872,0.9029957783331592,0.9179422980612446,0.6802743158678971,0.8921570038733542,0.4553413232507798,0.9954782264665569,0.6600351315958112,0.8519258413177193,0.8296220114923307,0.8050283361342271,0.8510735861592416,0.7861655616297568,0.8334998520351516,0.8251523484488281,0.9410637429790194,0.7010934456423642,0.8909442703308121,0.811779826736073,0.9442314002094615,0.8991244077194177,0.8878801463629563,0.7707157477048495,0.9582306974447264,0.9661269589341113,0.9457206551109991,0.9855542478827751,0.6402567222482438,0.8416223637819384
2366.9950812,0.846989600001598,0.8980094230470693,0.8631970351482726,0.6856751823452297,1.0,0.6071206383800504,0.9520290423869561,0.6035186551881143,0.8566711718688581,0.8742165397583186,0.8806816139697544,0.9480397158552444,0.7792378079975871,0.877549995021361,0.765278166057726,0.8858321054668887,0.760486853147375,0.8469602001899025,0.8536237220815444,1.0,0.9573291656680928,0.8808941713290264,0.7304005150851588,0.8845730124824576,1.0,0.8569836217503817,0.9606974038541796,0.5716486887651757,0.8164379440595597
2376.49574055,0.8285274835600982,0.8917007503284026,0.879164441485482,0.7090802428502316,0.8792753499619999,0.6848895080434585,0.9993502053201455,0.6895668565085333,0.8554460806036513,0.9376241621466073,0.8018324770585211,0.8500477033073405,0.8008622330810649,0.8036560240386668,0.8409174675098855,0.9234201983889883,0.7705290862672779,0.9782018401779554,0.8774160562343642,0.9348229151913552,0.9580205103452593,0.8373281128969509,0.6012821731651257,0.8745578939381569,0.9293002463970097,0.8487240066072512,0.9955185267914699,0.5822908802808846,0.8305155169916634
2386.00068793,0.8655523440173195,0.8493269291583637,0.9433262708414704,0.6593327831951802,0.8990771853853774,0.7289867626659691,1.0,0.7210521100635643,0.9077628814028709,0.8113578171790606,0.8322022988625843,0.8657347485839694,0.7988496816730744,0.8386149360220821,0.8062080740269255,0.9735508551457663,0.6629085430298948,0.8443779275657326,0.8309905566672425,0.8762061135087464,0.8774484629502041,0.8289559172682992,0.5881430283067799,0.823044629003307,0.8851315807220983,0.8282984895368599,0.9514811108778594,0.5598943199487535,0.742947769929846
2395.50989495,0.913161409851554,0.8474541192273386,0.9544766505651835,0.7399026743476191,0.9934430251177014,0.815681994753102,0.9310750161766275,0.6833533779481391,0.8427893028924716,0.9079145388204425,0.7775986466916254,0.8933774626438666,0.8107522503413042,0.8707606637062152,0.7905972648689082,0.8844012627084532,0.7941404807075384,0.9289432379671446,0.7793633024037103,0.878905397448222,0.8830961630279043,0.7784144569308625,0.5989984717903477,0.6969866757518967,0.9290362144240214,0.830214876594739,0.9489091075308926,0.5166627408306237,0.78560853870179
2405.02333345,0.8683467528775979,0.8316280001829525,0.9493070369069958,0.8614663968014593,0.8857966917781572,0.8284732875320128,0.8940532302687285,0.6357848382098803,0.8431727178362365,0.8738318754626283,0.8098085828061714,0.8978491873162108,0.8442529576462027,0.8676277510314712,0.7651549971777064,1.0,0.7090330688900995,0.8208640003997122,0.8513052026412822,0.9133687828587213,0.9227482818744458,0.82305296698498,0.6296606697830899,0.676107127640615,0.8690555154599533,0.7859483813533997,0.8465106051090029,0.5642156471915857,0.7798692643359423
2414.54097557,0.9399920633609282,0.8544463068891589,0.9637486528659776,0.8450390618395827,0.8888831861435581,0.9502431569107799,0.993199737516398,0.6769057435119009,0.8741421848981278,0.8105738414057707,0.8563780284923499,0.8358581704923074,0.8177491372160729,0.8900230866905948,0.7598432517735918,0.8790853716044411,0.8004585134545031,0.847202122349626,0.8163248193845529,0.8358086146807394,0.9336357417624729,0.8150122305598159,0.7534955893953094,0.6926998064564973,0.86987529196415,0.775715418180975,0.8446966027023265,0.5533762023755614,0.778051101858972
2424.0627937,0.9550633439921047,0.8374776862356826,0.9188723395191961,0.8860259624609031,0.8270024076275941,0.9904491345998475,0.8612958830484438,0.6460030020107435,0.8761478596167867,0.8911413245263622,0.8165594861825322,0.857292020256467,0.8416995329961853,0.8483645784672432,0.7587134014652589,0.9111146631841126,0.7752204089626437,0.8734164436568339,0.7813953902604753,0.8534248825849469,0.894245421991806,0.8309897946781767,0.8024601648694633,0.6476812885898531,0.8341286369218863,0.6958755029013625,0.855017099486562,0.5817919966409747,0.7490112209766031
2433.58876046,0.7965651581166725,0.8877650453541135,0.923105809672447,0.903508895324062,0.8275300837424352,1.0,0.8401672928859607,0.6831641768075947,0.8708830286374465,0.9074562738813157,0.7912544121451373,0.901524900520016,0.8617172864460982,0.864373664384628,0.7275133107835022,0.8467568949172088,0.8275548480508311,0.8089545400038329,0.8875530764958266,0.7557457213203692,0.9653685180646807,0.8322757320395952,0.8519273298789982,0.6426785482641891,0.7464927732314357,0.702718060146525,0.8746695871276806,0.6130976070470903,0.7639643838584036
2443.11884877,0.9182818282631502,0.836991858706122,0.8502242939932219,0.9417956289563367,0.8625900197498373,0.9114896931376548,0.8400719965033793,0.7083667462572526,0.9184249993941622,0.8644395348217441,0.7384321454676622,0.9339020783876939,0.7388381759984439,0.822527460620947,0.8091578097019108,0.8077811577470705,0.7902856155732382,0.9248299330906847,0.9172398654897556,0.7855949695306352,0.8861624539218393,0.8086389948393791,0.7451950208366938,0.6173943219229567,0.8202320353797303,0.7222405089820723,0.9166000026275493,0.6095344998762965,0.7264628593685656
2452.65303176,0.7837437208702334,0.7532263234175942,0.9255173157115695,0.9562214641628487,0.824425055833148,0.9662583749480099,0.8217189899773475,0.7550147347213001,0.9010028406295347,0.8768176688320991,0.7949763033322707,0.9003791816962012,0.7787966195801594,0.8467955716611826,0.7627685013044955,0.9557832879922372,0.7745473759092211,0.8523670053135592,0.8797924289841075,0.7973948476490513,0.9151986071842703,0.8610258882022812,0.8220076205344372,0.6166850540814995,0.8114367302715357,0.6798304091704781,0.7481581350893373,0.6268094105191304,0.7641515533777636
2462.19128285,0.8760584457829822,0.7694522240764992,0.937292772733203,0.9492725699826566,0.878688780535179,0.9568234569931198,0.7618946201534761,0.6822384270912546,0.8668343390354502,0.9345760210162393,0.7918181374033723,0.8835504240021174,0.7552870798901605,0.90411501376223,0.7794278231544226,0.9198243871942858,0.8175164976725204,0.9371601583212602,0.8784729492170175,0.835585340683539,0.8837954993035163,0.7367261740294686,0.82728338758584,0.5590936545254497,0.8174596505507732,0.6979902858258519,0.7922271339949605,0.5647299510026743,0.7670891675201428
2471.73357568,0.8933572294412638,0.7830199012448082,0.8865521869972844,0.9682665876250225,0.7552958214573757,1.0,0.7674450521735331,0.7160288947061415,0.9788951625608997,0.8364794859074205,0.8295762331572458,0.8196791906722651,0.75242954675343,0.8635531430348654,0.7937650412808296,0.8455167294013218,0.8810183390807736,0.8532304431674016,0.8754948258031389,0.777577398377129,0.8979253199367785,0.8210104281325175,0.8061289119751412,0.5786332971592417,0.8513442290307989,0.6313685941400142,0.8550213520386181,0.573252896956983,0.8062999261019564
2481.27988414,0.833846514980274,0.7422550350158169,0.9383631499653798,0.9357528402573333,0.7712538683160042,0.925128172378092,0.7279339230492837,0.8282044702807055,0.8688996986993139,0.9326583244052993,0.849421621266632,0.8577562669569231,0.762811985240311,0.9335412194298683,0.7681879655078073,0.852173856330027,0.8576797033652466,0.7644175237028653,0.8467391606266783,0.824897166366901,0.906627520279861,0.7901654148498668,0.8553410035720658,0.6176919012877811,0.7514025337159234,0.6889017327376004,0.8406121260554903,0.5968701556026705,0.7514646052853913
2490.83018234,0.7707841005162686,0.7337897511106516,0.83260494838768,0.9933086353865829,0.757264384932725,0.9351301981369553,0.7060252135100255,0.7636881790093152,0.9196865962419708,0.9239173621332134,0.7514672454503434,0.904561331926138,0.8093957108468848,0.8495747151465699,0.7288211946816765,0.9768956133713487,0.8681449161198455,0.7566672009953229,0.8588543630408351,0.8043062470028159,0.9216536970943281,0.7653871210317287,0.9040290138183702,0.6254784582664507,0.8328717718257508,0.6738727365054828,0.7584605579684285,0.5002952439858475,0.8261604873865175
2500.38444467,0.7891392645937665,0.7376053657474573,0.9424462605396005,0.9859802298042923,0.7211432946927226,0.9430048482092735,0.8001536332378238,0.7986734737876772,0.8601509722013457,0.8019056043703502,0.8248501335787156,0.9272923784013235,0.8165687115038536,0.8812568821650072,0.6932914398816122,0.9241873569420251,0.918103270962861,0.8279186651102047,0.827551140998289,0.8621916389498578,0.928331646413318,0.6905846178544625,0.9830003458853768,0.5790564700292382,0.8570191627942796,0.6610405575078871,0.767628323650624,0.5215423540652234,0.8551964867463162
2509.94264572,0.7935184858741283,0.7754599334197034,0.9218477557350642,0.9154750029245357,0.759842689801634,0.9666908343532711,0.8638772656085164,0.796488183267833,0.8748331461834071,0.8593235899834517,0.7549680137802737,0.9179751661379875,0.8390148531066983,0.8274825299547853,0.7271018830086158,1.0,0.9070621906978712,0.858801892557669,0.7995288137698691,0.7458433675974055,0.8748981036700668,0.7693251798077391,0.9420865714841258,0.5286106757949208,0.8616022986144882,0.6511655121974099,0.7522431506492303,0.5630316552934707,0.7203427779227705
2519.50476033,0.7865348070696185,0.7336807684520545,1.0,0.8493422322473356,0.7384909009158199,0.9911759784668989,0.8711252912820407,0.7660072331602885,0.8843571608395273,0.8550276157933949,0.8331998233077432,0.8845107633596162,0.8082964101395138,0.9921063970701237,0.7032926147324855,0.9695181829018846,0.9079995238451523,0.8014909814641278,0.8866681142314121,0.7052973266312754,0.9095417060974824,0.7342842384206864,0.9380021656191211,0.5313300305860313,0.9429532920522338,0.7026873129424748,0.7621333724604343,0.531603781289661,0.817916347607046
2529.07076355,0.7773158945448964,0.7832590857238247,0.9824270555481693,0.8383737515148485,0.6959900207207651,0.9458774637811511,0.8577702327008832,0.763475194809663,0.9832558679924763,0.903740418129374,0.7701486791116177,0.9284964282294453,0.801779570580023,0.8761247870643342,0.6815097265309318,0.9421591092499209,0.979657805549782,0.8095331323354814,0.875906730810199,0.6855651229893047,1.0,0.7526555827885795,0.9208090325116278,0.5886338517903192,1.0,0.7346575543371382,0.7661314729588506,0.5659204753327989,0.8303653234491672
2538.64063068,0.7857052275671386,0.8493737470888965,1.0,0.8423262748002116,0.7697506943888135,1.0,1.0,0.7471700542447265,0.9077922157613035,0.8968388143985722,0.8064353063797137,1.0,0.8126415175321354,0.9228813401977644,0.6672502175595106,0.950685850880263,1.0,0.8510728807021957,0.9650891727079756,0.7707006458066595,0.9770225880053932,0.6910582864896462,1.0,0.6310016134431373,1.0,0.7341674072684291,0.8161081625368912,0.5618852167936458,0.7819260199487001
2548.21433723,0.822139668337783,0.8711869959221394,,0.898640674272977,0.7111541114165253,,,0.7813923661151627,0.9131940600754779,0.9095781845964828,0.8438480406504724,,0.8389219140602874,0.9069995401689179,0.7160035072199726,0.9254918151268523,,0.8608091459442184,0.8227134261420047,0.8211810565904597,0.8952746187472155,0.721389783507902,,0.7105319536446947,,0.7280104034322877,0.8561579216731195,0.507597426176081,0.7963568685213518
2557.79185893,0.7924741965264421,0.8866259667039942,,0.8347315762589029,0.7250974817465428,,,0.7950583877310721,0.8399055784804879,0.7737887492031825,0.7139596254977991,,0.7403772934814573,0.8638716608691545,0.7241039505186956,0.9585679751384504,,0.9669769827996231,0.7984983550635265,0.7850782565812598,0.9458476713347828,0.7413552804825065,,0.6884917439956646,,0.7761504434292171,0.8109544287637732,0.5507002169084267,0.8133286616491412
2567.37317174,0.859287083534387,0.8703075473313655,,0.8901043758709805,0.7002533504441858,,,0.8096066294624106,0.9191513572942553,0.9013411993913332,0.7868828285254418,,0.7389389828516935,0.831172141540958,0.6557312367745599,0.951561115893556,,1.0,0.9299058795805769,0.8061268224502388,0.9859495529634733,0.8029466454935437,,0.6423634986670612,,0.781962016565654,0.7962572794445031,0.57137949453425,0.813187712628987
2576.95825182,0.9584626453582569,0.9399455536050549,,0.9484300305862197,0.6846448445000858,,,0.8691436457246052,0.8612386343407517,0.8644423463835004,0.8456427617600746,,0.7868915468402773,0.9043542617714523,0.6412788966275226,0.9967596265572168,,1.0,0.8752171163665078,0.7787872864164247,1.0,0.7371086180454351,,0.6645501723208199,,0.7117134601841777,0.7673748311275389,0.538721066960461,0.8196279014825725
2586.54707556,0.8809863414119522,1.0,,0.9261149924034396,0.6821544963925501,,,0.6962767828684372,0.8806562465914317,0.754283021719932,0.8131012753782342,,0.7704456809100431,0.8756665839444006,0.6729750422849441,0.9453601328818712,,,0.9562671363146322,0.7914137582029649,0.9583772264653998,0.681262796413687,,0.7984037302805701,,0.743063945256743,0.7427212291214673,0.5017657223558424,0.7643776462860206
2596.13961955,0.8880498289675329,0.9286883069243798,,0.8926158854579826,0.7358596007618425,,,0.7839405085094825,0.939452560485576,0.8947027830407104,0.8729966966975472,,0.8178712321306612,0.9015934803547232,0.6183409587428991,0.995578312350219,,,1.0,0.716522443662532,0.9032803734981119,0.7760509338961636,,0.7290744799349412,,0.7396904105092162,0.7488707536127724,0.5486782111774746,0.8991321188389891
2605.7358606,0.9713210495513204,0.9077969770249935,,0.9048103860018923,0.6803048622737757,,,0.8419172328048187,0.8965521372503824,0.7820365065644795,0.760164080265064,,0.7287998002903802,0.9486453179543746,0.6524000897777765,1.0,,,0.8425647767821273,0.861266388757944,0.914119672334043,0.8312714507336677,,0.8537793038935301,,0.7663427578390495,0.725211160385211,0.5351405731700255,0.900356554765382
2615.33577571,0.7909133578573276,0.9633529719526241,,0.8590846673107999,0.7117140578964901,,,0.8626074613539203,1.0,0.865648515615651,0.829010328597814,,0.7468073498857581,0.9256137190951197,0.6795750490294236,0.9623553658904737,,,0.8746821511430216,0.7954713613611609,0.8796465070241116,0.7574942027298229,,0.8445744536255622,,0.7613162052247704,0.7818967799476487,0.5260120702322068,0.8128052497894799
2624.93934211,0.9833753976759863,0.902288423231177,,0.9468987606861554,0.6931352856412833,,,0.8373528032372811,0.9918723525794687,0.8009007034620343,0.8139267062347908,,0.8327355558028978,0.9445582132496262,0.5908704183968924,0.8846699579278927,,,0.8347106883166742,0.7136330086599659,0.8423086752898814,0.7373688847844939,,0.8852401552270086,,0.795200647076574,0.7956533895738515,0.5250794991284146,0.7796619548079587
2634.5465372,0.8922417633335032,0.8936649911292253,,0.9549155669124475,0.6933015798925094,,,0.8223421962445806,0.9369483200343984,0.8154520996825056,0.7854830529877056,,0.8494506632055616,0.9334368317093252,0.5837987823550974,0.9452850146206979,,,0.9059721078078041,0.6796388554675521,0.8808123017915365,0.7775497060295119,,0.9172736754664107,,0.7222127996868981,0.7040200692890581,0.4185877642295147,0.8655047430297251
2644.1573386,0.9329271664174414,0.9325314199816485,,0.8748555995481834,0.591438691645872,,,0.9178227032996698,0.9311363756138509,0.8417799282593378,0.7392338507645566,,0.7951968363097697,0.8470359221537509,0.6150957019454406,0.8498090778339903,,,0.8578726345685174,0.7737921461527016,0.9470360304390893,0.6934737986102584,,1.0,,0.7739321869186057,0.6812156345979631,0.524010514449139,0.8026969793295323
2653.77172414,0.9285239428389087,0.7747739733808299,,0.9652481609673843,0.6154186743933288,,,0.8959391005259795,0.9141591880604699,0.8068129619434545,0.7943684394162834,,0.8481373546306344,0.9957171394375133,0.5041792499513859,0.8709283871935957,,,0.7534920687082092,0.7306455497775546,0.8459031639376708,0.7377037579095846,,0.9039859016840606,,0.8911325530863695,0.746226130928441,0.5567791809263323,0.81875943426657
2663.3896718,1.0,0.8193945405135047,,0.9669541136196222,0.5142197735083015,,,0.8925295925601174,0.9454606817471499,0.703369674119518,0.9235793288812304,,0.8368314589539901,1.0,0.474081783161935,0.989859293981083,,,0.8134937171059081,0.6919232736407814,0.7850529643625118,0.6821272906420633,,0.877548177852451,,0.6034133928494726,0.6618303968664071,0.5199296680286062,0.7639534514859142
2673.0111598,0.8630122294536251,0.8319677602998305,,0.8918646002071201,0.5915121091018138,,,0.7826605692406163,1.0,0.8637045939127493,1.0,,0.8850079804913472,0.6557008206114502,0.31804686013032285,1.0,,,0.9233882587499957,0.8864828576988754,0.9418826231003701,0.5924036227307362,,0.5540719018819109,,0.6911429890617757,1.0,0.5190654940913507,0.8749738903511906
2682.63616654,,,,,,,,,,,,,,,,,,,,,,,,,,,,,
2692.26467058,,,,,,,,,,,,,,,,,,,,,,,,,,,,,
2701.8966507,,,,,,,,,,,,,,,,,,,,,,,,,,,,,
2711.53208585,,,,,,,,,,,,,,,,,,,,,,,,,,,,,
2721.17095516,,,,,,,,,,,,,,,,,,,,,,,,,,,,,
2730.81323795,0.7560016666924065,0.6222208225589324,,1.0,0.2668650130857616,,,0.7875303474888254,0.6453414863707119,1.0,0.7529353467286888,,0.5676480286336616,0.46431000653247473,0.10408010516674458,0.46721716769873156,,,0.15564003606572877,0.24500618730399787,0.34214064420025037,0.28541081395861595,,0.5983422696326216,,0.5075422836202784,0.8977627827720874,0.3135586765992974,0.32534354398086096
2740.45891371,,,,,,,,,,,,,,,,,,,,,,,,,,,,,
2750.10796212,,,,,,,,,,,,,,,,,,,,,,,,,,,,,
2759.76036301,,,,,,,,,,,,,,,,,,,,,,,,,,,,,
2769.4160964,,,,,,,,,,,,,,,,,,,,,,,,,,,,,
2779.07514249,,,,,,,,,,,,,,,,,,,,,,,,,,,,,
2788.73748162,,,,,,,,,,,,,,,,,,,,,,,,,,,,,
2798.40309433,,,,,,,,,,,,,,,,,,,,,,,,,,,,,
2808.07196129,0.9495416590279625,0.3845596442205712,,0.6248247217385992,0.17388150743497008,,,0.6137351145836295,0.8327834896044249,0.6219032779385344,1.0,,0.410145731922848,0.25318588767778843,0.38775686836052214,0.31587545991945754,,,0.3113737099533136,0.41499836689418235,0.3076356679562661,0.3507819708193636,,0.18640854412429406,,0.17722077560497373,0.40541483902874303,0.16829161222212644,0.11982609492056001
2817.74406337,0.8519665750955605,0.39052524760771945,,0.5454389995787836,0.2094949877124635,,,0.813320141415375,0.8734941231263839,0.6705070108341808,0.679465081475745,,1.0,0.2509403222439395,0.3453704085573701,0.6263061791350223,,,0.33392775768573235,0.45712295886134857,0.30553319862419887,0.2809768287123087,,0.20568256939681992,,0.2053461751907163,0.5595639125740274,0.14032788753787293,0.12589421691411926
2827.41938157,0.9137309426352551,0.30115429994061216,,0.39604336633037207,0.2403617134796418,,,0.7368360593355584,0.7509230583366545,0.7477226237231972,0.9477719813054524,,0.7673570567798114,0.21736187974837845,0.3500351361599754,0.43843017933728246,,,0.2897629404112066,0.4407808846970425,0.3238580484321104,0.3788130257253251,,0.17400002897312078,,0.17786956218642522,0.4953927614245634,0.14933060234314435,0.12775364160066172
2837.09789707,0.9076849395057388,0.3821590727943863,,0.40614499507662627,0.20598660896394339,,,1.0,0.8379271118505793,0.6410241476533465,0.766776412243134,,0.76930574545473,0.3018063072395854,0.3949247598136918,0.5597282226470441,,,0.30131407785992653,0.3548211669103409,0.3881867293027149,0.34815898598619827,,0.19774238056913793,,0.20751041052489866,0.39092462202082445,0.15327404898010263,0.08598242766063996
2846.7795912,0.7203841513457322,0.3759243381238294,,0.35906954292601184,0.25811725691778337,,,0.9127197849341435,0.8635820952392892,0.7084963042463901,1.0,,0.7667460085808179,0.26769401134278986,0.459032028573789,0.6329022520514587,,,0.3338507054932537,0.5238236988162542,0.4119933834696932,0.4112751597400309,,0.2382929906637277,,0.17340182324747958,0.4760545410669308,0.13649532455946664,0.1439083482872648
2856.46444545,0.8786354328873907,0.3130875587669609,,0.29383510505661065,0.2561727097073016,,,0.8284740141950353,0.7802337939198354,0.7352847605066792,0.8105089813777024,,0.775419845970955,0.2922678867102276,0.46874633168176105,0.6847347788134587,,,0.3279287068495523,0.43784380503448916,0.36447859608892513,0.34223276677054576,,0.3041496260714326,,0.18758563193995464,0.40785992805933297,0.13733299934279572,0.12699111622530848
2866.15244146,0.932393692770753,0.3149807292621548,,0.2442523533160507,0.26515506144964207,,,0.8459811708802624,0.9652871704195916,0.6306579830868067,0.8261299338010956,,0.7627258216173693,0.30495640123247697,0.4626925017247826,0.7013325310197375,,,0.33722813496145676,0.5579374633163144,0.4365177081890032,0.38518826367081854,,0.3487456521181794,,0.16782225837548215,0.3834342875097514,0.14015348507855935,0.11890876247688797
2875.84356103,0.920767507980798,0.29098413274695184,,0.25497896698540823,0.2588029093066786,,,0.9854286601872216,0.6931628936360923,0.6138088537846214,0.8859844229806654,,0.7786041521921988,0.2627329778449215,0.4916027878635909,0.6603424151010524,,,0.3237752001636807,0.5847037317829732,0.4077288322989201,0.4023646670850047,,0.39441170969574196,,0.19350969557911088,0.28553396934384745,0.126911467782872,0.12480090936800017
2885.5377861,0.8616147205152307,0.31748104668674876,,0.2892862985253795,0.22707056064750314,,,0.9083265498359478,0.7591560571131497,0.7046426122520032,0.7619336310405952,,0.8989983082672055,0.2599862904163113,0.5527063009270644,0.7447509693133776,,,0.4120208576985843,0.5980242239871237,0.458031007342383,0.38768293004886134,,0.3249577582491004,,0.20962192997245807,0.2772647943785056,0.13180080508931205,0.13743298808246676
2895.23509877,0.8375335620276861,0.27236663072933054,,0.300916665431169,0.26332173695485134,,,0.844064086544685,0.7442665225266065,0.7426913714166568,0.8611790868418133,,0.7446037386704567,0.2996053741801907,0.4445970113573773,0.6733879868752963,,,0.4022243887924716,0.4699687271628471,0.4514961866450328,0.45565585056538976,,0.3381649809098173,,0.23210249791863263,0.2657680766134148,0.1271860974576758,0.13646083063854536
2904.9354813,0.8219863900647498,0.28245111095926745,,0.421488975630309,0.2822237340538853,,,0.8071617488212107,0.8807719150907737,0.6311748246856039,0.7942207469496694,,0.7619431006251496,0.30553194134457995,0.4735249540989151,0.6949535195627247,,,0.3719832954392014,0.5612995339736067,0.4873609074530659,0.5070827546336539,,0.2848873202406155,,0.2366149573681614,0.24821817941962804,0.13161119515148995,0.12359821565144703
2914.63891606,0.8858200157432274,0.2640467939572425,,0.46189795627932034,0.2666526865667897,,,0.7269482349944626,0.8372132351576749,0.7326347082811592,0.8979683184261337,,0.73086810618218,0.256050481048626,0.5303874575939161,0.7545545368266108,,,0.3816201208576155,0.6371154520257759,0.5154092523274613,0.46530622715123665,,0.2901974061999874,,0.25739657549744366,0.20693906177728938,0.13224106235122762,0.1727891526617371
2924.3453856,0.967137788813366,0.2765910736765543,,0.5128670531994439,0.2699877069066522,,,0.9007108951819266,0.78419987079482,0.6962790795788226,0.8928455977117064,,0.7391900581528632,0.3300175645689427,0.5879036910836608,0.8188865860959609,,,0.5094868722738143,0.6181767798265945,0.4936717031761293,0.4210036676079041,,0.28756635522306917,,0.2580173772173985,0.21845388236910399,0.1346830630735005,0.15989445436162122
2934.05487259,0.780518154075344,0.2387938377584428,,0.5241437937669531,0.2727458211851739,,,0.8503069165118576,0.8771571338420855,0.7112392282623219,0.8818049183903877,,0.8517969303078411,0.2965092510731336,0.586255287485504,0.7413916819245113,,,0.5094516837238495,0.5701524681720341,0.6188777644110023,0.4237638153379567,,0.2742866342723631,,0.271303220028884,0.21973430580197412,0.14719362605295394,0.1841642583145453
2943.76735987,0.864562824047479,0.2960872592860958,,0.5709078211156207,0.2910814316904452,,,1.0,0.819283209243253,0.7775177944070346,0.9482995062898959,,0.8336487535615335,0.3312793924686119,0.6626016906506709,0.7175323394044776,,,0.5085723152347407,0.6329711630438386,0.4708227728652209,0.46176578596094464,,0.3135753316306543,,0.2722016756406045,0.2108408055805345,0.15845866660933916,0.1750136980765233
2953.48283039,0.8378887838354677,0.25414405104504845,,0.5761340345719282,0.3360585289916664,,,0.9233863413194644,0.9961145612482941,0.7390168730855015,0.8872274464821068,,0.8157734786101829,0.3467946646762364,0.5109622667337778,0.8430434704292628,,,0.4645010591673752,0.6690996621537625,0.5468650206896387,0.48185064742763645,,0.3443086028561766,,0.297419186681231,0.22129926824562973,0.16246333535528684,0.21905776655960818
2963.20126726,0.9676774327911857,0.2786476724331468,,0.5444586465469523,0.348703721215398,,,0.8696051177968585,0.8146301365063862,0.6929219959425736,0.7444039919305713,,0.794727924251928,0.3291137408237674,0.5580564901396944,0.7179748603592258,,,0.5313654846635499,0.6023138318977965,0.5945886578191772,0.48847393603649003,,0.31648934088371017,,0.32039916831939336,0.22053167281518707,0.17722742515003875,0.21825806609658105
2972.92265372,0.8843608893923283,0.2820560547481023,,0.6367679719188011,0.4037263058226344,,,0.8920345847979285,0.9172797156386735,0.7440929228296601,0.8392241159291206,,0.8181889796582601,0.35274382839522733,0.6621014786619487,0.909819311824969,,,0.5238738553364766,0.791900976624801,0.5620636855522195,0.4738644084543727,,0.32504472567637516,,0.34248053015198604,0.2200997575398345,0.17315238626257118,0.2432664120634932
2982.64697313,0.895179468840522,0.2834640993179593,,0.5751277420149995,0.38564156000644373,,,0.8941427908690492,0.7901369619163137,0.7387008571284356,0.8295497283454758,,0.7851099693033871,0.3401414010392908,0.8527508619146866,0.7544264026364879,,,0.5768452289495893,0.7650296436782562,0.5565363624481118,0.5689561696211266,,0.34216114725200175,,0.363581514226087,0.2660529569178952,0.17944932398844265,0.23428869017062043
2992.37420903,0.918207790194115,0.29827384711615307,,0.7156811598561367,0.4038003658607771,,,0.8464388859593817,0.8934399485018328,0.7430274047594932,0.9430427602868191,,0.8205034042882539,0.3949174787256787,0.7336800289908705,0.8649783359668939,,,0.6102979341612361,0.747434219474531,0.6116236170728107,0.5523513831026534,,0.32064531856746237,,0.41259368968654475,0.3032353544133387,0.21992685841236131,0.3031111146048297
3002.10434504,0.9704034595950329,0.3676401498255898,,0.6513562138102692,0.4523868239401116,,,0.8943691652527631,0.8346634838318445,0.8344201858042601,0.8901848758891433,,0.8625573077964005,0.4140936857359508,0.6294852481288841,0.8946454871720273,,,0.6137591722733549,0.7152616419394567,0.625263998837832,0.6151856875360059,,0.3922885263572385,,0.39636307515693514,0.31461983208943495,0.24379076904923092,0.32072351368979873
3011.83736494,0.9166339843847648,0.3572440233856543,,0.6680375834634525,0.43222818669477553,,,1.0,0.7840110823689758,0.7363983039879585,0.8657208846826596,,0.8002070132466517,0.5050153885583394,0.7586993644423263,0.8975626178857998,,,0.6078072427127856,0.7568922643394481,0.563663427612871,0.7493022032511919,,0.4306161770553729,,0.49109933667112526,0.3566821448285711,0.2548747471168253,0.3691337051784028
3021.57325265,0.730096578305932,0.4130725962273147,,0.6270846886384372,0.5358627949302903,,,0.890582619018408,0.7383199569850359,0.7355890096874299,0.8592842903595846,,0.8609496594171068,0.6009352454074094,0.8401102292896869,0.873716574528602,,,0.7496589368486924,0.7541252078382132,0.7898148948121583,0.5720262226052568,,0.4889100815605446,,0.4799984244688235,0.4670172981800421,0.30747710656169314,0.3545564367236106
3031.3119922,0.9941063750919436,0.4152529597278477,,0.7231408258966918,0.5702076618965806,,,0.827334399357151,0.860547189022265,0.806245811140985,0.8980942279238848,,0.7715842642213602,0.5869772939284403,0.8856523567062908,0.874236573657781,,,0.756073458491286,0.7507911007432587,0.7836807567277512,0.700788858262746,,0.5227969415577414,,0.48294503913969355,0.46559558726058176,0.3303842645860737,0.39668820617531325
3041.05356775,0.9911774876754236,0.4610240013816027,,0.9104301754484111,0.529966006808626,,,0.8416909118753697,0.951702978686841,0.839161283197297,0.9588397263104989,,0.7904889533592473,0.6515589234268475,0.8782097023087112,0.7713612991017629,,,0.8079606900082084,0.8411257839064568,0.6237200549501103,0.7478913750224634,,0.5069358674008262,,0.5715753209569593,0.4421252600892826,0.418384885182745,0.5379453615326252
3050.79796359,0.9462336771686763,0.5532342019754216,,0.8664650259065767,0.6373809461039966,,,0.9473621267373752,0.8927359783262765,0.800539938143576,1.0,,0.8942462502789633,0.7263927124523963,0.8544514472284183,0.8429358178534324,,,0.8813255308186192,0.9243945545698731,0.6350484724035682,0.7871176836512047,,0.5506146620471706,,0.6038533977024251,0.46565031300893955,0.3897161473066921,0.46842879462173825
3060.54516415,0.8838673517320748,0.6336833762656652,,0.8193741870466366,0.6714167767546242,,,0.9563968615355662,0.7956260990682179,0.7392165822404383,0.9571174958453552,,0.8606477740252205,0.77819205149654,0.9408163558776571,0.9635188546968418,,,0.9192561064633018,0.8590879307190541,0.7019403528555923,0.8267837353401756,,0.6600833754862715,,0.6569491454442121,0.5754682743709025,0.4237182181213312,0.5657815846980084
3070.29515395,0.9957055653864063,0.6504200525341791,,0.8709209600582732,0.7681967114822144,,,0.9500711605340831,1.0,0.8347132010037144,0.9398659866801408,,0.9417354603052492,0.7725406148274646,1.0,0.97582653014888,,,1.0,0.8642457353189696,0.8007505531130263,0.8937739656089426,,0.6511423391383725,,0.765497123813102,0.6409360703338831,0.5147974217841409,0.7055499280593407
3080.04791767,1.0,0.6615976175628654,,0.9355699985859969,0.917839343320343,,,0.8771138009859557,0.9507445815685227,1.0,0.9977620901319761,,0.8612662925681714,0.7584068236477228,0.905044416337817,0.8650801245031904,,,0.991473160011822,0.9290474489676084,0.8567652578532968,0.842447748356121,,0.6958089750998253,,0.7360145887639715,0.728952434703104,0.6419814111736946,0.7489558704638579
3089.80344009,0.955975091370948,1.0,,0.8907079184775806,0.894104747725426,,,1.0,1.0,1.0,0.9166099320167659,,1.0,0.8928685717913929,0.9688459749190936,0.9880344689405614,,,1.0,1.0,0.8601391664527259,0.9811835995592384,,0.9012182711996694,,0.7920453905296949,0.9154308912882959,0.9014274878018879,0.9098871046724116
3099.5617061,1.0,1.0,,1.0,1.0,,,1.0,1.0,1.0,1.0,,1.0,1.0,1.0,1.0,,,1.0,1.0,1.0,1.0,,1.0,,1.0,1.0,1.0,1.0
