,CAGR01 Calcite,F1CC06B Magnesite,HS433 Halite,LAZE03 Prehnite,bkr1jb329c Siliceous-sinter,GDS26 Epidote,GDS1 Analcime,NBPP22 Clinopyroxene,LAPP47B Orthopyroxene,LAPO05 Fayalite,LASC02 Forsterite,GDS27 Hematite,NCLS04 Plagioclase,LACL14 Chlorite,LAKA04 Kaolinite,LAIL02 Illite,GDS106 Margarite,c1cy29 Vermiculite,LALZ01 Serpentine,LAMO02 Montmorillonite,NCJB26 Nontronite,LASA58 Saponite,GDS23 Talc,F1CC08B Alunite,GDS145 Bassanite,LASF41A Gypsum,LASF21A Jarosite,F1CC15 Kieserite,799F366 Mg-sulphate
Category,carbonates,carbonates,hydrated silicates & halides,hydrated silicates & halides,hydrated silicates & halides,hydrated silicates & halides,hydrated silicates & halides,iron oxides & primary silicates,iron oxides & primary silicates,iron oxides & primary silicates,iron oxides & primary silicates,iron oxides & primary silicates,iron oxides & primary silicates,phyllosilicates,phyllosilicates,phyllosilicates,phyllosilicates,phyllosilicates,phyllosilicates,phyllosilicates,phyllosilicates,phyllosilicates,phyllosilicates,sulfates,sulfates,sulfates,sulfates,sulfates,sulfates
Sample ID,CAGR01,F1CC06B,HS433,LAZE03,bkr1jb329c,GDS26,GDS1,NBPP22,LAPP47B,LAPO05,LASC02,GDS27,NCLS04,LACL14,LAKA04,LAIL02,GDS106,CY-PLH-029,LALZ01,LAMO02,NCJB26,LASA58,GDS23,F1CC08B,GDS145,LASF41A,LASF21A,F1CC15,799F366
Species,calcite,magnesite,halite,prehnite,siliceous-sinter,epidote,analcime,clinopyroxene,orthopyroxene,fayalite,forsterite,hematite,plagioclase,chlorite,kaolinite,illite,margarite,vermiculite,serpentine,montmorillonite,nontronite,saponite,talc,alunite,bassanite,gypsum,jarosite,kieserite,mg-sulphate
Subgroup,calcites,calcites,chlorides,prehnites,hydrated-silicas,epidotes,zeolites,pyroxenes,pyroxenes,olivines,olivines,hematites,feldspars,chlorites,kaolinites,micas,micas,micas,serpentines,smectites,smectites,smectites,talcs,hydrous_sulphates,hydrous_sulphates,hydrous_sulphates,hydrous_sulphates,hydrous_sulphates,hydrous_sulphates
Group,carbonates,carbonates,halides,inosilicates,mineraloids,sorosilicates,tectosilicates,inosilicates,inosilicates,nesosilicates,nesosilicates,oxides,tectosilicates,phyllosilicates,phyllosilicates,phyllosilicates,phyllosilicates,phyllosilicates,phyllosilicates,phyllosilicates,phyllosilicates,phyllosilicates,phyllosilicates,sulphates,sulphates,sulphates,sulphates,sulphates,sulphates
Library,MICA_new_dirtree,MICA_new_dirtree,MICA_new_dirtree,MICA_new_dirtree,MICA_new_dirtree,MICA_new_dirtree,MICA_new_dirtree,MICA_new_dirtree,MICA_new_dirtree,MICA_new_dirtree,MICA_new_dirtree,MICA_new_dirtree,MICA_new_dirtree,MICA_new_dirtree,MICA_new_dirtree,MICA_new_dirtree,MICA_new_dirtree,MICA_new_dirtree,MICA_new_dirtree,MICA_new_dirtree,MICA_new_dirtree,MICA_new_dirtree,MICA_new_dirtree,MICA_new_dirtree,MICA_new_dirtree,MICA_new_dirtree,MICA_new_dirtree,MICA_new_dirtree,MICA_new_dirtree
Sample Description,,,,,,,,,,,,,,,,,,"LLANO,TX",,,,,,,,,,,
Date Added,,,,,,,,,,,,,,,,,,19-Jul-90,,,,,,,,,,,
Viewing Geometry,,,,,,,,,,,,,,,,,,"i=30, e=0",,,,,,,,,,,
Other Information,,,,,,,,,,,,,,,,,,,,,,,,,,,,,
Composition,,,,,,,,,,,,,,,,,,,,,,,,,,,,,
Resolution,,,,,,,,,,,,,,,,,,,,,,,,,,,,,
Grain Size,,,,,,,,,,,,,,,,,,0 - 500 µm,,,,,,,,,,,
Locality,,,,,,,,,,,,,,,,,,,,,,,,,,,,,
Database of Origin,MICA Files (USGS/RELAB),MICA Files (USGS/RELAB),MICA Files (USGS/RELAB),MICA Files (USGS/RELAB),MICA Files (USGS/RELAB),MICA Files (USGS/RELAB),MICA Files (USGS/RELAB),MICA Files (USGS/RELAB),MICA Files (USGS/RELAB),MICA Files (USGS/RELAB),MICA Files (USGS/RELAB),MICA Files (USGS/RELAB),MICA Files (USGS/RELAB),MICA Files (USGS/RELAB),MICA Files (USGS/RELAB),MICA Files (USGS/RELAB),MICA Files (USGS/RELAB),RELAB,MICA Files (USGS/RELAB),MICA Files (USGS/RELAB),MICA Files (USGS/RELAB),MICA Files (USGS/RELAB),MICA Files (USGS/RELAB),MICA Files (USGS/RELAB),MICA Files (USGS/RELAB),MICA Files (USGS/RELAB),MICA Files (USGS/RELAB),MICA Files (USGS/RELAB),MICA Files (USGS/RELAB)
Reflectance,---,---,---,---,---,---,---,---,---,---,---,---,---,---,---,---,---,---,---,---,---,---,---,---,---,---,---,---,---
900.0,0.884327426689418,0.901700148626433,0.9010566735315049,0.7345053209480171,0.5692718482611824,0.25686991833923173,0.9073774281634244,0.21667078858965114,0.12555299795308647,0.2236637963935559,0.3340306836260147,0.24480749924588976,0.32964806028087085,0.2759434102713442,0.9325319925697442,0.43832820102554293,0.40961044815599995,0.7413950233613551,0.4010166395157763,0.5791397350176837,0.3839410341602081,0.9116518077388187,0.5598514068310722,0.8691565931589305,0.9226079652162593,0.9438238567711182,0.41071746383815766,0.8540664790210298,0.9493349124517724
903.28574336,0.884032787313616,0.9015915670770389,0.9007666318522243,0.7344116169323343,0.5693024160102503,0.2559532407577537,0.9075461472064823,0.2138602908123772,0.12467061134495448,0.2225798797174329,0.33127447488826406,0.2466354953252414,0.32957143952165896,0.2763187337636822,0.9326851130190422,0.4383663030888369,0.4094362549728942,0.7416530575547482,0.4013460384155581,0.579372207496519,0.3833773324714737,0.9109286085547014,0.560933665740013,0.8690908210911615,0.9220202493760875,0.9435100810273115,0.40970116953710956,0.8540847675608182,0.9491901612210915
906.618278421,0.8838748283073271,0.9012347356130448,0.9003877499496825,0.7343999945265619,0.5693062475464813,0.25511099159205947,0.9070646155134173,0.2109631749958186,0.12421520462075629,0.2215837098631487,0.32848160536472715,0.24874263617260592,0.32944926033195315,0.2768504888802328,0.9327675503682219,0.43851034442913855,0.40917378916266184,0.742122936206981,0.4015804146936288,0.5793006506677674,0.3829151071323183,0.909962818198147,0.5618530756010982,0.8690674771960826,0.9214474722841318,0.9432085420198204,0.40902281441239063,0.8541706694015728,0.9488110614748397
909.999291084,0.8838967067077266,0.9007466229769275,0.9000025269459645,0.7345441410141613,0.5692912878885441,0.25430630022355327,0.9059712171221044,0.20793481303310987,0.1241716258255555,0.22066113225663844,0.32550864015079833,0.251104061159647,0.32929043718134815,0.2774921647498571,0.9328288236533246,0.43877292561066134,0.40891123375417354,0.742806362298693,0.4018410703412942,0.5791618495572249,0.38249768539059203,0.9093253590851464,0.5625749631018592,0.8691421001758791,0.920878638844479,0.9428931946854614,0.4086443635461395,0.8542478223015404,0.9482632703971078
913.430570243,0.8838791279883085,0.900657106343441,0.8997775331832499,0.7347494469225228,0.5692775963608113,0.2533757175646198,0.9046903419892673,0.20476035823640132,0.12421877329620905,0.21968211554371275,0.3221148750378364,0.25361215318448804,0.3291778734851651,0.27819707090031026,0.9327707443102596,0.4389239826897331,0.4088246335364888,0.7433391154119924,0.40229638900707937,0.5792345463792348,0.38209208047586196,0.9095332868844749,0.56317853000994,0.8694540103716031,0.9202396814283801,0.942595989418716,0.4086613391085525,0.8543188832912163,0.9479736467620852
916.914016797,0.8838612796565595,0.9005572370007399,0.8998757772900743,0.7348696663361833,0.569298653943323,0.25218316789367307,0.9034406771121538,0.20137192944989452,0.12459079401141548,0.21860381724267033,0.31843020946112527,0.25624405736836015,0.32910530547948097,0.2788866238743689,0.9325991453394185,0.4389181930017654,0.4090799371253405,0.7438083622827445,0.40278075277258746,0.5793766146231004,0.38188115024556674,0.9094287556237086,0.563678578018508,0.8701098357395355,0.9194862147851564,0.9424888811258788,0.4088104110338195,0.8543585553147628,0.9477052533891797
920.451653694,0.8840775451544524,0.9003000024253128,0.90026358604262,0.7349416930258074,0.5692369183570711,0.2507782807011629,0.9021791911081269,0.1978680981295823,0.1253252222542702,0.21747213975232413,0.3146866285613546,0.25913361316256234,0.32899391112527016,0.2795548083766496,0.9326554274721216,0.43892838343759644,0.40960213706405996,0.7441667326572312,0.403220225491018,0.5796051550994691,0.38184239193789304,0.9086583859263245,0.5641157455801937,0.87084856504977,0.9187582945854205,0.9423695061448505,0.40910875126981766,0.854334470906387,0.9473374066820897
924.045637162,0.8845563519360511,0.900118642693055,0.9007670637585297,0.7351118776662257,0.5688969585672095,0.24934570839284179,0.9006898116952743,0.1943824318527126,0.12625013983816205,0.21637677145629913,0.310940005607894,0.2625662825434897,0.32875018302836,0.28036027529350677,0.9330683055667948,0.43909726891848083,0.41013677453792136,0.744224054928388,0.40357228060483896,0.5801147957912418,0.3818138836053637,0.9078046079067191,0.5645606304473032,0.8712950458959352,0.9183598299667133,0.9419298664535849,0.40975569889251934,0.8542613037922571,0.9469307709219819
927.698269301,0.8846595840787227,0.9000386086982554,0.9012690373612867,0.7353332312332297,0.568300235584549,0.24800543223909502,0.898799248640382,0.19077445957675487,0.12742239762616633,0.21536617808076575,0.3068314976756519,0.26680050989923715,0.32838560674541956,0.2815896217643941,0.9329224336223119,0.43918604191610405,0.41054386011596294,0.7440411988810702,0.40363245052004,0.5809343674915161,0.38186783464837615,0.9070471605038258,0.5650000433189193,0.8716170601084939,0.9184682293016634,0.9415161753563334,0.41057218658799355,0.8542311017499521,0.9463738556453649
931.412012249,0.8845932702246528,0.8999242923264634,0.9015447661882094,0.7353507805742333,0.5677522820189153,0.2467952596018678,0.896598346253677,0.18719613550569328,0.12880856369663876,0.21443665897438544,0.30238597737943623,0.2715191366907883,0.3280540730059071,0.28291546608820467,0.9325159202669637,0.43937403259856483,0.4108968044605364,0.7437432284660993,0.40400304080469324,0.5819971074359838,0.3820850245187596,0.9062182290079132,0.5651323420445207,0.8719969144111692,0.9185013351407649,0.9413732510903599,0.41141919887738054,0.8541093092786353,0.9456841556574095
935.189504163,0.8846340266073263,0.8998471585161011,0.9013664877877062,0.7351794778757919,0.56725702317588,0.24571018426654614,0.8942622235510512,0.18377069915253716,0.1305579276439184,0.21354369034863013,0.2977765697075468,0.2762728577009282,0.32776925577152544,0.2840672563962589,0.9322972722408295,0.4397406139389803,0.4113080077938073,0.7431025310612771,0.404967237068577,0.5827188353146678,0.38237899355621036,0.905238786994776,0.5645170604429723,0.8724127358382985,0.9177482279971845,0.9414714710141444,0.41251367752048806,0.8537429235629467,0.9448490097669773
939.033577299,0.8845834228050966,0.8999907502122719,0.9006867944438186,0.7351726951047625,0.5664688986182037,0.24467570298394156,0.8919307588362884,0.1803640541876515,0.1329684083541773,0.21264212562628823,0.293037103806526,0.28092939859242855,0.32734496254454926,0.28523925022267715,0.9320065872348112,0.44001362332052296,0.41174519152988936,0.7416893111384972,0.4058935108876134,0.5825052460460753,0.38259556127795363,0.9037444966628271,0.562603577180117,0.8725960556280427,0.9161325332728726,0.9414772212011014,0.41411818961668395,0.8531139592246691,0.9438154293181272
942.947278561,0.8845999652412186,0.8999559810678598,0.8997638616890075,0.7352593395335608,0.5657067156436922,0.24350510807457393,0.8897640888903423,0.17695234793224995,0.13580769244202853,0.2117403121855116,0.28820681941645493,0.28562894560148516,0.32680782752952064,0.2863978678584014,0.9317182063308098,0.4403138280163177,0.41204575113685915,0.7399860928069886,0.4066064550237251,0.5824440557634945,0.3829268186779319,0.9003487222975667,0.558950733596584,0.8722868178829607,0.914313357506215,0.9409077596654195,0.41565086887026453,0.852184404397482,0.942831148691757
946.933892918,0.8846167157191441,0.8998999306327157,0.8991095680538915,0.7353424179708692,0.5653178418619386,0.242272856317405,0.8875550695191706,0.17352945635102746,0.1390552359197256,0.21077254722315197,0.28335471523520067,0.290675637717505,0.32616962077516476,0.287455891714887,0.9313339027882388,0.44063099248232457,0.4123099979215306,0.7390876675076815,0.4073343224417756,0.5828185398350637,0.3834857546860445,0.8968145147998945,0.5555437198130313,0.8718986705310597,0.9127160372385612,0.9400563540370792,0.41716291049087534,0.8510564373247057,0.9418770836749876
950.996970209,0.8845653879954122,0.8999994000238847,0.8993432928259691,0.7354452881008823,0.5651786899123122,0.2412144218855126,0.884778918928646,0.17019577722809848,0.14280615318164633,0.20973516548037488,0.2784636156104427,0.2964842073578694,0.32552454104547623,0.2885062342464363,0.9305111122229408,0.4408526953924651,0.4127877778428166,0.7397412493722944,0.408318629477141,0.5831867823313,0.3841347533515349,0.895920806579864,0.5558226935726299,0.8717372205134504,0.911525190862808,0.9393392756298844,0.4188134676999043,0.8498628049405379,0.9405582078279889
955.140355948,0.8845396725929815,0.9000690956794661,0.9003867106884412,0.7355875904012754,0.5649052433435853,0.24031103379241647,0.8807390931736019,0.16705742448933952,0.1471210950526879,0.20874178291674153,0.27342984459142705,0.3032983119364529,0.32494749169172854,0.28974235118092934,0.9295104217217365,0.44101930166521125,0.41337794205643025,0.7414184920427273,0.40958846672924953,0.5832966838288416,0.3847644854696667,0.897092947338177,0.5603113680034428,0.8715764593535443,0.910700513730477,0.9384745087048552,0.42060866014282194,0.8486796461117663,0.9385066589147844
959.368226885,0.8845920017676561,0.9000483146499748,0.9011882586467139,0.7357073917119056,0.5644532073258962,0.23920475505139527,0.8748964874222636,0.16405838819879429,0.1521495021217236,0.2078567471777116,0.2682331136376247,0.3109129100828532,0.324317613842172,0.291153930691134,0.9291924571043139,0.4413371096406072,0.41360484750337634,0.7428099313530012,0.4110294705884895,0.5833279029081305,0.3855292097300106,0.8969984520921348,0.5649438776765404,0.8711345307699281,0.9098615710166477,0.9370699941239653,0.42279236748602517,0.847495723689143,0.9358748365758252
963.685132242,0.8847040468267364,0.9000704495830473,0.9015365884423594,0.7358104738293375,0.5640524520418856,0.23788649157289454,0.867634114554813,0.16123167819051382,0.15801781551786104,0.20701979116161207,0.26296301840434366,0.3189561674032646,0.32365357456310095,0.292514290575276,0.9291259643006675,0.4418878775119365,0.41369894269558927,0.7438879016733194,0.41256749322649494,0.5834801518063947,0.3864197449693136,0.8965419581545776,0.568064821400832,0.8702505016107713,0.9087149976998015,0.9358501835606349,0.42524201326092836,0.8461602002846912,0.933137336850364
968.096041789,0.8846060190305519,0.9001614946113613,0.9017678051673761,0.73580609565746,0.563823065712234,0.23655538131866527,0.8607780594299527,0.15855174411368106,0.16476401346728559,0.20619103813298154,0.2575871756967909,0.32706304592372715,0.3228635832862971,0.2936569693497335,0.9299516212812843,0.44259687165749884,0.41427725056994424,0.7448238501552119,0.4141560495412391,0.5836109069061318,0.3874442645733699,0.8970510661048281,0.5698611085366432,0.8689835283457142,0.9072228352826479,0.9344855030603508,0.4280595916378799,0.8448191576182966,0.9304867511384041
972.606402173,0.8846607205259259,0.9002038462948657,0.9018238649731527,0.7357909350725026,0.5637805342124261,0.23523022747504482,0.8582125850528911,0.15607115646064218,0.17238773864055396,0.20510490443553586,0.25226267386011514,0.3353884665417493,0.32194974027430734,0.29468928256801763,0.9318618474875676,0.44327153504234856,0.4152449069620137,0.7457101841415368,0.4156675551189497,0.5839303523441263,0.3886991006703044,0.898266256718271,0.5706902847417111,0.8673635938543733,0.9061101278562712,0.9330527512811667,0.4315808757418002,0.8435852806342311,0.9279137724524916
977.222203311,0.8848518638157117,0.900069285463218,0.9012369206638617,0.735909090227082,0.5638412989405066,0.2341890936147139,0.8601869749206885,0.15378487005843294,0.18107081370695144,0.20391990686846928,0.24714748480256257,0.34410378312148515,0.32099854923483073,0.29574121532911585,0.9337196648411111,0.4438183646977117,0.41622425985372485,0.7465071192976475,0.41698538190078394,0.584881601442145,0.3900711125410848,0.8992293618679739,0.5710469728840033,0.8653187081338971,0.9059434636778456,0.9316797260389742,0.43551259013450155,0.8425265177558132,0.9256957812771431
981.950057134,0.8848122780333083,0.8999555475793851,0.9005829473149645,0.7360740704876038,0.563956747390801,0.23344430555232865,0.8643818463484998,0.15167015834247433,0.19085661680386035,0.2028301748948554,0.24202474953949843,0.3531550700555707,0.3201271333702127,0.29676577542086935,0.934878331826291,0.44429693081067373,0.4170661614766499,0.7471986201888599,0.41807819193622486,0.5860399093266454,0.3914946076371544,0.8997799461717787,0.5715476715924834,0.8627934149104295,0.9066367015763683,0.9300411955523555,0.439302356279619,0.8417146703531492,0.9245005564922253
986.797291589,0.8847407500099482,0.8998799155581322,0.900826826580439,0.7360985870189287,0.5640105550089691,0.2326827350146851,0.8699425524820348,0.14971746411362297,0.2015580842052343,0.20173638892264886,0.23680020605170038,0.3625801504883749,0.31924955402270705,0.2977119253453999,0.9353876466786392,0.4447276216309222,0.4177426562525963,0.7478658351558731,0.4190013397078371,0.5866686351262659,0.3931870197049309,0.9002078334617464,0.5723140218609007,0.8600142686139637,0.9078632027787763,0.9284175939773309,0.4432313597818072,0.8409567971172655,0.9243499534336166
991.720028203,0.8847688497220347,0.8997467129229861,0.9013727098080301,0.7359630734717191,0.5638911652206663,0.2320481724055356,0.8759704719045108,0.1479677824776104,0.21318952816199196,0.20061479078122443,0.231735596780779,0.3724362324536447,0.31813609126804937,0.2985363821366937,0.9355545326452395,0.44507560189873807,0.41824775382193186,0.7484348448622756,0.4198270217288195,0.5867189029680687,0.39513881556920666,0.90073904627529,0.5729889249245784,0.8575412166278826,0.9092929251390226,0.9271565396059646,0.44757214628060205,0.8400887620256913,0.9247092593259392
996.671068522,0.8847576121437459,0.8997802278999703,0.9010041465145777,0.7357499920070725,0.5638206055474922,0.23147183257052575,0.8812840901979311,0.14655049371420786,0.22598418682249724,0.19941635814030073,0.22698573583925338,0.3825964470564332,0.3168919228823426,0.299195383661804,0.9362135908804154,0.44541475941596687,0.41840111156782595,0.7488240786834709,0.4206346563724906,0.5869866381882565,0.39708588148977214,0.9014733457248648,0.5735068431721759,0.8560021919011261,0.910837174263019,0.9265078929478833,0.45203745977779825,0.8393583887267626,0.9252593622667737
1001.65061855,0.8844871754775702,0.9000863695184422,0.9002984176962044,0.7355534578877625,0.5638982880492576,0.2307280054853665,0.8857843743879257,0.14550056152733845,0.2400229105215453,0.19824604483097963,0.22263787543497573,0.39286296237491775,0.31576121922860206,0.29976233638640437,0.9367562342922635,0.4458144880851213,0.41826418858752573,0.7490439675348798,0.42139472768466896,0.5878728841152112,0.39909526466905965,0.9022084544369599,0.5742181634234123,0.8559204026538755,0.9124499292450791,0.9269600978172767,0.45676409714779037,0.8391187679905295,0.9258707397698996
1006.65888632,0.8838122811760968,0.9006713423692831,0.9004189582389636,0.7354942822938249,0.5638786939134639,0.22997597700135283,0.8896378173172884,0.14481952875763093,0.2551355170525829,0.19711780385659813,0.21862433094588798,0.40307137628154255,0.31471566569962933,0.3002548094523556,0.9365727234700316,0.4462365640238228,0.4181946579196964,0.7489938643584785,0.42203495542254077,0.5881556652227072,0.4013336653424468,0.9030891865982744,0.5751587429123285,0.8573451277173033,0.9138227266984024,0.9283058724607409,0.46187952617239947,0.8392141898476264,0.9269265261544921
1011.69608192,0.8833181312581506,0.9011729130458728,0.9008649593358834,0.735524717955688,0.5636412517828748,0.2295277750179029,0.8923883813322664,0.14444467777624864,0.2712311870646291,0.19610982368885677,0.2150171390911895,0.4130250493350877,0.31362355146313475,0.3006994335193884,0.9365628186092224,0.44668547056330177,0.41814359454469635,0.7488311931970999,0.4226490173493299,0.5880022036515313,0.4036452249539235,0.9040821742914703,0.5759158686255698,0.8600926696740259,0.914834413349769,0.9300954773555636,0.46729831637625013,0.8390852780042724,0.9285018061608827
1016.76241755,0.8833496086702778,0.9015064393391862,0.9012295264926248,0.7355842680082788,0.563474258508151,0.22961943234728419,0.8945249497259606,0.14433670680164754,0.2881699924061975,0.19524251136093107,0.2117895005165327,0.4227287827181049,0.31259917367380297,0.3010934942083353,0.9370852821931897,0.44703304226586177,0.41811706725703457,0.7489431706986908,0.42334292808210733,0.5880711073493108,0.40597214043196034,0.9051015355939558,0.5763586521480866,0.8639179582049532,0.9156676464745304,0.9315759111876297,0.47290831272704137,0.8388482603453744,0.930267690578521
1021.85810749,0.8836386455388604,0.9016018550601352,0.9009910200667444,0.7358019402775808,0.5634002422006396,0.22986380104617934,0.89611863443756,0.14453776762875212,0.3058859216155767,0.19439674271114388,0.2087471828241031,0.43223235666310367,0.3116028003494257,0.3013875227607536,0.9377868352098392,0.4471680612853613,0.4183819801283672,0.7491582990586158,0.4241878045349024,0.5883535721367665,0.4084924393322567,0.9056772917690472,0.5769470163930681,0.8684464086638234,0.9164152877672236,0.932763667803629,0.4787471385443458,0.838855888119355,0.9320576312869625
1026.97288016,0.8839356250284623,0.9016786481885698,0.900238765235373,0.7361892792831688,0.5631432396441405,0.23003036083898373,0.8970648212044022,0.14501801286981114,0.32404064018487666,0.19360969418525287,0.20607536220662367,0.44140383414163725,0.3105819033580757,0.30159145315245384,0.9383344348702025,0.447253116368353,0.4187389120898429,0.749436770352767,0.42489499214501786,0.5889804390356966,0.4111464136379218,0.9061228922397436,0.5778604769269259,0.8729565159092034,0.917061770372693,0.9343231618878732,0.4849249316181713,0.8392216636606132,0.9339566554845754
1032.10649695,0.8840140885416684,0.9018249983638345,0.8998062472658714,0.7364618135655862,0.5628751337179495,0.2303899499398031,0.8972297852031077,0.14581823118687895,0.34266688691167796,0.19274509079244398,0.20397503440074755,0.45025601839534835,0.30963552230053804,0.3017273571862476,0.938974111236031,0.44753134354040536,0.41877739515292334,0.7499483689870885,0.42519383032755165,0.5896969750088,0.41382147400127767,0.906910523313477,0.5789721098665657,0.8762655588676603,0.9176118757916003,0.9360189271895029,0.49146392621983065,0.8397630190615666,0.9358156859150955
1037.25897753,0.884003897007767,0.9019362009109029,0.9000677542663723,0.736575665019327,0.5628059099550381,0.2309127491794209,0.8971119064941373,0.14696190544501733,0.3617753742965385,0.19188084156559687,0.2024271007981372,0.45866941747490425,0.30868428441459206,0.30187876599975366,0.939426585097933,0.4478614258227237,0.41866613585609813,0.7506176483940581,0.4253727194780005,0.5904199951715269,0.4166400879263823,0.9075300783452973,0.5803619715038039,0.8785521876980914,0.9181083802901153,0.937374641324328,0.49820405952082286,0.8403940489772199,0.9376106281530199
1042.4303413,0.8837574656879281,0.9021406037585933,0.900652710790471,0.7366977956880743,0.5626910438842329,0.23151351710903195,0.8974870238257143,0.14839818687826803,0.3810270186667983,0.19126191651976898,0.20122793901017222,0.46668804613169207,0.30765879123269224,0.30204234540641356,0.9399032239747892,0.447961856677766,0.4186876272038533,0.7513845931995977,0.4256924426662866,0.5907944421331326,0.4195505237721473,0.9079324278923747,0.5818793082309638,0.8802431446485207,0.9184933694993389,0.9386470897227108,0.5050920030762771,0.8411631145165295,0.939338056596929
1047.62060737,0.8835334091774204,0.9022667906568848,0.9008403611425854,0.7368324154176905,0.5624330897732934,0.23232676401629393,0.8978701078161049,0.1501193746712877,0.400176009572198,0.19067984286664588,0.20034161199878245,0.4744303637757312,0.3066550177590296,0.3022837231392979,0.9403488141091558,0.448001961877548,0.4188565340200698,0.7521818406257783,0.4258159782000017,0.590713421961026,0.4225095825873305,0.9084551468890099,0.5830558067571213,0.8815029673596226,0.9187013951854129,0.9394680674167085,0.5121571542449656,0.8421241204826203,0.9408384646064836
1052.82979459,0.8835429013012607,0.9022866024397584,0.9007673283925544,0.7369011894588752,0.5621708501317165,0.2334180414158093,0.8976017197062943,0.15216579907572836,0.41901076570274004,0.19009623997478517,0.199915255112912,0.48182129439241245,0.30575220254223684,0.3024354070404072,0.9407468514458078,0.4478992633699034,0.41899075070097863,0.7530998312274663,0.42573886383762255,0.5905668587152706,0.4255601479129721,0.9089099623659478,0.5838169037620485,0.8824035789559405,0.9186540320313087,0.9398867605643754,0.5191102585708467,0.8433005163352049,0.9420269816204979
1058.05208946,0.8833197057038915,0.9024351136106222,0.9011647562371145,0.7370498327108884,0.561787708843752,0.23467838435423158,0.897098714048977,0.1545830900996009,0.4372958908748261,0.18963866804454094,0.1998373577112429,0.4893352673039867,0.3049255277811226,0.302360542888572,0.9411037281454554,0.4478177891388028,0.41903468993531856,0.7541682183344358,0.4260297515908758,0.5909272033105039,0.42862870351459786,0.9093392497009201,0.5847955907971327,0.883057301187999,0.9185566196829464,0.9401572027788384,0.5261768947340195,0.8445921732697284,0.9429126906127522
1063.2810895,0.8833721695266407,0.9027957250660986,0.9019962849205662,0.7371842717718315,0.561415292323323,0.2361666135049216,0.8967233952322923,0.15734947457629367,0.45486129887371085,0.18936100183637675,0.20032849884161366,0.4969864932444775,0.30408181234978426,0.3024169880872904,0.9412918006078572,0.44794056614297373,0.4189773514243844,0.7553038782955162,0.4262444552071714,0.5918881758565935,0.43171151276104863,0.9096004685542841,0.5860811912328587,0.8837397965247074,0.9186733026452464,0.9404428866113252,0.5335126717488173,0.8459495212927024,0.9435626190941705
1068.51675432,0.8833837247610409,0.9031409620130656,0.9025653343412944,0.7373045909062832,0.5611599351439164,0.23797616977034314,0.8962186582197006,0.16039475773903908,0.4715108740404029,0.18917873186018633,0.2012678518726169,0.5045610783897841,0.30318301738435455,0.30271297734749836,0.9412901162186533,0.4482730450700027,0.4187292392179042,0.7563033490166587,0.42644214982261297,0.593044598844793,0.434955680087777,0.9099457985555975,0.5875178519595811,0.8844363998373934,0.9188088064451242,0.9407444912974416,0.5407451490963454,0.8471947368816395,0.943930640151792
1073.75904388,0.8836750445327906,0.9032107590588995,0.9022013279678487,0.737489307622715,0.560860250302099,0.24004266988513964,0.8957113967314375,0.1637018662567169,0.48707515083164843,0.18910767643811513,0.20241007999897723,0.5121391944542872,0.30229007130148156,0.30293004297479986,0.9409663810369681,0.44878360156783076,0.4185291557957803,0.7572047276345043,0.4267112717242509,0.5939996584700864,0.4382074755403661,0.9103123631795399,0.589069834109347,0.8849968074934599,0.9187729794403762,0.9409553171411847,0.5478373694310442,0.8483056836922468,0.9441225509293361
1079.00791838,0.8843782675375986,0.9031855554524807,0.9014661725013484,0.7376399192453437,0.560569087232244,0.24219191943016874,0.8952124134191801,0.16732567650907207,0.5015369913091327,0.18921847294877656,0.20404107881266959,0.5199152739277271,0.30147858600629107,0.3030633249522875,0.9408101587978267,0.4490139422692746,0.4184590704553767,0.7580596609783856,0.4268510777180956,0.5949079730382394,0.4413375062543981,0.910597338188655,0.5904650193628789,0.8854059412323273,0.918544175298557,0.9408239832031356,0.5551950485014662,0.849341684684873,0.9440477418349921
1084.26333836,0.8847256184224821,0.9033280157093172,0.9010074459996178,0.7376902354527827,0.5602943923112856,0.24444160971903173,0.8945118227963752,0.17125030415506443,0.5148240685350514,0.18948633586753894,0.2061681295725684,0.5279028490537465,0.30068667928328946,0.30324141105368674,0.9412427609484005,0.44930668785338884,0.4186264383174435,0.7588631365105669,0.42698588589658987,0.5951422905143893,0.44453494155695095,0.910650527873518,0.591696971002259,0.885620820483703,0.9183134501096399,0.9405326791690288,0.5625416944658839,0.850146215471609,0.9437975304534145
1089.52507305,0.8848442576616332,0.9034501397912972,0.9016746185222632,0.7377350784719443,0.5599114091024097,0.2472280777496369,0.8935026056307731,0.17539762322432237,0.527272835651181,0.1897012054226718,0.20865545769293664,0.5359072207397326,0.2999675570374227,0.30349553355078,0.9423445309626002,0.4498127147937572,0.4191376852382688,0.7595648684883043,0.42727915609490813,0.5957198845077606,0.44771947244087523,0.910620841998996,0.5931727954464133,0.8856827226682012,0.9177447235030536,0.9397865707983362,0.5695683454305156,0.8508053612181761,0.9434406185461591
1094.78823545,0.8847087923678442,0.9034078244567384,0.9026149333851977,0.737789928032592,0.5594523703149995,0.2503807384726371,0.8920336276191927,0.17980613532055012,0.5387454516996526,0.19006036227706316,0.21146839975145873,0.5439649416842437,0.29938185121605637,0.30395457073044985,0.9429472686382129,0.45025897206912224,0.41974636210572236,0.7601248468004451,0.42778854377721715,0.5963269557368445,0.4507079800686083,0.9107375252206448,0.5949398445423908,0.8858429217454209,0.9166070606640253,0.9388960269817945,0.5766246663869483,0.8513395160742278,0.9428318664156693
1100.05281299,0.8845126785257423,0.9034674507964542,0.9028520348797086,0.7379282443696715,0.5589785122311562,0.2539196885579121,0.8898585423739732,0.1844356681767513,0.5490053719360468,0.19065958332099864,0.21450253003226155,0.5522665010988053,0.2987805912437572,0.3044209255535361,0.9431210334269879,0.4508561762545087,0.42044858659936224,0.7607450508416042,0.4283120330232503,0.5965657971237581,0.4536658007549634,0.9106934247500531,0.5966074404980647,0.8860505311199195,0.9153087937626696,0.9383858890305437,0.5836139056711069,0.8517071716130642,0.9420207802143419
1105.31879326,0.884456839556344,0.9036813098803564,0.903046188055005,0.7380163818679238,0.5584654668761518,0.2578219177721025,0.8873720369247134,0.1891907594248373,0.5582777166808769,0.1913547020495987,0.21765975326377776,0.5609298134453694,0.298168322047011,0.30478160458050196,0.9433621638940335,0.4516054888574176,0.421192561316654,0.7614679308426651,0.4288729564605874,0.5968696605133339,0.4566111427667573,0.9107209962665919,0.5983244621994803,0.8861846805911585,0.9140714077207476,0.9379873872429397,0.5907815933290719,0.8518776788925108,0.9411135101352505
1110.586164,0.8845606782199933,0.9039180165435997,0.9032063694304093,0.7380622744842031,0.5579388435624465,0.2618910095476705,0.884909262463785,0.19407089136445577,0.566714078788202,0.19210885537584596,0.22085139557375996,0.569764449419636,0.29759367506067413,0.30523708620107143,0.9437467047777408,0.4524771433817678,0.4218692896352007,0.762450325384148,0.42957998667981406,0.5970622319623935,0.4595298305731352,0.9102715410650126,0.6000548859666024,0.8864489534791932,0.9128435059052941,0.9373388879466276,0.5977307321058807,0.851865095970637,0.9401134746205747
1115.8549131,0.8843507008898983,0.9039226130163186,0.903417188988115,0.7381182407641319,0.5574032271194782,0.26598470381520256,0.8828499893128299,0.1990411187679511,0.5739733228462357,0.1929448500230296,0.22421179844190525,0.5785893840549288,0.297012287476981,0.30590662813834774,0.9442846019350098,0.45359484600759514,0.4223282350577828,0.7635525005737301,0.4303891474914871,0.5970943890490733,0.4625709919714043,0.9094997942136954,0.6017540567489269,0.8868449191635195,0.9117024876619167,0.9364823933481203,0.6044666158110901,0.8517388508069057,0.938929724032848
1121.12502863,0.8845079050455839,0.903863814799225,0.903332569534626,0.7381000746856622,0.5567182050105735,0.2700975354047462,0.880712587693271,0.20412493430408482,0.5802526231538845,0.19377062272878728,0.22776423619918337,0.5874849204452788,0.2964342873569849,0.3067999633018548,0.944714140946752,0.45467310164235986,0.422955292376501,0.7643900563417413,0.4309194325297872,0.5971323261055903,0.46533407426008255,0.9086856447640115,0.6033624546840448,0.8875134257816744,0.9110695774104526,0.9356697446113587,0.6112070544502192,0.851386736316913,0.9374596474185733
1126.42117712,0.8847828924975261,0.903860461194072,0.9029188557259007,0.7379827151838125,0.5558548158841131,0.27429277805272634,0.8780037374212617,0.20926595125310782,0.5859235052348299,0.1946945231164953,0.23126842933390043,0.5967718913969386,0.29589785800973323,0.30772335771683984,0.9452400295267113,0.4555309170400115,0.4238848202513491,0.7644432088824358,0.43157304690957615,0.597717554904284,0.467748101369339,0.9074907663249787,0.6050381104989873,0.8883066829174561,0.9100762709069048,0.934619136671374,0.6181061656220183,0.8506730167809806,0.9356098679419559
1131.75559815,0.8849302633521108,0.9036913119812156,0.9027946684599542,0.7379573242399509,0.554807574210476,0.27863233105854474,0.8743023327197683,0.2143623304944629,0.5907547192187919,0.1957253513329878,0.23455456892389892,0.6066748619367762,0.29534210595813526,0.30859310547995944,0.9451192965589096,0.4562913469975706,0.42475581680191793,0.7639403931334577,0.43236000199379754,0.598526807143711,0.47017559278510895,0.9051939838763297,0.6067367838916752,0.8890890915498,0.9077471518870021,0.9332423722620415,0.6247391293436823,0.8493739845641787,0.9335515767624545
1137.12876151,0.8850821733907703,0.9034377650831218,0.9024900261023592,0.7380649403412739,0.5534876689250274,0.28306902703825937,0.8689003416704703,0.21941087073423138,0.5948979329765841,0.19690754961784235,0.23784186237908192,0.6169904662726476,0.2947767827048575,0.3094231600665227,0.9452589746896635,0.45735437020078096,0.42561361785702284,0.7633760900629306,0.43326624117362206,0.5987513107077538,0.4724388776760086,0.9017054998091701,0.608276374012993,0.8896065967725006,0.9043760511759819,0.9315878871541869,0.6310268554333002,0.8474361386124072,0.9308921678725073
1142.54114608,0.8853559621170062,0.9032437043244237,0.9021738340361702,0.7381672123424952,0.5518451150813005,0.28769467571711743,0.8603880277382152,0.2244816401679076,0.5987169389252959,0.19835858234036172,0.24121360820272658,0.6271254527726723,0.29423980858384613,0.3104987182003873,0.9454922142699536,0.4585077010292873,0.42662957990362466,0.7627556184185433,0.43400937944926893,0.5986132671767201,0.47439045258354656,0.8971932588297017,0.609715473793268,0.889763265421083,0.9001922452714298,0.9294336942155546,0.6373230031534098,0.8447275279147126,0.9272139381421146
1147.99324008,0.8855858330867831,0.9029642533956147,0.9023284944988862,0.7381433750298348,0.5501610024377694,0.2925761812332149,0.8464191859900896,0.22949904528954204,0.6021176293960651,0.19999141793166256,0.2444646781911096,0.6370900139543657,0.29368686067041816,0.31177053360944396,0.9453692777574686,0.4598118010724102,0.42787989215466093,0.7620471304276591,0.43470000653134633,0.5984965964169888,0.47618380285893913,0.8921763994836952,0.6112533413089066,0.8895650527150668,0.8949209652541232,0.9263660607356244,0.6437379817494153,0.8412681558626726,0.9222917793068719
1153.48554133,0.8854042293407673,0.9026727509666812,0.9027071937170342,0.7381133307439885,0.5490412826584818,0.2977086827925926,0.827612732704099,0.23439390524588052,0.6052709880664034,0.20149525268124346,0.24766385270714217,0.647413336620893,0.2931531839409314,0.313109600733511,0.9454626352216178,0.46124389875440663,0.42917072165166636,0.7614634173355916,0.43533865048132747,0.5992215007918873,0.4779431155064627,0.8888087110711015,0.6128167385677022,0.8891537854437741,0.8876352700387762,0.922087420613046,0.6499661359867287,0.8372415273090593,0.9162164311853611
1158.99647413,0.8850000375177979,0.902524791955069,0.9032955195996677,0.7381353586815733,0.5486334900492891,0.30279274308787224,0.8120467721456427,0.23920048212571182,0.6080810276977042,0.20274829663371016,0.25075358839072287,0.6579066780575443,0.2925635190103932,0.31448901488118286,0.9458133480122521,0.4627304999632763,0.4304140324065576,0.7611035493375455,0.4362717445343545,0.6004873909422808,0.47997770645515614,0.8883710758237845,0.6143012382404849,0.8888120727694653,0.8791089627488965,0.9171024476210298,0.6557851422900235,0.8331009963152238,0.9096439479713156
1164.48107738,0.8852281821732713,0.9023497301224601,0.9041666699446962,0.7381703230740672,0.5485967349970714,0.30775590025569877,0.81075084782343,0.24388449797216227,0.6105359718209282,0.20400159756086853,0.25351658427887785,0.6681254160344114,0.29193052800570807,0.315944922766887,0.9462609771280766,0.46426686253174176,0.43163833151923525,0.7610231954253984,0.43758820669994675,0.6014849898621415,0.482296945084968,0.890255500730373,0.6158945278711472,0.8884128656582868,0.8726572988999131,0.9112191463561078,0.6613720475919308,0.8292529460720318,0.9032534854410514
1169.93996942,0.8858679491018674,0.9022017286072809,0.9045335592071005,0.7382618501506282,0.5486098271965411,0.31299373598509284,0.821926738802592,0.248475861679601,0.6126542884779452,0.20533550174848048,0.25598533860046163,0.6782667415876115,0.2912851360272635,0.31744373091446,0.9464083819744258,0.46586815582497487,0.4328495181276782,0.7612842112111456,0.4388277873546862,0.6016289933090276,0.48447210106355665,0.8927029019567654,0.6174773210355367,0.8879815457058022,0.8713906958381481,0.9051019343273933,0.6670550886464517,0.8258214796455832,0.8975123529254656
1175.3737451,0.8862691623735648,0.9021347823403123,0.9045722171359256,0.7383783415344434,0.5486029481640006,0.318620434333119,0.8355850764262536,0.2528300669763482,0.614642750142266,0.2065400824204486,0.25838504167291915,0.6885856829417702,0.2907734731378512,0.31894107090815993,0.9462710635717515,0.46738037522926057,0.4341102299774427,0.7618138641859072,0.4400186292859193,0.6020099233351924,0.4864389850627721,0.8949952967452989,0.6189926975273236,0.8874546219907056,0.8748833051289414,0.9001372001117232,0.6724442090696127,0.8225830954268861,0.8933045063715176
1180.78297699,0.8860353344133729,0.901945388590376,0.904201520109419,0.7385311658085633,0.5485261411695751,0.3245312216902636,0.8462363279827637,0.25701327201247004,0.6163820735671923,0.20752248343362503,0.2606943352288057,0.6988595719900977,0.2903496469515687,0.32045720810341505,0.9465177519870425,0.4691003549216419,0.43581736458247883,0.7625354250699086,0.441276454384225,0.6027786822067722,0.48835524055122526,0.8969786841410515,0.6207684717360262,0.8868997445355389,0.8798903777556887,0.8969714031464671,0.6778812309145147,0.81935640816513,0.8907999444864617
1186.16821657,0.8860162082225288,0.9016716779432904,0.903442855642717,0.7386484009351234,0.5482954103564863,0.3306008530432018,0.8526767843757092,0.261060385034001,0.6180062725108981,0.2086292492126184,0.2629115914155081,0.708718417813814,0.28985131004852815,0.3220337786697354,0.9469307324521637,0.471283819556621,0.43781635290673393,0.7633361357833857,0.4425567442108559,0.6037319686948358,0.4901253942879814,0.8982505210871389,0.6226250902640689,0.8861988608196169,0.8839256608098174,0.8947329149964544,0.6833047315439957,0.8161621984447045,0.8891979885361788
1191.52999524,0.8864191211885664,0.9013868324510304,0.9028782647181229,0.7387514740652968,0.5480064344998239,0.33661652697475714,0.8561955884451088,0.26495071420160327,0.6193522207693337,0.20967045933944817,0.2649440308869119,0.7175535622135452,0.28928199189967724,0.32361465126481537,0.9469779253660259,0.47330442767850867,0.43963084688347703,0.7642910324328611,0.44390418535636567,0.605170712387672,0.4917706819594302,0.899265713509744,0.6239903065797872,0.8851156722960799,0.8864105175717419,0.8934353040119626,0.6887649006017498,0.8128543958554688,0.8878717769047207
1196.89576018,0.8867810598425532,0.901015758940325,0.9026819724127312,0.7388092077025729,0.5477965501735602,0.34231524973636324,0.85910055962985,0.26879446439720117,0.6204891758893911,0.21048659373600995,0.2670372793557182,0.7256095332689714,0.2887303923346951,0.3253167487247534,0.9467116811078073,0.4750704869177038,0.44107474607496816,0.7656328086395445,0.44503417366053155,0.606820942021822,0.49349646002364433,0.9001846257675191,0.6249214609571112,0.8837745677738239,0.8878481292689157,0.8927366631955117,0.6943481373575839,0.8091436653431456,0.8867926166189078
1202.26638934,0.8871846449510367,0.9007392132145469,0.9034590871874657,0.7387716586483095,0.5476225757966968,0.34761561306551164,0.8634849445696453,0.2725387887511087,0.621453542330149,0.21114895862991032,0.26914877084103617,0.7333190198970672,0.2883008362387001,0.32713892581809606,0.9463282687244462,0.47693107033612453,0.4425588626365726,0.766973162073064,0.44625736420188433,0.608870007702221,0.49510344245340837,0.9010752222148788,0.6256214854834339,0.8820543650745569,0.8886767595979488,0.8922949271835825,0.6998395516794904,0.8053688577509472,0.8860952485995152
1207.64185238,0.8872122200875212,0.9005297298106585,0.9040146116224489,0.7387102489799389,0.5474236080062617,0.3529969699960927,0.8681240474652484,0.27603304307192533,0.6221787638334086,0.21172375434944415,0.27113811846837477,0.7406413964849431,0.28796138046473185,0.3290246851769827,0.945707492016294,0.47896995655854135,0.4443329930372988,0.7675532900431745,0.447773893634521,0.610969270949614,0.496515472264532,0.9016670147516403,0.6263873659792464,0.8797783373955363,0.8896136170701859,0.892338371585067,0.7052708194956665,0.8020496347466175,0.8857178054910723
1213.0221192,0.8869918879449932,0.9000708797284537,0.9040759899347619,0.7386540364277633,0.5471763809872403,0.3582421228823384,0.8715576557508781,0.27941342664033186,0.6230063859343452,0.21235299593003507,0.2730640562065517,0.7478042875048074,0.2876840427251114,0.33090705769783124,0.9454180814942315,0.4812166080408942,0.44622088785381897,0.7678723891675616,0.44922452372972715,0.6123201932935709,0.4977490107758786,0.9025422507798244,0.6274170351039199,0.8770139761133648,0.8911353048816282,0.8937237750875635,0.7107705772238381,0.7987937991243214,0.8852592468151126
1218.40715994,0.8871867631602441,0.8996027770059487,0.9037507001510876,0.7387264851968233,0.5468842184904245,0.36326494844513624,0.8739483403414781,0.28271513770048795,0.6237324331577062,0.2129111322555782,0.2750771583459642,0.7545260890617885,0.28738866430833215,0.33271883245639067,0.9446567012403997,0.48323076471178805,0.4480596945669042,0.7682591714010721,0.4505422480876221,0.6127530616252576,0.4988705823991031,0.9033493752456286,0.6284256278945033,0.8734379651423876,0.8927200530201047,0.895746766862804,0.715942825645448,0.7954037713453972,0.8845963972983243
1223.79694502,0.8873389972376364,0.8994027853892991,0.903248430308215,0.7389082671223933,0.5465041624786806,0.36821605230911647,0.8755405298724742,0.28594469133685035,0.6241814059771691,0.21325839237521563,0.27716149899351666,0.7604070693685734,0.28704672878133586,0.33448982137450645,0.9431371635140499,0.48505867548826703,0.44977787431446087,0.7685006446184321,0.4515730961917928,0.6127839383849784,0.4999600373976403,0.9040423519777568,0.6291822403256969,0.8690673569379863,0.8940574303595104,0.89714729503112,0.720758670485669,0.7919581105725957,0.8842170081246153
1229.190873,0.8874187593392046,0.8993352694902149,0.9030904807174296,0.7391811194024664,0.5460636124428603,0.3728744636465786,0.8761594380893117,0.28917394158654774,0.6244522188361131,0.21351900726840906,0.27936017539136393,0.7657851779689664,0.28678451649136816,0.33630132932630674,0.9412601490724147,0.48709048876875927,0.4515619459961904,0.7685624345514489,0.452439116632429,0.6129286246782245,0.5010203977610508,0.9044513145917191,0.6297876541544912,0.864655575707698,0.895041979258283,0.8981289619307053,0.7254948516603875,0.788735045805033,0.8841545568032982
1234.58829679,0.8875623718358046,0.8993579657384444,0.9028231715878808,0.7393738934119968,0.5456034501639907,0.3769701670621519,0.8763393964733577,0.2923053710657514,0.6245633745379947,0.21395900507829616,0.28159971073112655,0.7710903869720738,0.28655648512112253,0.3381253917599992,0.9396542352964052,0.4891070254167395,0.45341999314582626,0.7686826753199737,0.4535425667557763,0.6137977918092349,0.5019529979352885,0.9048501306386639,0.6306982114138335,0.8606992682732924,0.8957284068361238,0.8996589117416155,0.7301910493830966,0.7856475349191719,0.8841473235858462
1239.98919257,0.8879930883975948,0.8994668282033536,0.9027958797912132,0.7394692500714435,0.5451240072889365,0.3807330549658398,0.8769418919165896,0.2953479259934146,0.6246198188478439,0.21457702113643992,0.28385917796671567,0.776118563855877,0.2862951405234178,0.339957727525821,0.9384716625962071,0.49108815544527573,0.4554295404760607,0.7687423468103374,0.45489176491597433,0.6147840983828082,0.5027762223105456,0.9050129742021886,0.6317687851634581,0.8569792799716397,0.8966560015409081,0.9019679995659697,0.7349454797814479,0.7826523802117861,0.8843335649239543
1245.39353673,0.888281409593057,0.8994391941363702,0.9032248111031064,0.7394297326248336,0.5446548605073394,0.38427116551932206,0.8779748663499793,0.2984604386334695,0.6246271163155578,0.21505677523816444,0.2861480390991845,0.7809638765749868,0.28606928018233924,0.3417438351091336,0.9383268575598688,0.49326022198261843,0.45736941852725405,0.7685330952926676,0.4563982864997222,0.6151930415110446,0.5035282943764767,0.9050596318452211,0.6326697111793534,0.8530152978455151,0.8973781591586353,0.9043526139740341,0.7397241057146036,0.7797554497271532,0.8846314003950011
1250.80130588,0.8884215069970782,0.8992702321007956,0.9039511211263707,0.7393676111067632,0.5442749700618134,0.3876280270569333,0.8788852751026146,0.3015753569487977,0.6244899770917522,0.21547111939621583,0.288591547498073,0.7853371099654316,0.2858997925950096,0.3433885488805032,0.9387686275683644,0.4954025179697861,0.45906155967364765,0.7680187070363284,0.4580615987258358,0.6153610878475382,0.5041051066131917,0.9053711832806698,0.6332473866119647,0.8481087369591286,0.8978331984357942,0.9062948717993323,0.7444094312478678,0.7767920217601523,0.8849847008657795
1256.21247686,0.8886884935794487,0.8991485748455429,0.9047157680168341,0.7392490850274172,0.5439981002544454,0.39084109569959047,0.8791469933148949,0.3045838332669676,0.6244050306931741,0.21582455313032523,0.2912447749130973,0.7890445161883483,0.2857525168005299,0.34503999224999415,0.9392750170845741,0.4974820909104073,0.46083527712679695,0.7673993671810331,0.45956986094941193,0.6157264004673894,0.5047216240209534,0.9052176514680764,0.6332415402614732,0.8413766915099721,0.8979938444793771,0.9079158520562542,0.7490283004410838,0.774033463856595,0.8853379175712744
1261.62708732,0.888757227181458,0.8990874221869838,0.905480400716558,0.7389315544506019,0.5437203352661898,0.3936817543867614,0.8790964039337257,0.3074884927325459,0.6242770897689401,0.21620609199430424,0.29400869925137174,0.792517053751662,0.28564462681888153,0.34684238451742866,0.9391136356446105,0.4994246217309714,0.4628430910451378,0.7669293294160011,0.4607464211338696,0.616225095217889,0.5053474686936189,0.9046105082494804,0.6324305364323827,0.8336623024887966,0.8975198406104566,0.9091221325169966,0.7534752587975166,0.7716795372203659,0.885649912400161
1267.05580532,0.8886499192456186,0.8988674669071003,0.9058082475413679,0.7384167253205138,0.5433845231332295,0.3959571024215892,0.8789280425447774,0.3103198836973013,0.6238831084642812,0.21653353093654085,0.2968056815380874,0.7956870398566939,0.2855546736235309,0.34869327309684106,0.9381878189909233,0.5014609575441251,0.4648639225310424,0.766437197601504,0.46175920368186374,0.6160603458028963,0.5057982354046644,0.9035539104222909,0.6304429527873684,0.82923426837054,0.8966338162030566,0.9097593219505103,0.7581224166476241,0.7696656011527923,0.8858684085206109
1272.49861965,0.8885527910685496,0.8984266795420882,0.9057149759676386,0.7377567796431448,0.5429206013499007,0.3979945265557299,0.8783979319855704,0.3131379165909847,0.6232071297313142,0.2167931714878493,0.2997727776625938,0.7982247172721758,0.28550703717934295,0.3505368700332811,0.9363060832046344,0.5035590909259994,0.46682278436207875,0.765343408456268,0.4629700671718971,0.6159436168158927,0.5062069221570248,0.9020319850019924,0.6280331231107745,0.831416373137991,0.8958301241977885,0.9100640961823675,0.7627466362625968,0.7677239731782969,0.885946009871842
1277.95551888,0.8884311643030353,0.897870460308088,0.9054701836770658,0.7369181748147864,0.542315338538539,0.40002182950663573,0.8772962359699245,0.3158847804425126,0.6223232522940738,0.21713808601837897,0.3029260456384038,0.8005698213476936,0.2855381265966596,0.35238704816139604,0.9341220287951731,0.505625401107557,0.4688682556623755,0.7640082532870991,0.4640139510662517,0.6162596910278673,0.5064841800017951,0.9008913786511136,0.6272487869620675,0.8386061620013806,0.8950693717952702,0.9101977951993494,0.7673303005026562,0.7656998014323142,0.8859210160930692
1283.42649147,0.8885568633603063,0.897588917886175,0.905135950482,0.735991146417251,0.5416512915588805,0.4018369350315698,0.8752288774414597,0.31867256440302566,0.6211859981018516,0.21758500507212628,0.3062276359506298,0.8028367860735971,0.2856677456732964,0.3542820184987674,0.9316030024253393,0.5078701119652455,0.4708712710920195,0.7637805265891835,0.4652350953212895,0.6161003742691079,0.5066476619613092,0.9004746884161663,0.6294081404870814,0.847608739476937,0.8939929054800654,0.9101658497677101,0.771816598245529,0.7637399292014538,0.8858208347752093
1288.9115257,0.8889070167235139,0.8974619430727641,0.9049151703317387,0.7354280694810698,0.5409012460642314,0.40350778856948105,0.8723169070919297,0.3215140248361925,0.6200135933478389,0.21813367453465346,0.30968207819867105,0.8049311901741437,0.28592405420967737,0.35610909968370486,0.9283687610002543,0.5101602843179504,0.4725861418683733,0.7654937333446298,0.4667658401088696,0.6157532276317534,0.5068159299717442,0.8997529162373713,0.6316326837203331,0.8556754228336045,0.8925035699766721,0.9100939672050542,0.7760386970712607,0.7618542278664732,0.8855109831705069
1294.41060969,0.8891413933441215,0.8971758761795022,0.9046399354502102,0.7353358401709192,0.5399987803793954,0.4051881939708457,0.8690217892504817,0.32426905807119516,0.6187960331784528,0.21862382957536394,0.3135027629304871,0.8068686700597376,0.28623018756479157,0.3579720558251168,0.9242126351557514,0.5122298596151558,0.47425612680068946,0.7673069907448014,0.46849067880809936,0.6154929403829923,0.5069158341861577,0.8977378269844685,0.6321182535134531,0.8607031728304915,0.8907197679559299,0.9096019727509635,0.7804349938144373,0.7598557534717884,0.8849714093665195
1299.91690127,0.8893632303445742,0.8966165428705831,0.9044049403576117,0.7353664985071707,0.5389455943852293,0.4065193624021286,0.8657341834772599,0.32698550809447985,0.617308930936849,0.2190028558394989,0.3175447164391793,0.8086241357688996,0.2865209987385378,0.3598982810493987,0.91999775108349,0.5144030045745975,0.4760525296135462,0.7680769129055269,0.4700298214166164,0.6151281068543379,0.5069882497383392,0.8957112987400538,0.6325838017137009,0.8626525942893699,0.8883779883160456,0.9086445292435578,0.7848676765164904,0.7578010533988648,0.8842104847896677
1305.42577023,0.8890294185696371,0.8960295517131458,0.9045539113340002,0.7354330246650127,0.537685381653401,0.40755752538591944,0.8622797972054376,0.329712752274509,0.615612169087819,0.21954752840648092,0.3215606573496073,0.8101953032421814,0.28687727561270887,0.36181640449310376,0.9163551711154803,0.516771323319648,0.478009878871088,0.768031728142646,0.4711694074707443,0.6153160183695201,0.507003393566015,0.893759921063565,0.6339246286443186,0.8624284988047707,0.8853327065913028,0.9071524878337087,0.7894057219212958,0.7556073789246747,0.883195182477752
1310.93719838,0.8889825106215337,0.895645488734381,0.9044997959039013,0.7356724219581288,0.5361238288748195,0.40842545244929385,0.857986509803861,0.3324278495769432,0.6138369031983434,0.22028342496952955,0.3256713930933071,0.8115856567731735,0.28732101653051323,0.3637278137352883,0.9134108940113798,0.51899404279257,0.4799633401059941,0.7674908293012053,0.4722632261012767,0.6156027842090371,0.5068174604457089,0.8909300688705277,0.6348684723716277,0.8600655084119256,0.8816728959378008,0.9052989749641602,0.7937768226427295,0.7532158308689112,0.8819170947682917
1316.45116775,0.8892422403186265,0.8952148070753009,0.9043485261293155,0.7359693119284096,0.5342045813350909,0.40942031200484214,0.8520723503107043,0.33515198025848797,0.6116329009590744,0.22095834743431295,0.33005341262466864,0.8128706630982818,0.2877972825320303,0.36569120564902385,0.9107921331924994,0.5209569319224863,0.48180718811506457,0.7665801447640109,0.4736682783394638,0.6152075417137178,0.506396939700487,0.8866633221476035,0.6349446389986905,0.8554748744517154,0.8772503930429374,0.9028390728734083,0.7979312066941258,0.7506267129440014,0.8804293141031101
1321.96766053,0.8893585960569509,0.894552473692511,0.9044375835959491,0.7360748828536857,0.5319388615608125,0.41064860075589515,0.8437345562943138,0.33778341463270556,0.6090351647123549,0.22160384171969352,0.33453096736797827,0.8141809490929267,0.2882729438482796,0.36753873917974955,0.9080743662730023,0.5230756299021218,0.4835801545678793,0.7655334531652486,0.475097964784691,0.6148590593750575,0.505823141259844,0.8813537818673063,0.6350322318277944,0.8503225363305762,0.8714470655808992,0.8995741693935311,0.8019297128217471,0.7476153169114689,0.8787050641936441
1327.4866591,0.8893276237960297,0.8937696128511659,0.9043977486864565,0.736081721159259,0.5293137912512392,0.41187688002045736,0.8326590372134098,0.34036429700786386,0.606193518173141,0.22233109875609208,0.33914243407053535,0.8152743590472034,0.2887115588013872,0.36934961060260457,0.9055499350814996,0.5253262591809074,0.48525409611565057,0.7641463472246378,0.47622260708915115,0.6147584963781272,0.5052923590080208,0.8756614949196888,0.6354819335705375,0.8454677945094345,0.863918692421883,0.895531285330837,0.8061951438821079,0.7440500381615152,0.8768257797834051
1333.01349556,0.8890764620927532,0.8928765045252008,0.904462167286583,0.7360435073662205,0.5263544722413205,0.4127900504970213,0.8193294877393086,0.3429399011233912,0.6032026362871902,0.22335271250276456,0.34428402301783767,0.8159712088690447,0.2891112374749439,0.37118193979349895,0.9031826286992356,0.5276879849086046,0.4870288527798377,0.7619951395141336,0.47708196868238506,0.6148862361758436,0.5048702172639542,0.8699268621654674,0.635903306294366,0.8391661059116656,0.8552170849944221,0.8908375867703352,0.8103845189825192,0.7397701327318786,0.8748325373890766
1338.5688161,0.8887929863877931,0.8918923089070201,0.9043219915345533,0.7360480764628119,0.5231370360645098,0.4135694364401926,0.8056712980317015,0.3455033256922362,0.599981075479824,0.2245748448704635,0.34961352227287207,0.8164181506087065,0.28960181050061035,0.37300875394878535,0.900196581765783,0.5296977064392243,0.48880510201632316,0.7588662527906302,0.47778755013008795,0.6149219331676331,0.5044407002750914,0.8641645202813573,0.6357579628103379,0.8338170318863243,0.8468254374273937,0.8855647206271052,0.8142046870686621,0.7346417707762746,0.872705016207437
1344.15282419,0.8883190403716172,0.8908095030040608,0.9041118948376183,0.7359326134137879,0.5197363013364603,0.4145541521227642,0.7932666739146795,0.3479479640402191,0.5962538447401177,0.22566004798190714,0.35498112567945495,0.8170780654189392,0.2901846769478921,0.37471552341043524,0.8957812819036319,0.5311066467434448,0.49038765470017776,0.7541452317809607,0.47821474235545025,0.6147625424331795,0.5039619813386043,0.8578797722873523,0.6351352032933779,0.8317092696793571,0.8408144689644265,0.8799343464340849,0.8176901317149945,0.7287344229579321,0.870476192771022
1349.76572543,0.8874791291606978,0.889355730392924,0.9038689816914478,0.7356863462152587,0.5161734871499755,0.41583403247617295,0.7825709398120084,0.3502441374618165,0.5919012579312033,0.22665964400537858,0.36029267206176213,0.8177033182423273,0.2908032685033888,0.37609965012705426,0.8888039049121973,0.5326208662101167,0.49192978156151645,0.746910867474559,0.47839118768007255,0.6142102876088876,0.5034781317493037,0.8508156607377237,0.6340252918073467,0.830791553058945,0.8375955403681824,0.873731773006932,0.820871764082949,0.7222643263978377,0.8681236339004204
1355.4077275,0.8863000052867636,0.8876882369300161,0.9034280612087812,0.7355649689792566,0.5121127042220254,0.4173888521166301,0.7737544160715341,0.3524365672608293,0.5873625886740472,0.22778275297081463,0.365714410555792,0.8181586473199138,0.2914259153640637,0.37730854474804254,0.8798995629671988,0.5342246418831895,0.49331035335645274,0.7381257518000448,0.47791675079178864,0.6134762227067418,0.502947404262166,0.8429915447758851,0.6320940755150771,0.8303024875080512,0.8353320260334774,0.8674243003931597,0.824215475114275,0.7159340073897105,0.8655885621771636
1361.07904029,0.8855155483484978,0.8858415276255576,0.9034751327831484,0.735094329458408,0.5066537532890952,0.41890974688443533,0.7667832106711557,0.354634456865762,0.5830077681085268,0.22932276152788686,0.3715429852417953,0.8185118377628987,0.2921070283477533,0.3785068335257425,0.8726644420953458,0.5363881854462133,0.49425627610491946,0.7305313724718394,0.4769353964520942,0.6113226308260119,0.5017738270888384,0.8345599029121353,0.6286700238913269,0.8309933367717646,0.8322436960358651,0.8615782310640415,0.828046300334074,0.7098852015839741,0.8629249095029298
1366.77987583,0.88563927222112,0.8836336844158041,0.9035027523465368,0.7344393383286444,0.4989696263681227,0.42018792258035564,0.7605691527095924,0.357142600174702,0.5785154417539184,0.23109027372186758,0.37780696776580314,0.818334563898855,0.2929188831720762,0.3795895225818523,0.8660249684378283,0.5384999939311099,0.49483538786492864,0.7217345776520689,0.47572368276575006,0.6081137277439,0.4996374482406551,0.8238524466224635,0.623141506814613,0.8323797642219035,0.8270104503612145,0.856232367000476,0.8319807774698065,0.7039418916813386,0.8600741428769116
1372.46681289,0.8861333862303583,0.8813817534086118,0.903322487900102,0.7341949434794666,0.48979162039505847,0.4211312371617575,0.7534275550489854,0.35968581343333705,0.5737194162846528,0.23295713667359005,0.3841728482644327,0.817190437676873,0.2939208945316093,0.3803736551712994,0.8559786125741949,0.5400884492965764,0.49439525944934165,0.7036179904716175,0.4727601296092471,0.6049423460116222,0.49688798140813223,0.807267701665488,0.6126241777271749,0.8319149648513524,0.8186759248809201,0.8512093699046676,0.8356462408071509,0.6977960976724848,0.8567798438841523
1378.13342967,0.8863417529389757,0.8783774808362377,0.9033520242215962,0.7340514387496012,0.4797533838534969,0.42170658255574417,0.7431633979568629,0.3620342666602954,0.5685287832746332,0.23482585642116852,0.3905750001290277,0.8151431989483675,0.2948245110792986,0.38012880588483344,0.8406987874371914,0.5412270911073431,0.4931064897242039,0.669257261289941,0.46453803017039774,0.6007780835137744,0.49341486128983897,0.7800547946885635,0.5898540715977655,0.8287673773855389,0.8065859642098359,0.8465307095202584,0.8389238009001968,0.6908170631278264,0.8527329329584454
1383.78010777,0.8864510259222893,0.8738758759038185,0.9029487792492396,0.7333876125122835,0.4681947856070809,0.4224760468355211,0.7282212631998618,0.3643533686998876,0.5628082004955087,0.23688629865044775,0.39694476363199227,0.8133953052539061,0.2956356402097454,0.3773893565268702,0.8226144105827826,0.5424106680926117,0.49048408201307847,0.6371286651877955,0.45259206028409904,0.5931645150875599,0.4877406308546768,0.7357318080077077,0.5445060843704305,0.82323454962994,0.7905681122915886,0.8422935755518097,0.8427001738975156,0.6822310631342857,0.8477916142313449
1389.40721715,0.886513986890188,0.8696243110730965,0.9017859647945178,0.7330377606659085,0.4550122580093652,0.42372235620241094,0.7086902311564951,0.36673206177053624,0.5555265411549046,0.23869998859257485,0.4032774563894304,0.8130738392818826,0.2965062749061749,0.3732085902992041,0.8048759888206661,0.5422685423822796,0.4847180413145637,0.6225251849510584,0.4453208395395182,0.5838155896603434,0.4793527172526342,0.6875268817100246,0.4895841059122012,0.8156474994351414,0.773184304029641,0.8381505686145947,0.8459658580969706,0.6720178721936573,0.8415862746181817
1395.0151167,0.8864356596109274,0.8658401922734201,0.9009666450710329,0.732938419263136,0.4407013336911518,0.42511914339726947,0.6841011661922839,0.36895306920244036,0.5480412695922435,0.24025295277274178,0.4095317088837956,0.8132779056178147,0.29733893974518216,0.3739540725232682,0.7919945391751205,0.5402265182151623,0.4735626587276306,0.6266073516045237,0.4458605979143283,0.5734860095639004,0.46847628775149897,0.6749344879456719,0.48036061870456565,0.8054134743788492,0.7581362701994834,0.8324791826147433,0.8480472671273364,0.6599422802565995,0.8337093801186426
1400.60415467,0.8868311500139785,0.86167230765223,0.8999744000266675,0.7321486151263437,0.4269751429826498,0.4266920623019094,0.6528523616404494,0.3711832159214755,0.5429803181514772,0.24196894399112553,0.4162552363033476,0.8132125236790464,0.2982577735067504,0.37846373667872957,0.7885600395092514,0.5379190614873829,0.45464090724710476,0.6413955609774605,0.4532306415074503,0.5616059128141075,0.45567863955810217,0.6777724553849879,0.526343741718702,0.7912075684362478,0.7447638638110822,0.8238610114840762,0.8500338172212945,0.6455755857449713,0.8240157195504133
1406.19775036,0.8872995546190682,0.8569261873000891,0.8992879753417278,0.7311869539658271,0.4165341187116438,0.42839062602944306,0.6126819979613567,0.37356184701658074,0.5393083476548055,0.2441535529959949,0.4234778996302061,0.8127703564229434,0.2992130274130333,0.3821915359530428,0.7878667847074182,0.5361546239387757,0.43391668050342347,0.6538356246314232,0.46203879479970017,0.550174470567572,0.4433646139256328,0.6716488566166225,0.5689155407526916,0.7714378351032929,0.7291761362433605,0.8121533477000284,0.8526432282036371,0.6289908377007285,0.8126769567917891
1411.81328293,0.8874343467501781,0.8528888492509735,0.8992854558321522,0.7303079151049388,0.41096735485334834,0.4296430207355239,0.5664938048165323,0.3759384616990896,0.5349809932105779,0.24654074462004696,0.43076969460373127,0.8128522654423428,0.3003203623535212,0.3847237446764068,0.7814475559525017,0.5352999012839744,0.4279631484884707,0.6616130915665339,0.46965318290550007,0.5435431855199921,0.4339482818499717,0.6645869649753554,0.5899919357772654,0.7441722241416572,0.7100493487372324,0.7973902522212418,0.855068559020388,0.611084721999112,0.8003096958441409
1417.45083527,0.8877921848835209,0.8496997472042361,0.8989323688511464,0.7291918512108162,0.4095230647467872,0.43047390841723543,0.5258014130042461,0.37810150211374605,0.5297959634166813,0.2489067541791751,0.4379517428647155,0.8137122251443333,0.3013948693720366,0.38696733428737745,0.7905221673268631,0.5365295184023103,0.44317648926924336,0.6650119715602371,0.4756188950268716,0.5450477972777673,0.42845555280814607,0.6643734672164903,0.5996316579490409,0.7042137565663821,0.6909182464140023,0.7800927647124068,0.8564021499412362,0.5931816432886139,0.7880636513053729
1423.11049053,0.8886247323787876,0.8465901791255586,0.8984916023327403,0.7278200018387428,0.4104579295330548,0.43133503758256314,0.5054918980277752,0.3801447849923671,0.52449620398605,0.2512889473511945,0.4452063157296239,0.8145413005739266,0.3023912161514132,0.3888196022660109,0.826780201836073,0.5404756001692957,0.4656588933732884,0.6663717550804462,0.48004015374146297,0.5536208794979561,0.42610836868152,0.6712486079180332,0.6052749111388467,0.6544242180052986,0.6766153807892996,0.7613068916841571,0.857341280024945,0.5764048952479888,0.7771315847699151
1428.79233216,0.8892798400597695,0.8437401224010318,0.8980078036132588,0.7261443872864615,0.4123935604581653,0.43219264491839515,0.51208342407994,0.3821657511581487,0.5188368849204564,0.2537543900086244,0.4526314969389702,0.8148393049422386,0.3034310984839236,0.3902042530676601,0.8583952284865807,0.5458974587636312,0.4826525710556944,0.6674515446418327,0.48360881915885795,0.5640847429881133,0.42599096577949375,0.6817584426589897,0.6097146231049406,0.631338993790521,0.6710094620491094,0.7428466500445827,0.8578392290448974,0.5614370966017166,0.7683247977854324
1434.4964439,0.8895853686545266,0.8410554382419976,0.897087176118338,0.7243237987994535,0.4146377413930784,0.4330428899804736,0.5384680870962831,0.38417901239284763,0.5127699974346438,0.2563635374812886,0.4602713275136384,0.8148871886052792,0.30445828027616156,0.3914945545688419,0.878517075399877,0.5514564578697028,0.4930359863585523,0.6688533937310887,0.4866556934220479,0.5732469549790215,0.42879272079138275,0.6928410857683489,0.6135283606700385,0.6426635431368828,0.6749063893401712,0.7228586198945808,0.8577198269211893,0.5481608711847582,0.762186187875695
1440.21938683,0.8896882364543212,0.83848363168438,0.8961656003868849,0.7231161386318167,0.41677918595374275,0.4339194475825932,0.5722878400202736,0.3861746065418884,0.5062335383428239,0.25902213530341117,0.4678801741631379,0.815739230370758,0.3054327125287514,0.39306342621841667,0.8906840501404493,0.5559047386969842,0.5000305898117753,0.6704143954168698,0.4893595720250089,0.580605995023444,0.43629178010095493,0.7028327092333727,0.6173693963557509,0.6590012581631504,0.685197328811249,0.7005518158645191,0.856471139518033,0.5363734555176031,0.7590018424415338
1445.9515979,0.8898373024385353,0.8359066282607721,0.8957609603039466,0.7217113240671359,0.4185284921206614,0.43456144903254096,0.6039324422131205,0.38818475850377465,0.49949322723719175,0.26180431584678476,0.4752807305471988,0.8164241291411587,0.30646563861152537,0.3948461969247186,0.8977514441455026,0.5593705887135831,0.505270988058256,0.6720215913352001,0.4918140582026904,0.5856653799482565,0.44666417748805437,0.7108530272039886,0.6215887986067834,0.6601547147851342,0.6983830258606167,0.6839987374366729,0.8537225861815978,0.5257262622718165,0.7585380739187089
1451.69304835,0.8899704016084614,0.8336002426713068,0.8957378712960048,0.7190441357162809,0.4198118152721483,0.43507046237846647,0.6275628112951548,0.3901853074888464,0.4927257897098306,0.26452971299977496,0.4826531687226124,0.8165372940679912,0.3075145279460945,0.3970162787360278,0.9024353362068765,0.5625227593267395,0.5091830435424952,0.6737078430408412,0.493921418500792,0.5886287743163583,0.45528825556825375,0.7167167254262211,0.6254083593499924,0.6485560847487198,0.7125152012688516,0.6827536798277314,0.8487290269619387,0.5161182097845501,0.7597699306764979
1457.44370948,0.890139046212046,0.8315803961307311,0.8956787921189646,0.7149729858521613,0.4209457735475301,0.4356185536105522,0.6402255466907956,0.3920764435375321,0.48588872105058295,0.26738500584564134,0.49007553490309375,0.8174558562329227,0.30850115397173555,0.3992723820080746,0.9066071392503049,0.5654430123138128,0.5120554768990091,0.6753078984070993,0.4956939897053018,0.5903914813662076,0.46059971809266415,0.7207576892009612,0.6283591244372185,0.6333501644405262,0.724856279316977,0.6922534743308186,0.8403092360144477,0.5075247734822732,0.761870328485466
1463.20355265,0.8902457221673392,0.8297633409797641,0.8959266353676806,0.7085664550828121,0.4227219059746084,0.4361505008386537,0.6446717716911441,0.3938588923574647,0.478778250301724,0.27030315138585054,0.4976523761738708,0.8187713256593874,0.30943951317506396,0.4013510887500801,0.9097625078727293,0.5680623514989767,0.5144255007145048,0.6768816188265153,0.49722526828273206,0.5924934826890231,0.4641675538483026,0.7249253650141431,0.6306104734797144,0.6183199942958585,0.7327044221230211,0.7018298523251588,0.8284524017352758,0.49972643710080494,0.7642669754444409
1468.97254925,0.8906301264751024,0.8281661942996746,0.8966678122503542,0.6982013114474903,0.42569183745492883,0.4364667034650205,0.6534969045961324,0.39560701511210106,0.4716841366337337,0.27311677307304694,0.5054271763632233,0.8197082567518751,0.3103884000581734,0.4033884432093857,0.912309036099491,0.5705335591540972,0.5167101501504039,0.6787007715413116,0.4985069467840713,0.5952489145460507,0.46772013557165554,0.7315977890615523,0.6328118164519131,0.5957716682321725,0.7357254909376377,0.7083168035577415,0.8150923478840197,0.4927921000624627,0.7668284306764569
1474.75040717,0.8912311015606101,0.8266085391256158,0.8972979462388352,0.685076395837579,0.4294967214680625,0.4362463293781477,0.6752886436661091,0.39735386763787667,0.46475245339908605,0.2760999680484947,0.5133319443330417,0.8207415426353698,0.3113746263391016,0.40523085833641176,0.9149387282284802,0.5732556748710217,0.5191157141535236,0.6807742970017703,0.49974393954925994,0.5990202785629488,0.47171410599388336,0.7409473288205288,0.6351986126731219,0.568323370349918,0.7375128124374358,0.7121371516002429,0.8041484366269422,0.4870131338254846,0.7698553070504098
1480.53455271,0.8913721944670356,0.8251480112566271,0.8981619517793035,0.6794800352348219,0.43353669287533186,0.43560291789950595,0.7025490657434265,0.39910605158967694,0.4575851749074121,0.279104469141349,0.5211495731822394,0.8220481495262684,0.3124533114382909,0.4070079280070871,0.9172608616469416,0.5757529817825103,0.5212644138757679,0.6831079335235762,0.5013749132959808,0.6026816492403099,0.4757436444069458,0.7514375639181863,0.6377446392120575,0.5736909493704039,0.7435511022892967,0.7135025029857169,0.8020838981483767,0.4823763329484513,0.7735041419911166
1486.32495713,0.8913548555551717,0.8238043004057138,0.899445280150676,0.6881758813194845,0.4375665992988184,0.4349616207438276,0.7275670600327019,0.40075116768359387,0.4504438198397673,0.2821478339220888,0.5289323236776997,0.8235457365840493,0.31355390051953347,0.4085916200670627,0.9188862880370207,0.5778954427954038,0.5230695534075889,0.6855070477118727,0.5029112259981153,0.6057685921506023,0.479391585169654,0.7612394699048216,0.6401451110298577,0.618533550138184,0.7535229102523043,0.712699463209109,0.812383355230918,0.4782938234165173,0.7776497525608858
1492.12159183,0.8917257063151552,0.8225532846428623,0.9003678802586251,0.7030922601837934,0.4414198042715892,0.4338950138906245,0.7487493080541935,0.4023890092081917,0.44334905383485396,0.2853856348623373,0.5366411911614603,0.8246020556823731,0.31460577582803684,0.41004079377189884,0.9200930230157024,0.5801562173278719,0.5245278485754163,0.6878468503508818,0.5042199559050908,0.6085049307635437,0.4825961495639055,0.7698857669585167,0.6419352009605156,0.6584247476178255,0.7634065615708018,0.713175293987657,0.8268550163263542,0.47418562080575705,0.7820795588186782
1497.92442836,0.8921684727814861,0.8214901220747686,0.9006321355846132,0.7140868687945805,0.445045314945698,0.4320226113830777,0.7660958597336107,0.4041533804863632,0.43618494396306234,0.28875234750179046,0.5440484630481575,0.8246757465538272,0.31551472782153683,0.41138303961711237,0.920814486388916,0.582425862057777,0.5254954019412561,0.6902751307556559,0.5054906380662334,0.610849354137642,0.48543883496445767,0.7776903562349361,0.6433439806689247,0.6836121981277301,0.7726894628793876,0.7195196784638688,0.8361872296711617,0.4698686347563522,0.7865360169262162
1503.73343845,0.8924304969120979,0.8204432466404407,0.9011305706980021,0.7204308620148738,0.44840770930883667,0.42964994166540355,0.7800296029999036,0.40588967738309806,0.4289351518846226,0.29213878710826424,0.5512619399837816,0.8245229669879083,0.31641657276262936,0.4124199581963595,0.9222014523352857,0.5846709064379032,0.5262660661904942,0.6928345992608577,0.5066476880016134,0.6130228410467102,0.4880597341618936,0.7845671431718251,0.6445455110246766,0.7036868536654909,0.781532957494718,0.7301829070701407,0.8408769452065785,0.4651935754489697,0.7908014064057727
1509.54899004,0.8925922799449427,0.8195765017642532,0.9016302086393646,0.724206733474734,0.45149188258723777,0.42705881560031295,0.7915689312235894,0.407443548690317,0.4217344465061594,0.29546534684379006,0.5583548500374104,0.8248085175417077,0.31736053303283507,0.4135401856368774,0.9239990660824606,0.5868729110571473,0.5272401262074586,0.6955559259173074,0.5077816002552642,0.615217713116163,0.4904359172973356,0.7908410501083409,0.6455066519589733,0.7225549588862891,0.7889970803049093,0.739936241777772,0.8432305226188258,0.46004923023786404,0.7947385388940897
1515.38336105,0.8926268923301502,0.8189727524215595,0.901829206354308,0.726980671565169,0.45433137250921474,0.42447728650528654,0.801759640248252,0.40898522533425774,0.41461441873764954,0.29895027920572176,0.5655431867705923,0.825838538399518,0.3182651071579094,0.4148538683126798,0.9253151470170532,0.588973250807525,0.5279960061066648,0.6985206966392101,0.5089085965727684,0.6167864076644792,0.4925525860242363,0.7965680359908967,0.6463326266898339,0.7375738451107928,0.7945567326830654,0.7460413330435709,0.8438523675301098,0.4545735098127034,0.7982897575031563
1521.23658861,0.8927825985029323,0.8186040538753905,0.9020465535029912,0.7290915758626659,0.45692201718888276,0.42171939064589115,0.8113098851401971,0.4104947877822594,0.40740318664515784,0.30246651519387663,0.5725880440094707,0.8268584295270303,0.3191736826778658,0.41605951324944124,0.9260928366095259,0.5907996140611921,0.5285842135457203,0.7014606411988294,0.5098145373080363,0.6184136739673307,0.4944902852429009,0.8018081056790218,0.6468124470975415,0.7481459966391003,0.7981933027653575,0.7484370369595079,0.8432306053715752,0.4486908762709635,0.801431966899962
1527.10870977,0.8929002011299041,0.8183385737435173,0.9028234170983961,0.7305508001394725,0.45925758884414153,0.41881734179667196,0.8197146989320684,0.4118415687212427,0.4003232561156462,0.305833969773001,0.5795995796038494,0.8275604116483027,0.32010608903355586,0.4171879141020374,0.926852581643857,0.5923857794085283,0.5290064697834193,0.7043587626091368,0.5106242166793642,0.6199682241263368,0.49619921874459094,0.8068537096196563,0.6465387122207005,0.7552486362057621,0.800289965567125,0.7486428801472232,0.8424895155414324,0.4424987139040965,0.8041854688501691
1532.99976154,0.893038346066121,0.8181422703738661,0.9039856115780968,0.7316277397863611,0.4613679635383953,0.4158666781268249,0.8268436520303597,0.41304247689374346,0.3932232996243088,0.3093183762170368,0.5866405350997549,0.8280145185618245,0.32091048417556106,0.4183806986732584,0.927845718188119,0.5944033553679983,0.5293294194059847,0.7069615424563617,0.5114005688453359,0.6212436632879946,0.497725400426659,0.8115749332159665,0.6460194541680228,0.7602297587583149,0.8016579702131208,0.7482429662888638,0.8418132372714702,0.43619598699151946,0.8065907167477184
1538.90978084,0.8933579756996184,0.8181046118155797,0.9049388017985848,0.7321638433417589,0.4632844226863934,0.41380219440294025,0.8327270535864066,0.4143327324756452,0.386132804757898,0.31287803928962843,0.59348599522834,0.8290683674908703,0.32169639325265964,0.4196535257516569,0.9287486379782526,0.5967680503399165,0.5301740963126904,0.7091353594096692,0.5122369449996818,0.6226924762976331,0.49923873847941796,0.8162177277037711,0.6464402288672599,0.7644486142324126,0.8036170604759345,0.7498332507024313,0.84137268746699,0.43001926345911273,0.8087271361414821
1544.8387776,0.8934352082573835,0.8182987627558425,0.9052339632915652,0.7326051503120241,0.4650384671582328,0.41459395187246334,0.8381990509005722,0.41562934220998327,0.37926407171832704,0.31633495872944056,0.6001358557586244,0.8299995499869312,0.32254604748094146,0.42107197671197766,0.929814971454763,0.5986831366367826,0.531767344354232,0.7107219240342367,0.5131720564690861,0.6238467259895002,0.5005379463336579,0.8205744746056965,0.6483532689646851,0.7675102861609215,0.8071833444960617,0.755677048380997,0.8416475229971034,0.4249144916119995,0.810684200080153
1550.78660554,0.8934712968982158,0.8188448948885947,0.9055621419699071,0.7333565969849801,0.466570720523534,0.41842671709853607,0.8434204416945608,0.4167614287201696,0.37240571812031004,0.3197429248758237,0.6066917322975433,0.830393397251361,0.32321462854052213,0.4225292018535725,0.9304032910195988,0.600376282156327,0.5336395527416773,0.7119076231104654,0.514049299969096,0.6242413687141837,0.5017432733051364,0.8243888769196459,0.6507479751803985,0.7695734555213358,0.8122762595041434,0.7656020542291051,0.8425437638202744,0.42224146754902303,0.8124467544236229
1556.75329898,0.8936216799336237,0.819511541921043,0.9060601587494032,0.7339595476218544,0.46789357431320167,0.4241603478728447,0.8478444944511297,0.41779859790165313,0.36553914610536126,0.3230682419888911,0.6131557899753363,0.8308939958604692,0.32381674250569176,0.4239737448598125,0.9304408575805927,0.6020156046805801,0.5355033019749723,0.7125048399505932,0.5149328053803129,0.6249487717352891,0.5029609393685591,0.8278867660241327,0.6526596157061727,0.7709660157584272,0.8176477974644341,0.7773759554153058,0.8442358629298198,0.4216618822879397,0.814003451753267
1562.73889214,0.8938729082202267,0.8200330906021251,0.9066394196069578,0.7344431551245818,0.4690570009234051,0.43034871229934984,0.8515195591108291,0.41894139772493033,0.3587766324119903,0.32618450015452594,0.6194370391293359,0.8315089228300057,0.32450080722815355,0.42535555786196544,0.9308783553159383,0.6036989323463962,0.5370363067416991,0.712772301658246,0.5159655210819727,0.6258374032225219,0.504179458323907,0.8314420093193509,0.6540011131008296,0.771714367883826,0.8225287431959333,0.7883808229712644,0.8469756804085878,0.4216926044331765,0.8154261683208371
1568.7434192,0.8939655489068196,0.8206915549610213,0.906409808504316,0.7348012731537112,0.4700213480695701,0.436146331451868,0.8546771442671262,0.42008859175747365,0.35214008694822024,0.3292894969839982,0.6255014876064952,0.8314822936765756,0.32505816793827225,0.4268221824471447,0.9314849258113204,0.605283202997498,0.5383881934527052,0.7131542192380693,0.5169607898201501,0.6271738977902722,0.5053694369454916,0.8345738400139687,0.655029987088739,0.771836448543394,0.8268086722775917,0.7977615330293246,0.8499853909753253,0.4214032924499306,0.8167603087918851
1574.76691423,0.8939305342007844,0.8215048578034388,0.905986381895893,0.7350890478584033,0.47080177999856726,0.44148817120047984,0.8578291546244292,0.42114998005407506,0.3454571143124919,0.3325474015302218,0.6315033215386469,0.8314855107130611,0.3255977138734083,0.4282935441089678,0.9318825269830552,0.6070557387683231,0.5400587835293045,0.7137215589648455,0.5177732018165179,0.6284971152070448,0.5064377113694364,0.8369919541866525,0.6560167721272985,0.7716136024929782,0.8305326339506954,0.8056528260303532,0.8530567473290475,0.42045718845290636,0.8179672885766043
1580.80672696,0.8939124302968565,0.8221111950704676,0.9062134243992688,0.7352375632789564,0.4714677679081859,0.4466340449482754,0.8611715086223259,0.4221892003053818,0.3388962065935351,0.33580836989060836,0.6373661123334076,0.8317758704780164,0.32615995093758166,0.42992624349366015,0.9323228861738324,0.6090462420626972,0.5419056332355037,0.7143058512040883,0.5184631935111041,0.629039983053754,0.5074278117894007,0.8392992918579222,0.6569276986305401,0.7710241352310286,0.8335507164681735,0.81309099247744,0.8558163593824238,0.4188507408522518,0.8190545849987024
1586.85843732,0.89408298965499,0.8224990982952577,0.9067611661101337,0.7354084130273085,0.47199324213266686,0.45162654774546707,0.8644356847847053,0.4231216265315714,0.33255431588320794,0.33910661060507863,0.6429488481049997,0.831998036231364,0.3266569409605658,0.4315923109671044,0.9322880797849566,0.61077045630914,0.5437674954725051,0.7147041392913097,0.5190761447528023,0.6297777079370679,0.5083245663557985,0.8418012628652141,0.6576291241213696,0.7702353577787263,0.8357656763549377,0.8199595672307465,0.8584904515237025,0.41665371578819754,0.8200979020296845
1592.92202448,0.8946122610906219,0.8228319921982985,0.9068291402348325,0.7355566626747002,0.4723854108329347,0.45631553251746493,0.8668861830532666,0.42393462427997874,0.3262947133643196,0.3424605079635219,0.6481991460502308,0.8320578166184603,0.327176524920611,0.4331238207352859,0.9325344211730298,0.6123389690583984,0.5455720504221804,0.7151343349305165,0.5196254689110045,0.6306404772234675,0.5091693561853665,0.8440923144563388,0.6582535434584774,0.7696046139733439,0.8379529874917131,0.8263024630144722,0.861239990417777,0.41418555492828296,0.8210493051496657
1598.99746754,0.895459553257107,0.8231468702297671,0.9062540089466729,0.7352974551302066,0.4726551034091569,0.46067694405877585,0.8683235145474487,0.4247168290256903,0.32004568102383857,0.34573549985481594,0.6533128157691425,0.8320137874093791,0.3278236779579429,0.434723984125789,0.9329065043801013,0.6138140136983381,0.547094252458863,0.7154632179681952,0.5203629703800718,0.6318504768264335,0.5100315376001183,0.8460390108575154,0.659054986916834,0.7687273189424991,0.8407046414463955,0.8326235498127244,0.8637556011304399,0.41181211006914564,0.821979970205659
1605.08474557,0.895751439789255,0.8235042528867352,0.9058429612729317,0.7352191308037601,0.4727980136394074,0.46475238766395044,0.869767376032155,0.42546757961219295,0.31380813278675174,0.34884492058781097,0.6585090944964663,0.8322161738303013,0.3284868462352132,0.4362083018371677,0.9331426767528453,0.6152462235093171,0.5484989984397793,0.7155131570605351,0.5210363676698886,0.6326446119862363,0.51077600299121,0.8476143996269196,0.6600020196300186,0.7672102532223745,0.8431257805384882,0.8389234692468658,0.8658963417454383,0.40955734525035076,0.8228266833570123
1611.18383758,0.8956347335104026,0.8237469639956254,0.9059691499553846,0.7355592586323464,0.4728244688769656,0.4686003836988765,0.8715997703344209,0.4262232467347795,0.30782962508078426,0.3520208882508729,0.6634041031871233,0.8325683132544135,0.32910243047102283,0.43758972704928706,0.9330983937811491,0.6171291594751714,0.5502223844687212,0.715512287618819,0.5218483770531172,0.6332311832598271,0.5114822591160335,0.8487221274393405,0.6608046117330584,0.7663765024327184,0.844697489215279,0.8450160336694312,0.8677607270083039,0.40786907529932487,0.8235979555488758
1617.31109985,0.8955248353351494,0.8239316629013522,0.9065937450517382,0.7357554344197557,0.472752825410245,0.4721203241691409,0.8734554751038852,0.42670295355585763,0.3021404226964841,0.35525102369869604,0.667951950677411,0.8326561815976431,0.32956214899903696,0.438927731365737,0.9325707561808648,0.6186208398801846,0.5520129684561093,0.7153367303197705,0.5224640058725565,0.6333546958550218,0.5121664647656422,0.8500894988551324,0.6614200001334061,0.765847775044781,0.8461060530687603,0.8507067611825038,0.8693522745638331,0.4068467276223441,0.8243210312632242
1623.47024896,0.8956689790580316,0.8238891200221305,0.9069592348034332,0.7357250491038763,0.4726189086458511,0.4755645358733601,0.874805104862747,0.42691126891792036,0.29653784653378795,0.3584244067211916,0.6722033561837197,0.8323674145053557,0.3298240024916216,0.4403010417752747,0.9317850081793609,0.6198661149671394,0.5536543041242504,0.7149234608161746,0.5229213120982534,0.63316194810524,0.5126862731730507,0.8513944596760468,0.6619928811557984,0.7650318782888608,0.8474578911692487,0.8555917020744394,0.870695393654711,0.40650349432733723,0.8249958014020139
1629.66154068,0.8957904772868228,0.8235927112084652,0.9069001311031203,0.7357263479181901,0.4724027961938792,0.4791850494150451,0.8755455103065216,0.42709953704032233,0.29119116864788397,0.3614763071426951,0.6764393155850456,0.8320867495208933,0.3300400513006599,0.4417536756172605,0.9311433854082137,0.6212235940090572,0.555144363323283,0.7145788694542446,0.5235064653771907,0.6332419047339856,0.5131896089330412,0.8524371476946234,0.6625154940020069,0.7639804806667886,0.8486680725562412,0.8601391921373837,0.8717550211833327,0.4067628314558533,0.8255896902846459
1635.88523392,0.8963192505989392,0.8229885138609886,0.9064731723184237,0.7358663008197663,0.4720787226475486,0.4827865994864485,0.8759131943932849,0.42742254435173116,0.2860298442429482,0.3646251579312175,0.6806320012260813,0.8320602854660325,0.3302456292463826,0.4432206706349263,0.9307788028519005,0.6229484447827577,0.5563967596183576,0.7144041730405559,0.5241886430437889,0.6337273856496851,0.5138044852302234,0.8537046412946152,0.6630165491317914,0.7628800967285954,0.849492106840563,0.8644781317442823,0.87268213357312,0.4077978273816266,0.8260555115795025
1642.14159076,0.8968884399056081,0.8221769981884833,0.9057975176955688,0.7359856794401678,0.47159019431224475,0.4863463937603475,0.8758197037318561,0.42787424896360743,0.28108179951804013,0.3676731616545633,0.684474552523066,0.8321150516597755,0.3304683265582242,0.4446794110055354,0.9306768559263968,0.6244932842908012,0.5574765458101268,0.7141090665719603,0.5248719683050743,0.6341703763965673,0.514446685810528,0.8545649794383599,0.6635754972619753,0.7615761894360441,0.849637467724902,0.8682061939594229,0.8736680440212029,0.4094390764864541,0.8263899571938969
1648.57498892,0.8969644859772965,0.8215430894035324,0.9055948002467431,0.7359671837895377,0.4709516510841728,0.49007585584592045,0.8753337154997654,0.4282368547995599,0.2762657788425072,0.37062513035054806,0.6882563643783477,0.8321691203357183,0.33069699681624926,0.44607422643929573,0.9302096668902374,0.6256465906310794,0.5586789900323077,0.7138547589500354,0.5254283079108736,0.6345187862006976,0.5149079730251102,0.8549793873809469,0.6641222070867886,0.7595717076161239,0.8493574773171597,0.870981771535857,0.8739233466272847,0.4108975750340354,0.8265952482667291
1655.33520858,0.8968565499827286,0.8207892103949588,0.9058634232088625,0.735868018120444,0.47017225608098095,0.49380978863615094,0.8742839149775437,0.42833940217227695,0.2714374405496434,0.3739834520533419,0.6918561411919911,0.832119656664651,0.33099862589480017,0.44752760388321305,0.9299333517350109,0.626535934330951,0.5599166920056111,0.7137616136986354,0.5258386409087595,0.635109340811341,0.5153844150938892,0.8545325037871895,0.6646942693908989,0.756950587339349,0.8480860500946258,0.8730304439904095,0.8736441306652694,0.4117220478663229,0.8265577169100066
1662.47344048,0.8965562978246374,0.8197811769888748,0.9065200272358601,0.7355044521716007,0.46922819726000603,0.4973373550713725,0.8722944037782692,0.42830999026583066,0.2664441911807105,0.37745550468803235,0.6955416356021147,0.8317513708145042,0.3312760616193242,0.4489621094112024,0.9291814939743627,0.6272465490958404,0.5609443013763069,0.7135999202728036,0.5263227272682843,0.6358479610779506,0.5158824483803148,0.8537320716864383,0.6652483967920476,0.7535875417087637,0.84499435001193,0.8741083336191622,0.8727963701284052,0.4120516592765123,0.8262067157398081
1670.05561049,0.8966267144392173,0.8188150634885518,0.9071358020796892,0.7352046630543686,0.4681022879217207,0.5007184033191415,0.8693184173519464,0.42833162167223027,0.2612410496922885,0.38066824017569717,0.6994288383903323,0.8312181448550321,0.3315677492900631,0.45034519679631513,0.9277962089376854,0.6278536892254509,0.5617773549862723,0.713112437753136,0.526812364455612,0.6364907683914255,0.51628915403057,0.8527490097495958,0.6654394388482918,0.7490492582691456,0.8408154349117976,0.8737458623860545,0.8720653941915323,0.41218733455106343,0.8254395347611475
1678.16902352,0.8968604884018984,0.8176584121536914,0.9067327084159138,0.7351152180307321,0.46685240004327766,0.5045922912480011,0.8654720100250641,0.42827073267341037,0.25555307681318645,0.3839437663768111,0.7032484442580852,0.8308311322817574,0.3320759516262458,0.45189129978557263,0.9272002780318022,0.6289765173541674,0.5627210747124287,0.712528202512203,0.5274012247214805,0.6369051172979451,0.5167391814010263,0.8515523651607704,0.6657951286267426,0.7437824439562003,0.8365869568991481,0.8717087178522134,0.8722270920697645,0.4120693143488395,0.8244050950510883
1686.55255666,0.8969575873292702,0.8164378635996486,0.9061486210166466,0.7350953804326521,0.4655028570098633,0.5097946052668327,0.8614487023813977,0.42817287260591724,0.2498398311948314,0.38719476213289183,0.7069336008158564,0.8314432166536444,0.3324881960506248,0.4535988028193375,0.9265239479635448,0.6305137252430617,0.5641819891182323,0.711989353833853,0.5280109510901797,0.6370574181316644,0.5172478538575296,0.8502952657949716,0.6670926866439906,0.7381138785225262,0.8321708055874101,0.8673299025359877,0.8729634863151173,0.4118251430905959,0.8230419682516221
1694.9652068,0.8972675402534859,0.8152618868858836,0.906319472865044,0.7350318777279208,0.4639877129997892,0.5160922393482754,0.8566234508429793,0.42800650208118773,0.2445620217558733,0.39033338831874204,0.7104418557198956,0.8328751665925418,0.3328586551501232,0.4553599457702312,0.9259042221125633,0.6322547791680825,0.5658866000387748,0.711370650296716,0.5285289426919294,0.6370729270361809,0.5178203812992946,0.8485249558581729,0.6692318279739247,0.7320029703415818,0.8268140051194961,0.8596967174230361,0.8736473148008249,0.41160279742423184,0.821318721920321
1703.40698655,0.8975727582097278,0.8144075068597888,0.9072556497991752,0.7349886033726551,0.46228919388446993,0.5213659944599389,0.8503762941198527,0.42775088640116143,0.23980020369789531,0.3934224349099339,0.7136986542410901,0.833865887357407,0.3332814134353715,0.4569512258948322,0.9252068684678646,0.6341401534982319,0.5670946033943276,0.7106817368258447,0.5288313178018879,0.6369978507047581,0.518439396714859,0.845912156940782,0.6703514548254144,0.7247726148842301,0.8198201682485026,0.8481699201631709,0.874395392442047,0.41155888048704803,0.819531195706207
1711.87790799,0.8974613383460954,0.813490702756449,0.9081795169515045,0.7348473557215757,0.4603419388866489,0.5257052546323365,0.8417453441307076,0.42736346553130866,0.23520348347156417,0.39644887866556244,0.7167609707609192,0.8337313644271788,0.33357880504251175,0.4580398741378423,0.9242062899508947,0.6358065704274471,0.5677388051428736,0.7099528139588996,0.5289419144011328,0.6368318421061201,0.5187513095968856,0.8424517005086697,0.669747619962155,0.7150116906033438,0.810993987028989,0.8329663554809243,0.874731593407314,0.41201447147203385,0.8179161058668918
1720.37798277,0.8971480556681526,0.8124737849875905,0.9088197562337705,0.7345449143168258,0.45809736125365047,0.5304595931926168,0.8309889942074823,0.42685147995029765,0.2307648585910457,0.3993555503077841,0.7194289123577284,0.8325133328750941,0.3337799782103981,0.45903696842766833,0.9229866779625497,0.6372376656427111,0.5681970243462069,0.709182679282845,0.5291276915359435,0.636272571813336,0.5188278039077832,0.8382609227711273,0.6689779272659261,0.7013707453546905,0.8005878104157879,0.8147802424345968,0.8743716619928682,0.41339828107094906,0.8164069849558849
1728.90722205,0.8966834811882592,0.8115579986343587,0.9093889078756191,0.7341039219609146,0.4556128382826359,0.5357766665195507,0.8176564413253717,0.42625603442730015,0.22651334992629077,0.40200802410957587,0.7216212037369714,0.831732737149364,0.3339860560399683,0.4601565516259967,0.9216192938973828,0.638479271454196,0.5690116322216617,0.707897547485374,0.5293726021825316,0.635453539243504,0.5188051082463305,0.8334087197276776,0.6690836311568604,0.6832406457458557,0.7886063088629948,0.7954025026378565,0.8734521451149154,0.41552041817579227,0.8149334242468731
1737.46563653,0.8961750723980975,0.8108051106785623,0.9100532309390417,0.7336715005597547,0.45294058768215223,0.5411699325232253,0.800868626873817,0.42541245467924166,0.222428912008825,0.4045110640389637,0.7236728152807808,0.8321871336626783,0.3340992462788613,0.46129426164799064,0.9199080461411832,0.6398328205420568,0.5699455829040158,0.7063807996191331,0.5293708891606351,0.6341394274310406,0.5187332646776616,0.8278542935741284,0.6701426718037128,0.6622662880908455,0.7756872358539054,0.7773115893836202,0.8721138048434806,0.4181379977726691,0.8135543318297154
1746.04891596,0.8955730536972424,0.8102143152810612,0.9102104327413689,0.7334744440803188,0.450076569687037,0.5460490671396857,0.7799855842267228,0.4242242605268815,0.21861195265584984,0.40715912246306446,0.7257323673138449,0.8321707975642599,0.33410617575640983,0.46231120348835386,0.918011485748913,0.6411417543772928,0.5706390225576827,0.7047314487492459,0.5291345427689229,0.6327863500885231,0.5186548714457726,0.8219422373588952,0.6707966194971126,0.6411866667248164,0.7631132939497478,0.7641631487895998,0.870596943906234,0.4212737275574819,0.8123619728739448
1754.65358123,0.8947408408515688,0.8094154912029824,0.9100394358839182,0.7334446722931978,0.44705056391130105,0.5501658067830691,0.7564371714612227,0.42306546031827535,0.2150833807498568,0.4096797637836555,0.7275438912323896,0.8315788709403017,0.3340020902930989,0.4631545037023219,0.9157790491513268,0.6423145794416613,0.5708846901397979,0.7031130985299098,0.5287951662528295,0.6317754709987642,0.5183971824609622,0.8158606884795248,0.6709522119955121,0.6244299565574858,0.7522882342874072,0.7589274590097136,0.8687910173343655,0.42477827832542187,0.8114191858459301
1763.27958128,0.8939583807543785,0.8082823860559477,0.9092645884747593,0.7334995162422813,0.4439996297808599,0.5540292189071758,0.7328876017379293,0.4218066198521239,0.21174935618152257,0.4118794398823721,0.7291480893978071,0.8310285967935022,0.3338915333497823,0.4638754661090244,0.9132316456669642,0.6436138796925044,0.5709239898024479,0.70168030826943,0.528442122101265,0.6307067573713058,0.5181331606322652,0.8096929215974364,0.6703513355430037,0.6157144396190567,0.7442767214466819,0.760371072288319,0.8667710023472822,0.4283320639086873,0.8105325383966091
1771.92686491,0.893604131126108,0.8068832814742974,0.9079064909415119,0.733491486824604,0.44108475098288374,0.5578633986155417,0.7122311644105134,0.42042671573565643,0.20865809363573923,0.41390668467772723,0.7305397466850457,0.8308655024434111,0.3338208677869905,0.4646584104816193,0.9102697779129779,0.6448196251783772,0.5711003762654572,0.7002767012747981,0.5280763573498062,0.629482727585946,0.5179132761693543,0.80365273983223,0.6691291286005107,0.619009851841917,0.7397679843845922,0.7642121925749984,0.8647959432155417,0.4318078788641023,0.8095053091299326
1780.59538078,0.8931545880115433,0.8051683402503097,0.9064056780016125,0.7334929894537968,0.43838576698917786,0.562458314046429,0.6974050328673591,0.4188859906742558,0.2057169033451298,0.4157949529057342,0.7318016429083013,0.8310600089207724,0.33381185591369283,0.4654443320901753,0.9070579497752733,0.6459819901447248,0.5713099485021572,0.6988655369604121,0.5278029059619459,0.6283625322741727,0.5174352350754986,0.7977672067918395,0.6682044780438116,0.6354451099645015,0.7389178282308734,0.7694700183391168,0.8628563851427955,0.435318579450356,0.808347108004715
1789.28507741,0.8923643523183907,0.8033106110831024,0.9058319828336582,0.7333978081397843,0.4359552582413716,0.5672867138826484,0.6888737277217902,0.41723636708293155,0.20298946181538816,0.41763638808967873,0.7331660911704581,0.8310278910406098,0.33385236883793484,0.46633563057396427,0.9036382283678736,0.6472232830527992,0.5713734870346838,0.6973091106399097,0.5278571934266322,0.6272654443199711,0.5169406540218335,0.7920839115037873,0.6673726377102182,0.6602658132255671,0.7417016333413607,0.7770704699632389,0.860600091652912,0.4388217013271445,0.8070524091886552
1797.9959032,0.8914646723312242,0.8012871561705901,0.9059785086748211,0.7331088191454753,0.43370197614643957,0.5701141646941786,0.6846642943729366,0.41559173678470795,0.20055984719594314,0.4191851019854453,0.734491259579525,0.8303116135502746,0.33383285064698803,0.46715655233638703,0.900741364389876,0.6486645963585864,0.5711319185795054,0.6956558548483851,0.5279710802175389,0.6260376288265754,0.5163162729666804,0.7865427122968763,0.6650322637150455,0.6844035191491065,0.7466728959300566,0.7859511263996637,0.8574317992870318,0.44221577813153407,0.8055768369002675
1806.7210252,0.8909851053682459,0.7990440202199245,0.9058904015746674,0.732569921029467,0.4314981230547494,0.5704893899217548,0.6862480706014458,0.4138299818994946,0.198637008111989,0.4205474454462471,0.7356748826949798,0.8291638495346568,0.33382820588969203,0.4677938561250967,0.8984750748573137,0.6499366201641942,0.5703468552311275,0.6937839645706321,0.5279122612301802,0.6246865141991951,0.515719968496689,0.7811622782145763,0.6618394485837312,0.7000156425897829,0.7522039207472165,0.7933999188929369,0.8523573632325008,0.4452846693647406,0.8038850044681805
1815.45600983,0.8907443907887428,0.7965642275725289,0.9049840671947527,0.7317429859236136,0.4291080510024227,0.568050415507222,0.6938498427484284,0.41191831333145607,0.19702245727081769,0.422062441430185,0.7367392765513205,0.8280455781876007,0.333764860844156,0.46836215240830703,0.8966923357727299,0.6511896684010752,0.5692756774110378,0.6917265322508364,0.527710313509742,0.6232015402140483,0.5151325326485829,0.7755141391708219,0.6584241935560149,0.7076840899868634,0.7560549034567442,0.7981531680354514,0.8445711106147212,0.4476659157248422,0.8018551637471606
1824.20079533,0.8902021634425545,0.7939804465552106,0.9044967118801844,0.7306786658567744,0.42621984380671213,0.5647322537113935,0.7024991208413359,0.4098556687983872,0.19563324999443493,0.4235471080133923,0.7376004406524264,0.8266185863015449,0.3336628781912057,0.4685691714220897,0.8954099847422433,0.652101025920152,0.5681673428306973,0.6894071621115452,0.5274883229978801,0.6214552322605783,0.5143429968130059,0.769311497566855,0.655311123038971,0.7104103634972938,0.7565468927237973,0.8000311039187487,0.8331966751953668,0.4487208988296316,0.7993176764810126
1832.95532041,0.8889539523851651,0.7910666457177095,0.9046304299881751,0.7295974127984026,0.4224550010268186,0.5647137245840533,0.7067808344129153,0.40765195535543425,0.19425038479021092,0.4247873278561032,0.738434051766135,0.8250643561011706,0.3336339973691204,0.4686776076556203,0.893877167363626,0.6528608523509553,0.56710653922662,0.6861522046245767,0.5272918437576645,0.6188424040697005,0.5132415493079189,0.7613091706342919,0.6535845735834483,0.7101750783879276,0.75290484338342,0.7986933687564207,0.8165135430512813,0.44788459003880754,0.7959489521081689
1841.71952428,0.8873309249235158,0.7875846601935846,0.9042153637649264,0.7283758420549374,0.41716356342481875,0.5705398252068372,0.7038733811109951,0.4056316727203348,0.1930681435102069,0.426182343974832,0.7394970660045538,0.8237530315252771,0.3335889160520489,0.468510804793345,0.8921217294851653,0.6527387758368798,0.5660480924422377,0.6818153388713899,0.5264383334492733,0.6147705809536472,0.5118499477063154,0.7512133720104442,0.651807185731046,0.7077028567129183,0.7448917611078096,0.7932806024715251,0.7974341053839162,0.44459012796188335,0.7912708715855686
1850.49334662,0.8859145408289137,0.7839743660162618,0.9033069611716686,0.7273164540941957,0.40927866044557454,0.5794001541759789,0.692795637326659,0.40355051547052695,0.19234701205976854,0.42733301656415057,0.740532157614595,0.82200116175968,0.3335740029929372,0.4682694104636639,0.8903153468201315,0.6523345961962409,0.5651524852180836,0.6758987303355393,0.5250138442399697,0.6094160286789078,0.5096255779629149,0.7365405805083235,0.6493916089667958,0.7034665082830244,0.7326330972106812,0.7829968095749122,0.7883310612270467,0.438468593133129,0.7846610744271342
1859.27672761,0.8844107251526786,0.7813956211775026,0.9017368409299292,0.7262336043755367,0.39712632503060513,0.5865912929124514,0.6722781506373919,0.40118154523837357,0.1920537505850787,0.42826498737686897,0.7413640378169397,0.8184708311951772,0.3335635269337372,0.4681386975330264,0.888196638309448,0.6516664043863828,0.5645009192816769,0.6672747304484464,0.5234975099729956,0.6013799796907803,0.5059590405307556,0.7140854442586522,0.645973829021027,0.6978061103101879,0.7157219224012396,0.7664159781598159,0.792804557971779,0.42895841973223114,0.7752241880786687
1868.06353858,0.8824659707299816,0.7782524718741423,0.8997545793450774,0.72443714237268,0.3782648527144437,0.5910127297361687,0.6394068175206331,0.39865116056373395,0.1922082982553206,0.42918809794785584,0.7423014026024196,0.811937192875358,0.33349521035676294,0.4681897118906331,0.883023967747054,0.649889916677687,0.5638424519258457,0.6541591469276244,0.5216108749351626,0.5877154180671433,0.5000455521911511,0.6801341834113012,0.6406645497228972,0.6903991717531485,0.6926259768149301,0.742081791810041,0.8059080111191392,0.4148165252775146,0.7618691938557152
1876.84916726,0.8807177746864508,0.771409428754575,0.8977356565064718,0.7210829607406217,0.35028755173324166,0.5946316104981512,0.5911520391542235,0.39664783561800276,0.19262136729010526,0.43008667848553644,0.7430698760000846,0.8028643774610277,0.33339680487954115,0.46770775297050293,0.8745046499558549,0.6451692091462209,0.562890390218384,0.6359995919932491,0.5177877484596006,0.5642237106637273,0.49013999991271556,0.6320386276167329,0.6326086198579465,0.6800099001260779,0.6613924815324056,0.7093778317673309,0.8227557401595768,0.39463544889616864,0.7432373494553256
1885.63362519,0.8806132191356651,0.7608053095222413,0.8947139523531478,0.7188094153890292,0.31397202225986665,0.5991656381787049,0.5281757259219437,0.39431835049656155,0.19327746374802185,0.4306562319743539,0.7436061813269335,0.7955326568097063,0.33335111263023987,0.4678392448123644,0.8646270303829423,0.638585393141572,0.5618954324924879,0.6126766862011954,0.5127263755288795,0.5290649211083381,0.47388649126076704,0.5671592720080489,0.6208117574834111,0.6676492028254625,0.6203028311918867,0.670804134649501,0.8362316004979656,0.37006360943843597,0.718206537052172
1894.41692373,0.8809602596259789,0.7479890575867975,0.8906064775685599,0.7170707213163421,0.2781057947139082,0.6052777049556711,0.4562277859670668,0.39150308758621805,0.19413136944140424,0.43107863266921226,0.7439313978407065,0.7940339748516074,0.33331627120835516,0.46847944773647515,0.8553125065677966,0.6295614787317775,0.5611440579134118,0.5861418352450101,0.5066058133638676,0.48588015915011373,0.45158898888625937,0.4975528176617823,0.6062560755464638,0.6546631583324477,0.5678870998558,0.628440296843796,0.8428910894467088,0.34314653478330764,0.6859174335900602
1903.19907409,0.8810097398519996,0.7335335860674774,0.8861178373518733,0.7144217500515117,0.2557252800191591,0.6112380182642012,0.3881316006713401,0.38872991093938464,0.19529416847794184,0.4315146036927756,0.744568744673174,0.7945282417183559,0.3332643249805523,0.4687185142126987,0.8456987071379822,0.6197896136951528,0.5598906797891193,0.5622645151775352,0.49966466021502803,0.45340982604311064,0.4323520683464047,0.449077163257218,0.59428789378428,0.6410018156126597,0.5055361574764712,0.5834567034579037,0.8439716733684165,0.3157735460395429,0.6468183598191662
1911.98008732,0.8806412199197657,0.7186874984731921,0.8820190330634413,0.7120581146566937,0.24823070403464725,0.6150950117468847,0.35180196808840114,0.3861291282334086,0.19673649390335618,0.4318788252448851,0.7451346749736903,0.7942314914963917,0.3332945185457812,0.46854205513968916,0.8372267772930885,0.6144974857698238,0.5587173343551083,0.5463130573319926,0.4936122054874146,0.4494994796973047,0.4270284384059762,0.4358983319517166,0.5890166353073871,0.6270799320994734,0.44458100849721865,0.5363281245070597,0.8417451121433517,0.2903809796191212,0.6057994557440399
1920.75997429,0.8800674995328621,0.7051392776133508,0.878433864999561,0.710986458428124,0.24878412178260023,0.6165071785450982,0.3618045185831798,0.38348681889167613,0.19865631472927472,0.4320705432853591,0.745489792530919,0.7926876245648197,0.333268627328001,0.46853418573007716,0.833034073592745,0.6152164565272087,0.5574702454360317,0.5386640359425326,0.4901827011686309,0.4665154725653941,0.43320138732309893,0.447907514446446,0.5896174092093867,0.6146538289081571,0.4087730728069722,0.48726748121594615,0.8383935143600457,0.2696259624847823,0.5712069285537559
1929.54914243,0.8794925448088607,0.694246775795715,0.8758354652030729,0.7105199989583373,0.2524648732762779,0.6154073753515487,0.4010518397270521,0.38085838115923637,0.2009106542238401,0.43234946861141305,0.7458506674766411,0.7916253315303168,0.33326986011332577,0.4683462639545702,0.8315350013262838,0.618300640861305,0.5560079244088649,0.5365425571559876,0.48886791263179535,0.486434026428769,0.44323172248049,0.468355679523363,0.5920833552237135,0.6048028954107031,0.4092901153725946,0.43854600927760806,0.8346632654861708,0.254303736475398,0.5489731351276101
1938.35679058,0.8784399632220387,0.6862199188116371,0.8744444180489502,0.7107050672529459,0.25730133576707237,0.6118551034083546,0.44615970021923484,0.37826156433503055,0.2032047602488147,0.4325877651889584,0.7460153749113487,0.7916880238354658,0.3333355170337988,0.46804915210795867,0.8318903264980703,0.6219095939000697,0.554265976668813,0.537280969799198,0.4885738010161396,0.5010994493027077,0.45265739708778574,0.4866623617562417,0.59405532279152,0.5969653823651662,0.4299094999788357,0.4002348372498928,0.831375923888047,0.2423705787792723,0.540021217293843
1947.18286652,0.8770475238962814,0.6799729017508833,0.8734487024899774,0.711579495095356,0.26282046909761336,0.609558488459449,0.4881231023208091,0.37556779459197037,0.20572394235117733,0.432939665213586,0.7463886804533468,0.7918673937881829,0.3333953677917877,0.4674504080920974,0.832817251987383,0.62501402197779,0.5525676789595977,0.5393563075172487,0.4883928179713626,0.5107114275771947,0.46048044095656127,0.5012308509996004,0.5955630513055916,0.5896947321645966,0.4532008391342931,0.38509760454869774,0.8292217151862096,0.2308085539746893,0.5418614330023804
1956.02731804,0.8758320288438863,0.674904682623987,0.8727801697023174,0.7129045509545118,0.2690899123015243,0.6139547406281477,0.5268872947927361,0.3727425907381508,0.20863223534934555,0.433166926040072,0.746730021841714,0.7925820586396085,0.33339084877092967,0.46674025451541384,0.8343337054555575,0.6279435594980617,0.5514472160018541,0.5418165805637557,0.48817664620883106,0.517747834669873,0.46673462245359026,0.5138795819908599,0.5968753446047239,0.5827709222775425,0.4788229967174377,0.39499104224415127,0.8283711613961524,0.2194038969028303,0.5500722690407206
1964.89009294,0.8749511438630482,0.6707545843390054,0.8732107592153432,0.7142815772988582,0.2761087912484724,0.624120304145715,0.5640136160694756,0.3698285720140588,0.21189626811592105,0.4334637892815658,0.7472040745402686,0.7942688654861214,0.33343533886445276,0.4661998547968063,0.8359371178379998,0.6309214677945177,0.5502244168358689,0.5447588575996397,0.48786124279014786,0.5244051259060901,0.47179845878814597,0.5271121481251986,0.5979141763020765,0.5775166128017629,0.5049079313675074,0.4181430725621191,0.8279574127937417,0.21056151412868546,0.561001932763145
1973.77113898,0.8741341623677925,0.6675160534892223,0.8737373469299338,0.7154122801996814,0.28381617869028,0.6341143136143123,0.5981660464055423,0.3668872465225007,0.21558841825383693,0.43378250088102277,0.7477849237530358,0.7955234881842599,0.3335010539247661,0.46557949192612946,0.8373398599039774,0.6340972665807563,0.5487849916512024,0.548532552906739,0.4875635895338989,0.5316183148260855,0.4760946841674555,0.541903954381764,0.5978912640758153,0.5741009841502497,0.5272194297154252,0.4398542544643316,0.8275843241099435,0.2062280273291572,0.5731952820682051
1982.67040395,0.8732751562278014,0.6653742088252496,0.875039715202533,0.7162166050996309,0.2919643417629407,0.6403588878859287,0.6282437672342658,0.3639667023692256,0.21973651687525927,0.43417113242645033,0.7485831407321343,0.7970248692339449,0.3335345955690027,0.46510807354152667,0.8382091790325482,0.6371146758458811,0.5471396027720433,0.5532726844535183,0.4877500774660097,0.539679942232313,0.48008081942320213,0.5580562259711809,0.597207303588155,0.5692905026576408,0.548392784264225,0.46345923695763025,0.8269555449350589,0.20534166252803696,0.5860834390115228
1991.57932378,0.8723629249468475,0.664316553371118,0.877263276047946,0.7168340366027728,0.30023774653970836,0.6441205816777598,0.6524123517633414,0.3611405797065016,0.2241712194960625,0.434556006055971,0.7492070901667178,0.7987701209883278,0.3335945181780509,0.4652559854415566,0.8388686384055538,0.640100481840159,0.5459457510067877,0.5589257063901188,0.4888153055930355,0.5482849417025579,0.4837973518714924,0.5749213646123659,0.5956122775488175,0.5605469373837667,0.5723268504143665,0.49614358791751056,0.825972004098614,0.2058654573534965,0.5992113859742364
2000.48893957,0.872490810981722,0.6638513747625263,0.8808531826787881,0.7175182015629055,0.30827652967340785,0.6467735837102497,0.6703917513321301,0.35832518119672374,0.22889731222764603,0.43491035151096646,0.7495431999565295,0.8001711923432179,0.3337221151398474,0.46602996368345656,0.8389828183573331,0.6431273419951584,0.5460176188894054,0.5651535529614498,0.49050374512701567,0.5567775062460179,0.4874350098791666,0.5920456951019157,0.5933258290102654,0.5493343174941087,0.5988332522935484,0.5406563551326774,0.8244973415063656,0.2060327562160214,0.6120753853855856
2009.39924527,0.8737095289789948,0.663701507413012,0.8852075658878994,0.7182914793530691,0.31575344688153434,0.6492168483398708,0.68345180409708,0.3555202118200773,0.23403748037908376,0.43521960107815627,0.750081255771158,0.8015583373577005,0.33382180809270084,0.46758538959207013,0.8384942957978502,0.6462396717432586,0.5474902850454203,0.5713580566864025,0.49239727796613314,0.5647973482836872,0.49106458814714915,0.6082798679512258,0.5924683605920289,0.539843723746998,0.6229085722097065,0.5864792976608886,0.8229425947624983,0.2042029138528431,0.6240999853528878
2018.31023493,0.8748927762155344,0.6637175852744714,0.888556684977437,0.7190620851583007,0.32245198923425217,0.6510898190402844,0.6930226575453406,0.35272010492133266,0.23945920852018543,0.43552072901253525,0.750647933664787,0.8032313922728641,0.3338580576276866,0.4697825240373899,0.8378096123199088,0.6492580621200824,0.5499191098757303,0.5772482686248163,0.4943046101994696,0.5720263037917931,0.4943952239992848,0.6229362404666725,0.5954907299150317,0.5340411224313243,0.6411693648420427,0.6224834790819365,0.8207905345799552,0.19977922324281983,0.6349545060080595
2027.22190266,0.8755941920491542,0.6640442429035522,0.890923806249383,0.719842676245127,0.3282619957739129,0.652682777045415,0.6995120201930705,0.34985478841827755,0.2450694999793241,0.43572913657212997,0.7510473259017227,0.8047067241784214,0.3339296199593459,0.47229723890107167,0.8364092350230516,0.6519658073187156,0.5529079163569427,0.5827185765469641,0.49606042570647846,0.5780076086392516,0.49743983107444856,0.6359372293303749,0.6007230088888741,0.5293408235249523,0.6540205482571202,0.6478022630300164,0.8177020888287323,0.1929918505734058,0.644538915030363
2036.13424266,0.8760548742439265,0.6647841029434229,0.8934279125714566,0.7206314392822509,0.3331498431262573,0.6552835168660206,0.7034468186045462,0.34704916236969624,0.25093260214568497,0.43587624784302487,0.7515587386695021,0.8060771109468545,0.33405039423953375,0.475007802102156,0.8339128084335087,0.6542985885321277,0.5560163742525028,0.5879183004852157,0.49782302828553926,0.582602783404565,0.5001568476777499,0.6470403259878165,0.6028583646290291,0.5231754605155801,0.6621002732450605,0.6652700154688301,0.8136848673628587,0.18482875228161863,0.6529774003578317
2045.04724919,0.8760864401809987,0.6658938184223201,0.8955311671458449,0.7212879199899485,0.3371447428405572,0.6575361221194872,0.7065669262829982,0.34435140657914376,0.2571293705126317,0.4361290139199174,0.7519784508546514,0.8079462446294324,0.33413699091978144,0.4775216227975951,0.8308469057504306,0.6563437802824229,0.5583344543443792,0.5928775462807001,0.4996147164216587,0.5860640969607763,0.5024194773743134,0.6560467963516875,0.5999511324627983,0.5158931227021875,0.6663987184750337,0.6770318156688329,0.8093210656529624,0.17680950776153867,0.660410987219097
2053.96130725,0.875630175425991,0.6672937682419564,0.897003638462661,0.7216562213793148,0.3403826608822661,0.6596800085054829,0.7085172169956963,0.3417064762772946,0.26370361762960476,0.43640022825830965,0.752266341320143,0.8095955192323714,0.334121359762631,0.4797667631340385,0.8267507624593171,0.6578509466671011,0.5592905680759825,0.5973858163479798,0.501436180230523,0.588641579722787,0.5042950524474251,0.663124925734577,0.5934111816474048,0.5083819318752205,0.667513449543684,0.6838957180321208,0.8053469810099116,0.1704798776656048,0.6669910757933715
2062.87694233,0.8750933075701418,0.669069913272126,0.8979604329277905,0.721774109484814,0.3430274745450072,0.6616619850042971,0.7099378297565524,0.33906634990717377,0.27058113267262346,0.43660598032417486,0.7526833136890241,0.8109488412543171,0.3341461982098661,0.48155833102506423,0.8211250596674436,0.6588780916981701,0.5593806808831968,0.600762911075185,0.5025047143751802,0.5906222344044476,0.50567186840739,0.668623925017629,0.5818672934298849,0.5020182971665185,0.6656899307069256,0.6866501992273841,0.8014573802044326,0.16660867831157752,0.6729147768887574
2071.79414164,0.8747825537020876,0.6711655888571908,0.8998141844144196,0.7217498640168194,0.34520806189186765,0.6627382901675296,0.7108493343822607,0.33649031581914257,0.27775806961461746,0.43671367359642166,0.7531903972646181,0.8122502135050792,0.3342659955175449,0.4828898465916848,0.8140350814327776,0.6597973721724412,0.5592102505138555,0.6024118900245474,0.5024780718724934,0.5919215707459746,0.506655770562434,0.6729301330773871,0.5652296634305681,0.4972334955835701,0.6617725918126354,0.6872696833347468,0.7977232007547518,0.16487565895444428,0.6782651189043342
2080.71289251,0.8743097386819549,0.6735912156743379,0.9014460184217118,0.7215090547898136,0.34699544341045535,0.6630521830317344,0.7106221642541242,0.3340799054884985,0.28517732502141363,0.4366577322344347,0.7535905615800683,0.813075266482559,0.3344463194879675,0.48391456384833403,0.8064827857465001,0.6606585241332821,0.5586321873751614,0.6023623903883277,0.5016033741642816,0.5923143549559953,0.507356689916864,0.6756617358421946,0.5551199815168664,0.4918373299003169,0.6564924308242377,0.686740804412497,0.7945577558187732,0.16425706599518713,0.6831423304775527
2089.63318245,0.8736228967793414,0.6763728757762618,0.90258215615784,0.7208796020950264,0.3483985746842744,0.663006262633531,0.7086299068899042,0.3316386632914361,0.29289356400609295,0.4366731550797906,0.7541517472328755,0.8138796255596596,0.33462369073288595,0.4843607891098542,0.7983033999319037,0.660761032558701,0.557233612918495,0.6019630966260896,0.49957234682514545,0.5924088557823824,0.5079392188569928,0.6775229916042435,0.5551173491868746,0.4824522376480426,0.6505554559896208,0.6838721197741631,0.7917506000266431,0.16410374330646865,0.6875593328327496
2098.55499911,0.8728336954254657,0.6791372827836527,0.9033715510565967,0.7198038364620072,0.3493781745813722,0.6630206953553,0.7048832817938832,0.3292116576909202,0.3009320527418806,0.4368216928585076,0.7546814607963603,0.8155639563953593,0.3347491106611567,0.48415181033766813,0.7892450572894181,0.6603611057823174,0.5546594545920412,0.6023338057928173,0.49730575709534747,0.5925594320869405,0.5084588896547287,0.6796834100745179,0.5579266684416674,0.4669689780351947,0.6451893521161166,0.6785164550762283,0.7886123045757337,0.16425226661461434,0.6915301336600034
2107.47833028,0.8718135362841555,0.6819569807393278,0.9042155825974673,0.7185412294635443,0.34995168312363617,0.6628717504600806,0.699438016219406,0.3268896621551345,0.3092522994747092,0.43686660182889214,0.7551871021880824,0.8175124310276368,0.3348318455810071,0.4836539004017762,0.7781560953198196,0.6598756926188977,0.5505087759120724,0.603405943784126,0.4956310611416886,0.5928150764651167,0.5087758592427516,0.6818535988175063,0.5572835654378382,0.44473481714730617,0.6416505195834787,0.6713759653826418,0.7843858551004548,0.16431697323752287,0.6950637894486356
2116.41133382,0.8708252632247081,0.6849234502553505,0.9057943141514617,0.7173502159597904,0.35007571176077923,0.6621802582910101,0.6930572014159674,0.32483203217854306,0.317485376843062,0.4366780472150231,0.7556050223696662,0.8188918976441272,0.3349566093118959,0.4834889091842424,0.7652826776961106,0.6594037851601761,0.5440889635805711,0.6049884377727913,0.49456579193085703,0.593144189587036,0.5090731745915903,0.683884879442845,0.5512418804158127,0.41605243266564756,0.6399778737967469,0.6631646706799955,0.7792016763940034,0.16397718307540995,0.6982121426747924
2125.37093026,0.869471589177685,0.6879928814954303,0.9066242150118157,0.7162997053806641,0.34960055866745626,0.6614458398205392,0.6878524846394359,0.3228716579147728,0.32554283790282573,0.43637118165565913,0.7558541363963391,0.8202169752182028,0.33509565130652674,0.48359703860123865,0.7520582740082052,0.6592552799620554,0.5341569211050956,0.6064378037868025,0.4939507255786392,0.5931324216759973,0.5092170085885481,0.6857045357080261,0.5435497759371998,0.3855281859282168,0.6388541123851632,0.6546857594208961,0.7735400638061264,0.16394274663193176,0.7009893435076325
2134.35713173,0.8676195675460487,0.6912405491459818,0.9068119207683533,0.7151067530472828,0.3483023427436547,0.6599015893059442,0.6845006235741087,0.32085125993073216,0.3340380056420462,0.4361868593973414,0.756121056040279,0.821093705794521,0.33518961877638853,0.48373449747916464,0.7330572284700442,0.6591403124481471,0.520015068148088,0.6086918077438962,0.4936923392994743,0.5923007181928638,0.5093164921360271,0.6878191391237437,0.5400761494372893,0.36032013187786965,0.6374409145072715,0.6463992083620612,0.7674656704991946,0.16625364055941402,0.7034774265626638
2143.36995005,0.8654123851038862,0.6947300626014639,0.9065425802909303,0.7134393926938942,0.34591179636482833,0.6568427755967371,0.6834865782515409,0.31883370412098,0.34284394481130426,0.43604971549647853,0.7562069094647412,0.8208950204026598,0.3353206049837417,0.4837475389000542,0.704070630351203,0.6584176448533317,0.5036050637577975,0.6122165206001007,0.49447236248164267,0.5904810404295785,0.5095109898969448,0.6898136714586741,0.5430775921757401,0.34049194907367963,0.6358515357777701,0.6383006613421548,0.7612908187565973,0.17369005902302043,0.7056619809538554
2152.40939672,0.8639518030798966,0.698001921003233,0.9062565827845984,0.7113207823531179,0.3421364224871316,0.6513817292561602,0.6839330961345483,0.3168717436746462,0.35184035254170754,0.43583049567744325,0.7561522647488064,0.8202544917000785,0.33547164360333515,0.48345514083260094,0.6678208244212626,0.656737827240858,0.48746856418436973,0.6155883243783299,0.49602045895955743,0.5869769809687051,0.5093949247457805,0.6909122884826173,0.5469994295130385,0.32313940715001055,0.6327914835548201,0.629851004401804,0.7551736488443542,0.1880799475302681,0.7076466055680314
2161.47548295,0.8635457686220634,0.7001768856035958,0.9059707063313149,0.7087679077989949,0.3366885234837786,0.6441814585585587,0.6854806448263542,0.3148617383444841,0.3606642423443303,0.4355673154429455,0.7559385187096246,0.8196562396443505,0.3356231632664861,0.48273995704022626,0.6366442535400822,0.6537234354615586,0.4702660475456155,0.617724800090833,0.4970161096205927,0.5810440277646794,0.5085246368485717,0.6911824968326157,0.5464189020528434,0.31139397218227877,0.6284840349290653,0.6210244007346286,0.7492031460307899,0.2080124439066534,0.7094366776739154
2170.56821963,0.8638408451983197,0.700929896337891,0.9057026895462117,0.7055394282098164,0.3294024155836158,0.6352558271833101,0.6879076628322921,0.3128821443186233,0.36923829172414324,0.43541665417068953,0.7555177620492727,0.8184798379196673,0.33580694449090637,0.481694176602024,0.6185616214814197,0.6489314127607513,0.4495948474504328,0.6184207662543485,0.497131207812293,0.5717975632191591,0.5069280615281163,0.691032106659597,0.542937297288163,0.3085453327516968,0.6237375531261427,0.612812527684023,0.743100178634112,0.22932256628159362,0.7110980608047568
2179.68761735,0.8640757174690525,0.7003341391380595,0.9054203080859844,0.7015371298315131,0.32052105867319963,0.6253576482510632,0.6892576638583254,0.3109427255311435,0.3777983872431867,0.43544091723173034,0.7554470593070848,0.8163200851273034,0.33607318257888047,0.4802542659816,0.6083873545898201,0.6419397730141213,0.42586393207898826,0.6177407167952521,0.4965563148426036,0.5595119646838574,0.5046644291809387,0.6913017850713487,0.5429468203849508,0.3132756254500918,0.6185117691316547,0.606172381467454,0.7360378966332632,0.2480985596386772,0.7126193677324844
2188.8336864,0.8638517376256737,0.6981715038548311,0.9050182208129132,0.696382564494118,0.3112135824768977,0.6147477557156905,0.6891914755495505,0.3091393792506819,0.38668285482688536,0.43552522097210444,0.7556948954654388,0.8140226282772104,0.3364657102855445,0.4782390958297919,0.598881490773709,0.6327369465485998,0.4001715194591517,0.6155124003618025,0.4953165600751903,0.545237798663194,0.5020642282155461,0.6913285461068303,0.5452514812136408,0.3287041827745613,0.6128651379601053,0.6008472917079416,0.7275353103038319,0.2624995043625286,0.7138667096961888
2198.00643675,0.8633689623031114,0.6941545226973554,0.9042845686163837,0.6885514377540636,0.30252350122901783,0.6018613000768045,0.6890159565845346,0.30766057961906185,0.3955137773894151,0.43557617699438,0.7558900245108167,0.8123287154296278,0.3368761976654582,0.47534086163451406,0.585867598507517,0.6223205374230169,0.3774090917754877,0.6116962817408267,0.4933582350906111,0.5310034824824487,0.49920544739490275,0.6904204097045277,0.54393300150651,0.35081176323456553,0.6071280352459174,0.5951080302519338,0.7175938270083386,0.27252743845743355,0.7146732182647692
2207.20587807,0.8622800402354811,0.6882448319626807,0.9035495672491392,0.6761830996101567,0.2952951981318471,0.5856283783869226,0.6884116122225343,0.30636830597101306,0.40429743088015896,0.4356543972280652,0.7561223313734169,0.8109241014903696,0.3372696004974047,0.47141586256405205,0.5743050376366882,0.6125164936185444,0.37122039173188826,0.6059061163631922,0.49044700550739617,0.5231270185076783,0.49551192152807116,0.6887331124763036,0.5367963227544598,0.3676769903970424,0.6010588096179075,0.5884397947976097,0.7064971908891327,0.27885660451944205,0.7149496581114829
2216.43201972,0.8607484287251849,0.6803895575390142,0.903540480713736,0.6592636520803828,0.2907825941100415,0.5640650881541733,0.686637336214487,0.3052284348966492,0.41317999167004105,0.4355898257690973,0.7563807082281448,0.8093486202191572,0.33767814773004595,0.4659089563253555,0.5950299147304875,0.6058586610223661,0.38749416267679226,0.5975104936820671,0.48603536322241714,0.5268532638521405,0.4905404898357329,0.6860272358454631,0.5205598908389135,0.398667039746921,0.594896235652741,0.5838113893580962,0.6943762565027459,0.2828793504211408,0.7146172901213146
2225.68487077,0.8584406294135206,0.6705147887774388,0.9036449513740221,0.6422895500279293,0.2887583456183276,0.5327216709316954,0.6837259060474901,0.30429329045096903,0.421889963337883,0.43544208127518047,0.7566768641413478,0.8075028910739788,0.33801690627243053,0.4577695306691573,0.6372509767028948,0.604402815114032,0.40848267085555523,0.5855313195083202,0.4796528140653134,0.5364405280886319,0.485028876839836,0.6815852816317741,0.49705987377034244,0.4445075502738695,0.5899678889078867,0.5856967680936815,0.6827028026676578,0.28615606006827454,0.713539462357286
2234.96443997,0.8550866716311173,0.6589760153714719,0.903756684643705,0.6315448486385257,0.28779551441830803,0.48904197713005576,0.6804790776440448,0.30356204090413114,0.4304191166881978,0.43510197574549003,0.7568807490898058,0.805607879340868,0.33832651139900777,0.4469003482086382,0.6620756454972805,0.6077824260484322,0.4158330611437316,0.5699628985644095,0.470529004947687,0.5449410359564549,0.48090962569806267,0.6760344975011497,0.4784411480091057,0.47802909887984135,0.585885161804351,0.5926101797365675,0.6726409819177234,0.2893923765975266,0.7116137118242505
2244.27015399,0.8508717593106587,0.6462595200344456,0.9045426408389069,0.6320693655367251,0.2870318080457316,0.43878898069290184,0.6772087120840522,0.3029441748727725,0.4387923495763152,0.43469109181506826,0.7570003597523435,0.8037624107034261,0.33866578654980034,0.43619730213833674,0.671526612395795,0.6124399682998248,0.40863482866870193,0.5551612900812274,0.4605571788009762,0.5526770353397331,0.47826166080802385,0.6698463177231786,0.4656913704051632,0.4958845698760227,0.5810337660298343,0.598043967228852,0.6620258247024124,0.29220907238756477,0.7086448800751157
2253.60010501,0.845823141716083,0.6336879539155175,0.9048917518866825,0.6381448055034415,0.28645777074026946,0.40192088425854433,0.6741454267309226,0.30256284964537955,0.44686863059015647,0.434242757021432,0.7573588204406858,0.802442499972414,0.33901765805212813,0.4295490282110487,0.6748058245607566,0.6170258996443297,0.39642299062903935,0.5435622385456553,0.4520027175228501,0.5596085910685705,0.47382998334280363,0.6612004571927864,0.4409030189630891,0.5038012420359508,0.5750053381402894,0.5997106714035499,0.6463637348260421,0.2936950106340068,0.704453824922894
2262.95428072,0.8395058911350337,0.6227387847904529,0.9051066030225885,0.6398813425031512,0.2863375815084575,0.39043771918446596,0.6701915018612107,0.30246984906846525,0.45449325146787556,0.4337495647848098,0.7578382490641389,0.8008077107575329,0.3394021603954773,0.4260235424350195,0.6731984581091018,0.6226051631722147,0.3896553724901003,0.5304901806466713,0.44354919838850543,0.5639383812650856,0.46435492636990067,0.6469937558380456,0.399052334758106,0.5055698180543939,0.5688525122001876,0.5988964326225721,0.6294985470069905,0.2929090842229487,0.698932027879434
2272.33266852,0.8319797252410952,0.6138441947452327,0.9055581797489038,0.6337324251513955,0.286728487359055,0.3887199471562127,0.6654236042230511,0.302436630741139,0.4612785275300555,0.43337172569001914,0.7583509651618774,0.7993395313092824,0.33977442502395716,0.4220617205585596,0.6674012632228538,0.628481046280785,0.3892868320849372,0.5162490322577368,0.43359601708807144,0.5649862690083053,0.4512025268805244,0.6242513370495363,0.3425082813322212,0.5036636760217582,0.5647284867674135,0.5998623538178269,0.6250848549299287,0.2893344479156828,0.692142158572125
2281.73525558,0.8236055993282398,0.6061437012548238,0.905781543696579,0.6240440692427062,0.2874318308886231,0.37722702788772755,0.659532338323437,0.30268614854897663,0.4671232259349008,0.43304656074841036,0.7587574431754138,0.79744924172975,0.3402068691342999,0.41490618002019447,0.65859383512584,0.6327110004243163,0.3873738940808563,0.5026365484042754,0.42433186059859707,0.5631748444060636,0.44136004142109014,0.5907366588898844,0.2787327773086535,0.498017957458582,0.5623784999920515,0.6056542359259239,0.6382303187156665,0.28355900000939566,0.6841506984924081
2291.16202877,0.8158312765433637,0.5993010954975676,0.9053141781515583,0.6187559220638517,0.2882022711983993,0.3518031926583952,0.6524096073058384,0.3033281921087001,0.4721950164151003,0.43258839793352594,0.7591638658830662,0.7956494114265071,0.3407113892583926,0.4045058530921538,0.648292742352517,0.6337091538413491,0.3775743727125509,0.48801575319652996,0.4147166473537515,0.5594043154249557,0.44213162328994293,0.5542865912316046,0.22848221218476716,0.487113742653156,0.5610469286858898,0.6120341725179188,0.6618575981884636,0.27725401167004476,0.6748049491279896
2300.61297471,0.8089527749776502,0.5943544275675959,0.9059071076050469,0.6182704117879927,0.2888700300471225,0.3156992875971486,0.6446769428962251,0.3038958515616484,0.47724589000894674,0.4319266017232294,0.7597962728323544,0.7940239742522391,0.3411791551764298,0.3953358439485192,0.636781693096411,0.6312649927237278,0.3631618927432493,0.4727343118911422,0.4038991452839249,0.5546022164598249,0.45195507106288135,0.5275915557732036,0.19900126744150692,0.4681512672216948,0.5595789771345862,0.615894982247193,0.6822193011368072,0.27176331805561116,0.6639721238646454
2310.08279923,0.8025431398867812,0.5931561100349138,0.9059685712350627,0.6124546119315478,0.28934350523739655,0.2757021408422414,0.6371463421341826,0.30464429497515055,0.4815873324280979,0.43107662202924063,0.7602471640472628,0.7929441486593538,0.3415127607474644,0.388580070429223,0.6243368843816991,0.6257580047304562,0.35048474538699464,0.45784557379337754,0.3913688197191082,0.5492937225576747,0.46220211861246446,0.5041962118066449,0.18929502177110413,0.4403342889828664,0.5577253370400796,0.616745293242606,0.6980793188491806,0.26677747747706404,0.6514123679208389
2319.55711841,0.7951217808674799,0.5971952033057433,0.9042089878522817,0.5837764734859809,0.28949025112701054,0.241545032631139,0.6305073792535328,0.30557033933772915,0.4872940309814849,0.43030038988256497,0.7604186568957152,0.7915918533419634,0.34180500391413243,0.38227514588423606,0.6134718393896486,0.6181227507141818,0.34003165731498664,0.44950430149989345,0.3788143674163999,0.5432509082539243,0.4678659802537379,0.4982984282009551,0.21367295192378433,0.41621054031340793,0.5552700192734118,0.6149350604030933,0.7149533395533282,0.26115952217359006,0.6368541504035548
2329.03590187,0.7875612467082692,0.6051562287083534,0.9026006458031037,0.533888757958767,0.28898157828075866,0.22042495246410526,0.6231620090174905,0.3068738136851719,0.4953981591694802,0.42944619974772513,0.7606345824028585,0.7885960853217048,0.3420226993597045,0.37857175784285624,0.6063146725127346,0.6097088143126401,0.329126868268506,0.4516800690124931,0.37192106735972613,0.536713112562245,0.4693308625033969,0.5187010828466058,0.270147735219004,0.41298848077806843,0.5505026916221082,0.6106406896264198,0.7267237154058244,0.25409350304622613,0.6201224148683695
2338.51911953,0.7850377625334005,0.613673264902829,0.9020993338020563,0.48933318998707165,0.2876205644942569,0.2183121379930958,0.6142184994583271,0.30852762217854096,0.5035729838034801,0.42870475032098015,0.7607936864193293,0.7848529947608245,0.3421579036901227,0.37961477732881926,0.6004316118948462,0.6016744130046642,0.3192066827155077,0.4631994278437274,0.3743748174312307,0.5293234248580695,0.4679224249194419,0.5404900237859936,0.3205816198072081,0.4247450573164281,0.5426391750205162,0.603218800353728,0.7312719236857166,0.24535725521242382,0.6013431447641086
2348.0067416,0.7923785447135336,0.6187444667553574,0.9023402799648522,0.4625899820963246,0.28541597339257024,0.24116852107297662,0.604843281226781,0.3103817741472589,0.5106918467336676,0.42796034403766864,0.760803571902698,0.7814540688834999,0.34230140763446576,0.38479368335561975,0.5908473710026849,0.5957172519326406,0.31453948117877295,0.478730089791936,0.38500693425604343,0.5211638536526663,0.4644343407229854,0.548582925046671,0.3364163860045799,0.43517593128772947,0.5318618695372916,0.5922411391738581,0.7298546265657537,0.23500399727666668,0.5810211827544891
2357.49873856,0.8076592708872279,0.618287680922799,0.9021709294852693,0.4511076502479534,0.28241074183815806,0.28838102800281007,0.5939149389285661,0.31252734321381676,0.5165299001804368,0.42709259715932146,0.7608215110195609,0.7787528174587142,0.3425727329928774,0.39215709198629883,0.5792567401235028,0.5930701720887982,0.3156792365626029,0.48713867697326857,0.3956668139119916,0.5128009929324248,0.4597740086270758,0.5443350605350413,0.3259582078934743,0.43539246279772703,0.5181834416146388,0.5779361065463214,0.722749111808083,0.2232960704527534,0.5601857191646188
2366.9950812,0.8232021947950878,0.6132962426876036,0.9011083747624757,0.45957848805256546,0.278480970858195,0.34943519551813135,0.5801164022726112,0.3145658723078289,0.5212033070146495,0.426390577179269,0.7608964684265648,0.776402050891937,0.3429477870666731,0.3999497698630875,0.5703595728881753,0.5930318558600889,0.32004168321714604,0.48516346685615286,0.39981660629975946,0.5049445352982058,0.45468740134336627,0.5314325161992086,0.30175881056992815,0.4233100176733241,0.502586004419236,0.5601247238256963,0.7101486310698089,0.21040329596339175,0.5399334668984109
2376.49574055,0.8337782756982504,0.6059352801110605,0.8991506306991851,0.4775988237261202,0.2736001097862365,0.409026163016279,0.5630963904604206,0.3165475380933768,0.5247983081182769,0.42588415762749576,0.7610174954967387,0.77378509612716,0.34338853760225024,0.4061508938790418,0.5612289750805002,0.5938487944697389,0.3243922509364767,0.47805397447842807,0.3982823114884317,0.4974487549841151,0.4490795416499655,0.5122186773113359,0.27051740130466,0.3983355710673349,0.4858931481380528,0.5383175622332027,0.6927169673899282,0.1962269778521511,0.5210252800930147
2386.00068793,0.8393886822731254,0.5969663486952683,0.8971642367392101,0.490875936856178,0.26782676641337627,0.456921482778018,0.5428124281897639,0.31893984892804106,0.5277333085783453,0.42549097939279973,0.7611285606540762,0.7704522148520785,0.34387916648974937,0.4097347241780851,0.553728956236255,0.5941810014259125,0.3252738840197117,0.4707759704448976,0.3952198049773959,0.48957834741176925,0.4427542840037521,0.4943644832138431,0.25349625957379407,0.3649525780863432,0.467553375721013,0.5123941815632871,0.6708172686712874,0.18148649494413566,0.504132652294152
2395.50989495,0.8414023858250573,0.5867706405533185,0.8951056107927031,0.5062680837849514,0.2612301175756329,0.49288249177666427,0.5197422493332494,0.32149708228247303,0.5312405879339963,0.4250941693153594,0.7613036906750003,0.7670397247468891,0.3444877040261388,0.4127095442944829,0.5533585116702302,0.5938203687421778,0.3234051559117945,0.4645860831505941,0.3923366799462191,0.48148801487065446,0.4365232199923794,0.48629862973900717,0.26055862188561973,0.3354571225701624,0.4477373265300945,0.48316255899755056,0.6462814738317065,0.1695588395448247,0.4897637132224451
2405.02333345,0.8410977845466501,0.5755644698755504,0.8935716285183137,0.5274874178184302,0.25390349710844884,0.5188201392369272,0.4929154871992345,0.324104885565763,0.5355413790101522,0.42463426493007145,0.7614083947169197,0.7639309978709851,0.3450873386290981,0.4166280901225882,0.5550891386981507,0.5922385221935778,0.32064108997274987,0.45885115448537,0.38980913882920687,0.47319078965063655,0.43202577783009477,0.4863899303135738,0.2815495974972763,0.3158561159192272,0.4264208213869386,0.4536355557185906,0.6244728093692854,0.16544018670240798,0.4782440999909037
2414.54097557,0.8387983710523212,0.5632730027264996,0.892511548529229,0.5477262646620127,0.24603502787655307,0.5365311501622768,0.4625678525192963,0.32715164010916786,0.538957282078502,0.4244693269213985,0.7614557800648644,0.7609406383108446,0.34553973187707276,0.41974177160520143,0.5524456627073887,0.5893104726596423,0.3178765067805454,0.451953564894777,0.38689116400750406,0.46457563036374855,0.429925241256962,0.4833137226788825,0.3028650759115265,0.2991424461066695,0.40431579740861917,0.4284027943923126,0.6101423533910973,0.16894683639310454,0.4696089691479459
2424.0627937,0.8342344292570679,0.5496915559715642,0.8910428161471435,0.5654530451461522,0.23782226920500038,0.5471988261119236,0.430249447949211,0.3305418411468108,0.5413636838991642,0.4245635545572676,0.7616890317751991,0.7575528551147666,0.34594672383628494,0.4195809366081112,0.5440013456141554,0.5847450357077862,0.31529356386169155,0.4437748153902299,0.38312507984801436,0.4558207214252488,0.4290194540440517,0.47374882284837994,0.3115726692105704,0.2820707689058897,0.382976852482666,0.40987158008140606,0.6031928807196084,0.17395521325612193,0.4634317731718531
2433.58876046,0.8277390036113851,0.5351262584489829,0.889131522608334,0.5791758445735533,0.22949077235048146,0.5522437583023038,0.3972613968943588,0.3340965321721757,0.5431198752579611,0.4245127576317421,0.7616441945628523,0.7538307858286767,0.34633284059891173,0.4169270925066617,0.531647635364875,0.5799189622719315,0.3132649686527998,0.4361053862912191,0.37929491825942035,0.44707723990850073,0.4280561324554849,0.46251205882738017,0.3082906627885422,0.27109963743615334,0.36308153535203813,0.3968961731402757,0.5983643890680148,0.17617214919912377,0.459077800195606
2443.11884877,0.8192960240278188,0.5204819410896876,0.8873276439217297,0.5866375328887261,0.22129744260110698,0.5530187339067981,0.3652879364668522,0.3380245036528822,0.5446595107875679,0.4241398193400595,0.7611681937546158,0.7502653588433297,0.34677669814080275,0.41343454497081095,0.517847530199539,0.5761738788498969,0.3127328824692153,0.4297585698837849,0.37722557866898626,0.43860172038299744,0.42671014916375444,0.4518118745779386,0.3017355685962273,0.2697549578587766,0.34530921130952036,0.38751521517009563,0.5900136133970032,0.17521629886829954,0.4557477536562578
2452.65303176,0.8089010260431916,0.5073038058461952,0.8858691596979769,0.5859403973148627,0.21351095590743127,0.5500752158689589,0.3353635023547723,0.3420986437722161,0.5459430784769059,0.4233444026542354,0.7607998066982511,0.7470946935200286,0.34723621053886966,0.40920385151177846,0.5064437818185556,0.573939417672709,0.31401216062229864,0.4235946415201373,0.37700163926057806,0.4309195124153339,0.42497056197676536,0.4405828204517507,0.29598894576861323,0.2682095782334963,0.3301161803278046,0.3800523731381415,0.5770571592506866,0.17226704798008494,0.45272197222440336
2462.19128285,0.7961773980909798,0.4966011934069254,0.8846523754103647,0.5795101732874486,0.20630975215483996,0.544579045977492,0.3080654092529455,0.34589554239161646,0.547180582514409,0.42242839366461327,0.7603549772576733,0.7443088622267009,0.3475997954846824,0.4047535554692622,0.4974957960894757,0.5729987325722776,0.3160685648931686,0.41664352893167683,0.375768455681576,0.424324801789097,0.4226773920328048,0.4295990061497218,0.29276612618856035,0.2611053570228797,0.3172526311498247,0.3723683022996905,0.5652961758870583,0.16845539552311667,0.44954072462443834
2471.73357568,0.7818074286969474,0.4881897312887756,0.8837041305544,0.5714504745619958,0.1997978560622675,0.5363900012653218,0.28539869892636077,0.3499203060236244,0.5486576893020141,0.4218885956397559,0.7598673594404648,0.7421081756473591,0.3478615859105369,0.40155385332630594,0.48857643765022707,0.5723866995953966,0.318288957671912,0.4082750576809944,0.371618343817901,0.41847158402239215,0.4195944295366598,0.420810626053542,0.2950876826107638,0.25601038919508806,0.3077123810171234,0.3643428096300634,0.5606357122078328,0.16410094737054123,0.44591326908843887
2481.27988414,0.7681473231702861,0.48141284474914053,0.8829287060160756,0.5666778672468813,0.19403231990608466,0.5261720747389639,0.26710545540826863,0.3542732099243653,0.5502870349491228,0.42147288227052976,0.7596626704489369,0.7403561344557535,0.3480990419204103,0.40013713728154926,0.47818958262807004,0.5719994358494934,0.32040626427071195,0.399581519885541,0.36548227545404616,0.41318315806694983,0.41560739194047774,0.41299370595606605,0.30204462722659414,0.25505020736573336,0.30126804849863986,0.3581533307994207,0.5596152038912933,0.1591470487935956,0.4416846908140367
2490.83018234,0.7573107884336213,0.4761341128425754,0.8820755534934182,0.5650925196304093,0.1889480495976185,0.5153812216998412,0.2517853698867009,0.35897547918221356,0.5515644067784838,0.42087951629549736,0.759125382709959,0.7386112015709572,0.3483735250604953,0.39965076670152344,0.4681004646016447,0.5717700172926129,0.32212253489283055,0.39137077470836906,0.3592314646759562,0.4080460074676029,0.41128547665574167,0.4045486545688743,0.3097241983213986,0.24606132021745167,0.297155501622246,0.35566660540058825,0.5550521619874673,0.15392307796659147,0.43688009946921497
2500.38444467,0.7487600752085253,0.4738270569036845,0.880839777465495,0.5617381559078852,0.1844449350976936,0.5051563648656608,0.24013843895122253,0.3636813286521537,0.5525457877130001,0.4203604948983836,0.7584722144659523,0.7364325503105649,0.34871346073410425,0.39923590990657054,0.46053690463818386,0.5716357869626426,0.32281650124290673,0.3849509324390234,0.35325044730993727,0.4024188451929137,0.40762640193389593,0.3965129611089006,0.31483257956849137,0.2279459194521699,0.29624634996077376,0.35621280210379797,0.5429488724170254,0.1488976678957638,0.43161032219440926
2509.94264572,0.7405931043647397,0.4773405357687653,0.8791677624635525,0.554968009678994,0.1804082348421786,0.49588066419987253,0.23204171688189357,0.36837849307894066,0.5534931026831458,0.41981578951172643,0.7578363772885873,0.7337606338245201,0.3489502312418674,0.39890622338883674,0.45386397504299986,0.5719679278726418,0.32244158436900405,0.3832663196354056,0.34939788688396506,0.3966698680877686,0.40501886325480235,0.3887931215441757,0.3168366992759422,0.2119577874002552,0.2983626878931384,0.35845483516463766,0.5246668248315356,0.14445563025533006,0.42620624129487067
2519.50476033,0.7306671284350394,0.48843070979843056,0.8772329429378338,0.5439383306779793,0.17674150994875576,0.4874652499706608,0.2261106554130142,0.3733420435728632,0.5543680066579654,0.4190986108122355,0.7574344043649478,0.7308972501218858,0.3490673338024497,0.3986512470931083,0.4469720045262384,0.5720417683464843,0.3215939378640778,0.3863367660401811,0.3493026427307856,0.39141099215190606,0.40292596881915416,0.3815564327670069,0.3176668989634671,0.21179235314104602,0.3018223076915406,0.3611164559377061,0.5115790899636762,0.1407787629806667,0.4208684764763532
2529.07076355,0.7222712608935908,0.5058940782902455,0.875001333901252,0.5322621564516823,0.17333633981014304,0.4805788176192683,0.2223682955993599,0.37851470527056674,0.5553356118904463,0.418237165094988,0.7571684447594357,0.7280095953978631,0.34914852375062494,0.39843969452745726,0.4400113112488854,0.5720063422868149,0.3205697855808478,0.3918173958268399,0.3509720791989559,0.3868733721236962,0.40077894761045735,0.3752128849554427,0.31858090745344597,0.22610230416759397,0.30567205187271024,0.36267675526154874,0.5096391596957697,0.13776935810635205,0.41591773238619595
2538.64063068,0.7261342321860013,0.5252513647063085,0.8724349961508236,0.5271260960067671,0.17011437216827124,0.47584573861586404,0.22112118034081324,0.3835246048083921,0.5563150973785579,0.4174054778604039,0.7570460270325319,0.7251943326998991,0.34906084707701507,0.39820371007737193,0.43328070669044927,0.5714801474604939,0.31948777861751126,0.39750029724234504,0.35174219247147887,0.3830716306168592,0.39834113419151856,0.37008127486773246,0.3201319957973108,0.24075593481812887,0.3094505181497494,0.36243779189294884,0.5104849235817839,0.13533272966236035,0.41157427865851826
2548.21433723,0.7470059752988153,0.5404244796928594,,0.5262852883621584,0.16706660028104103,,,0.38789036603481014,0.557282223588374,0.4165995387963711,0.7573759897303098,,0.34887039957464533,0.3977384035005931,0.42669382908078535,0.5702509734357823,,0.40161643530720065,0.35128683093405383,0.3802174303394149,0.39568553914694626,0.3655667482075979,,0.25083303997010553,,0.36065935039669855,0.5102638013760956,0.13307053571750302,0.40790999817337364
2557.79185893,0.7747963610450281,0.5494064258228212,,0.5235748101458558,0.16406047297550788,,,0.39203915470315315,0.5582464274354144,0.41575131363776796,0.7581055666974932,,0.3487420156763721,0.3970991160732191,0.41990041055604993,0.5684387892707876,,0.40443719158183794,0.35040472111607307,0.37801419505631106,0.39286134831870195,0.3621171927951336,,0.25470925367745106,,0.35800305732401433,0.5076725773534726,0.13074661755659372,0.4047682092791621
2567.37317174,0.7977162644933496,0.5540889955488715,,0.5193039405006323,0.16097306665017788,,,0.39616789748218545,0.5594664268817127,0.4149462906839981,0.7592187735740713,,0.3485191365326561,0.3967919856475113,0.41171401009652747,0.5659710379215085,,0.40793745647189705,0.3508472627468,0.375997159300372,0.38951001879306774,0.3594730046686193,,0.25578046439238983,,0.3550137474722444,0.5018460844051787,0.1281373347104442,0.4018880011981682
2576.95825182,0.812500848227911,0.5556998773216565,,0.5159323584966864,0.15772391961881846,,,0.400231264989421,0.5609606330176006,0.4142237288573342,0.7607231102631196,,0.3481906957800804,0.39716306651354166,0.4032500885486095,0.5629569353390127,,0.4109187172292471,0.3525988320014407,0.3737817428071329,0.3856524250614223,0.3570993308628794,,0.25824132001357775,,0.3521551276025696,0.4921226791851846,0.12517309958029288,0.39899971395955375
2586.54707556,0.8231809330593514,0.5551169802383014,,0.5154843264389842,0.15425511317039298,,,0.40424593578507695,0.5627393183811442,0.41344831191255543,0.7626133184556677,,0.3479027215254068,0.3982737099989185,0.3954145937415837,0.5596280820330013,,,0.35440578361022373,0.37119365655399833,0.3813107054370973,0.3548689494868477,,0.2636813185266828,,0.3496929195470355,0.4794871942827738,0.12185659882746804,0.39580230066135597
2596.13961955,0.8320156332368368,0.5527706844796031,,0.5156050356031588,0.15048887932108057,,,0.40813326320574467,0.564731192899275,0.41262237955446696,0.7649685639556287,,0.34772365615423334,0.39972229776323165,0.38752027760401264,0.5561438891354336,,,0.3556613848465286,0.36806397104817484,0.37645859716755053,0.3525521836504729,,0.27421037214073474,,0.3471259843231566,0.46564534425540927,0.11832455335428343,0.39199929952180795
2605.7358606,0.837587868145103,0.5486404864780369,,0.5149632317738254,0.14627963416388892,,,0.4118517453085345,0.5666024286492654,0.41177919011518865,0.7676168576426446,,0.34755430617700894,0.40113727217817463,0.37910333338207547,0.5526714216814063,,,0.35552227042249923,0.364116175230853,0.3711075620050734,0.3496335088706249,,0.28425389881871604,,0.34399529127498985,0.4527815665547345,0.11474529875366882,0.387255767357946
2615.33577571,0.8403703543471363,0.5433167945765645,,0.5155468770105809,0.1415148097594739,,,0.41544221361985073,0.5681396184531765,0.4108314498889979,0.7703037620218603,,0.34752963483849353,0.4021860623450867,0.36945953976615803,0.5494044856206692,,,0.35394736250678616,0.35952101207826453,0.3650090398710508,0.34580949981145676,,0.29297611166691634,,0.34039857568398746,0.44465734507841165,0.11124724551996698,0.38114207847442416
2624.93934211,0.841714094617123,0.536615105524301,,0.5190450758726678,0.13603899222433652,,,0.41884552605955055,0.5691660215169754,0.4098119638976397,0.7729314234732628,,0.34746982909002805,0.4022946235270129,0.35750987061472844,0.5460992144196337,,,0.3505041339258932,0.35422217216431706,0.35802275150638335,0.3406066102645514,,0.30078610217741253,,0.33625351016222677,0.44294431952577373,0.10795676950495846,0.3734032690442594
2634.5465372,0.8420967159262532,0.5281066417853437,,0.5233436878137138,0.12972500903743775,,,0.42205588524622856,0.5694737914231431,0.408636736066946,0.7753321982184703,,0.34735148814135364,0.40102484799958915,0.341916413843257,0.5421747398215236,,,0.3437931979626166,0.34795310725111556,0.35005084474303994,0.3336752242707368,,0.3062740789647024,,0.3310494471262552,0.447438206678575,0.10507403873573103,0.36381309249885874
2644.1573386,0.8414159643123404,0.5176182425069211,,0.5250029829530396,0.12241715561674123,,,0.42519235166487834,0.5686840503910677,0.4072416358518061,0.7774366637884003,,0.3471653677393264,0.39810318306507586,0.3221646666253176,0.5366729359714257,,,0.3322467314999126,0.3403685090021108,0.34078732954198404,0.32405568398076323,,0.3054774392541486,,0.32380658386363165,0.4563458335465467,0.10266341537811655,0.35217626638821864
2653.77172414,0.8392252030256886,0.5052709544093044,,0.5216799540498581,0.1137954528090049,,,0.4283320436950324,0.5663377939470927,0.40560357821161347,0.7792658756189683,,0.34692301764863215,0.39337930301386426,0.2980594240667776,0.5283866072236594,,,0.3153435097998869,0.3305328254024262,0.3295180191780374,0.3102791338145768,,0.2932986556090081,,0.3142868674118714,0.4657390903818544,0.1006444170972052,0.3383184563201962
2663.3896718,0.8353424120498181,0.4911657274645654,,0.5142386541628282,0.10343550650222526,,,0.43136181083152614,0.5613901332310568,0.4036045682009655,0.7808273907875828,,0.3465978514504207,0.38614899488681,0.2679568995247846,0.5156847896549871,,,0.29220416764358553,0.3166389829957855,0.3153735789361632,0.28954364515833564,,0.2770377637263805,,0.302578932141443,0.47369625040510843,0.09859791116452718,0.3221525374653298
2673.0111598,0.8295659662846955,0.4741732939577934,,0.505262758218106,0.09118078167301868,,,0.43380962567263515,0.5516514111494303,0.400976671338627,0.7820784073524735,,0.3462338597921303,0.3745587281409366,0.23017135205261086,0.49620678203481006,,,0.25567661365960076,0.2951136313203006,0.2970904439895123,0.25949204818681143,,0.2631745094276668,,0.28933744221019003,0.48046966819170484,0.09607168770520617,0.3033391452578829
2682.63616654,0.8209041419048239,0.4527315410394283,,0.4953995106974827,0.07887571827592656,,,0.4356121371516505,0.5325715085120712,0.3977813221352361,0.7826413696055518,,0.3457236814332483,0.35627248095008246,0.185969706261369,0.46780840920489053,,,0.2012622214825683,0.2608509382153789,0.2754143059867097,0.223698859675678,,0.2527990306693075,,0.2746949134075932,0.4862965569756096,0.09281235155641117,0.28171560671801127
2692.26467058,0.8074886633470244,0.4258918052227349,,0.4845973232805352,0.06727914012882874,,,0.4371599130278494,0.4998213201734332,0.39433735931170705,0.7822508170497455,,0.34518174116317424,0.3285421686388554,0.13906239863703465,0.42873863562674575,,,0.14190172452705693,0.21381571813654013,0.24984223275947742,0.1915136194142463,,0.24509195989285343,,0.2576848882183763,0.4907799669523834,0.08868804753516471,0.2571468490584838
2701.8966507,0.790767865448786,0.394860587752455,,0.47206002537583586,0.05687693299465879,,,0.4386412859083548,0.4560100950360021,0.3905290677112041,0.7809864909670758,,0.3446469208173063,0.28532643161025484,0.09985823335707084,0.38194209281921004,,,0.09447623035842874,0.16966970025337422,0.22017487828973703,0.16398200039330277,,0.23119154579571954,,0.2377259184453626,0.4901035591146607,0.08355267276907662,0.23020143626829878
2711.53208585,0.7750521142687101,0.3656061179223898,,0.456170741558092,0.04842048683300081,,,0.4402426911276499,0.4151527134963986,0.38616670416915105,0.7793188237857631,,0.34401000394125936,0.22480862141743244,0.07899581223143173,0.33164497896745326,,,0.06842045460633409,0.1378756072334218,0.18809784857879383,0.132317822921737,,0.20896706474056617,,0.215224790757884,0.4812939888218354,0.07750336007960777,0.20197720813674952
2721.17095516,0.7613578263927294,0.3408348078660756,,0.4364665843880384,0.04225433894694744,,,0.4413383864656248,0.3900899084696503,0.38082145283660246,0.7776439410041249,,0.3433098103059405,0.17822146724728544,0.07188204164175342,0.2779267449711456,,,0.05843718653463926,0.11249999955107907,0.15647523301664945,0.1086053231230836,,0.18281306677421952,,0.19175788632016905,0.46587425097345725,0.07077339565025145,0.17305995635494126
2730.81323795,0.7498955972023714,0.31537220322615317,,0.41308709298024887,0.038090423927446986,,,0.44136689104519783,0.3876044369071007,0.3735306086570088,0.7756269651874481,,0.3424463326989136,0.15443935489646318,0.06835862764690154,0.2276862935778305,,,0.055827871264836564,0.09101347356371353,0.13057535651515378,0.10602701902085426,,0.15635411937369537,,0.1689631267848983,0.4463873336483294,0.06350493125407408,0.14398875219060964
2740.45891371,0.7398469465486713,0.28667226864064194,,0.3872222798017821,0.0354081823272766,,,0.44065680411363806,0.3933308233748546,0.36324987431229483,0.7729654405780857,,0.3414024352468126,0.13856312632769227,0.068686807564202,0.18987144569189968,,,0.05610531219045892,0.0764924294749481,0.1116854702491138,0.10990324892618328,,0.13024476310592858,,0.1466874603460659,0.4238045853470589,0.05598829110802384,0.11659575779807108
2750.10796212,0.7304709633887196,0.25775811462000875,,0.36114937447946793,0.03368085738854924,,,0.4393051344815303,0.39862943694125397,0.35023277977756,0.769949301878259,,0.340329888362873,0.1250876803458456,0.07224173932027955,0.16475150051708426,,,0.058346526095004486,0.06917375240050737,0.09789947729399785,0.10996026949731093,,0.10703429736013517,,0.125720180624451,0.3980681048222338,0.0486330400156803,0.09289310571991649
2759.76036301,0.7197966742698475,0.23329586612280678,,0.3362455545795492,0.03249271399988566,,,0.43806124863746976,0.40295126686859656,0.3376219091027102,0.7667617054214849,,0.3392140517019136,0.11331022785116161,0.07724747654073849,0.1502488301632307,,,0.061604641100858025,0.06815425564052617,0.08860631157899809,0.10857698987702626,,0.08757725172121394,,0.10728214195312014,0.36902637241243563,0.04173951688639205,0.07438625047465426
2769.4160964,0.7074052265355191,0.21320224663000412,,0.31405722526747937,0.031609939203388226,,,0.4370587480240971,0.4069990825715193,0.32809840655943734,0.7636123046775029,,0.3380887092477317,0.10294217311352005,0.09573940121463693,0.14605905365514155,,,0.06459618212266656,0.07264083078462513,0.08300507089149965,0.10780779011092059,,0.07064412308822178,,0.09302387044142311,0.33781678534104526,0.0356419372461927,0.06090649491765406
2779.07514249,0.6936160707034758,0.19522144656337895,,0.2952996181823893,0.030936932967788294,,,0.43638159425960715,0.41111706249411833,0.3224068225675601,0.7604104230707072,,0.33701969040941254,0.09389703296288211,0.11954488621052518,0.15142530606745047,,,0.06707373144385509,0.08179630835484371,0.07948863665677046,0.1074710078648705,,0.05842246218783782,,0.08261244589128773,0.3075236076620465,0.030844044088598734,0.05155686812436429
2788.73748162,0.6831986598909565,0.17853654052351697,,0.2808756959771563,0.03033486959494726,,,0.4360230176934884,0.4156812462155111,0.3177037973581016,0.7574965438242419,,0.3359924922026457,0.08708157429698973,0.1405627313807017,0.16451251453030127,,,0.06945500742852999,0.09516361975362644,0.07778567632270077,0.10740796498327394,,0.05030460486192781,,0.0749900770312217,0.280765790737559,0.027186923092830183,0.04524127314955051
2798.40309433,0.6827255196857792,0.16311370625287874,,0.2705919325846377,0.029737982320659228,,,0.43555557589283694,0.42058511891058803,0.3140663854400943,0.7548126940036406,,0.3350069640556636,0.08296567704771717,0.1582826785535588,0.1822722042776792,,,0.07191895560159905,0.11206579425452678,0.0789314550710728,0.10779512132856692,,0.04438412080159069,,0.06933455403658036,0.25971806883947157,0.024541173136107264,0.040849848046240374
2808.07196129,0.6872138012849128,0.1489099373145228,,0.2617261840036064,0.029188338481334213,,,0.4347208021668814,0.4252281573262927,0.3115715994654135,0.7525625874837176,,0.33401092543711997,0.08117798286025968,0.17231043393389633,0.20248781302723906,,,0.0745968437687307,0.13058109807736243,0.08372002583119321,0.10859123676951521,,0.0398626396148027,,0.06487900185600053,0.24229620222620238,0.022439109263086426,0.03772764184796919
2817.74406337,0.6909333832583181,0.13708105449010713,,0.2503854795073744,0.02867959831133842,,,0.43339145594741724,0.4290761166627247,0.3097930075206315,0.7507553131165149,,0.3329659950381753,0.08118961054910784,0.18325275879394068,0.22402919523597384,,,0.07765753676551973,0.14825657265489187,0.09160867805113886,0.10948096351397418,,0.03680589067611292,,0.0612287039502176,0.2239759681915537,0.020619393810976723,0.03553784657706887
2827.41938157,0.6928706748928682,0.1284713002326958,,0.23197813367998915,0.028172451313562368,,,0.4317645343187476,0.4319746742371467,0.3083773142159215,0.7490807639402531,,0.3318329794427592,0.08243406784571286,0.1922267652166504,0.24573367742454572,,,0.08096658973646494,0.1630038547380021,0.10016428620002148,0.11022000661868543,,0.03613361121523886,,0.057997150325601814,0.20299509914479097,0.019018134819212832,0.03397872439265015
2837.09789707,0.6931907124841751,0.12134325892892797,,0.2028537850419036,0.027711029749791227,,,0.43041081888922866,0.43373578875183805,0.3072331582912729,0.7474829835324869,,0.3307909814927373,0.0842080492756375,0.2000518735732584,0.266269088028201,,,0.08425138975177585,0.1743594815558847,0.10692002213637015,0.11074689202985372,,0.04070907377447081,,0.055114952411537084,0.18087698156557433,0.017620579163700738,0.03279708851046929
2846.7795912,0.6921547781785878,0.11445697923225653,,0.1657609898507117,0.027316456397204727,,,0.4297991071961639,0.4348839580731513,0.3061066571241311,0.7460714266623519,,0.32966690656074077,0.08588424067529776,0.20702436624003012,0.2840854906066959,,,0.08739136713274903,0.1828563752908377,0.11157390976974736,0.11113166524526247,,0.04812838408370515,,0.0524100828395474,0.16097567938621932,0.01646591018051959,0.031920946810144894
2856.46444545,0.690016077193714,0.10765162505403332,,0.1339805554085615,0.026952293247031436,,,0.4299919332801201,0.43719375312437464,0.3048154593841163,0.7448543423682302,,0.32856821289782523,0.08694685263731777,0.21351450564661353,0.29808187220764154,,,0.09034336106005701,0.1891015419757631,0.11495206732101156,0.1114536686551359,,0.05954224984188002,,0.05035494621981445,0.14417748456928917,0.015500377513163285,0.03135311403333726
2866.15244146,0.6872894929580811,0.10103359142434276,,0.11656526380652664,0.026645595408360395,,,0.43059954990431437,0.44024715764069167,0.30339494252584004,0.7437507939795326,,0.3275179506102848,0.08713020416189057,0.21977558708903805,0.307921091019081,,,0.09317103203025456,0.19394566109339406,0.11779827759689587,0.11179150718802516,,0.07407941193164143,,0.0498828217582365,0.1288070659823799,0.014673076980521914,0.031001192331537954
2875.84356103,0.6842037470043288,0.0946811875982888,,0.11417226899374439,0.026410496870504733,,,0.4313211747981319,0.44273518519488453,0.30193531368492527,0.7427992343079504,,0.32654294181367904,0.08640211416634659,0.22554953319529672,0.31414618082149415,,,0.09585067597467171,0.1979850348494406,0.12038116429482183,0.11208461099219394,,0.06983457151079585,,0.05086442717351472,0.11396530446303992,0.013975230120268831,0.030776097000462903
2885.5377861,0.680944776206985,0.08874139568292878,,0.12610680163805774,0.026232209046425554,,,0.4320605053145837,0.44451098005737794,0.300536029264312,0.7419548921838037,,0.3256556605618636,0.08497314919215307,0.23044313453067475,0.3179362950392364,,,0.09838559260152165,0.20166530466064586,0.12260747993587727,0.11230205815955378,,0.05952264253250687,,0.052212279282583686,0.10035163631089632,0.013399820705238723,0.030730480003791142
2895.23509877,0.6777235098280796,0.08326712306102256,,0.1469110735651807,0.02611204132047586,,,0.4329031361721693,0.4459684803137461,0.29930300953561867,0.7411183512818075,,0.32497188397068155,0.08335163236640475,0.2342344749589443,0.32025587792727706,,,0.10085380399811342,0.2051947311151866,0.124198366169719,0.11228203485890871,,0.05268942384517892,,0.05363958493388791,0.08887596066294162,0.012947139989830832,0.030768838051244644
2904.9354813,0.6745717462839583,0.07815383514921355,,0.17108443793468311,0.026028523639632737,,,0.43389926743708895,0.4470804624782674,0.2982068378942807,0.7403017173234233,,0.32432739540366085,0.08215588346788394,0.2361850437371765,0.3218164374897145,,,0.10324258035608257,0.20858543091939713,0.1252136932661834,0.11216742615727644,,0.04864478613347584,,0.05550748276624069,0.07983308865998033,0.012583779918394595,0.030996167879403333
2914.63891606,0.6716619465785012,0.07346761831998054,,0.19435620112390384,0.025954283410224953,,,0.4349849423452882,0.44782913332753194,0.2972589829499411,0.73941392056617,,0.32375076946898557,0.08176675447119384,0.23942001460490783,0.32311250110745104,,,0.10558993640382791,0.21177592925887628,0.1259497410220004,0.11212650647920172,,0.04627032244574596,,0.05778725276694627,0.07257891718324516,0.01233972209666411,0.031469307229061216
2924.3453856,0.6690044571924048,0.0692755002225475,,0.21277474654815226,0.025944192503980282,,,0.4361825515980335,0.4483573525984702,0.29649343176227994,0.7384914020427122,,0.3232348244537097,0.08235525379043555,0.25037354658174926,0.3244431403115494,,,0.1079829146939447,0.21481229103619542,0.1266154752894532,0.11221085927536484,,0.04473440784359183,,0.05957002849570229,0.06667403654933404,0.012163971682373454,0.032206227119228104
2934.05487259,0.6666060737304919,0.06559372392446731,,0.2234912212503127,0.025970305973780784,,,0.4373653568273972,0.44880596672861556,0.29580990419736974,0.7375213444531534,,0.322696283202993,0.0839403283381458,0.2627661908275315,0.32590410443432916,,,0.11051073683952865,0.21774180984064076,0.1272004157782448,0.11250395124138297,,0.04366357200621534,,0.060124872733475235,0.06168703646653489,0.012049917235230887,0.03303419500225366
2943.76735987,0.6643365920714811,0.06240921774389046,,0.22720323151323676,0.026019005688537208,,,0.43852431982923984,0.4491627794744269,0.295176459876601,0.7364267480448966,,0.32224242873866066,0.08633311028252083,0.27239512387765463,0.32749463150628155,,,0.11311004449611174,0.22070545470444938,0.1276242565524933,0.1129554923278876,,0.04297280774947437,,0.06016974609814176,0.05769976442224193,0.011988864773481357,0.03383529439754923
2953.48283039,0.6623000871612742,0.059861241513734106,,0.22785760192593385,0.02606981667656999,,,0.4396607073042143,0.44940168135335967,0.2946387442077728,0.7352464796060678,,0.3218763671715457,0.08930228874246192,0.27994773385715427,0.3292772166793241,,,0.11582638109479777,0.22379962971204145,0.12803385952591223,0.1136331848368863,,0.04269792946213287,,0.06046357771490524,0.05531453020174277,0.011967161927896597,0.03482272274796553
2963.20126726,0.6606209639743883,0.05798134584510524,,0.22978696420820033,0.02615461471126157,,,0.44072132166562367,0.4494970273072564,0.2941025468974645,0.7339483811779901,,0.32155775142727355,0.09278953989234255,0.28633568986394825,0.331055094882013,,,0.11861873305149886,0.22697661830565047,0.12893282341691212,0.11461317778635964,,0.04268627353705752,,0.06175450649702079,0.055151698673548286,0.012011474335004154,0.035971808927203176
2972.92265372,0.6590644000599755,0.05683115163713288,,0.23341300275166138,0.0262764109976036,,,0.4417186879628169,0.4495799516052075,0.2936222058453227,0.7326010449341157,,0.32125383869668683,0.0967474395926739,0.29202462014164104,0.33267299255754357,,,0.12146373616076715,0.23012535898324957,0.13042867422830087,0.1158880656172633,,0.04282564941084525,,0.06359223138042294,0.05678948676672482,0.012075781079743308,0.037323473614790874
2982.64697313,0.6576005926879301,0.05640572354728065,,0.23742823379616548,0.02639273695859441,,,0.4426929781307394,0.4496968414004012,0.29322771208564347,0.7312705127157653,,0.3209577406813324,0.10122086064976346,0.29750257166978306,0.3340393363381503,,,0.12431407477373035,0.23317116857477133,0.132032504477497,0.11750735955862811,,0.04321658407876764,,0.06550938838179139,0.05927987569187924,0.012168895402017016,0.03869705934642742
2992.37420903,0.6559991510155991,0.056577029714781936,,0.2421905343463739,0.02653791506098208,,,0.4435969833320828,0.4499280880506673,0.29287526950882264,0.7300251349902496,,0.3206686280716639,0.10636011776058245,0.3032282979696046,0.33505649102732643,,,0.12717960053225955,0.23610709705888427,0.1334946154378497,0.11938255944743764,,0.04373963683253148,,0.06748971732677121,0.06196702734113664,0.012268092066948686,0.04013709652315204
3002.10434504,0.6542653287953416,0.05716935265483145,,0.24805687095877268,0.02668638904703034,,,0.444509803285756,0.4502714483776228,0.2925929490276944,0.7289330576877545,,0.32042837198874236,0.11215114812138913,0.3091874411183254,0.33583516500021604,,,0.13003618004543058,0.23898449043667244,0.1348763728232154,0.12148851955009494,,0.04421482958956006,,0.0695964242527798,0.06442660314321122,0.012356745578845842,0.041625614123463446
3011.83736494,0.6523345417160065,0.05794004252474524,,0.2551664583000163,0.02680095627782077,,,0.445397613215722,0.4506759632658392,0.2923751697422579,0.7280387247464856,,0.32024966961791657,0.11847682945960673,0.3149405094289533,0.3364829988828009,,,0.132857907568401,0.2418047319835795,0.13632307449335038,0.12382549130058713,,0.04451389972278636,,0.07205996064318661,0.06611801413722998,0.012462290475627672,0.04323292654685146
3021.57325265,0.6501302997927006,0.0587361459539828,,0.2629881701899956,0.026877977229399896,,,0.44620140165068295,0.45114115454728076,0.29217853620443257,0.7273185702166562,,0.3200857326256934,0.12514881393049954,0.3203161621836449,0.3371721983433662,,,0.13558574884478306,0.24456218732425702,0.137919274287724,0.12637504044510225,,0.045012704264527824,,0.07476891724638693,0.06725955896769438,0.012513171222235333,0.04492738750713831
3031.3119922,0.6476104236492154,0.05947793291998966,,0.2696935681306325,0.02699177374655865,,,0.4469460275733824,0.45155641715831896,0.29199571654297424,0.7266807695206207,,0.319919549986842,0.13204942357598207,0.32541523163122543,0.33800434945467034,,,0.1382503834269534,0.2473225501844378,0.1396062903047856,0.1291031125080276,,0.04556757847281987,,0.07768766512394165,0.06830198373071746,0.012557124368089012,0.04643837838505405
3041.05356775,0.6447112442468302,0.06006563932188938,,0.2747415452074568,0.027137412520250932,,,0.4477032127785628,0.45189302038802537,0.2918802260330075,0.7261688355048992,,0.3197570813307878,0.13912922351510768,0.33031019490987484,0.33896823632978096,,,0.14084223359088446,0.25009598457464316,0.14124325673516722,0.13181843942969262,,0.045910632906703455,,0.08075235764109354,0.06980295313793812,0.012636479665190645,0.047924294856582776
3050.79796359,0.6413908999395661,0.060389014664307405,,0.27857639292426434,0.027228534878952958,,,0.4484541477851394,0.4521282983529187,0.2917825058451717,0.7257006867197551,,0.3196297080900158,0.1463888845869676,0.33508731500750527,0.34020037738382586,,,0.1433734949661802,0.2529091527597243,0.14271247084358693,0.13438498981349772,,0.04601795963851631,,0.08367607690971783,0.07199760471850146,0.012748774585145756,0.049481657305034434
3060.54516415,0.6376673942635617,0.06053874057097035,,0.28188709128922584,0.027327548060798554,,,0.449217151253739,0.4522123393377355,0.2916616903512962,0.7252203189068415,,0.31957597043564023,0.15388738460202128,0.3397120786186708,0.3416317598890571,,,0.14581233851649433,0.2557405267205347,0.1440043419488944,0.13674625033667395,,0.046044965397327074,,0.08628849548555607,0.07467254878502505,0.012863883861454978,0.05092400455633517
3070.29515395,0.6336519546810041,0.06057313752290399,,0.2847540542012292,0.027491335503406954,,,0.450043688182009,0.4521874257066913,0.2915597463703312,0.7247866487140981,,0.31946710994869815,0.1616605011226342,0.34413027922843825,0.343244609789212,,,0.1481427932429146,0.2586542043871611,0.14510540587058418,0.13891987472785056,,0.04622000810562652,,0.08842313969520894,0.07768091619897156,0.012996133830900085,0.052524399040728184
3080.04791767,0.6289133487364813,0.06060447766787537,,0.28692237467407483,0.02765977703935809,,,0.4508811673145052,0.45210100579259377,0.291519152045863,0.7243987050308073,,0.3193289683605078,0.1696247119764739,0.34837131448414704,0.345073664764383,,,0.15031296888064,0.26175398768278557,0.1460773094569238,0.14096370586524895,,0.0465135841114571,,0.0906036895931222,0.08083004276060947,0.013144583353918316,0.05442757008835033
3089.80344009,0.6228273415116063,0.06068772411399124,,0.2886135800186495,0.02782952395609088,,,0.4517404251291391,0.4520548483107729,0.29149945955514833,0.7241173427013433,,0.3192594840442251,0.17765736805231727,0.3524058876263069,0.34719200161533853,,,0.15237048884506926,0.26523275297003035,0.14700422781106912,0.1431986992660363,,0.04715483890790529,,0.09488344044620915,0.08352962428967786,0.013306468008650308,0.05676607530493814
3099.5617061,0.6163460601182115,0.06081981926600292,,0.2903656092955783,0.02805576953152208,,,0.45262481970329727,0.45204878611388843,0.2915429746934655,0.7238483477907565,,0.3191811489501269,0.1856735861120881,0.35634103333228406,0.34957253786506665,,,0.15440427780591898,0.26915475490348345,0.14802285743839638,0.1458083575487332,,0.04822650102231414,,0.1016287396711697,0.08548529566225228,0.013505563468926703,0.059375731349859
