,CAGR01 Calcite.,F1CC06B Magnesite.,HS433 Halite.,LAZE03 Prehnite.,bkr1jb329c Siliceous-sinter.,GDS26 Epidote.,GDS1 Analcime.,NBPP22 Clinopyroxene.,LAPP47B Orthopyroxene.,LAPO05 Fayalite.,LASC02 Forsterite.,GDS27 Hematite.,NCLS04 Plagioclase.,LACL14 Chlorite.,LAKA04 Kaolinite.,LAIL02 Illite.,GDS106 Margarite.,c1cy29 Vermiculite.,LALZ01 Serpentine.,LAMO02 Montmorillonite.,NCJB26 Nontronite.,LASA58 Saponite.,GDS23 Talc.,F1CC08B Alunite.,GDS145 Bassanite.,LASF41A Gypsum.,LASF21A Jarosite.,F1CC15 Kieserite.,799F366 Mg-sulphate.
Category,carbonates,carbonates,hydrated silicates & halides,hydrated silicates & halides,hydrated silicates & halides,hydrated silicates & halides,hydrated silicates & halides,iron oxides & primary silicates,iron oxides & primary silicates,iron oxides & primary silicates,iron oxides & primary silicates,iron oxides & primary silicates,iron oxides & primary silicates,phyllosilicates,phyllosilicates,phyllosilicates,phyllosilicates,phyllosilicates,phyllosilicates,phyllosilicates,phyllosilicates,phyllosilicates,phyllosilicates,sulfates,sulfates,sulfates,sulfates,sulfates,sulfates
Root Data ID,CAGR01 Calcite,F1CC06B Magnesite,HS433 Halite,LAZE03 Prehnite,bkr1jb329c Siliceous-sinter,GDS26 Epidote,GDS1 Analcime,NBPP22 Clinopyroxene,LAPP47B Orthopyroxene,LAPO05 Fayalite,LASC02 Forsterite,GDS27 Hematite,NCLS04 Plagioclase,LACL14 Chlorite,LAKA04 Kaolinite,LAIL02 Illite,GDS106 Margarite,c1cy29 Vermiculite,LALZ01 Serpentine,LAMO02 Montmorillonite,NCJB26 Nontronite,LASA58 Saponite,GDS23 Talc,F1CC08B Alunite,GDS145 Bassanite,LASF41A Gypsum,LASF21A Jarosite,F1CC15 Kieserite,799F366 Mg-sulphate
Sample ID,CAGR01,F1CC06B,HS433,LAZE03,bkr1jb329c,GDS26,GDS1,NBPP22,LAPP47B,LAPO05,LASC02,GDS27,NCLS04,LACL14,LAKA04,LAIL02,GDS106,CY-PLH-029,LALZ01,LAMO02,NCJB26,LASA58,GDS23,F1CC08B,GDS145,LASF41A,LASF21A,F1CC15,799F366
Species,calcite,magnesite,halite,prehnite,siliceous-sinter,epidote,analcime,clinopyroxene,orthopyroxene,fayalite,forsterite,hematite,plagioclase,chlorite,kaolinite,illite,margarite,vermiculite,serpentine,montmorillonite,nontronite,saponite,talc,alunite,bassanite,gypsum,jarosite,kieserite,mg-sulphate
Subgroup,calcites,calcites,chlorides,prehnites,hydrated-silicas,epidotes,zeolites,pyroxenes,pyroxenes,olivines,olivines,hematites,feldspars,chlorites,kaolinites,micas,micas,micas,serpentines,smectites,smectites,smectites,talcs,hydrous_sulphates,hydrous_sulphates,hydrous_sulphates,hydrous_sulphates,hydrous_sulphates,hydrous_sulphates
Group,carbonates,carbonates,halides,inosilicates,mineraloids,sorosilicates,tectosilicates,inosilicates,inosilicates,nesosilicates,nesosilicates,oxides,tectosilicates,phyllosilicates,phyllosilicates,phyllosilicates,phyllosilicates,phyllosilicates,phyllosilicates,phyllosilicates,phyllosilicates,phyllosilicates,phyllosilicates,sulphates,sulphates,sulphates,sulphates,sulphates,sulphates
Library,MICA_new_dirtree,MICA_new_dirtree,MICA_new_dirtree,MICA_new_dirtree,MICA_new_dirtree,MICA_new_dirtree,MICA_new_dirtree,MICA_new_dirtree,MICA_new_dirtree,MICA_new_dirtree,MICA_new_dirtree,MICA_new_dirtree,MICA_new_dirtree,MICA_new_dirtree,MICA_new_dirtree,MICA_new_dirtree,MICA_new_dirtree,MICA_new_dirtree,MICA_new_dirtree,MICA_new_dirtree,MICA_new_dirtree,MICA_new_dirtree,MICA_new_dirtree,MICA_new_dirtree,MICA_new_dirtree,MICA_new_dirtree,MICA_new_dirtree,MICA_new_dirtree,MICA_new_dirtree
Sample Description,,,,,,,,,,,,,,,,,,"LLANO,TX",,,,,,,,,,,
Date Added,,,,,,,,,,,,,,,,,,19-Jul-90,,,,,,,,,,,
Viewing Geometry,,,,,,,,,,,,,,,,,,"i=30, e=0",,,,,,,,,,,
Other Information,,,,,,,,,,,,,,,,,,,,,,,,,,,,,
Composition,,,,,,,,,,,,,,,,,,,,,,,,,,,,,
Resolution,,,,,,,,,,,,,,,,,,,,,,,,,,,,,
Grain Size,,,,,,,,,,,,,,,,,,0 - 500 µm,,,,,,,,,,,
Locality,,,,,,,,,,,,,,,,,,,,,,,,,,,,,
Database of Origin,MICA Files (USGS/RELAB),MICA Files (USGS/RELAB),MICA Files (USGS/RELAB),MICA Files (USGS/RELAB),MICA Files (USGS/RELAB),MICA Files (USGS/RELAB),MICA Files (USGS/RELAB),MICA Files (USGS/RELAB),MICA Files (USGS/RELAB),MICA Files (USGS/RELAB),MICA Files (USGS/RELAB),MICA Files (USGS/RELAB),MICA Files (USGS/RELAB),MICA Files (USGS/RELAB),MICA Files (USGS/RELAB),MICA Files (USGS/RELAB),MICA Files (USGS/RELAB),RELAB,MICA Files (USGS/RELAB),MICA Files (USGS/RELAB),MICA Files (USGS/RELAB),MICA Files (USGS/RELAB),MICA Files (USGS/RELAB),MICA Files (USGS/RELAB),MICA Files (USGS/RELAB),MICA Files (USGS/RELAB),MICA Files (USGS/RELAB),MICA Files (USGS/RELAB),MICA Files (USGS/RELAB)
Reflectance,---,---,---,---,---,---,---,---,---,---,---,---,---,---,---,---,---,---,---,---,---,---,---,---,---,---,---,---,---
900.0,0.8844637011990039,0.9017081992776248,0.9012621993842854,0.7345019171379118,0.5695282918604884,0.2575121191680687,0.9076168529376761,0.2167938839896798,0.12253681437291879,0.22346030059884842,0.33228491588993514,0.2449410197891128,0.32980421765787565,0.27599748437179955,0.932846591868544,0.4385764683136542,0.4095884024660155,0.7418255509253382,0.4011214805480855,0.5792821617790003,0.3841153408783678,0.9119608983830018,0.5599262884894888,0.8694440520729335,0.9227831241573969,0.943856563018078,0.4101355312884796,0.8542388038950021,0.9493975070390149
903.28574336,0.8840880726708213,0.9016340845137014,0.9008998879678712,0.734437546141343,0.5694703343026312,0.2565398879415216,0.9077109685694892,0.2139533015330846,0.12171783672566114,0.2224021531048244,0.32955240166996486,0.24677772645428117,0.32973235934027817,0.2763749202487253,0.9328942414628706,0.43863928988660633,0.4094252898962206,0.7419386633614085,0.4014620770910682,0.5795721977422843,0.383542005690117,0.9111194516606722,0.5609797578496116,0.8695634703517631,0.9222475209777443,0.9435187652168446,0.40912998194934846,0.8542281241252472,0.94918495198066
906.618278421,0.8840648582581129,0.9012097280063118,0.9006531547850735,0.7344509327635849,0.5695637152426751,0.2557187580827183,0.9072232924380967,0.2110464284543733,0.12132238678711978,0.22137858257280135,0.3267437450203907,0.24893012512116153,0.32961642679662895,0.27692665704935765,0.9329716382994429,0.438765796358596,0.4091748559065545,0.7425155748816775,0.40167512124333127,0.5794720076465033,0.38304804412504795,0.9100996019670792,0.5618964873417294,0.8694014306298564,0.9215402064981202,0.9433421378890191,0.4084965205332219,0.8542498426996126,0.9488325913383358
909.999291084,0.8840041093307066,0.9008102898609439,0.9002035579602,0.734513389200749,0.5695099957856996,0.2549043287173688,0.906080225479034,0.20799179654560948,0.12132832611677183,0.22047777976138302,0.32376604019823035,0.2513109291474626,0.32944447388990616,0.2775552898460844,0.9330130543335697,0.4390478887560487,0.40891520203315257,0.7432012074126815,0.40198725809534563,0.579400045200072,0.3826297057844076,0.9095469229537254,0.562657874820625,0.8694266322904627,0.921065835557272,0.9428118093701789,0.40807614977158796,0.85444204767664,0.948343962316676
913.430570243,0.8839597451399475,0.9006562445717419,0.8999804828331694,0.7348084838739963,0.5695076062613385,0.25395137140873436,0.9048336168215746,0.2047787647707647,0.12144861713152544,0.21949090805165172,0.32042326937569904,0.2538445632025657,0.329303535309124,0.278265297378821,0.9329502044021181,0.43916416473105946,0.40881559348250546,0.7437266497562197,0.40243711749663574,0.57939660044141,0.3822816003850587,0.9096025028661663,0.5632348047483912,0.8697742952159117,0.9203545613383108,0.9426672271354803,0.40818727715143954,0.8544460120895949,0.9480347425345987
916.914016797,0.8840030300405397,0.900611171264876,0.9000655171014983,0.7349121213634343,0.5694979397026455,0.25275472799751264,0.9035793526833205,0.2013872807661252,0.12186501287264141,0.21840211110962557,0.3167284622660564,0.25652336943745657,0.3292589788917541,0.278984141052484,0.9328434743243219,0.4391524493356944,0.4090901940981709,0.744219442910213,0.40292327920758214,0.579562349692759,0.3820423584554507,0.909614898570615,0.5637721964005903,0.8704808322474178,0.9196679830768016,0.9423682940171736,0.40829337486639095,0.8544371237004236,0.9476250884051434
920.451653694,0.8841683240334979,0.9002750314483436,0.9003898037193268,0.7349752909601576,0.5694591285219542,0.25133430444453114,0.9023012746534465,0.19785331479794221,0.12265267191677938,0.2172945248535577,0.31299658083587045,0.25939720542692996,0.329155317947502,0.27965937598348867,0.9328472236944165,0.4392214114532178,0.4096293193455134,0.744527475714707,0.4033713945914674,0.5797917055847791,0.3820020900687362,0.9088078832292891,0.5641755172590546,0.8712151729344279,0.9189812631586108,0.9424109143470044,0.40861162004798257,0.8545694372350845,0.947350822159608
924.045637162,0.8846096883996415,0.9001307600402033,0.9009521575414716,0.7350824686147511,0.5691330569559359,0.2498931880149562,0.9008220650579157,0.19435964523909632,0.12363668081697946,0.21619314919443755,0.30925867104346055,0.2628668266680065,0.3288739709722562,0.2804435989010407,0.9333491173079178,0.4393488149372885,0.4101457077580695,0.7446343904370775,0.4037366423133742,0.5802509507513647,0.38196862061258313,0.9080272703244819,0.5646343840021587,0.8716157963552683,0.9185062729234675,0.9418706674343097,0.40930324054273165,0.8544528265782854,0.9468880820105727
927.698269301,0.8847124672618042,0.9000728140025502,0.9015362452820479,0.7353191897884539,0.5685474258050056,0.24852281312815383,0.8988741490078481,0.19070774824883355,0.12485462769633995,0.21517682894591256,0.30515651650810094,0.2671188767366178,0.3285352352826738,0.28169232800475646,0.9331190799185054,0.4394475734610212,0.41059337698996035,0.7444098297219776,0.4037712049112383,0.5810967940580426,0.3820291275443658,0.9072068330245175,0.5650876998600795,0.8720597521170205,0.918633651444487,0.9415170549606224,0.41014839087537003,0.8543418315531978,0.9463307701525067
931.412012249,0.8847389238945353,0.8998854184117749,0.9017264077612804,0.7353485998985636,0.5679030413412569,0.24727378043820616,0.8966435814198473,0.18711364417633228,0.1262773499605757,0.2142453287239804,0.3006945130145267,0.27188753136627086,0.32821665752106977,0.2829918410106051,0.9328141647949245,0.4395966886747918,0.410950472257919,0.7441028558875936,0.4041822318880486,0.5821290339145672,0.38226002141888293,0.9063353538182811,0.5652051873857692,0.8723343500924758,0.9186689649787916,0.9414553902076059,0.41101268689742004,0.8542149052756784,0.9456627011489013
935.189504163,0.8847401805175881,0.8998909627103321,0.9014972935407674,0.735186767572191,0.567456384577381,0.24617263060828037,0.8943587389003298,0.18365845970595862,0.1280879558646907,0.2133524853845192,0.29607750156781104,0.2766986806443596,0.32788915257480594,0.28418033439891377,0.9325396917193339,0.4399799492444218,0.4113251129313523,0.74344452104084,0.4050940689961074,0.5829230722511858,0.3825850741889235,0.9053923773824671,0.5645960103608259,0.8727215628358338,0.9178534073411205,0.9414841926622975,0.4121256466043889,0.8539375409867834,0.9448099372304573
939.033577299,0.8846899026954795,0.9000126840242271,0.9007725790746467,0.7352010050335704,0.5666377923887614,0.2451363803648558,0.8919911087481975,0.18024829980302803,0.1305496161201401,0.2124344589666795,0.29131898949377333,0.28137239488765453,0.32746580523578867,0.28537308209330214,0.9322392263744279,0.4402767862281643,0.41176167718621837,0.7420277095728414,0.40605884066487513,0.5827043577484213,0.3828109872810081,0.9038214136414592,0.5626936149740255,0.8730018392779096,0.9163370724613531,0.9415148021479113,0.41380273202013856,0.8532261469669452,0.9438346983675084
942.947278561,0.8847616239941654,0.8999143189715103,0.8998953802548173,0.7353344048156265,0.5658624586579858,0.24397463934772434,0.8898152831761139,0.1768120324359693,0.13344403464954824,0.2115368599296445,0.28649948901439815,0.28609308676226053,0.32691447885217045,0.2865277618786659,0.9318809207476663,0.44059711745691427,0.4120431286438404,0.7403480266711755,0.40677379175070044,0.5826586861314775,0.3831094028308775,0.9005519081869737,0.5590046920433489,0.8727059757847424,0.9145155455497096,0.9409588384320693,0.4152906032179275,0.8523858273663877,0.9428112593274345
946.933892918,0.8846770170679886,0.8998785976184006,0.8991868336025767,0.7353887618418813,0.5655054808734309,0.24272997662493795,0.8876323470974481,0.17337128678117153,0.13674795277351134,0.21055638633099238,0.28160542126687216,0.2911778744771273,0.3263034788796307,0.2875845129044032,0.9315656788342304,0.44086216369749515,0.4123427020771767,0.7395270242067151,0.407525511733076,0.5829904836180141,0.38372768504606103,0.8968994299858873,0.5555778212949432,0.8722172477619847,0.9128609800552293,0.9400414707397354,0.41682880442943904,0.8512199587061279,0.9418210722293064
950.996970209,0.884643181741162,0.900067916898203,0.8995419197654323,0.7354558313172617,0.5653986935131429,0.2416676886018723,0.8847438500537832,0.17001627495919502,0.14055702279487678,0.2095385967564666,0.276710045397316,0.29700076875127035,0.3256419348355599,0.2886324352138419,0.9307241590022437,0.44108173797646505,0.4128192302392707,0.7401388402784187,0.4084868494568085,0.5833502857443086,0.38432475707758523,0.8960447049464206,0.5558273055944001,0.8720276278485428,0.9116337704347701,0.9392853530448131,0.4185317197570484,0.8500147830549548,0.9405107570428409
955.140355948,0.8846328909579666,0.9001517603930833,0.9005887938282552,0.7355922808778458,0.5650681251270531,0.24074520964911847,0.8806875843426213,0.16685832922192692,0.14491607206342955,0.2085562270847527,0.2716514556871005,0.3038696564430572,0.32506113289935795,0.28987066811226025,0.9297457323443217,0.4412656185899702,0.4134382554476874,0.7418289157277761,0.4097969934804607,0.5834825537748919,0.38499169336065886,0.89716530753983,0.5603883655297489,0.8719750149154929,0.9107798147675124,0.9384595848880593,0.42034430715595134,0.8488181393204096,0.9384421595405821
959.368226885,0.8847072395000796,0.9000832849806009,0.9013174177334504,0.735787893354981,0.5646289979409378,0.2396288944079922,0.874905654608779,0.16385493930517891,0.1500012093595076,0.20765096194859983,0.26646471655197584,0.31153832331437264,0.32444264324817856,0.29129625900249156,0.929371509469548,0.44154974804954655,0.4136183346864546,0.7430959287525774,0.41121855606224056,0.5835356029322196,0.3857408875082296,0.8971218106581348,0.5650452178850272,0.8713913984089109,0.9099292005393288,0.9370611441257164,0.42255698544902215,0.8476174729253272,0.9358513170039358
963.685132242,0.8848135874510166,0.9001307256161015,0.9017363882981824,0.7358549599471589,0.5642338529061885,0.23831697369188246,0.8674772157913571,0.1610102129909012,0.15593429317199964,0.2068201811814976,0.2611679126146065,0.31963016939602307,0.3237764058809317,0.2926424994748941,0.9292602290291995,0.4421366964678685,0.4137399502126626,0.7443002692000799,0.4127680410425876,0.5836433609789914,0.38666166672309976,0.8966403239437047,0.568195498577652,0.8705387963208002,0.9088864415067494,0.9358320841694124,0.42508288383444254,0.8463039357652713,0.9330164688955928
968.096041789,0.8847036996734395,0.9002142134803995,0.9019129860543378,0.7358737781224983,0.5639478777850715,0.23697785754480163,0.8605898563872851,0.15832136253298315,0.16274816204774478,0.20598270461962986,0.255788534324142,0.3277574988105457,0.3229626705306223,0.2938381643152143,0.9301746458491623,0.4428481011817575,0.4143490365317726,0.7451756469329233,0.4143644668699081,0.5838187032812137,0.3876801017532734,0.8972476203660839,0.5699519558765825,0.8693625980261617,0.9073726013033242,0.9345161969628455,0.4279146017644035,0.8448968831799237,0.9303762759861106
972.606402173,0.8847689868660984,0.9002620244947969,0.9019934808303735,0.7357882233131863,0.5639497941196006,0.23563286760302166,0.858105927574411,0.15582889345258302,0.17043677321232992,0.20489503136629164,0.25044609973038473,0.33616312428546713,0.3220502069538043,0.2948591689503416,0.932090908272167,0.44354390637266844,0.41528684238942903,0.7461192639131013,0.4159024809589548,0.5841431941338748,0.38894705763117016,0.898315027464154,0.5708022968577329,0.8676874641339168,0.9061856144592433,0.9329662906311346,0.4314448783402832,0.8436795867149186,0.9277336620513535
977.222203311,0.8849592497718636,0.900171342313834,0.9014219647846683,0.735948117708476,0.5639883813860608,0.23458783415786819,0.8600693908549567,0.1535360441211713,0.17918910286733397,0.20370852483939864,0.24533693328024686,0.3449282667240714,0.3211021467373407,0.2959056084295154,0.9339658568165287,0.444109001106664,0.4162719232335295,0.7468367073559183,0.4172308687662003,0.5851100951046326,0.3903325250605004,0.8993349677361191,0.5711847623415467,0.8656217818371666,0.9059488234869361,0.931667926886883,0.4353783486402368,0.8426440733237508,0.925423258978849
981.950057134,0.8848916296577609,0.899927701316851,0.9007259296815839,0.7360774060327325,0.5641336592190265,0.2338440116435975,0.8642858988261259,0.15140938582719893,0.18905257608868975,0.2026046292391319,0.24015975896010047,0.35401991449451076,0.3202161091493135,0.2969267641660434,0.9351691627268842,0.4445704529499673,0.41710463453740165,0.747616613954313,0.41829817115107476,0.5862398173316328,0.3918004642209096,0.8998864421986061,0.5716518365953874,0.8631100743827462,0.906589333881829,0.9299123776353968,0.4392227574308367,0.8418199675376102,0.9243757028301762
986.797291589,0.8848144666968697,0.8999528604401122,0.9010094472239345,0.7361229336345548,0.5642313519224685,0.23307542363982023,0.869873499197553,0.1494495623840469,0.19983295269752985,0.2015375890371454,0.23494868608517058,0.3634964285185275,0.3193263249621803,0.29788360041218637,0.9355862372137135,0.4450044412365693,0.417872450128073,0.748228531261007,0.419206376030613,0.5868836102857294,0.3934744527461084,0.9002840248218656,0.5724327127194638,0.8602905496533916,0.907905468281171,0.9284434360549236,0.44313864147861604,0.8409814754498107,0.924237623030496
991.720028203,0.8848903123791764,0.8997693396534848,0.9014572797636992,0.7359682078542926,0.564079664192073,0.2324101151319947,0.8759442605915904,0.14769029485927215,0.21159186023995794,0.20040567334932455,0.2299010437107927,0.37335962198940714,0.31818505144261505,0.2987211944100108,0.9356806544811783,0.4453329398846351,0.4183068801490889,0.7487778246353041,0.4200407143777375,0.5869645639811819,0.39542872789863986,0.9008687120780897,0.5731725250881504,0.8577486683776978,0.9093875940262848,0.9270880769415614,0.44753337296071644,0.8401379979329124,0.9245271566785079
996.671068522,0.8848238978089443,0.8998099148915923,0.901167129389528,0.7357717308357575,0.5640489181188693,0.23182864936078426,0.8812835979180053,0.14628319049304425,0.2244905277005704,0.1992183395538641,0.2251898446538109,0.3835542502810232,0.3169100009939901,0.2993823491264929,0.9364773990517499,0.445659025811261,0.4184481148699359,0.7492366867362857,0.4208724760786041,0.5871714271105095,0.39738505215236447,0.9016518763284527,0.5736916230487011,0.8563112229391248,0.9110116943606233,0.9263738090728956,0.45206818348306693,0.8394356797302406,0.9252283559617493
1001.65061855,0.8845380129159461,0.9001136444213164,0.9004473627503208,0.7355716061229836,0.5640438169079893,0.2310680287807196,0.8858751542446281,0.14524807327601605,0.2386407825630991,0.19804231516533632,0.2208458937060677,0.3938862221205959,0.315831179680931,0.29991808815017074,0.9370158507697469,0.4460179847818267,0.41832014541678797,0.7494947102322187,0.42162760426626694,0.588078558039161,0.3993860776320071,0.9023164573262514,0.5743832529074845,0.8562277319403431,0.9125358785300302,0.9268716308403983,0.4567872143211913,0.8391657669364642,0.9256695864437671
1006.65888632,0.8838963380908987,0.9006978359046229,0.9004724606458532,0.7354673138167391,0.5640693543278409,0.23031427166195703,0.8896690368059753,0.1445646253667427,0.25388846553971345,0.19690418562519976,0.21684477796148252,0.40410909271569095,0.31477109096946376,0.3004075022692562,0.936785071769813,0.44646261533445386,0.4182499278157313,0.7493730522603953,0.4222696038123833,0.5884207505316362,0.4016614898186262,0.9032339272439946,0.5753173272860351,0.8576072106769201,0.9139691271139128,0.9282050912451222,0.4619423498135705,0.839355478114523,0.9268063029657175
1011.69608192,0.8834050619949976,0.9011620836660655,0.9009289487845379,0.7355052919518065,0.5638198186159288,0.22987321480584827,0.8924442092890286,0.14418749769701247,0.2700692194104352,0.19590309774914696,0.21325893252358036,0.41410421564654964,0.3136804836065857,0.300897071026468,0.9368026684741951,0.4469340895690665,0.41820850541040544,0.7492156333185331,0.4228631045623975,0.588211203744662,0.403967876800712,0.904252390928289,0.576017898521554,0.8603582324871429,0.9150221480472353,0.9299179881410939,0.46741302214103186,0.8391319814958377,0.9283820643418853
1016.76241755,0.8835445361589984,0.9015618168458394,0.9012901807623429,0.7356249003475694,0.5636233794462937,0.2299562700174365,0.8946804941900448,0.14409131327877409,0.2871129325692307,0.19502563211896506,0.21007597649726212,0.42385128282470713,0.3126430619173549,0.30127427294430525,0.9372656359033843,0.44723574523147797,0.4182043848104149,0.7493629031872524,0.423588675912862,0.5882960681483385,0.40628554371444114,0.9052798717556801,0.5765056099485588,0.8643004500331437,0.915802991597057,0.9314747145216491,0.4729774942924189,0.8389032981804272,0.9302419292788939
1021.85810749,0.8836990957187383,0.9017257404854572,0.9011525438226501,0.7358319695652339,0.5636032615562694,0.23017597921783692,0.8961997981395512,0.14430768453788234,0.304975224483696,0.1942065274531908,0.20707643232965794,0.4333527323287691,0.31161361386863556,0.3015586238672607,0.9379156540236694,0.44740946676956495,0.4184454122471737,0.749439440657613,0.42441133154203586,0.5885565557082468,0.4087885632320402,0.9058069979111822,0.5770682581994203,0.8687300442239625,0.9165397604062337,0.932772543447135,0.4789229741334535,0.8389504988334231,0.9320406453131083
1026.97288016,0.88407044665111,0.9017223036798316,0.9003803799597401,0.7361849864181426,0.563311641110683,0.23035604203442947,0.89725056410177,0.14479030773167514,0.32321492664841367,0.19341607762880852,0.20442008431650238,0.44248125704838726,0.31063852115068114,0.3017460682198356,0.938481762852039,0.4474750572766684,0.41878954271331265,0.7497763767307857,0.4250850000849979,0.5892038291367391,0.41146070581623945,0.9061648369200143,0.5779625286737942,0.8732568487069727,0.9171326401938418,0.93423498324381,0.48513333302158046,0.8392985472363106,0.9338884377832642
1032.10649695,0.884138643552652,0.9018711253260319,0.8999500166411316,0.7364689909622436,0.5629868506916583,0.2307061208342809,0.8973075591233041,0.1456028875861155,0.3419666393858846,0.1925449856811222,0.2023614730585921,0.4514078874085234,0.3096971111558594,0.3018948183465353,0.9392038952081706,0.4477354342080676,0.41881582732914163,0.7502283334744186,0.42541916911941396,0.5899040446490603,0.41417622877522176,0.9070454375189462,0.5790927535286864,0.8766033765605332,0.9176884659080148,0.9360315197178175,0.4917087283076257,0.8398213150819215,0.9357689527562346
1037.25897753,0.8840393573188038,0.9019505271337348,0.9001365452812684,0.7366201217264544,0.5629404298219701,0.2312184261312257,0.8972552803237673,0.14675094849943776,0.3611655115699664,0.19167622594067846,0.20083785576542032,0.45982460421806265,0.3086910226730026,0.3020089943002454,0.9397187580538617,0.4480748483008857,0.41873454869787297,0.7509345057966683,0.4256025140619188,0.590605275777712,0.41697956685957627,0.9077823358147306,0.580504500649853,0.8789440051353289,0.9182611993906226,0.9373990468833046,0.4985064971901214,0.8404282747507131,0.9375133046187759
1042.4303413,0.8838787016362416,0.9021813299862493,0.9008346491072812,0.7367741381275275,0.5628457843036884,0.23180516106666288,0.89749252281084,0.1482132141099478,0.38047387541224237,0.1910698863288762,0.1996654549441078,0.46785741104539946,0.30767374692102734,0.3022126021905038,0.9401086914131477,0.448198443159035,0.4187555370280549,0.7517060782988866,0.42591015901084983,0.5909769921961704,0.41991261640677446,0.9080451075041699,0.5820059133533726,0.8806418148062516,0.9186170389905736,0.9386848933402241,0.5053664786713677,0.8412452870271923,0.9391976540073739
1047.62060737,0.8835642280781737,0.9023340916563227,0.901013309010463,0.7368907497363744,0.5626098620175409,0.2326306230937207,0.8979586267769814,0.14994473283405277,0.39975539920207775,0.19048616750780833,0.19883271581036985,0.47563359361563695,0.30663478652474274,0.30242714988229735,0.9406099312968094,0.4482377541234171,0.4189558235759788,0.7525843240418483,0.4260293537864944,0.5908923425093662,0.4228614731314241,0.9085628493151863,0.5831843611391038,0.8818180361661518,0.9188391308445278,0.9394764034362061,0.5124668624349996,0.8422410819544438,0.9407839390913969
1052.82979459,0.8835060927506353,0.9023148798972664,0.9008572913476085,0.7369205239173751,0.5623407617409504,0.23373051478202447,0.8976085550573109,0.15199398585996415,0.41868526705402637,0.18991809916572028,0.19840775389227208,0.4829671561145573,0.30575146786517887,0.3025883897253945,0.9409383516396574,0.448065817299989,0.4190588897596231,0.753433258389859,0.42594936396139266,0.5907680181224021,0.42588922778345806,0.9090752641383251,0.5839852855139651,0.8827415100286337,0.9187815853077896,0.9398408002740964,0.5194295630087656,0.8433973715804761,0.9420027076352574
1058.05208946,0.8834268645609417,0.902459345054512,0.9013425199503169,0.737080248649677,0.5619234703952309,0.23495573094253458,0.897212788940424,0.15442664048530008,0.4370368742731221,0.18945318033697145,0.19838451370672514,0.49052749111460975,0.3049409188567761,0.30250720507213724,0.9413182344809286,0.44802000817939414,0.41909778180060575,0.7545025981970379,0.42620898553504616,0.591106993278183,0.4289962506831541,0.9094947602799792,0.5849454470378115,0.883315698195585,0.9187147902900173,0.9401076691956214,0.5265238627869865,0.8446391344277192,0.9429444794249457
1063.2810895,0.8833720971855131,0.9028598260820672,0.9021093821335586,0.7371733838891604,0.5615192365218395,0.23646457743014718,0.8967410384134357,0.15720635397547683,0.45469270882819113,0.18920994281371054,0.1989211951601535,0.4982139800574448,0.30409750050282286,0.3025482997266879,0.9415436703467163,0.44816295540615436,0.41901885928682675,0.7556074136204866,0.4264758946097841,0.5920667564602724,0.4320517937356578,0.9097225157921442,0.5862355007194285,0.8840422545477662,0.9187622655777972,0.940445693929662,0.533879839257981,0.8461084049987613,0.9435965877348353
1068.51675432,0.8834810990260509,0.9031450978623665,0.9026082758315603,0.7373469661016702,0.5612406550672818,0.23830677827830452,0.8963012135229664,0.16028562184327547,0.47142358292769126,0.18902215469065242,0.1998877053614381,0.5057337144042987,0.30317827486596055,0.30284126264089195,0.9415062957076802,0.44846571582025496,0.4187845664672696,0.7566200914091521,0.42662970670364697,0.5932267984266225,0.4353499189174214,0.9100977500928811,0.5876707661423334,0.8847115873875985,0.9189171874020229,0.9408097066667136,0.5411335801108993,0.8472203150296481,0.9438907695185754
1073.75904388,0.88372133460457,0.9032678342501568,0.9022470819756168,0.7375323985459843,0.5609703128946567,0.24035573789877834,0.8957652555613699,0.16358536286421266,0.487055486882099,0.18894306106712933,0.20108075740243142,0.5133405819598993,0.30227929706443,0.30307715922634026,0.9411453896616199,0.44898226685482007,0.41857991743345896,0.7575439248435654,0.4269342278039139,0.5941875342510795,0.4386460135149775,0.9104564221106624,0.589201788203511,0.8852605372443397,0.9189828542230593,0.9410001304526778,0.5482108076662217,0.8483280957718381,0.9440882511003738
1079.00791838,0.8845302266275382,0.9032675631430761,0.9016145993503817,0.7376594274991279,0.560681644340577,0.24250159582240619,0.8952238685074991,0.16722672338140732,0.5015540966627963,0.1890486359943057,0.20275636188248433,0.5211305971655547,0.301483619178323,0.30320465363267096,0.9409695877988501,0.44917297318408417,0.41851004912238,0.7583663449525182,0.42702679689064005,0.5951341401794011,0.44173346619356213,0.9107647397675745,0.5905780223736353,0.8857852865011737,0.9186261497421733,0.9407794566517902,0.5556102428216773,0.8494752680381759,0.9439783936403895
1084.26333836,0.884850906064216,0.9034341919506487,0.901113857295191,0.7376989357177891,0.5604370179452273,0.24474078374347388,0.8944991798665044,0.17116904187398554,0.514845505707806,0.1893353087971701,0.20491054992472524,0.5290994833680278,0.3006760270157283,0.3033374795639272,0.9414367852966539,0.44948575198152846,0.41866464714703816,0.7591605557096086,0.4271907470552322,0.5952909930792213,0.4449557420070463,0.9108189060951781,0.5918610726883291,0.8858846375437657,0.9184167274487414,0.9404708308987004,0.5630296518240993,0.850249534919614,0.9437104649676917
1089.52507305,0.8849007236724138,0.9034899992801637,0.9018256318798523,0.7377632239573624,0.5600321980480565,0.24753101785732493,0.8935354617483076,0.17532678254615142,0.5273605060930515,0.18953799252233985,0.2074355077660049,0.5370794412152835,0.29994365979540716,0.3035905797304696,0.942598948850201,0.4500416193264093,0.4192081841362343,0.7598701547571344,0.42746532025792816,0.5959269072435216,0.44812240512760065,0.9107169095515348,0.5933141740244499,0.88595244015666,0.9178299345718259,0.9397850266986227,0.5700396381654005,0.8508760760545414,0.9433396279078724
1094.78823545,0.8847529778422477,0.9035127419142102,0.9027229099973867,0.7378375987796952,0.5596033161428481,0.2506951440370082,0.892161404144279,0.17974941213459972,0.5388463230154167,0.18993153311726887,0.21028632410430298,0.5451357547967918,0.29937281142712924,0.3040594959806948,0.9430698353551268,0.45042628653690986,0.41980355054730983,0.7603805862121995,0.4279694482590797,0.5964873859036203,0.4510760442058978,0.9109128814066346,0.5950388508641642,0.8861472701985089,0.9167341854557093,0.9389136912918734,0.5771062213211143,0.8513868936578017,0.9429025038932449
1100.05281299,0.8845315961845824,0.9035566048036304,0.9029745747488689,0.7379694971936938,0.5591223802889986,0.2542605518166283,0.8898876003222007,0.18439953218310545,0.5491429246272829,0.1905343676494555,0.21335556367657482,0.5534772499832201,0.2987544459497398,0.30452522398477555,0.943355273893479,0.4510068610560904,0.42050580852985653,0.7609715899820039,0.4284685183539081,0.5967262009308606,0.4540774356624007,0.91082453137956,0.5967566733995308,0.8863911982901131,0.9154563120743572,0.9384168023826349,0.5841106200130959,0.8518997249086271,0.9419733175400782
1105.31879326,0.8845084516492671,0.9036787348234036,0.9032507147984662,0.7380948777431273,0.5585839417192259,0.25815424984014607,0.8874462693528675,0.18918364004152746,0.5584400955868433,0.19124196656118192,0.21655543508710393,0.5621373791807674,0.2981781192031361,0.3048807591570026,0.9435664425791814,0.45179062552068844,0.421219269883796,0.7617109643135261,0.42907338125225297,0.5970331605242616,0.45699417588450714,0.9108309277230809,0.5984547935459749,0.8864840664355087,0.9141438758501506,0.9379758391182095,0.5913136312652362,0.8519751998869725,0.9410673277603014
1110.586164,0.884618403804964,0.9039055241014174,0.9033763473961782,0.7380797671461703,0.5580633514058813,0.2622119433816495,0.8849323353462398,0.19410671620133746,0.5669098121474285,0.1919830803305272,0.21977925070538057,0.5709340104803907,0.29756039042567106,0.30535600963662446,0.9438898113712516,0.45267567174922546,0.4219434010018344,0.7627462775117357,0.429762075375838,0.5971871049947604,0.45989469050076026,0.9104542358345366,0.6002406110922797,0.8868443878641451,0.9129138097331099,0.9373279508996685,0.598225847831209,0.8519785830384821,0.9400268856428874
1115.8549131,0.8844028201022006,0.9039504995913838,0.9035034304616011,0.7381482526723057,0.557536165524495,0.2663382735978808,0.8829075870512396,0.19905817411693943,0.5741938832797869,0.1928381956823179,0.22317647789607054,0.579747979048362,0.2969964966302386,0.30601367005969143,0.9444706289130118,0.453802246434134,0.42240247186916047,0.7638156631700783,0.43055918325669823,0.5972375277162676,0.46298036064715314,0.90962939051004,0.6019361741566182,0.8871112649987772,0.9117749587936389,0.9364111573176869,0.6050391237292744,0.8518411186836956,0.9389352592776257
1121.12502863,0.8845824682835478,0.9039507947576858,0.9034531999578467,0.7381554563313674,0.556801004973834,0.2704385989715871,0.8806456178426179,0.2041704392533936,0.5805411647263286,0.1936748131201684,0.22678974834531557,0.5886460782675507,0.29640221414344603,0.30693292387535803,0.9448902760015825,0.4548423329761986,0.42300275437490187,0.7646623813264877,0.43111602472700755,0.5972879683909473,0.46574348131567406,0.9087964090070346,0.603545910881702,0.8877926390993892,0.9111759028443459,0.9357384179828306,0.6117015697312446,0.8514916912049283,0.9373502392697038
1126.42117712,0.8848759584239798,0.9038976503920577,0.903042258049768,0.7380007490121916,0.5560308226612506,0.27466854344585745,0.8779912561919333,0.2093275453492282,0.586171810246262,0.1945863659675005,0.23028111624416917,0.5980291403882431,0.2958678172573997,0.30786092491951045,0.9453809058224188,0.45571698198675553,0.42397268407950733,0.7647041506448015,0.431745308147205,0.5978592785353857,0.4681294919220948,0.9076013604654427,0.605189337812446,0.8885857999638425,0.9101218459598612,0.9346016944439254,0.6187085655145204,0.8507793275203703,0.9355608962142621
1131.75559815,0.8850129478627001,0.9037040175302199,0.9029283030699194,0.7380095899669935,0.5549131482619136,0.2789850705691426,0.8743379495180132,0.21442613546121086,0.5910575959049185,0.1956195833470758,0.23360370199409597,0.6078918159452746,0.2953368772872097,0.30870874832506945,0.9452769646111332,0.4564845001913466,0.42479607698477095,0.7641961462426367,0.43257752575805375,0.5987248728610172,0.4705838524346117,0.9053323777161297,0.6069323687044007,0.8894182402558102,0.9078018897754454,0.9332760881942782,0.6253359251575363,0.8494836492362664,0.9334660025765831
1137.12876151,0.8851159380289492,0.9035452344740825,0.9025907844106933,0.7381087711933036,0.5535784037321515,0.28342339302440156,0.8688730726677718,0.21949033758763214,0.5951558556850568,0.1968274890121407,0.2369137310909869,0.6182929724777396,0.29476606482227313,0.3095654137359429,0.9453817287087619,0.4575505729240812,0.4256837328379681,0.7636379103142826,0.4334585714379974,0.5988853733148094,0.47281496821210034,0.9018175752295478,0.6084615944314897,0.8898933459097758,0.9043319039891515,0.9315584559936628,0.6315573354307109,0.8474931054561304,0.9308588861799478
1142.54114608,0.8853603637747542,0.903293910236646,0.9022474280009377,0.7382133153127213,0.5519386443534462,0.2880736064227957,0.8603409194554117,0.22457639196553916,0.5990042326580164,0.19827299761970055,0.24033113791726352,0.6283839100196352,0.294240508919722,0.3106168327010974,0.9455757001395974,0.45867780136302794,0.4266965225266101,0.762953918933156,0.43417272936039675,0.5987643789691147,0.47485488415784577,0.8973137648931597,0.6098804134863943,0.8900200622185197,0.9001805202778452,0.9294310863001424,0.6379308257958017,0.8447797406781868,0.927130218316114
1147.99324008,0.8857123733447917,0.90289731981921,0.9024231438848963,0.7381428767115864,0.5502308117123959,0.2929753036223141,0.8463202984476762,0.22961079721061112,0.6023766750262235,0.19991503992396611,0.243568957483671,0.6383548328688169,0.29366344173918074,0.3118832585666429,0.9455540599311894,0.46003434243842367,0.42792741103583304,0.762304161162537,0.43489917749838836,0.5986326063635137,0.476596495822764,0.8921723600850892,0.6114187622213284,0.8897818662519335,0.8949509126129654,0.9263413377943317,0.6443662589250735,0.8412502406272971,0.9221652508758333
1153.48554133,0.8854397137318114,0.9027218379418449,0.9027801938830643,0.7381943155163628,0.5491043247825576,0.2981161383462888,0.8275296158154587,0.23451909137852667,0.6055446942060879,0.2014200056529392,0.2468045705068657,0.6486793532372118,0.29315236425447916,0.31323130281571354,0.9456866395281446,0.46141284296839924,0.42925236608629525,0.7616921622939785,0.4355088468578198,0.5994117149363538,0.47833763314370464,0.888924651830678,0.6130238282272028,0.8894177573006908,0.8876896410213274,0.9220781719469265,0.6505505735027282,0.8372521062381948,0.916127373045292
1158.99647413,0.8850346548661394,0.9025816863364508,0.9034638009299639,0.7381047841712548,0.5486869714003523,0.30319090300141505,0.8118916063259793,0.23931019494798278,0.6083319843415204,0.20266736113739187,0.24991693794302794,0.6591902034443514,0.29254516167694367,0.31462464980753,0.946061595284831,0.46293050532889396,0.43052911649844894,0.761326680597686,0.43648184624960584,0.6006007745477314,0.48038039091935386,0.8884317809272773,0.6144664526860496,0.8891197244220833,0.8791146232787533,0.9170191861904322,0.6564061361324773,0.833143146258416,0.9095604924558147
1164.48107738,0.8852676761090991,0.9023924027510449,0.904315375980879,0.738186332333691,0.5486702811403941,0.3081396870173745,0.8105870044795835,0.2440375021486341,0.6108278678068789,0.203949689910066,0.252720378058429,0.6693390640247813,0.2919016640820468,0.31604142092565213,0.9463791112900662,0.46444976389131554,0.43172018508836313,0.7613072859948251,0.43775635069487595,0.6016491614918117,0.4827150671696553,0.8903479984623774,0.6160827987629299,0.8886348168430928,0.8725874300077274,0.9111579562427157,0.6619455302387292,0.8293162156349716,0.9031403340782203
1169.93996942,0.8858500253958184,0.9022533087763049,0.9046169146684772,0.7383176681430139,0.5486509122527526,0.3133880259744353,0.8218196208425387,0.24865080280741997,0.6128999009570815,0.20525753352580198,0.2552252790582244,0.6795782272672205,0.29124520676585025,0.3175625464347548,0.9466747141183312,0.46603771808301886,0.43292127306264183,0.761546440820844,0.43899152940262265,0.6018131374306244,0.48488520573115607,0.8928375654194137,0.617687351365699,0.8882380194567047,0.8713058660722498,0.9050078465849445,0.6677060166070461,0.8258578116833506,0.8973984278648368
1175.3737451,0.8863102552465767,0.9021626121575627,0.9046816986825458,0.7383577850816543,0.5486425224147952,0.31899480665469826,0.8355130778037919,0.25298157828625306,0.6149005216038065,0.2064976261314473,0.25762809118634206,0.6898159820063974,0.29076339043417576,0.3190682997418398,0.9465047153648217,0.467547954072953,0.4342026252250091,0.7619849584073953,0.4401850638988344,0.6021979278494115,0.4868036171880377,0.8951334197726167,0.6192289205225371,0.8876923206741245,0.8748756387728779,0.9000311873285425,0.6730888084789073,0.8225734618605244,0.8931424812408305
1180.78297699,0.8860744662919859,0.9019165565904614,0.9042816338142292,0.7385955211701501,0.5485832752672704,0.32492707450181957,0.8461769076376485,0.25717960438695303,0.6166527143896177,0.2074711320074112,0.259967915880286,0.7000632737675812,0.29033427463692935,0.3205859717562789,0.9467437723093791,0.46926902900060397,0.43590466468703076,0.7627347006718207,0.44144865271929085,0.6029286994979542,0.48875188402761555,0.8969991381776958,0.6209973102608907,0.8871581632193846,0.8798162875394586,0.8969221800700149,0.6785008266058644,0.8193021704108301,0.8906474741232192
1186.16821657,0.8861020336230815,0.9016837353640749,0.9035797624131156,0.7386358130732565,0.54835866655674,0.3310128362062239,0.8526903067275771,0.26123170124104556,0.6182804619628671,0.20858301877825103,0.2622216944137745,0.7099502449944373,0.2898461443722655,0.32215152660964874,0.947051337555119,0.4714565445099041,0.43790471987443946,0.7635294903065981,0.44275321139367335,0.6039271215483687,0.49050277556032035,0.8983781366103605,0.6228307729925908,0.8863780573429657,0.8839794825342663,0.8946518548580616,0.6838375140014841,0.8160402940070384,0.8890317764460423
1191.52999524,0.8865084885338487,0.9013721056503992,0.9030062564374162,0.7387179953310067,0.5480417226092178,0.337044018514189,0.8561507944437646,0.2651166082401333,0.619627032259531,0.20962426955724645,0.26426113772439785,0.7188108415985497,0.2892578953551966,0.32374722962011515,0.9471064763943935,0.47346500220668675,0.4397119749913862,0.7645523869832952,0.44407344175929236,0.6052867484500141,0.49218679094883927,0.8993614929718686,0.6241216732088012,0.8854269327151546,0.8864266687139049,0.8932818088812353,0.6893834070992446,0.8128834959369454,0.8877189785136328
1196.89576018,0.8868398266609651,0.9010001440609412,0.9027868899116199,0.7388773151136414,0.5478037137343195,0.3427356164974939,0.8590777158260092,0.2689838113654625,0.620730639085794,0.21045444544288272,0.2663725656133818,0.7267870019102242,0.2887100211583271,0.32544760721048976,0.9467721968528642,0.47527217881127076,0.44119808098633295,0.7658434256079876,0.44519427470512235,0.6069500580065346,0.4938706426138965,0.9003159099898358,0.6250767793441442,0.8839204016664863,0.8877937666131112,0.8926298310690912,0.6949644543357598,0.809095050860557,0.8866200196826434
1202.26638934,0.8872846589131084,0.9007074553611691,0.9035783072902347,0.7387732520651388,0.5476775323560171,0.34804479867508176,0.8634328053676923,0.2727308842146929,0.6216643732796703,0.21111815823585767,0.26848953034502543,0.7345485730187777,0.28827728867019997,0.3272569026267177,0.9464861393357809,0.47710029359262984,0.44266277600767906,0.7672254051411949,0.446408621352216,0.6090013761926419,0.4954677833500791,0.9010898352555945,0.6257794538064149,0.8822334559333906,0.8886523619594084,0.8921783105068067,0.7004400013814512,0.8053184051634111,0.8858830466433829
1207.64185238,0.8872851510751755,0.9005747825704912,0.9041244003038518,0.7386954092600436,0.5474579586607973,0.35342404555164986,0.8681169122614653,0.27624056263651475,0.6223576306855452,0.21170810471240586,0.2705262665992904,0.7418171403257869,0.2879341504539697,0.32919023378203927,0.9458339383363418,0.4791423227511147,0.44441716080205546,0.7677741676077401,0.4479543925354636,0.611127073761886,0.49687400669316334,0.9017080692298045,0.6266133597060473,0.8800073793981592,0.8896018066452459,0.8922458950553236,0.7058442028510763,0.8020163892270281,0.8855920325064875
1213.0221192,0.8870475379718838,0.9000985436845953,0.9042083195881182,0.7387262762706229,0.5472444198416483,0.35869337537568174,0.8716217853808139,0.2796071153342958,0.623224955750108,0.21232044219774646,0.27244112766849526,0.748981195984001,0.2876718331975578,0.3310452844272055,0.9455683016883878,0.48141731792286657,0.4463168448086192,0.7680667292299717,0.44937488457664976,0.6124047741358376,0.4980935564498202,0.9026409153448285,0.6275676410397875,0.8772059117879596,0.8911242783535546,0.8935793629717408,0.7113667637809334,0.7986924392410982,0.8851091148062512
1218.40715994,0.8872498199523353,0.899604478367687,0.9038513616337881,0.7386973538372679,0.5469385436587919,0.36368892872988257,0.8739193404024489,0.28295233878533976,0.6239555112166906,0.21288067777125094,0.27447148620405504,0.7556963694386941,0.2873685182326794,0.33284546592914943,0.9447559441665326,0.4834179015029895,0.4481436121983067,0.7684638388880157,0.4506787586197477,0.6129308867745245,0.49919843779600076,0.9033961065427619,0.6286097594727799,0.8736430296643376,0.8926804561553014,0.8957035405929347,0.7165520650391233,0.7953394665545135,0.8843931180334
1223.79694502,0.8873859493272102,0.8993950388150664,0.9033295909423572,0.7389082661347813,0.5465370242408342,0.3686741786048141,0.8754939075581701,0.2861434193626391,0.6243998876696296,0.2132277007222674,0.2765705610215353,0.7616157006752153,0.2870229754801349,0.3346136409845211,0.9433023355520957,0.4852147000615419,0.44986668571360483,0.7686432206582575,0.4517142268056762,0.6129676847371451,0.5002891166926426,0.9041128003839907,0.6293559169093542,0.8692033148668105,0.8940483257692912,0.8970724806044772,0.7213813122269581,0.7919814683915228,0.8841080622839108
1229.190873,0.88745612807926,0.8993550556372786,0.9031376204158329,0.7392060228296886,0.5461016561513135,0.3733550130964091,0.8762065279755421,0.28937158571428245,0.6246622738217896,0.21349448995352954,0.2788015049500209,0.7669129244229167,0.2867471262726216,0.33645288444448507,0.9414040832920328,0.48725908814565355,0.4516519123781184,0.7687758871212365,0.4525899551940921,0.6130641038280268,0.5013887679724257,0.9046017321606564,0.6299273884804314,0.8647986798124728,0.8950432273514084,0.89799918799139,0.726144021331659,0.7886934105086636,0.8839880412091262
1234.58829679,0.8876048044587788,0.8994262554082585,0.9028246477412142,0.7393702796284117,0.5456210108122215,0.3774237596963895,0.876337451319439,0.29250918462897113,0.6248093544100713,0.21393031042940394,0.2810582246524782,0.772257383645562,0.2865413827295471,0.3382626715605647,0.9397244249381439,0.4892941519320041,0.4535008768700787,0.7689013125132077,0.4537004556167572,0.6139793033815387,0.5022939492052912,0.9050364434144592,0.6308777503902065,0.8608362759809034,0.8957296937248277,0.899559937168875,0.7308381529339518,0.7855954098035114,0.8840249907457403
1239.98919257,0.887998101402605,0.8993990043014555,0.9028646909019205,0.7394722489402177,0.5451860840523169,0.3811677028334766,0.8769517294515283,0.29555240168110203,0.6248390951436159,0.21456711439712692,0.28331308939847816,0.7772547823375604,0.2862669180423699,0.3401368646593928,0.938588555225282,0.491266781558558,0.45555517397180784,0.7689363662721351,0.4550758253413193,0.6149445369473464,0.5030809236185003,0.9050909343619558,0.6319480491636005,0.8571726701334574,0.8967397010663555,0.9020070683640633,0.7355763828487444,0.7825213427774198,0.8842432327624105
1245.39353673,0.8883474693388285,0.8994760436516922,0.9032617710184533,0.7395068514468018,0.5446661918953397,0.3847047369963918,0.8779806477853825,0.2986704126866911,0.6248464930985952,0.21505075276107605,0.2856183088209319,0.7820701572919343,0.28603834564317493,0.34187411508599774,0.9384570142196835,0.49347177569567324,0.4574730622922633,0.7687568455476945,0.45654611374226894,0.6153052072703942,0.5038405790657187,0.9051872636009594,0.6327965847768019,0.8531624295765511,0.8974179689429492,0.9043799167638152,0.7403093731954923,0.7797668752668409,0.884517847629368
1250.80130588,0.8884315574167234,0.8992658391854784,0.9040238298677334,0.7394550983935301,0.5443296980122969,0.3880935379495875,0.8788981188788934,0.3017867409445413,0.6246852067703866,0.21543176001343564,0.28808247027427136,0.7864178673081678,0.2858815934661592,0.34350582515481287,0.938977309836325,0.49557815670808786,0.45918555461639,0.7682408812389968,0.4582496707893799,0.6154799418035117,0.504449364164939,0.9054636129222702,0.6334495044108297,0.8482494744742779,0.897825217731485,0.9062510564532034,0.7450380888230198,0.7766595557516005,0.8849177876974235
1256.21247686,0.8887781596936373,0.8990847045286431,0.904836725605717,0.7393142155516126,0.5440396769608752,0.39126051084715785,0.879193553562312,0.3047928083142918,0.6246702498627505,0.21579311265472015,0.29074490969413397,0.7901132679901265,0.28575299252321534,0.34517831373526636,0.9393949840224006,0.4976533444888697,0.46093309437662566,0.7676195789654424,0.4596942521254671,0.6158492641019605,0.5050983424272587,0.905342895496913,0.6333381974636919,0.8414435517623262,0.8980148247083961,0.9079083554290118,0.7496723960911047,0.7740246468080817,0.8851707249865859
1261.62708732,0.8887988054327347,0.8990205539283709,0.9055588885600712,0.7389244183712337,0.5437439840118522,0.39410306699863973,0.8790700619641075,0.3076871915621027,0.6244802991714429,0.21617871293284174,0.29352975353452954,0.7935586606095509,0.28564191504709197,0.34698524836611827,0.939184240548148,0.49959544858949584,0.46295669536726075,0.7671690026760274,0.4609670581744588,0.6163722208178901,0.505716266840754,0.9047156823623838,0.6325698959613152,0.8337811350815761,0.8975157548201427,0.9091335782802118,0.7541201826583201,0.771515019326643,0.8855561222786796
1267.05580532,0.8887036723715229,0.8988454777224832,0.9058602516403446,0.7384317393982728,0.5434065543573062,0.3963718798344514,0.8788938958216249,0.31053888230193316,0.6240187330827032,0.21652507299158494,0.2963435894198201,0.796816735765458,0.28552441763994785,0.3487980023926034,0.9382841796789466,0.5016673994279963,0.46496462354492,0.7665904473214287,0.46188384076042016,0.6162238575733117,0.5060939630255893,0.9035778069382535,0.6306249887325621,0.829314144388691,0.8966534207363227,0.9096485685087617,0.7587772884471603,0.7696321108722503,0.8857294960043128
1272.49861965,0.8886251618413268,0.8984537356019384,0.9057463321452836,0.7377732284162786,0.542968070165433,0.3984042093033856,0.8784102119878665,0.3133486801749791,0.6233865980978075,0.21676910044268105,0.29929743332983316,0.7992983955066326,0.2854749108688883,0.3506736244764843,0.9364110224529627,0.5037684057208636,0.4669580406912069,0.7655183549669633,0.4631350542305187,0.6160970279282558,0.506521510981569,0.9021646499394326,0.6281418509516606,0.8315470702655614,0.8958999293948171,0.9100468620718998,0.7632781731960783,0.7676966098080237,0.8858007561692217
1277.95551888,0.8885092857405165,0.897904092354287,0.9054743827517716,0.7369336225303158,0.5422978680490491,0.40043326343845437,0.8772334673214394,0.31610015895128113,0.6224811694748518,0.21713049569162557,0.3024688889553877,0.8016477150349186,0.2855246416030586,0.3525237679045165,0.9342172989123242,0.5057818083303429,0.46898309099864366,0.7641750208620897,0.46416899133668565,0.6163726407463173,0.5067876276741339,0.9009259601566196,0.6274018691369728,0.8387749382570276,0.8951102199817731,0.910141944163405,0.7678939043432329,0.7655782187671699,0.8857900505708283
1283.42649147,0.8885374061649891,0.8975628554995141,0.9052622111826841,0.736006809142371,0.5417339600494635,0.4022816965759163,0.8751727760727772,0.31887428160268444,0.6213367435553311,0.2175874452698377,0.30578516421490914,0.8039437430585317,0.2856408367989151,0.3544197485214373,0.9316142431216383,0.5080849148622252,0.47097655986640274,0.763975421184555,0.4653768939856237,0.6162336052347069,0.5069572352584609,0.9004880865601647,0.6295117141576616,0.8476956654441891,0.8941216229354405,0.9101219526025058,0.7724191170294634,0.7636636336618969,0.8857029698931347
1288.9115257,0.8889473941893106,0.8975224151872419,0.9049008989621332,0.7354448452234773,0.5409183444270829,0.4039556980783228,0.8723961575590848,0.32173904958510385,0.6202167396615678,0.2181310273892486,0.3092449158995234,0.805931048996095,0.2859026664269401,0.3562430680277415,0.9284431134618827,0.510382317129646,0.4726711619341947,0.7656217953280297,0.46694169640855265,0.6158620234489683,0.5071428559722087,0.899875750742286,0.6317753911258812,0.8557702921944272,0.892545300515289,0.9100323716759895,0.7766851654698511,0.7617810438079357,0.8854102929331623
1294.41060969,0.8892295572812858,0.8972540325671273,0.9046618959390058,0.735354565236017,0.5400188966326122,0.40559628265960723,0.8690478775629252,0.3245003813308798,0.619053306321592,0.21860268148188453,0.3130509916954384,0.8078665237448573,0.2861781433995513,0.35809394884854573,0.924262481209281,0.5123873909958412,0.47438701913103554,0.7674579410101896,0.46867597475251327,0.6156666953375656,0.5072187203103853,0.8977881349666994,0.6321896737417211,0.8607850827734779,0.8907013019656113,0.909494211307901,0.7810823212809199,0.7597295046220316,0.8848177361312816
1299.91690127,0.8893365786096512,0.8966478418306811,0.9043630810460277,0.7354136612099949,0.5389876772680576,0.40694121205713035,0.8657220272461852,0.3271989818358498,0.6174500182900869,0.2189809314403159,0.3171285003277312,0.8096564089801046,0.28649985358980196,0.36005844345641624,0.9200597214637031,0.5145862729696429,0.47616100295086755,0.7682169862061328,0.47018636861599566,0.6152390861992276,0.5072948277007026,0.8958103555036943,0.6326998804632247,0.8627668851183316,0.8884321136791642,0.908600131576218,0.7854553487890332,0.7576491167433228,0.8841484695353744
1305.42577023,0.8890943478637895,0.8960154080969233,0.9046016210868004,0.735486042026425,0.5377090461090763,0.4079858060397091,0.8623165405392255,0.32994113663471825,0.6157719760367301,0.21951054582099586,0.3211568443957491,0.8111292227531373,0.28686799491125625,0.36195293562082287,0.9165200874253794,0.5170100877077562,0.4781359990280308,0.7682074662410766,0.4713579374786594,0.6154352130230437,0.5072681253994913,0.8938418937971505,0.6340181372647069,0.862530481311476,0.8853940068584111,0.9070262563913589,0.790098481990437,0.7554586177710115,0.8831141110977732
1310.93719838,0.888928257559751,0.8957080284249613,0.9045452734716295,0.7357597249176271,0.5362051281871487,0.4088351881215815,0.8579183321489497,0.3326485334502968,0.6139797302075357,0.22028277680341224,0.32529716165580136,0.8125564586696135,0.28729719366639034,0.36385674598302464,0.9134344932786579,0.5192224220800397,0.4800790314090809,0.7676573283721766,0.47242389676812946,0.6157139165237704,0.5070981158969359,0.8909393514639051,0.6349975129925942,0.8601944018841314,0.8817291676311881,0.9052215593937711,0.7943100692575787,0.7531356477005312,0.8817467523291458
1316.45116775,0.8892427324498391,0.8952600881016712,0.9043899626033874,0.7359220202154909,0.534234192874924,0.40980334980121597,0.8520270036374684,0.33537613283808754,0.6117267419951674,0.22093951430270573,0.3296952027054137,0.8138134294443443,0.28777678512417204,0.3658254397496877,0.9109158473834018,0.5211595444669104,0.4819590046386666,0.7667211101866539,0.47380156147702623,0.6152876598446326,0.506710921062561,0.8866367741431003,0.6350711153372153,0.855573400041842,0.8772026251746643,0.9028401154458355,0.7985231976640261,0.7505205389190065,0.8803932033936192
1321.96766053,0.8894065169597908,0.8946019767046316,0.904493943802957,0.7361073527733877,0.5319197301109706,0.4110163059541228,0.8437178008607736,0.3379991914876604,0.6092253130516663,0.22160080487038572,0.3341830261631443,0.8151624260839122,0.28826296493728976,0.367678618497477,0.9081807508231854,0.5232911242500958,0.48372281072227946,0.7655777086108686,0.4752546482026447,0.6149719204119427,0.5061185922000321,0.881469987685651,0.6351482428432943,0.8504025420903697,0.8714329052756736,0.8995538530130361,0.8025603164653773,0.7474880809758853,0.8786866571609981
1327.4866591,0.8892973584518182,0.8937480488724716,0.9044179822052189,0.7360343487695886,0.5293166493453363,0.41229304818704354,0.8326378913986665,0.34058071373519,0.6063118469353886,0.22233154249151085,0.3388061108951824,0.8162119237390815,0.28869646490663337,0.3695008977123346,0.905630069009737,0.5255859452995613,0.4853951394381207,0.7642759211573578,0.47636772022310836,0.6148981366905474,0.5056129430072173,0.8757211032100238,0.6356446220970514,0.8456015254815185,0.8639505620141024,0.8954452330240471,0.8067761605972412,0.7439777682253357,0.876774224686796
1333.01349556,0.8890758270522496,0.892752697258206,0.9044773583315598,0.7360180456367748,0.5263903300819118,0.4131926352668011,0.8192731780154646,0.3431464096572493,0.603368430485605,0.22333707364872826,0.34393780568401805,0.817002518195932,0.2891049684085569,0.3713450487016934,0.9032273396883247,0.5279057088497178,0.4871444560281012,0.762060096605217,0.4772510165120059,0.6149935345344469,0.5051348269806447,0.8700128141875593,0.6360099056529598,0.839202882370861,0.8551116869824434,0.8908331744476048,0.8109455480788833,0.7396753931059072,0.8747179477253172
1338.5688161,0.8887686634584973,0.8919966482998088,0.9044650234778325,0.7361178597651036,0.5231090225316766,0.41397093456762096,0.8054675675077071,0.3457379713719966,0.6001580407575043,0.22458737192266218,0.34926811212326064,0.8173951746340815,0.28958847896232154,0.37314144529198595,0.9002673357431175,0.5298687621965465,0.48894938443036834,0.7589952591315091,0.47793467716616667,0.6149806592006681,0.5047048446653826,0.8641680354301446,0.6359132286214764,0.8339051257853047,0.8467609640540373,0.8854622312925149,0.814856291440944,0.7344925604683249,0.8725479536275764
1344.15282419,0.8884390165988686,0.8907382033175575,0.9041524127337861,0.735936545986819,0.5197212936050468,0.4149163876702759,0.7931126841467505,0.34815313584774715,0.5963788538442959,0.2256509276685668,0.3546884137019614,0.8179694696801681,0.29017433863413805,0.3748581034389103,0.8957935668270155,0.5313495910464552,0.4905652689101775,0.7542563726356393,0.4783689677167265,0.6148662003019024,0.5042504742656634,0.8579387137126852,0.6353216779539642,0.8317572651382521,0.8407009114023879,0.8798105599926571,0.8182836569214887,0.7285610360792317,0.8704142428007153
1349.76572543,0.8875281725944114,0.8893562680959219,0.9039681711580153,0.7356758946608853,0.5162181272878256,0.4162235320888758,0.7824633936272697,0.3504761237426111,0.5919892536399302,0.2266572346834996,0.3599674711184885,0.8186058511523615,0.2907858536927551,0.3762250860704306,0.8888015896391902,0.5328010209178848,0.49204216202037987,0.7470440339656401,0.47851833545799644,0.6142956491546057,0.5037089244477844,0.8508860888076115,0.6341590383273399,0.830887617951656,0.8374998095126738,0.873748372639581,0.8214788294769557,0.7221494496799895,0.8679926395263432
1355.4077275,0.8863663399520412,0.8878018822282044,0.9034418221199931,0.7355680178062425,0.5121112060530251,0.41778555921210664,0.7736013011945952,0.352685401988344,0.5873888476470847,0.22777470975780512,0.36546673832368154,0.8190538454155797,0.2914322827027636,0.37739204595220893,0.8798751678058041,0.5344582448980352,0.4934496706388728,0.738233424672299,0.47809680026389056,0.6135844815581625,0.5031731500389666,0.8429625567039012,0.6321899523511935,0.8304273672180474,0.8352299125000854,0.8673590544952727,0.8248654454430803,0.7157710247203128,0.8655308002242736
1361.07904029,0.8855426570086345,0.8858548991929245,0.9036085283439378,0.7351265830556867,0.5065942063303946,0.4192977221586178,0.7667428986310865,0.35485336691495967,0.5831349085587935,0.22933206058864813,0.3712737235324301,0.819561078607648,0.29211238151128294,0.37866247756886895,0.8726785646463349,0.5366133424761835,0.49434656477237526,0.730602096002577,0.47707580493742363,0.6114573286282812,0.5019990316650416,0.8345187314922484,0.6287462875207713,0.8310431710699188,0.8322402839650628,0.8615049264654551,0.8286063915039129,0.7097400050751663,0.8628175752906653
1366.77987583,0.8856594482692643,0.8836743781001549,0.9036312384682446,0.7344773223215357,0.49892858678375906,0.4205464968742401,0.7604558319978584,0.3574013149172382,0.5786818201246581,0.23109291884244518,0.37754763594703755,0.8191518041143416,0.29291496824283253,0.37977242776587977,0.8660072405537984,0.538731618792574,0.49500663475091283,0.7218386119429268,0.475841041225007,0.608186723331453,0.4999224273072865,0.8238138843923113,0.6232265991479498,0.8324645471972669,0.8269338066440876,0.8561645409676373,0.8325813421521928,0.7038486663900674,0.8600015450982968
1372.46681289,0.8860911519931755,0.8812997726931909,0.903386081358841,0.734157974124339,0.4897644615919479,0.4215250581781199,0.7532922774528902,0.35990742572472034,0.5737948053983765,0.23300009226541105,0.3839328685812372,0.8180669200886745,0.2939300982484128,0.38053397806570555,0.8559464321812379,0.5403383207955622,0.4945143992765286,0.7036084194089202,0.4729680684048505,0.6050276036544044,0.49710821833047725,0.8072021156855076,0.6127415692550539,0.8319862195671566,0.8185609477629759,0.8511208489629817,0.836212322733414,0.6976561340035241,0.85667589364299
1378.13342967,0.8863643319174735,0.878277936070359,0.9033475009037136,0.7340701405501577,0.47975264096649767,0.4220345037248229,0.7429478728446356,0.36225943103020053,0.5686248438394621,0.2348332805175538,0.39032961164471663,0.8158963846145896,0.29482183029304,0.38026412790266295,0.8407254762371722,0.5413839692362641,0.49325413126274786,0.6692461073758519,0.46462666670044905,0.6008630903228178,0.4936567513466282,0.7798404065990084,0.5899210478622784,0.82878818057678,0.8064492409198519,0.8463780452739428,0.8394465976003646,0.6906182170629991,0.8526427703568598
1383.78010777,0.8864496056231327,0.873832077789966,0.9030029339369419,0.7333587642436654,0.46810922374663577,0.4228565801842394,0.7280347925506679,0.3645813447854568,0.5628682497719854,0.2369071790391578,0.396738111606766,0.8142256868618358,0.2956303468993401,0.37753127087780275,0.8225192627030015,0.5426077719179079,0.4905568470526194,0.6370314637777696,0.4527127868936736,0.593189037713857,0.4879968709422331,0.7355392684337211,0.544537200027756,0.8232956824573436,0.7904657088718071,0.842139588197304,0.8433246063883023,0.682063895041679,0.8476641931893083
1389.40721715,0.8865930961617297,0.8696554079434468,0.901835800361395,0.7330246501567945,0.45493465975066916,0.42410186454971893,0.7084936991556461,0.3669675915920201,0.5555692442389917,0.2387166899428304,0.40306366231089236,0.8139770897252296,0.2965274638073175,0.37331576275036654,0.8048259294032388,0.5425237817439906,0.4848783051745754,0.622451724261699,0.4453630026231839,0.5838864412575211,0.47951669674469755,0.6873267818283879,0.48953849006077244,0.8157005516838636,0.7730553068548306,0.8380421406662956,0.8465594294308808,0.671798708926243,0.8415379542965132
1395.0151167,0.8865285759746194,0.8657963205456052,0.9010245410813503,0.7329137609503407,0.44060084310528586,0.42550622019567036,0.6839121737907582,0.3691866400424934,0.548140524028548,0.240287249896628,0.4093129675140419,0.8140599584722968,0.29733848552292264,0.3740819786275254,0.7918732247172904,0.5404460466317064,0.47364820166154564,0.6265687895342652,0.44596412191600593,0.5735218269224747,0.46867707489721083,0.6747231769802816,0.4802873673735806,0.8054589122826213,0.7580495414247695,0.8323732295142544,0.8486214635104052,0.6598081602740833,0.8335747262091264
1400.60415467,0.8869409042481348,0.8616016857859321,0.8999679280198071,0.7322162073556702,0.4268415258824463,0.42702995740817923,0.652617457092831,0.3714300202645602,0.5430300518705944,0.241993099555547,0.4160774874539637,0.8140539212010584,0.29827797277800283,0.3785886842880426,0.7883878591149293,0.5381086728511633,0.4547258492329613,0.6413282986128956,0.45333897586555744,0.561605585727485,0.45585649178473203,0.6775665843780337,0.5263382736403437,0.7912076027546416,0.7446262635449412,0.8237666067587962,0.8505933713650554,0.6453456234414764,0.8238841094825264
1406.19775036,0.8873784625344545,0.8568990256026194,0.8992523136663907,0.7311747972460179,0.4163835025851931,0.42871088860539885,0.6124047357213773,0.3737792755914023,0.5393482485671224,0.2441597722669921,0.423366162798429,0.8135485543989875,0.2992297386691518,0.3823101690444057,0.7877025854576533,0.5363034245995351,0.43396542135975213,0.6538353203631165,0.4621452163422508,0.5501484774462584,0.4435447373624999,0.671416588065714,0.5690079417072652,0.7714271972265097,0.7289406080998694,0.8119978396229397,0.8532649620630961,0.6287713106305717,0.8126017879888242
1411.81328293,0.8874395081113815,0.8529003272740862,0.8993360155067807,0.7302558104576029,0.4108082464701509,0.4300052459379172,0.5660986496264381,0.37620823555726446,0.5350187850008652,0.24657286246987703,0.4305751795144391,0.8136059110303641,0.3003307173728348,0.3848714860163456,0.7813191751879485,0.5354804828734824,0.4279943646802176,0.6615531918454546,0.4697376495823397,0.5435501792134695,0.4341275391408775,0.6642831706773128,0.5900967082096479,0.744076376449761,0.7098270798977838,0.7973079972449071,0.855493002102583,0.6108495766841542,0.800072439784711
1417.45083527,0.8877702874816297,0.8495839201995473,0.8989732475719606,0.7292019315850803,0.40934097228753075,0.430796630807289,0.5254349979179108,0.37832281822674857,0.5298271162277471,0.24894504422605443,0.43778910792389275,0.8144666732036442,0.30141176834088934,0.38716576508124567,0.790456693459373,0.5366780927815826,0.44327502404170305,0.6649906385961086,0.4757221035393905,0.5450838772039499,0.42854131780245014,0.6641539548596894,0.5996890359005821,0.7041054616937753,0.6907439815058504,0.7798476458695345,0.8569345766657747,0.5929227451604027,0.7878172962891326
1423.11049053,0.8887013165523998,0.8464818898061424,0.8985322397597193,0.7278492676160236,0.4103148653739871,0.43167393449221675,0.5050217753405172,0.3803273190206254,0.5244669985369506,0.2513044378617071,0.44509462177430137,0.8152724694927391,0.30239260288866904,0.38899859832161077,0.8267608795098775,0.5406084855762828,0.4656944671735947,0.6663446572906448,0.48014808158668165,0.5536571134355854,0.42625206689834433,0.6710434476593328,0.605384230550247,0.6542949455983724,0.6763590290455963,0.7611886656243251,0.8578099825866137,0.5760570014690888,0.7769771148218598
1428.79233216,0.8893356267075263,0.8436496491515746,0.8981028969405815,0.7261983011679123,0.41226865649781647,0.4325197426996345,0.5116502703034895,0.3823992027514833,0.5188456139121684,0.25377558554788815,0.452481432048463,0.8155606581665126,0.30344594804141,0.3903433573082106,0.8583694523759159,0.5461007399698976,0.48276113902749296,0.667542073154713,0.4837083109915594,0.5640769277691139,0.42607979176486027,0.681522192618644,0.609814439411496,0.6311971329998924,0.6708440457628232,0.742685038831225,0.8583895238684893,0.5610928015542379,0.7680634702434753
1434.4964439,0.8895258255300672,0.841058853448731,0.8970443782607805,0.724309192782469,0.4145209066677734,0.43335173448012543,0.5381005537427979,0.38441051045592545,0.5128308306651633,0.256393071013108,0.4601831357617386,0.8155648558893261,0.3044736113035521,0.39165645006939387,0.8785603635684247,0.5516474281727092,0.49317421450792165,0.6688165322307278,0.4867632109060527,0.5732774128717657,0.42900175903057025,0.6926720932931635,0.6136529131292661,0.6424863173088086,0.674632829413345,0.7226283643085882,0.8583161705555751,0.5478383964623816,0.7620649862647327
1440.21938683,0.8897440809879009,0.8384406102313677,0.8962579220380313,0.7230941309169759,0.4166353153042809,0.43425768226564204,0.5719440523164202,0.38648015180360884,0.5062576657595633,0.25906866319048283,0.46779503070939243,0.8165505855510011,0.3054405607867693,0.3932249499863089,0.8907120821245984,0.5560698311253547,0.5001469996036088,0.6704116721074364,0.4895398667752247,0.5806726578178316,0.4364145295159403,0.7026736463749067,0.6174801203729262,0.6588655974551606,0.6850078592956043,0.7002981990973158,0.8569506623615945,0.5360672988430321,0.7587698713064814
1445.9515979,0.8899174963755272,0.835957576285796,0.8957563906060364,0.721744501543309,0.4184310491203874,0.43485106926737577,0.6035967484899551,0.38839977973516504,0.49946804877556145,0.2618437672419641,0.4751745608538358,0.8171321723321721,0.3064827088949139,0.39497157752098494,0.8977688156960819,0.559577062566941,0.5053891274290834,0.6720717146341475,0.49196398873418185,0.5857632234688378,0.4467821312323562,0.7106708482029841,0.6216409948441722,0.6600272025320215,0.6981505202658853,0.6837066526407227,0.8543167792287705,0.5253973738544809,0.7582931518006273
1451.69304835,0.8900094782775411,0.8335879911056285,0.8957520853723102,0.7189830670724235,0.4197423595886267,0.43540890100215485,0.6272629818718272,0.39043352652928354,0.4927160105207087,0.26454166636499926,0.4825509463451892,0.8172704715098728,0.30749642262115584,0.39717314282846267,0.9025181378879289,0.5626999686224924,0.5093033037327123,0.6737751504897808,0.4940997405847517,0.588740071712909,0.4553999254140387,0.7165611954519905,0.6254397539112846,0.6484163661760138,0.7123156154171812,0.6824405440093084,0.8492512644468637,0.5157576662642139,0.7596510082504567
1457.44370948,0.890165052229756,0.8315182026286695,0.89567016205529,0.7149948655355601,0.4208269941218081,0.43591338287495673,0.6399153930541056,0.39231180930315035,0.4859020549928062,0.26742331592334784,0.49001474346589025,0.818124623587901,0.3085179346466748,0.3993806652093198,0.906711461183479,0.565697432850662,0.5121446504989474,0.6752760002289023,0.4958042491221159,0.5904583808837546,0.4607621520644974,0.7206494786231589,0.6284746031353935,0.6332082571453955,0.7247411871975985,0.6919692876064623,0.8408363471937785,0.5071483311201109,0.7617352364675156
1463.20355265,0.8902393473534529,0.8297627437760905,0.8959661840420875,0.7085594484952855,0.4226236455143292,0.436422971478308,0.644447951578313,0.394055830746613,0.47875735362967575,0.27037392287218825,0.49755110658221724,0.8195284521314724,0.309448215522065,0.40147498089350897,0.9098601238113204,0.5682568932617821,0.5145539398668444,0.6769297457209915,0.4973519546827201,0.5925915669853552,0.4642976715922186,0.7248003627691018,0.6307758348330311,0.618078543818959,0.7325475360735019,0.7015942387496347,0.8289612359530487,0.49937450960447144,0.764153475842172
1468.97254925,0.8905904575501371,0.8281138649389695,0.8966034451688081,0.6981908543355461,0.42561344951568636,0.43677840853520067,0.6533136208829651,0.39582254167524644,0.47171545092108497,0.2731822135485928,0.5053800140245047,0.8203915761855491,0.3103854252615018,0.40353715586640965,0.9123388802710097,0.5707818969143188,0.5168538131554605,0.6787057669478277,0.4985953039836806,0.5952635926316783,0.4679048855597326,0.7314296482037165,0.6328799764549657,0.5955722477662954,0.7356141074455016,0.7081671722998129,0.8155613907679493,0.4924352907922145,0.7666776252539296
1474.75040717,0.89130849950777,0.8265111231972255,0.897303695818085,0.6850542256170142,0.4294531316194103,0.436566239291453,0.6750792449841191,0.39755319366632014,0.4647174084911939,0.2761684144871604,0.5133135581028416,0.8214260155305237,0.31137714948768264,0.4053642301545539,0.9150175927622956,0.5734247193283101,0.5192469555829279,0.6807780078099809,0.49984760463419275,0.5991045908771895,0.47187989622737303,0.740898398485231,0.6352897440681237,0.568107483486351,0.7373907882060853,0.7119389810002451,0.8045377656850458,0.48668274786694526,0.7696308722109165
1480.53455271,0.8913914712414763,0.8251168803535442,0.8981708456875477,0.6793932227855617,0.43349220006545147,0.4359221032876329,0.7023580431065772,0.3993471655552659,0.4575407016172599,0.2791639182281098,0.5211355625129979,0.8226416224224781,0.3124389732029685,0.40719308922725667,0.9171967724959031,0.5759701811519877,0.5213858964705342,0.6831806696654139,0.5015048145945205,0.6028074563473145,0.4759232474411797,0.7513844080263298,0.6378054761058137,0.5734420459065755,0.7434496951648399,0.7132116664550701,0.8024758947933879,0.4820217590071696,0.7734112238124728
1486.32495713,0.8913776358664649,0.8237060160910799,0.8995490848524176,0.6881429192308912,0.4374896159043661,0.4352826381893016,0.7273574038279591,0.40090983678981884,0.45035748947671295,0.2822467043149266,0.5289203763375588,0.824239793055171,0.31356907308689735,0.40875024046803327,0.9189484253312762,0.5781543953117778,0.5231845644603496,0.685537830811335,0.5030371390606888,0.6058390117598759,0.47953744533678716,0.7611100793312753,0.6402902758119199,0.6184278867251695,0.753361297321085,0.7124291703203791,0.81281339710848,0.4779656392173955,0.7774645013791822
1492.12159183,0.8918515962464708,0.8224742472863299,0.9004133487259874,0.7030199224342529,0.44132805611707354,0.43413026621288664,0.7486661180580904,0.40258523537059576,0.44324132675985023,0.28544987779499625,0.5365755216622499,0.8253577023945329,0.31464068112250954,0.4101742982403934,0.920164873865064,0.5803616752604797,0.5246492041212255,0.6878701654995459,0.5044106912049916,0.6086280287798383,0.4827896656603399,0.7697704377016167,0.6419495747854477,0.658307026500451,0.7632859555117745,0.7129895988578178,0.8272732277016075,0.47382415326833227,0.7819501263374558
1497.92442836,0.8922394456239738,0.8214890694563347,0.9007063184759085,0.7141175964611062,0.44499294001959566,0.43228699348288674,0.7660909848223635,0.40435608438945475,0.4361408452179836,0.28881645286821866,0.5440431390316582,0.8252932397438001,0.31551591909406684,0.4115139351239065,0.9208752347803145,0.5826609201666061,0.5256636680398314,0.6903758210480627,0.5056314674886347,0.6109734105447925,0.4856256548688273,0.7775875288316827,0.643359932786756,0.683577906250807,0.7726088216788648,0.7193048703055366,0.8366602865322877,0.46951671203640655,0.7864200273419439
1503.73343845,0.8924849180313148,0.8203729399233535,0.9011683008545572,0.7203982576997908,0.4483562121128394,0.42993679988460215,0.7798575453093342,0.40607474078254474,0.42884836158989265,0.2922012804846925,0.5512400610964652,0.8251523159694413,0.3164153378323891,0.412566063617386,0.9222427426944617,0.5848069875164522,0.5263299401873631,0.6928842021118791,0.5067768938625056,0.6131220658158394,0.4882575599042409,0.7845281775300913,0.6446613757116657,0.7035780536621578,0.7814039761032525,0.7299358229962817,0.8412092850072265,0.46483887657131795,0.7906405644046212
1509.54899004,0.8926345390365291,0.8194720453596183,0.9016118955570122,0.7242555954129254,0.4514020535293135,0.4273760365225444,0.7914419590928434,0.4076581549175699,0.42163234297569413,0.2955316299429165,0.5583074185893063,0.8253985069372721,0.31740636374666464,0.4136556040258009,0.9241250217197922,0.5870936753007124,0.5273696734767336,0.6956492337295406,0.5079322874124503,0.6153567031348465,0.4905583954162361,0.7908136141310192,0.6456050900655383,0.7224595243664743,0.7889914431785777,0.7397031180263994,0.8436904833276738,0.45968134442339603,0.794619165686786
1515.38336105,0.8927421103867688,0.8188846699561863,0.9019153161582305,0.7269918142771896,0.4542587231012796,0.4247707645940537,0.8016606548521945,0.40918979634462077,0.4145392331229979,0.29904015647629384,0.5655329519484329,0.8264850864278103,0.31825619035707814,0.4150096400071378,0.9253655738345488,0.5891706780145385,0.528113493435054,0.6986137432287024,0.5090460729326942,0.616854632315554,0.49272180173462754,0.796543082531602,0.6464155843877248,0.7375422048631898,0.794444678625223,0.7458051302951111,0.8442867663258788,0.45424202855684626,0.7981902864281395
1521.23658861,0.8929093061458402,0.8185892489970419,0.9020379758693561,0.7290481798567872,0.45681240501780285,0.4220360634332972,0.8112256146935006,0.4107431208387642,0.40729303831838787,0.3025072245243641,0.572539889054874,0.8274965587706278,0.31919965262308286,0.4161658770955162,0.926140932405586,0.5910230303490832,0.528757639840712,0.7015322895381013,0.5099174379877893,0.6184848644708005,0.4946478673209273,0.8017952665110697,0.6469016233251927,0.7480396203900992,0.7981079030445414,0.7483368759435124,0.8436530266925043,0.4483184778099642,0.8013113104617449
1527.10870977,0.8929847497048954,0.8182464151799856,0.9028322795507182,0.7305070502638926,0.45920260342015934,0.41906705908714875,0.8196778572933695,0.4120275428151782,0.40023954560760044,0.3058930811145838,0.5796010915014218,0.8282253281565506,0.32014263693195877,0.41734416971494037,0.9268951742450399,0.5926128349175426,0.5291345474190792,0.7044358229213902,0.5107404439832675,0.620106094252823,0.4964008944423532,0.8067489187657948,0.6466594780235888,0.755234849297031,0.8001728372757025,0.7484636116944399,0.8429144526560063,0.4421319458257108,0.8039969906212805
1532.99976154,0.8931040783806985,0.8180587245863591,0.9040341418992716,0.7315905347569652,0.46130256204421505,0.416131454029082,0.8268842186969353,0.41326755266321574,0.39312256937926554,0.3094285202771619,0.5866504242721172,0.8286662365083457,0.32093544316105255,0.4185166786236788,0.9279609755432814,0.5945172600482413,0.5295028296084879,0.7069707354966096,0.5115793827842174,0.6213393569806057,0.49786874495556516,0.8115102552129028,0.6461013720584305,0.7602156657134825,0.8014868660191593,0.7480664867705294,0.8421255961761996,0.4358389303628409,0.8064742247330784
1538.90978084,0.8932772228687215,0.8180154322844315,0.9050302839003851,0.7321442738859787,0.46324144933272543,0.41402770709773595,0.8327434962103137,0.414533771748604,0.3860059580688333,0.31294938187065674,0.5935260495025884,0.8296458265829741,0.32170879267192776,0.4198041773035028,0.9287890280261231,0.5969479892822636,0.5302300242623502,0.7091849435085672,0.5124124941853211,0.6227265550387299,0.49941469064417204,0.816090001392687,0.6464944630252433,0.7644818387132123,0.8036419755847769,0.7496449760085954,0.8418294263229784,0.42962781306324743,0.8086650046879545
1544.8387776,0.8934757101651163,0.8182452079783197,0.9052617686673575,0.7326277885411601,0.46500372516133975,0.4148354545033685,0.8381964536413563,0.41581798979313067,0.3791527845215754,0.3164017779977367,0.6002012879886431,0.8306246745267937,0.32259161973923767,0.4211858045256493,0.929825120045629,0.5988546717852197,0.5319075395435644,0.7107926278189505,0.5133143017668811,0.6239296160061025,0.5006933328519309,0.8205888558446983,0.6484150601032502,0.7675318876041638,0.8071136436008991,0.755483784007997,0.8420662973070424,0.42454767462329696,0.8105249798235357
1550.78660554,0.8934976717376669,0.8187639827190107,0.905684683714071,0.7332693147031217,0.46654027142614773,0.41866075844452566,0.8433585662064588,0.4169778922010401,0.3722497633382658,0.3198305899658332,0.6066717623095995,0.8309849107711977,0.3231953107792788,0.42267538196945514,0.9304547616009657,0.6005776129572711,0.5337744596376771,0.7120150762056155,0.5142150505764881,0.6244365928959369,0.5019419308574373,0.8244162792420741,0.6508831300034061,0.7695446400004282,0.8121996992530081,0.7653767388977347,0.8430844429086344,0.42186588048379625,0.8123173662838559
1556.75329898,0.8936602466602375,0.819369229378672,0.9060668540811515,0.73391929996849,0.46788505159283583,0.4243992001728503,0.8477649682830481,0.4180056271281333,0.36542183374057324,0.32314626505532373,0.6131424664461698,0.8314402278706532,0.32384118340370366,0.4241773824008391,0.9305972747134383,0.6021380356521857,0.5356760472825322,0.7124880911017417,0.5151188536787396,0.624937740798479,0.5031392308450898,0.8279230664008657,0.6527388308126957,0.7709055025672055,0.8175887912545216,0.7772487099107213,0.8446857405491767,0.421297462097643,0.813862003978687
1562.73889214,0.8939598958756525,0.8199274209265588,0.9067170718898006,0.7344328065976361,0.4690291515822272,0.4305966814116927,0.8514595567818088,0.41919455650066545,0.35863276345168044,0.3262856529740031,0.6193989390662162,0.8320998825211099,0.32452447039415294,0.4254828083656797,0.9309176951620143,0.6038519923748197,0.5371065521462541,0.7127847615482923,0.5160838965384231,0.6259715888257467,0.5042961504532433,0.8314039923454111,0.6540442170225281,0.7717917486266208,0.8225592157964742,0.7883146954854873,0.8473978735203134,0.42134031203924277,0.8154053671081577
1568.7434192,0.8938400778617713,0.8205838861842948,0.9064486674010198,0.7348785558368335,0.4699847403203868,0.43640787542712234,0.8547490086178572,0.42026312743951927,0.35200252908446983,0.3293609479446003,0.6255830395662285,0.8322790527421201,0.32508626213686326,0.4269705422698222,0.9315793206848786,0.6055170687852703,0.5385092353259847,0.713303170352268,0.5170994987346935,0.6272351391235267,0.5055917425364416,0.8345781214138809,0.655135145294539,0.7717903374147612,0.8267173573881319,0.7976219851501503,0.8503351299363131,0.4210340069465379,0.8166812809823386
1574.76691423,0.8939297960072228,0.8215152075611528,0.9061164418184856,0.735082534527747,0.47080963557655026,0.4417524010840424,0.857814836797273,0.4213699299463133,0.3453439504559693,0.33267908505742894,0.6315271342795923,0.832198364523883,0.32560778765537535,0.4284754183080687,0.9319226284628498,0.6072570489491589,0.5401877992194207,0.713784084113701,0.5179126867778063,0.6286012374710443,0.5066816904667121,0.8370017940561546,0.656139268290677,0.7715540103766977,0.8305338048591627,0.8055582507698525,0.8534153417299856,0.42010635588590745,0.8178768660347893
1580.80672696,0.8939606932659718,0.8220995062622581,0.9062639566891101,0.7352361271152593,0.47142946306278843,0.4469153027329241,0.8611384040469954,0.4224171163177437,0.33875156206992063,0.3358801198393488,0.6373993570000586,0.8323638024518821,0.3261598069664076,0.4300871658280409,0.9323629206641071,0.6091965680083394,0.5420148938315609,0.7143568002153269,0.5185661584147252,0.629156062317295,0.5076177106415992,0.8393738400618486,0.6570855971486463,0.7709622335663838,0.8334946142446176,0.8130464006271326,0.8561700030447787,0.41854439573090746,0.8189029390067337
1586.85843732,0.8940877486551511,0.822476185997884,0.9066870190010317,0.7353344342000827,0.4719471116422132,0.45189749877967916,0.8644203603103692,0.42335566363459154,0.33239079325619586,0.3392072678111567,0.6430079252106972,0.8326676659177799,0.3266518517453324,0.43174387768564654,0.9323101484665105,0.6109536672716421,0.5439382382974164,0.7147567521187461,0.5192217281269679,0.6298035652449683,0.5085272623837422,0.8416884926001209,0.6577385685110297,0.7702846154575278,0.8357023285300946,0.8199052838639226,0.8590038356764366,0.41631247320366277,0.8200189195909483
1592.92202448,0.8945600138822262,0.8227504421336829,0.9069325512224427,0.7355582749783202,0.4723433171916188,0.45657304045276886,0.8669311826896716,0.4241775361437244,0.3261632706271363,0.3425661263331671,0.648263656431837,0.8326237392671195,0.32720647833863564,0.4332336156044039,0.9325148894053231,0.6125765779593566,0.5456871331710713,0.7152113097482639,0.519715244751072,0.6306565351062978,0.509313172011787,0.8441293964205474,0.6583240707009469,0.7695702582528751,0.8379564087753932,0.8261661544944988,0.8615954577294509,0.4138782455085906,0.8209062601371548
1598.99746754,0.8955450983760653,0.8230483751443698,0.9062856879252468,0.7352490096738877,0.4726041551645084,0.4609294798114598,0.8682447344379086,0.4249087506573985,0.3198881671359543,0.34584732289453834,0.6534114257615352,0.832573292656609,0.3278531506444144,0.43482526083499545,0.9329555418784673,0.6139293400186023,0.5472971683852501,0.7155565259616699,0.5204953138265349,0.6318950333872528,0.5102068421266601,0.8460166327435208,0.6591753502586537,0.7686797660594794,0.840735389237269,0.8325192131496515,0.8640674097025166,0.411484499692593,0.8218775703574696
1605.08474557,0.8958011329515813,0.8234235225419241,0.9058445924713576,0.7352641843993347,0.47273027185904387,0.4650120804536424,0.8698515974788563,0.42564546280068477,0.3136739814098278,0.348951031570128,0.6584833397527312,0.832661665687048,0.3285028568442833,0.4363486284244877,0.933244352896048,0.6154284645162821,0.5486659007837483,0.7156103074576635,0.5211547233443172,0.6327220613571123,0.5110018667598301,0.8475924606665126,0.6601338863724798,0.7672081908849121,0.8430727912303729,0.8388520722772294,0.8663499458770398,0.409243537425713,0.8226884430147771
1611.18383758,0.8956068210841406,0.8236354951679011,0.9060817798801972,0.7356758680603751,0.472823281654076,0.46885640632139286,0.8716105694104876,0.4264459599363161,0.30765002593903557,0.35213013753212735,0.6634703010727617,0.833065793481831,0.3291125549771858,0.437714447272414,0.9332556149507414,0.6173106018452522,0.5503863262953984,0.7155273579799724,0.5219915835043116,0.6332389376203026,0.5117101935099576,0.8487586851386595,0.660901688128945,0.7663556976562053,0.8446307639357055,0.8450407025307637,0.8682106683223797,0.40751296078262145,0.8235356530926915
1617.31109985,0.8955763724803011,0.8240228917244711,0.9066091325259855,0.735791477992234,0.47271636907737136,0.47240794050941587,0.8734453100580951,0.42688452010429007,0.3019670558733657,0.35536060029222505,0.6679734866664874,0.8331601836787434,0.3295675079472471,0.4390660074232562,0.9326537855657654,0.6188199814284051,0.5521625512260186,0.7154602134444487,0.522542382652697,0.6334645600998009,0.5123305518648116,0.8501155099368817,0.661516640870167,0.7658018320343142,0.8460173768219384,0.8507107130106083,0.8697422880900478,0.4065170649154703,0.8242542952120611
1623.47024896,0.8957514441435711,0.8237116782982798,0.9070327740228548,0.7356755780288937,0.4726423659757725,0.4758652899342446,0.8748356786366097,0.4270589390123218,0.2963473883865044,0.35856964797215934,0.6723626535068595,0.8329185803340926,0.32985066253660394,0.44044621806212736,0.9317864080402476,0.6200783758168249,0.5537425792318244,0.7150340192659649,0.5230293857257476,0.6332681366464111,0.5128523396895855,0.8513466678674352,0.6621031627420598,0.7650608956509731,0.8475030089195931,0.8555204631216919,0.8711460895160651,0.4061767872079414,0.8248857310895361
1629.66154068,0.8958226777066255,0.8235743856221918,0.9068879592702661,0.7357653288493433,0.4724067837818293,0.4795007341852754,0.8755633033894271,0.4273483344789814,0.29099105707812556,0.36158800224145893,0.6765481839686238,0.832628553635676,0.3300332963229539,0.44187217317885724,0.9312441118942841,0.621496131491731,0.555256836994348,0.7145973341083327,0.5237008966197654,0.6333349407618749,0.5133362409782105,0.8524706265213856,0.6626105109128424,0.7640254297565234,0.8486165113456406,0.8599666581735285,0.8721642831622112,0.4064178367180985,0.8255151719899274
1635.88523392,0.8964013915176615,0.8228643040406022,0.9064556726783823,0.7358281002065581,0.47209731485640916,0.4830342366041991,0.8758970568078855,0.42760186620880924,0.2858566618411781,0.364766244854381,0.6807354917727663,0.832563895875661,0.330253584538773,0.44337525054582694,0.9308605064184705,0.6231631749094633,0.5565480951226611,0.7144794861550772,0.5243097581720296,0.6338171812542618,0.5139582296497703,0.8537325704427663,0.6631260586126894,0.7629205944692878,0.8493655437226161,0.8644175788063567,0.8729954322158617,0.40744985449792875,0.8258965485383614
1642.14159076,0.8969264770021318,0.8221190363397188,0.9059485096691211,0.7359754992628121,0.47152123767145765,0.4866442723160434,0.8758090271389588,0.42811424445964436,0.2808862045333472,0.367775119285322,0.6846705861003608,0.8326263275143512,0.33047616967232324,0.4448803484695077,0.9308216399782527,0.6246623805948022,0.5576352155551303,0.7141825102973866,0.525003106001786,0.6341929437388014,0.5146312913869383,0.8546690609094594,0.6636276652269709,0.7616042848025522,0.8497047978034816,0.868099820719092,0.8741958253891844,0.4090677964066408,0.826205892072862
1648.57498892,0.8969736576293279,0.8214308706478387,0.9055806119997437,0.7359810264133453,0.4709721141518768,0.49032275258058333,0.8752842570986681,0.42842798810616367,0.2760569992556708,0.37075311744206707,0.6883470282506183,0.832725864981782,0.33074380634495143,0.44619136023290107,0.9304029360679728,0.6259060318477786,0.5588691119113843,0.7140344110672618,0.5255372103079976,0.634589447425933,0.5150722933745512,0.8549998786867782,0.6641719949525586,0.7595783556558512,0.8492566636966863,0.8709844444889333,0.8741987858756545,0.4106019193400848,0.8265204253994262
1655.33520858,0.896763158851128,0.8206117890092756,0.905836013778172,0.7359888882977241,0.4700482672353005,0.4941441742363109,0.8743592760865694,0.42860504257991566,0.2712354059692704,0.3741138748708405,0.6920382965589235,0.8325673500666155,0.3310797410251152,0.44765828507372,0.9301306442080276,0.6266818315224839,0.5600291890343707,0.7139281499056809,0.5259816442964407,0.635201739913382,0.515602373404864,0.8546210135696608,0.6647343798087275,0.7567655848000155,0.8481484825718825,0.8728802481823812,0.8740378363949097,0.4113193554242985,0.8264698656275935
1662.47344048,0.8956709832868452,0.8085279049297664,0.8880153222208634,0.7364375024029648,0.45848041931855743,0.5041192844230232,0.866739796218584,0.42641707072593826,0.2628455619613515,0.3821256684326887,0.6834826474824786,0.8262635065221415,0.33860048450672914,0.44886090106838217,0.9248700970660506,0.6307476889171728,0.5553177701085784,0.7062638811978617,0.5288642039569836,0.6418327069197808,0.5190474245195399,0.8385814559521774,0.6704802973289538,0.7686289503545526,0.8468269617891363,0.8669693759388291,0.8885861330811637,0.4183188733450788,0.8323784643032205
1670.05561049,0.8999241330029156,0.8456208747136181,0.9348321441278508,0.7434425311471266,0.47116861768428014,0.499667831054759,0.8537723613864786,0.4386239610563268,0.2606075695186565,0.3766480977211263,0.702187173571507,0.8259388084833229,0.3398315274200683,0.4601296989582542,0.9250944041030349,0.6465482996289286,0.5709676028289898,0.6978042822642576,0.5222816389814534,0.6381500315805403,0.5226430247170963,0.8455046166713865,0.6687820462558258,0.7532520572470611,0.8453137726606056,0.8748585963562712,0.9046902124845088,0.4081976446922524,0.8621043085969476
1678.16902352,0.9117137643763197,0.8155406240966026,0.9135823263090767,0.7360443426004937,0.4602515866312631,0.5151670608093489,0.8681749291731979,0.4364404520970232,0.25277971889641626,0.379097086852356,0.7335479369531698,0.811911663128142,0.33103061414159984,0.4419583370290667,0.947509044601831,0.642000964392548,0.5542933914025913,0.6785697077137354,0.5250783587041701,0.6570333417481958,0.5285565125439385,0.8359431076526772,0.6789816920322093,0.7522790119077392,0.8273352475611341,0.870095003136318,0.8574871015966204,0.40497741617218647,0.8389655758725079
1686.55255666,0.8950329471211588,0.8044755853675097,0.9102918418090824,0.7437549342023305,0.46661425822638036,0.4991039948080288,0.8832277921104655,0.44932286158495977,0.25831969473469824,0.386209112892004,0.7137652214691169,0.826870446493869,0.3317338717217049,0.44458170687116816,0.9176330751109985,0.6404890259245029,0.573725510358859,0.7212198889620851,0.5264958663171608,0.6447293805353022,0.529450975783487,0.8494733606543438,0.664846257521573,0.7537350068021637,0.8379225714574359,0.852724821798367,0.8733416277125945,0.4163070728229917,0.8086283706830404
1694.9652068,0.9052035082810393,0.8239100566469025,0.9233653347900532,0.733585644618671,0.47223016098103426,0.5076266752126777,0.8558144363477381,0.43224189321032064,0.2403799622143261,0.39033996246661506,0.700296993862605,0.8201382716480262,0.32312144565946327,0.4365779128466802,0.9234608996020113,0.6053409376156442,0.5791164100171681,0.7001584750567306,0.5316933022513028,0.6378417292828392,0.5171564332341347,0.8763978514934152,0.6546294848976582,0.7521435856961496,0.8002456490253691,0.8846604975014201,0.8575019992605531,0.406222457236199,0.8388454677722055
1703.40698655,0.8807604746355345,0.8145035411078869,0.883824399469046,0.752564639241404,0.4612585331060376,0.520351197867173,0.8402938223977906,0.4143893799259385,0.23320946784091548,0.37748435637371563,0.7002787856629222,0.8545737021115944,0.321573825241599,0.45321210305277626,0.9366882947020018,0.6331312825369647,0.572295040815909,0.7107168878713057,0.5406256443705241,0.6427062956998489,0.5199867468092332,0.817503144824143,0.6854112533507436,0.7306250341550775,0.8291547794178981,0.8305033995997574,0.9002147500546375,0.4157258621423807,0.7984245299939814
1711.87790799,0.8836613040439208,0.8249622854378726,0.8985414932774518,0.7140928541758337,0.46353907088622415,0.5366643430715033,0.848417638166453,0.4108887973270687,0.23238617105243062,0.3899081670172893,0.6946663069834348,0.8303583179685291,0.3362285878167637,0.4643579252622897,0.9437587309086173,0.6286827319715819,0.5639007219230041,0.7059156090541654,0.5221176934567027,0.6571935445005896,0.5194969728547585,0.8373179356580638,0.6696218672115544,0.72108931234394,0.8358158247023505,0.782505953217857,0.8800310421596116,0.40893817543209215,0.810358458379802
1720.37798277,0.8952114440385804,0.7828506078945836,0.9072061817248191,0.7233977759787885,0.4586138725654406,0.5264048709512664,0.8630468326841249,0.43320657426188885,0.23121998487894305,0.4083692127557123,0.7259314226823388,0.8299903012339203,0.3454623723283795,0.46896845724688746,0.9271446262250709,0.6543156747220782,0.5688240536149587,0.6850051309213621,0.5377863372252215,0.6220681378731142,0.5056280863724453,0.8374937658749219,0.6862232294559618,0.6929208326585261,0.8146364144971854,0.7866705369764109,0.8687430349689633,0.4169841982164984,0.8151758734788105
1728.90722205,0.8776203563815648,0.8164659567455981,0.8809902183161703,0.7176084239042118,0.4641559365784495,0.5312299948699327,0.7936331408725914,0.4293273048751779,0.22224475327459808,0.4001091122221846,0.7343099999429891,0.8395465118652508,0.3456522346085099,0.4636525142856652,0.8678271405013891,0.6495576897930614,0.5759941907734082,0.711919382599638,0.5381277644069059,0.6309253828369733,0.5124281980461234,0.8248818083658982,0.677284006776975,0.6836121075728113,0.7563683708964345,0.7987205491786126,0.8836873682182753,0.4070374562073809,0.8430098301810792
1737.46563653,0.9112603536151608,0.82356134613859,0.9345297622901867,0.7232640647368374,0.44063303726386377,0.5305420547023958,0.8070723730058047,0.42225127718175803,0.21964944523673943,0.40267857590776357,0.7256930447404227,0.8422933878166416,0.32505023698929525,0.45579136108498514,0.926349983260243,0.6434862262556221,0.5702235732418723,0.6996587402874223,0.5322813559516352,0.6296909710252598,0.5299032127885337,0.8513444704588092,0.7002905347995704,0.650585103216458,0.7599755977172981,0.7759570780927574,0.8450117950725166,0.4248903192352416,0.8010329597653014
1746.04891596,0.9042204604941408,0.782198510531925,0.909905612261879,0.7185664733371219,0.4482572927954437,0.5487155101500363,0.7832267509881407,0.4386658672541396,0.212570236832662,0.4121510828291992,0.7136420076290209,0.802754568455691,0.33546561397484864,0.46926759951592506,0.9121122362355658,0.6519510278083169,0.5968482929647113,0.6898379512532988,0.54116670302183,0.624062198209762,0.5279077861377988,0.8410452144895078,0.6678524379988404,0.6314841878124466,0.760043259004979,0.7377982791537545,0.8482943514712719,0.4251879239341231,0.7983058619036816
1754.65358123,0.9000366193302216,0.8169903815784344,0.9038837130849401,0.7410887906165915,0.45212561077194663,0.5649893673035625,0.7748460194171884,0.4075567622988425,0.21099133415622365,0.4145166511200557,0.7313878891733364,0.8255682614043429,0.3280198382069548,0.4653202805787921,0.8969954386433858,0.6337493873398825,0.5591224023690298,0.7077696913372716,0.5300430898456054,0.6191289987205939,0.5063628473404225,0.8332345447267214,0.6838023184169846,0.612543834190033,0.7599013223639032,0.7290533021386433,0.8741949251580611,0.41621222791307566,0.8096177745391959
1763.27958128,0.9004724440639356,0.8375374838593878,0.9139007137408882,0.7232905844916286,0.45528415496551056,0.5627007691755701,0.7483001677211274,0.4193135770074975,0.2130281147642746,0.42737806251607563,0.7185719177381298,0.8154460819540535,0.33495188947895277,0.4449808847092304,0.9137464384973715,0.6525758089356377,0.5588303505497759,0.6934054991632098,0.5298029761967739,0.6388598138746517,0.5284158075842358,0.8044002883136793,0.6832482165847394,0.6135209139262593,0.742470190562104,0.760323873868781,0.8911284158862465,0.4521921288548301,0.7989136348325816
1771.92686491,0.9328868799729029,0.8065550078235652,0.8930967926482277,0.7329158540531444,0.4421313502722254,0.566676293428236,0.7092069779522142,0.4180568111713756,0.21241793696271946,0.4197561896677316,0.7500597954723571,0.8288222729127036,0.33145465598635315,0.4524209547544905,0.9324763246541315,0.6463765139675305,0.5591249969672595,0.6922897283821035,0.5262239041849368,0.623316588603261,0.5458349935360466,0.8017748039548916,0.6611667683082666,0.6329851419824015,0.7317285836131918,0.7880347571326812,0.8605784467116768,0.4365447219366588,0.8292052605854953
1780.59538078,0.8839341600638869,0.8197108741866792,0.9073473633434437,0.7248266379152649,0.4381717142615506,0.5602456129050163,0.6713093188031929,0.41453711962194173,0.20726336556828795,0.41191730815754146,0.7252925764842078,0.8217783998412177,0.3348391434656923,0.48116391840899164,0.8844512688801709,0.6221740683664692,0.5640167271385886,0.7003510591196691,0.5247871925093742,0.6369288110972928,0.532546519232071,0.8069570016563454,0.6657669498335798,0.6798364728222521,0.7485243425457301,0.7767878541542458,0.8697999468736682,0.45701087559975256,0.7889462255820753
1789.28507741,0.8482379797239232,0.815348394081559,0.9756582587734653,0.7209246582604131,0.43669336606000425,0.56046003011611,0.7012087464039283,0.4184295294524453,0.20712277677878727,0.41832138998774526,0.7187505268544625,0.8345296359944988,0.32939638986799263,0.4698797019964016,0.9359666037645018,0.6524517135886106,0.5435314967758458,0.6982179257223688,0.5254952799167629,0.6208521951059366,0.5112169588888517,0.7945836153052789,0.645549467499853,0.6629814298336215,0.7609999266179681,0.7624521835689726,0.8410630224526974,0.45428077473110584,0.786123799042962
1797.9959032,0.895562138830078,0.7882399448650408,0.918557611781953,0.7347947718160337,0.4367429628119201,0.5793172593228215,0.6714237908823149,0.42160077811350266,0.19994083106393964,0.4267840731159337,0.72544877449132,0.8122198485566767,0.32695914590471736,0.45261234130852146,0.9209557478711251,0.6593894961592234,0.563043764069897,0.6986249568438931,0.5056081280151347,0.6080255497723316,0.5240621838582841,0.7717512808362618,0.641552387907631,0.6632035710715273,0.7426014536639056,0.7938449068997402,0.8924897082251309,0.4399986372139334,0.7973875393888017
1806.7210252,0.8899676272031438,0.7997109105804097,0.9410090011346055,0.7103274202382696,0.4262494780300291,0.5704203084812318,0.671021405197551,0.4183262678814384,0.2013549580362545,0.4301049854496588,0.7424143472966378,0.8187784639625224,0.340407977980436,0.47686277723673487,0.9179873742122757,0.6681651397889664,0.5618399373849966,0.7111251224524895,0.5354025867113986,0.6421361453183311,0.49080712221500455,0.7946320067839558,0.6638841323009596,0.7205073617102391,0.764834427206744,0.7780053553534872,0.8695216935448703,0.44072626663594705,0.7944772654999531
1815.45600983,0.8799301073901564,0.7671364195944874,0.897460757943357,0.7130011947490146,0.41946169133358135,0.5660765107458691,0.7124460950887426,0.4199644037874368,0.1986459542074446,0.4132636180281578,0.7155448017600099,0.8170658136956995,0.32909855551109957,0.48021975208219575,0.8795363340424436,0.6594862475793208,0.5704685552181762,0.6786004851782587,0.5238402386656706,0.6496392631271477,0.4966879380019611,0.7369656784549368,0.6708028392255132,0.7026238778611841,0.7101065496831518,0.7551597430555644,0.8714725406009983,0.44312652072818814,0.8381253707796565
1824.20079533,0.8694317685232864,0.7853560056956551,0.8883052373305671,0.7016606359003296,0.42105712868189366,0.5771867983639072,0.6870975104975311,0.409542045006131,0.1952868308903897,0.4304849494389341,0.7494765502435299,0.8485246119865355,0.33053116592386206,0.46386080170408966,0.8900664686560474,0.667988909786645,0.5739731113091677,0.6897315224167953,0.5091195589488323,0.6248591913685382,0.4883179214794485,0.7889481043631877,0.6653839883136748,0.6991588553496165,0.7395309488497398,0.8057800925073988,0.8668786039197607,0.42884463930211,0.8173118766531724
1832.95532041,0.8794969483890737,0.7960973105919542,0.9114699564434131,0.7171886188168133,0.426060289589174,0.5623344800839808,0.7307329969441432,0.3976074699517695,0.18251612833147163,0.4431906111639453,0.7336975872739483,0.8329688679261652,0.3320615176017935,0.4763237767533437,0.8855894521737372,0.6255928505848367,0.5501545653401837,0.6685921110300446,0.5398495733729112,0.6267740328756004,0.4981749929399232,0.7932550004529417,0.6590729444650509,0.7137443246717234,0.7469397192542166,0.8032130398386408,0.812158281815881,0.4400335179476206,0.7975239788047357
1841.71952428,0.8913196696058554,0.8015366309349554,0.8743621382736727,0.7270139497946906,0.4099842682055357,0.5590938191374477,0.7095681464377843,0.4116255353696541,0.19203841341640246,0.42452303551016896,0.7411167212057025,0.8317602199334716,0.3232929654272723,0.4254857318101874,0.8921522649119131,0.6469415905563821,0.5787346683297265,0.6827441098447035,0.5139090947565512,0.6411391279786383,0.5113675211156797,0.7577886022634783,0.6657531251438431,0.6860245913237664,0.7358323437629141,0.8113686265442027,0.790769544986213,0.44700633760138325,0.7672688662251637
1850.49334662,0.8748522931916007,0.7843770717259394,0.8514780150890505,0.7483102971361427,0.41641684974493876,0.5928551367345137,0.6981622701937958,0.4122038163793384,0.19651660682118965,0.42761417706191995,0.7382646150163524,0.8166494645855346,0.32996373342039337,0.4797705945374556,0.8889585337119805,0.6502263421561086,0.5906365382910823,0.6909245889696914,0.5363681175308229,0.6171900345818333,0.5018300802041495,0.7525227302192912,0.6399445967171816,0.7073067257895937,0.7385962198285533,0.7972650143561278,0.7487556745500134,0.4548229629422604,0.8010234260864534
1859.27672761,0.9383653094407208,0.7955366026284103,0.9184434315216626,0.710876715577108,0.40920080383927776,0.5881275456635866,0.6773507118063593,0.3974410123614447,0.18791142776341374,0.41840223470605753,0.7839254834523401,0.8110060602930471,0.3279222873536505,0.4821989240880117,0.8810913113663451,0.646435802248382,0.5616569092888816,0.6648661026626392,0.5138019096549037,0.6191437208842351,0.5177354460951231,0.7134768451482725,0.6416036866005763,0.696190004603987,0.7339442129750168,0.765758995394635,0.7842405196029184,0.4202963555539362,0.755499533249626
1868.06353858,0.86047164627598,0.7558825120995847,0.9147708572562907,0.7542019521012511,0.37243073976008123,0.5754227261662661,0.6120353610574976,0.3847757760229103,0.20103771617683802,0.4175050332530969,0.7391586469351623,0.8242620027365919,0.32863985472278306,0.45465708297797647,0.8789589326460624,0.6485850470370513,0.5870292449340034,0.6633877778270301,0.5347202678018755,0.5986428022509506,0.47719669089729994,0.6616897304018285,0.6530132108818285,0.6921010176585489,0.7016083259666129,0.7566773467454596,0.8202868060512941,0.42401766114018885,0.7311715689881435
1876.84916726,0.862064397448752,0.7692292773109669,0.9177732239702752,0.7186266987321536,0.3492122052803441,0.5772672230044193,0.5628884445273641,0.4034942230181132,0.19664251517625606,0.4303756592517063,0.7599857206559476,0.8200329728077239,0.333836115679221,0.47138094828426924,0.8695669483000164,0.6354008567845768,0.5660090793624539,0.6804508208896336,0.5441879292943044,0.5841563550860385,0.49194362800681213,0.654677141632156,0.640001940475665,0.6868736261072368,0.6502430687229004,0.6934454147918315,0.846940686452479,0.3811266026029737,0.7666875629722558
1885.63362519,0.8263586490185337,0.7611104461042276,0.8954170585093923,0.7271970292101365,0.31042285936173086,0.601039754858449,0.5309947701671485,0.39783980799967844,0.2009456130754135,0.4399536444693442,0.7928618118004196,0.7963195981882976,0.31625956212533657,0.46372165647887187,0.8708570080563138,0.6514333047523951,0.5921152385682383,0.627647164697173,0.49080525115727247,0.5334953983179761,0.47659596614102806,0.5535262370839167,0.6173565589713808,0.6687859889247537,0.5946951398399951,0.645135569027242,0.8427923063691254,0.3639067738885684,0.7241709398631154
1894.41692373,0.8869411030118344,0.7851181560477355,0.9380458211167367,0.720332284672742,0.2773600787233185,0.6437064157800256,0.46290413428166677,0.39175244424506606,0.203111495515251,0.4277644689400451,0.7525781359904483,0.818898455920732,0.3374606363230294,0.46732833885303887,0.8172868252311033,0.6129392005153755,0.5781394260942223,0.5755289795531654,0.5032298767689034,0.4897561541259047,0.45436254536304266,0.5269473177000732,0.6278548899023111,0.6548663637370916,0.5761824088194594,0.5978200063227492,0.840601808452034,0.3385908393435867,0.7027265039780466
1903.19907409,0.8330670571909697,0.729186547606851,0.8840463908590839,0.7254536741341848,0.25477629626699533,0.6050854473044673,0.3886597292857967,0.39787023136515154,0.18401248285363822,0.4445506842843737,0.7818342471647104,0.8223234904564976,0.32882772227804075,0.4634805513933692,0.8567967736187524,0.6220514109666281,0.5363633131596409,0.5644256479275651,0.5126686430319598,0.46080477152579036,0.43078664015557316,0.44451591776893995,0.5735962992496555,0.645828319038324,0.48020695616026216,0.572217956235453,0.8668296139409049,0.31859154457956546,0.6521727727052408
1911.98008732,0.8676559620347581,0.7087577726603288,0.8686600404138364,0.7477102913572377,0.25183158570014064,0.6097619828705223,0.3435421967272033,0.4053215534740817,0.20167137043434474,0.4427627112452906,0.7472416299158847,0.7584659843643099,0.3381834217260548,0.4515894289952556,0.8761027852681459,0.6158889990757113,0.5591166797842471,0.5399977413429262,0.49748073548131555,0.43284132192803215,0.4326246219114107,0.43637234464781355,0.5806888507564175,0.6341073026903489,0.4522294031259817,0.5449572535062205,0.8515477908219987,0.29365014318800103,0.6197660980775459
1920.75997429,0.8733635302564955,0.7054332765497995,0.8052802424842518,0.7389172989154431,0.25310685941605376,0.6428741971644026,0.36164805493124774,0.37304729300853295,0.19980859411054644,0.42783393391459823,0.7620642157428918,0.8025802713048867,0.33584304277772326,0.49321502451910304,0.8577650841020832,0.6178296465092773,0.57386844741547,0.534006932353114,0.4940944231950334,0.4551854270685853,0.41982797189099574,0.447716347005087,0.5850227148353339,0.596984543560361,0.4063270767283947,0.4984314560422336,0.8241420608069685,0.2764337055744116,0.5606538148067886
1929.54914243,0.8617205590442641,0.6759370162546305,0.8746684232699025,0.6907135109000178,0.2531354504531766,0.6147261037824608,0.3997995050410216,0.4158650283947909,0.2074679802626873,0.4414941330214982,0.7334523961182229,0.7910944599255975,0.3434274388869219,0.4643381089848525,0.809100644416668,0.6017569319779219,0.5566019786248034,0.5406008499916546,0.5017098298168586,0.5052696100466718,0.44629533528196513,0.47357414705205303,0.6058976146542596,0.5800471684218176,0.3952761110601976,0.4275850660259548,0.8314989908724966,0.2595050489447323,0.5325330181744835
1938.35679058,0.9242796241935459,0.690054285341465,0.8962758918434754,0.7017485894146485,0.2476707017951076,0.5855726541440138,0.43307513470240633,0.37650710295670664,0.2089611025498526,0.4310534340237055,0.7212369236820156,0.8013407367192968,0.3314649256284535,0.4696534077307494,0.8579391028106182,0.6481814495790406,0.5537601548134702,0.5373070342897457,0.47709256631543384,0.522434219564841,0.45637257904108375,0.47799382755603925,0.5941347619157501,0.5957441750861728,0.4333193577222351,0.40513678364531713,0.8384909635858891,0.2437554159716172,0.5507867640875674
1947.18286652,0.906541103205368,0.6714489089694948,0.873659709301686,0.7219040712215611,0.26518351012436525,0.577449874716777,0.5045928610633624,0.398256475387096,0.20154353980564493,0.4344436549511089,0.7220589913340782,0.8221743099547011,0.3213339198335522,0.4516284939237242,0.8972491276044217,0.6203963787517134,0.57639286416331,0.5385307152819581,0.46729064419001914,0.5181268570690702,0.46248707266580236,0.4954458141507982,0.5702048270263975,0.5610224307052285,0.4528831930419204,0.3928606014957678,0.7987101935214616,0.2334651330811566,0.5268876359733371
1956.02731804,0.918577926903242,0.6300614021514118,0.909079004001581,0.6848580482229367,0.26560822241908977,0.6421358964825357,0.4929601236842053,0.36825975142627654,0.20084827423848686,0.4505188980573839,0.7461761581883848,0.7660000954267798,0.34496394130714303,0.4489651960791153,0.8268315005136543,0.5946782403951794,0.5370698381555223,0.5668357025162448,0.4753669026092842,0.4995092560397056,0.46625670096797217,0.5366966786450774,0.6082612269378809,0.5845330989146275,0.47792142198641496,0.40739512877793094,0.7441606071170483,0.23188498897992246,0.5357918562613583
1964.89009294,0.8454100253990436,0.6691122658677399,0.9499263218125813,0.7249683675271088,0.2664139752669251,0.6403631865870725,0.5765235536923679,0.3667135801238171,0.2036492816954865,0.4740809128325977,0.7554903347152926,0.7453952381839963,0.34761010475190424,0.47369222903804314,0.8589923912440373,0.650439304805138,0.5506948647359282,0.5324890277323466,0.5128484430233107,0.5485441784653137,0.4644682767792538,0.4980368892188755,0.6228449426827031,0.5981383701142519,0.5030468083673229,0.4238982031220169,0.8522237075354594,0.20606279308811598,0.5509758292312245
1973.77113898,0.909223957351429,0.6598422108241501,0.8683604030976347,0.7135021937325126,0.2875204777786111,0.6530679630701278,0.6061651566761923,0.3659471754742758,0.2166992377315526,0.4123806384456642,0.7181960625384252,0.8272384928932052,0.3292460502208039,0.4744212293394625,0.9057806060857367,0.6341833579658162,0.5552002534601439,0.5488283815373486,0.4743973494037014,0.5331293720403243,0.4802638258060893,0.5285675906754211,0.6136464247031284,0.5863640603820979,0.5348631554819727,0.42448181817999037,0.7989464749507192,0.2115113657735352,0.5733136977489536
1982.67040395,0.888270404419249,0.6276707423175046,0.9123183598926465,0.6914502513696795,0.2913009098548623,0.6393973906570385,0.6500303766393553,0.3423293181913526,0.21247928746311556,0.42934628988110835,0.7129961828765955,0.7698883013295669,0.32658585664099055,0.47936048102692647,0.8680680997706693,0.635138872719805,0.5409182117273835,0.5457842678279388,0.46192566282073677,0.5178380914544737,0.48758669718917974,0.5407688329576974,0.6100359026552595,0.5485255110667857,0.5657215671744464,0.4614746601943023,0.8533068074077085,0.19213946446230346,0.5786827632362572
1991.57932378,0.8974999650135539,0.6625142848232736,0.8253297172567269,0.7260449530994427,0.3153349974485302,0.6269517807413013,0.6277947336027948,0.36723362019576805,0.21601369672604834,0.4535234755189933,0.6968112829348482,0.7786964886504589,0.342722794249177,0.48455715909886665,0.887423955687845,0.6379696874035972,0.5456306440877134,0.5818582841602278,0.510008325590303,0.5609787229801543,0.4865426047396204,0.5724668517463818,0.5539638391008282,0.5424147488646711,0.5827518685576274,0.4764218561938192,0.8466279698580071,0.2086439891274281,0.5682455629320471
2000.48893957,0.9141190325026897,0.7095176284562584,0.922958620124033,0.749882705550258,0.3115820197581566,0.6405768837062137,0.6734196622806339,0.34672911101839565,0.22223416581496036,0.43012193173540636,0.8235225709291492,0.8081593819240235,0.3292690837892265,0.46161088257822264,0.7963944475012479,0.6550748306025586,0.5657228580187823,0.6145239842811633,0.4789389356188906,0.5798185345045502,0.4915798073999408,0.5937373564353102,0.5686188507042754,0.5575514635400037,0.6267439161679969,0.509932839032067,0.8198480958862985,0.20105539217259621,0.5936233711977017
2009.39924527,0.8313698565723836,0.6820181469548106,0.8882204120516369,0.6821538350609528,0.3070436143693394,0.6542416040399165,0.7624755656778216,0.365726302946165,0.23794461904348482,0.4253827140545895,0.7544938610497236,0.7726040416427183,0.3502549344127892,0.45662450069261473,0.8490187749493944,0.6445646984153786,0.5602262153016616,0.5515041984950906,0.4806804411729404,0.5912123379268271,0.4681369384407578,0.6014063003638445,0.6077364761713814,0.5281504780784871,0.6212941190345987,0.6322679863850541,0.9034830756522518,0.20386213942703318,0.5499138414555663
2018.31023493,0.8564750672753333,0.6837439243846972,0.8788073997790884,0.7762652058130843,0.3448067685378792,0.6242893529436082,0.7156929222432742,0.36085949211956153,0.22977653080691518,0.4717210750898141,0.6707983281858884,0.7400994368813645,0.353667982079125,0.48732465290606897,0.8540988722132965,0.6244809381939014,0.5279310909965844,0.6187874736963243,0.4601721843595747,0.5632591008299416,0.49654742934291374,0.6318079291409651,0.5939021855272386,0.5255054439837097,0.6925395271916672,0.6429045296412292,0.8486124656653549,0.2097091092546105,0.6544712673622072
2027.22190266,0.9078290293835395,0.6259171626913038,0.8847312013181888,0.7271352174405425,0.34229279921873174,0.6686297986727635,0.7024135586433471,0.3590152693313985,0.25587049158453057,0.4347283588960377,0.750861215717834,0.8062669943914997,0.33597708364955386,0.459570478702091,0.8565301513593889,0.6126428644204807,0.5269539636411612,0.5876684447398296,0.5073647578271189,0.5652220058411026,0.502270666676412,0.6616774906685926,0.6141528347536961,0.5426733144562388,0.6698264082452912,0.6483439422415074,0.805684164148189,0.1939787748528749,0.6003208302184723
2036.13424266,0.7854236810441493,0.6770051727748152,0.8880063262438193,0.7170280867086914,0.32697114101717095,0.6234141348191614,0.7181256741343863,0.3320396831861883,0.24314647351716723,0.44937932634884337,0.7469985512208553,0.7819042578492953,0.3469640577722611,0.4912659457352935,0.8595484209497712,0.6621957654337898,0.539014362034981,0.5903474433874916,0.5089190401664072,0.5529667901931689,0.49520899227168264,0.6670357144329901,0.5731500663640159,0.50291116071301,0.6479577489469296,0.6412427024925698,0.8653657309060778,0.19082426095118254,0.6247173721555617
2045.04724919,0.9289994439200238,0.6697108464737953,0.8845171717720569,0.732575075668367,0.3344856833073601,0.6491035343159776,0.7089030407707524,0.33866581002787294,0.2710071807762021,0.4308720387057329,0.710755220990951,0.8276069889039009,0.34782504347651627,0.4847792307634383,0.8360072531205004,0.6167339250115469,0.5584578391152846,0.6025693367175554,0.48871801454064195,0.6216322501366554,0.5285448989364269,0.6514856619181356,0.5985145483539791,0.5074886741001262,0.6372020695405836,0.6623688252023331,0.7744206474407019,0.1868186071971173,0.661620782161225
2053.96130725,0.895758910957352,0.6818295467380954,0.9044264703983729,0.6439363939599423,0.34350240764984624,0.6543870430091342,0.7728903624142753,0.3360025525528132,0.25238376067203383,0.4082674625001049,0.7885952374459226,0.7929454120947581,0.34499726172538503,0.5029083268925398,0.7816678831179354,0.6886097525824668,0.5556695998729348,0.6028198834361521,0.47664933671918536,0.5938790241434875,0.4698286340508809,0.6693193979625914,0.5591875200804536,0.4913430647971027,0.6731043910845707,0.6827010171809207,0.7210383898931334,0.17286355505268042,0.646349487205178
2062.87694233,0.873390384562654,0.6810681635618562,0.8912721872422859,0.7457596406224936,0.3477801428601237,0.6423492368374397,0.7397815203349702,0.3524717493662806,0.2681188314157728,0.4271618029722336,0.7380247326693542,0.78737544009565,0.31245775884490196,0.4955210546983415,0.8586358821861405,0.6320858979699839,0.5395207837399194,0.5761219257529548,0.46181692634786436,0.6303210563409898,0.5190472350664793,0.6435892039684171,0.5331570764147721,0.4794239983721389,0.62829817787287,0.7130449883198154,0.7894258661649644,0.17459125791273883,0.7172628844420973
2071.79414164,0.8827556515659833,0.6333849654848751,0.8569100616813223,0.7296383970984732,0.3638327607459493,0.6026759205929553,0.7082504351814555,0.3368513336667321,0.27880588004260104,0.44916540169831526,0.754574342632431,0.8055741716986065,0.3326266630341707,0.46198767605137325,0.8267383850959131,0.6368098293038522,0.545494750566398,0.600575260995648,0.5143380575411078,0.5856299742701708,0.49996671708122437,0.7095543481173658,0.5721452256507905,0.47949651435006446,0.6350762111102886,0.7048379048069391,0.829182554237056,0.16229848815521716,0.6419311527183403
2080.71289251,0.8385958037725743,0.672368920209271,0.9163840365275776,0.7084315416342314,0.351785230169445,0.6751289717818886,0.7176487321560804,0.3213579639941465,0.2741582478399409,0.4401236427297029,0.7451884809987316,0.8473930494147559,0.330957965597779,0.4674101384098473,0.7687447276543479,0.6350706547718719,0.525030253801887,0.5970803321005813,0.5533567793443954,0.6325682604254483,0.5097200540321689,0.6804342665055828,0.5736859725962576,0.504898421725126,0.6626027506839143,0.6864682447886555,0.8085663388448563,0.16384794151458879,0.69023432721334
2089.63318245,0.8619589330745852,0.6566884240466817,0.8816536269834251,0.7301571098805526,0.370598864290165,0.6441509543943266,0.6979697893904268,0.33168045214470765,0.28456419326476035,0.4234856136681444,0.7555859506486351,0.8424686857090263,0.32853593124762964,0.4980291498037437,0.8214066117076694,0.6265117614603791,0.5662158841527414,0.5974438876459196,0.5073603446109225,0.551249630250644,0.5225630377996157,0.6143285212260658,0.5603332209964095,0.4832496784430048,0.6353394285607699,0.7056250866521832,0.7837616184024634,0.1604841809660029,0.686388183938196
2098.55499911,0.908360326162884,0.6777691930596663,0.938407345976808,0.7305789151673722,0.34335148499849033,0.6958243860361161,0.7363304228392658,0.31578234602691263,0.30356824735417515,0.4702908722819392,0.7831814453429452,0.7829328784893598,0.31919923817314616,0.5184211742152134,0.8053468465495116,0.6416387948566241,0.5539254468945123,0.5936497588460771,0.5085668126925501,0.5961757801297889,0.5171699091959816,0.6708642660938914,0.557256461883055,0.4516283058959358,0.6228053112124802,0.6619073887321054,0.8092393580935536,0.17022702233283873,0.6615267838463118
2107.47833028,0.912859219044966,0.6596605137267157,0.9031298078823965,0.6908924514160134,0.3510959699555809,0.6549283721362525,0.6636896558034333,0.3411877199846013,0.3039216372751445,0.43885269504203883,0.771872049776096,0.9008995444452955,0.32407181688173026,0.460562254294498,0.7932660668191819,0.6532354870450324,0.5254398496926402,0.6001187699252065,0.49833546940378687,0.5753676375328695,0.5107467460370148,0.6593449653244895,0.52572715578832,0.4408359158707441,0.64072912972682,0.7157462615519635,0.7624696874370835,0.16643573553869326,0.7081175430512954
2116.41133382,0.9549233553049984,0.7170078286114357,0.9099391146655785,0.7197519661506973,0.36128806670771596,0.6496140881082819,0.6531394782147156,0.31423791224878667,0.3109379067511518,0.4212241495351302,0.743470810808798,0.8096847774927354,0.34557674297772584,0.484003821515376,0.7573721678826427,0.6045701075104991,0.5447265002435235,0.6094413114243562,0.5008271869313402,0.5803171140070832,0.5354133613538712,0.7080005141488047,0.571111670940007,0.391457699582711,0.6415241800141325,0.6767683808845942,0.7463009492246537,0.1606640073555601,0.6937933620194926
2125.37093026,0.8671911080655665,0.6668530673983551,0.8405000210399427,0.6756866067148037,0.3418899160055931,0.6638768586902797,0.7234775292835969,0.3192074899564693,0.32061928581481836,0.4566816668291169,0.7983523728238409,0.7868981872717115,0.3395095220595363,0.48855987803007284,0.7957614609081991,0.6019943685467241,0.5597679608030434,0.5958229006113795,0.4899201047948769,0.5651296960918069,0.48393623278345604,0.6711130927567748,0.5427002903974976,0.37526691077167673,0.6340545697941548,0.60052705513567,0.7583686529981567,0.1645061482794736,0.72012046205272
2134.35713173,0.8471703669257372,0.6688972925531428,0.8660367053847421,0.7615367190757898,0.35520993263404627,0.6850713863975767,0.7371632801650191,0.31339244487209855,0.3361343877858058,0.45061889271329814,0.7979140248717445,0.8475617017180104,0.3310644635993264,0.45741546706674213,0.7479822024901209,0.6423874355755562,0.5063036724508055,0.6378311628928354,0.4989599062260267,0.5786722297513417,0.47377496106188155,0.671052884061726,0.5779663906688903,0.38782101822713605,0.6287081013998075,0.6326958803879472,0.7474439847328129,0.17210742786257668,0.7240891667683053
2143.36995005,0.8492646597675737,0.6965133289177292,0.9374856544211257,0.7107530819344837,0.36788402502936846,0.6436722623568571,0.6950088933185891,0.33094614563533686,0.3323165379582019,0.4272984373351348,0.7161327110805535,0.8104570250956464,0.3340234357996335,0.49225486580551564,0.6838052425431395,0.6796768478305889,0.5277050980547925,0.6351624267681065,0.4801606988317914,0.6314273531096296,0.4955817857947142,0.677080555594074,0.5616556575838307,0.33915687741119216,0.6554549530906499,0.6302649317176062,0.733154929957143,0.17311641370935335,0.7609386177580556
2152.40939672,0.8315119152451572,0.6701776510537328,0.8817477737434823,0.7033033515933309,0.35069442448836163,0.6760365958541901,0.6866837938883757,0.3070398244102349,0.3733461554147184,0.4464627581391599,0.7251529208205063,0.8857880738268094,0.3458426656493687,0.48190296264701804,0.6297237505999659,0.6253669411930337,0.48169990380961414,0.6066622123550113,0.47338314570915485,0.5748029956852307,0.511746672787503,0.6460853243324345,0.5065445431715787,0.33162740088721904,0.6406645938683097,0.6696772356124722,0.7508029640067809,0.18119103539852688,0.7424085979075841
2161.47548295,0.86104574643274,0.6890078717571916,0.8880222117335828,0.6716666774089423,0.33425816901203187,0.6790184706443927,0.7021722136937256,0.31469302168121205,0.33528572668116224,0.4485103998372399,0.7388159850303673,0.8458807336125138,0.3254925646749805,0.4451328537964457,0.618335400965035,0.6520012773937319,0.47377153590648075,0.6240673319867283,0.49914323631646657,0.604503231980714,0.5225850391572461,0.6534290253267327,0.5617940665462582,0.3104036313654652,0.6231339476870692,0.6199332674910762,0.7843228254403456,0.20872970966129356,0.6995619613144676
2170.56821963,0.8761186707244211,0.6792461052326255,0.8963808189545879,0.695949578842089,0.3242971040385323,0.6588680584390385,0.6712972757422836,0.3251260697654488,0.36970520838188403,0.4430016351345747,0.7983854294295425,0.8127728477223859,0.3253859247556677,0.5108046800651662,0.5640420321862725,0.6835329551097246,0.4512549301459184,0.6172599621157046,0.49900948763185327,0.5303863238334068,0.4944995427914967,0.7046098842207792,0.5147935003513189,0.3122995842472333,0.6806636807081665,0.6126393441360086,0.7345333981896706,0.21219382607910436,0.7046635456936242
2179.68761735,0.8629833098737457,0.7368916365519793,0.9512383011138371,0.698993458444741,0.3032629780178034,0.6633371408313363,0.6935464992862788,0.3269796867156385,0.37565034955852444,0.4376478445631183,0.7504172214395823,0.8643615229128591,0.35248956878163734,0.46498040091838844,0.602385488497525,0.610554968253818,0.4480174737367687,0.6241044183828298,0.4749908762933291,0.6101854547351385,0.5037910597838287,0.6707175791724841,0.5276556035809863,0.32075010491678524,0.6228347955804692,0.6281200372389076,0.7110736047387682,0.25488600359212127,0.7415630047485975
2188.8336864,0.8991229348526363,0.7185064492317134,0.9176490770651042,0.7035017704950084,0.3105111719016112,0.6445849681609853,0.6901025252994241,0.31251428065563264,0.3814963769115813,0.4069526550737892,0.7396886719263907,0.8400961368682656,0.33191975288731257,0.45549791667789397,0.6016292430796318,0.6225304764057658,0.4025362667145351,0.610435806174929,0.48520919555631187,0.54489430243398,0.504819820756867,0.7213274338303005,0.5401638851688302,0.3149761745130525,0.6385693929090973,0.6268643300974928,0.7131376031740659,0.25811652438349014,0.7311688339541925
2198.00643675,0.8557830460338777,0.6925647327750422,0.9487823319149643,0.6482429948348801,0.32790834577303557,0.636325409073848,0.7051322090178378,0.3118138663717305,0.37465765397655354,0.430395150293632,0.7550140256550318,0.7751641552548454,0.36210818471976297,0.48293917747541026,0.5591827553759022,0.6050750164158377,0.36122536368467184,0.6210392996355802,0.4869374845660294,0.5491875621994803,0.47679738743085703,0.6632734223863987,0.5420154772632955,0.35020072692735205,0.5942204651083737,0.5490498051055464,0.7117188784221598,0.26746947723407233,0.731730885493328
2207.20587807,0.850965508509376,0.6779796218337689,0.8944308878644106,0.6667380039464735,0.2971980567621739,0.6213536781433866,0.6478112539060163,0.3122008109376778,0.4137151124873647,0.4348899677844731,0.7498068621126112,0.8384694930853847,0.35748618243871844,0.4814440036477621,0.5623366711225943,0.6332722650919443,0.35282549425259047,0.5672766366373533,0.5037721013647809,0.5476229597613432,0.49534265291258806,0.6903130929480504,0.5448582466940258,0.38940240264703235,0.5699892451403149,0.6015873407317571,0.7215393981501036,0.287817084210803,0.6711718767158817
2216.43201972,0.8417313933027366,0.7046257748276303,0.9108838565385717,0.6779408355593398,0.2990198664524711,0.5687338842476091,0.6733176192604637,0.3024650775511084,0.3868825081205134,0.4260331978528013,0.7519824685542121,0.7937659991360825,0.31068025658023685,0.4790488595085054,0.6300325045255073,0.6166522441053679,0.36491087442862513,0.5717693348539303,0.48902589979082633,0.5153680549006173,0.4938459549375763,0.6771991409934528,0.5003103231077229,0.38643867611377936,0.5768648656424459,0.5546714423940875,0.7150958350324452,0.26795951981614574,0.7138464559180818
2225.68487077,0.8048117827121481,0.680808608710753,0.86205774460835,0.6503092025739386,0.3017499330193318,0.5241576388792301,0.7057443058486541,0.30275303869196885,0.4302765208875671,0.42960941893397264,0.725788520902696,0.8052383611658147,0.3050126418258636,0.4510959774156023,0.6397620788493653,0.6187968374317353,0.38172996755413746,0.5754393290982954,0.47663104841270576,0.54516561701137,0.504024715836835,0.6515800756036743,0.47515463809625774,0.43472176645473376,0.5837880668957185,0.5832166570970589,0.7290125195801771,0.3072100261783868,0.693281399204923
2234.96443997,0.8034804440410117,0.6715026274766721,0.9447630818871771,0.6351487576590693,0.2908407594127319,0.4466049926320672,0.6626960618319486,0.30973786734072145,0.42868119717780184,0.44695852061468255,0.7338540652211366,0.8099814918022158,0.32216219288445086,0.44679609891711114,0.7011096066805377,0.6663085170375189,0.4165827455101588,0.5341977302672801,0.4417356618446315,0.5392575542645681,0.48770893360249984,0.6796771851502207,0.48947466644955906,0.4722314343170924,0.5745556982267986,0.5848852056537241,0.6581558415767482,0.28380202475761573,0.7191712548802561
2244.27015399,0.8119660908617685,0.6454924075262295,0.908374357114096,0.648476265543229,0.28235874979911935,0.4164181210356249,0.65103866730674,0.2881311566519958,0.42959075232400573,0.42638587072362094,0.7492427487673071,0.7766578066066425,0.3413398566427152,0.4239121173639677,0.6666243219105241,0.6512514802594274,0.3934566359480748,0.5535109681361878,0.4654319566153444,0.5380381705008866,0.47427852594359343,0.6529301313489962,0.46541864579759723,0.5009285763847251,0.61100335012006,0.6188468107227587,0.6751897339904327,0.28604388798351077,0.7058382883813197
2253.60010501,0.8888277215385544,0.5917813182546356,0.9064728158755588,0.6281804633576769,0.29123814598944003,0.39500288080920853,0.727836514046817,0.30830222424913195,0.4245223946352353,0.40555984742369483,0.7983300396414317,0.7609245330393485,0.334994437468866,0.40763040525081506,0.6700608229424668,0.6147469789635588,0.39517334203291565,0.5224922844397535,0.46139017098574303,0.526006273690003,0.486601301819594,0.6613038077132511,0.44386195742847384,0.5140084652790257,0.5721750611110804,0.6688110629905193,0.6417498111711653,0.3051655219456409,0.7293904173742463
2262.95428072,0.8690814101211696,0.6198629649873428,0.9171802517119942,0.6196912043904842,0.30042125482679755,0.38468697976053035,0.6711068270487219,0.3382851150474077,0.4415664394659835,0.4231630935637273,0.7963808832596234,0.8127022283504953,0.3234507010758375,0.4441937663771554,0.6148467884272069,0.6177651406129065,0.378859252148963,0.5199552189942481,0.4819642250000208,0.5617037650615503,0.4829119781864941,0.6580043534124357,0.36453862807494997,0.5306637039382441,0.5790467722040221,0.5613957211086306,0.6047598721090106,0.30083629216804597,0.7075448535421434
2272.33266852,0.8773605458229559,0.6007542000687215,0.9575666986080158,0.619765201299367,0.28314282650064315,0.3864781649804249,0.6500486455162265,0.3006760007009244,0.4182229892970318,0.42425914565227524,0.7859917852598886,0.7555863634707038,0.31852094433290334,0.4204098528871996,0.6866255126774224,0.5924564330429586,0.37737950868107273,0.5158451264572397,0.4413075493394366,0.581741845408568,0.4525623019357011,0.6021640863293803,0.34001311113702376,0.5135232541611852,0.5635508358036352,0.611540132545879,0.6252518338874123,0.3172170165042442,0.7136196789173637
2281.73525558,0.7797164880297285,0.6216508594048623,0.8980328716269492,0.6417968325328045,0.2954304726016118,0.3622358833935613,0.6148111050370333,0.2939711706625563,0.4786336753976734,0.4303409286342188,0.7698657682271642,0.715589826624322,0.3517915549337046,0.41194641932455833,0.687484869889002,0.5894461857224171,0.37992330369520705,0.5158724601798715,0.44004101465774237,0.5841162088416604,0.43203803885192016,0.648852364999439,0.2686924602473824,0.4966603991787029,0.5524945652401689,0.6361529033351072,0.5819617562932221,0.2809292903700729,0.6712752653399601
2291.16202877,0.7510931160741265,0.6236060725422147,0.9660087437220021,0.6409154547461728,0.2936838283385081,0.3292704527674224,0.6714866861656673,0.3038569584731877,0.4748074527727181,0.4112951326333946,0.6793315775359752,0.7691187923862749,0.345231016984354,0.3719710827949235,0.6392560822233453,0.632554195473157,0.3882734206267905,0.4982096967133897,0.43034429613704045,0.5645895519195496,0.43755435713744945,0.5410596865148557,0.2198729758434426,0.5116991264286271,0.5617702098729247,0.6074024944280516,0.651532265945587,0.2756723016449969,0.649006053389935
2300.61297471,0.7872444405770392,0.5783452510430739,0.8745927705009385,0.6183353642579026,0.2867488783938218,0.3141094027687113,0.6628840187128742,0.30247081085603644,0.48716865133601917,0.4265715890329034,0.8148313397353818,0.8049909749640105,0.3411774756817634,0.39252687291152527,0.6286590038488074,0.5980511878709471,0.3768550484096756,0.47402388362802017,0.37417605829615963,0.5639490908378599,0.44803123967289205,0.5443248935389212,0.2062986790891227,0.4814039487384679,0.5983949112634075,0.5997996351905651,0.6798836120505009,0.25520972376931095,0.6527909931121691
2310.08279923,0.8083016554320636,0.6044091770508174,0.9216598419073448,0.5876803542234192,0.27672894035945794,0.2736242346500016,0.6292483122942806,0.3149455303290831,0.45787783913087615,0.4156814819067836,0.7951559162196054,0.7844542931524807,0.3410365132557894,0.3752177211143068,0.6450285017517763,0.6419007298348726,0.3557962695715591,0.4558265876934616,0.38938282871445773,0.5562727449031614,0.48095055011890986,0.5024543506317187,0.18065236728782963,0.41321622920508483,0.5400473833847114,0.6611754752602074,0.6903055717097575,0.2629134096648171,0.6508300421045086
2319.55711841,0.8115097093745463,0.6399743137200575,0.9794336985465077,0.5794068025405903,0.30162472639567467,0.23351579584191337,0.6016421010847139,0.29287817498843266,0.47525546608711466,0.44428236300466684,0.7488729447889025,0.8334047453899094,0.3349035021308125,0.37956065585412857,0.5946716428035755,0.5979646093122577,0.3260779636932902,0.4471103198526933,0.37616086329674187,0.5266729970611512,0.4741378678480449,0.500019874473456,0.20387288024273859,0.459568493788584,0.5727612541884459,0.6058005190139845,0.6932494161796299,0.25313019479042337,0.6467142990167937
2329.03590187,0.8220253951948219,0.5881528330676341,0.8841416309212646,0.5544158729698093,0.30007723309305295,0.21362419077926137,0.6224185395642363,0.29836159381432287,0.5077151536231418,0.42606406878574454,0.74010065915603,0.7949275974207851,0.36964052532848174,0.37514938520003666,0.5863867523393834,0.5949503065499768,0.3379526609748615,0.46113077135873753,0.3647750663348996,0.502241453627934,0.46863325313673804,0.5223370954995028,0.2662978899255915,0.44337391401945425,0.5267683194311973,0.60054000525023,0.7414038739080718,0.2490945250881759,0.678524708725222
2338.51911953,0.7944068073698389,0.6570179025821266,0.9114348958920456,0.5039544587214975,0.28981786367421786,0.20970309042464225,0.5924944907261706,0.309209365125838,0.5085322497789315,0.4386837076563366,0.7668350990993135,0.7597845603319257,0.33839413571700017,0.3725231685452164,0.60833952660989,0.5624195557079987,0.3284358175526445,0.49718702760216654,0.387883961548364,0.5167898522214298,0.49783836307302975,0.5240932591996984,0.3265674418923415,0.4215914620468309,0.5320018578994019,0.605159740974191,0.7151895466738966,0.2271134726686723,0.6001279529059944
2348.0067416,0.8508738566999312,0.5962796084673357,0.9359170355307651,0.44246200028184446,0.28070091013723025,0.23716007691876514,0.5805880953958515,0.3127389574567119,0.5345157457598217,0.4330718468551859,0.7623236664857711,0.7671550994692968,0.3543050509361031,0.4001548798462518,0.5755573747544906,0.6490917921550643,0.3181680238697796,0.45962292847777697,0.4115602939890389,0.4858309736587384,0.4276237227607989,0.5474504633912068,0.3237312762398037,0.4420038720567889,0.5318031195051092,0.5796504718808388,0.7035072673453755,0.2512856409968823,0.5573352572217642
2357.49873856,0.799957592759923,0.6187840008725402,0.8968722419586318,0.4554701513710746,0.264441334433078,0.27789064866975965,0.5911829032122047,0.315364465281786,0.5259091300930778,0.4037319878145217,0.7383768006342231,0.7311926501582788,0.3331762106146011,0.3997007336630682,0.5942639196530513,0.6123925742929002,0.3075059007466117,0.48280688508968705,0.38004908085672345,0.5308588530481815,0.44301520667180694,0.5447697582471798,0.3430563586563357,0.4598864885994191,0.5252647085158603,0.5935930269934852,0.7225420707175748,0.20955048700365422,0.5517466375188337
2366.9950812,0.7908018353257439,0.6128906651099999,0.8428678128634822,0.4564016915461857,0.2932367950932018,0.3684987649500299,0.5537224932737446,0.2886041677732779,0.528783435447826,0.42569941072478706,0.8099610515948817,0.8129966253521378,0.33071745912063283,0.41943118238519994,0.5476283937265952,0.5749753526390715,0.3297869478401933,0.45498103847484517,0.39714408387051453,0.5591430818583818,0.4692413698012727,0.535138603651315,0.32050820879653236,0.4200283468983362,0.5345470236132513,0.5321441048169252,0.6998541041064905,0.18478165761106935,0.5289849599112187
2376.49574055,0.7728965757673766,0.6061248788609083,0.8579336245246131,0.46920320830118617,0.2547830845364679,0.41342008201784325,0.5690032794134968,0.33003069362119125,0.5279722246485111,0.45686081562466,0.7394426969089904,0.7276141973583335,0.3403858031461021,0.3828362265117133,0.597891326424892,0.5978341931509814,0.3303208383496319,0.5208719741700296,0.40564768392976014,0.5192940318213842,0.4671249540486474,0.5035896545999279,0.26005834117845156,0.4108144095458989,0.48468288792367714,0.5213160962938175,0.7205922600724596,0.1858635114742112,0.531743993402063
2386.00068793,0.8067373796412982,0.5749774131283182,0.9199818649513974,0.433701222893219,0.2573979993082064,0.43760915626984515,0.557117450181016,0.34539060095071356,0.5602031879436953,0.39558388248211057,0.7695251569849799,0.7396674609963158,0.3400200980894977,0.39815658670354054,0.569506718720698,0.6286663424693595,0.28089585100943676,0.44563143568921926,0.3817532048352535,0.483538781798365,0.42558871324352515,0.49352016481853794,0.2506655068415643,0.382418922749863,0.4501431960887446,0.5032054743637623,0.6842906111163746,0.17644618730831066,0.46998421882778296
2395.50989495,0.8503745984627554,0.5713694045756345,0.9302852289672456,0.48379834848684966,0.28096183177435896,0.4869326156887301,0.5003792531350212,0.3276083589619962,0.5200521134500373,0.4429371736455562,0.7209743275125029,0.7618660011705278,0.34558347010944485,0.41203402535263983,0.5548430839854723,0.5696232515251841,0.3325615028384022,0.4858789923138976,0.35575488856545406,0.48182349844332983,0.4260627186496862,0.4587008030859684,0.25151183562921237,0.3202910912256779,0.46039214948701157,0.4987897864126382,0.6780250742796649,0.1607278376713003,0.49094766998071027
2405.02333345,0.8079403639117126,0.5584016660554056,0.9246784023069473,0.5599060431340626,0.24743811977498037,0.491805180358835,0.4628654448382109,0.30506010558370006,0.5202344014475597,0.4265755794175001,0.7528603867163651,0.7642528458459521,0.360381131445677,0.40917126361178,0.5334669540315128,0.6424091642152352,0.2934004207225194,0.4254740256054061,0.386101448883075,0.49738457432524374,0.44282540015946503,0.4800023341399628,0.26041098507794264,0.3072448246165777,0.4193637944352158,0.4669098940879482,0.6009171307051223,0.1732329635840253,0.4813788982283974
2414.54097557,0.8738425867944503,0.5713616018681238,0.9381682104344705,0.5459132626279805,0.2452086243185494,0.5609202815553539,0.49461527787489223,0.32506403563163805,0.5392861247015477,0.3959420147234597,0.7982937633780962,0.7101571438856521,0.3495695389986481,0.41831629531184455,0.5262658102884142,0.5622546442710152,0.3272561375198386,0.43512495723036654,0.36784513443119987,0.4520979197442964,0.4456532092551883,0.47035682098999526,0.30686634818429714,0.31124746401903486,0.40843932869883115,0.4556125213278956,0.5956950941335412,0.1676598222693166,0.4742857896390763
2424.0627937,0.8870816621050855,0.5576991455104521,0.8939325285184067,0.5689134066577539,0.2252603950139921,0.5813469663822002,0.4119399362578051,0.31048497391609514,0.540467013593233,0.43556847118306585,0.7632162156774083,0.7270042831183984,0.36032465939775776,0.3973856952969623,0.5219891583309372,0.5801710130958012,0.3130851226113923,0.44446232501934413,0.34981556564100236,0.4585106393888544,0.4245540517966247,0.4745221780059754,0.3217365219227465,0.28771036051995846,0.3807952965287453,0.4040357263418252,0.5989891547859986,0.1739077406990278,0.4508331025011944
2433.58876046,0.7392215905333771,0.5887310757753668,0.8974978127657653,0.5765906753450095,0.22252332697923385,0.5836129801776737,0.38525707922402447,0.328621758416282,0.5371631504821583,0.44381947617487755,0.7415421582834234,0.7630804936298875,0.36942347783521856,0.4035076352724907,0.4971718354313308,0.5368010609083284,0.33010655806134165,0.4078355976249765,0.3947380863579328,0.4032709239063651,0.4558399140796068,0.47019090533474234,0.33618383675572167,0.2822030430064049,0.3310649700549551,0.40327728146624725,0.6086793758270522,0.18077599254313761,0.4539656139387856
2443.11884877,0.8514335228166452,0.5527439446559881,0.8261282930185526,0.5973236383418696,0.2289468171633255,0.5244190799277957,0.36863059879130716,0.34103144529413554,0.566427922219237,0.4230444628315204,0.6938852369046091,0.7889991150707358,0.3171985407405726,0.3826621119592034,0.5492368089062061,0.5098125653441525,0.31130903258353215,0.4618812834515425,0.4052508281286648,0.4163277462771155,0.41616123809366584,0.45191357261019005,0.2893523936551017,0.2679434786802579,0.35307990103731635,0.40961598166975705,0.6335837929442859,0.17724924437717776,0.4260990912124999
2452.65303176,0.7260553918086111,0.49534031686660696,0.8987322475040861,0.6027143584332321,0.21594468965902114,0.547935335821149,0.3443496778537767,0.3637948675997047,0.5556248555031659,0.4293696859418514,0.7490072258832654,0.7592438348592697,0.33483238285861666,0.392602197331127,0.5142315082675666,0.6005219950287471,0.3012550038660436,0.4216594838531367,0.38612428020929856,0.4196658085062621,0.42744343730992046,0.47594526488186295,0.3139767578733514,0.26448078821291454,0.3387159276132977,0.38098207002899076,0.5136605525722934,0.17972527978362762,0.4423306331733186
2462.19128285,0.8108661923686227,0.5038796223301141,0.9096044054209699,0.5946014260022696,0.22709535115497154,0.5346652546637455,0.30422720376777823,0.32900465845468113,0.5344980636640695,0.45793871377686274,0.7480135563338901,0.7436454493648098,0.3251893922412425,0.41773526850722065,0.5218669215145757,0.5753305928172247,0.3138975628404037,0.45917085290481013,0.38296626899234043,0.4367090784092914,0.41050260210363376,0.40274687973019696,0.3107550274010627,0.23691981248761004,0.3305690814941186,0.3864534367696227,0.5402189399997412,0.1596291197187034,0.43813161597282735
2471.73357568,0.8261543772812208,0.5105947348285892,0.8598304529589791,0.60268952681229,0.19257084682368603,0.5505112409309175,0.29127496313296464,0.34558986359809374,0.6035325686516688,0.41012723133428625,0.7857600803375371,0.6885814924754025,0.3244221148467899,0.3976161652399928,0.5278030200643609,0.5264633250058572,0.33389204097721664,0.41400899305500866,0.37909670696174025,0.4035466204734489,0.41475422618420943,0.4438170590116736,0.29770357609106324,0.24223714631444312,0.33316393235041797,0.3453090441959825,0.5790455339361006,0.1597065185701351,0.4543236351131858
2481.27988414,0.7704449558513591,0.4819549639770785,0.9095161441946328,0.5787686846795964,0.1939489016813881,0.5015188215611426,0.2618853023995671,0.4000667360744613,0.5356593021421971,0.45756880987301835,0.8066851358641991,0.7192009892649808,0.3293682926865352,0.4283513216034307,0.5072490467407046,0.5281991690359551,0.32077351507178903,0.36729401593416466,0.3641574033217081,0.4250849096259881,0.4164390631648305,0.42232348741405007,0.3104585473354542,0.25542446778344224,0.2842451146340548,0.3721269368136,0.5653600944241104,0.16385739355198456,0.4176415464712943
2490.83018234,0.7115529097011931,0.47442331756411543,0.8065088306509911,0.6104561948696077,0.18778801372676932,0.49907901710279823,0.2400370189910761,0.36921149408747045,0.5669089502350726,0.45356281909443413,0.7155423416644574,0.7570026836178589,0.34998080483379446,0.3884668375154886,0.477887927130881,0.6027419090848413,0.32036001637297645,0.3599845829078698,0.36684328554471657,0.4115284771841046,0.4209665803152272,0.4044097433556211,0.3224006498414918,0.2554390517297052,0.3041880971252619,0.3594599490350922,0.5065636486011841,0.13530822099570824,0.45279349673311425
2500.38444467,0.7278578399552748,0.47484379069925553,0.9123408634168657,0.6020685407236361,0.17631272917516436,0.4953502456924563,0.25620427093812564,0.38644929777948067,0.5301546432978799,0.3939108881361074,0.7874850820195851,0.774545959778801,0.3535855297639444,0.4015454617818756,0.45138736334693236,0.567606054394065,0.33421705134179197,0.3899577364144866,0.35103920597742383,0.437987064183262,0.4216241249790779,0.3606704573988064,0.34433086801559326,0.23351217206673827,0.3018117414183169,0.3481510102261653,0.5090975338639657,0.1389305838496563,0.4621191376601435
2509.94264572,0.7312534486173967,0.49706081697822524,0.8918459572229861,0.5554083661738018,0.1831202511563176,0.4996581944429388,0.25950519068219974,0.38571502921325007,0.5391474049519984,0.4223785286393034,0.7226621620092839,0.7652980549253171,0.3638221988858959,0.3757205011332221,0.4700392927173946,0.6113370485027139,0.3256725284210142,0.4004312106785522,0.3368003343340776,0.3761492873624353,0.39510016610191606,0.3970958717601123,0.3240232800335482,0.21045812802089323,0.2921655882602497,0.33855103552078036,0.4953753246607529,0.14768869535205206,0.3836972380619875
2519.50476033,0.7241796212210957,0.46824360428949746,0.9668530698017886,0.5119379898772958,0.17539393197262604,0.503970465877941,0.24442891505777897,0.3712649077363442,0.5449596756191935,0.420528607699007,0.7996370233247558,0.7359868249071405,0.3510002021279719,0.4488819664565525,0.4513950546012422,0.5897364779276509,0.32147729899107685,0.3699064207498744,0.3708981490345853,0.35311465513905893,0.4083989493132072,0.37452296879589336,0.3166658717872162,0.20881462320681635,0.3074229734426386,0.3605889357380476,0.49832198592056126,0.1372780400814978,0.4293646059528437
2529.07076355,0.7150606548926643,0.497709259077378,0.9354660394968612,0.5020203047402252,0.16286677483470446,0.47297270442147227,0.22368567041171866,0.37034766591246043,0.6058394867823774,0.444763721485275,0.741058941826684,0.7711031133930364,0.3486649157305186,0.3950041640349528,0.4342609836010042,0.5702111753085362,0.34195651798687077,0.36977575220825876,0.36381773869306894,0.3407206964439108,0.4464356895543939,0.37929306949330066,0.30501566032878086,0.22831381304544307,0.3129418814860474,0.3720275192455742,0.49734962784891784,0.1438321385314317,0.42949500667828355
2538.64063068,0.7221401052508614,0.5373603301136023,0.9375389696358807,0.5010636826967105,0.17743530903494278,0.4916113290456666,0.2409536339125516,0.3627418220259883,0.5592832568195057,0.44164186264708266,0.7780001192367848,0.8288874708093947,0.35388991764741523,0.4146076179981152,0.42208635295435015,0.5724610551479488,0.34406211981678414,0.38470903742444984,0.3980180865400465,0.38020414978893247,0.43255024602905856,0.3440262842965834,0.32489627240630264,0.24150682731491194,0.29059865085262676,0.36681344912461045,0.5259709765191825,0.14051445164906884,0.39840694548203787
2548.21433723,0.7549590940625333,0.5487385787039536,,0.531015683392353,0.1614401285393861,,,0.37967383622519413,0.5625521039217648,0.4481939606903056,0.8162136237885917,,0.3658524916626865,0.40602058412463454,0.44961110881434513,0.5544556636883867,,0.38502113723755194,0.3368758676522252,0.4020925663012343,0.3930332252788937,0.35471338058536167,,0.2682958745719794,,0.35881102196403253,0.547771325820233,0.12486685961113461,0.3996124349838179
2557.79185893,0.7270737238866655,0.5559972833005072,,0.4899550915236634,0.16206756311263398,,,0.3866372603315116,0.5173499717285215,0.38152099550047563,0.6923731659194283,,0.3233346426225382,0.3853306972583226,0.45134350404972934,0.5713342264872906,,0.42791258202194765,0.32460675235499775,0.38153144898959845,0.4117206596044721,0.35999395783988763,,0.25643528373371255,,0.37728354289483235,0.5150491280704483,0.13322169602905204,0.40184806394530626
2567.37317174,0.7876741848594142,0.5433426262636836,,0.5189406673939596,0.15406273131140638,,,0.3940413076912606,0.5661027472143286,0.4446878469935694,0.7650699631172502,,0.3231631023934579,0.36941330827929036,0.405687170695349,0.5642411183116645,,0.4377722116804627,0.37528450519128587,0.3887988054208147,0.42551168989220073,0.3849865768524442,,0.2359518942413477,,0.37481305745809035,0.5019812350748755,0.13589066883018341,0.3954961980852486
2576.95825182,0.877804970898746,0.5842021352725519,,0.5491971828672778,0.14823052866226413,,,0.4233719778745813,0.5303785798587661,0.4267485124533012,0.824328024494328,,0.34462080084076374,0.40048943478314375,0.393772893149929,0.5879856248587179,,0.41694275223345356,0.3506316475983026,0.37275033855836087,0.4278567990005438,0.3489052052747462,,0.24068357125888762,,0.3363196105008684,0.4801734844570005,0.12592244335015462,0.3922939336686296
2586.54707556,0.8061317791728054,0.6187431205867607,,0.5326142237757183,0.14530096490418745,,,0.3394494872662245,0.5422794071889309,0.3725977232329673,0.7946526964474732,,0.33789473381010093,0.38638108773326724,0.4101146162852471,0.5547651307226822,,,0.3802799272898007,0.3758837127875557,0.4054517562853658,0.3182971605058623,,0.28505407562269885,,0.3460982632406591,0.4612616315976722,0.11523346881828367,0.3599400356946282
2596.13961955,0.8118723131706301,0.5649112577213041,,0.5098185225544374,0.1541607363360442,,,0.382506553250396,0.5784232545097548,0.4422363856868185,0.8553866416461421,,0.3592001386912768,0.39637486393820714,0.37395150003376987,0.5811793149275353,,,0.39471883753838466,0.33767824635222354,0.3778085543588719,0.3578273457377578,,0.2565487794763297,,0.339511891128475,0.46156530413930275,0.12376366997608876,0.41644063927844677
2605.7358606,0.8872096003083226,0.542709774266142,,0.5132036518480311,0.14013641019047532,,,0.4111379259203912,0.551951115710045,0.3867875319673593,0.7467442966746162,,0.32053196549609936,0.41553831633156535,0.3915213032739959,0.5806904486478857,,,0.3287032014202508,0.4027229523521786,0.37795464502566,0.3781920364103777,,0.2960340178486904,,0.34654732301622493,0.4435770600654416,0.11852100830743499,0.41004126690443643
2615.33577571,0.7217800684058754,0.5658445505838564,,0.4838681009014006,0.14410955740099773,,,0.4215931602294608,0.6155725115045837,0.4284071585031824,0.8164635288336464,,0.32891418036220715,0.4039637691424263,0.4046743316016293,0.5549353268571824,,,0.3372107413117347,0.36902926866578745,0.3594775303241371,0.33998040329430845,,0.288491872726041,,0.33910860607792914,0.4745756480245892,0.11434675913341551,0.363877102922648
2624.93934211,0.8966178122564931,0.5205339672354615,,0.5295790799324002,0.13791508495793778,,,0.40959143336650466,0.6097945637698663,0.39660979154388953,0.8036593560915712,,0.3672750346166513,0.4107147499198679,0.3491078590458299,0.5065564291612603,,,0.3179609790252267,0.3284353584074851,0.3401730087106537,0.32642320832250904,,0.29782084319004815,,0.348803926888137,0.47918593212693167,0.11199453057693201,0.343002279708723
2634.5465372,0.8127970642306039,0.5062026849745707,,0.5302803780451234,0.13551407161080214,,,0.4025843024410284,0.5752955779151782,0.40406643219139643,0.7775547392911261,,0.37517346941538315,0.4043792945685667,0.34221698893542685,0.5374351780444986,,,0.3409369299020609,0.3102864112934035,0.3514904602908451,0.33943786012521376,,0.30386928210784775,,0.3118847465179014,0.4206893924480934,0.08756663500267295,0.3740632538554107
2644.1573386,0.8490990990401469,0.5184509990274427,,0.4823552444641948,0.11352650182640243,,,0.4497019463471839,0.5709990902505337,0.4173711042640069,0.7336366908874725,,0.35170426645070046,0.365587747333117,0.35770374272279043,0.47970940343032786,,,0.318886720010303,0.35041997035626693,0.37336473978012785,0.2984763154197722,,0.3261174227397992,,0.328962340071496,0.403858595086948,0.10747384721588692,0.3406980453310104
2653.77172414,0.8443340717776303,0.42262632030798997,,0.5283674478981631,0.11596717255105395,,,0.43934532023636513,0.5598733089720747,0.40028204247318055,0.7903579549331866,,0.37564498193009693,0.4281589086727431,0.29085673019903907,0.48810056424526266,,,0.2766164830976651,0.3281868357192778,0.32942572092662775,0.312981566310988,,0.28957727927572663,,0.3727231250446056,0.4388890524144076,0.11191281829403837,0.34116851701226475
2663.3896718,0.9085132836860009,0.4383776960024609,,0.5254669792791826,0.09509024702202289,,,0.43803772539747876,0.578304146095967,0.3491774915602451,0.9212474876509451,,0.371156593098379,0.42839217111582806,0.2712884154916787,0.5507397610957274,,,0.29489603198068126,0.30824187853357726,0.30195180661306203,0.2852106349311219,,0.2760311326108376,,0.24828039157256454,0.3861370596279993,0.1023744449374307,0.312406999264339
2673.0111598,0.7788655518776925,0.4363809968076397,,0.4811236273922956,0.10730343494192104,,,0.3844355610303901,0.6108812789955019,0.4290393473957035,1.0,,0.39307328044304396,0.27740001819813903,0.18051899826823892,0.5523251570136096,,,0.3304777460382057,0.39164468204869224,0.3577398410586403,0.24405365512394275,,0.17107539154494383,,0.2796775352774518,0.5787295929091938,0.10007544037376007,0.35101920383411533
2682.63616654,,,,,,,,,,,,,,,,,,,,,,,,,,,,,
2692.26467058,,,,,,,,,,,,,,,,,,,,,,,,,,,,,
2701.8966507,,,,,,,,,,,,,,,,,,,,,,,,,,,,,
2711.53208585,,,,,,,,,,,,,,,,,,,,,,,,,,,,,
2721.17095516,,,,,,,,,,,,,,,,,,,,,,,,,,,,,
2730.81323795,0.6549623013499615,0.2871707452506556,,0.5156272640139365,0.04277363942314754,,,0.38875957233593994,0.3840665820914863,0.4985930178367226,0.7298057122901668,,0.25423495167006316,0.1815536604078126,0.056164706872760504,0.24567621727879901,,,0.05139378080424363,0.10281217763061315,0.12005800852148917,0.10704059522897787,,0.16393929853535347,,0.1846465257070701,0.45961147524889134,0.05272809491623698,0.11535733529305908
2740.45891371,,,,,,,,,,,,,,,,,,,,,,,,,,,,,
2750.10796212,,,,,,,,,,,,,,,,,,,,,,,,,,,,,
2759.76036301,,,,,,,,,,,,,,,,,,,,,,,,,,,,,
2769.4160964,,,,,,,,,,,,,,,,,,,,,,,,,,,,,
2779.07514249,,,,,,,,,,,,,,,,,,,,,,,,,,,,,
2788.73748162,,,,,,,,,,,,,,,,,,,,,,,,,,,,,
2798.40309433,,,,,,,,,,,,,,,,,,,,,,,,,,,,,
2808.07196129,0.7767602459662862,0.14510620506782226,,0.2954029393459565,0.02296074991263453,,,0.30497908285960196,0.4780951876041584,0.28937453067408386,0.9282210744804733,,0.18573725618259518,0.08815740960505067,0.19475579524521414,0.15490956742348597,,,0.09129533336603012,0.16185135437346893,0.09606221602317334,0.11424180090111137,,0.04241052015220057,,0.0547965060960416,0.1713674705603586,0.022757650527066995,0.035022409501804186
2817.74406337,0.6917871838575517,0.14324091253027085,,0.2549452012286688,0.02692296612384873,,,0.40449134422139804,0.49916564408639763,0.3091958077365419,0.6266368692724725,,0.4534804916286187,0.08603012849297827,0.17185101340089895,0.3043721188766706,,,0.09636113263271233,0.17658471085893365,0.09392761066555891,0.08977145605468562,,0.04559890483272606,,0.06208906799141734,0.23027320079168354,0.01839763084853173,0.03581417883008518
2827.41938157,0.7364107064916366,0.10728515963374897,,0.1829905065437384,0.03003989588827778,,,0.3667558267925609,0.42714239043829577,0.34168571516419677,0.8684221630263534,,0.3452402401081487,0.07335264439260553,0.1725340982326062,0.21112368184640554,,,0.08227362538649646,0.1686364665879081,0.09799381096284071,0.11868813215740052,,0.037562306825820076,,0.05256480375949826,0.19832797029188054,0.018962050577587423,0.0353465095719045
2837.09789707,0.7260443249113476,0.1321120383574645,,0.18547774750508603,0.02501520459348263,,,0.4981549154044454,0.4744233109141812,0.2902546945866426,0.6979986998751009,,0.3433678864624464,0.10023074485186324,0.1928117353365609,0.2670507965099521,,,0.08415647442399074,0.13443262808038633,0.11557936045435713,0.10693075680314512,,0.041536406909830875,,0.059904876631340524,0.15213360085551786,0.018830440543444186,0.0231183802107817
2846.7795912,0.5718635894936357,0.12599036785527254,,0.16205127855218512,0.030432751750769798,,,0.45480428520839994,0.4866714481999614,0.3178504637755695,0.9043260756092791,,0.33948454953672325,0.08746531418283814,0.2219609552372598,0.29915383943550466,,,0.09169563024468637,0.196518595765063,0.1206725013028378,0.12377163460344193,,0.04866635509022966,,0.048871698489456106,0.1799383587549262,0.016205782477169656,0.03756971271815025
2856.46444545,0.6921670925573222,0.10162630985575445,,0.13103205929190576,0.029296821319426642,,,0.4129416062871159,0.43764228797413396,0.32680022054444074,0.7280187228509234,,0.3405522308095562,0.09392545601296219,0.224462531561731,0.3206136158116662,,,0.08854779292873634,0.16263615902544717,0.1049898857015793,0.10087588198023494,,0.06034422798366843,,0.051585210833200765,0.1495988357760584,0.015738283104986168,0.03216151952807671
2866.15244146,0.7288677580664481,0.09891533781998535,,0.10760882774290918,0.02938531679634361,,,0.4217869344488982,0.5388936545243294,0.27766591403401836,0.7370072021576749,,0.3322489730849324,0.09636545368568292,0.21939557527147402,0.325270592706778,,,0.0894938919347768,0.2051719445667009,0.1236258852427699,0.11115306623684872,,0.06715977723013311,,0.045001220322972456,0.13634823264254808,0.015482722977468858,0.02918574866284891
2875.84356103,0.7141992599452823,0.08830641449010072,,0.11096408181986556,0.027764786975264768,,,0.4914510795818793,0.3851443099872776,0.2676845691944836,0.7849948729161932,,0.33637975506018425,0.08161157132386321,0.2307997635740049,0.3033263070656151,,,0.08442073973616772,0.21284189277819998,0.11349624436372464,0.11361820851706322,,0.07365461226648756,,0.05056378670452504,0.09833830973804693,0.01349561026597948,0.02965676551465101
2885.5377861,0.6630937133196434,0.0929935294251148,,0.12433885374871588,0.0235560499804891,,,0.4531268490870696,0.4198077187486285,0.30435430277086223,0.670430318894339,,0.38517579953820347,0.07936130052291654,0.25689542122367615,0.33878958207949594,,,0.10551654187477415,0.2154676711413979,0.12527756089380224,0.10707115385355717,,0.058789373684874094,,0.053337594583826614,0.092385155448461,0.013470893999803543,0.03158431808828716
2895.23509877,0.639482055900902,0.07690070313281466,,0.1277192751529287,0.02638354310733561,,,0.42118791103310876,0.40960802288259146,0.3176854387324135,0.7524954062750979,,0.31635946988566893,0.08984460774360752,0.20456145609741413,0.30333296488477146,,,0.1011393497712079,0.16758174950874727,0.12130028810560871,0.12302086977560171,,0.05920607072880847,,0.05746686558487922,0.0855769987032116,0.012473500673484685,0.030293918510460417
2904.9354813,0.6226250883005536,0.0767621243729869,,0.17662660667358798,0.02727696443776159,,,0.40288745056397385,0.4824067463316036,0.26734630793394504,0.6891333688810022,,0.3209975109186685,0.08997897638098107,0.21564972588646913,0.30995711866607195,,,0.09180678610198095,0.19806063997005105,0.12857119186265728,0.13376260228606995,,0.0482157890566665,,0.056961841529980885,0.0771442575742993,0.012363278203677228,0.026471738614255468
2914.63891606,0.6656016159730895,0.06896817892944541,,0.1910743004224187,0.024826455615996352,,,0.36295213009305644,0.4563364666203172,0.30725853368150646,0.773663704560959,,0.30528753394117425,0.07402947854465626,0.2390564909264577,0.33318355358394947,,,0.09241141389433984,0.22244243969802185,0.13346916384528804,0.1198576216710078,,0.04742057051357726,,0.060199420616558086,0.06199520816118152,0.011875465754891122,0.03565535884792512
2924.3453856,0.7208330497316638,0.06931896064113294,,0.20939777683846064,0.024179269213568343,,,0.4498357617899628,0.4253673564417109,0.2890994208542813,0.7637898588875641,,0.3061145613231109,0.0936392447737408,0.2622202444366635,0.3579466394270217,,,0.12100621056627528,0.21352927267340346,0.12544331996504496,0.10583482190777393,,0.04531154396812815,,0.0585744878355253,0.06299516709872684,0.011537505674903113,0.03174312491323951
2934.05487259,0.577001434007139,0.057319542478284705,,0.21117933885766868,0.02345850277646995,,,0.42478285289132117,0.4734696157584327,0.2923354947662603,0.7489506336797814,,0.34969389391606953,0.08253573950605353,0.2587319058587195,0.3207727464109564,,,0.11862843896883404,0.1948179913264369,0.15425298041599544,0.10389979076696099,,0.041617021782567896,,0.05972875743101684,0.06089960282431438,0.012000004021246617,0.03511951842594637
2943.76735987,0.6338807703597402,0.06793821424037826,,0.22694534154232524,0.024002370631348063,,,0.49970531866306217,0.4400631511571916,0.316323737388681,0.7996240454452376,,0.33925393312012475,0.09043075011995652,0.2893132466116842,0.3072550987141514,,,0.11605761836372899,0.21392534962540913,0.11506359784890136,0.11035170396701453,,0.045746133100020465,,0.058057963267632504,0.05606899088790866,0.012262355173280014,0.032003969797405205
2953.48283039,0.6092332738950297,0.05562340917771041,,0.2259183572746213,0.026517990687523557,,,0.45945700826685393,0.5324088657594005,0.29756651547232965,0.7426960016787076,,0.32905331162282075,0.0927983773342883,0.22070158460149214,0.35724577498757637,,,0.10383875091069338,0.22364293298782295,0.13098998581445495,0.11216044639553875,,0.04821740306475501,,0.06139428006711236,0.05636633262176769,0.011899436310294675,0.038342099390171865
2963.20126726,0.6977223396975286,0.05803527826150447,,0.21056284258527108,0.026277374221625124,,,0.4308464094765832,0.433251621126882,0.27610481260931163,0.6185807599391974,,0.31771265761307005,0.08629419523581573,0.23842004533548655,0.30104852447318703,,,0.11631261566933841,0.1990754905210304,0.1395309340826364,0.11066901972770535,,0.042471308434707394,,0.06393708182004008,0.053694799003472064,0.01224662612551907,0.03649185718809248
2972.92265372,0.6322725761039371,0.05575702123296527,,0.24282906007655725,0.028989444268333248,,,0.4400605758625179,0.4854157115601194,0.2933778782370009,0.6922336499304921,,0.3241550920765239,0.09058920677835043,0.27975837955369104,0.3774349445563618,,,0.11223326800550651,0.2587853611682191,0.1291653927038818,0.10441576709150154,,0.04171855515557581,,0.06599032211516594,0.051117713914232116,0.011247511167462148,0.03876633756294047
2982.64697313,0.6345636751726,0.05303140430866374,,0.21622090013673545,0.026320425510103385,,,0.43919701259910726,0.41604010765021365,0.2881568368923641,0.6791712395448075,,0.3082308104474457,0.08551925885729511,0.3563029354222782,0.3096078660395333,,,0.12089475294914068,0.24715131775133325,0.12518827132630364,0.12183416999510048,,0.04191385531143861,,0.06755719898490771,0.05880132845613024,0.010912700125084123,0.03549867361924618
2992.37420903,0.645302364790753,0.052640209332571485,,0.265201245871192,0.02612437215513578,,,0.4139626012321596,0.4680662453087912,0.28673042091632917,0.7663109879969204,,0.3191793243365806,0.09716182540202156,0.30310011645333673,0.35112020112144504,,,0.1250621140092099,0.23867893811882163,0.1346039555451617,0.11484560590148561,,0.03740197746258547,,0.07382751792825715,0.06361148360588118,0.012462324543727218,0.04354909979780001
3002.10434504,0.6760800819028453,0.0609838388672095,,0.23785001174556153,0.02765913168751601,,,0.4354983555618968,0.435061584282287,0.3185001957374517,0.7179017242486226,,0.33243971704181163,0.09964631689838804,0.2570924463903665,0.3591725992417018,,,0.12291078055045727,0.2257364638488782,0.13456287063072198,0.12408566174898081,,0.04346272090224667,,0.06819741673342536,0.06246302267264791,0.01280343933946091,0.04356332536980526
3011.83736494,0.6330398067141924,0.055470121300001674,,0.240335186271428,0.024889245999348525,,,0.4848026949970022,0.4065809314411699,0.2779968141143897,0.6928635496222737,,0.30553356876862253,0.11880081039403446,0.30629412550093293,0.3563391665930491,,,0.11888514480698054,0.23605014136859104,0.1185618014593734,0.1464778539810047,,0.045187913071273234,,0.08111914721589651,0.06680319796338176,0.012328111799699051,0.04724192849711784
3021.57325265,0.4997695214883838,0.05975608488250911,,0.2222157121596471,0.028950344041677973,,,0.4288088014268234,0.38092799114261333,0.27460559027023207,0.6824412044574373,,0.3256314061438322,0.13812208201713116,0.3352045022562498,0.3429727788343333,,,0.14313480386573565,0.232371743865573,0.16228472238649297,0.10826461938596851,,0.04844176276863195,,0.07598250994901513,0.08221507237755898,0.013596398047734302,0.04259303062063714
3031.3119922,0.6744367131667565,0.055664407038129596,,0.25234850076038456,0.02877650437012616,,,0.3956157744933919,0.4417070307361634,0.29759965956145396,0.7077533345796688,,0.2890569287046097,0.13174521006392043,0.3492042051273488,0.3392741104375868,,,0.14083252511531938,0.22854057565881813,0.15720696877546003,0.12827432716461165,,0.04873656589528486,,0.07312469841784805,0.07672638920775662,0.013237813905042403,0.044539399196294176
3041.05356775,0.6664115594961495,0.05690569830356966,,0.3127863000117183,0.024858965519137348,,,0.39969295291140594,0.4859707573170519,0.3062271073316447,0.7497394567002732,,0.2932959642929005,0.14272199221520457,0.34213185596610207,0.29590569366539876,,,0.14672730042424462,0.25289634101353226,0.12207966119295181,0.13224108760115796,,0.0442872632374255,,0.08260910753019211,0.06788288326436369,0.015026474018376425,0.05617411115603611
3050.79796359,0.630427917016065,0.06241259997562302,,0.2929988495856506,0.02762771945988152,,,0.4467341935949116,0.4534907664062501,0.2887722847472548,0.7757841860112406,,0.3285758389593237,0.1551905118208759,0.32884913616360695,0.3195975029110073,,,0.15593680117369918,0.2744781325276056,0.12120179312528641,0.13427644319654047,,0.04487557309565092,,0.08311530493513414,0.06625280549542654,0.012378059608483252,0.04523454108962932
3060.54516415,0.5834888840217816,0.06475725117178381,,0.2726452741954261,0.026711407383016552,,,0.44782498323822817,0.4020486621036514,0.2635470789215899,0.7273835790691596,,0.31313332277232214,0.16205260980430203,0.3576527155828754,0.36101122591748364,,,0.15835604054991792,0.2518757664238246,0.13054623399983312,0.13589415128088272,,0.049926986779319726,,0.0858975815916744,0.07539752338256915,0.011697518945003559,0.050188978396653726
3070.29515395,0.6512484511345753,0.059556696809625255,,0.28508774873051107,0.02782452946974179,,,0.4417134958411366,0.5026678909285125,0.2940871438048867,0.6994083694808223,,0.3392457102069052,0.15670048519743418,0.3754357843601893,0.3612613210857758,,,0.16759510993221427,0.25015674318499864,0.14501785100983303,0.141337168206731,,0.04543166155586682,,0.094815245218045,0.07675559485899039,0.012072385460942301,0.057040820406512246
3080.04791767,0.6479584219973461,0.05354851695752709,,0.30118934246269563,0.02997341842833424,,,0.4048851678282493,0.4674629892763449,0.3481190325844245,0.7267075157528766,,0.307156618003324,0.14973358260241681,0.3327956215240542,0.31639435215884076,,,0.16140595970037486,0.2654391530618876,0.15098287854805797,0.1279711112647058,,0.044465966745667884,,0.08609000787713444,0.0790828042630991,0.012386056708585363,0.05466046910667969
3089.80344009,0.5990625606017778,0.07030686962027215,,0.2819274765651547,0.0260107665230425,,,0.4582938321509664,0.48069088065669086,0.30489162527200836,0.6530964139659405,,0.3530318448185746,0.17145228447178823,0.34877086521959266,0.35694525440856584,,,0.15799168955372386,0.28197016555700033,0.14738042805742407,0.14292981861370105,,0.05230395347041447,,0.08718253043719483,0.088996300509486,0.013643139389777563,0.059248511016294414
3099.5617061,0.6053371956360963,0.05638340792701694,,0.31110845765718687,0.02552531679313164,,,0.4452975100324117,0.46861951967648996,0.25179823221892084,0.6966839088873614,,0.3371074968864315,0.18661493544084407,0.35225765384780733,0.3567948393180792,,,0.14913818977530105,0.2575168586321555,0.16646403052285408,0.13943597006763497,,0.05216681285112121,,0.10317554828220077,0.0859444080117276,0.010975424884438619,0.057248222990605516
